window,stage,step,t0,t1,total,physics,res_S,res_E,res_I,endpoint_physics,bound,orig_mse_S,orig_mse_E,orig_mse_I
0,adam,0,0.0,250.0,1.726344646722693,1.2947584849742924,0.10025666883375696,0.19450181614053544,1.0,0.43158616165809754,0.0,1.299170513584679e-12,8.066690521886117e-12,8.999999999999995e-12
0,adam,24,0.0,250.0,0.3454677962867402,0.1568662088150111,0.01750452304920977,0.030994270734868996,0.10836741503093233,0.18860158737961286,0.0,5.652570047657504e-12,9.033795477844393e-13,1.260850523366383e-12
0,adam,49,0.0,250.0,0.2807839360493956,0.10566661019807064,0.0012710099813609901,0.028478297947659,0.07591730226905065,0.17511732575885186,0.0,1.9353850348194118e-13,7.22240078649454e-13,8.683838126408531e-13
0,adam,74,0.0,250.0,0.23396091135242186,0.07618057818939986,0.0006109882592517775,0.019137365291341173,0.05643222463880691,0.15778033306883,0.0,3.6642041857353074e-13,5.435723400266722e-13,6.865304526018497e-13
0,adam,99,0.0,250.0,0.18929635773115652,0.05669574203691729,0.002965780956494747,0.024649890365440522,0.02908007071498202,0.1326006155971885,0.0,7.507293132100283e-13,4.977581843074716e-13,3.8139903361334197e-13
0,adam,124,0.0,250.0,0.14708078159135027,0.039103693621064396,0.0007679575540254295,0.011924117934079036,0.02641161813295993,0.10797708787217786,0.0,2.689227966510247e-13,3.156649440397857e-13,5.126803939179252e-13
0,adam,149,0.0,250.0,0.12159985044120206,0.032115196197080746,0.001998318275502222,0.014926066269850484,0.015190811651728042,0.08948465414469292,0.0,8.264236845756188e-13,3.351303691856082e-13,2.9117207882429916e-13
0,adam,174,0.0,250.0,0.11246359114151534,0.02910923283906286,0.002551203998543333,0.013819542826235359,0.01273848601428417,0.08335435820276099,0.0,8.458546706330432e-13,3.4524132288216435e-13,2.469627849947866e-13
0,adam,199,0.0,250.0,0.10533930128043997,0.0322100173950738,0.0032682946504642364,0.011376554332404894,0.017565168412204672,0.0731292837848753,0.0,1.1017936714903617e-12,3.2904997101097974e-13,6.301209277190919e-13
0,adam,224,0.0,250.0,0.09527891534608471,0.028756883732348734,0.0036414049012026928,0.009597497741592373,0.01551798108955367,0.0665220315124639,0.0,1.2140942298634695e-12,2.914938305332667e-13,6.086225152626954e-13
0,adam,249,0.0,250.0,0.08443824955035895,0.021736440744607906,0.0032198617585105778,0.007137776448754744,0.011378802537342582,0.06270180870396251,0.0,9.481877623139774e-13,2.2464337884468295e-13,4.027772438360558e-13
0,adam,274,0.0,250.0,0.09401915783165293,0.0308827136471549,0.003163285599320226,0.01874195549650691,0.008977472551327765,0.06313644408154152,0.0,1.0060896667545724e-12,6.036798433594328e-13,3.535836137035646e-13
0,adam,299,0.0,250.0,0.08818816193062282,0.03253682478255523,0.0024872791494479057,0.012122476034613344,0.017927069598493977,0.05565133704429471,0.0,1.1143704759024867e-12,5.16635112188396e-13,1.0038266304704383e-12
0,adam,324,0.0,250.0,0.1589138337298129,0.06875664449529315,0.0016698797747174315,0.05589570592407528,0.011191058796500444,0.0901571891307218,0.0,1.0180847861376838e-12,1.857441636551106e-12,1.019029387382847e-12
0,adam,349,0.0,250.0,0.08829723463814253,0.023138221092380493,0.0008343761431062557,0.014715994031152778,0.007587850918121459,0.06515901344207568,0.0,2.18714406477126e-13,5.220575194156378e-13,2.3945625829983856e-13
0,adam,374,0.0,250.0,0.07038013543535768,0.01837939437404243,0.0008727438802082647,0.007031274595640015,0.010475375898194151,0.05200074095695026,0.0,3.015545060058533e-13,2.6872973523775807e-13,5.188311002749497e-13
0,adam,399,0.0,250.0,0.05530127802536332,0.014804201386164912,0.0009052303613305937,0.006963451957609754,0.006935519067224564,0.0404970765329925,0.0,2.740939677551503e-13,2.350843857996694e-13,3.201092610527036e-13
0,adam,424,0.0,250.0,0.07243259130174452,0.033087171481054146,0.0007547913159204022,0.013434473537406157,0.018897906627727588,0.03934541971258651,0.0,6.414408779392931e-13,6.549807069110677e-13,1.299629775319019e-12
0,adam,449,0.0,250.0,0.05778578667466344,0.028407737379680772,0.0006046634604035909,0.011982731647306002,0.01582034227197118,0.02937804918556318,0.0,4.224455542747892e-13,5.673945788311522e-13,1.0419958594513015e-12
0,adam,474,0.0,250.0,0.17068384591324914,0.09670659804875413,0.0009613607976888239,0.08502681913198065,0.01071841811908465,0.07397724775534958,0.0,1.4091090989537536e-12,2.6942514972503743e-12,1.6799151979252772e-12
0,adam,499,0.0,250.0,0.07835637082319058,0.029379610644160045,0.00044953286387457625,0.023040318336012326,0.005889759444273144,0.04897676007035298,0.0,3.3566517999880856e-13,7.729202250297411e-13,4.576596413188607e-13
0,adam,524,0.0,250.0,0.10397934626336351,0.05171991140825481,0.0006301478642803195,0.02249470397780637,0.02859505956616813,0.052259434746541426,0.0,7.570227856483137e-13,1.0953427839194276e-12,1.5424845638626045e-12
0,adam,549,0.0,250.0,0.07569765410722684,0.033008544431990194,0.0005525745690852365,0.014659259157198836,0.017796710705706126,0.04268910956645631,0.0,5.933986945083056e-13,6.725724494495196e-13,1.0246590757431764e-12
0,adam,574,0.0,250.0,0.07626642779342328,0.029362831338312998,0.000490648339879421,0.023009151503584534,0.005863031494849045,0.04690359634603517,0.0,5.595012506237321e-13,7.613551782270408e-13,4.728154033463767e-13
0,adam,599,0.0,250.0,0.05782799962035692,0.018731476533706617,0.00039092898449313016,0.013650723934287012,0.004689823614926476,0.03909652297716625,0.0,2.8950066894848085e-13,4.577641392990179e-13,2.753264833674508e-13
0,adam,624,0.0,250.0,0.07647460032948587,0.037227039607749486,0.0006715272772402179,0.01660200125972553,0.019953511070783737,0.03924756061176115,0.0,7.323639883175112e-13,7.710893081949509e-13,1.1075223108331184e-12
0,adam,649,0.0,250.0,0.06636103408204762,0.02979281746191171,0.0006094689650837005,0.013292644640763475,0.015890703856064534,0.03656821650967436,0.0,6.040451930531619e-13,6.218677409097426e-13,9.231524280610377e-13
0,adam,674,0.0,250.0,0.05410360511440265,0.019659315495822893,0.0005545254044251759,0.01451728009583188,0.004587509995565838,0.03444428950763936,0.0,5.707531170237701e-13,4.913675012695837e-13,3.241402065463107e-13
0,adam,699,0.0,250.0,0.04552220041964079,0.016184929067142452,0.0005022558927640609,0.01180324740522579,0.0038794257691526024,0.029337271241033396,0.0,4.2289011646435527e-13,3.8882382583044237e-13,2.1920072903491688e-13
0,adam,724,0.0,250.0,0.0605081438919482,0.032066788509786524,0.0008545489505703957,0.014588126137973088,0.016624113421243043,0.028441355270197394,0.0,1.0180799452374226e-12,6.92239169750553e-13,9.384541283882589e-13
0,adam,749,0.0,250.0,0.05018610338719937,0.018575728103956704,0.0004980921034628856,0.007799538416097738,0.01027809758439608,0.031610375170907604,0.0,3.089852102241428e-13,3.645220981184187e-13,6.55691054766449e-13
0,adam,774,0.0,250.0,0.05690020312467559,0.017531422510128097,0.00040103034939004557,0.012064310664178492,0.005066081496559561,0.03936878050207424,0.0,2.398512629253998e-13,4.230138652082208e-13,4.978998593029518e-13
0,adam,799,0.0,250.0,0.045534102073432156,0.01655851041264394,0.00041161106366384057,0.012103187997192242,0.004043711351787857,0.02897559154810292,0.0,3.8957800272234924e-13,4.3144707343194e-13,3.1355461990210513e-13
0,adam,824,0.0,250.0,0.05576104764881584,0.025822271527839766,0.0005210724502628355,0.01187334991790985,0.013427849159667079,0.02993877600780112,0.0,4.995665622883777e-13,6.097969042135485e-13,8.772023491539683e-13
0,adam,849,0.0,250.0,0.04891852672094966,0.02552206677882547,0.0006437718631932535,0.011977488893374707,0.012900806022257507,0.02339645982850715,0.0,7.535871548604936e-13,6.157865846594262e-13,8.162469056576584e-13
0,adam,874,0.0,250.0,0.05088313343585084,0.02535807186849633,0.0006163249303128797,0.020117736575857612,0.0046240103623258364,0.025525061453366697,0.0,8.255167712851318e-13,7.092041723337421e-13,4.945559124888953e-13
0,adam,899,0.0,250.0,0.04330769976044595,0.02274487272808074,0.0006379910486152341,0.01794647594876173,0.0041604057307037794,0.0205628269180993,0.0,8.34250025886515e-13,6.145147475187783e-13,3.632030224578035e-13
0,adam,924,0.0,250.0,0.048101609278772876,0.032044731330052666,0.0012241939216514456,0.023148301239701203,0.007672236168700017,0.01605687783440214,0.0,1.7770533178331885e-12,7.471055173278048e-13,6.596484367500448e-13
0,adam,949,0.0,250.0,0.03321725592567791,0.012217855443612409,0.0008461513329940784,0.008607392599267025,0.0027643115113513052,0.020999400368455764,0.0,6.995105366485812e-13,2.2813687824372096e-13,1.3424860379917707e-13
0,adam,974,0.0,250.0,0.04160528210270285,0.02040732281480711,0.00047126852362794884,0.00974073668264679,0.01019531760853237,0.021197959173917456,0.0,4.307798080210553e-13,5.390881481398411e-13,7.077341863403677e-13
0,adam,999,0.0,250.0,0.016701980805710566,0.004916510622919845,0.0002453279294119639,0.001765281703332605,0.0029059009901752754,0.011785470067906478,0.0,5.467043726700589e-14,5.94189021645265e-14,1.0657105512139475e-13
0,adam,1024,0.0,250.0,0.01250813905428225,0.004829642453000562,0.00025494502673861715,0.0009615559255576099,0.0036131415007043346,0.007678496485242845,0.0,5.765085601228603e-14,3.438179954778186e-14,1.5433988034302217e-13
0,adam,1049,0.0,250.0,0.00997996025287729,0.004543418472611919,0.0002724182006263151,0.0007810438084626831,0.003489956463522921,0.005436541663139786,0.0,9.143178307284606e-14,3.01614202756914e-14,1.5429893777953936e-13
0,adam,1074,0.0,250.0,0.02007622163087283,0.012059676366453716,0.0003727209557799956,0.005016522684833921,0.0066704327258398,0.008016545146529813,0.0,3.0852182297140314e-13,2.9247375228633813e-13,4.908132462197709e-13
0,adam,1099,0.0,250.0,0.15496186467112608,0.11325695164286012,0.016496796261410516,0.06161071983392237,0.03514943554752724,0.04170491291026512,0.0,1.2197267655122626e-11,2.268129958873109e-12,2.3337772613895733e-12
0,adam,1124,0.0,250.0,0.027255011904361272,0.01164420858380655,0.000771687319005409,0.007835324166942522,0.0030371970978586194,0.015610803204167495,0.0,9.192611562470763e-13,3.337061493511028e-13,2.2264242255678921e-13
0,adam,1149,0.0,250.0,0.011834103117050526,0.0053593927516992265,0.00035418524979330797,0.001707904531662122,0.003297302970243796,0.006474710248811406,0.0,2.5088387481052687e-13,4.8512385799776367e-14,1.136392388772975e-13
0,adam,1174,0.0,250.0,0.008411205603250732,0.0036899593424912333,0.00024481071369400345,0.0004877075536762151,0.0029574410751210148,0.004721246143289951,0.0,1.2204760086716465e-13,1.797893619162149e-14,1.1799507817050383e-13
0,adam,1199,0.0,250.0,0.018224214055552895,0.011081383123149194,0.0003910058872657417,0.004635871931319684,0.006054505304563768,0.00714283081420757,0.0,4.63954317937623e-13,2.8980641006922047e-13,4.769282673932773e-13
0,adam,1224,0.0,250.0,0.06682419179478441,0.04509598262636015,0.00042779337515777257,0.021256543009922135,0.02341164624128024,0.021728209049778586,0.0,5.37502197722338e-13,1.6814479020435227e-12,1.8617548497410595e-12
0,adam,1249,0.0,250.0,0.056991678803094505,0.03413083547487595,0.0006767673168370571,0.0161871679292509,0.01726690022878799,0.022860843210003607,0.0,7.710124829592521e-13,1.2588038340139687e-12,1.5571949725923406e-12
0,adam,1274,0.0,250.0,0.07511842772737973,0.053926850590065786,0.0006916578138018928,0.025536737688169612,0.02769845508809428,0.02119157701955533,0.0,1.100280582212151e-12,1.9433203662323706e-12,2.0537097057147747e-12
0,adam,1299,0.0,250.0,0.020555307695159033,0.009259054407431251,0.00043915336402142044,0.0038814134062608824,0.004938487637148948,0.01129625317066659,0.0,4.4918781851136736e-13,1.6273698054414538e-13,3.1156170896134827e-13
0,adam,1324,0.0,250.0,0.011343655627199679,0.004598577170457755,0.00021257119210539775,0.001336572644003272,0.003049433334349085,0.006745078339446067,0.0,1.5434010330769997e-13,5.176729375321709e-14,1.1752798187514134e-13
0,adam,1349,0.0,250.0,0.008558463437215664,0.00400184125641107,0.0001466354142165259,0.0008799390102731473,0.002975266831921397,0.004556622062737155,0.0,4.224864479479323e-14,4.78674313431208e-14,1.5809656848614599e-13
0,adam,1374,0.0,250.0,0.01927094619202358,0.011898269682934948,0.0002234949554490481,0.0055062367074994786,0.00616853801998642,0.007372676390385392,0.0,2.0005087048892077e-13,4.1198157473826466e-13,5.774093239230603e-13
0,adam,1399,0.0,250.0,0.7990861084820015,0.4800495176761036,0.003955714334394176,0.44832372404479914,0.02777007929691027,0.3190365906867987,0.0,8.847090605208819e-12,1.6129687390237576e-11,1.6001725161051788e-11
0,lbfgs,1400,0.0,250.0,2.36429837214205,1.4460337419355618,0.010899714223842335,1.393662246712264,0.04147178099945554,0.9182646300874041,0.0,2.4840954740010403e-11,3.8664438830552564e-11,3.780045089179119e-11
0,lbfgs,1409,0.0,250.0,0.007191756963130744,0.003540688027586456,0.00023582029870619208,0.001558276197803937,0.0017465915310763268,0.0036510688164531537,0.0,1.1838676876404204e-13,4.952881842979313e-14,7.317074722860127e-14
0,lbfgs,1419,0.0,250.0,0.006155232098521201,0.0025637089924665435,0.0001935819661808475,0.00044953879001782316,0.0019205882362678727,0.003591522986960293,0.0,8.779324411371063e-14,1.6241548056668253e-14,7.462237401581544e-14
0,lbfgs,1429,0.0,250.0,0.005210502877171793,0.003265107821122215,0.00022422706478652819,0.0005567034552227852,0.0024841773011129017,0.0019453949368295144,0.0,1.1068054882746223e-13,1.7154734318719478e-14,8.478545316620864e-14
0,lbfgs,1439,0.0,250.0,0.004594921008228519,0.0034841208670911453,0.000185677203027405,0.0002648535084322347,0.0030335901556315056,0.0011108000217956513,0.0,6.406981200991075e-14,1.1351614755479729e-14,1.0687582927048072e-13
0,lbfgs,1449,0.0,250.0,0.0031658170838059015,0.002763927436336256,0.0004397200067210729,0.00026586953397258356,0.0020583378956425995,0.0004018895277099022,0.0,4.251495865354573e-13,1.0999157458531538e-14,7.171680247938885e-14
0,lbfgs,1459,0.0,250.0,0.002594660655421765,0.002329967731558027,0.00024301457599125854,0.00028388672999183213,0.0018030664255749363,0.00026469280396375225,0.0,1.9292789312888792e-13,1.0248559411943104e-14,6.72467797543914e-14
0,lbfgs,1469,0.0,250.0,0.0022449753422340256,0.002012775992546475,0.00029786076218484394,0.0004335731055762107,0.0012813421247854207,0.0002321992295786238,0.0,4.052376608827292e-13,1.4512784389488413e-14,4.713987649449505e-14
0,lbfgs,1479,0.0,250.0,0.0020166198254907407,0.0017808265389879924,0.00028427908280139705,0.000432567006162201,0.0010639804500243942,0.00023579316629430202,0.0,2.646493940631567e-13,1.4524627221443897e-14,4.0237135408236944e-14
0,lbfgs,1489,0.0,250.0,0.0018643718773587944,0.0016481001150056723,0.000256807358876214,0.0005077037567883237,0.0008835889993411346,0.00021627164201063322,0.0,2.6840742140303347e-13,1.7819354755638e-14,3.440687102952552e-14
0,lbfgs,1499,0.0,250.0,0.0016711697696140209,0.001444796918789022,0.00021379303288579258,0.0004943563351443988,0.0007366475507588306,0.00022637273033891488,0.0,2.1220811751848413e-13,1.6489644520975722e-14,3.316754558199135e-14
0,lbfgs,1509,0.0,250.0,0.0014461542265260885,0.0012624253939202037,0.00019281211599281252,0.0004794437000153862,0.000590169577912005,0.00018372871168049833,0.0,1.8612680449646438e-13,1.7428119709061114e-14,3.695204098040787e-14
0,lbfgs,1519,0.0,250.0,0.0012748960987675347,0.0011676753221752001,0.00018444556138789867,0.0004051575534831931,0.0005780722073041085,0.00010722065582629332,0.0,1.4791522736013853e-13,1.17574167296874e-14,3.5368798972668406e-14
0,lbfgs,1529,0.0,250.0,0.001189863122148854,0.0010795282189205936,0.00016846507135786116,0.0004058629963078954,0.0005052001512548372,0.00011033478249391296,0.0,8.966309785356226e-14,1.1740401435448373e-14,2.6972723778157665e-14
0,lbfgs,1539,0.0,250.0,0.0010898206479252861,0.000984153860428121,0.00018389627500317292,0.0004067596464079549,0.00039349793901699337,0.00010566666657523597,0.0,1.3504484816753513e-13,1.2708793013528537e-14,2.3337383734061432e-14
0,lbfgs,1549,0.0,250.0,0.00103630903790506,0.0009529903951805338,0.00018822889821201022,0.00038481193547814513,0.00037994956149037853,8.331852167836686e-05,0.0,1.4990580777103582e-13,1.234366208873085e-14,1.6789553546043336e-14
0,lbfgs,1559,0.0,250.0,0.0009601381047512056,0.0008890988103189689,0.00018167514243005978,0.0003828805390652232,0.0003245431288236859,7.10391732687189e-05,0.0,1.6970395443350025e-13,1.3180504219001493e-14,1.2722039125938107e-14
0,lbfgs,1569,0.0,250.0,0.0009410293473533382,0.0008796267805288428,0.00018032098565582116,0.000387373829129403,0.00031193196574361864,6.140244566471342e-05,0.0,1.8598628615592642e-13,1.3484433606131308e-14,1.2015721528696558e-14
0,lbfgs,1579,0.0,250.0,0.0008254133271075945,0.0007479287616015267,0.00018960046897572894,0.0003356515838617795,0.00022267670876401817,7.748444397315526e-05,0.0,2.1604768642278968e-13,9.490888912377608e-15,1.4853919103854676e-14
0,lbfgs,1589,0.0,250.0,0.0006609674599082774,0.0005689463485359013,0.00011823586601632997,0.00027112112220967975,0.00017958936030989156,9.202098941021674e-05,0.0,1.0750137845565019e-13,8.135442772090807e-15,1.7406626902982948e-14
0,lbfgs,1599,0.0,250.0,0.0005744180695757246,0.0005277656224055374,9.232769962985721e-05,0.00025603170486508334,0.00017940621791059688,4.6652325173077856e-05,0.0,6.155731107622942e-14,7.165409407828798e-15,1.592002329059353e-14
0,lbfgs,1609,0.0,250.0,0.0004637269080843595,0.00043894701801926335,5.660255639152283e-05,0.00022680363374762686,0.00015554082788011363,2.4779767556950274e-05,0.0,2.1532831164504152e-14,7.11960070578669e-15,2.0555640005252784e-14
0,lbfgs,1619,0.0,250.0,0.00045209703026710755,0.00043271830388022547,5.468574398520871e-05,0.0002249781184987344,0.00015305444139628236,1.937860384387892e-05,0.0,1.983970610495839e-14,6.879213874541951e-15,1.985422841532501e-14
0,lbfgs,1629,0.0,250.0,0.0003619183828994315,0.0003425349774087633,5.277799676336423e-05,0.00019022891273707952,9.95280679083196e-05,1.938328266620095e-05,0.0,3.402412830514187e-14,5.357557413934519e-15,7.586531440065998e-15
0,lbfgs,1639,0.0,250.0,0.0003283191703580972,0.00032003143681642957,5.540333157963677e-05,0.00018752713806517525,7.710096717161754e-05,8.2876105764443e-06,0.0,5.895689512555939e-14,5.068133091854418e-15,4.986150957026484e-15
0,lbfgs,1649,0.0,250.0,0.0003036152255552013,0.00029396485366336815,5.548955914509157e-05,0.00015083600702053932,8.763928749773724e-05,9.650248835345235e-06,0.0,5.181370533658458e-14,3.980587647113288e-15,5.678980827276604e-15
0,lbfgs,1659,0.0,250.0,0.0002460097753559678,0.00024151931960924076,4.5926564454653896e-05,0.00012626151105023307,6.933124410435379e-05,4.490332414073207e-06,0.0,3.4895815297474706e-14,3.837725349080607e-15,6.175056249621071e-15
0,lbfgs,1669,0.0,250.0,0.000239561133073768,0.00023667846075112306,4.489190373234909e-05,0.00012020595289339938,7.158060412537457e-05,2.882548976822636e-06,0.0,3.106730898790137e-14,3.161367320910479e-15,7.206460252532144e-15
0,lbfgs,1679,0.0,250.0,0.0002259523695212538,0.000221043344429924,4.208530737817919e-05,0.00010013636841401826,7.882166863772658e-05,4.908901582743262e-06,0.0,2.3502076455297073e-14,2.8827693237216002e-15,7.62767535263837e-15
0,lbfgs,1689,0.0,250.0,0.00020474392950587054,0.00019804754411270029,3.486027651672406e-05,9.456002291332249e-05,6.862724468265373e-05,6.696261920940318e-06,0.0,2.1710698762776314e-14,2.9826865704374026e-15,6.399042767855458e-15
0,lbfgs,1699,0.0,250.0,0.000189378568672264,0.00018321009901785192,3.0377317026030994e-05,8.226232188536442e-05,7.057046010645651e-05,6.16834624205692e-06,0.0,1.5858632911230825e-14,2.629666408248996e-15,6.69487312212773e-15
0,lbfgs,1709,0.0,250.0,0.00018444077156179098,0.00017612667067684699,2.979792303620537e-05,7.431739366898464e-05,7.201135397165698e-05,8.313977425498957e-06,0.0,1.710014033445782e-14,2.2469409545071607e-15,8.007117862549204e-15
0,lbfgs,1719,0.0,250.0,0.00016446964228164753,0.00015472077064946396,2.5517016150724367e-05,6.465971578992278e-05,6.454403870881683e-05,9.748748137140731e-06,0.0,1.44506847655553e-14,2.1124903358067176e-15,5.998245319409001e-15
0,lbfgs,1729,0.0,250.0,0.00015839427368192577,0.00015253434103556954,2.4763886788497055e-05,6.533285353614911e-05,6.243760071092339e-05,5.859809061566355e-06,0.0,1.3969201987782127e-14,2.560697990838079e-15,6.016803031415137e-15
0,lbfgs,1739,0.0,250.0,0.00015657143392563687,0.00015140397724169188,2.3887520536523265e-05,6.288784398869986e-05,6.462861271646875e-05,5.167333139661218e-06,0.0,1.4314623295286618e-14,2.211925244123293e-15,6.6121644200144e-15
0,lbfgs,1749,0.0,250.0,0.00015344739193717583,0.00014820223607098777,2.438024195952205e-05,6.060922119688025e-05,6.321277291458546e-05,5.2450323469957e-06,0.0,1.5839525467113852e-14,2.1603957742106194e-15,6.263843362551799e-15
0,lbfgs,1759,0.0,250.0,0.000149690425424421,0.0001458948709696585,2.5056415774726705e-05,5.512200336952767e-05,6.571645182540411e-05,3.7954308808619643e-06,0.0,1.669677067181524e-14,1.7271714491510127e-15,8.236625109378068e-15
0,lbfgs,1769,0.0,250.0,0.0001438804605640584,0.000139543176637581,2.821725499205094e-05,5.095271003975936e-05,6.0373211605770706e-05,4.337160373588828e-06,0.0,2.192480512391775e-14,1.9410992603557925e-15,6.943345531668268e-15
0,lbfgs,1779,0.0,250.0,0.00013068939295568917,0.00012476042782025846,2.6611454071748053e-05,4.078226048436448e-05,5.736671326414591e-05,5.9288415884965345e-06,0.0,1.7230898300905927e-14,1.826373550792395e-15,5.210801598198111e-15
0,lbfgs,1789,0.0,250.0,0.0001272641432626012,0.00012351043461493124,2.895571337891491e-05,3.63153674981032e-05,5.823935373791316e-05,3.7535851205533405e-06,0.0,1.4916640165354876e-14,1.4881826873771167e-15,5.0730535300731834e-15
0,lbfgs,1799,0.0,250.0,0.00012611800122435,0.0001222680981465758,2.8436963046062805e-05,3.6907398977469576e-05,5.6923736123043405e-05,3.849779526600294e-06,0.0,1.4670763262446028e-14,1.4935822935187197e-15,5.098763639719987e-15
0,lbfgs,1809,0.0,250.0,0.00012245909466783846,0.00011947181746235479,2.8587215152366523e-05,3.42203040468859e-05,5.6664298263102366e-05,2.987153645656961e-06,0.0,1.2441792718018953e-14,1.5057372574489045e-15,5.077468714084428e-15
0,lbfgs,1819,0.0,250.0,0.0001157627332138204,0.00010557218196107437,2.9572660671398714e-05,1.9158204119556352e-05,5.68413171701193e-05,1.0190427656731028e-05,0.0,1.481263666938809e-14,1.0489506970547272e-15,4.5022388939537896e-15
0,lbfgs,1829,0.0,250.0,8.93707091382319e-05,8.33628641965521e-05,1.7670069229133377e-05,1.2559790355911437e-05,5.313300461150728e-05,6.007721469590922e-06,0.0,1.3895792256621864e-14,5.849998756300062e-16,3.01278109856448e-15
0,lbfgs,1839,0.0,250.0,8.592055005121831e-05,8.145273351038557e-05,1.9025348229907128e-05,1.0254223276673694e-05,5.217316200380476e-05,4.467693054711761e-06,0.0,1.787016225071893e-14,3.6001220349945956e-16,2.5215499481328417e-15
0,lbfgs,1849,0.0,250.0,8.498426811023354e-05,8.105944945907437e-05,1.973766632108603e-05,1.0314746077890945e-05,5.10070370600974e-05,3.9246951617988245e-06,0.0,2.0568046096881235e-14,4.657874663545774e-16,2.2251243831251097e-15
0,lbfgs,1859,0.0,250.0,8.425354220209473e-05,8.058236708538368e-05,1.9376695868585318e-05,1.135755292108506e-05,4.9848118295713294e-05,3.6710516118201704e-06,0.0,2.0530076431950278e-14,4.859915780448461e-16,2.0378203293811544e-15
0,lbfgs,1869,0.0,250.0,8.268276407258849e-05,7.710218111953282e-05,1.9671065953538683e-05,1.1818581325854361e-05,4.5612533840139774e-05,5.580459415101104e-06,0.0,2.214931254594204e-14,5.60497060407686e-16,1.7879472251549653e-15
0,lbfgs,1879,0.0,250.0,8.100957258526181e-05,7.438255644268488e-05,1.772514150549352e-05,1.2841112847354543e-05,4.3816302089836824e-05,6.626892602218434e-06,0.0,1.7851327431216708e-14,6.132018495463439e-16,1.6549737640734318e-15
0,lbfgs,1889,0.0,250.0,7.734002348674482e-05,6.927472390079537e-05,1.7267944412127223e-05,1.1471399567907748e-05,4.0535379920760397e-05,8.065175910433565e-06,0.0,2.1228152460207025e-14,6.307505766224498e-16,1.3799207769781417e-15
0,lbfgs,1899,0.0,250.0,7.359321220813154e-05,6.994211590484475e-05,1.8759344674089828e-05,9.337923022290343e-06,4.1844848208464574e-05,3.6509724570806687e-06,0.0,2.311667643582369e-14,5.156878544156187e-16,1.936174827378977e-15
0,lbfgs,1909,0.0,250.0,6.931805971594508e-05,6.519870756799132e-05,1.768269005305155e-05,8.69209331966856e-06,3.882392419527122e-05,4.119228227248444e-06,0.0,2.433718397243809e-14,5.8222237561918e-16,1.6379910558478557e-15
0,lbfgs,1919,0.0,250.0,6.80415560823142e-05,6.414629078670283e-05,1.6018217514551616e-05,8.952885730950523e-06,3.9175187541200685e-05,3.89514138621723e-06,0.0,2.0188756245484587e-14,5.539005880988367e-16,1.7743704348928252e-15
0,lbfgs,1929,0.0,250.0,6.66710356731857e-05,6.242501695992011e-05,1.5664377692062018e-05,8.04463024178282e-06,3.871600902607527e-05,4.245894786026538e-06,0.0,1.8121908307577798e-14,5.134801693374069e-16,1.858183252804458e-15
0,lbfgs,1939,0.0,250.0,6.570762451011181e-05,6.138057379200276e-05,1.599116857431657e-05,7.749582042505931e-06,3.763982317518026e-05,4.326926786975761e-06,0.0,1.8991451080913037e-14,4.817354801815106e-16,1.900729635853783e-15
0,lbfgs,1949,0.0,250.0,6.48878414313545e-05,6.069336613109103e-05,1.4972717226524743e-05,7.62086706018349e-06,3.80997818443828e-05,4.194351402807757e-06,0.0,1.5712991622864778e-14,4.381539784221783e-16,1.9129040177620596e-15
0,lbfgs,1959,0.0,250.0,6.287213018381555e-05,5.974274653889545e-05,1.5214188111611868e-05,8.308434547361562e-06,3.622012387992202e-05,3.1292596594832354e-06,0.0,1.765430390383826e-14,6.184570803053698e-16,1.7954543056723975e-15
0,lbfgs,1969,0.0,250.0,6.0344176567439106e-05,5.825542291747044e-05,1.5094846566377026e-05,6.984682139044129e-06,3.617589421204928e-05,2.08862964916911e-06,0.0,1.4486838040177545e-14,5.203924983464704e-16,1.4271763695442732e-15
0,lbfgs,1979,0.0,250.0,5.6897518397720374e-05,5.438124069730052e-05,1.642864675669085e-05,6.395990440185973e-06,3.1556603500423694e-05,2.516153509905513e-06,0.0,1.2223711590750847e-14,5.284766712005146e-16,1.328935926099643e-15
0,lbfgs,1989,0.0,250.0,5.200417966995858e-05,4.8824319338029936e-05,1.4416178712455118e-05,6.050194550597721e-06,2.8357946074977097e-05,3.1797360044504305e-06,0.0,1.3016866203534017e-14,5.183638429468249e-16,1.468023182906956e-15
0,lbfgs,1999,0.0,250.0,4.850446296678619e-05,4.612158707075879e-05,1.4053319039837886e-05,5.392699282897024e-06,2.6675568748023874e-05,2.3827514883834222e-06,0.0,1.2672037311895673e-14,3.634036358549821e-16,1.125853778813082e-15
0,lbfgs,2009,0.0,250.0,4.498331862746414e-05,4.388414585818959e-05,1.2227946273269954e-05,5.330353656758617e-06,2.632584592816102e-05,1.0990483348573093e-06,0.0,1.0764239158228704e-14,2.7791949824966214e-16,1.159253440658273e-15
0,lbfgs,2019,0.0,250.0,4.357931388949193e-05,4.314144696973855e-05,1.3467071310255798e-05,5.251840946563906e-06,2.4422534712918844e-05,4.3774233351784e-07,0.0,1.2343047891921906e-14,3.0323641571085516e-16,1.0831344682034445e-15
1,adam,0,250.0,600.0,0.022996202757932325,0.017247152000753253,0.014270129562948484,0.0014170812492067535,0.0015599411885980142,0.005749050666917749,0.0,8.124537109157418e-11,3.380869550085435e-13,1.032927346885163e-12
1,adam,24,250.0,600.0,0.004037132969732272,0.002935873060252336,0.0003821548631420288,0.0009819615788375028,0.0015717566182728044,0.0011012598189802279,0.0,8.294092568752857e-12,2.562766628113152e-13,1.1076843604852666e-12
1,adam,49,250.0,600.0,0.0014835356491033874,0.0011750928634054161,3.238571282076469e-05,0.0003854821494223916,0.0007572250011622599,0.0003084426936444389,0.0,1.2887559089157346e-12,1.713484863831424e-13,9.214079450298938e-13
1,adam,74,250.0,600.0,0.0008068663247709244,0.0005856574634843157,1.104879297756216e-05,0.0004712141616612641,0.0001033945088454894,0.0002212087680397865,0.0,8.36555044052373e-13,6.91540477442936e-13,2.1478599960642977e-13
1,adam,99,250.0,600.0,8.051676114080723e-05,5.480638600038686e-05,8.341862487114972e-06,1.2285340273569031e-05,3.4179183239702856e-05,2.5710280827301876e-05,0.0,1.4236625175850095e-12,2.1847111151436103e-14,1.102213838747404e-13
1,adam,124,250.0,600.0,1.6642811608073548e-05,1.0900014229836633e-05,8.552130897176435e-07,2.9113714628523432e-06,7.133429677266645e-06,5.742702501634532e-06,0.0,4.2782671953349985e-14,4.396180572679093e-15,1.059720521338739e-13
1,adam,149,250.0,600.0,8.609032074502702e-06,5.963654428006079e-06,4.958914012836183e-07,1.8952861945896088e-06,3.5724768321328515e-06,2.645282641861692e-06,0.0,4.515687253082794e-14,3.1874410854981946e-15,4.028988016313028e-14
1,adam,174,250.0,600.0,0.00017786805296528518,0.00012203651423656903,2.7101740097541477e-06,8.344167524500526e-05,3.588466498180962e-05,5.5831443648936105e-05,0.0,5.504383781126567e-13,6.071774047641248e-13,7.169352958308247e-13
1,adam,199,250.0,600.0,6.114537527086188e-05,4.045038062570426e-05,1.568464142200264e-06,2.0110931069710712e-05,1.8770985413793283e-05,2.0694899764073596e-05,0.0,2.2585616877467746e-13,1.42323164997615e-13,2.2646890410652968e-13
1,adam,224,250.0,600.0,1.0443711565850338e-05,7.039955393722263e-06,5.358049447218034e-07,3.6044253414049826e-06,2.8997251075954765e-06,3.4036610452744926e-06,0.0,5.817910621125005e-14,2.003058328005806e-14,5.364809098184384e-14
1,adam,249,250.0,600.0,3.7119789456083496e-06,2.7677055360431567e-06,1.5274572011038795e-07,1.6461348243305873e-06,9.688249916021812e-07,9.441782239646568e-07,0.0,5.62202322816761e-15,6.99672735990127e-15,7.214036520764926e-15
1,adam,274,250.0,600.0,2.9736500660947583e-06,2.297389827919704e-06,1.2355796784851474e-07,9.838079426385017e-07,1.1900239174326874e-06,6.7616501846341e-07,0.0,6.3689065128228924e-15,2.4937320988535745e-15,1.1405650353489347e-14
1,adam,299,250.0,600.0,0.00015301879446880324,0.00010315897438539488,2.292904431357468e-06,4.6192784149241905e-05,5.467328580479552e-05,4.985972514261954e-05,0.0,3.8993424283724427e-13,3.024744744495797e-13,7.511856050946669e-13
1,adam,324,250.0,600.0,4.544291576577565e-06,3.454195044775108e-06,3.1033747974703454e-07,1.3508761759978393e-06,1.7929813890302342e-06,1.0900013708997858e-06,0.0,2.417368331321966e-14,6.948740537122143e-15,1.5334447155701655e-14
1,adam,349,250.0,600.0,3.0783388317334816e-06,2.345156536661987e-06,1.925693807250357e-07,9.88907340163562e-07,1.1636798157733895e-06,7.330870511733775e-07,0.0,2.112030153907836e-14,4.1548018989847195e-15,1.3149889191138923e-14
1,adam,374,250.0,600.0,1.8124668174841808e-06,1.4914119178169607e-06,7.506876387589398e-08,7.642280599190556e-07,6.521150940220111e-07,3.2095964076792976e-07,0.0,4.095445473506962e-15,2.5943748586267694e-15,4.733632368044278e-15
1,adam,399,250.0,600.0,1.4939914393936789e-06,1.280928870599233e-06,6.339608225952572e-08,5.904293065811284e-07,6.271034817585789e-07,2.1296727411453227e-07,0.0,3.089058353407399e-15,1.3800594811885496e-15,4.750419908698303e-15
1,adam,424,250.0,600.0,1.4580407548470502e-06,1.251286464437408e-06,5.8240216128722075e-08,5.759475174579432e-07,6.170987308507428e-07,2.0665896731280237e-07,0.0,3.1693400571607562e-15,1.3476993391296929e-15,4.639217371543305e-15
1,adam,449,250.0,600.0,0.0005614274134303766,0.00038371916555186397,2.6221102058656304e-05,0.0002764462947707004,8.10517687225073e-05,0.0001777081525443023,0.0,5.049604655345075e-12,1.8291301510753045e-12,1.5977255878299366e-12
1,adam,474,250.0,600.0,3.461413388484476e-05,2.5435294511432307e-05,1.3284174478326398e-05,8.787099902950823e-06,3.3640201301550886e-06,9.178744257895111e-06,0.0,2.3475091187225613e-12,2.7817871917951552e-14,4.3609914874109594e-14
1,adam,499,250.0,600.0,3.797044056062967e-06,3.0524134839217024e-06,1.8899167466649165e-06,5.070877367289652e-07,6.554090005278206e-07,7.445353167970034e-07,0.0,3.4065760752172887e-13,1.4853747041225765e-15,5.035541020830058e-15
1,adam,524,250.0,600.0,1.2847010306900713e-06,1.1069429601217897e-06,2.007084649252121e-07,4.5267643004965823e-07,4.535580651469193e-07,1.776628175790111e-07,0.0,3.634388432341678e-14,1.016067648924744e-15,4.0760247016117985e-15
1,adam,549,250.0,600.0,9.479681257566436e-07,8.415243129430992e-07,5.6034484148015354e-08,3.9616317843791827e-07,3.893266503571655e-07,1.0634852579011021e-07,0.0,4.797512403695046e-15,8.866322902063382e-16,3.0541195787008464e-15
1,adam,574,250.0,600.0,8.706664413457204e-07,7.652141657440851e-07,4.860276398893403e-08,3.557884315555366e-07,3.6082297019961454e-07,1.0535696425887513e-07,0.0,3.1961129860964074e-15,7.58481405134554e-16,2.797458561451659e-15
1,adam,599,250.0,600.0,8.117212894253072e-07,7.116598487757217e-07,4.686164170817462e-08,3.2890075653109334e-07,3.3589745053645376e-07,9.996610502108316e-08,0.0,3.3675290390368512e-15,6.690682448355644e-16,2.6626540075861066e-15
1,adam,624,250.0,600.0,0.0015907749344237713,0.0010936746587852293,4.2042483577796616e-05,0.000748016818834949,0.0003036153563724838,0.0004971001803599569,0.0,1.0305577455158509e-11,5.362092618203675e-12,5.241569744436915e-12
1,adam,649,250.0,600.0,6.025358590195585e-05,4.1915154976639094e-05,1.3906953620309624e-05,2.0588773404088904e-05,7.419427952240567e-06,1.8338335849102804e-05,0.0,2.823164993217572e-12,8.279044990486322e-14,1.6919601915453757e-13
1,adam,674,250.0,600.0,1.7974684373780525e-06,1.4611024547538827e-06,1.8052849927592048e-07,7.816045465678629e-07,4.989694089100994e-07,3.3627080940641816e-07,0.0,2.8715097205671855e-14,3.0917892299154706e-15,4.345564874652755e-15
1,adam,699,250.0,600.0,9.988001164467316e-07,7.90742832791314e-07,1.4070788652918196e-07,3.819817935575805e-07,2.6805315270455154e-07,2.0796211424040697e-07,0.0,1.9707354960488726e-14,1.0618305938750518e-15,1.9434479294833695e-15
1,adam,724,250.0,600.0,6.681180425682918e-07,5.610463042996079e-07,4.099748481685488e-08,2.782768211970039e-07,2.417719982857491e-07,1.0697654111405228e-07,0.0,2.420989383591027e-15,5.444994362421032e-16,1.6461532737830337e-15
1,adam,749,250.0,600.0,6.158183236966361e-07,5.144080476465303e-07,3.8773878774902104e-08,2.507242688343743e-07,2.249099000372538e-07,1.0131506402265426e-07,0.0,3.203133470673029e-15,4.191911443566889e-16,1.5289598673095703e-15
1,adam,774,250.0,600.0,5.784444606878119e-07,4.789060650043752e-07,3.5139214237719204e-08,2.3523897699759858e-07,2.0852787376905744e-07,9.944316802591522e-08,0.0,2.4457516608506406e-15,3.8996576016934603e-16,1.3839773806566044e-15
1,adam,799,250.0,600.0,5.466134108600672e-07,4.48808956797043e-07,3.401925634763355e-08,2.20516391042142e-07,1.942733094072675e-07,9.770921093180134e-08,0.0,2.482892044959309e-15,3.5128077756963795e-16,1.2832617718627824e-15
1,adam,824,250.0,600.0,6.515482832366566e-07,5.088595761142661e-07,4.238302866820744e-08,2.5357967027390165e-07,2.1289687717215702e-07,1.4259344878887386e-07,0.0,3.3140222949863954e-15,6.150518478910076e-16,1.9704918085377058e-15
1,adam,849,250.0,600.0,7.049183790608718e-05,4.8387887178069015e-05,1.9897425174019766e-06,1.609559397720974e-05,3.03025506834573e-05,2.2103855691299425e-05,0.0,2.924998264395054e-13,1.119369036641335e-13,3.8677928211392046e-13
1,adam,874,250.0,600.0,1.5610290075885476e-05,1.118122271349153e-05,7.3533293465056455e-06,2.8334940694826182e-06,9.943992975032668e-07,4.428972204455138e-06,0.0,1.3659384022164044e-12,1.9868964262727583e-14,1.9907579123741934e-14
1,adam,899,250.0,600.0,9.42947548231421e-07,7.380076272174464e-07,3.6326722921012357e-07,1.74825068888315e-07,1.9991532911900781e-07,2.048447736934404e-07,0.0,5.780976847947477e-14,3.594425378574017e-16,1.9628770876274048e-15
1,adam,924,250.0,600.0,8.212898181062361e-07,5.913710009278522e-07,1.4955875766148576e-07,2.5380517703016967e-07,1.8800706623619683e-07,2.2982366395190643e-07,0.0,2.7905549969474066e-14,1.0218177247556331e-15,2.0025319318535516e-15
1,adam,949,250.0,600.0,0.0001666004483452585,0.00011500832449464014,1.7640556943386558e-05,6.777269563205355e-05,2.9595071919200024e-05,5.15920287480436e-05,0.0,3.892287964421648e-12,4.84141821110188e-13,5.247873566804411e-13
1,adam,974,250.0,600.0,1.2491590650978786e-05,8.379345244764698e-06,5.806851526122515e-07,5.6969197880611005e-06,2.1017403040913455e-06,4.112150265788507e-06,0.0,1.3383533327901716e-13,3.6682426711536614e-14,4.992248697183163e-14
1,adam,999,250.0,600.0,4.3320477411136884e-07,3.202005853240565e-07,3.341642333535124e-08,1.390700626606644e-07,1.477140993280409e-07,1.1290904317849698e-07,0.0,2.5488745156674946e-15,2.0275271296222942e-16,7.989833002751277e-16
1,adam,1024,250.0,600.0,9.817865229021683e-07,7.036639547832861e-07,5.085232778369426e-08,4.2114495476796496e-07,2.316666722316269e-07,2.78027422447892e-07,0.0,5.6369162160088695e-15,2.407060489493168e-15,2.137270501141703e-15
1,adam,1049,250.0,600.0,4.1302084082690895e-05,2.847755165153315e-05,1.6209904883972615e-06,1.14886661069368e-05,1.536789505619909e-05,1.2824437404228204e-05,0.0,3.341304308291594e-13,8.375087473861095e-14,2.3144121723510375e-13
1,adam,1074,250.0,600.0,1.7458213807151272e-06,1.3927932627767645e-06,1.3482729709698483e-07,7.648345156212144e-07,4.931314500585653e-07,3.529329764710532e-07,0.0,1.3956205600815374e-14,4.1761362222856905e-15,3.3039564606786973e-15
1,adam,1099,250.0,600.0,4.277479462589408e-07,3.128815901045442e-07,2.8602538654776347e-08,1.566820153773702e-07,1.2759703607239768e-07,1.1477122496089042e-07,0.0,2.9380476787192746e-15,2.1767900605884362e-16,7.883379819677118e-16
1,adam,1124,250.0,600.0,6.2410814351677125e-06,4.2935685194215426e-06,2.289727570211442e-07,3.0626313431372134e-06,1.001964419263185e-06,1.947417779951793e-06,0.0,5.023617104193617e-14,2.0949636788079325e-14,1.970473893354105e-14
1,adam,1149,250.0,600.0,4.942599632798929e-06,3.611654262165833e-06,1.0840432517656407e-07,1.3430256257016014e-06,2.1602243112876675e-06,1.3308502905597032e-06,0.0,1.0325999205317736e-14,1.0544523447048147e-14,2.3561529320043534e-14
1,adam,1174,250.0,600.0,7.171579851449878e-07,5.024183772455395e-07,5.482481687866667e-08,3.0372199322338535e-07,1.4387156714348746e-07,2.1464447719645511e-07,0.0,5.781410808255516e-15,1.3150129903441574e-15,7.959583535363545e-16
1,adam,1199,250.0,600.0,3.159903254520215e-05,2.1744000749361653e-05,1.1116268422273998e-06,1.4001150148515768e-05,6.631223758618484e-06,9.854936692263666e-06,0.0,2.4673347664542893e-13,1.0287329654929096e-13,1.1799227792888672e-13
1,adam,1224,250.0,600.0,5.623835093838599e-06,3.7882466445413652e-06,2.470726052350721e-07,2.6758941829537125e-06,8.652798563525807e-07,1.8354933154255638e-06,0.0,5.2012963545643085e-14,1.8185940403436485e-14,1.6982504716259778e-14
1,adam,1249,250.0,600.0,6.74626481009542e-06,4.598913771241879e-06,2.653328221160195e-07,2.5666948953939247e-06,1.7668860537319352e-06,2.1472559331166075e-06,0.0,4.955789559011606e-14,1.944058429618122e-14,2.7081698822148264e-14
1,adam,1274,250.0,600.0,3.092356488876235e-05,2.101489771642971e-05,7.596642552453948e-07,1.1189974973588884e-05,9.065258487595432e-06,9.908572102633277e-06,0.0,1.8107881503604634e-13,8.11183601854641e-14,1.488191910647759e-13
1,adam,1299,250.0,600.0,2.3096287590344727e-06,1.691703436130419e-06,2.21773948240666e-07,9.4416805622451e-07,5.257614316652431e-07,6.178302013322835e-07,0.0,3.990029787788529e-14,5.5874436241435945e-15,6.27565399467489e-15
1,adam,1324,250.0,600.0,1.7273470877250503e-05,1.2006208609901892e-05,6.976796976745887e-07,9.180020132381761e-06,2.128508779845541e-06,5.267167163894326e-06,0.0,1.5453215593714638e-13,5.997244972522422e-14,4.3506936575371395e-14
1,adam,1349,250.0,600.0,4.1111928645168704e-05,2.8272259867266597e-05,1.7404177633996944e-06,1.9610228556426853e-05,6.921613547440049e-06,1.2839573663329007e-05,0.0,3.876188053098051e-13,1.4158014743800826e-13,1.266899228127492e-13
1,adam,1374,250.0,600.0,1.9766453530124263e-05,1.3440526502883572e-05,5.0102627944927985e-08,1.0066602484209593e-05,3.323821390729051e-06,6.3258319255552e-06,0.0,4.136350672625256e-15,6.33074519147633e-14,8.111188323399507e-14
1,adam,1399,250.0,600.0,7.071517176357457e-07,4.896438509813505e-07,2.1199705841331093e-07,1.841987520565822e-07,9.344804051145745e-08,2.174127711366411e-07,0.0,4.541980650077507e-14,3.5743325668783016e-16,4.80267525462816e-16
1,lbfgs,1400,250.0,600.0,4.874053019945592e-07,3.2554544435286635e-07,1.116768924133293e-07,1.2955101536236426e-07,8.431753657717282e-08,1.617647623077861e-07,0.0,1.6578402472129012e-14,3.072860010594212e-16,2.2376191034057547e-16
1,lbfgs,1409,250.0,600.0,3.320185528301972e-07,2.1659728956734606e-07,1.5153281050199736e-08,1.1706367479595374e-07,8.438033372119258e-08,1.1532616793786124e-07,0.0,6.307915650118782e-16,1.1978350364690476e-16,2.7047363064390714e-16
1,lbfgs,1419,250.0,600.0,3.135859107110293e-07,2.080839021747993e-07,1.5782777105990544e-08,1.0426169386731692e-07,8.80394312014918e-08,1.0540691324029176e-07,0.0,7.068183964344082e-16,6.683145312672103e-17,2.9236862752070277e-16
1,lbfgs,1429,250.0,600.0,2.6772028666169356e-07,1.7650716833040207e-07,2.084796439319413e-08,7.530232968375378e-08,8.035687425345416e-08,9.111802296497208e-08,0.0,8.669364926470629e-16,9.908673389475555e-17,2.590693074522851e-16
1,lbfgs,1439,250.0,600.0,1.9406567890357635e-07,1.2467652042194666e-07,2.1590947500210596e-08,3.4703613793771115e-08,6.838195912796497e-08,6.929406312547429e-08,0.0,7.136276773260096e-16,6.452216451024017e-17,2.1469726811425691e-16
1,lbfgs,1449,250.0,600.0,1.700648561784625e-07,1.1764422746235465e-07,1.6513655145019863e-08,3.0931557679005304e-08,7.019901463832949e-08,5.232553332685242e-08,0.0,5.957735844357797e-16,5.3199468350361726e-17,1.8887466180897843e-16
1,lbfgs,1459,250.0,600.0,1.6666407961538337e-07,1.1544566682033622e-07,1.5256994232504738e-08,2.69822460333417e-08,7.320642655448979e-08,5.112331733816352e-08,0.0,4.329241994233766e-16,4.505110479652281e-17,2.0105051146812703e-16
1,lbfgs,1469,250.0,600.0,1.6324174822978803e-07,1.1552463665715628e-07,1.6001991489852594e-08,2.5064219763444324e-08,7.445842540385936e-08,4.762201603378084e-08,0.0,5.018703785507567e-16,4.020556945390569e-17,2.3953943442849014e-16
1,lbfgs,1479,250.0,600.0,1.5845694986081748e-07,1.1661541823117016e-07,1.8134269265228712e-08,2.219701815435976e-08,7.628413081158169e-08,4.174643596344302e-08,0.0,4.776433539810287e-16,3.7896755887985354e-17,2.5187598283738496e-16
1,lbfgs,1489,250.0,600.0,1.4249905536814611e-07,1.0730744833433392e-07,1.776564194623723e-08,1.3613594814079572e-08,7.592821157401712e-08,3.509651104550542e-08,0.0,4.729272130960225e-16,2.830855163953525e-17,2.631971678468287e-16
1,lbfgs,1499,250.0,600.0,1.4104346722491933e-07,1.0743257520109718e-07,1.6414778148023634e-08,1.3368896233228084e-08,7.764890081984546e-08,3.3515795972616644e-08,0.0,4.2284722775840955e-16,2.9541554966101444e-17,2.7929144933765413e-16
1,lbfgs,1509,250.0,600.0,1.4080289508028478e-07,1.0718476171241544e-07,1.646690483746411e-08,1.338330915951761e-08,7.733454771543372e-08,3.352303730699818e-08,0.0,4.2311334219607524e-16,2.952697843322422e-17,2.7758720945419276e-16
1,lbfgs,1519,250.0,600.0,1.4059651624702664e-07,1.0708434570644106e-07,1.6440420733797144e-08,1.3305095118462651e-08,7.733882985418126e-08,3.341707447662546e-08,0.0,4.2156812731730253e-16,2.9338569382526915e-17,2.775155088387345e-16
1,lbfgs,1529,250.0,600.0,1.403602747208228e-07,1.0695935399050418e-07,1.6352117951460993e-08,1.3205623827083573e-08,7.740161221195961e-08,3.330582466632253e-08,0.0,4.197221959915861e-16,2.89569089831418e-17,2.776284597826855e-16
1,lbfgs,1539,250.0,600.0,1.4015519148352117e-07,1.0674181937342808e-07,1.6352514680926535e-08,1.3206132240515083e-08,7.718317245198645e-08,3.3318276041201816e-08,0.0,4.1886241404922384e-16,2.8841132379607676e-17,2.762167304485584e-16
1,lbfgs,1549,250.0,600.0,1.39923433318331e-07,1.0650130038021605e-07,1.642443512950024e-08,1.3218782514706268e-08,7.685808273600955e-08,3.332703685844969e-08,0.0,4.1940138746766007e-16,2.886796599777102e-17,2.7463153107810105e-16
1,lbfgs,1559,250.0,600.0,1.3971940808980575e-07,1.0640458818858881e-07,1.6391604208918825e-08,1.314341799270739e-08,7.686956598696259e-08,3.321972381875524e-08,0.0,4.177928182836928e-16,2.867398059644366e-17,2.745357924178935e-16
1,lbfgs,1569,250.0,600.0,1.3949231456154024e-07,1.0628421347206757e-07,1.6284388006388796e-08,1.3050878060562996e-08,7.694894740511578e-08,3.3113005008079555e-08,0.0,4.1586256103825696e-16,2.826516272713507e-17,2.7461309718361996e-16
1,lbfgs,1579,250.0,600.0,1.39289083834211e-07,1.0606825459232109e-07,1.6292449485924014e-08,1.3051013293325966e-08,7.672479181307111e-08,3.312573315522207e-08,0.0,4.1506067707736857e-16,2.8166391243351357e-17,2.732038078226356e-16
1,lbfgs,1589,250.0,600.0,1.3906689241491098e-07,1.0584000421974792e-07,1.638749228366237e-08,1.3061033376371769e-08,7.639147855971377e-08,3.3131792096445754e-08,0.0,4.158745919343696e-16,2.823725331864429e-17,2.7173743514742057e-16
1,lbfgs,1599,250.0,600.0,1.3886414257710047e-07,1.0574504080486541e-07,1.6347010798813612e-08,1.2988676701678704e-08,7.640935330437309e-08,3.302400567106398e-08,0.0,4.1419998412793824e-16,2.8036974139013904e-17,2.7161693718845346e-16
1,lbfgs,1609,250.0,600.0,1.386782192729824e-07,1.0560741744301414e-07,1.6316046882950873e-08,1.2949205590637844e-08,7.634216496942543e-08,3.297570572609099e-08,0.0,4.131209686052121e-16,2.785311822228977e-17,2.7106134524370656e-16
1,lbfgs,1619,250.0,600.0,1.3844451178909623e-07,1.0541073833855945e-07,1.6234159593769047e-08,1.2903435537063718e-08,7.627314320772668e-08,3.293867734602744e-08,0.0,4.1143448031737777e-16,2.7516388930446868e-17,2.702528782425219e-16
1,lbfgs,1629,250.0,600.0,1.382603552016535e-07,1.0526391006968531e-07,1.6244785126066427e-08,1.2877581331643316e-08,7.614154361197556e-08,3.290134902208469e-08,0.0,4.1087567878123305e-16,2.742898768087557e-17,2.695052514910458e-16
1,lbfgs,1639,250.0,600.0,1.3803012869634072e-07,1.0510593718156191e-07,1.6306731745221303e-08,1.2840464509999183e-08,7.595874092634142e-08,3.28290953946921e-08,0.0,4.1077690518746595e-16,2.7426577830410855e-17,2.6875713750536033e-16
1,lbfgs,1649,250.0,600.0,1.3784761431967678e-07,1.0496907186532829e-07,1.6271739957402228e-08,1.280344876245892e-08,7.589388314546714e-08,3.278344633178264e-08,0.0,4.0969597007434557e-16,2.7241042964417484e-17,2.6819594442663493e-16
1,lbfgs,1659,250.0,600.0,1.3762094043045773e-07,1.0476744987180918e-07,1.6177132279189748e-08,1.276333797763842e-08,7.582697961498102e-08,3.275839443626416e-08,0.0,4.0797958430793277e-16,2.6890068478995798e-17,2.6736634851616256e-16
1,lbfgs,1669,250.0,600.0,1.3743991998098466e-07,1.0462685553382595e-07,1.6193229525110755e-08,1.2737478309749677e-08,7.569614769896552e-08,3.271796831910019e-08,0.0,4.0747896855633544e-16,2.6814540478899654e-17,2.666285637430181e-16
1,lbfgs,1679,250.0,600.0,1.3721691486810497e-07,1.0448867911818155e-07,1.627105672735863e-08,1.2698396732389797e-08,7.551922565843312e-08,3.2633139610702304e-08,0.0,4.075069863208009e-16,2.6842294101916112e-17,2.6595406297525765e-16
1,lbfgs,1689,250.0,600.0,1.3703720197172046e-07,1.0434993845003066e-07,1.6230996228848407e-08,1.2664025131897709e-08,7.545491708928455e-08,3.259216738026723e-08,0.0,4.064287608639012e-16,2.6654043349215317e-17,2.6538805890945927e-16
1,lbfgs,1699,250.0,600.0,1.3681805391373966e-07,1.0413526982659168e-07,1.612066135369723e-08,1.263067340901202e-08,7.538393506388243e-08,3.25876879469019e-08,0.0,4.0470464393363987e-16,2.6285921565505673e-17,2.645512595538109e-16
1,lbfgs,1709,250.0,600.0,1.3663939629492757e-07,1.040035173555365e-07,1.6143333587674934e-08,1.2604314155740804e-08,7.525586961212076e-08,3.254078279311847e-08,0.0,4.0425123196221714e-16,2.6222746315431466e-17,2.638088543425272e-16
1,lbfgs,1719,250.0,600.0,1.3642442838685686e-07,1.0389682959599497e-07,1.6240723754851454e-08,1.2562263736669702e-08,7.509384210447382e-08,3.243250263225416e-08,0.0,4.0437633776434674e-16,2.6284535523987448e-17,2.632030693123594e-16
1,lbfgs,1729,250.0,600.0,1.3624645444278903e-07,1.0375133295105998e-07,1.6194023226813116e-08,1.2530640268915124e-08,7.502666945533174e-08,3.2400025331268237e-08,0.0,4.033050581525976e-16,2.609178587486169e-17,2.626355998450174e-16
1,lbfgs,1739,250.0,600.0,1.3603624463636635e-07,1.0350835736609529e-07,1.6063785646233737e-08,1.2505331821326961e-08,7.493923989853459e-08,3.2432791112264595e-08,0.0,4.016729564630266e-16,2.5700933400123054e-17,2.6182299594786863e-16
1,lbfgs,1749,250.0,600.0,1.3585835163939407e-07,1.0339074230796847e-07,1.609454209096136e-08,1.2477916925004369e-08,7.481828329200275e-08,3.2372513166950176e-08,0.0,4.0120743377359713e-16,2.565174671214381e-17,2.610482899110237e-16
1,lbfgs,1759,250.0,600.0,1.3565398488877259e-07,1.0333967870831344e-07,1.6217776504341553e-08,1.2432405386377482e-08,7.468949681759441e-08,3.22192100021061e-08,0.0,4.014321696143376e-16,2.5757015105117808e-17,2.6050075420255595e-16
1,lbfgs,1769,250.0,600.0,1.3547511499244455e-07,1.0317682530987205e-07,1.616144542102219e-08,1.2403162790860125e-08,7.461221709798973e-08,3.2203193502846634e-08,0.0,4.003136761490153e-16,2.5555207371099514e-17,2.599360155661675e-16
1,lbfgs,1779,250.0,600.0,1.3530741359113466e-07,1.0302758957963169e-07,1.6129097443893803e-08,1.2378924376779255e-08,7.451956775895863e-08,3.218472782923819e-08,0.0,3.9950477412644853e-16,2.5392535899878648e-17,2.593039502749082e-16
1,lbfgs,1789,250.0,600.0,1.350968727258922e-07,1.027828384335585e-07,1.604608677335004e-08,1.2357964124831612e-08,7.437878753537684e-08,3.221893810976059e-08,0.0,3.984166680004164e-16,2.5097998167101907e-17,2.5835374152614536e-16
1,lbfgs,1799,250.0,600.0,1.349301742609751e-07,1.0268430241071576e-07,1.6063250516300843e-08,1.2328512885473138e-08,7.429253900894178e-08,3.215077566190626e-08,0.0,3.9784591200034333e-16,2.5032898191563192e-17,2.577761294587728e-16
1,lbfgs,1809,250.0,600.0,1.3472396731280204e-07,1.026349158792446e-07,1.6135026773636682e-08,1.2282004429730455e-08,7.421788467587747e-08,3.1993955234230594e-08,0.0,3.9749239951535693e-16,2.504831538733967e-17,2.5728600797278585e-16
1,lbfgs,1819,250.0,600.0,1.3455754623925782e-07,1.0246933273687579e-07,1.609629690147817e-08,1.2259455355344195e-08,7.411358048005342e-08,3.199311730091143e-08,0.0,3.966592169435304e-16,2.4878449250889992e-17,2.566602991686837e-16
1,lbfgs,1829,250.0,600.0,1.3435718839622238e-07,1.0216963882090627e-07,1.5997317614033e-08,1.2243730545375994e-08,7.392859066149728e-08,3.209245337493893e-08,0.0,3.9616195600694185e-16,2.4554012535529018e-17,2.5574378684864327e-16
1,lbfgs,1839,250.0,600.0,1.3418961291363587e-07,1.020965286297034e-07,1.6020610767373823e-08,1.2214386870947066e-08,7.386153099138252e-08,3.199798807723681e-08,0.0,3.9524728808207557e-16,2.4507640260898038e-17,2.551355783558055e-16
1,lbfgs,1849,250.0,600.0,1.33998275540659e-07,1.0214656250523794e-07,1.6120228383910918e-08,1.2169202948333101e-08,7.385713117299393e-08,3.175661681590149e-08,0.0,3.951834977933199e-16,2.458322616748875e-17,2.546858230582493e-16
1,lbfgs,1859,250.0,600.0,1.338266257867752e-07,1.0194139734206327e-07,1.6068738115264838e-08,1.2146282357333896e-08,7.372637686946453e-08,3.179013222372906e-08,0.0,3.93956542240319e-16,2.4393156200883975e-17,2.54067023495106e-16
1,lbfgs,1869,250.0,600.0,1.3366734368026706e-07,1.0178309240106006e-07,1.604190078381807e-08,1.2124923734899673e-08,7.361626788234231e-08,3.17891550554686e-08,0.0,3.9330212261269954e-16,2.4247554679924442e-17,2.534551668172832e-16
1,lbfgs,1879,250.0,600.0,1.3346919097796186e-07,1.0150419266397403e-07,1.597799607714687e-08,1.2105158548234626e-08,7.342103803859254e-08,3.186990208923778e-08,0.0,3.931424802924713e-16,2.399068108584469e-17,2.525618135854431e-16
1,lbfgs,1889,250.0,600.0,1.3330958355542996e-07,1.0143385811472579e-07,1.5990159195368573e-08,1.2078977092596003e-08,7.336472182676121e-08,3.178062921025217e-08,0.0,3.9218094392880383e-16,2.393217539371706e-17,2.520216757773631e-16
1,lbfgs,1899,250.0,600.0,1.3311867046478554e-07,1.0146254648053711e-07,1.6051043308510294e-08,1.2041304158625625e-08,7.33701990134012e-08,3.1561027743195535e-08,0.0,3.916536594311604e-16,2.3948503048622248e-17,2.515247995365763e-16
1,lbfgs,1909,250.0,600.0,1.3295646648724174e-07,1.0126853212749471e-07,1.6014504353300022e-08,1.2019091440371689e-08,7.3234936333823e-08,3.159283811654827e-08,0.0,3.9072242600436654e-16,2.3784009413710823e-17,2.5091821855232947e-16
1,lbfgs,1919,250.0,600.0,1.32802600108563e-07,1.0111896956653337e-07,1.5995090480909005e-08,1.1998075191100829e-08,7.312580389452353e-08,3.158853429566721e-08,0.0,3.90187718534669e-16,2.365512691301849e-17,2.503324585247015e-16
1,lbfgs,1929,250.0,600.0,1.3260846279784823e-07,1.0086240899502127e-07,1.5951976319122864e-08,1.197516111043425e-08,7.293527156546415e-08,3.165095755412953e-08,0.0,3.9019368593140813e-16,2.344063176358315e-17,2.4949835293924393e-16
1,lbfgs,1939,250.0,600.0,1.324547304020553e-07,1.007907955459438e-07,1.5957623433754232e-08,1.1952114841453321e-08,7.288105727073624e-08,3.1568838602127496e-08,0.0,3.8924507245358156e-16,2.3375767721384635e-17,2.4897827704153837e-16
1,lbfgs,1949,250.0,600.0,1.3226664773161594e-07,1.0079857426506044e-07,1.599558096417666e-08,1.1921233144361218e-08,7.288176015652256e-08,3.1372977203385966e-08,0.0,3.8844660865291755e-16,2.335941878762138e-17,2.484317678821058e-16
1,lbfgs,1959,250.0,600.0,1.321112493554508e-07,1.0061741041945213e-07,1.596854960477822e-08,1.1899046753517918e-08,7.274981406115599e-08,3.1398742670208605e-08,0.0,3.8773418671909927e-16,2.3212948554419933e-17,2.4785057421115287e-16
1,lbfgs,1969,250.0,600.0,1.319333877539764e-07,1.0027293716361158e-07,1.591481369449564e-08,1.1873831552574544e-08,7.24842919165414e-08,3.156535432406289e-08,0.0,3.8948168174034826e-16,2.2941025145826214e-17,2.470552723907758e-16
1,lbfgs,1979,250.0,600.0,1.3177252258058334e-07,1.0023953887489421e-07,1.5922873353781435e-08,1.185385169143242e-08,7.246281382968035e-08,3.143788743331272e-08,0.0,3.873607480567665e-16,2.2908192044369383e-17,2.465100517532453e-16
1,lbfgs,1989,250.0,600.0,1.3162381051446403e-07,1.0016612457334022e-07,1.5924886894416234e-08,1.1833372460270881e-08,7.24078652186531e-08,3.1362589663730854e-08,0.0,3.8645483654820186e-16,2.2841078334717962e-17,2.459985601609095e-16
1,lbfgs,1999,250.0,600.0,1.314394010717829e-07,1.0015623288256731e-07,1.5949364143540976e-08,1.1807710270794254e-08,7.239915846823207e-08,3.118807190353901e-08,0.0,3.8550790838017926e-16,2.2807759748693756e-17,2.4541735689534683e-16
1,lbfgs,2009,250.0,600.0,1.3128967737730686e-07,9.998727338924292e-08,1.592838018463948e-08,1.178579898828123e-08,7.227309421632221e-08,3.1207307699445494e-08,0.0,3.849557505182574e-16,2.2674280701962752e-17,2.448613044153881e-16
1,lbfgs,2019,250.0,600.0,1.3111377795817934e-07,9.967243006066073e-08,1.5888710272779454e-08,1.1757627838102108e-08,7.202609194977917e-08,3.1346251607343275e-08,0.0,3.865723172499786e-16,2.2432788731168924e-17,2.441114764167285e-16
1,lbfgs,2029,250.0,600.0,1.3095999458456442e-07,9.963411261235834e-08,1.5892962128882114e-08,1.174065912002219e-08,7.200049136345403e-08,3.123078567630728e-08,0.0,3.8466607155684245e-16,2.239621042486178e-17,2.435862328998448e-16
1,lbfgs,2039,250.0,600.0,1.3081585600307248e-07,9.955924416072918e-08,1.5893015229119286e-08,1.1722243800975187e-08,7.194398513063471e-08,3.1161515541606054e-08,0.0,3.8381551753812946e-16,2.232928555391566e-17,2.430814402412158e-16
1,lbfgs,2049,250.0,600.0,1.3063543649175638e-07,9.953502204648194e-08,1.5909488203852707e-08,1.1700492375563298e-08,7.192504146706594e-08,3.100531813684345e-08,0.0,3.827966122221797e-16,2.228780061071512e-17,2.4247980210972407e-16
1,lbfgs,2059,250.0,600.0,1.3049077094126273e-07,9.937706795550204e-08,1.58924597268076e-08,1.1679174850835363e-08,7.180543337785908e-08,3.1018606674168056e-08,0.0,3.8236257039117654e-16,2.2164178875029463e-17,2.419458131488815e-16
1,lbfgs,2069,250.0,600.0,1.3031751627582138e-07,9.908847050040159e-08,1.5861280268718948e-08,1.1649713221085105e-08,7.157747701059754e-08,3.113394946155862e-08,0.0,3.8382204551860285e-16,2.1944148652910242e-17,2.412373637024983e-16
1,lbfgs,2079,250.0,600.0,1.301698732043268e-07,9.904551567556137e-08,1.5863531099247544e-08,1.163499677392744e-08,7.154698780238639e-08,3.102926120943393e-08,0.0,3.821179934533559e-16,2.1906071871111442e-17,2.4072445052177576e-16
1,lbfgs,2089,250.0,600.0,1.3003001153616094e-07,9.896966985832361e-08,1.586256081864011e-08,1.161827536218968e-08,7.148883367749383e-08,3.096524535379045e-08,0.0,3.8132648295807557e-16,2.184061300327917e-17,2.4022666168581584e-16
1,lbfgs,2099,250.0,600.0,1.2985369680362458e-07,9.89338732479944e-08,1.5874160827768872e-08,1.1599481665071312e-08,7.146023075515422e-08,3.082472722429514e-08,0.0,3.8028277237646905e-16,2.1795561028158816e-17,2.3961465358639884e-16
1,lbfgs,2109,250.0,600.0,1.2971367711633138e-07,9.878578887744112e-08,1.5859849973324656e-08,1.1578998169224479e-08,7.134694073489198e-08,3.083279190423612e-08,0.0,3.7993710100804793e-16,2.1680029302396095e-17,2.391000997472819e-16
1,lbfgs,2119,250.0,600.0,1.2954345314319824e-07,9.852022301784248e-08,1.583402070606595e-08,1.1549350352557058e-08,7.113685195921947e-08,3.092813378792711e-08,0.0,3.8123874500078066e-16,2.1476369085854474e-17,2.3842656026689535e-16
1,lbfgs,2129,250.0,600.0,1.2940129955279698e-07,9.847326198647371e-08,1.583524866289602e-08,1.1536359343503473e-08,7.110165398007421e-08,3.0832941223615004e-08,0.0,3.7971730286792584e-16,2.1438040731727736e-17,2.3792364514354415e-16
1,lbfgs,2139,250.0,600.0,1.2924181104970113e-07,9.855158745332189e-08,1.5869412273067372e-08,1.1530837216218984e-08,7.115133796403553e-08,3.059512724455041e-08,0.0,3.7882628368656214e-16,2.1482506531000175e-17,2.3733196834713593e-16
1,lbfgs,2149,250.0,600.0,1.2909330031360578e-07,9.835178512127226e-08,1.584230442263105e-08,1.150456523110374e-08,7.100491546753747e-08,3.0646418838005624e-08,0.0,3.779446356831392e-16,2.132844888935462e-17,2.368183023271292e-16
2,adam,0,600.0,1090.0,0.01570951071421304,0.01178213296737203,0.009372027513938102,0.0011076756129685813,0.0013024298404653472,0.003927377655790678,0.0,4.2403374039408426e-09,1.478751436110671e-11,4.915168644620002e-11
2,adam,24,600.0,1090.0,0.003006997555812746,0.002275241664874638,0.00047903921043212914,0.0008160323727470495,0.000980170081695459,0.0007317557998095834,0.0,9.789425535651287e-10,1.1146359304990636e-11,3.841507629544086e-11
2,adam,49,600.0,1090.0,0.0014679203779627962,0.0011960120401283223,5.8505798113540687e-05,0.00033564836724673576,0.0008018578747680459,0.00027190824566289846,0.0,1.4546183478072464e-10,6.1417271275593545e-12,4.4138097561508096e-11
2,adam,74,600.0,1090.0,0.0010635924911296451,0.0007993353012308222,9.696889275664127e-06,0.0006226807782666213,0.00016695763368853683,0.00026425709667912326,0.0,6.565512621030505e-11,2.894811680319957e-11,1.4067250420907315e-11
2,adam,99,600.0,1090.0,0.00024307102018688393,0.00017128604972974142,3.093359058747523e-06,8.337671645504551e-05,8.481597421594838e-05,7.178487617516464e-05,0.0,2.9895073536344013e-11,3.2461349754622208e-12,1.3891628194621807e-11
2,adam,124,600.0,1090.0,9.546041918014311e-05,6.475100113375256e-05,1.7322063603183454e-06,2.7033026303991984e-05,3.598576846944222e-05,3.070932281819214e-05,0.0,1.486053751739866e-11,2.382037358219159e-12,9.254023615694485e-12
2,adam,149,600.0,1090.0,9.076685226581846e-05,6.078342527677041e-05,2.2557169374893155e-06,4.1315568847854055e-05,1.721213949142704e-05,2.9983331369012976e-05,0.0,3.220964001673521e-11,9.235340553354313e-12,2.6107681695309402e-12
2,adam,174,600.0,1090.0,4.9177917128929726e-05,3.061587095601652e-05,1.2899535171662694e-06,2.0124084466065634e-05,9.201832972784617e-06,1.8561950458348355e-05,0.0,1.0849840272346202e-11,2.337086395003831e-12,3.4124433754006376e-12
2,adam,199,600.0,1090.0,2.790711705329267e-05,1.760000744089515e-05,9.450942929564927e-07,1.3204681006053526e-05,3.450232141885132e-06,1.0307013551117097e-05,0.0,1.0612861893860391e-11,2.6602480300729102e-12,7.699646364296363e-13
2,adam,224,600.0,1090.0,0.00044740532272801386,0.0003309236137788344,1.3021527657107245e-05,0.0002329822225145503,8.491986360717682e-05,0.0001164816128291103,0.0,2.1049488391533886e-10,5.82899337202871e-11,6.255732033124457e-11
2,adam,249,600.0,1090.0,1.3954101026912565e-05,8.387760645832338e-06,4.2242087910006917e-07,5.630719467933528e-06,2.3346202987987404e-06,5.566244258258375e-06,0.0,3.2459655390038766e-12,1.044316237454861e-12,7.311035792214101e-13
2,adam,274,600.0,1090.0,9.013754602773839e-06,5.074592770225183e-06,3.3145279534853055e-07,2.54389020636493e-06,2.199249768511723e-06,3.9390655721955005e-06,0.0,2.106116803224208e-12,1.7609256030778786e-13,6.116585076929631e-13
2,adam,299,600.0,1090.0,7.344659483944263e-06,4.557631954988499e-06,2.049868996845745e-07,2.3477381288470882e-06,2.0049069264568366e-06,2.786931156042819e-06,0.0,1.464036598195689e-12,2.1260246762750345e-13,4.780359973281767e-13
2,adam,324,600.0,1090.0,7.12259370530953e-06,4.510525764265105e-06,1.791136971761424e-07,1.936094886040521e-06,2.395317181048442e-06,2.6119715033409793e-06,0.0,1.1875641705509453e-12,1.7208770737067589e-13,7.26049206732225e-13
2,adam,349,600.0,1090.0,2.174140963102049e-05,1.642281264692805e-05,1.1763251249290577e-06,7.184702864483518e-06,8.061784657515472e-06,5.318500844749727e-06,0.0,1.2096489091160617e-11,9.792068024600263e-13,3.663977736148955e-12
2,adam,374,600.0,1090.0,7.0494952524554515e-06,4.5151869774244695e-06,1.387717541919206e-07,2.4727975567388676e-06,1.9036176664936817e-06,2.5342119624477863e-06,0.0,1.4036685930926875e-12,3.386151816742707e-13,6.868614671429324e-13
2,adam,399,600.0,1090.0,4.466570836044124e-06,3.1172480963685576e-06,1.1534569746592297e-07,1.7173400038606283e-06,1.2845623950420063e-06,1.349226295703386e-06,0.0,1.1439106451363403e-12,1.8102917144493433e-13,2.655315549925085e-13
2,adam,424,600.0,1090.0,3.5223661631410853e-06,2.395726031564106e-06,5.974645379521741e-08,1.1184067489550293e-06,1.2175728288138592e-06,1.1265436486331494e-06,0.0,4.4763103775745227e-13,6.278723129954148e-14,2.753983346496775e-13
2,adam,449,600.0,1090.0,3.0341708345653555e-06,2.1118078479909803e-06,5.22555425484201e-08,9.675014474639827e-07,1.0920508579785772e-06,9.222664554990563e-07,0.0,4.0832772423127096e-13,5.3588933907342056e-14,2.47362832470899e-13
2,adam,474,600.0,1090.0,2.783298538434986e-06,1.9671810659380846e-06,5.30485703724544e-08,8.759419680694582e-07,1.038190527496172e-06,8.160208956458716e-07,0.0,4.1269100770893264e-13,6.309794602104848e-14,2.639560804417645e-13
2,adam,499,600.0,1090.0,0.00013914491967909005,9.271792251629185e-05,4.86470715673933e-06,4.458984034354704e-05,4.3263375016005475e-05,4.642690079409009e-05,0.0,6.513805731885475e-11,1.0904341440624726e-11,2.572470506520161e-11
2,adam,524,600.0,1090.0,1.2107957336389864e-05,8.763316838870807e-06,4.700767447337806e-07,5.42433518113883e-06,2.8689049129981976e-06,3.3445440045705803e-06,0.0,7.38743849016586e-12,1.3207612750456652e-12,1.8815051149173745e-12
2,adam,549,600.0,1090.0,1.6624916603767052e-06,1.2899887808935936e-06,8.095774406888306e-08,5.691547551306335e-07,6.398762816940771e-07,3.7240629524089007e-07,0.0,8.426037138344899e-13,3.530809941869665e-14,1.8052088100074671e-13
2,adam,574,600.0,1090.0,1.536031047987185e-06,1.2466582830071522e-06,5.225764997234483e-08,6.868969184495486e-07,5.075037145852587e-07,2.8927614671429886e-07,0.0,5.815243152936771e-13,7.35350039696444e-14,1.7575463401679162e-13
2,adam,599,600.0,1090.0,2.4504189879313566e-06,1.939846316314879e-06,7.329508891471796e-08,1.3159586541409517e-06,5.505925732592092e-07,5.104760213583338e-07,0.0,9.66470515564943e-13,2.519851159224297e-13,2.8642505705724537e-13
2,adam,624,600.0,1090.0,1.156177628933608e-05,9.776159047215784e-06,4.111171187567531e-07,8.442337893366244e-06,9.227040350927871e-07,1.7855207394192424e-06,0.0,5.382197560732093e-12,1.4683025388006968e-12,4.152706498469129e-13
2,adam,649,600.0,1090.0,7.816434145555814e-06,5.648380791051076e-06,2.849977317989331e-07,3.847519312055852e-06,1.5158637471962904e-06,2.167956746204035e-06,0.0,3.3973661501527512e-12,9.812611413293392e-13,1.1480630603331802e-12
2,adam,674,600.0,1090.0,7.954509926429095e-07,7.071136214422105e-07,5.5073162848120344e-08,3.541398845369825e-07,2.979005740571077e-07,8.824072082945829e-08,0.0,4.852181156874881e-13,3.722264525439674e-14,1.2404310298390226e-13
2,adam,699,600.0,1090.0,2.250829982110423e-06,1.71741672733214e-06,6.575010768854262e-08,1.1525367281931714e-06,4.991298914504261e-07,5.333165818976013e-07,0.0,7.66420951929796e-13,2.586029550347994e-13,2.776452738281479e-13
2,adam,724,600.0,1090.0,3.185503745980499e-05,2.271480713381737e-05,1.2745147684605376e-06,1.386523220542191e-05,7.575060159934922e-06,9.140133741196705e-06,0.0,1.0979917067121276e-11,3.840329998238267e-12,4.801489466067488e-12
2,adam,749,600.0,1090.0,1.1691187809814167e-06,9.91739905944902e-07,7.871542498974048e-08,6.896702225725506e-07,2.2335425838261115e-07,1.772822234760847e-07,0.0,5.364892100210695e-13,1.082802511327751e-13,9.718148363831585e-14
2,adam,774,600.0,1090.0,6.014390442445301e-07,5.538444207873424e-07,4.822663776927701e-08,2.770556552721875e-07,2.2856212774587785e-07,4.74979509043402e-08,0.0,3.8528536612927515e-13,4.0526192789183356e-14,1.0409071611609952e-13
2,adam,799,600.0,1090.0,5.176598825226975e-05,3.559451211559355e-05,1.177116803066755e-06,2.2898894957636804e-05,1.151850035488999e-05,1.6171379527921936e-05,0.0,1.55119327578861e-11,6.2788217220000775e-12,7.857279693003649e-12
2,adam,824,600.0,1090.0,1.5295975634105222e-06,1.2577524301969511e-06,9.15680388512227e-08,9.911460235489175e-07,1.7503836779681082e-07,2.717484964725747e-07,0.0,6.809664189777637e-13,1.6193024740957955e-13,8.778642688231873e-14
2,adam,849,600.0,1090.0,1.4854166542867295e-05,1.139523710946942e-05,4.0411913433484285e-07,8.53802221004176e-06,2.4530957650928154e-06,3.458832771608404e-06,0.0,5.3441141077402225e-12,2.2320829370182965e-12,1.7388448632218236e-12
2,adam,874,600.0,1090.0,9.984178966325386e-06,7.160335380195996e-06,2.0704494988227022e-07,5.626475602405157e-06,1.326814827908568e-06,2.8237469163793912e-06,0.0,2.8578557868495498e-12,1.4041483419522656e-12,1.0327654024134542e-12
2,adam,899,600.0,1090.0,1.9188876088790936e-05,1.5140812426339352e-05,3.688272879698432e-07,1.177928464197215e-05,2.9927004963973604e-06,4.047967027784499e-06,0.0,4.926098066339834e-12,3.1573288270136363e-12,1.7764914791257702e-12
2,adam,924,600.0,1090.0,2.0726500016419726e-05,1.4505499596464388e-05,5.415216276705257e-07,1.0574159646059214e-05,3.389818322734648e-06,6.220903771804684e-06,0.0,7.2583658508634606e-12,2.684456860448244e-12,2.893386101435859e-12
2,adam,949,600.0,1090.0,8.598888439734965e-06,6.204949268277507e-06,2.1931441151644389e-07,4.848439773079597e-06,1.1371950836814657e-06,2.3938425309081262e-06,0.0,3.0525271347795594e-12,1.1709179042062785e-12,9.211808941102958e-13
2,adam,974,600.0,1090.0,3.244610775820011e-05,2.3989593629431524e-05,7.169726284410042e-07,1.8326983425178626e-05,4.945637575811892e-06,8.456417478407094e-06,0.0,1.0931823376711887e-11,4.879298820072552e-12,3.805614859271072e-12
2,adam,999,600.0,1090.0,4.8317980400250795e-05,3.425910907951943e-05,1.1865562826126373e-06,2.761738837004438e-05,5.45516442686241e-06,1.4058774739483296e-05,0.0,1.620008074006435e-11,6.703335968664327e-12,4.796872927409008e-12
2,adam,1024,600.0,1090.0,5.0643136540575895e-06,3.6022343656593534e-06,1.4110024623763362e-07,2.828504798153922e-06,6.326293212677979e-07,1.4619826793555043e-06,0.0,1.6489633100193144e-12,6.774426895224773e-13,4.5201091219728863e-13
2,adam,1049,600.0,1090.0,3.664314151538366e-07,3.3631478811694124e-07,1.5046649503807004e-08,1.9426152261008822e-07,1.2700661600304601e-07,3.00200138918385e-08,0.0,1.579761373489498e-13,3.5625258508996934e-14,5.6764862833843323e-14
2,adam,1074,600.0,1090.0,8.757883956995922e-05,6.39251225812188e-05,1.912747846143785e-06,5.3335084158797386e-05,8.677290576277629e-06,2.365362040079344e-05,0.0,2.7621968092775103e-11,1.308597768461112e-11,6.706599257949037e-12
2,adam,1099,600.0,1090.0,4.027537513355481e-05,2.9742780200531626e-05,9.792883026240145e-07,2.1794596124383185e-05,6.968895773524425e-06,1.0532498358982452e-05,0.0,1.616636071302807e-11,5.782752673176362e-12,5.141592857243463e-12
2,adam,1124,600.0,1090.0,3.915291336801112e-06,2.8809859142934007e-06,1.4187258607382485e-07,1.6454175594518836e-06,1.0936957687676923e-06,1.0342088573570162e-06,0.0,2.0008617116899674e-12,4.521121535085433e-13,7.432655520090323e-13
2,adam,1149,600.0,1090.0,1.4101677289898906e-05,1.1147563652600609e-05,2.7323885732987736e-07,1.0234045530130517e-05,6.402792651402133e-07,2.9540171095489694e-06,0.0,5.484342832757598e-12,2.2516361896532813e-12,5.620156554856352e-13
2,adam,1174,600.0,1090.0,1.1999090326205787e-05,8.633286444337933e-06,2.631665624747906e-07,6.9274820502764996e-06,1.4426378315866428e-06,3.3657073226535515e-06,0.0,4.001605943034419e-12,1.7364276576677393e-12,1.1145770528193278e-12
2,adam,1199,600.0,1090.0,7.460693579157658e-06,5.075583650424128e-06,1.7184626513240858e-07,3.766861282405179e-06,1.1368761028865407e-06,2.3850133765017635e-06,0.0,2.6018535836306667e-12,9.4583477561977e-13,9.537170540959504e-13
2,adam,1224,600.0,1090.0,4.9818711600285055e-05,3.554798712945161e-05,1.0467763481599504e-06,2.901466306696408e-05,5.486547714327579e-06,1.4270627939080349e-05,0.0,1.52496122691201e-11,7.217861865725023e-12,4.470946096706896e-12
2,adam,1249,600.0,1090.0,7.497331228074596e-07,6.054399486043677e-07,1.1704528781050224e-08,5.066470952593211e-07,8.708832456399637e-08,1.4419664824160858e-07,0.0,1.1106755231337634e-13,8.739611704370057e-14,3.4140922242411906e-14
2,adam,1274,600.0,1090.0,3.5024242774745693e-06,3.069784362332331e-06,4.3480800853834833e-08,2.9133218555337683e-06,1.1298170594472766e-07,4.32543428510099e-07,0.0,9.216878646738707e-13,5.914329057225404e-13,5.64345343540633e-14
2,adam,1299,600.0,1090.0,1.7743489571916738e-05,1.3301299725536916e-05,3.7891430717859605e-07,1.0420499639552119e-05,2.5018857788062013e-06,4.4420933345213945e-06,0.0,5.670614046275155e-12,2.7945846437603564e-12,1.7837223777658415e-12
2,adam,1324,600.0,1090.0,1.9138285570944356e-05,1.4085665173245899e-05,4.297545480078945e-07,1.088575630625359e-05,2.7701543189844148e-06,5.05252388353003e-06,0.0,7.0580207547778274e-12,2.924206154145123e-12,2.121660214898022e-12
2,adam,1349,600.0,1090.0,7.266900927341704e-06,5.213579481251043e-06,2.0164030528961427e-07,3.237226986775032e-06,1.7747121891863964e-06,2.0532249825127004e-06,0.0,2.423408722263225e-12,9.0486717598328e-13,1.1383270758063226e-12
2,adam,1374,600.0,1090.0,1.1709883056036242e-06,9.129059631294043e-07,4.894212222171824e-08,5.451446977374743e-07,3.1881914317021165e-07,2.57985864051365e-07,0.0,4.732356419553497e-13,1.444529906762912e-13,1.8905161459857345e-13
2,adam,1399,600.0,1090.0,9.818308822240475e-06,6.733606036766164e-06,4.481314758974874e-07,2.6638844438857864e-06,3.6215901169828897e-06,3.0846063593365562e-06,0.0,5.401815623558415e-12,7.571152452343565e-13,2.4831964435421756e-12
2,lbfgs,1400,600.0,1090.0,1.6959840939446674e-06,1.609729464942005e-06,6.560487069870317e-08,9.574716203733987e-07,5.86652973869903e-07,8.615820553646855e-08,0.0,7.796327934405338e-13,1.4730823272533988e-13,3.395730590981375e-13
2,lbfgs,1409,600.0,1090.0,1.0015233487089637e-06,9.56192428821644e-07,7.264830074854941e-08,2.2439718295678985e-07,6.591469451163048e-07,4.523449592453848e-08,0.0,9.257376368385458e-13,3.9603353228462024e-14,3.251841131571687e-13
2,lbfgs,1419,600.0,1090.0,3.405134116908706e-07,2.8507112263275017e-07,2.1470402742903725e-08,9.172601337840608e-08,1.7187470651144036e-07,5.534586369421998e-08,0.0,1.456089308309929e-13,1.29428606083984e-14,8.48513083802247e-14
2,lbfgs,1429,600.0,1090.0,1.5992457533912702e-07,1.4467471922806272e-07,1.7357462437042974e-08,4.673126004429577e-08,8.058599674672397e-08,1.5153430309325512e-08,0.0,1.1664275357136612e-13,4.836368312243301e-15,2.3583419385690567e-14
2,lbfgs,1439,600.0,1090.0,1.1085147711639151e-07,1.0489239392534533e-07,1.4861834838594957e-08,4.2758784725367216e-08,4.727177436138316e-08,5.862657356173772e-09,0.0,8.499585656988169e-14,5.0108902393250605e-15,1.4734334168353396e-14
2,lbfgs,1449,600.0,1090.0,9.532958841572354e-08,9.116311638171744e-08,6.021859158904494e-09,4.137053767231984e-08,4.377071955049311e-08,4.0700460716168905e-09,0.0,3.256538822399714e-14,4.9871013050623025e-15,1.5759602159716628e-14
2,lbfgs,1459,600.0,1090.0,8.776179847055512e-08,8.522487063476231e-08,6.7476609319742345e-09,3.6984017844662636e-08,4.1493191858125444e-08,2.4405019469626393e-09,0.0,2.849516429921145e-14,3.92808437637835e-15,1.4949903818385032e-14
2,lbfgs,1469,600.0,1090.0,8.752339039985773e-08,8.498851875829838e-08,6.741505355924385e-09,3.681407901870611e-08,4.143293438366788e-08,2.438445754795906e-09,0.0,2.807163037410777e-14,3.921302681499175e-15,1.487752533208684e-14
2,lbfgs,1479,600.0,1090.0,8.724388319874511e-08,8.47386252899827e-08,6.7961722566666386e-09,3.669427247637032e-08,4.1248180556945747e-08,2.408832024852856e-09,0.0,2.7824790194697357e-14,3.916169888693667e-15,1.473474156634987e-14
2,lbfgs,1489,600.0,1090.0,8.703319663776176e-08,8.453405733379176e-08,6.775197552683515e-09,3.660618214846834e-08,4.11526776326399e-08,2.402713422726602e-09,0.0,2.760348343746698e-14,3.91015038818614e-15,1.4695970230335762e-14
2,lbfgs,1499,600.0,1090.0,8.677561275429415e-08,8.42724506672607e-08,6.7282792956576745e-09,3.64987291313974e-08,4.104544224020563e-08,2.406736208752968e-09,0.0,2.7284431989771493e-14,3.902061854075285e-15,1.4671009838250518e-14
2,lbfgs,1509,600.0,1090.0,8.658040714872557e-08,8.409465820384842e-08,6.766057244266673e-09,3.641285092726444e-08,4.091575003231732e-08,2.3893230693216623e-09,0.0,2.7134218977013614e-14,3.895750233053896e-15,1.458201384005738e-14
2,lbfgs,1519,600.0,1090.0,8.634273984865484e-08,8.388145587384741e-08,6.8390415309477145e-09,3.6306255953479154e-08,4.0736158389420544e-08,2.3648581027388325e-09,0.0,2.705957507632116e-14,3.889043829022379e-15,1.4436254927057805e-14
2,lbfgs,1529,600.0,1090.0,8.616071758815738e-08,8.370360745175308e-08,6.811375785554631e-09,3.622980320135313e-08,4.066242846484532e-08,2.3606842654186436e-09,0.0,2.6830680952208634e-14,3.884107570305697e-15,1.4415388801575046e-14
2,lbfgs,1539,600.0,1090.0,8.594195911632346e-08,8.348233451582389e-08,6.754956116321494e-09,3.613500249244517e-08,4.059237590705722e-08,2.3631987302215427e-09,0.0,2.6434161142978053e-14,3.877612344669768e-15,1.443844995109462e-14
2,lbfgs,1549,600.0,1090.0,8.577077306058666e-08,8.332306074773908e-08,6.795218192439738e-09,3.605881547248776e-08,4.046902708281159e-08,2.3512864446769837e-09,0.0,2.636745558862896e-14,3.8714730054867146e-15,1.4341935901830158e-14
2,lbfgs,1559,600.0,1090.0,8.557115035082892e-08,8.313560509990058e-08,6.880164798874246e-09,3.596951150838005e-08,4.028592879264629e-08,2.339119385846968e-09,0.0,2.6501614162630268e-14,3.865448357779465e-15,1.4155075382372701e-14
2,lbfgs,1569,600.0,1090.0,8.54077500784849e-08,8.297768266956308e-08,6.844890227366883e-09,3.5899887877751256e-08,4.023290456444494e-08,2.333641543716932e-09,0.0,2.6226218379515736e-14,3.860661595647691e-15,1.416310431384067e-14
2,lbfgs,1579,600.0,1090.0,8.522977980346914e-08,8.279536699043525e-08,6.775424599983734e-09,3.5813029569127946e-08,4.020691282132358e-08,2.3379869464983724e-09,0.0,2.5672306683863848e-14,3.8555214883260645e-15,1.4269067536519362e-14
2,lbfgs,1589,600.0,1090.0,8.506941549913291e-08,8.264535070219994e-08,6.818462086942413e-09,3.574454529194894e-08,4.0082343323308586e-08,2.3276389319892875e-09,0.0,2.5705712083843586e-14,3.8491444829672735e-15,1.414790309409248e-14
2,lbfgs,1599,600.0,1090.0,8.492597159284887e-08,8.250718547742605e-08,6.836744007690147e-09,3.5681881387278035e-08,3.998856008245787e-08,2.322360251104917e-09,0.0,2.5664288211221183e-14,3.844347920720213e-15,1.407413660962704e-14
2,lbfgs,1609,600.0,1090.0,8.475434192056079e-08,8.234022251322239e-08,6.8788499983375275e-09,3.5611083641572384e-08,3.985028887331248e-08,2.3176935441004064e-09,0.0,2.5780461083192256e-14,3.839462807269221e-15,1.3925259808119678e-14
2,lbfgs,1619,600.0,1090.0,8.461659137999062e-08,8.220593359662348e-08,6.866002418419121e-09,3.554711822155516e-08,3.9792812956649205e-08,2.3142319195135223e-09,0.0,2.5559458933930255e-14,3.8344297335124335e-15,1.3925171884213109e-14
2,lbfgs,1629,600.0,1090.0,8.446240467618091e-08,8.20479911850742e-08,6.834554607167558e-09,3.5462482442460126e-08,3.9750954135446506e-08,2.317987625458654e-09,0.0,2.5096908752179523e-14,3.829020364982425e-15,1.4006736519974262e-14
2,lbfgs,1639,600.0,1090.0,8.43264025552804e-08,8.191808529652244e-08,6.8550434882698955e-09,3.540720191833014e-08,3.965583988992241e-08,2.3118913932447964e-09,0.0,2.513199821150511e-14,3.8239188777606e-15,1.3910727244661814e-14
2,lbfgs,1649,600.0,1090.0,8.42029328310171e-08,8.179726580138791e-08,6.865824642017556e-09,3.535378035351581e-08,3.957766080585455e-08,2.3092411637084248e-09,0.0,2.5099532335519387e-14,3.819581945052505e-15,1.3848911753205367e-14
2,lbfgs,1659,600.0,1090.0,8.405444053568843e-08,8.16509964731442e-08,6.8930636714145725e-09,3.529545857766145e-08,3.9462474224068185e-08,2.307018196333517e-09,0.0,2.519743706765024e-14,3.8148694331593734e-15,1.3721125262981443e-14
2,lbfgs,1669,600.0,1090.0,8.393517252302877e-08,8.153285497480372e-08,6.886188637752853e-09,3.5237209516695084e-08,3.940945682035578e-08,2.305891680666521e-09,0.0,2.501471042464047e-14,3.810200717468293e-15,1.3720451138152396e-14
2,lbfgs,1679,600.0,1090.0,8.380082776744972e-08,8.139211625368863e-08,6.866490063605884e-09,3.515740565824478e-08,3.936822053183797e-08,2.3122856435490475e-09,0.0,2.4629650382422732e-14,3.805414677789592e-15,1.3792364796936314e-14
2,lbfgs,1689,600.0,1090.0,8.36824613465612e-08,8.127814552613811e-08,6.879023561361822e-09,3.5110873587914814e-08,3.928824837686146e-08,2.3078899493717166e-09,0.0,2.4658105103580232e-14,3.800708259037733e-15,1.3709952346531995e-14
2,lbfgs,1699,600.0,1090.0,8.357452089760105e-08,8.117136178817732e-08,6.8864171164100004e-09,3.506437737212208e-08,3.922056729964524e-08,2.3067332371195006e-09,0.0,2.463013244043594e-14,3.796614396275301e-15,1.3656257840973658e-14
2,lbfgs,1709,600.0,1090.0,8.344415882634498e-08,8.104228028850866e-08,6.906611189230203e-09,3.5015027198560026e-08,3.9120641900718436e-08,2.3054526641288625e-09,0.0,2.4710832328266115e-14,3.791878863076489e-15,1.3543419808798705e-14
2,lbfgs,1719,600.0,1090.0,8.333933892691486e-08,8.093662076873579e-08,6.9013453440652696e-09,3.4961990717780374e-08,3.9073284706890155e-08,2.3062922824062268e-09,0.0,2.4556443262921993e-14,3.787640801490473e-15,1.3543640733903676e-14
2,lbfgs,1729,600.0,1090.0,8.322053596717775e-08,8.080883726788565e-08,6.885854055875622e-09,3.4887185596072606e-08,3.903579761593743e-08,2.3152728200027704e-09,0.0,2.423104266656894e-14,3.783502203295803e-15,1.360964041582963e-14
2,lbfgs,1739,600.0,1090.0,8.311606487484389e-08,8.070773477256734e-08,6.894658124363023e-09,3.484712528343192e-08,3.89659513647724e-08,2.3119042213633087e-09,0.0,2.4252518425464056e-14,3.77899163055262e-15,1.3536789121590677e-14
2,lbfgs,1749,600.0,1090.0,8.302037849496347e-08,8.061222076156633e-08,6.899931014263436e-09,3.4806042183163636e-08,3.890624756413926e-08,2.3117318505011184e-09,0.0,2.4226578776517982e-14,3.775071767240532e-15,1.3489389043766466e-14
2,lbfgs,1759,600.0,1090.0,8.290428511312292e-08,8.049701932806474e-08,6.915630549162704e-09,3.476349962277644e-08,3.88178891561256e-08,2.3108398997979146e-09,0.0,2.429156035938226e-14,3.7703003012600464e-15,1.3388524493266194e-14
2,lbfgs,1769,600.0,1090.0,8.281093410985624e-08,8.040129624747745e-08,6.910740005591619e-09,3.4714945767154745e-08,3.877561047473109e-08,2.3132119744039307e-09,0.0,2.4158355440915174e-14,3.766436373833785e-15,1.3389648184806164e-14
2,lbfgs,1779,600.0,1090.0,8.270435321284537e-08,8.028365539083974e-08,6.897104074052059e-09,3.4644703121889025e-08,3.8741848194898656e-08,2.324271929730878e-09,0.0,2.387889176456939e-14,3.762820342129185e-15,1.3450729661320772e-14
2,lbfgs,1789,600.0,1090.0,8.261100184081954e-08,8.019297105592824e-08,6.903554478722389e-09,3.460966690602019e-08,3.867974967118566e-08,2.3216048903177606e-09,0.0,2.3893680883466778e-14,3.758456246182024e-15,1.3385526084340645e-14
2,lbfgs,1799,600.0,1090.0,8.252508248412713e-08,8.010654940463687e-08,6.907215127419875e-09,3.4572909405120416e-08,3.862642487209659e-08,2.3221071822935297e-09,0.0,2.3868217620678136e-14,3.754679722701717e-15,1.3343280267349692e-14
2,lbfgs,1809,600.0,1090.0,8.24203257928581e-08,8.000256086650909e-08,6.9195271675549124e-09,3.453567211055149e-08,3.8547361588402693e-08,2.3213390259438225e-09,0.0,2.3919030754688973e-14,3.7498956537785195e-15,1.3252493680335297e-14
2,lbfgs,1819,600.0,1090.0,8.233617147258185e-08,7.99148631515063e-08,6.9146378349017615e-09,3.44909101500743e-08,3.850931516653024e-08,2.3248824173800592e-09,0.0,2.3801856686479726e-14,3.7463357118908815e-15,1.3254245544379019e-14
2,lbfgs,1829,600.0,1090.0,8.223929645300415e-08,7.980534543524621e-08,6.901989933500752e-09,3.4424716572646717e-08,3.847863892909875e-08,2.337525109069082e-09,0.0,2.3558165268228162e-14,3.743114082700156e-15,1.3310752013476498e-14
2,lbfgs,1839,600.0,1090.0,8.215493420026186e-08,7.972316176953627e-08,6.906682851395116e-09,3.439366996338497e-08,3.842280895475619e-08,2.3353465191459546e-09,0.0,2.3566733487482597e-14,3.738882749298832e-15,1.3251988234847382e-14
2,lbfgs,1849,600.0,1090.0,8.207687895202035e-08,7.964414075567679e-08,6.909029232087191e-09,3.436041025580909e-08,3.837470126778052e-08,2.336312281576074e-09,0.0,2.3540819299982633e-14,3.735231446734074e-15,1.3214065794123739e-14
2,lbfgs,1859,600.0,1090.0,8.198122339797749e-08,7.95492699392417e-08,6.91861951483771e-09,3.4327348638488074e-08,3.8303301785915916e-08,2.3355275400141873e-09,0.0,2.3579032104719556e-14,3.730460651491376e-15,1.3131949449648402e-14
2,lbfgs,1869,600.0,1090.0,8.190451971937269e-08,7.946814256191076e-08,6.913615074265574e-09,3.4285804535375026e-08,3.8268722952270154e-08,2.3399512349422584e-09,0.0,2.3474184701346476e-14,3.727144478140687e-15,1.3134051479291552e-14
2,lbfgs,1879,600.0,1090.0,8.181543861755222e-08,7.93652465159971e-08,6.901570823426624e-09,3.4223194969956794e-08,3.824048072261368e-08,2.353766173432043e-09,0.0,2.3258720958079622e-14,3.72421232464683e-15,1.3186192412025332e-14
2,lbfgs,1889,600.0,1090.0,8.173841515850742e-08,7.929005801043705e-08,6.904863910590705e-09,3.419534771251828e-08,3.8189846387328067e-08,2.3519312165336267e-09,0.0,2.3261657594190278e-14,3.7201082279319695e-15,1.3132971612091311e-14
2,lbfgs,1899,600.0,1090.0,8.166675803484308e-08,7.921712509396248e-08,6.906120778281898e-09,3.416494357810198e-08,3.8146060737578604e-08,2.353207005657525e-09,0.0,2.3234819805416476e-14,3.7165693072401296e-15,1.309872293280844e-14
2,lbfgs,1909,600.0,1090.0,8.157849141782166e-08,7.912974521045195e-08,6.913481418838615e-09,3.413519688454308e-08,3.808106690707025e-08,2.3523202675329162e-09,0.0,2.3262006164011675e-14,3.711835085503557e-15,1.3024143479633138e-14
2,lbfgs,1919,600.0,1090.0,8.150788575250437e-08,7.905406104181735e-08,6.908337239701307e-09,3.4096395368821716e-08,3.804932843329432e-08,2.3573987666046455e-09,0.0,2.316680599456687e-14,3.708714092232334e-15,1.3026378119544098e-14
2,lbfgs,1929,600.0,1090.0,8.142513866524726e-08,7.895665661995306e-08,6.896699680082066e-09,3.403697418908557e-08,3.802298275078543e-08,2.3720560950724476e-09,0.0,2.297393669134862e-14,3.7059890700618e-15,1.307436339574254e-14
2,lbfgs,1939,600.0,1090.0,8.135416534919179e-08,7.888728030412142e-08,6.898858602269305e-09,3.401171245032102e-08,3.797670925153109e-08,2.3704590909723314e-09,0.0,2.2971913781494773e-14,3.7020090693301346e-15,1.3025961923474456e-14
2,lbfgs,1949,600.0,1090.0,8.128777001904796e-08,7.881940827881528e-08,6.8992161801326525e-09,3.3983655044517154e-08,3.793653705416547e-08,2.371935782007682e-09,0.0,2.2943987613553245e-14,3.69857306121673e-15,1.2994862249000373e-14
2,lbfgs,1959,600.0,1090.0,8.120557200806742e-08,7.873824426928219e-08,6.904745045710096e-09,3.3956550628918185e-08,3.78769485946539e-08,2.370901775362297e-09,0.0,2.296166542597529e-14,3.693894568449841e-15,1.2926880776842556e-14
2,lbfgs,1969,600.0,1090.0,8.114001009536652e-08,7.866712840647088e-08,6.89947278154294e-09,3.392010633877415e-08,3.7847549286153783e-08,2.3764557208326882e-09,0.0,2.2874178828144768e-14,3.690930580446267e-15,1.2929088648434725e-14
2,lbfgs,1979,600.0,1090.0,8.106247545023798e-08,7.857435619525152e-08,6.888138274566725e-09,3.386353930190104e-08,3.7822678618783744e-08,2.391693280313181e-09,0.0,2.269968248789898e-14,3.688349538606972e-15,1.2973144586466601e-14
2,lbfgs,1989,600.0,1090.0,8.099653896438273e-08,7.85098543353097e-08,6.8893768464375e-09,3.384037877622079e-08,3.77800987126514e-08,2.390258650113579e-09,0.0,2.269339515023981e-14,3.684490933010362e-15,1.2928961826460932e-14
2,lbfgs,1999,600.0,1090.0,8.093451809235214e-08,7.84462375147037e-08,6.888999502149878e-09,3.381426515562306e-08,3.7742972856930766e-08,2.391854594172101e-09,0.0,2.2664412906866023e-14,3.681150635117157e-15,1.2900580337568714e-14
2,lbfgs,2009,600.0,1090.0,8.085736320274988e-08,7.837027889273659e-08,6.8930281021483245e-09,3.378926917096868e-08,3.7687981619619586e-08,2.390658320820953e-09,0.0,2.2674000863681228e-14,3.676542727153388e-15,1.2838407891749731e-14
2,lbfgs,2019,600.0,1090.0,8.079601738563525e-08,7.830304433103883e-08,6.88765509467034e-09,3.375486664756337e-08,3.766052258880513e-08,2.3965470604160293e-09,0.0,2.25928311250221e-14,3.6737059208039694e-15,1.2840476981162902e-14
2,lbfgs,2029,600.0,1090.0,8.07228248374612e-08,7.821426016073156e-08,6.876565634728233e-09,3.370089033952972e-08,3.763680418647361e-08,2.412138675525247e-09,0.0,2.2433527186162548e-14,3.671221816109176e-15,1.2880834226071478e-14
2,lbfgs,2039,600.0,1090.0,8.066112478445439e-08,7.815388066176561e-08,6.877067107891049e-09,3.3679437543419424e-08,3.759737601045514e-08,2.4108181168344994e-09,0.0,2.2423656268253705e-14,3.667481745410659e-15,1.2840367333419922e-14
2,lbfgs,2049,600.0,1090.0,8.060278084497624e-08,7.809387778653427e-08,6.876097695991092e-09,3.365494162639209e-08,3.756283846415108e-08,2.4124770477254616e-09,0.0,2.2393764797436988e-14,3.664231203186463e-15,1.2814349069989537e-14
2,lbfgs,2059,600.0,1090.0,8.052986589761894e-08,7.80223119567734e-08,6.8789022204778365e-09,3.363162153194744e-08,3.751178820434811e-08,2.4111279239527764e-09,0.0,2.2396545818828054e-14,3.659704624862818e-15,1.2757324439117187e-14
2,lbfgs,2069,600.0,1090.0,8.047208218863151e-08,7.795842042012477e-08,6.8734625767432405e-09,3.3599006838171286e-08,3.748595100521024e-08,2.417235746318702e-09,0.0,2.2320684274286457e-14,3.6569720969083606e-15,1.2759175014172132e-14
2,lbfgs,2079,600.0,1090.0,8.040255289173807e-08,7.787312856349588e-08,6.862598218111359e-09,3.3547398053181947e-08,3.7463132292202576e-08,2.4329982986664335e-09,0.0,2.21741777776522e-14,3.654550578486861e-15,1.279605903068655e-14
2,lbfgs,2089,600.0,1090.0,8.034445061712862e-08,7.781626508400668e-08,6.8625112543029204e-09,3.352733820436835e-08,3.7426415625335405e-08,2.4317594985731868e-09,0.0,2.2161349412327214e-14,3.650925390770766e-15,1.2758885675277073e-14
2,lbfgs,2099,600.0,1090.0,8.028923058790165e-08,7.775936154680011e-08,6.861071125941606e-09,3.350419578459718e-08,3.739409463626132e-08,2.433443001384172e-09,0.0,2.2130751997562723e-14,3.6477595870802436e-15,1.2734936300424373e-14
2,lbfgs,2109,600.0,1090.0,8.02199225342559e-08,7.769154557564514e-08,6.862880421562852e-09,3.34822156998615e-08,3.734644945422078e-08,2.4319509123080033e-09,0.0,2.2127865209987028e-14,3.643322622456788e-15,1.268249401866114e-14
2,lbfgs,2119,600.0,1090.0,8.016517886256545e-08,7.763056536555756e-08,6.857412248694632e-09,3.345117507470987e-08,3.7321978042153066e-08,2.4381874451382706e-09,0.0,2.2056576926609276e-14,3.640676502813931e-15,1.2684073689702156e-14
2,lbfgs,2129,600.0,1090.0,8.00987795277574e-08,7.75483734477715e-08,6.846773969618194e-09,3.340173422004501e-08,3.7299865258108306e-08,2.4539800204083546e-09,0.0,2.192104242299288e-14,3.638291620246362e-15,1.2717713515490448e-14
2,lbfgs,2139,600.0,1090.0,8.004376065049225e-08,7.74945352492836e-08,6.846220196175791e-09,3.338281705327124e-08,3.726549799983656e-08,2.452799336370786e-09,0.0,2.1905818978382617e-14,3.634777883719747e-15,1.268347110729834e-14
2,lbfgs,2149,600.0,1090.0,7.998179284411318e-08,7.744106179043627e-08,6.854443367298676e-09,3.3376867342885325e-08,3.720975108025226e-08,2.4443049824073973e-09,0.0,2.1966360678363305e-14,3.6298853360087405e-15,1.259531479853549e-14
3,adam,0,1090.0,1776.0,0.0037202836081614205,0.0027902126389384276,0.0027385621876665814,1.637501783495181e-05,3.52754334368943e-05,0.0009300708796461422,0.0,8.680735385133226e-08,6.198863631974956e-12,4.475620104351181e-11
3,adam,24,1090.0,1776.0,0.0007243911020910923,0.0004973642554369929,0.0002267552283840627,1.5507024268595603e-05,0.0002551020027843346,0.00022702675789701223,0.0,1.338667905694058e-08,5.3692474948553035e-12,3.345571267533954e-10
3,adam,49,1090.0,1776.0,0.00042381812468190604,0.0003267101865927022,0.0001779673274556775,2.053770834527804e-05,0.00012820515079174665,9.710784925223889e-05,0.0,1.1417380309074737e-08,6.721350658560765e-12,1.5475359657287222e-10
3,adam,74,1090.0,1776.0,0.0002323154750517358,0.00020180986230253613,9.830422634399083e-05,2.2391658878022247e-05,8.111397708052304e-05,3.05055231910937e-05,0.0,6.384483512229803e-09,6.490599983553858e-12,8.431431420490444e-11
3,adam,99,1090.0,1776.0,0.00021958951745498157,0.00015967706888222883,3.639119331565447e-05,4.523303120404557e-05,7.805284436252879e-05,5.991235862185889e-05,0.0,2.4665103735477973e-09,8.829245920865152e-12,6.23144350221134e-11
3,adam,124,1090.0,1776.0,6.551974835115147e-05,5.038097762979773e-05,1.7939872160361254e-05,1.0863732602302977e-05,2.1577372867133498e-05,1.5138680645620935e-05,0.0,1.1949983850029028e-09,2.8521213492742602e-12,1.7536248232585146e-11
3,adam,149,1090.0,1776.0,3.040018500729045e-05,1.6844974529152386e-05,3.0377719218616846e-06,9.113931028523203e-06,4.693271578767498e-06,1.3555119772157168e-05,0.0,2.131053828212486e-10,1.9397294842220092e-12,4.651528952192365e-12
3,adam,174,1090.0,1776.0,5.6201417673921036e-05,3.9080663008584725e-05,9.196285635266034e-06,2.6310636310629537e-05,3.5737410626891526e-06,1.7120664110246937e-05,0.0,5.925372628675351e-10,3.9269535658715276e-12,2.940389278717521e-12
3,adam,199,1090.0,1776.0,8.609761308542171e-06,4.953868838253158e-06,1.7399190723711125e-06,1.6579927699711304e-06,1.5559569959109149e-06,3.655801385728876e-06,0.0,1.1342609902738439e-10,4.984361207743845e-13,1.4629072339396504e-12
3,adam,224,1090.0,1776.0,4.049421643726136e-06,2.056499796474858e-06,5.409689495887367e-07,7.491116200138077e-07,7.664192268723133e-07,1.9928304263093075e-06,0.0,3.8884652311984076e-11,2.335148758398982e-13,8.481655616568804e-13
3,adam,249,1090.0,1776.0,2.5520619320009682e-06,1.5309027840296036e-06,4.248619238767083e-07,4.7302037487459753e-07,6.330204852782978e-07,1.021067596383212e-06,0.0,3.155769348597409e-11,1.3767652478331045e-13,7.072576443136732e-13
3,adam,274,1090.0,1776.0,8.463487737546596e-05,5.126471014033025e-05,7.545128863220013e-07,4.188302672672312e-05,8.627170527285127e-06,3.3370075609333506e-05,0.0,6.30141190738379e-11,3.586489922450687e-12,2.9002461875467233e-12
3,adam,299,1090.0,1776.0,3.776500958661963e-06,3.0413359100137004e-06,1.081915688717417e-06,1.1785972151252256e-06,7.808230061710578e-07,7.350735521826885e-07,0.0,7.495962472788626e-11,1.941013533969413e-13,6.532230161899002e-13
3,adam,324,1090.0,1776.0,1.035858966086237e-06,7.823889417168387e-07,2.666855096609535e-07,2.0705486128944465e-07,3.0864857076644057e-07,2.5337831033648015e-07,0.0,1.9999022689822328e-11,4.991494473440443e-14,2.7830002076756076e-13
3,adam,349,1090.0,1776.0,1.2091550744131912e-06,9.159414524504966e-07,2.1922542487520847e-07,3.470967122029612e-07,3.49619315372327e-07,2.9312185779955075e-07,0.0,1.689834699366381e-11,5.293124816442352e-14,3.079255184106683e-13
3,adam,374,1090.0,1776.0,1.81309530808435e-05,1.151233640885174e-05,4.1384520132445303e-07,9.902238314570415e-06,1.1962528929568708e-06,6.618525003879523e-06,0.0,2.9393884759863214e-11,9.584082584940727e-13,5.861358530175469e-13
3,adam,399,1090.0,1776.0,1.9350152606767624e-06,1.3531022269885982e-06,1.9525943274424285e-07,8.42739593542187e-07,3.151032007021684e-07,5.81821287664925e-07,0.0,1.4274318770267355e-11,9.442518706772976e-14,2.191155077206733e-13
3,adam,424,1090.0,1776.0,2.087079979724132e-06,1.9435048707112555e-06,9.603198909020616e-07,4.654209527355685e-07,5.177640270736255e-07,1.434834822726126e-07,0.0,6.441778742913565e-11,6.918423726356987e-14,4.238660251560157e-13
3,adam,449,1090.0,1776.0,2.484752809967766e-06,1.6421862504773624e-06,1.5922038423094587e-07,1.1273367646621489e-06,3.5562910158426764e-07,8.424747917516636e-07,0.0,1.2017004371110898e-11,1.0259201274175454e-13,2.0625858726555431e-13
3,adam,474,1090.0,1776.0,2.5907252624220196e-05,1.6460629134868047e-05,4.498761032728859e-07,1.3277016269660488e-05,2.733736761934674e-06,9.446531710751052e-06,0.0,3.684509249889336e-11,1.0936481042505528e-12,1.0120555161845067e-12
3,adam,499,1090.0,1776.0,5.187450302866134e-07,4.576801471698098e-07,1.539934799819577e-07,1.5335217351513495e-07,1.5033449367271716e-07,6.09731309343638e-08,0.0,1.1058509355961668e-11,2.4342242188469584e-14,1.2729583914459777e-13
3,adam,524,1090.0,1776.0,1.7432905013953076e-06,1.3287799010829132e-06,3.221263015174196e-07,4.6830366016932577e-07,5.383499393961679e-07,4.144188678772082e-07,0.0,2.5090523693170786e-11,4.3622451265760974e-14,3.366351066922291e-13
3,adam,549,1090.0,1776.0,2.792746217726183e-06,1.847768541037324e-06,1.1565336022052779e-07,1.439765585619508e-06,2.923495951972881e-07,9.448859032792912e-07,0.0,9.018632554009393e-12,1.3239937445173712e-13,1.451921055980159e-13
3,adam,574,1090.0,1776.0,1.515463645668276e-06,1.1472405506655114e-06,3.2812366660363487e-07,3.7453901546600126e-07,4.445778685958754e-07,3.6813137039036577e-07,0.0,2.3452056775142976e-11,3.108605209274091e-14,2.5406223759706797e-13
3,adam,599,1090.0,1776.0,2.5007203034752673e-06,1.6638347258481999e-06,1.016574324112449e-07,1.27785027430163e-06,2.8432701913532505e-07,8.367937777946138e-07,0.0,8.142766731334054e-12,1.0904282673038382e-13,1.3534358669831364e-13
3,adam,624,1090.0,1776.0,7.687799524492407e-07,5.30841309965251e-07,7.58226541941618e-08,3.191993278164348e-07,1.3581932795465444e-07,2.378468319165933e-07,0.0,5.8540073073000225e-12,2.9263659052371665e-14,8.401244040527046e-14
3,adam,649,1090.0,1776.0,6.179376273946834e-06,3.804076237742266e-06,1.2236867762158504e-07,3.0906276741748423e-06,5.910798859458388e-07,2.375208213816563e-06,0.0,9.873146622370729e-12,2.640161994255435e-13,2.2331863868400153e-13
3,adam,674,1090.0,1776.0,1.4218823838023852e-06,1.0756801480362224e-06,2.4329197405999615e-07,6.98779406409918e-07,1.3360876756630833e-07,3.461105124652517e-07,0.0,1.7380364036979703e-11,8.3936597976081e-14,9.457821062740134e-14
3,adam,699,1090.0,1776.0,3.2614404492978895e-06,2.025137076359204e-06,8.66605016895733e-08,1.6083335284582889e-06,3.301430462113417e-07,1.2362115509252318e-06,0.0,7.136838530373976e-12,1.426204876703993e-13,1.2776619536207222e-13
3,adam,724,1090.0,1776.0,6.133049286659534e-07,4.179009779212068e-07,6.61225123639947e-08,2.342465700654184e-07,1.1753189549179367e-07,1.9531213921001284e-07,0.0,4.984706323957752e-12,2.1604578233911903e-14,6.549174050966545e-14
3,adam,749,1090.0,1776.0,3.501860638428728e-05,2.1415980367121486e-05,5.044847438281162e-07,1.7947945313592317e-05,2.9635503097010514e-06,1.3602534184626991e-05,0.0,4.201318993909523e-11,1.5320113333958986e-12,1.0073858952098838e-12
3,adam,774,1090.0,1776.0,6.180477775905349e-06,4.085028555201544e-06,3.3740192069256635e-07,3.3854530482406022e-06,3.6217358626837525e-07,2.0953575555560045e-06,0.0,2.1271144422163118e-11,3.851568180067398e-13,2.5005937529177634e-13
3,adam,799,1090.0,1776.0,9.75108595003145e-07,6.231860552134968e-07,5.7434068682015714e-08,4.320295509639541e-07,1.3372243556752703e-07,3.518307332732566e-07,0.0,4.74116318972061e-12,4.209598497639298e-14,8.212855052916051e-14
3,adam,824,1090.0,1776.0,1.1986046645585898e-07,1.0018904627004336e-07,3.585070859653311e-08,2.4428591246342124e-08,3.990974642716812e-08,1.9579613185879818e-08,0.0,2.7376443138866638e-12,5.4908217454387455e-15,3.27005694522097e-14
3,adam,849,1090.0,1776.0,6.153930716947845e-05,3.954092272627013e-05,1.9428730347337998e-06,3.1490333081971874e-05,6.107716609564459e-06,2.1998292678284052e-05,0.0,1.5971500956312737e-10,2.745322298714921e-12,2.4206876147729123e-12
3,adam,874,1090.0,1776.0,4.98387818457204e-06,3.2130065051699874e-06,1.0656146174484664e-07,2.7770839466953895e-06,3.293610967297513e-07,1.7707799277169558e-06,0.0,8.71959338671585e-12,2.6516593459689756e-13,1.7397897019141353e-13
3,adam,899,1090.0,1776.0,2.3936798834411916e-07,1.748633220132336e-07,3.25498292937462e-08,8.60716569547887e-08,5.6241835764698696e-08,6.441284394758572e-08,0.0,2.4985874844819168e-12,1.0517218156048573e-14,4.478738237325689e-14
3,adam,924,1090.0,1776.0,2.5337394063431915e-07,1.9005957776164416e-07,2.807597113889714e-08,1.2967233327103253e-07,3.2311273351714485e-08,6.322253567776885e-08,0.0,2.1889560536593018e-12,1.3045329038704457e-14,2.383451201324251e-14
3,adam,949,1090.0,1776.0,1.6578031611244196e-06,1.1677155088904093e-06,2.633122492404553e-07,5.062651143391727e-07,3.9813814531078124e-07,4.899958764120662e-07,0.0,1.9932849071841886e-11,4.239384158104962e-14,2.0438572297692643e-13
3,adam,974,1090.0,1776.0,5.996140340250725e-06,3.7318408833792477e-06,1.34064236349959e-07,3.0741067520521297e-06,5.236698949771592e-07,2.264207630855506e-06,0.0,1.112580919683716e-11,2.596396120688788e-13,1.7165037334755513e-13
3,adam,999,1090.0,1776.0,1.6848757320546207e-06,1.0874405936850137e-06,4.845498480970015e-08,9.47850171523801e-07,9.113543735151243e-08,5.973433193046191e-07,0.0,3.901939338707786e-12,8.81301279211133e-14,3.877005586144798e-14
3,adam,1024,1090.0,1776.0,1.4060417481078317e-06,8.955581736623694e-07,3.601278507421207e-08,7.640869229189936e-07,9.545846566916374e-08,5.103917310902144e-07,0.0,2.9412452749000536e-12,6.599798023645985e-14,4.3002109543880674e-14
3,adam,1049,1090.0,1776.0,5.813202272781484e-06,3.586754678680987e-06,1.3011713133951764e-07,2.960032660849674e-06,4.966048864917957e-07,2.2263557476483593e-06,0.0,1.0670332134068063e-11,2.5014215275797694e-13,1.687378084878408e-13
3,adam,1074,1090.0,1776.0,2.0644001713571777e-06,1.3530874328895535e-06,1.4229022050660317e-07,8.895932910682216e-07,3.212039213147288e-07,7.112209348856959e-07,0.0,1.028095702548912e-11,7.821089422300889e-14,1.3805578048477666e-13
3,adam,1099,1090.0,1776.0,4.386738723302956e-06,2.7026521653613095e-06,8.710748171401669e-08,2.270559362816717e-06,3.4498532083057603e-07,1.6839946969098893e-06,0.0,7.164024479007148e-12,1.9072165818312053e-13,1.153972876015959e-13
3,adam,1124,1090.0,1776.0,4.2673257256346376e-06,2.735361168516148e-06,2.443940564745605e-07,1.927014066295787e-06,5.639530457458003e-07,1.5318727581113615e-06,0.0,1.8135259686500185e-11,1.666681747555212e-13,2.3227564932052904e-13
3,adam,1149,1090.0,1776.0,8.43782816910926e-07,5.817556635206277e-07,3.987651185656332e-08,5.049038968318698e-07,3.697525483219472e-08,2.619353203597713e-07,0.0,2.84258651435383e-12,5.0941667435642286e-14,3.0097523073947377e-14
3,adam,1174,1090.0,1776.0,9.958525342374513e-06,6.205595096637467e-06,1.3104966171169586e-07,5.429305359278377e-06,6.452400756473941e-07,3.75283839774832e-06,0.0,1.1186654597641747e-11,4.568106839985396e-13,2.1787419129415848e-13
3,adam,1199,1090.0,1776.0,3.518301395795664e-06,2.1947214216606014e-06,8.839588091466144e-08,1.785166427897375e-06,3.21159112848565e-07,1.3234881204483477e-06,0.0,7.154643119168013e-12,1.5649926861226342e-13,1.1390505659795068e-13
3,adam,1224,1090.0,1776.0,2.0459348622605997e-06,1.3521486388723514e-06,1.0326098603816917e-07,1.1919611903604115e-06,5.692646247377092e-08,6.93694420925115e-07,0.0,7.53092340954049e-12,1.227990504607551e-13,2.6999018821863714e-14
3,adam,1249,1090.0,1776.0,3.047785599989432e-07,2.1333595258284235e-07,1.8806431341489907e-08,1.69289206882654e-07,2.524031435869846e-08,9.135074059802657e-08,0.0,1.4174974847869863e-12,1.6768382383778917e-14,2.028154170944291e-14
3,adam,1274,1090.0,1776.0,5.509764879193802e-06,3.7406299044981023e-06,2.0027261980712976e-07,3.439374805875027e-06,1.0098247881594559e-07,1.7690431875781667e-06,0.0,1.3925963996796677e-11,3.461519093734116e-13,5.314443866088536e-14
3,adam,1299,1090.0,1776.0,6.062248369336523e-08,5.1818428355585826e-08,1.618825509137078e-08,2.0285579195595682e-08,1.534459406861937e-08,8.712188997295853e-09,0.0,1.1454770133614736e-12,5.118137141341515e-15,1.3766810372823758e-14
3,adam,1324,1090.0,1776.0,4.9002868471168005e-06,3.2083969331960715e-06,1.2666655076834826e-07,2.934994477121793e-06,1.4673590530593064e-07,1.6917980966549584e-06,0.0,9.48901678340812e-12,2.8132373658702923e-13,5.2554821870884855e-14
3,adam,1349,1090.0,1776.0,8.401842082767946e-06,5.2118874082512885e-06,1.896544790856286e-07,4.392136326420947e-06,6.300966027447124e-07,3.1898627923982574e-06,0.0,1.607402660478335e-11,3.7191403758048536e-13,2.0037046217373894e-13
3,adam,1374,1090.0,1776.0,2.544221961642176e-06,1.6190989529654508e-06,1.005516253114763e-07,1.235894219787073e-06,2.826531078669015e-07,9.250311568732042e-07,0.0,7.790349780497102e-12,1.0813894274983622e-13,1.1602546887305692e-13
3,adam,1399,1090.0,1776.0,4.4964191839323866e-07,2.888703786870638e-07,1.8065515992130987e-08,2.235108013152447e-07,4.7294061379688166e-08,1.6067964991271144e-07,0.0,1.257955599877902e-12,2.071185075634346e-14,2.2067985336904356e-14
3,lbfgs,1400,1090.0,1776.0,5.784653816472884e-07,3.7116378467515436e-07,2.7413196028211152e-08,2.982792593884811e-07,4.547132925846215e-08,2.0720970840164348e-07,0.0,2.1411871342091565e-12,2.7810799965905294e-14,2.310602691331138e-14
3,lbfgs,1409,1090.0,1776.0,4.154746609910605e-08,3.8239309773015395e-08,1.4855205101499459e-08,1.1407896674754787e-08,1.1976207996761152e-08,3.2162677569749348e-09,0.0,1.0271757277690067e-12,3.1941214804293344e-15,1.0678538692880046e-14
3,lbfgs,1419,1090.0,1776.0,3.896544641426775e-08,3.538239455038331e-08,1.3649706468851944e-08,9.836732157831596e-09,1.1895955923699767e-08,3.4911633002883307e-09,0.0,9.155696766656753e-13,2.8887067151369007e-15,1.089197246772142e-14
3,lbfgs,1429,1090.0,1776.0,3.481013540675644e-08,3.152161441197758e-08,1.2745836696384421e-08,7.996808889571576e-09,1.0778968826021587e-08,3.1966324618276586e-09,0.0,8.480811961371616e-13,2.1199454882643945e-15,9.1850474676581e-15
3,lbfgs,1439,1090.0,1776.0,3.442464679502662e-08,3.123194372051288e-08,1.276171110276602e-08,7.797969764767003e-09,1.0672262852979865e-08,3.1008145457418835e-09,0.0,8.514414693655689e-13,2.0429510466365125e-15,9.046087896210725e-15
3,lbfgs,1449,1090.0,1776.0,3.079893709388235e-08,2.736601096797065e-08,1.2829155603520789e-08,4.7442774074694766e-09,9.792577956980383e-09,3.3410376365360138e-09,0.0,8.627126915469251e-13,1.0539458533653635e-15,7.274948731488423e-15
3,lbfgs,1459,1090.0,1776.0,2.9167274351545947e-08,2.654158319285122e-08,1.2311376181224482e-08,4.42949126884173e-09,9.800715742785009e-09,2.533802628538786e-09,0.0,8.206498079841789e-13,9.2576871304017e-16,7.098187510640496e-15
3,lbfgs,1469,1090.0,1776.0,2.9025693926049987e-08,2.634536939702128e-08,1.2293850632399511e-08,4.4216816753856305e-09,9.629837089236139e-09,2.588435997594885e-09,0.0,8.194887802251433e-13,9.138178492220109e-16,7.009908992495742e-15
3,lbfgs,1479,1090.0,1776.0,2.8930672386667315e-08,2.6203753356200252e-08,1.2285634727318296e-08,4.42602288296022e-09,9.492095745921738e-09,2.6350304973133983e-09,0.0,8.191060345820995e-13,9.099119875081681e-16,6.947370292192215e-15
3,lbfgs,1489,1090.0,1776.0,2.887731140774186e-08,2.616801976774132e-08,1.2284420821447526e-08,4.397885587349964e-09,9.485713358943828e-09,2.617403106915027e-09,0.0,8.201271510463527e-13,9.066107293154074e-16,6.939461194684439e-15
3,lbfgs,1499,1090.0,1776.0,2.882646037209553e-08,2.6129916012162132e-08,1.2279397079869845e-08,4.36835116545394e-09,9.482167766838346e-09,2.6046558271857523e-09,0.0,8.21141535257931e-13,8.997287359013769e-16,6.92094454966977e-15
3,lbfgs,1509,1090.0,1776.0,2.8793679176015034e-08,2.609168229539653e-08,1.2279730758639265e-08,4.360822911236535e-09,9.45112862552073e-09,2.610108346852466e-09,0.0,8.214125879561714e-13,9.00481341445062e-16,6.910881584756891e-15
3,lbfgs,1519,1090.0,1776.0,2.8760154208526522e-08,2.6046786439020597e-08,1.2283534985188539e-08,4.358507134907705e-09,9.404744318924356e-09,2.621479233836019e-09,0.0,8.216087038857465e-13,9.060471887553302e-16,6.907091930028248e-15
3,lbfgs,1529,1090.0,1776.0,2.873436356757584e-08,2.601994121712102e-08,1.227639559665388e-08,4.34495227037382e-09,9.398593350093321e-09,2.6225338147923406e-09,0.0,8.217222408385321e-13,9.011449294569911e-16,6.890465614149181e-15
3,lbfgs,1539,1090.0,1776.0,2.8711895704670987e-08,2.599476618692658e-08,1.2271294936669513e-08,4.335442933610276e-09,9.388028316646788e-09,2.625240981703443e-09,0.0,8.217429726033205e-13,8.985480091294527e-16,6.878003524470215e-15
3,lbfgs,1549,1090.0,1776.0,2.8685382800709408e-08,2.5966825818826125e-08,1.2262106927428995e-08,4.3219416098181245e-09,9.382777281579006e-09,2.626668445642074e-09,0.0,8.216903530812182e-13,8.93092925158341e-16,6.858593281488063e-15
3,lbfgs,1559,1090.0,1776.0,2.8665063784785633e-08,2.5940515733521018e-08,1.225922592153271e-08,4.316967418392533e-09,9.364322393595775e-09,2.6326595141589123e-09,0.0,8.215304945371891e-13,8.936982038681452e-16,6.8521313729335395e-15
3,lbfgs,1569,1090.0,1776.0,2.8641548366337092e-08,2.590545617744459e-08,1.2257916238110047e-08,4.315887769932128e-09,9.331652169402416e-09,2.6442036502354234e-09,0.0,8.212201083142464e-13,8.97927548131886e-16,6.8496344619505525e-15
3,lbfgs,1579,1090.0,1776.0,2.8621872428939022e-08,2.588461422711263e-08,1.22501883096729e-08,4.3060147550902374e-09,9.328411162349493e-09,2.6453696629810643e-09,0.0,8.210148057876978e-13,8.939237091021631e-16,6.83574738943024e-15
3,lbfgs,1589,1090.0,1776.0,2.8603619348331517e-08,2.586350763124767e-08,1.2243907192206627e-08,4.298776848373913e-09,9.320823590667129e-09,2.648223177817718e-09,0.0,8.207683476814654e-13,8.9166533011358e-16,6.825008474308481e-15
3,lbfgs,1599,1090.0,1776.0,2.858092932935914e-08,2.5839148271151054e-08,1.2234019719818373e-08,4.287851429460968e-09,9.31727712187171e-09,2.6498925186428765e-09,0.0,8.204409148189491e-13,8.869995537894442e-16,6.808318250955505e-15
3,lbfgs,1609,1090.0,1776.0,2.8563156933693344e-08,2.581585935513528e-08,1.2229817370362134e-08,4.283725928400046e-09,9.3023160563731e-09,2.6554090382369844e-09,0.0,8.201220039331872e-13,8.872725295236352e-16,6.8022254359899874e-15
3,lbfgs,1619,1090.0,1776.0,2.8541749099373486e-08,2.578442045851012e-08,1.2226583514572704e-08,4.2825373528343434e-09,9.27529959110307e-09,2.665440099219671e-09,0.0,8.19658897710128e-13,8.90424830017363e-16,6.7989930009484024e-15
3,lbfgs,1629,1090.0,1776.0,2.8524064299114808e-08,2.5765684920416546e-08,1.2219063335924772e-08,4.274122966811303e-09,9.27249861768047e-09,2.6664908368215986e-09,0.0,8.193668600093837e-13,8.869947757277319e-16,6.78690943934044e-15
3,lbfgs,1639,1090.0,1776.0,2.850433864939966e-08,2.574862669745196e-08,1.220606731966939e-08,4.260713521761012e-09,9.281845856021557e-09,2.663823410279407e-09,0.0,8.190323698309406e-13,8.791617348255557e-16,6.7655336778160996e-15
3,lbfgs,1649,1090.0,1776.0,2.8486158921282825e-08,2.5723460484888324e-08,1.2203214569983886e-08,4.258009454494154e-09,9.262236460410284e-09,2.6708098937889677e-09,0.0,8.186592325467033e-13,8.80877016686425e-16,6.762554414106415e-15
3,lbfgs,1659,1090.0,1776.0,2.8469678729412744e-08,2.570226280435899e-08,1.2198772927250765e-08,4.254176955046905e-09,9.249312922061318e-09,2.6755273817777336e-09,0.0,8.183142436825581e-13,8.809247407221975e-16,6.756688077443841e-15
3,lbfgs,1669,1090.0,1776.0,2.8449407326351587e-08,2.567371614255873e-08,1.2194956633228549e-08,4.252588240728572e-09,9.22617126860161e-09,2.6838026393646607e-09,0.0,8.178400815727589e-13,8.83288667146382e-16,6.752846614994784e-15
3,lbfgs,1679,1090.0,1776.0,2.8432998018922888e-08,2.5656174009264897e-08,1.2187934962991281e-08,4.245083982139147e-09,9.223155064134467e-09,2.6849354649814083e-09,0.0,8.175350272974383e-13,8.803017243590773e-16,6.742128932331732e-15
3,lbfgs,1689,1090.0,1776.0,2.841393459593829e-08,2.5638691663088185e-08,1.2176120323467812e-08,4.232856690228993e-09,9.22971464939138e-09,2.683354388271738e-09,0.0,8.171778403145998e-13,8.735673036783553e-16,6.723515389946264e-15
3,lbfgs,1699,1090.0,1776.0,2.839721568760449e-08,2.5616163652011937e-08,1.2173058952042859e-08,4.2302981672306374e-09,9.21280653273844e-09,2.6891634901909343e-09,0.0,8.168198298825332e-13,8.748487246274558e-16,6.720210059039748e-15
3,lbfgs,1709,1090.0,1776.0,2.838170238542253e-08,2.5596657437622107e-08,1.2168699848724751e-08,4.2266156215804385e-09,9.201341967316918e-09,2.6931564017917852e-09,0.0,8.164871441363714e-13,8.747321383289504e-16,6.714536641876009e-15
3,lbfgs,1719,1090.0,1776.0,2.836234144214519e-08,2.5570546792041582e-08,1.2164715193572552e-08,4.224643425907709e-09,9.181188172561319e-09,2.6999061030715537e-09,0.0,8.16039858253295e-13,8.764838394803881e-16,6.710225041975104e-15
3,lbfgs,1729,1090.0,1776.0,2.83469264753919e-08,2.55538804627731e-08,1.2158234420161178e-08,4.2178164802267135e-09,9.177829562385206e-09,2.701157465324984e-09,0.0,8.157429279942716e-13,8.738558664593068e-16,6.7006098581407604e-15
3,lbfgs,1739,1090.0,1776.0,2.8328476611983382e-08,2.5536042272869002e-08,1.2147533283042378e-08,4.206567280537213e-09,9.18194170928941e-09,2.700545791827394e-09,0.0,8.153864954740835e-13,8.680264291307942e-16,6.684251020917059e-15
3,lbfgs,1749,1090.0,1776.0,2.8312896925830116e-08,2.5515677292305533e-08,1.2144427744507876e-08,4.204067305452304e-09,9.167182242345355e-09,2.7053310854988176e-09,0.0,8.150545574772601e-13,8.68958888252192e-16,6.6806949610133644e-15
3,lbfgs,1759,1090.0,1776.0,2.8298182951135045e-08,2.5497575661269713e-08,1.2140232461812055e-08,4.200487666802172e-09,9.156855532655485e-09,2.708718741278274e-09,0.0,8.14742700141589e-13,8.687141034094915e-16,6.675192131474224e-15
3,lbfgs,1769,1090.0,1776.0,2.827962430672449e-08,2.5473521372736263e-08,1.2136212574875261e-08,4.1981966887200106e-09,9.13911210914099e-09,2.7142143844751736e-09,0.0,8.143288724762066e-13,8.699750451683819e-16,6.670521140207599e-15
3,lbfgs,1779,1090.0,1776.0,2.8265031908657557e-08,2.545757870163779e-08,1.213024003514189e-08,4.191916702747965e-09,9.135421963747935e-09,2.715564657229061e-09,0.0,8.140452095424503e-13,8.676420729546484e-16,6.661813938830066e-15
3,lbfgs,1789,1090.0,1776.0,2.824718070919146e-08,2.543955450063538e-08,1.2120540045223826e-08,4.181530164818069e-09,9.137484290593486e-09,2.71573765869058e-09,0.0,8.136969313234817e-13,8.625666167941327e-16,6.647318854198021e-15
3,lbfgs,1799,1090.0,1776.0,2.8232525466366537e-08,2.542096304967093e-08,1.2117445436366417e-08,4.179046120189427e-09,9.124471493115086e-09,2.7196738661549416e-09,0.0,8.133910129578511e-13,8.632115857327362e-16,6.643569827284042e-15
3,lbfgs,1809,1090.0,1776.0,2.8215760983745755e-08,2.5396763230185465e-08,1.211646915801343e-08,4.181614119993766e-09,9.098679952178267e-09,2.7271092017256115e-09,0.0,8.129772189813054e-13,8.675114453697045e-16,6.643984975271611e-15
3,lbfgs,1819,1090.0,1776.0,2.8200670316725044e-08,2.5381743664643754e-08,1.210942745362973e-08,4.173005619143587e-09,9.099310591870437e-09,2.727038100159627e-09,0.0,8.127181344135125e-13,8.637268591196307e-16,6.633282810612371e-15
3,lbfgs,1829,1090.0,1776.0,2.8186780947507283e-08,2.5366438311846893e-08,1.2103915252878531e-08,4.167186211158128e-09,9.095336847810233e-09,2.728454083443311e-09,0.0,8.1244840651659e-13,8.616382864461422e-16,6.625331659943803e-15
3,lbfgs,1839,1090.0,1776.0,2.816951574583518e-08,2.5348394462150112e-08,1.2095103089437757e-08,4.157577274568555e-09,9.095714098143799e-09,2.7292327313198168e-09,0.0,8.121108693732945e-13,8.571940509446628e-16,6.612386688162215e-15
3,lbfgs,1849,1090.0,1776.0,2.8155632852506566e-08,2.533127232829939e-08,1.2092044307563942e-08,4.155088184155509e-09,9.08413983657994e-09,2.7324719712150788e-09,0.0,8.118283879665844e-13,8.576008307277948e-16,6.60849412307091e-15
3,lbfgs,1859,1090.0,1776.0,2.8139196970455992e-08,2.530910110603331e-08,1.2090644516578804e-08,4.156653599482095e-09,9.061802989972409e-09,2.7382073102688333e-09,0.0,8.114530349307501e-13,8.609936330419113e-16,6.607705445623892e-15
3,lbfgs,1869,1090.0,1776.0,2.812505784693001e-08,2.5294576566951755e-08,1.2084251661583416e-08,4.148925316519566e-09,9.061399588848774e-09,2.7385927256842585e-09,0.0,8.112032026227015e-13,8.577091649373264e-16,6.5981595157024025e-15
3,lbfgs,1879,1090.0,1776.0,2.8111783545746757e-08,2.5279853902501854e-08,1.2079153065733842e-08,4.1435032333720735e-09,9.057197603395935e-09,2.740041088637222e-09,0.0,8.109469394397746e-13,8.558244340522401e-16,6.590843618460656e-15
3,lbfgs,1889,1090.0,1776.0,2.8095088593383557e-08,2.526192982917472e-08,1.2071125693625582e-08,4.134599664702085e-09,9.056204470847052e-09,2.741270209387715e-09,0.0,8.106212009078189e-13,8.519102349336151e-16,6.579194208486205e-15
3,lbfgs,1899,1090.0,1776.0,2.8081866721812778e-08,2.5246040976458476e-08,1.2068118459126742e-08,4.132096801681202e-09,9.045825715650533e-09,2.743937189943314e-09,0.0,8.10359354104863e-13,8.521198681888102e-16,6.575200944992554e-15
3,lbfgs,1909,1090.0,1776.0,2.8065818254875628e-08,2.522561766163702e-08,1.2066389749618744e-08,4.132851197054923e-09,9.026376714963353e-09,2.748312036771911e-09,0.0,8.10016933273529e-13,8.547709039611461e-16,6.573462971797779e-15
3,lbfgs,1919,1090.0,1776.0,2.8052462645904673e-08,2.5211539874094568e-08,1.206056632733392e-08,4.125854609157326e-09,9.025118937603321e-09,2.7490342151564296e-09,0.0,8.097765708262727e-13,8.518978589872816e-16,6.5648747571752165e-15
3,lbfgs,1929,1090.0,1776.0,2.8037465663532697e-08,2.5196746279372545e-08,1.2050011125802227e-08,4.11359821494517e-09,9.033136938625147e-09,2.74883082767537e-09,0.0,8.094763155466944e-13,8.452733220739409e-16,6.549384069092251e-15
3,lbfgs,1939,1090.0,1776.0,2.8023592175016134e-08,2.51796673827307e-08,1.2048505725656493e-08,4.1125173634076326e-09,9.018644293666575e-09,2.7520362350296158e-09,0.0,8.092196004229289e-13,8.467161850815307e-16,6.547535618333966e-15
3,lbfgs,1949,1090.0,1776.0,2.8010947551048244e-08,2.516482728045881e-08,1.204556161826175e-08,4.109999574540562e-09,9.0092660876565e-09,2.7542317127723023e-09,0.0,8.089758932858898e-13,8.467632162665627e-16,6.5434782580746926e-15
3,lbfgs,1959,1090.0,1776.0,2.7995318996971863e-08,2.514591181580775e-08,1.2043581528223688e-08,4.110095159998671e-09,8.99223512758539e-09,2.7575186223767557e-09,0.0,8.086616777673249e-13,8.488066487403936e-16,6.540996901657248e-15
3,lbfgs,1969,1090.0,1776.0,2.7982623638012402e-08,2.5132254875985696e-08,1.2038259127231962e-08,4.103715665390904e-09,8.990280083362833e-09,2.758480203011594e-09,0.0,8.084308211384177e-13,8.462739142400877e-16,6.533207100688768e-15
3,lbfgs,1979,1090.0,1776.0,2.7967795835047378e-08,2.511669531933148e-08,1.2028797738334342e-08,4.092435708453807e-09,8.995461872543332e-09,2.759211956745337e-09,0.0,8.081339693350658e-13,8.405116300473367e-16,6.5195181228849324e-15
3,lbfgs,1989,1090.0,1776.0,2.7954776944515848e-08,2.510121073236499e-08,1.2027146803046752e-08,4.0912675789007246e-09,8.982796350417515e-09,2.7616776524674347e-09,0.0,8.078983180914296e-13,8.41613191730817e-16,6.517245618574398e-15
3,lbfgs,1999,1090.0,1776.0,2.7942644904214874e-08,2.5087273456811733e-08,1.2024274618495668e-08,4.088738234010423e-09,8.97426060430564e-09,2.763482887180664e-09,0.0,8.076706310180294e-13,8.415267402950773e-16,6.513154819994959e-15
3,lbfgs,2009,1090.0,1776.0,2.792745058723591e-08,2.5069661938930582e-08,1.2022107094449492e-08,4.088297821385921e-09,8.95925702309517e-09,2.7659000871818866e-09,0.0,8.073806748595148e-13,8.430720439902326e-16,6.5100964497468684e-15
3,lbfgs,2019,1090.0,1776.0,2.7915323429115738e-08,2.5056411645345027e-08,1.2017226580452791e-08,4.082445151429197e-09,8.95673991346304e-09,2.767023222384388e-09,0.0,8.071592423478265e-13,8.40822234435653e-16,6.502976474303106e-15
3,lbfgs,2029,1090.0,1776.0,2.7900751089229775e-08,2.5040416329737305e-08,1.200871789200845e-08,4.072073813729638e-09,8.959624623999216e-09,2.7684461980458734e-09,0.0,8.068680854957725e-13,8.357880425760571e-16,6.490795270155736e-15
3,lbfgs,2039,1090.0,1776.0,2.7888434028049583e-08,2.502623249423852e-08,1.2006959613495043e-08,4.0707988734063585e-09,8.94847400733712e-09,2.7703129716989214e-09,0.0,8.066504540842022e-13,8.366027379472234e-16,6.488188955075999e-15
3,lbfgs,2049,1090.0,1776.0,2.787676346382213e-08,2.5013081225589798e-08,1.2004165796894204e-08,4.06826390826339e-09,8.940651520432207e-09,2.7717936755986868e-09,0.0,8.064369967175943e-13,8.364073136607204e-16,6.4840899289542245e-15
3,lbfgs,2059,1090.0,1776.0,2.7862005509452165e-08,2.499660108760956e-08,1.2001863365793294e-08,4.067387851906707e-09,8.927349869909562e-09,2.7735158583644144e-09,0.0,8.061680234695986e-13,8.375441308555758e-16,6.480588741080975e-15
3,lbfgs,2069,1090.0,1776.0,2.785037652570829e-08,2.4983748887188635e-08,1.1997373477308444e-08,4.0619896118169395e-09,8.924385798063251e-09,2.7747390747486103e-09,0.0,8.059558401741105e-13,8.355306889526936e-16,6.474034211583863e-15
3,lbfgs,2079,1090.0,1776.0,2.7836112102081034e-08,2.4967565435606168e-08,1.1989694969616439e-08,4.052453556956539e-09,8.92541690903319e-09,2.7766581025555125e-09,0.0,8.056719828013299e-13,8.311115836951685e-16,6.463117635867336e-15
3,lbfgs,2089,1090.0,1776.0,2.7824384720582606e-08,2.4954455918895744e-08,1.1987861371843561e-08,4.051067794261088e-09,8.915526752791095e-09,2.7780402371406574e-09,0.0,8.054698851559362e-13,8.316862886816417e-16,6.4602529168014635e-15
3,lbfgs,2099,1090.0,1776.0,2.781092332139675e-08,2.4939659752025388e-08,1.1988295522200113e-08,4.055068083003892e-09,8.896296146821381e-09,2.779375003663332e-09,0.0,8.052264877485911e-13,8.354913885075808e-16,6.460472498746308e-15
3,lbfgs,2109,1090.0,1776.0,2.7798806934217033e-08,2.4926501484110407e-08,1.1982755834181646e-08,4.047305486392612e-09,8.896440163536149e-09,2.780416884254603e-09,0.0,8.050184201205452e-13,8.322043818740081e-16,6.452330073577962e-15
3,lbfgs,2119,1090.0,1776.0,2.778762181357935e-08,2.4914041073937877e-08,1.1978612052067831e-08,4.042302761102336e-09,8.893126260767711e-09,2.7816921734712234e-09,0.0,8.048152375486487e-13,8.303893740453432e-16,6.446255819581375e-15
3,lbfgs,2129,1090.0,1776.0,2.77736948056355e-08,2.4897853956037427e-08,1.197165763358038e-08,4.033527818272756e-09,8.89266850418429e-09,2.7839522832058612e-09,0.0,8.045397548471252e-13,8.264903242725546e-16,6.436402617846189e-15
3,lbfgs,2139,1090.0,1776.0,2.776247359687533e-08,2.488564254371146e-08,1.1969775205576963e-08,4.032036774703845e-09,8.883830563430652e-09,2.784942486176632e-09,0.0,8.043511454679983e-13,8.268651293516325e-16,6.433341982784947e-15
3,lbfgs,2149,1090.0,1776.0,2.7749168669425633e-08,2.4871939588475677e-08,1.1969716464538026e-08,4.034964139994968e-09,8.867258983942683e-09,2.7853405129013974e-09,0.0,8.041284443110017e-13,8.299129763189262e-16,6.43253830110888e-15
4,adam,0,1776.0,2736.3999999999996,0.0004400100661195734,0.0003300074825491767,6.219499689433984e-06,0.00014750645913967503,0.0001762815237200677,0.0001100024941830589,0.0,5.570691766733424e-10,7.012363697636876e-12,3.156137192480978e-11
4,adam,24,1776.0,2736.3999999999996,0.0003715315871153828,0.00026598444755714475,6.447938895202628e-06,7.732759652205627e-05,0.00018220891213988587,0.00010554705063036329,0.0,4.982724729256155e-10,3.647136764692007e-12,3.253626839085026e-11
4,adam,49,1776.0,2736.3999999999996,0.00017389568973996716,0.00011673999219538857,3.2571462640194875e-05,2.9603583137469313e-05,5.456494641772439e-05,5.715560876328807e-05,0.0,2.3819771926283744e-09,1.4091844158270038e-12,9.605721663531588e-12
4,adam,74,1776.0,2736.3999999999996,0.00016086177091739743,0.00010550063832562699,2.9715288666336578e-05,2.595501900906076e-05,4.9830330650229645e-05,5.53610437599383e-05,0.0,2.2683605503571828e-09,1.2313007962154957e-12,8.712009878731833e-12
4,adam,99,1776.0,2736.3999999999996,0.00015566858649464875,0.00010127158215834048,3.101736669227384e-05,2.571120365789982e-05,4.454301180816682e-05,5.439691548645789e-05,0.0,2.3721830977992977e-09,1.214544962436461e-12,7.732732718798443e-12
4,adam,124,1776.0,2736.3999999999996,0.00014959547336488774,9.666257324235424e-05,2.9049184980806984e-05,2.4897595204398384e-05,4.271579305714886e-05,5.293281125389428e-05,0.0,2.231279070375072e-09,1.1682971341523885e-12,7.349684550767633e-12
4,adam,149,1776.0,2736.3999999999996,0.0001414225648072317,9.048126693573087e-05,2.681202768997655e-05,2.316755543334771e-05,4.050168381240661e-05,5.0941208948670065e-05,0.0,2.069702725112175e-09,1.077207202311269e-12,6.874092188190449e-12
4,adam,174,1776.0,2736.3999999999996,0.00012920170636041388,8.12218321980522e-05,2.3399410669241967e-05,2.081469557282849e-05,3.7007725955981737e-05,4.797978511520813e-05,0.0,1.8208876507938436e-09,9.53801716960089e-13,6.144214319934551e-12
4,adam,199,1776.0,2736.3999999999996,0.00010877596215875725,6.595908822189012e-05,1.8017790208105917e-05,1.7151189242899413e-05,3.079010877088479e-05,4.2816784611910475e-05,0.0,1.4204230996959755e-09,7.664838998973354e-13,4.922665430398223e-12
4,adam,224,1776.0,2736.3999999999996,0.0011340157965565093,0.0008317849973076345,6.490099633987263e-06,0.0006985920759335159,0.00012670282174013123,0.00030223070941393586,0.0,5.226537946924019e-10,2.2256329706013645e-11,1.2985240484164785e-11
4,adam,249,1776.0,2736.3999999999996,0.0001275496082517035,8.333900953279077e-05,2.4447525137621544e-05,3.43286531862648e-05,2.4562831208904423e-05,4.4210509496355253e-05,0.0,1.852434988826281e-09,1.4987788507435602e-12,3.937814133169705e-12
4,adam,274,1776.0,2736.3999999999996,9.457589415453516e-05,5.785293032674494e-05,1.8657948847886517e-05,1.0768340285984164e-05,2.8426641192874263e-05,3.672287456585886e-05,0.0,1.4520865395867302e-09,4.818454566527841e-13,4.222436952677418e-12
4,adam,299,1776.0,2736.3999999999996,6.765729013352363e-05,3.861668871434384e-05,1.163708193083794e-05,9.075592319106244e-06,1.7904014464399656e-05,2.9040511761133853e-05,0.0,9.208617577914883e-10,3.8422191004103887e-13,2.528994329524564e-12
4,adam,324,1776.0,2736.3999999999996,4.0745778454292906e-05,2.0643879993159422e-05,5.086218293023291e-06,5.893699450377578e-06,9.663962249758556e-06,2.010180822333621e-05,0.0,4.127756416464868e-10,2.3575729822363736e-13,1.289175039929348e-12
4,adam,349,1776.0,2736.3999999999996,0.0006993587382573365,0.0005642312937948397,4.103747274726417e-06,0.00042195611435680427,0.00013817143216330897,0.00013512735375837255,0.0,3.3167793783769835e-10,8.322607393187705e-12,1.0854561802873524e-11
4,adam,374,1776.0,2736.3999999999996,0.00011545166929144886,7.696691554211468e-05,3.546633864933064e-05,1.3381277319213459e-05,2.811929957357058e-05,3.8484664085357064e-05,0.0,2.5387238114853855e-09,6.040506247029677e-13,4.284913577382952e-12
4,adam,399,1776.0,2736.3999999999996,8.310696263619894e-05,5.252365746836668e-05,1.802249143733377e-05,1.410442092764936e-05,2.0396745103383546e-05,3.058321573948454e-05,0.0,1.4034331675753376e-09,5.774640608101661e-13,2.9965803218361165e-12
4,adam,424,1776.0,2736.3999999999996,5.9393065956644245e-05,3.555006592886397e-05,1.1181880055147214e-05,7.865028921833785e-06,1.6503156951882973e-05,2.3842910361064723e-05,0.0,8.886332689582724e-10,3.271713835182377e-13,2.2819747498199627e-12
4,adam,449,1776.0,2736.3999999999996,3.4180935542389375e-05,1.8284046632691994e-05,4.64577517620355e-06,4.854142730628734e-06,8.78412872585971e-06,1.5896798728816385e-05,0.0,3.798869493765091e-10,1.951593856358228e-13,1.1691565024711775e-12
4,adam,474,1776.0,2736.3999999999996,1.5809493017215683e-05,6.909628080804687e-06,1.079712410978297e-06,2.30463155007491e-06,3.525284119751481e-06,8.899774092280483e-06,0.0,9.00881948289074e-11,9.029317549187148e-14,4.746485196963224e-13
4,adam,499,1776.0,2736.3999999999996,7.722366613277003e-06,3.0294026780181476e-06,2.3912228058158404e-07,1.1791073233552338e-06,1.61117307408133e-06,4.6928725325811445e-06,0.0,1.8882273953361484e-11,4.1710911744543154e-14,2.0359895222784085e-13
4,adam,524,1776.0,2736.3999999999996,0.00018541407545412112,0.00015716373646468702,1.830136621437729e-05,5.9658804955570316e-05,7.92035652947394e-05,2.825024789850845e-05,0.0,1.10476104406749e-09,1.6059342265971535e-12,7.267664121349696e-12
4,adam,549,1776.0,2736.3999999999996,6.025614645093669e-05,4.1705194428336334e-05,2.1985159967417066e-05,4.473426944193473e-06,1.5246607516725793e-05,1.855086199508436e-05,0.0,1.6417021923526417e-09,1.8726303804048146e-13,1.921581979459617e-12
4,adam,574,1776.0,2736.3999999999996,3.093506485683541e-05,1.8620677506496903e-05,5.41354156558629e-06,5.442781390665912e-06,7.764354550244704e-06,1.2314297373542707e-05,0.0,4.391555633958161e-10,1.953230280127672e-13,9.717395468964268e-13
4,adam,599,1776.0,2736.3999999999996,1.3380672444164466e-05,6.73651431015773e-06,1.434058386634995e-06,2.048069109760978e-06,3.254386813761756e-06,6.644067716143414e-06,0.0,1.1926338223405232e-10,7.629331224042236e-14,4.1132033888882186e-13
4,adam,624,1776.0,2736.3999999999996,5.402334140727237e-06,2.211655184038133e-06,1.9529095808946566e-07,8.612557598494759e-07,1.1551084660991911e-06,3.1905880823631253e-06,0.0,1.6243726571442064e-11,3.0610290264948e-14,1.4819519183615672e-13
4,adam,649,1776.0,2736.3999999999996,3.0162954032124627e-06,1.3562138518264147e-06,8.997917670832879e-08,5.618036722450315e-07,7.044310028730544e-07,1.6599903685839934e-06,0.0,7.121974415499376e-12,1.658390570151528e-14,7.715226880103651e-14
4,adam,674,1776.0,2736.3999999999996,2.3334244141520583e-06,1.2704696205346284e-06,1.4377566904735644e-07,4.76175144664407e-07,6.50518806822865e-07,1.0628634411331634e-06,0.0,1.1629522909796115e-11,1.2288171419480769e-14,6.123638790844754e-14
4,adam,699,1776.0,2736.3999999999996,1.9859609856485112e-06,1.177522971314419e-06,1.4779887957048852e-07,4.211531641802047e-07,6.085709275637258e-07,8.083465672036115e-07,0.0,1.2046688600291233e-11,1.0327836459213902e-14,5.414983757184691e-14
4,adam,724,1776.0,2736.3999999999996,1.7019798398329322e-06,1.0350428570983475e-06,1.2378661913381706e-07,3.672042957698578e-07,5.440519421946728e-07,6.668454701376242e-07,0.0,1.007713593856545e-11,8.870647554261032e-15,4.762859134748367e-14
4,adam,749,1776.0,2736.3999999999996,1.446951785496202e-06,8.860288190117768e-07,9.713113051754917e-08,3.155760272416279e-07,4.7332166125259967e-07,5.60831396792648e-07,0.0,7.86400102590677e-12,7.581226286430994e-15,4.116079171929673e-14
4,adam,774,1776.0,2736.3999999999996,1.2163285675479078e-06,7.481378363872926e-07,7.543503958783209e-08,2.6759931002216296e-07,4.051034867772976e-07,4.680991058934655e-07,0.0,6.057391186554705e-12,6.395085422086037e-15,3.4987781358927717e-14
4,adam,799,1776.0,2736.3999999999996,1.0090342615093002e-06,6.246732725570812e-07,5.888226717082708e-08,2.238827424045031e-07,3.41908262981751e-07,3.8426930805913133e-07,0.0,4.679751883854994e-12,5.3107197476313076e-15,2.925394334980224e-14
4,adam,824,1776.0,2736.3999999999996,8.275386567726056e-07,5.143283808945864e-07,4.734294872657934e-08,1.8443444497895488e-07,2.8255098718905207e-07,3.131185401328696e-07,0.0,3.727683175964665e-12,4.4184827736711664e-15,2.439738297800508e-14
4,adam,849,1776.0,2736.3999999999996,6.656821840196376e-07,4.1772522465371637e-07,3.6933291203319864e-08,1.499754430110357e-07,2.3081649043936083e-07,2.478651682019781e-07,0.0,2.864853152831354e-12,3.5466702772401848e-15,1.96061952933606e-14
4,adam,874,1776.0,2736.3999999999996,5.277311706912675e-07,3.37190592518059e-07,2.940386689254222e-08,1.203583410860627e-07,1.874283845394541e-07,1.9044873177620992e-07,0.0,2.2441109847962806e-12,2.7917287664576047e-15,1.5580495025367972e-14
4,adam,899,1776.0,2736.3999999999996,4.12744753709502e-07,2.697350269395914e-07,2.386256024276141e-08,9.52652294277817e-08,1.5060723726904827e-07,1.4291782685109006e-07,0.0,1.790094089198043e-12,2.1582458249577134e-15,1.2200838229825614e-14
4,adam,924,1776.0,2736.3999999999996,3.190646990828214e-07,2.1408253166016196e-07,1.967461664621968e-08,7.445479905326653e-08,1.1995311596067577e-07,1.0489021670348413e-07,0.0,1.4491164491690369e-12,1.6407219040206124e-15,9.436609260221574e-15
4,adam,949,1776.0,2736.3999999999996,2.444270580812175e-07,1.690235082462826e-07,1.6509346930147807e-08,5.759083782623434e-08,9.492332348990043e-08,7.531155174440498e-08,0.0,1.1935109954914551e-12,1.228961601123869e-15,7.229715122069681e-15
4,adam,974,1776.0,2736.3999999999996,1.8619829227495853e-07,1.3316115699251387e-07,1.4125225063475661e-08,4.4217509930823595e-08,7.481842199821461e-08,5.294509377822791e-08,0.0,1.0031045654164787e-12,9.095750921141511e-16,5.504275431737704e-15
4,adam,999,1776.0,2736.3999999999996,1.4162901190320192e-07,1.0504450318067116e-07,1.2317849744888888e-08,3.38232925891159e-08,5.890336084666637e-08,3.649242810278627e-08,0.0,8.608311588968835e-13,6.678274910703353e-16,4.180930889861633e-15
4,adam,1024,1776.0,2736.3999999999996,1.1053201215927836e-07,8.672966876113748e-08,1.0797345778371111e-08,2.7282696121492433e-08,4.8649626861273936e-08,2.371022745387629e-08,0.0,7.397830107715285e-13,5.030952920957035e-16,3.2499636773658303e-15
4,adam,1049,1776.0,2736.3999999999996,8.504792572957889e-08,6.903643890057706e-08,9.79547451242538e-09,2.0715402721185215e-08,3.852556166696647e-08,1.5919340667854093e-08,0.0,6.647264398630282e-13,3.6623044648312063e-16,2.5070816524643492e-15
4,adam,1074,1776.0,2736.3999999999996,7.146346472663166e-08,5.9041816613792196e-08,9.043625914604313e-09,1.7479031321816315e-08,3.2519159377371564e-08,1.232947628275525e-08,0.0,6.107344994977158e-13,2.869708874512345e-16,2.0566359819713123e-15
4,adam,1099,1776.0,2736.3999999999996,2.4275714364050524e-06,2.0565540900173142e-06,5.923311039724621e-07,1.3864131881089782e-06,7.780979793587398e-08,3.709251946129533e-07,0.0,4.0303863632115216e-11,2.139825808512312e-14,5.241790431586167e-15
4,adam,1124,1776.0,2736.3999999999996,1.241526543010697e-06,1.0509979879142814e-06,2.223482987042037e-07,4.893858338936848e-07,3.39263855316393e-07,1.9043638871497342e-07,0.0,1.7781734673170276e-11,6.902573431079889e-15,2.1446317863259617e-14
4,adam,1149,1776.0,2736.3999999999996,5.5375401263376554e-08,4.819479007345148e-08,1.0328662260249502e-08,1.7764434681801236e-08,2.0101693131400746e-08,7.088394891019472e-09,0.0,7.425250928234024e-13,2.659801375171289e-16,1.1074458006206533e-15
4,adam,1174,1776.0,2736.3999999999996,2.056651809545881e-06,1.6733741851036637e-06,1.4929882317159818e-08,1.3164055127477233e-06,3.4203879003878057e-07,3.8318540631828284e-07,0.0,1.0513262526367054e-12,1.7935891217271007e-14,1.6235341425194676e-14
4,adam,1199,1776.0,2736.3999999999996,7.983277971298563e-08,7.224819489859993e-08,1.2018058065778239e-08,3.1142988905802574e-08,2.9087147927019124e-08,7.492372188642704e-09,0.0,8.907556718034258e-13,4.2664472554616775e-16,1.6710301053525207e-15
4,adam,1224,1776.0,2736.3999999999996,3.0339350525498898e-05,2.4449559482982132e-05,9.862277640773797e-08,1.9303006825472216e-05,5.047929881102176e-06,5.889698828262199e-06,0.0,7.111615019761747e-12,2.6753626414195135e-13,2.5069035542052103e-13
4,adam,1249,1776.0,2736.3999999999996,5.93347513483226e-07,5.63610452900322e-07,2.678388768057529e-07,2.8264322695330472e-08,2.6750725339923864e-07,2.964487743864969e-08,0.0,2.07154191119875e-11,6.081368757598285e-16,1.7269799851065942e-14
4,adam,1274,1776.0,2736.3999999999996,1.0663810238218826e-06,8.633205986263525e-07,1.64661760709434e-08,6.892357828981226e-07,1.5761863965728652e-07,2.0296820736615602e-07,0.0,1.2533119685608515e-12,9.218550441060529e-15,8.323473664441808e-15
4,adam,1299,1776.0,2736.3999999999996,2.937703033194717e-07,2.700071828466429e-07,1.3837238217254956e-07,1.067907396119948e-07,2.4844061062098547e-08,2.3670928189713133e-08,0.0,1.0731051186088487e-11,1.624971869638717e-15,1.5317617621300135e-15
4,adam,1324,1776.0,2736.3999999999996,2.7932313479271974e-07,2.211641375578222e-07,1.4461567192608178e-08,1.7370670680660219e-07,3.2995863558611855e-08,5.806679696513285e-08,0.0,1.1012871482903663e-12,2.487830016075339e-15,1.6475849849240888e-15
4,adam,1349,1776.0,2736.3999999999996,8.585380773767568e-06,7.074567594221378e-06,1.0823218520649472e-06,3.6069703340263386e-06,2.3852754081300916e-06,1.5107210212326612e-06,0.0,7.877251582759285e-11,5.769095985091422e-14,1.3505161068881723e-13
4,adam,1374,1776.0,2736.3999999999996,6.486508723677956e-07,5.567597853687481e-07,1.2657772398539373e-07,2.4840251367171495e-07,1.8177954771163944e-07,9.179892334700988e-08,0.0,1.040853856242354e-11,3.3567784537137185e-15,1.2116195905954475e-14
4,adam,1399,1776.0,2736.3999999999996,1.0124735878099062e-05,8.214067439172522e-06,7.736336921150598e-08,6.22634468391586e-06,1.9103593860451572e-06,1.910576268673033e-06,0.0,5.596981882346265e-12,8.743677096138025e-14,9.498469362256569e-14
4,lbfgs,1400,1776.0,2736.3999999999996,6.506388190232376e-06,5.215986961742537e-06,3.5699964192237566e-08,4.5891497627660495e-06,5.911372347842505e-07,1.2903090614211623e-06,0.0,2.367123923292302e-12,6.492159110596098e-14,2.9795074946070155e-14
4,lbfgs,1409,1776.0,2736.3999999999996,1.8307121830219074e-07,1.598902686806963e-07,4.574478375592284e-08,5.196066952328283e-08,6.218481540149064e-08,2.308878254824524e-08,0.0,3.0602269548526292e-12,8.042850100727469e-16,3.1072802131720667e-15
4,lbfgs,1419,1776.0,2736.3999999999996,1.3172592904590453e-07,1.1743976950009964e-07,7.863033469493389e-08,7.252937297923664e-09,3.155649750724209e-08,1.4193992432119834e-08,0.0,5.606164832285903e-12,1.3553893396533048e-16,1.6924359620221093e-15
4,lbfgs,1429,1776.0,2736.3999999999996,1.1694856807354794e-07,1.0611061125009754e-07,6.553044132242928e-08,1.570599117054663e-08,2.487417875712163e-08,1.074578966905034e-08,0.0,4.746729160624001e-12,2.629055029576475e-16,1.343736829582381e-15
4,lbfgs,1439,1776.0,2736.3999999999996,9.620786829611696e-08,8.560029255109569e-08,4.597089215800918e-08,1.5826626194760932e-08,2.3802774198325574e-08,1.051540844651737e-08,0.0,3.3258829609649427e-12,3.116334427509939e-16,1.4296483291735431e-15
4,lbfgs,1449,1776.0,2736.3999999999996,5.5744985596682446e-08,4.39316627744889e-08,1.3815426603913496e-08,9.213184662429894e-09,2.0903051508145512e-08,1.1721155539125235e-08,0.0,1.0350975058303735e-12,2.3055528420079003e-16,1.5095082165960377e-15
4,lbfgs,1459,1776.0,2736.3999999999996,3.02967371359138e-08,2.6802714009138473e-08,1.381809691200547e-08,5.178059498166966e-09,7.806557598966039e-09,3.401856607796536e-09,0.0,1.0121338681056512e-12,1.242883443312519e-16,6.338934246422609e-16
4,lbfgs,1469,1776.0,2736.3999999999996,2.542873209321199e-08,2.310234396674275e-08,1.1243012644666588e-08,3.957987713951999e-09,7.901343608124164e-09,2.234221849115007e-09,0.0,8.349384940091701e-13,9.384682989896267e-17,5.744397129298105e-16
4,lbfgs,1479,1776.0,2736.3999999999996,1.9924619885365402e-08,1.8564877734030422e-08,7.497149212672508e-09,3.557642883890541e-09,7.510085637467372e-09,1.2675760216055281e-09,0.0,5.696617673921986e-13,7.970054276391106e-17,5.546455825032006e-16
4,lbfgs,1489,1776.0,2736.3999999999996,1.848515867086673e-08,1.666286388759936e-08,4.595049518865027e-09,4.610721432345887e-09,7.457092936388448e-09,1.7301287165620748e-09,0.0,3.4038292601473153e-13,8.924693486781729e-17,5.237060995911871e-16
4,lbfgs,1499,1776.0,2736.3999999999996,1.515025650493857e-08,1.3898511042465398e-08,3.583523421650357e-09,3.299306911092219e-09,7.015680709722823e-09,1.1595793162164748e-09,0.0,2.617683285514513e-13,7.75107995303155e-17,5.096113732729357e-16
4,lbfgs,1509,1776.0,2736.3999999999996,1.495620413064906e-08,1.376024055795523e-08,3.522842752491277e-09,3.29804119554112e-09,6.939356609922833e-09,1.1037974335695784e-09,0.0,2.573453398258567e-13,7.714232485382545e-17,5.043342219022707e-16
4,lbfgs,1519,1776.0,2736.3999999999996,1.4734671812293238e-08,1.3614823126124559e-08,3.4740423578350263e-09,3.3107765950834462e-09,6.830004173206086e-09,1.0276825590121455e-09,0.0,2.5380246775316557e-13,7.680132060434383e-17,4.966459431659379e-16
4,lbfgs,1529,1776.0,2736.3999999999996,1.4576808030859879e-08,1.3489939428268543e-08,3.3736939057091644e-09,3.2885056187064407e-09,6.827739903852938e-09,9.947024732936937e-10,0.0,2.455647323442233e-13,7.644940384343262e-17,4.964145458265554e-16
4,lbfgs,1539,1776.0,2736.3999999999996,1.4394655040290361e-08,1.3333703700529695e-08,3.2350688388764144e-09,3.2521965080240197e-09,6.84643835362926e-09,9.68785204266009e-10,0.0,2.343084943755274e-13,7.596587905333616e-17,4.976813838347733e-16
4,lbfgs,1549,1776.0,2736.3999999999996,1.426364426885453e-08,1.3250711357188451e-08,3.206828170501537e-09,3.2538936547720138e-09,6.7899895319149e-09,9.207667820140391e-10,0.0,2.3216954509344996e-13,7.566638470513811e-17,4.937813861299137e-16
4,lbfgs,1559,1776.0,2736.3999999999996,1.4112620485736027e-08,1.3164941171217321e-08,3.1943825051947003e-09,3.270963783488645e-09,6.699594882533977e-09,8.555131947052606e-10,0.0,2.312237523375088e-13,7.544375924932192e-17,4.876188276399078e-16
4,lbfgs,1569,1776.0,2736.3999999999996,1.4002656943728934e-08,1.30681575048662e-08,3.114311621177023e-09,3.2514111099854526e-09,6.702434773703724e-09,8.423333155527762e-10,0.0,2.246891136366603e-13,7.515478558879564e-17,4.87752691714669e-16
4,lbfgs,1579,1776.0,2736.3999999999996,1.3876498003994562e-08,1.2948629505500564e-08,3.000975192641502e-09,3.2158161502231024e-09,6.731838162635961e-09,8.357023677486376e-10,0.0,2.1550729690389484e-13,7.469159213273206e-17,4.896543366914919e-16
4,lbfgs,1589,1776.0,2736.3999999999996,1.3783254623568258e-08,1.2889759098597174e-08,2.987491643248429e-09,3.2205479881388225e-09,6.681719467209922e-09,8.013293987101934e-10,0.0,2.145243322875643e-13,7.447600880589123e-17,4.863457856035547e-16
4,lbfgs,1599,1776.0,2736.3999999999996,1.3677151657695902e-08,1.2830131676785226e-08,2.992103839326966e-09,3.244121490108431e-09,6.593906347349829e-09,7.548538626518489e-10,0.0,2.1496318867466515e-13,7.44223222325465e-17,4.806146661062535e-16
4,lbfgs,1609,1776.0,2736.3999999999996,1.3597242904864691e-08,1.2756211241018914e-08,2.928615805331822e-09,3.2243349249316258e-09,6.603260510755465e-09,7.488655412561657e-10,0.0,2.097429880622929e-13,7.413405967567884e-17,4.811775213826553e-16
4,lbfgs,1619,1776.0,2736.3999999999996,1.3507516764331842e-08,1.2668385069910332e-08,2.8368294951975902e-09,3.1849047578390677e-09,6.646650816873676e-09,7.469655634995691e-10,0.0,2.021927625861469e-13,7.359402185754911e-17,4.839680263004439e-16
4,lbfgs,1629,1776.0,2736.3999999999996,1.3438212193452697e-08,1.262311984840995e-08,2.8315641990863354e-09,3.1932806229513108e-09,6.598275026372303e-09,7.229262177113837e-10,0.0,2.0190634686091986e-13,7.347503196767551e-17,4.808797982238457e-16
4,lbfgs,1639,1776.0,2736.3999999999996,1.3362123954484348e-08,1.2577290512659092e-08,2.845158377724221e-09,3.2270265374144353e-09,6.505105597520435e-09,6.926673214216355e-10,0.0,2.031980063094097e-13,7.366426418339064e-17,4.749182121261199e-16
4,lbfgs,1649,1776.0,2736.3999999999996,1.3301116304933901e-08,1.2520297637271299e-08,2.794379852439609e-09,3.2042684548306194e-09,6.52164933000107e-09,6.886525422643112e-10,0.0,1.9894162587372774e-13,7.332026923557866e-17,4.759681569200155e-16
4,lbfgs,1659,1776.0,2736.3999999999996,1.3236822879800755e-08,1.2460866921898856e-08,2.7216789795690832e-09,3.155127908873188e-09,6.5840600334565835e-09,6.837898233151173e-10,0.0,1.9269700792486413e-13,7.257693841835544e-17,4.800472865926245e-16
4,lbfgs,1669,1776.0,2736.3999999999996,1.318197590270328e-08,1.2421463161665897e-08,2.71962548994653e-09,3.1688533236152067e-09,6.53298434810416e-09,6.683466095427796e-10,0.0,1.9277500202284868e-13,7.25910786541262e-17,4.768175718126413e-16
4,lbfgs,1679,1776.0,2736.3999999999996,1.3134148461079602e-08,1.238351918504997e-08,2.705629910726053e-09,3.1724618848484858e-09,6.505427389475431e-09,6.584631445760976e-10,0.0,1.9170429706726866e-13,7.253398337132817e-17,4.750802845117573e-16
4,lbfgs,1689,1776.0,2736.3999999999996,1.307767518569366e-08,1.2336215885692454e-08,2.6950848014299447e-09,3.1907507088504444e-09,6.450380375412065e-09,6.492931693711565e-10,0.0,1.909974084174436e-13,7.270034613078813e-17,4.715406736449451e-16
4,lbfgs,1699,1776.0,2736.3999999999996,1.3034977037148908e-08,1.2301743687127262e-08,2.671364974243041e-09,3.1768367047088776e-09,6.453542008175344e-09,6.410672167335273e-10,0.0,1.8898501179472057e-13,7.240307820497549e-17,4.718156933318027e-16
4,lbfgs,1709,1776.0,2736.3999999999996,1.2985845680330219e-08,1.226740138056656e-08,2.6396207686325484e-09,3.1442581925491697e-09,6.483522419384842e-09,6.262781619780963e-10,0.0,1.8613221375039076e-13,7.175205341336731e-17,4.739237525738872e-16
4,lbfgs,1719,1776.0,2736.3999999999996,1.2946973787822034e-08,1.223305869632515e-08,2.6282227835656417e-09,3.152268518340499e-09,6.45256739441901e-09,6.217489534669517e-10,0.0,1.8536547347744941e-13,7.18032784845192e-17,4.719494604772525e-16
4,lbfgs,1729,1776.0,2736.3999999999996,1.2904855513735083e-08,1.2187196748138765e-08,2.618486625440996e-09,3.186069306345216e-09,6.382640816352552e-09,6.254926280797988e-10,0.0,1.8498925297096806e-13,7.23149077302444e-17,4.6735678169106e-16
4,lbfgs,1739,1776.0,2736.3999999999996,1.2868317806576687e-08,1.2161803839868197e-08,2.6017907459244325e-09,3.1655108958734098e-09,6.394502198070354e-09,6.143478261472854e-10,0.0,1.8342451128208756e-13,7.188830454880608e-17,4.682509420299941e-16
4,lbfgs,1749,1776.0,2736.3999999999996,1.2835983732785735e-08,1.2137433466737447e-08,2.5882411797900926e-09,3.155386521252619e-09,6.393805765694736e-09,6.06384123334927e-10,0.0,1.822456617081868e-13,7.163922560943572e-17,4.68301333316744e-16
4,lbfgs,1759,1776.0,2736.3999999999996,1.2797631019934422e-08,1.2114542335639102e-08,2.5718487899983437e-09,3.13118668377514e-09,6.411506861865619e-09,5.909225384099207e-10,0.0,1.8066034218766899e-13,7.109402824168546e-17,4.696415880790399e-16
4,lbfgs,1769,1776.0,2736.3999999999996,1.2767725073077813e-08,1.2085840922336881e-08,2.5605876558897123e-09,3.1365254693599004e-09,6.388727797087269e-09,5.897180034594616e-10,0.0,1.7987842525151118e-13,7.114166564754402e-17,4.681833260773459e-16
4,lbfgs,1779,1776.0,2736.3999999999996,1.2733995668530485e-08,1.2044202450448862e-08,2.5463689587213356e-09,3.161297101668288e-09,6.336536390059238e-09,5.976270691628987e-10,0.0,1.7910231842786643e-13,7.156477622223851e-17,4.647257741468314e-16
4,lbfgs,1789,1776.0,2736.3999999999996,1.2705532594514963e-08,1.202673645754522e-08,2.5379186724192034e-09,3.1454635885771568e-09,6.343354196548858e-09,5.866299856993676e-10,0.0,1.7823297849071401e-13,7.120363837739602e-17,4.653050982596811e-16
4,lbfgs,1799,1776.0,2736.3999999999996,1.2679747842042423e-08,1.2008014379538627e-08,2.5291968297264527e-09,3.1373555847221555e-09,6.34146196509002e-09,5.795673091722184e-10,0.0,1.7745353177968295e-13,7.099271443668537e-17,4.652762874120833e-16
4,lbfgs,1809,1776.0,2736.3999999999996,1.2648593441037903e-08,1.1991173494181878e-08,2.519736660110646e-09,3.1179163060928064e-09,6.353520527978427e-09,5.652537907970926e-10,0.0,1.764579499508965e-13,7.052987827815051e-17,4.662389825673237e-16
4,lbfgs,1819,1776.0,2736.3999999999996,1.2624393021894073e-08,1.1967083878960501e-08,2.5102165158351856e-09,3.1218515056561953e-09,6.335015857469122e-09,5.651429849943767e-10,0.0,1.7580045739156784e-13,7.057004778471326e-17,4.650535108862275e-16
4,lbfgs,1829,1776.0,2736.3999999999996,1.2596390768425501e-08,1.1930506319891278e-08,2.4965241203758586e-09,3.1414352810266163e-09,6.2925469184888036e-09,5.737182880071048e-10,0.0,1.750253807989045e-13,7.092665150048427e-17,4.62231699728352e-16
4,lbfgs,1839,1776.0,2736.3999999999996,1.2573107712111722e-08,1.1917238285135186e-08,2.4916331634626703e-09,3.128355254990503e-09,6.297249866682013e-09,5.637032643279154e-10,0.0,1.7446931840466598e-13,7.061660340547928e-17,4.626612466878942e-16
4,lbfgs,1849,1776.0,2736.3999999999996,1.2551667359357664e-08,1.1902046070286319e-08,2.4855597912358847e-09,3.1214885710437772e-09,6.294997708006658e-09,5.574551243766339e-10,0.0,1.739147300951232e-13,7.043437546225105e-17,4.625979610333738e-16
4,lbfgs,1859,1776.0,2736.3999999999996,1.2525406410005354e-08,1.188874082471141e-08,2.4796016884889324e-09,3.1050636204598463e-09,6.304075515762632e-09,5.444994180728907e-10,0.0,1.7323534906801142e-13,7.003305876885763e-17,4.633444127149567e-16
4,lbfgs,1869,1776.0,2736.3999999999996,1.250503771910676e-08,1.1868156760861772e-08,2.4717886941362343e-09,3.1081479919448164e-09,6.288220074780722e-09,5.447147889100726e-10,0.0,1.7270126799709425e-13,7.006694937574436e-17,4.623265061722014e-16
4,lbfgs,1879,1776.0,2736.3999999999996,1.2480998781914021e-08,1.1835999074400996e-08,2.459787407484023e-09,3.12435094952927e-09,6.2518607173877035e-09,5.528335351088121e-10,0.0,1.7201894849699166e-13,7.03738793692433e-17,4.599059844896494e-16
4,lbfgs,1889,1776.0,2736.3999999999996,1.2461239538320869e-08,1.1825239023255404e-08,2.4566285393764354e-09,3.113118155675497e-09,6.25549232820347e-09,5.438343406537374e-10,0.0,1.7162781041507862e-13,7.01031606511118e-17,4.602476674475105e-16
4,lbfgs,1899,1776.0,2736.3999999999996,1.2442803436089529e-08,1.1812398901222925e-08,2.452124085314593e-09,3.107101149959933e-09,6.253173665948399e-09,5.382383584244712e-10,0.0,1.712110787716231e-13,6.994279142139006e-17,4.601664228451366e-16
4,lbfgs,1909,1776.0,2736.3999999999996,1.2419978633586651e-08,1.1801282096221055e-08,2.448017324286411e-09,3.0927672329275627e-09,6.260497539007082e-09,5.265303585247197e-10,0.0,1.707138405688406e-13,6.958853033759679e-17,4.607748579402242e-16
4,lbfgs,1919,1776.0,2736.3999999999996,1.2402298581284514e-08,1.17833564154255e-08,2.4416102963280765e-09,3.0952705523567583e-09,6.246475566740664e-09,5.267759847907137e-10,0.0,1.7028004888782208e-13,6.961733121119757e-17,4.598703001679086e-16
4,lbfgs,1929,1776.0,2736.3999999999996,1.238109267643697e-08,1.175484287418575e-08,2.4314266087996982e-09,3.1090597969040437e-09,6.21435646848201e-09,5.340836178615667e-10,0.0,1.6970278058311372e-13,6.988567388438489e-17,4.577262066271591e-16
4,lbfgs,1939,1776.0,2736.3999999999996,1.2363840894313068e-08,1.1745688186811561e-08,2.4291546302536928e-09,3.099185040570919e-09,6.217348515986949e-09,5.259865211895898e-10,0.0,1.6940633381192882e-13,6.964588158511343e-17,4.580082230072819e-16
4,lbfgs,1949,1776.0,2736.3999999999996,1.2344619211303329e-08,1.1746196925911313e-08,2.4304539528799365e-09,3.073736648698168e-09,6.242006324333208e-09,5.062560971836491e-10,0.0,1.6915158271984365e-13,6.904297499000637e-17,4.59821474955556e-16
4,lbfgs,1959,1776.0,2736.3999999999996,1.2327248807432408e-08,1.1724777596190345e-08,2.4225039159910182e-09,3.0810246437201933e-09,6.221249036479133e-09,5.103050206348844e-10,0.0,1.6869046973952673e-13,6.918560264979902e-17,4.584278438198777e-16
4,lbfgs,1969,1776.0,2736.3999999999996,1.2311534248381878e-08,1.1708903206269048e-08,2.4172082248301323e-09,3.0830956290061615e-09,6.208599352432753e-09,5.104648492331882e-10,0.0,1.6833464327883797e-13,6.921008569573085e-17,4.576059020614148e-16
4,lbfgs,1979,1776.0,2736.3999999999996,1.2292432056686877e-08,1.1683380716120701e-08,2.4086760714705965e-09,3.095043757026478e-09,6.179660887623626e-09,5.168851442450959e-10,0.0,1.6785333541188233e-13,6.944711000377571e-17,4.556667255072431e-16
4,lbfgs,1989,1776.0,2736.3999999999996,1.2277037411399689e-08,1.1675300570953432e-08,2.406858884930131e-09,3.086229624292105e-09,6.182212061731196e-09,5.095706422812813e-10,0.0,1.6761394281935452e-13,6.923230627506685e-17,4.5590377309479e-16
4,lbfgs,1999,1776.0,2736.3999999999996,1.2259445562296056e-08,1.167552731620705e-08,2.407926638806925e-09,3.063370674120469e-09,6.2042300032796555e-09,4.917520462238978e-10,0.0,1.6740410090009432e-13,6.868868824171239e-17,4.57514686895322e-16
4,lbfgs,2009,1776.0,2736.3999999999996,1.2243963330940241e-08,1.1656507177430441e-08,2.4013498896614738e-09,3.069798880762698e-09,6.185358407006271e-09,4.952899511883451e-10,0.0,1.6702483918748724e-13,6.881625615573993e-17,4.562422203106412e-16
4,lbfgs,2019,1776.0,2736.3999999999996,1.2229741418553087e-08,1.1642251373396879e-08,2.3969265355486266e-09,3.071528030201743e-09,6.173796807646511e-09,4.953238405606346e-10,0.0,1.6672924725502725e-13,6.883688328660439e-17,4.554843790116565e-16
4,lbfgs,2029,1776.0,2736.3999999999996,1.2212262069907281e-08,1.1619206897447335e-08,2.3898088517291997e-09,3.08200239749913e-09,6.1473956482190065e-09,5.008889643859183e-10,0.0,1.663296944666301e-13,6.904756213265959e-17,4.53706935080891e-16
4,lbfgs,2039,1776.0,2736.3999999999996,1.2198293268218608e-08,1.161187143071433e-08,2.388216779266243e-09,3.0740515242024426e-09,6.149603127245645e-09,4.942556276629852e-10,0.0,1.6612592598779374e-13,6.885343561702342e-17,4.539074314273236e-16
4,lbfgs,2049,1776.0,2736.3999999999996,1.2181991342522177e-08,1.1611667511063122e-08,2.3888407319945127e-09,3.0533442400760733e-09,6.169482538992536e-09,4.781576200732921e-10,0.0,1.6593403284336833e-13,6.836009961441014e-17,4.55353150781245e-16
4,lbfgs,2059,1776.0,2736.3999999999996,1.216796673411864e-08,1.1594598327850842e-08,2.3833827332806434e-09,3.0590465474241627e-09,6.152169047146036e-09,4.81202192415039e-10,0.0,1.6562065245188138e-13,6.847429652131986e-17,4.541799588531409e-16
4,lbfgs,2069,1776.0,2736.3999999999996,1.2154917702478131e-08,1.1581646985718625e-08,2.3796445812341746e-09,3.0604940679455586e-09,6.141508336538891e-09,4.811045006594253e-10,0.0,1.6537167652639432e-13,6.849138591935795e-17,4.534744560109161e-16
4,lbfgs,2079,1776.0,2736.3999999999996,1.2138734259866555e-08,1.1560680569319157e-08,2.373705591677676e-09,3.069747212304947e-09,6.117227765336535e-09,4.858874709865017e-10,0.0,1.6503961705778704e-13,6.867932448689918e-17,4.518312498887174e-16
4,lbfgs,2089,1776.0,2736.3999999999996,1.2125895240274966e-08,1.1553876926038156e-08,2.372215909377412e-09,3.062519402468208e-09,6.1191416141925355e-09,4.798520929840785e-10,0.0,1.6485886553847308e-13,6.85026416750343e-17,4.520004386046895e-16
4,lbfgs,2099,1776.0,2736.3999999999996,1.2110649714637139e-08,1.1553187385910038e-08,2.3723414083546405e-09,3.043651843550568e-09,6.13719413400483e-09,4.652961060577766e-10,0.0,1.6467175679180686e-13,6.80527428250043e-17,4.533050599146807e-16
4,lbfgs,2109,1776.0,2736.3999999999996,1.209778261844633e-08,1.1537729368775762e-08,2.367788639504075e-09,3.048726321573579e-09,6.121214407698108e-09,4.678870245552656e-10,0.0,1.6441100406723013e-13,6.815492951275478e-17,4.522164596909452e-16
4,lbfgs,2119,1776.0,2736.3999999999996,1.2085682576368879e-08,1.1525849299187834e-08,2.364591037097959e-09,3.049935050213498e-09,6.111323211876377e-09,4.676670498641262e-10,0.0,1.6419830838475053e-13,6.816872381112409e-17,4.515554134200063e-16
4,lbfgs,2129,1776.0,2736.3999999999996,1.2070564577777048e-08,1.1506645371948316e-08,2.359619796270572e-09,3.0581508484024215e-09,6.088874727275323e-09,4.717529751052276e-10,0.0,1.639210202054812e-13,6.833668477366404e-17,4.500278587090714e-16
4,lbfgs,2139,1776.0,2736.3999999999996,1.2058645076053153e-08,1.1500232300158953e-08,2.35816856410532e-09,3.051541142468463e-09,6.0905225935851695e-09,4.662465435525328e-10,0.0,1.6375573454699878e-13,6.81749456320176e-17,4.501692949001862e-16
4,lbfgs,2149,1776.0,2736.3999999999996,1.2044288616687104e-08,1.1499052337773227e-08,2.3578173760636563e-09,3.034276952577082e-09,6.106958009132488e-09,4.5307004526288504e-10,0.0,1.635676325827312e-13,6.776307090015049e-17,4.513496533159161e-16
5,adam,0,2736.3999999999996,4080.959999999999,8.675220389264344e-05,6.506408429484479e-05,4.484796139553727e-05,1.0126827881538682e-05,1.0089295017768832e-05,2.16880280982816e-05,0.0,2.339898507259353e-09,1.3210372595381255e-13,4.483896060567554e-13
5,adam,24,2736.3999999999996,4080.959999999999,0.00012815356343062623,9.413807025839792e-05,4.405725655425871e-05,1.4851442350292813e-05,3.52293713538464e-05,3.4015402493068916e-05,0.0,2.3208798211307033e-09,1.966465839845099e-13,1.5550648014989379e-12
5,adam,49,2736.3999999999996,4080.959999999999,7.447441856855986e-05,5.951780413994634e-05,4.217502709084756e-05,3.3572274251577943e-06,1.398554962394099e-05,1.4956524052179058e-05,0.0,2.2291578840446235e-09,4.38956905390671e-14,6.23950375836803e-13
5,adam,74,2736.3999999999996,4080.959999999999,7.206088059938527e-05,5.75648171002923e-05,4.14492905636923e-05,6.413403382769754e-06,9.70212315383025e-06,1.4495973156097714e-05,0.0,2.1950067070025517e-09,8.427812495368369e-14,4.3487765882740535e-13
5,adam,99,2736.3999999999996,4080.959999999999,6.952800300159595e-05,5.6119306564382464e-05,4.0912438118572634e-05,3.815322303634455e-06,1.1391546142175376e-05,1.3408606078480688e-05,0.0,2.1678241584982714e-09,5.024457136088425e-14,5.125659330485502e-13
5,adam,124,2736.3999999999996,4080.959999999999,6.725607052058196e-05,5.474988200877773e-05,3.976117574473878e-05,4.376647228439806e-06,1.0612059035599146e-05,1.250609812017147e-05,0.0,2.1037218271420347e-09,5.789259064541308e-14,4.800892344457365e-13
5,adam,149,2736.3999999999996,4080.959999999999,6.451056572026571e-05,5.3175219343193685e-05,3.8364150302539756e-05,4.349345387384117e-06,1.0461723653269808e-05,1.1335255925316181e-05,0.0,2.025981448047715e-09,5.780028567077577e-14,4.763380896334947e-13
5,adam,174,2736.3999999999996,4080.959999999999,6.112215487343126e-05,5.122468914531605e-05,3.639670029554724e-05,4.343653251736473e-06,1.048433559803234e-05,9.897375181502299e-06,0.0,1.9161221957806916e-09,5.806036742471252e-14,4.811549205478215e-13
5,adam,199,2736.3999999999996,4080.959999999999,5.7162874244911686e-05,4.8887569763936336e-05,3.369600399647658e-05,4.439775211145442e-06,1.0751790556314315e-05,8.27521380055866e-06,0.0,1.7656533078296336e-09,5.983116459440334e-14,4.983660923834413e-13
5,adam,224,2736.3999999999996,4080.959999999999,5.2731644998670326e-05,4.590902417421971e-05,3.087230526052929e-05,4.285106935689516e-06,1.0751611978000906e-05,6.822529977995464e-06,0.0,1.6216688497292496e-09,5.833826382207825e-14,5.040965744085194e-13
5,adam,249,2736.3999999999996,4080.959999999999,4.852341236143717e-05,4.308646783048265e-05,2.776973044249677e-05,4.372101718268648e-06,1.0944635669717238e-05,5.436853524938813e-06,0.0,1.4537501696449544e-09,6.058668143865072e-14,5.238705217604764e-13
5,adam,274,2736.3999999999996,4080.959999999999,4.396364259040864e-05,3.976408107090522e-05,2.5016719610039243e-05,4.177860588328003e-06,1.0569500872537968e-05,4.19947035761031e-06,0.0,1.3045792690293024e-09,5.957117916449141e-14,5.227197475497727e-13
5,adam,299,2736.3999999999996,4080.959999999999,3.8538396257867715e-05,3.54387992229126e-05,2.2066881856857217e-05,3.7422515224027018e-06,9.629665843652679e-06,3.0995057035273044e-06,0.0,1.1440106593587958e-09,5.570273950289104e-14,5.002308715230277e-13
5,adam,324,2736.3999999999996,4080.959999999999,0.001501364765880613,0.0008491257750572957,2.857184064641905e-05,0.0005887945651344734,0.00023175936927640335,0.0006522388993181551,0.0,1.495943437068611e-09,1.2157612645215608e-11,1.3933768237960903e-11
5,adam,349,2736.3999999999996,4080.959999999999,7.119940797519451e-05,6.007241024436111e-05,4.2391861971923635e-05,2.689380383531578e-06,1.4991167888905895e-05,1.1126907362410993e-05,0.0,2.2894952527882593e-09,3.567219576098585e-14,6.759541787493763e-13
5,adam,374,2736.3999999999996,4080.959999999999,5.5068608245431996e-05,4.990264303647438e-05,3.658539728192946e-05,6.5872711418534685e-06,6.72997461269146e-06,5.165874956832462e-06,0.0,1.9519845551588892e-09,8.995883551706737e-14,3.129691475311255e-13
5,adam,399,2736.3999999999996,4080.959999999999,4.9635058046431995e-05,4.60638129964637e-05,3.3510117442829824e-05,2.8187215464597807e-06,9.734974007174093e-06,3.5711547097754554e-06,0.0,1.7753411202062618e-09,3.878290874884969e-14,4.637188601913441e-13
5,adam,424,2736.3999999999996,4080.959999999999,4.579127811075325e-05,4.307086052770544e-05,3.0263858516095686e-05,3.2406562513701415e-06,9.566345760239616e-06,2.720327130352578e-06,0.0,1.5862832926607834e-09,4.592652805376276e-14,4.675713713385399e-13
5,adam,449,2736.3999999999996,4080.959999999999,4.1607872507030055e-05,3.941442878627069e-05,2.6854178535929094e-05,3.2481511733231044e-06,9.312099077018489e-06,2.1933531407964912e-06,0.0,1.3978078411049142e-09,4.7653702917310596e-14,4.708429702435967e-13
5,adam,474,2736.3999999999996,4080.959999999999,3.6913191905809607e-05,3.513672515680834e-05,2.3324573996473242e-05,2.957468317671189e-06,8.854682842663906e-06,1.7763760256894666e-06,0.0,1.2044607669474708e-09,4.54425243950381e-14,4.697497242094338e-13
5,adam,499,2736.3999999999996,4080.959999999999,3.112008994744318e-05,2.972939399462206e-05,1.945277268357842e-05,2.494538848582116e-06,7.782082462461526e-06,1.3906050449474277e-06,0.0,9.948008853065395e-10,4.095680154326986e-14,4.419038137445372e-13
5,adam,524,2736.3999999999996,4080.959999999999,2.3805431835579448e-05,2.283649378564016e-05,1.490116618860059e-05,1.8715649473650793e-06,6.0637626496744904e-06,9.68846870454609e-07,0.0,7.527358333946808e-10,3.382631391853521e-14,3.7881645383578863e-13
5,adam,549,2736.3999999999996,4080.959999999999,0.00014402711442506748,0.00012820571369065545,5.867067648588286e-05,5.787239991205956e-05,1.1662637292713027e-05,1.5821310291962568e-05,0.0,3.3035644582806453e-09,8.105438038782619e-13,5.494499302944468e-13
5,adam,574,2736.3999999999996,4080.959999999999,6.57653031069985e-05,5.518464165066841e-05,3.101652205560373e-05,5.650123689522617e-06,1.8517995905542064e-05,1.0580572134288908e-05,0.0,1.6240307337696957e-09,8.500606434401015e-14,9.24688611118441e-13
5,adam,599,2736.3999999999996,4080.959999999999,4.272604833579231e-05,3.908397930250249e-05,2.7553369159169344e-05,5.483804644121228e-06,6.046805499211922e-06,3.641979726655513e-06,0.0,1.4435178145736317e-09,8.280715901331918e-14,3.069391537614366e-13
5,adam,624,2736.3999999999996,4080.959999999999,3.654526264739799e-05,3.423220818459791e-05,2.2937987685215584e-05,3.5742055631504788e-06,7.720014936231846e-06,2.312965026878473e-06,0.0,1.1813306282106956e-09,5.6314644913173903e-14,4.176429051790461e-13
5,adam,649,2736.3999999999996,4080.959999999999,2.9579417614571734e-05,2.7931458333536743e-05,1.832232411383934e-05,2.540511390690899e-06,7.068622829006505e-06,1.647869657845342e-06,0.0,9.319269008943817e-10,4.275548690050489e-14,4.1410961467717503e-13
5,adam,674,2736.3999999999996,4080.959999999999,2.1986483708925845e-05,2.0883580082945718e-05,1.3634818323465817e-05,1.780117521548652e-06,5.468644237931249e-06,1.1028137529453468e-06,0.0,6.850122803298541e-10,3.273590106132052e-14,3.5310931412924067e-13
5,adam,699,2736.3999999999996,4080.959999999999,1.42554797640606e-05,1.365300008401757e-05,8.805693736933044e-06,1.1840540923937447e-06,3.6632522546907816e-06,6.02389492557932e-07,0.0,4.3619682892347975e-10,2.4423447503311524e-14,2.635067754073928e-13
5,adam,724,2736.3999999999996,4080.959999999999,0.000526602652451734,0.0003718972773096005,1.7603034227329305e-05,0.00032699584663149387,2.7298396450777333e-05,0.00015470528578791467,0.0,8.430724470454539e-10,5.529841218439327e-12,1.7472783812160907e-12
5,adam,749,2736.3999999999996,4080.959999999999,5.791715313358547e-05,5.2960313045090936e-05,3.350287218810922e-05,1.5902577494407435e-05,3.554863362574286e-06,4.956752037222012e-06,0.0,1.76775437417153e-09,2.286309061960003e-13,1.7100328904740957e-13
5,adam,774,2736.3999999999996,4080.959999999999,4.297822522890678e-05,3.9178981795136926e-05,2.6654044126736813e-05,1.677606802738157e-06,1.0847330865661959e-05,3.79915548909208e-06,0.0,1.3892012251577796e-09,2.409864766884347e-14,5.614523044660094e-13
5,adam,799,2736.3999999999996,4080.959999999999,3.579629677340491e-05,3.3422434291604225e-05,2.1893002043933428e-05,3.335763013804796e-06,8.193669233866001e-06,2.3737744473029826e-06,0.0,1.1238826796233497e-09,5.24439219425465e-14,4.437854083388543e-13
5,adam,824,2736.3999999999996,4080.959999999999,2.9554322656731396e-05,2.7833724399327682e-05,1.7944530410500186e-05,2.3682527723946623e-06,7.520941216432836e-06,1.720510063417226e-06,0.0,9.120904426203486e-10,3.92321150229587e-14,4.4010845975651045e-13
5,adam,849,2736.3999999999996,4080.959999999999,2.2562841743743255e-05,2.135581438032833e-05,1.3833360948633781e-05,1.934822638865314e-06,5.587630792829234e-06,1.2069389381634338e-06,0.0,6.957041704125195e-10,3.48981639407513e-14,3.537005185140217e-13
5,adam,874,2736.3999999999996,4080.959999999999,1.519541350962246e-05,1.448681314344889e-05,9.268153030149094e-06,1.2809266268211467e-06,3.937733486478648e-06,7.08511632037415e-07,0.0,4.60031860621058e-10,2.509126628643297e-14,2.717898060357609e-13
5,adam,899,2736.3999999999996,4080.959999999999,8.734801448773952e-06,8.427513369051367e-06,5.240926009047699e-06,8.03818100320905e-07,2.382769259682762e-06,3.0719898520763236e-07,0.0,2.5713353206959393e-10,1.7334209111840285e-14,1.7713540742307127e-13
5,adam,924,2736.3999999999996,4080.959999999999,0.0001378835598409317,0.0001140615679496167,3.3642117514348e-05,4.7035456923942706e-05,3.3383993511326e-05,2.382190417410369e-05,0.0,1.6987038022238014e-09,7.473631092721313e-13,1.7255316443695704e-12
5,adam,949,2736.3999999999996,4080.959999999999,5.395554101832324e-05,4.555083554065064e-05,2.782821392717626e-05,1.3156590126543307e-05,4.566031486931071e-06,8.404618809302078e-06,0.0,1.4514319839780583e-09,2.0608429547749363e-13,2.31487013861805e-13
5,adam,974,2736.3999999999996,4080.959999999999,3.788036342725804e-05,3.532753941596217e-05,2.4496105286426886e-05,1.5686248037417594e-06,9.262809325793524e-06,2.5527373402570974e-06,0.0,1.2752689213396771e-09,2.327003633057712e-14,4.924945335299589e-13
5,adam,999,2736.3999999999996,4080.959999999999,3.1585030007961065e-05,3.0019927345334768e-05,1.9428400165857076e-05,2.8162658926051487e-06,7.775261286872542e-06,1.5650158973066977e-06,0.0,9.953633829072335e-10,4.529399042735317e-14,4.350090399032145e-13
5,adam,1024,2736.3999999999996,4080.959999999999,2.6217883556204963e-05,2.5105461140320564e-05,1.6475207990337695e-05,2.1509367141113027e-06,6.479316435871565e-06,1.1123355113537145e-06,0.0,8.36628844576028e-10,3.6160786997627376e-14,3.8277998503595876e-13
5,adam,1049,2736.3999999999996,4080.959999999999,2.098940789973489e-05,2.0214266675339485e-05,1.3064692762287447e-05,1.7782648367292523e-06,5.371309076322786e-06,7.750541500971623e-07,0.0,6.571143880615807e-10,3.183165374378678e-14,3.3644007607765207e-13
5,adam,1074,2736.3999999999996,4080.959999999999,1.5639220800965308e-05,1.5166736569788642e-05,9.647209268935186e-06,1.3610032603202705e-06,4.158524040533185e-06,4.7239694681503507e-07,0.0,4.804761128641555e-10,2.611427936600653e-14,2.774222632924939e-13
5,adam,1099,2736.3999999999996,4080.959999999999,1.0596465397559906e-05,1.0376573317072824e-05,6.453460374474192e-06,9.578165416476352e-07,2.9652964009509972e-06,2.1980455363473745e-07,0.0,3.182487031255676e-10,1.9926330931574462e-14,2.119803271489872e-13
5,adam,1124,2736.3999999999996,4080.959999999999,6.543596239536776e-06,6.482909283899322e-06,3.890280297089717e-06,6.506421610933865e-07,1.941986825716219e-06,6.059917878401119e-08,0.0,1.9015820826582275e-10,1.5143129009191663e-14,1.5026239156592618e-13
5,adam,1149,2736.3999999999996,4080.959999999999,3.887977284246668e-06,3.874645972141326e-06,2.1899149434193458e-06,4.491625096871418e-07,1.2355685190348386e-06,1.3243316302676043e-08,0.0,1.0641480211168187e-10,1.2278853912362113e-14,1.0604737906337254e-13
5,adam,1174,2736.3999999999996,4080.959999999999,0.00023035917759670722,0.00017160817139035144,2.8480523251452273e-05,7.697091330077381e-05,6.615673483812536e-05,5.875091966502514e-05,0.0,1.4440790882102152e-09,1.5274898870199833e-12,4.238659011336042e-12
5,adam,1199,2736.3999999999996,4080.959999999999,4.446716355780084e-05,3.9963054902704883e-05,2.4208115745605065e-05,1.097935855168914e-05,4.775580605410679e-06,4.50402289443848e-06,0.0,1.2518353079271291e-09,1.7802936097658058e-13,2.609070276600082e-13
5,adam,1224,2736.3999999999996,4080.959999999999,3.284033392252136e-05,3.06362284399704e-05,2.087291254389816e-05,1.6347506884834318e-06,8.128565207588812e-06,2.204019748942129e-06,0.0,1.079211724236152e-09,2.623234568297733e-14,4.655547033173998e-13
5,adam,1249,2736.3999999999996,4080.959999999999,2.7102322108881972e-05,2.5910609961095302e-05,1.683062977664069e-05,2.1242589028542454e-06,6.955721281600364e-06,1.1916263527345942e-06,0.0,8.591692655799558e-10,3.5945713874795893e-14,4.185737709194467e-13
5,adam,1274,2736.3999999999996,4080.959999999999,2.246753150510431e-05,2.1772831125808964e-05,1.390902987486046e-05,2.0144199157855757e-06,5.849381335162926e-06,6.946145021983226e-07,0.0,7.034657090501247e-10,3.6112433887240854e-14,3.6726120618426204e-13
5,adam,1299,2736.3999999999996,4080.959999999999,1.8223946342146185e-05,1.7819476286702813e-05,1.1214860777371572e-05,1.6268267706331952e-06,4.977788738698046e-06,4.0438409011032735e-07,0.0,5.624980683549766e-10,3.063189578529962e-14,3.271442889558513e-13
5,adam,1324,2736.3999999999996,4080.959999999999,1.4194506268416502e-05,1.3986460369628303e-05,8.640175049941446e-06,1.2921630152526994e-06,4.054122304434157e-06,2.0795983479564001e-07,0.0,4.296117363556567e-10,2.5702264419539387e-14,2.794836094204962e-13
5,adam,1349,2736.3999999999996,4080.959999999999,1.0420780326056802e-05,1.033431060554554e-05,6.2542672229908594e-06,9.7104609546574e-07,3.108997287088941e-06,8.638354084591005e-08,0.0,3.0813146958050526e-10,2.0483556863115494e-14,2.259771116745141e-13
5,adam,1374,2736.3999999999996,4080.959999999999,7.1056627722835846e-06,7.0678767632618765e-06,4.196313748969057e-06,6.828263302055149e-07,2.1887366840873045e-06,3.769969060323385e-08,0.0,2.0482727442789564e-10,1.5292126838013518e-14,1.6783858035189133e-13
5,adam,1399,2736.3999999999996,4080.959999999999,4.52751867405998e-06,4.471518249430371e-06,2.5882202762234527e-06,4.564574709445997e-07,1.4268405022623195e-06,5.591395016002495e-08,0.0,1.252899548097695e-10,1.0829401833132228e-14,1.1439757011421541e-13
5,lbfgs,1400,2736.3999999999996,4080.959999999999,4.2606791263900845e-06,4.2027867868060306e-06,2.404783310297396e-06,4.339137375823912e-07,1.3640897389262435e-06,5.780585878442924e-08,0.0,1.1626482444205656e-10,1.031931846163265e-14,1.0905591851409811e-13
5,lbfgs,1409,2736.3999999999996,4080.959999999999,3.8000010197645307e-06,3.5345250104148307e-06,2.242206930063285e-06,3.2611496035225034e-07,9.662031199992955e-07,2.65389526089093e-07,0.0,1.085879488834141e-10,8.847467604519393e-15,8.454053712205162e-14
5,lbfgs,1419,2736.3999999999996,4080.959999999999,3.026255730508834e-06,2.6342131792773645e-06,1.1028527203677473e-06,3.36819900861162e-07,1.1945405580484553e-06,3.919560620314989e-07,0.0,5.3041322750732825e-11,9.108225874774995e-15,1.112179142364239e-13
5,lbfgs,1429,2736.3999999999996,4080.959999999999,2.3359759615132457e-06,1.7948279238207655e-06,7.139030514847946e-07,2.8099159932328236e-07,7.999332730126885e-07,5.41061544840396e-07,0.0,3.458667718931319e-11,7.297097428551755e-15,7.412383213367967e-14
5,lbfgs,1439,2736.3999999999996,4080.959999999999,1.4532676915919671e-06,8.957871507521377e-07,3.3054430019481655e-07,1.8702527927531255e-07,3.782175712820086e-07,5.573940472705386e-07,0.0,1.6396693667619948e-11,5.0007009685967e-15,3.8583253460269515e-14
5,lbfgs,1449,2736.3999999999996,4080.959999999999,1.200979379462456e-06,8.364685116289869e-07,1.8442032783243688e-07,1.6864627163496106e-07,4.83401912161589e-07,3.6442437078079137e-07,0.0,9.0224987114741e-12,4.4404767933734845e-15,4.906518246618729e-14
5,lbfgs,1459,2736.3999999999996,4080.959999999999,9.752961002352084e-07,8.077767849973004e-07,1.5598794544366018e-07,2.7284707993963986e-07,3.7894175961400037e-07,1.6743281437510703e-07,0.0,7.754751162609209e-12,7.422437661662693e-15,4.060101408591474e-14
5,lbfgs,1469,2736.3999999999996,4080.959999999999,7.31963198249208e-07,6.621644625118406e-07,1.7862365640699917e-07,1.1284061067920246e-07,3.707001954256389e-07,6.971223237914557e-08,0.0,8.736053461615656e-12,3.399461487149922e-15,3.925687767356585e-14
5,lbfgs,1479,2736.3999999999996,4080.959999999999,6.820690542386044e-07,6.503718519036194e-07,1.9502437893030537e-07,1.0087667073598112e-07,3.54470802237333e-07,3.1610697810456566e-08,0.0,9.574699034850267e-12,3.1328934384010843e-15,3.9353650047098205e-14
5,lbfgs,1489,2736.3999999999996,4080.959999999999,6.698804898095084e-07,6.303867748409808e-07,1.8590105329433458e-07,8.792909598173601e-08,3.565566255649102e-07,3.9407209296869736e-08,0.0,9.082425879949052e-12,2.8994946182316133e-15,4.025975109425934e-14
5,lbfgs,1499,2736.3999999999996,4080.959999999999,4.98842785668869e-07,4.656511972214046e-07,1.8956548959695369e-07,6.853113709180274e-08,2.075545705326482e-07,3.3105081075555326e-08,0.0,9.0302273522298e-12,2.689807476585413e-15,2.7450664570662792e-14
5,lbfgs,1509,2736.3999999999996,4080.959999999999,4.277575518364207e-07,4.1507616713172596e-07,1.7355479735036374e-07,5.7743302183014405e-08,1.837780675983478e-07,1.2594879768636652e-08,0.0,8.468395483746299e-12,2.1057167319008168e-15,2.2637479176804155e-14
5,lbfgs,1519,2736.3999999999996,4080.959999999999,6.285585005817373e-07,5.927891255268427e-07,1.895747426913322e-07,1.5475893147502008e-07,2.4845545136049045e-07,3.5682863380666316e-08,0.0,9.374258803973173e-12,6.977802616192386e-15,3.849715886225521e-14
5,lbfgs,1529,2736.3999999999996,4080.959999999999,3.6775033915652005e-07,3.348422985448137e-07,1.8714098630412133e-07,3.500093702248884e-08,1.1270037521820353e-07,3.282153543198676e-08,0.0,9.267763148181662e-12,1.5681121689717068e-15,1.6181332745069413e-14
5,lbfgs,1539,2736.3999999999996,4080.959999999999,1.8739715357871673e-07,1.7733116227593765e-07,1.0291156754486585e-07,2.2131036679991677e-08,5.228855805108012e-08,9.979480825582833e-09,0.0,5.042351883753515e-12,1.055660134782006e-15,9.021365821673561e-15
5,lbfgs,1549,2736.3999999999996,4080.959999999999,1.6357656353239746e-07,1.541933814271586e-07,9.263462819601541e-08,1.6291533786349844e-08,4.526721944479333e-08,9.296672564664888e-09,0.0,4.575420968564078e-12,8.657002033186751e-16,8.114627031111913e-15
5,lbfgs,1559,2736.3999999999996,4080.959999999999,1.6198640501122381e-07,1.5158303645486968e-07,9.177121853664547e-08,1.467949166107061e-08,4.51323262571536e-08,1.0316859040873804e-08,0.0,4.547126106072269e-12,7.819298601530164e-16,8.177287393724666e-15
5,lbfgs,1569,2736.3999999999996,4080.959999999999,1.331734328674305e-07,1.2704921399980984e-07,6.898156473730668e-08,1.1801891934647774e-08,4.626575732785539e-08,6.03771374912688e-09,0.0,3.3892840280658203e-12,4.1136895084168417e-16,8.008086835468836e-15
5,lbfgs,1579,2736.3999999999996,4080.959999999999,1.3340299649452706e-07,1.2750432479861846e-07,6.913429696444273e-08,1.271184946746709e-08,4.565817836670865e-08,5.812166132776693e-09,0.0,3.3935266890074847e-12,4.2944307842639947e-16,7.863581952645339e-15
5,lbfgs,1589,2736.3999999999996,4080.959999999999,1.3301622278470926e-07,1.272735136439878e-07,6.874918467558475e-08,1.1592435321712739e-08,4.693189364669033e-08,5.656203927284945e-09,0.0,3.375460803426082e-12,4.0616193829452554e-16,8.157284787538498e-15
5,lbfgs,1599,2736.3999999999996,4080.959999999999,1.3321497002377258e-07,1.2740047429453958e-07,6.904351453419757e-08,1.2464057790508162e-08,4.589290196983385e-08,5.727990196893199e-09,0.0,3.3890845653730553e-12,4.2400489515420973e-16,7.919617665767022e-15
5,lbfgs,1609,2736.3999999999996,4080.959999999999,1.329687826314651e-07,1.2724619733125907e-07,6.873697229743631e-08,1.1580945274810346e-08,4.692827975901243e-08,5.636080063917546e-09,0.0,3.374821809129881e-12,4.05929531231485e-16,8.157297443620891e-15
5,lbfgs,1619,2736.3999999999996,4080.959999999999,1.3316088546656953e-07,1.2735975119247081e-07,6.902255774284068e-08,1.2437082784035316e-08,4.590011066559481e-08,5.714628737502968e-09,0.0,3.3880888022963605e-12,4.2356053870281845e-16,7.922275205028952e-15
5,lbfgs,1629,2736.3999999999996,4080.959999999999,1.3292417250031483e-07,1.272068819365448e-07,6.871901225036244e-08,1.1573640358287974e-08,4.691422932789437e-08,5.6307853224706206e-09,0.0,3.3739622467601294e-12,4.058815851284182e-16,8.154721984560707e-15
5,lbfgs,1639,2736.3999999999996,4080.959999999999,1.3311506529421735e-07,1.273187562298229e-07,6.900156852183905e-08,1.2431124906032237e-08,4.588606280195163e-08,5.709803527445127e-09,0.0,3.387078448401446e-12,4.2358310710955858e-16,7.919671172842009e-15
5,lbfgs,1649,2736.3999999999996,4080.959999999999,1.3287993405912532e-07,1.2716545449195294e-07,6.869795440325567e-08,1.1571214930852709e-08,4.689628515784457e-08,5.627974326267269e-09,0.0,3.372936993371928e-12,4.059512876022227e-16,8.151094558216186e-15
5,lbfgs,1659,2736.3999999999996,4080.959999999999,1.3307036914401006e-07,1.2727732051024776e-07,6.897936674153244e-08,1.2429615783293962e-08,4.586833798542135e-08,5.706543098913942e-09,0.0,3.3859911721948242e-12,4.2369150548859945e-16,7.916090675556258e-15
5,lbfgs,1669,2736.3999999999996,4080.959999999999,1.3283581330002198e-07,1.2712372052812931e-07,6.867597348434001e-08,1.1570742284350969e-08,4.687700475943833e-08,5.625587533416272e-09,0.0,3.3718533506183675e-12,4.0606048955741895e-16,8.147123869404299e-15
5,lbfgs,1679,2736.3999999999996,4080.959999999999,1.330259581925622e-07,1.2723573496699487e-07,6.895704868764632e-08,1.2429223167500431e-08,4.584946311184811e-08,5.7037176939054006e-09,0.0,3.3848878745802585e-12,4.238125936820867e-16,7.912230114435435e-15
5,lbfgs,1689,2736.3999999999996,4080.959999999999,1.3279176027774037e-07,1.2708194471793174e-07,6.865402547706748e-08,1.157086666495923e-08,4.6857052575905044e-08,5.623310324589931e-09,0.0,3.3707640045209075e-12,4.06177391629724e-16,8.143019468582366e-15
5,lbfgs,1699,2736.3999999999996,4080.959999999999,1.3298166409129056e-07,1.271940665622311e-07,6.89350540995229e-08,1.2428979361413679e-08,4.583003310129453e-08,5.701092001055831e-09,0.0,3.3837951157264715e-12,4.2392783416128507e-16,7.9082661431109e-15
5,lbfgs,1709,2736.3999999999996,4080.959999999999,1.3274776123950518e-07,1.270401595827141e-07,6.863239114068925e-08,1.1571080912880697e-08,4.683668752914414e-08,5.6210964251829435e-09,0.0,3.3696862658389632e-12,4.062914609279043e-16,8.13885566190822e-15
5,lbfgs,1719,2736.3999999999996,4080.959999999999,1.3293744164404733e-07,1.2715234533302128e-07,6.89134537674233e-08,1.2428615145648643e-08,4.581027641994932e-08,5.698590786888605e-09,0.0,3.3827189630915926e-12,4.240338647992133e-16,7.904258535501492e-15
5,lbfgs,1729,2736.3999999999996,4080.959999999999,1.327038114635445e-07,1.2699837343082943e-07,6.861108871100607e-08,1.1571226869448019e-08,4.681605785037535e-08,5.618932804872636e-09,0.0,3.3686228312353168e-12,4.064003052495807e-16,8.134664236687988e-15
5,lbfgs,1739,2736.3999999999996,4080.959999999999,1.328932757959623e-07,1.27110595546029e-07,6.889219182854018e-08,1.2428085794486065e-08,4.579031792300276e-08,5.696174729755534e-09,0.0,3.3816579592408284e-12,4.2413166435111146e-16,7.900231982801022e-15
5,lbfgs,1749,2736.3999999999996,4080.959999999999,1.3265990906205637e-07,1.269565950325182e-07,6.859005937588903e-08,1.1571274963907087e-08,4.6795260692722086e-08,5.616808805531753e-09,0.0,3.367571716500733e-12,4.0650427328534477e-16,8.130460437193357e-15
5,lbfgs,1759,2736.3999999999996,4080.959999999999,1.3284916070998892e-07,1.270688373642789e-07,6.887118829250295e-08,1.2427413190612222e-08,4.577023588116373e-08,5.693817829535081e-09,0.0,3.38060882600017e-12,4.2422313346784767e-16,7.89619794823879e-15
5,lbfgs,1769,2736.3999999999996,4080.959999999999,1.3261605319443804e-07,1.2691483333564922e-07,6.856923545961316e-08,1.1571236831139683e-08,4.6774361044896384e-08,5.614714638651135e-09,0.0,3.3665300662563356e-12,4.066044111448905e-16,8.126252052066792e-15
5,lbfgs,1779,2736.3999999999996,4080.959999999999,1.3280509389861206e-07,1.2702708639175394e-07,6.885037284940198e-08,1.2426632456264433e-08,4.575008108608754e-08,5.691501994706277e-09,0.0,3.3795684536911107e-12,4.243100448296771e-16,7.892162110121294e-15
5,lbfgs,1789,2736.3999999999996,4080.959999999999,1.325722434452544e-07,1.268730959756426e-07,6.854856067737787e-08,1.1571133143877016e-08,4.675340215438772e-08,5.612642253358349e-09,0.0,3.3654953706783427e-12,4.067017593730994e-16,8.122043223470383e-15
5,lbfgs,1799,2736.3999999999996,4080.959999999999,1.3276107423385038e-07,1.269853540566837e-07,6.882969204064334e-08,1.2425775334812746e-08,4.57298866812276e-08,5.689214669047377e-09,0.0,3.378534407447352e-12,4.243937908334783e-16,7.888127396773134e-15
5,lbfgs,1809,2736.3999999999996,4080.959999999999,1.325284795800334e-07,1.2683138882377595e-07,6.85279931930248e-08,1.1570983020016859e-08,4.67324126107343e-08,5.6105855438953665e-09,0.0,3.3644657203321096e-12,4.0679715780925023e-16,8.117836224440029e-15
5,lbfgs,1819,2736.3999999999996,4080.959999999999,1.3271710116110064e-07,1.269436484261645e-07,6.880910772079858e-08,1.2424866391303133e-08,4.570967431406278e-08,5.686947230853499e-09,0.0,3.377504924748216e-12,4.244753886641161e-16,7.884095369443548e-15
5,lbfgs,1829,2736.3999999999996,4080.959999999999,1.3248476144289766e-07,1.267897161337551e-07,6.850750348046854e-08,1.1570801419966363e-08,4.671141123332021e-08,5.608540100675005e-09,0.0,3.363439751675063e-12,4.0689122920303135e-16,8.11363233637314e-15
5,lbfgs,1839,2736.3999999999996,4080.959999999999,1.3267317438193847e-07,1.269019750647948e-07,6.878859353445157e-08,1.2423923410300602e-08,4.5689458120042615e-08,5.6846938170990675e-09,0.0,3.376478778295863e-12,4.245555545742039e-16,7.880066882808447e-15
5,lbfgs,1849,2736.3999999999996,4080.959999999999,1.3244108891258794e-07,1.2674808087706417e-07,6.848707125159129e-08,1.1570599237060756e-08,4.669041038841212e-08,5.606502830951582e-09,0.0,3.362416521678795e-12,4.0698441588268797e-16,8.109432299780513e-15
5,lbfgs,1859,2736.3999999999996,4080.959999999999,1.3262929370781341e-07,1.2686033774567645e-07,6.876813158130283e-08,1.2422958820615313e-08,4.56692473437583e-08,5.682450466130257e-09,0.0,3.3754551307801296e-12,4.2463478222870964e-16,7.876042418128784e-15
5,lbfgs,1869,2736.3999999999996,4080.959999999999,1.3239746188280516e-07,1.2670648507830873e-07,6.846668276810771e-08,1.1570384115592608e-08,4.66694181946084e-08,5.604471603819267e-09,0.0,3.3613953893631152e-12,4.0707702448563133e-16,8.10523655106393e-15
5,lbfgs,1879,2736.3999999999996,4080.959999999999,1.3258545900311982e-07,1.2681873899742224e-07,6.874770982104122e-08,1.242198114470133e-08,4.564904803167969e-08,5.680214513727713e-09,0.0,3.374433417504483e-12,4.2471340765722947e-16,7.87202225112157e-15
5,lbfgs,1889,2736.3999999999996,4080.959999999999,1.3235388025412792e-07,1.2666493009042083e-07,6.84463288011409e-08,1.15701613057437e-08,4.664843998353624e-08,5.602444966923859e-09,0.0,3.360375923182646e-12,4.071692643978856e-16,8.101045352061968e-15
5,lbfgs,1899,2736.3999999999996,4080.959999999999,1.3254167015242338e-07,1.2677718049248824e-07,6.872732019463488e-08,1.2420996150158493e-08,4.562886414769485e-08,5.677984172000567e-09,0.0,3.3734132598922615e-12,4.2479165753853506e-16,7.868006543605026e-15
5,lbfgs,1909,2736.3999999999996,4080.959999999999,1.3231034393032024e-07,1.266234168005018e-07,6.842600317802138e-08,1.15699343666634e-08,4.6627479255817034e-08,5.6004219369276464e-09,0.0,3.3593578341131262e-12,4.0726127719688326e-16,8.096858861543503e-15
5,lbfgs,1919,2736.3999999999996,4080.959999999999,1.3249792704991637e-07,1.2673566332300532e-07,6.87069573223139e-08,1.2420007709743331e-08,4.5608698290948086e-08,5.675758243009854e-09,0.0,3.3723944049788208e-12,4.2486968388917577e-16,7.863995391518452e-15
5,lbfgs,1929,2736.3999999999996,4080.959999999999,1.322668528166497e-07,1.2658194577704929e-07,6.840570177920018e-08,1.1569705690759978e-08,4.6606538307089135e-08,5.5984018506003195e-09,0.0,3.358340929102233e-12,4.073531579471368e-16,8.092677175889225e-15
5,lbfgs,1939,2736.3999999999996,4080.959999999999,1.3245422959741322e-07,1.2669418819216216e-07,6.86866176186602e-08,1.2419018414692722e-08,4.5588552158809256e-08,5.67353592538117e-09,0.0,3.3713766840667572e-12,4.2494758831017344e-16,7.859988850462788e-15
5,lbfgs,1949,2736.3999999999996,4080.959999999999,1.3222340681905854e-07,1.265405173723522e-07,6.838542185714925e-08,1.1569476875849133e-08,4.658561863935381e-08,5.5963842615949755e-09,0.0,3.3573250793213755e-12,4.074449701199478e-16,8.088500353087354e-15
5,lbfgs,1959,2736.3999999999996,4080.959999999999,1.324105776981359e-07,1.266527555398539e-07,6.866629869271962e-08,1.2418029987206393e-08,4.5568426859927904e-08,5.6713166824411336e-09,0.0,3.370359984610117e-12,4.2502543835340315e-16,7.855986952627509e-15
5,lbfgs,1969,2736.3999999999996,4080.959999999999,1.3218000584399816e-07,1.264991317930782e-07,6.836516157838397e-08,1.1569248982276994e-08,4.6564721232417226e-08,5.594368869695276e-09,0.0,3.356310198762855e-12,4.0753675585157397e-16,8.084328427410945e-15
5,lbfgs,1979,2736.3999999999996,4080.959999999999,1.3236697125595346e-07,1.2661136562963198e-07,6.864599894840242e-08,1.2417043566048695e-08,4.554832311518088e-08,5.669100154507362e-09,0.0,3.3693442314511762e-12,4.251032787250536e-16,7.851989715846304e-15
5,lbfgs,1989,2736.3999999999996,4080.959999999999,1.3213664979834513e-07,1.2645778914805523e-07,6.834491971774764e-08,1.1569022709800613e-08,4.654384672050697e-08,5.592355472949781e-09,0.0,3.3552962299306204e-12,4.0762854295158485e-16,8.080161417967921e-15
5,lbfgs,1999,2736.3999999999996,4080.959999999999,1.32323410174293e-07,1.2657001860662878e-07,6.862571731760191e-08,1.2416059898498994e-08,4.552824139052787e-08,5.666886099874503e-09,0.0,3.3683293742750377e-12,4.2518113882005275e-16,7.847997149233966e-15
5,lbfgs,2009,2736.3999999999996,4080.959999999999,1.320933385892964e-07,1.264164894805244e-07,6.83246954545754e-08,1.156879851698081e-08,4.652299550896817e-08,5.590343935314283e-09,0.0,3.3542831342912237e-12,4.077203496356342e-16,8.075999334081115e-15
5,lbfgs,2019,2736.3999999999996,4080.959999999999,1.3227989436133478e-07,1.265287145405141e-07,6.860545308628613e-08,1.241507947947978e-08,4.550818197474818e-08,5.664674357052955e-09,0.0,3.3673153794286967e-12,4.2525903800377033e-16,7.844009254391974e-15
5,lbfgs,2029,2736.3999999999996,4080.959999999999,1.3205007212422171e-07,1.263752327897251e-07,6.830448823667031e-08,1.1568576700702619e-08,4.6502167852352154e-08,5.588334164919102e-09,0.0,3.3532708858980315e-12,4.078121876950142e-16,8.071842178926698e-15
5,lbfgs,2039,2736.3999999999996,4080.959999999999,1.3223642372204582e-07,1.2648745344595847e-07,6.858520577149091e-08,1.2414102624289614e-08,4.548814505017795e-08,5.662464816339174e-09,0.0,3.366302224134134e-12,4.253369887012288e-16,7.840026030584732e-15
5,lbfgs,2049,2736.3999999999996,4080.959999999999,1.3200685031065988e-07,1.2633401904546398e-07,6.828429769057534e-08,1.1568357450983973e-08,4.648136390390465e-08,5.58632609949636e-09,0.0,3.3522594671846087e-12,4.079040646497563e-16,8.067689951373767e-15
5,lbfgs,2059,2736.3999999999996,4080.959999999999,1.3219299816291868e-07,1.2644623530357886e-07,6.856497504607983e-08,1.241312953502855e-08,4.5468130722470495e-08,5.660257403608769e-09,0.0,3.3652898929465877e-12,4.2541499885291556e-16,7.836047474166353e-15
5,lbfgs,2069,2736.3999999999996,4080.959999999999,1.3196367305657201e-07,1.2629284819816416e-07,6.826412356098482e-08,1.1568140884966255e-08,4.6460583752213086e-08,5.584319696584059e-09,0.0,3.351248866124106e-12,4.0799598514068546e-16,8.063542648049504e-15
5,lbfgs,2079,2736.3999999999996,4080.959999999999,1.3214961758973066e-07,1.264050600700224e-07,6.854476068521596e-08,1.241216033494954e-08,4.5448139049856894e-08,5.658052067991875e-09,0.0,3.3642783752358512e-12,4.254930733349664e-16,7.832073580384496e-15
5,lbfgs,2089,2736.3999999999996,4080.959999999999,1.319205402700494e-07,1.2625172018511018e-07,6.824396567173486e-08,1.1567927073144337e-08,4.643982744023098e-08,5.5823149269889416e-09,0.0,3.3502390743997754e-12,4.080879519243795e-16,8.059400263490845e-15
5,lbfgs,2099,2736.3999999999996,4080.959999999999,1.3210628191108472e-07,1.2636392768839107e-07,6.85245625341871e-08,1.2411195101018797e-08,4.542817005318518e-08,5.6558487749894945e-09,0.0,3.3632676636710486e-12,4.2557121512018514e-16,7.82810434240204e-15
5,lbfgs,2109,2736.3999999999996,4080.959999999999,1.3187745185942248e-07,1.262106349349469e-07,6.822382389879006e-08,1.156771605378846e-08,4.641909498236839e-08,5.58031177039657e-09,0.0,3.349230086138487e-12,4.08179966481487e-16,8.055262791260093e-15
5,lbfgs,2119,2736.3999999999996,4080.959999999999,1.3206299103370262e-07,1.2632283808993206e-07,6.85043804823055e-08,1.2410233872371421e-08,4.540822373525514e-08,5.653647500076161e-09,0.0,3.3622577529930046e-12,4.2564942575924897e-16,7.824139753571076e-15
5,lbfgs,2129,2736.3999999999996,4080.959999999999,1.3183440773329745e-07,1.2616959237062628e-07,6.820369815278352e-08,1.1567507843836827e-08,4.639838637400593e-08,5.578310212461233e-09,0.0,3.3482218970921507e-12,4.0827202944495634e-16,8.051130224256445e-15
5,lbfgs,2139,2736.3999999999996,4080.959999999999,1.3201974486373849e-07,1.2628179119858235e-07,6.848421444854524e-08,1.2409276663960705e-08,4.538830008607641e-08,5.651448225469075e-09,0.0,3.3612486393384013e-12,4.257277058790294e-16,7.82017980718523e-15
5,lbfgs,2149,2736.3999999999996,4080.959999999999,1.3179140780053077e-07,1.2612859241137662e-07,6.818358836767193e-08,1.15673024467456e-08,4.637770159695908e-08,5.576310242811022e-09,0.0,3.347214504105882e-12,4.0836414089779105e-16,8.04700255473203e-15
6,adam,0,4080.959999999999,5963.343999999998,2.385267421346898e-05,1.7889436447509438e-05,1.716760541037386e-05,4.7196786724992247e-07,2.498631698856564e-07,5.963145482503148e-06,0.0,9.754670056133473e-10,2.957482425589239e-14,5.452632752932874e-14
6,adam,24,4080.959999999999,5963.343999999998,3.342933636969046e-05,2.2593854232854116e-05,1.2790508630345669e-05,8.972938193475512e-06,8.304074090329315e-07,1.0835390706964088e-05,0.0,7.363417972254323e-10,5.630757976073715e-13,1.813176380636985e-13
6,adam,49,4080.959999999999,5963.343999999998,2.0588910561710047e-05,1.649636315862407e-05,1.2115322298236958e-05,1.1488180720675983e-06,3.2322227883195146e-06,4.092456219725867e-06,0.0,7.004120204664876e-10,7.162370405593481e-14,7.06075654798157e-13
6,adam,74,4080.959999999999,5963.343999999998,1.7461279985834543e-05,1.4306584407089632e-05,1.1276496600124146e-05,6.787492582636257e-07,2.3513385487018607e-06,3.1546044361875935e-06,0.0,6.546305691582925e-10,4.236323270240576e-14,5.113934041040288e-13
6,adam,99,4080.959999999999,5963.343999999998,1.6694166580817902e-05,1.3749825117610391e-05,1.0877108645822171e-05,1.1055749559874714e-06,1.7671415158007484e-06,2.944250322690962e-06,0.0,6.326774608287172e-10,6.860689506839429e-14,3.8263762771619e-13
6,adam,124,4080.959999999999,5963.343999999998,1.6064549177503095e-05,1.336514302318006e-05,1.0559835727543874e-05,8.855716884903601e-07,1.919735607145828e-06,2.6993150064885573e-06,0.0,6.151684583579006e-10,5.4833511678385597e-14,4.1388691512570643e-13
6,adam,149,4080.959999999999,5963.343999999998,1.5395074316036466e-05,1.2912550348379895e-05,1.0126641744663047e-05,8.95479020405326e-07,1.8904295833115211e-06,2.48243280729958e-06,0.0,5.910134743667094e-10,5.5218391939637875e-14,4.0552087194918657e-13
6,adam,174,4080.959999999999,5963.343999999998,1.4644133800726564e-05,1.239819765538456e-05,9.665840619479043e-06,8.436658474912566e-07,1.8886911884142616e-06,2.245844965825014e-06,0.0,5.650144462646601e-10,5.1794122426069974e-14,4.0280024057980723e-13
6,adam,199,4080.959999999999,5963.343999999998,1.3786657535716449e-05,1.1788728926604518e-05,9.132336789412514e-06,8.019832632329895e-07,1.8544088739590135e-06,1.99783740271464e-06,0.0,5.346277874331622e-10,4.89670687435806e-14,3.9276822891218104e-13
6,adam,224,4080.959999999999,5963.343999999998,1.2947241350480029e-05,1.1176063782481966e-05,8.537646912248965e-06,7.771271331339109e-07,1.8612897370990887e-06,1.7710863270543077e-06,0.0,5.006981866253248e-10,4.7087741090789277e-14,3.9057458923741785e-13
6,adam,249,4080.959999999999,5963.343999999998,1.1766077058840595e-05,1.026681970723965e-05,7.8295975909535e-06,7.222822652759723e-07,1.714939851010177e-06,1.499166061330997e-06,0.0,4.592818031920404e-10,4.338770950418898e-14,3.5587374343431626e-13
6,adam,274,4080.959999999999,5963.343999999998,1.0461185050556281e-05,9.229635468702496e-06,6.928554377650949e-06,6.800651644805311e-07,1.6210159265710169e-06,1.231458229045242e-06,0.0,4.068443376072121e-10,4.0378334934164904e-14,3.317626209945011e-13
6,adam,299,4080.959999999999,5963.343999999998,9.095239915167733e-06,8.106370506185272e-06,5.925876210109242e-06,6.397429658169933e-07,1.5407513302590366e-06,9.887779832842853e-07,0.0,3.485067579821732e-10,3.738477911496028e-14,3.0982893719872516e-13
6,adam,324,4080.959999999999,5963.343999999998,7.745831702636989e-06,6.943739591259332e-06,4.88863170265569e-06,5.934051801369256e-07,1.461702708466717e-06,8.020006085444218e-07,0.0,2.881025798691382e-10,3.392752470956573e-14,2.872169504027965e-13
6,adam,349,4080.959999999999,5963.343999999998,6.450222849745243e-06,5.782077319557015e-06,3.908420448485488e-06,5.289140379550519e-07,1.3447428331164751e-06,6.68053950205449e-07,0.0,2.309215075362848e-10,2.938495700207187e-14,2.564777751639918e-13
6,adam,374,4080.959999999999,5963.343999999998,1.1757084528351623e-05,8.709541834643953e-06,2.8692408206380363e-06,5.342009654804681e-06,4.982913592012355e-07,3.0474510345484882e-06,0.0,1.702315690496992e-10,2.7278583205473466e-13,8.715928940005894e-14
6,adam,399,4080.959999999999,5963.343999999998,1.345079613944763e-05,1.1896345748566971e-05,8.442742414276638e-06,1.984138669730102e-06,1.4694646645602301e-06,1.5543595422290765e-06,0.0,4.935691629140715e-10,1.2036493939815835e-13,3.100048159157755e-13
6,adam,424,4080.959999999999,5963.343999999998,1.1933188779104832e-05,1.0631787831084333e-05,7.338585589788736e-06,2.3826567235844382e-06,9.105455177111599e-07,1.3013102604036043e-06,0.0,4.313715871787309e-10,1.398615378677939e-13,1.8843710027396172e-13
6,adam,449,4080.959999999999,5963.343999999998,9.31911477265816e-06,8.718205149748218e-06,6.654289556448906e-06,6.335143834729682e-07,1.4304012098263443e-06,6.008189006372817e-07,0.0,3.9141428741852754e-10,3.684844245739024e-14,2.90578895962131e-13
6,adam,474,4080.959999999999,5963.343999999998,8.085134566439563e-06,7.68023370057073e-06,5.76274461754741e-06,4.366288991167686e-07,1.4808601839065514e-06,4.048100881027175e-07,0.0,3.3980696126225015e-10,2.5121763857543745e-14,2.9528394586082203e-13
6,adam,499,4080.959999999999,5963.343999999998,6.942361328558261e-06,6.665205806746271e-06,4.907371892311938e-06,4.2096855370150515e-07,1.3368653607328277e-06,2.7706468378573435e-07,0.0,2.9002016655067575e-10,2.373861168115403e-14,2.6135929239742606e-13
6,adam,524,4080.959999999999,5963.343999999998,5.860690976422505e-06,5.667697871082387e-06,4.098374444705069e-06,3.963057851645306e-07,1.1730176412127876e-06,1.9290220450282307e-07,0.0,2.427728698373507e-10,2.1827939302236284e-14,2.2433162605783576e-13
6,adam,549,4080.959999999999,5963.343999999998,4.831489379716245e-06,4.692034213410909e-06,3.3388149590846773e-06,3.367313605684627e-07,1.016487893757769e-06,1.3936419911379346e-07,0.0,1.9826676876685554e-10,1.808491901132466e-14,1.8952645438295183e-13
6,adam,574,4080.959999999999,5963.343999999998,3.863030861384444e-06,3.755686902481885e-06,2.639148246967568e-06,2.744563976944326e-07,8.420822578198844e-07,1.0725291915360048e-07,0.0,1.571330311844161e-10,1.4328359820654517e-14,1.5270580380621432e-13
6,adam,599,4080.959999999999,5963.343999999998,2.979138524419865e-06,2.890514888896388e-06,2.015783039220452e-06,2.1306527820921678e-07,6.616665714667194e-07,8.853251440382919e-08,0.0,1.2035186719677973e-10,1.0796742348448227e-14,1.1661308839352668e-13
6,adam,624,4080.959999999999,5963.343999999998,2.1322423382072865e-06,2.0530455696999293e-06,1.4621098654922916e-06,1.442954743674291e-07,4.466402298402088e-07,7.910555855385254e-08,0.0,8.741104211222764e-11,7.078413796985138e-15,7.624772536679079e-14
6,adam,649,4080.959999999999,5963.343999999998,1.548704938937896e-06,1.4777058285958843e-06,1.046579749191679e-06,1.0606178545169917e-07,3.250642939525062e-07,7.09078066003967e-08,0.0,6.275178544047846e-11,5.111553762957668e-15,5.447028699357571e-14
6,adam,674,4080.959999999999,5963.343999999998,6.759427298576307e-05,4.0935529839834964e-05,3.3646637656467396e-06,3.494756337869801e-05,2.623302695490214e-06,2.6658652255469675e-05,0.0,2.0148720074199234e-10,1.9177122724449078e-12,4.969298445242315e-13
6,adam,699,4080.959999999999,5963.343999999998,1.1129050941231103e-05,9.751959428347533e-06,5.627377381646374e-06,3.459103116959442e-06,6.654789297417175e-07,1.3770009836785678e-06,0.0,3.2944297871194645e-10,2.0121189636372187e-13,1.3511033290796646e-13
6,adam,724,4080.959999999999,5963.343999999998,6.622295431155383e-06,6.5112557972198545e-06,4.693141349141487e-06,6.86324444690877e-07,1.1317900033874902e-06,1.1094912709192533e-07,0.0,2.7604200435023887e-10,3.849482950946846e-14,2.2377542101373695e-13
6,adam,749,4080.959999999999,5963.343999999998,5.310896382110516e-06,5.251817016221675e-06,3.7878184364097513e-06,2.7084279501333863e-07,1.193155784798585e-06,5.89888404137504e-08,0.0,2.2330432855543225e-10,1.4836855527641157e-14,2.277130175942634e-13
6,adam,774,4080.959999999999,5963.343999999998,4.269462820780535e-06,4.22066489140463e-06,2.9961141641434456e-06,2.6154558260426253e-07,9.630051446569219e-07,4.870737003301341e-08,0.0,1.7727633960186447e-10,1.3833849723444383e-14,1.777771255965283e-13
6,adam,799,4080.959999999999,5963.343999999998,3.3791408306635585e-06,3.3289995176803712e-06,2.3540599765453415e-06,2.3482114829390216e-07,7.401183928411277e-07,5.005070243273625e-08,0.0,1.3970624018738464e-10,1.1993725255164495e-14,1.3216573335306747e-13
6,adam,824,4080.959999999999,5963.343999999998,2.731928542699843e-06,2.6730969387301195e-06,1.877406778608637e-06,1.8797984226887028e-07,6.077103178526122e-07,5.874092498411975e-08,0.0,1.118562951211777e-10,9.298716038867427e-15,1.0507281665673575e-13
6,adam,849,4080.959999999999,5963.343999999998,2.0341200613572924e-06,1.9608676468118877e-06,1.3745138757026466e-06,1.392500845363904e-07,4.471036865728506e-07,7.316164802118916e-08,0.0,8.210621460387275e-11,6.701693485632127e-15,7.494375495376337e-14
6,adam,874,4080.959999999999,5963.343999999998,1.4952522467859694e-06,1.406887848455427e-06,9.74479992384058e-07,1.0533088632268446e-07,3.2707696974868443e-07,8.827353156625309e-08,0.0,5.835267368708068e-11,4.9964275215745674e-15,5.359843834242121e-14
6,adam,899,4080.959999999999,5963.343999999998,1.1094974956806372e-06,1.005499909347785e-06,6.796566658216727e-07,8.279249811376302e-08,2.4305074541234924e-07,1.0390661759775351e-07,0.0,4.0774778532926726e-11,3.932853982969099e-15,3.939997833974607e-14
6,adam,924,4080.959999999999,5963.343999999998,8.498044259770022e-07,7.310161331502892e-07,4.751180643278293e-07,6.805587851258902e-08,1.8784219030987088e-07,1.1869722967071313e-07,0.0,2.8535799914055328e-11,3.278261581442495e-15,3.0485726059510465e-14
6,adam,949,4080.959999999999,5963.343999999998,6.796381722071088e-07,5.483386388226321e-07,3.387559189330463e-07,5.817111346556493e-08,1.5141160642402094e-07,1.312083887219162e-07,0.0,2.035356512068862e-11,2.858814319317997e-15,2.481355179134013e-14
6,adam,974,4080.959999999999,5963.343999999998,5.667334642435852e-07,4.2609818689586664e-07,2.484774352758267e-07,5.1742418697840695e-08,1.2587833292219926e-07,1.4054406539803742e-07,0.0,1.4927780782516008e-11,2.593302856189773e-15,2.0931189314999117e-14
6,adam,999,4080.959999999999,5963.343999999998,4.725352318934238e-06,4.088828812962036e-06,2.9462389801205885e-06,1.1797601180182493e-07,1.0246138210396222e-06,6.364328243723231e-07,0.0,1.7340139683011552e-10,5.9710605940869696e-15,1.8086601233370503e-13
6,adam,1024,4080.959999999999,5963.343999999998,5.220733497911548e-06,5.072756469706422e-06,3.9542130016594366e-06,4.1150470752760864e-07,7.070387605193772e-07,1.4788661337521763e-07,0.0,2.3172184159682746e-10,2.1902894416943075e-14,1.313286524715521e-13
6,adam,1049,4080.959999999999,5963.343999999998,3.868615627903957e-06,3.763426717132128e-06,2.6006445074587754e-06,5.261667479842204e-07,6.366154616891321e-07,1.0509850599193766e-07,0.0,1.5382864684767787e-10,2.668558672013602e-14,1.1372108239231995e-13
6,adam,1074,4080.959999999999,5963.343999999998,2.7317938385420267e-06,2.6545193406148998e-06,1.8271215450969556e-06,2.230254552033565e-07,6.043723403145877e-07,7.718406234006332e-08,0.0,1.0854969061420401e-10,1.0882552298445202e-14,1.029483229864476e-13
6,adam,1099,4080.959999999999,5963.343999999998,1.9834566770477384e-06,1.8942692853752998e-06,1.3281755703216878e-06,1.417130340064017e-07,4.243806810472103e-07,8.909689943555719e-08,0.0,7.910331456720015e-11,6.6957157683747255e-15,6.935562229627152e-14
6,adam,1124,4080.959999999999,5963.343999999998,1.4393061740622428e-06,1.3367988485775531e-06,9.339740784214232e-07,1.0170431927261409e-07,3.011204508835157e-07,1.0241676051055427e-07,0.0,5.578366288515109e-11,4.72111968045172e-15,4.77362768171361e-14
6,adam,1149,4080.959999999999,5963.343999999998,1.0535199920203615e-06,9.357324166946974e-07,6.468221879677116e-07,7.492563656494253e-08,2.1398459216204325e-07,1.176969339360255e-07,0.0,3.872727843891355e-11,3.493464651691381e-15,3.3423682795356396e-14
6,adam,1174,4080.959999999999,5963.343999999998,7.907916556535278e-07,6.577453465627507e-07,4.4281072820116035e-07,5.833531943377915e-08,1.5659929892781118e-07,1.3295559614578637e-07,0.0,2.6565844291641938e-11,2.7890411750494977e-15,2.4598562661475514e-14
6,adam,1199,4080.959999999999,5963.343999999998,6.178644773544956e-07,4.715287678758072e-07,3.0394458423630844e-07,4.826927305845871e-08,1.1931491058104006e-07,1.4624493477927952e-07,0.0,1.8260277629290157e-11,2.3915321372086946e-15,1.921373744469359e-14
6,adam,1224,4080.959999999999,5963.343999999998,4.954061125235236e-07,3.394132256648916e-07,2.108108566732321e-07,3.913231946858898e-08,8.947004952307048e-08,1.5590206378135402e-07,0.0,1.266868032497851e-11,2.0152890110505074e-15,1.492712377936742e-14
6,adam,1249,4080.959999999999,5963.343999999998,4.231214905895316e-07,2.618575180683179e-07,1.511229826445589e-07,3.531581831002128e-08,7.54187171137377e-08,1.6117311219934573e-07,0.0,9.08500230267489e-12,1.8732005689439117e-15,1.3038892539474804e-14
6,adam,1274,4080.959999999999,5963.343999999998,3.739104953558414e-07,2.1086399500189424e-07,1.1245074853642687e-07,3.2590263098715394e-08,6.582298336675198e-08,1.6295561225626068e-07,0.0,6.7594830328684674e-12,1.7662699366463486e-15,1.1721763722811203e-14
6,adam,1299,4080.959999999999,5963.343999999998,3.3863739010948073e-07,1.7676966886272352e-07,8.724299512518955e-08,3.055496796224697e-08,5.8971705775287e-08,1.6177681284537426e-07,0.0,5.2416948410923356e-12,1.6789740204969068e-15,1.0735827374045784e-14
6,adam,1324,4080.959999999999,5963.343999999998,3.1188023146594864e-07,1.533795214697603e-07,7.035063341633648e-08,2.8993364019850122e-08,5.403552403357369e-08,1.5840978681885962e-07,0.0,4.223811213390792e-12,1.6048283554406443e-15,9.979379388989122e-15
6,adam,1349,4080.959999999999,5963.343999999998,2.9045896256339906e-07,1.3682768705961404e-07,5.879740690468674e-08,2.7698234234675252e-08,5.033204592025205e-08,1.5354034145595183e-07,0.0,3.527256145837612e-12,1.5375230780942125e-15,9.371997380009995e-15
6,adam,1374,4080.959999999999,5963.343999999998,2.724969372793492e-07,1.246901919518414e-07,5.0698450790662276e-08,2.6552068866075426e-08,4.743967229510371e-08,1.4771580302991572e-07,0.0,3.0387672889641178e-12,1.4739182171554731e-15,8.866333934286995e-15
6,adam,1399,4080.959999999999,5963.343999999998,2.568664603442223e-07,1.154369392370004e-07,4.485732455252561e-08,2.5490527667369303e-08,4.508908701710549e-08,1.413385722077955e-07,0.0,2.686398712939922e-12,1.4125571137430952e-15,8.43245334342222e-15
6,lbfgs,1400,4080.959999999999,5963.343999999998,2.6172946501631583e-07,1.2056221156511777e-07,4.361080124378628e-08,2.7890852882296958e-08,4.906055743903453e-08,1.4107630431114075e-07,0.0,2.6098141122218473e-12,1.55240094303726e-15,9.240605569210584e-15
6,lbfgs,1409,4080.959999999999,5963.343999999998,2.632042071596649e-07,1.217827582098221e-07,4.378376855459522e-08,2.6752903437710337e-08,5.124608621751654e-08,1.4133049980914426e-07,0.0,2.620230844649478e-12,1.5061979995180059e-15,9.535061547858437e-15
6,lbfgs,1419,4080.959999999999,5963.343999999998,2.623532496236897e-07,1.2094101945658764e-07,4.366400780967049e-08,2.9449204262422563e-08,4.7827807384494583e-08,1.4132128102633008e-07,0.0,2.613025998850599e-12,1.6127070138951177e-15,9.070163982981872e-15
6,lbfgs,1429,4080.959999999999,5963.343999999998,2.6309111261358645e-07,1.2169225351407117e-07,4.380496589189587e-08,2.677707557087084e-08,5.111021205130446e-08,1.4130790995860206e-07,0.0,2.6215089377576607e-12,1.5073017668350277e-15,9.516285178798972e-15
6,lbfgs,1439,4080.959999999999,5963.343999999998,2.623067697249488e-07,1.2091621925744685e-07,4.368825000640907e-08,2.9413334783792677e-08,4.7814634467245096e-08,1.412996013265148e-07,0.0,2.614487723703014e-12,1.6114099175634793e-15,9.068011468102978e-15
6,lbfgs,1449,4080.959999999999,5963.343999999998,2.630244543362927e-07,1.2164127942400156e-07,4.3825924974141994e-08,2.6791104137650922e-08,5.1024250312208656e-08,1.412922257711638e-07,0.0,2.6227732345818554e-12,1.5079337295661621e-15,9.504314515170313e-15
6,lbfgs,1459,4080.959999999999,5963.343999999998,2.622724021049179e-07,1.2089736462230655e-07,4.3710568562471734e-08,2.9386285218612226e-08,4.78005108412226e-08,1.4128408834141e-07,0.0,2.6158341085467986e-12,1.6104273399622166e-15,9.06576931768481e-15
6,lbfgs,1469,4080.959999999999,5963.343999999998,2.6297357831561786e-07,1.216040447720967e-07,4.384576084470466e-08,2.6800106094887614e-08,5.0958177832504425e-08,1.4127858440218035e-07,0.0,2.6239702926906387e-12,1.5083400393985493e-15,9.495075137368812e-15
6,lbfgs,1479,4080.959999999999,5963.343999999998,2.622431760055685e-07,1.2088102070812897e-07,4.373118129905628e-08,2.9362610582247302e-08,4.778722882682539e-08,1.412712061560248e-07,0.0,2.6170781250989766e-12,1.6095589000450014e-15,9.06367176452157e-15
6,lbfgs,1489,4080.959999999999,5963.343999999998,2.6293083330087345e-07,1.215737723767808e-07,4.386429322621767e-08,2.680636439505122e-08,5.090311475551191e-08,1.4126611178253922e-07,0.0,2.6250891668157732e-12,1.5086230031804784e-15,9.487353968282993e-15
6,lbfgs,1499,4080.959999999999,5963.343999999998,2.6221708774262147e-07,1.208663757383234e-07,4.375020589439217e-08,2.9341554702502563e-08,4.7774615141428677e-08,1.4125976286267068e-07,0.0,2.6182267849585215e-12,1.6087799537764563e-15,9.061687267422607e-15
6,lbfgs,1509,4080.959999999999,5963.343999999998,2.628935946351558e-07,1.2154806304942508e-07,4.38815222882082e-08,2.6810930771069903e-08,5.085560999014698e-08,1.4125458244396527e-07,0.0,2.6261298143072213e-12,1.5088288182234804e-15,9.48067643693689e-15
6,lbfgs,1519,4080.959999999999,5963.343999999998,2.621932889164373e-07,1.2085309015386604e-07,4.376774954600186e-08,2.932289509546671e-08,4.776244551239746e-08,1.4124924962073198e-07,0.0,2.6192864996078674e-12,1.6080846093143845e-15,9.059780039594041e-15
6,lbfgs,1529,4080.959999999999,5963.343999999998,2.628605263328747e-07,1.2152572291377567e-07,4.3897499696712805e-08,2.6814338128437475e-08,5.081388508862538e-08,1.4124385427712212e-07,0.0,2.6270953122418664e-12,1.508981042976482e-15,9.47479698375907e-15
6,lbfgs,1539,4080.959999999999,5963.343999999998,2.621712741038912e-07,1.2084092325337778e-07,4.378391767880492e-08,2.9306379685922718e-08,4.775062588865015e-08,1.412394017084628e-07,0.0,2.6202635882208064e-12,1.6074649767565603e-15,9.057933770920996e-15
6,lbfgs,1549,4080.959999999999,5963.343999999998,2.6283074923958263e-07,1.21506001698239e-07,4.391229303706932e-08,2.6816887091306477e-08,5.077682156986319e-08,1.4123379839915587e-07,0.0,2.627989705764952e-12,1.509093220227946e-15,9.46956091049599e-15
6,lbfgs,1559,4080.959999999999,5963.343999999998,2.6215068621532557e-07,1.2082967706857928e-07,4.379881173803892e-08,2.9291727178921536e-08,4.773913815161881e-08,1.4123006000448486e-07,0.0,2.621164137501628e-12,1.6069115527278258e-15,9.056143516154888e-15
6,lbfgs,1569,4080.959999999999,5963.343999999998,2.6280361842966407e-07,1.2148836955544942e-07,4.392597415877803e-08,2.6818766413391057e-08,5.0743628983280336e-08,1.412242997318166e-07,0.0,2.6288173017771517e-12,1.5091740287166607e-15,9.46485882384313e-15
6,lbfgs,1579,4080.959999999999,5963.343999999998,2.6213125566764146e-07,1.2081918799709204e-07,4.381252733316194e-08,2.927866841466952e-08,4.772799224926059e-08,1.4122111852807776e-07,0.0,2.621993886649148e-12,1.6064149886306358e-15,9.054408773648728e-15
6,lbfgs,1589,4080.959999999999,5963.343999999998,2.6277864006120556e-07,1.2147243058640296e-07,4.3938614655227064e-08,2.6820106361394768e-08,5.0713709569781134e-08,1.4121526033219473e-07,0.0,2.6295823946341124e-12,1.5092295519042506e-15,9.460607982534333e-15
6,lbfgs,1599,4080.959999999999,5963.343999999998,2.6211277302088514e-07,1.2080932254144073e-07,4.3825153552775206e-08,2.9266966094969267e-08,4.7717202893696245e-08,1.412125013367631e-07,0.0,2.6227581845907555e-12,1.6059669457696526e-15,9.05273009617069e-15
6,lbfgs,1609,4080.959999999999,5963.343999999998,2.627554277783001e-07,1.21457879460985e-07,4.3950283895172206e-08,2.6821003630625194e-08,5.0686591935187605e-08,1.412065991744978e-07,0.0,2.6302891466126146e-12,1.509264346106647e-15,9.456743138344644e-15
6,lbfgs,1619,4080.959999999999,5963.343999999998,2.620950728030072e-07,1.2079997253574535e-07,4.383677296279278e-08,2.9256418794754456e-08,4.770678077819813e-08,1.412041511243713e-07,0.0,2.6234619891438572e-12,1.6055603073707317e-15,9.051107774830572e-15
6,lbfgs,1629,4080.959999999999,5963.343999999998,2.6273367492126444e-07,1.2144447571724893e-07,4.3961048127235275e-08,2.68215336576903e-08,5.066189393232336e-08,1.411982500609893e-07,0.0,2.6309415334977744e-12,1.509281978676136e-15,9.453211406708141e-15
6,lbfgs,1639,4080.959999999999,5963.343999999998,2.620780226354578e-07,1.2079105043054744e-07,4.384746190623284e-08,2.9246858136024132e-08,4.769673038829046e-08,1.411960230618109e-07,0.0,2.624109884695146e-12,1.6051891074525336e-15,9.049541468991688e-15
6,lbfgs,1649,4080.959999999999,5963.343999999998,2.6271313526615373e-07,1.2143202703897497e-07,4.3970970090593536e-08,2.682175715870442e-08,5.063929978967701e-08,1.41190159083944e-07,0.0,2.6315433208826873e-12,1.5092853213320794e-15,9.449969104307278e-15
6,lbfgs,1659,4080.959999999999,5963.343999999998,2.6206151551595873e-07,1.2078248517834873e-07,4.385729090947923e-08,2.9238143900157884e-08,4.768705036871162e-08,1.4118808119430206e-07,0.0,2.6247061064544582e-12,1.604848369011216e-15,9.048030209053349e-15
6,lbfgs,1669,4080.959999999999,5963.343999999998,2.626936091919492e-07,1.2142037777086605e-07,4.398010888450884e-08,2.682172391802245e-08,5.061854496833476e-08,1.4118228227764019e-07,0.0,2.632098056160706e-12,1.5092767248501937e-15,9.446979653481462e-15
6,lbfgs,1679,4080.959999999999,5963.343999999998,2.6204546419898117e-07,1.207742188755517e-07,4.386632510793493e-08,2.9230159108569304e-08,4.7677734659047464e-08,1.4118029617991346e-07,0.0,2.625254565953293e-12,1.604533934013768e-15,9.046572517629247e-15
6,lbfgs,1689,4080.959999999999,5963.343999999998,2.626749335333503e-07,1.2140940073641716e-07,4.3988519977354955e-08,2.6821475200170457e-08,5.059940555889175e-08,1.4117458365328235e-07,0.0,2.6326090689676823e-12,1.5092581328404336e-15,9.444212113291072e-15
6,lbfgs,1699,4080.959999999999,5963.343999999998,2.620297970202454e-07,1.2076620410046868e-07,4.387462465672626e-08,2.9222805741484943e-08,4.766877370225747e-08,1.4117264377605295e-07,0.0,2.6257588756808836e-12,1.604242313345552e-15,9.045166548966789e-15
6,lbfgs,1709,4080.959999999999,5963.343999999998,2.6265697399428695e-07,1.2139899123146092e-07,4.399625529288568e-08,2.682104542524154e-08,5.058169051333371e-08,1.4116703361896773e-07,0.0,2.633079476299887e-12,1.5092311619823823e-15,9.441640102107346e-15
6,lbfgs,1719,4080.959999999999,5963.343999999998,2.620144547552123e-07,1.2075840183548784e-07,4.3882245114120244e-08,2.9216001241588287e-08,4.7660155479779305e-08,1.4116510377579325e-07,0.0,2.6262223720970535e-12,1.60397056372437e-15,9.043810210255588e-15
6,lbfgs,1729,4080.959999999999,5963.343999999998,2.62639619403263e-07,1.2138906252498214e-07,4.4003363340470756e-08,2.6820463412299048e-08,5.0565235772212345e-08,1.4115960773421526e-07,0.0,2.6335121902925418e-12,1.5091971619984439e-15,9.439240982179501e-15
6,lbfgs,1739,4080.959999999999,5963.343999999998,2.61999388202748e-07,1.2075077983593603e-07,4.3889237796164545e-08,2.9209675696046943e-08,4.7651866343724546e-08,1.411576592226736e-07,0.0,2.6266481369236297e-12,1.6037161883453483e-15,9.042501259287131e-15
6,lbfgs,1749,4080.959999999999,5963.343999999998,2.6262277728612907e-07,1.2137954241319561e-07,4.4009889369207946e-08,2.681975334767952e-08,5.054989969630815e-08,1.4115228572866088e-07,0.0,2.633909927443946e-12,1.5091572624371565e-15,9.436995224815e-15
6,lbfgs,1759,4080.959999999999,5963.343999999998,2.6198455631586873e-07,1.2074331135471035e-07,4.3895650102770136e-08,2.9203769604840066e-08,4.764389164710013e-08,1.4115029581681312e-07,0.0,2.627039016723779e-12,1.603477058276727e-15,9.041237377602464e-15
6,lbfgs,1769,4080.959999999999,5963.343999999998,2.626063704128669e-07,1.2137037054022673e-07,4.401587553430275e-08,2.681893556115357e-08,5.0535559444770415e-08,1.4114505072816085e-07,0.0,2.6342752185836323e-12,1.5091124101110674e-15,9.434885906800809e-15
6,lbfgs,1779,4080.959999999999,5963.343999999998,2.619699247279469e-07,1.207359741321324e-07,4.390152581793868e-08,2.9198232095380207e-08,4.7636216218813505e-08,1.4114300145126256e-07,0.0,2.6273976409298787e-12,1.6032513496249494e-15,9.040016224866906e-15
6,lbfgs,1789,4080.959999999999,5963.343999999998,2.625903340686853e-07,1.2136149628371225e-07,4.402136106824488e-08,2.681802715960007e-08,5.0522108055867304e-08,1.4113788864028718e-07,0.0,2.6346104191335382e-12,1.5090633995680386e-15,9.432898304406581e-15
6,lbfgs,1799,4080.959999999999,5963.343999999998,2.6195546457896487e-07,1.2072874959078074e-07,4.3906905386297724e-08,2.919301948840606e-08,4.762882471607697e-08,1.4113576584342577e-07,0.0,2.62772643844911e-12,1.6030374931075353e-15,9.03883547843853e-15
6,lbfgs,1809,4080.959999999999,5963.343999999998,2.6257461388013627e-07,1.2135287707097114e-07,4.402638245225515e-08,2.6817042549005385e-08,5.05094520697106e-08,1.4113078766427303e-07,0.0,2.6349177193889546e-12,1.509010898099611e-15,9.431019562742986e-15
6,lbfgs,1819,4080.959999999999,5963.343999999998,2.6194115157365123e-07,1.2072162219014147e-07,4.391182616798321e-08,2.9188094140504105e-08,4.762170188165415e-08,1.4112858023854518e-07,0.0,2.6280276529689725e-12,1.602834133386152e-15,9.03769286149782e-15
6,lbfgs,1829,4080.959999999999,5963.343999999998,2.625591640522227e-07,1.2134447701295832e-07,4.403097358441099e-08,2.6815993869051457e-08,5.0497509559495886e-08,1.4112373789416616e-07,0.0,2.6351991546025305e-12,1.508955466492798e-15,9.429238422032751e-15
6,lbfgs,1839,4080.959999999999,5963.343999999998,2.6192696521631376e-07,1.2071457890384513e-07,4.3916322673869e-08,2.9183423498540752e-08,4.761483273143537e-08,1.4112143716729796e-07,0.0,2.628303357082638e-12,1.6026400958437813e-15,9.036586162932011e-15
6,lbfgs,1849,4080.959999999999,5963.343999999998,2.6254394594231895e-07,1.213362657984728e-07,4.403516594304064e-08,2.681489135447463e-08,5.048620850095753e-08,1.41116730998542e-07,0.0,2.6354566147862426e-12,1.508897576224171e-15,9.427544990972311e-15
6,lbfgs,1859,4080.959999999999,5963.343999999998,2.619128881872259e-07,1.207076087951319e-07,4.392042678269402e-08,2.917897932514145e-08,4.760820268729643e-08,1.4111433024671752e-07,0.0,2.6285554653272376e-12,1.602454359371567e-15,9.035513250771372e-15
6,lbfgs,1869,4080.959999999999,5963.343999999998,2.6252892688703813e-07,1.2132821778361067e-07,4.4038988743683696e-08,2.681374363768846e-08,5.0475485402238516e-08,1.4110975995791755e-07,0.0,2.635691854128526e-12,1.5088376238200697e-15,9.4259305564136e-15
6,lbfgs,1879,4080.959999999999,5963.343999999998,2.618989058240432e-07,1.207007026653366e-07,4.392416794187834e-08,2.9174737048666437e-08,4.7601797674791825e-08,1.4110725401312447e-07,0.0,2.628785746242673e-12,1.6022760334824182e-15,9.034472081671934e-15
6,lbfgs,1889,4080.959999999999,5963.343999999998,2.625140792417048e-07,1.213203112455442e-07,4.4042469089224365e-08,2.681255800135392e-08,5.0465284154965915e-08,1.411028188504451e-07,0.0,2.6359065000026773e-12,1.508775942807135e-15,9.42438742385728e-15
6,lbfgs,1899,4080.959999999999,5963.343999999998,2.6188500570233167e-07,1.206938527707553e-07,4.392757335265254e-08,2.9170675236518577e-08,4.7595604181584195e-08,1.4110020378578864e-07,0.0,2.628995833488353e-12,1.6021043397924672e-15,9.033460705702351e-15
6,lbfgs,1909,4080.959999999999,5963.343999999998,2.6249937957487035e-07,1.2131252775600245e-07,4.40456321122269e-08,2.6811340591407936e-08,5.045555505236761e-08,1.4109590267294697e-07,0.0,2.636102061508015e-12,1.5087128137722813e-15,9.422908781274507e-15
6,lbfgs,1919,4080.959999999999,5963.343999999998,2.6187117727860876e-07,1.2068705258299732e-07,4.3930668141505124e-08,2.9166775140823234e-08,4.7589609300668965e-08,1.4109317554961835e-07,0.0,2.6291872361383255e-12,1.6019385959811282e-15,9.03247726962716e-15
6,lbfgs,1929,4080.959999999999,5963.343999999998,2.624848080078355e-07,1.2130485166702055e-07,4.404850110995196e-08,2.6810096594735943e-08,5.0446253962332645e-08,1.4108900719468875e-07,0.0,2.636279937572336e-12,1.5086484727319163e-15,9.42148858447453e-15
6,lbfgs,1939,4080.959999999999,5963.343999999998,2.618574115958923e-07,1.2068029659217125e-07,4.393347551848452e-08,2.9163020320943875e-08,4.758380075274286e-08,1.410861658575227e-07,0.0,2.629361348187012e-12,1.6017782024572054e-15,9.03152001778946e-15
6,lbfgs,1949,4080.959999999999,5963.343999999998,2.6247034766054047e-07,1.212972696790525e-07,4.4051097671610653e-08,2.6808830388769175e-08,5.043734161867267e-08,1.410821288351566e-07,0.0,2.6364414245889676e-12,1.508583118165421e-15,9.420121458953711e-15
6,lbfgs,1959,4080.959999999999,5963.343999999998,2.6184370103718925e-07,1.2067358014305592e-07,4.3936016923481736e-08,2.915939632445695e-08,4.7578166895117245e-08,1.4107917174772982e-07,0.0,2.6295194573331467e-12,1.6016226310685688e-15,9.03058729152945e-15
6,lbfgs,1969,4080.959999999999,5963.343999999998,2.6245598418543984e-07,1.212897704772601e-07,4.4053441797998226e-08,2.680754566758202e-08,5.042878301167986e-08,1.410752645616433e-07,0.0,2.6365877235967443e-12,1.5085169169348591e-15,9.418802615570786e-15
6,lbfgs,1979,4080.959999999999,5963.343999999998,2.618300391195233e-07,1.2066689929884525e-07,4.393831216137893e-08,2.915589041762287e-08,4.757269671984345e-08,1.4107219067406952e-07,0.0,2.629662753095103e-12,1.601471415548718e-15,9.029677527432051e-15
6,lbfgs,1989,4080.959999999999,5963.343999999998,2.6244170537351215e-07,1.2128234442386314e-07,4.4055552013700735e-08,2.68062455483314e-08,5.042054686183101e-08,1.4106841180290757e-07,0.0,2.636719947014497e-12,1.5084500092740542e-15,9.417527777798301e-15
6,lbfgs,1999,4080.959999999999,5963.343999999998,2.6181642032069555e-07,1.206602507272539e-07,4.3940379526917524e-08,2.915249135624688e-08,4.756737984408949e-08,1.410652204466282e-07,0.0,2.629792334308847e-12,1.6013241433781945e-15,9.028789254767341e-15
6,lbfgs,2009,4080.959999999999,5963.343999999998,2.6242750083313037e-07,1.212749833069649e-07,4.40574454725175e-08,2.6804932659832077e-08,5.0412605174615305e-08,1.4106156837921916e-07,0.0,2.636839124968569e-12,1.5083825129281862e-15,9.416293120211663e-15
6,lbfgs,2019,4080.959999999999,5963.343999999998,2.6180283993090345e-07,1.2065363160343408e-07,4.3942235920185124e-08,2.9149189186124035e-08,4.756220649712493e-08,1.4105825918045108e-07,0.0,2.6299092160626156e-12,1.6011804486731107e-15,9.027921092672927e-15
6,lbfgs,2029,4080.959999999999,5963.343999999998,2.624133617075466e-07,1.2126768011959793e-07,4.405913805569836e-08,2.680360921842566e-08,5.040493284547391e-08,1.410547324407976e-07,0.0,2.6369462111891997e-12,1.5083145267014998e-15,9.415095213978234e-15
6,lbfgs,2039,4080.959999999999,5963.343999999998,2.617892939302516e-07,1.206470395302614e-07,4.39438969531841e-08,2.914597507658413e-08,4.755716750049317e-08,1.4105130525276718e-07,0.0,2.630014336095977e-12,1.60104000624974e-15,9.02707174657485e-15
6,lbfgs,2049,4080.959999999999,5963.343999999998,2.62399280446841e-07,1.2126042888102518e-07,4.406064446400133e-08,2.6802277091045953e-08,5.039750732597789e-08,1.410479024184601e-07,0.0,2.6370420885361696e-12,1.508246133392858e-15,9.413930980810304e-15
6,lbfgs,2059,4080.959999999999,5963.343999999998,2.617757788852699e-07,1.2064047247148174e-07,4.394537704827446e-08,2.9142841177911214e-08,4.7552254245296066e-08,1.4104435726636047e-07,0.0,2.630108560710989e-12,1.600902526533598e-15,9.026240004348827e-15
6,lbfgs,2069,4080.959999999999,5963.343999999998,2.6238525060579546e-07,1.2125322447837745e-07,4.4061978303284594e-08,2.6800937849380373e-08,5.039030832571248e-08,1.4104107697985768e-07,0.0,2.6371275741363648e-12,1.508177402321468e-15,9.41279765189678e-15
6,lbfgs,2079,4080.959999999999,5963.343999999998,2.6176229185788607e-07,1.2063392869309074e-07,4.394668952926756e-08,2.913978049321237e-08,4.754745867061082e-08,1.4103741401716312e-07,0.0,2.6301926902420687e-12,1.6007677509590139e-15,9.02542473275697e-15
6,lbfgs,2089,4080.959999999999,5963.343999999998,2.6237126668067025e-07,1.2124606253857742e-07,4.4063152164504715e-08,2.6799592814842903e-08,5.03833175592298e-08,1.41034254994328e-07,0.0,2.6372034241857813e-12,1.5081083914127296e-15,9.4116927330547e-15
6,lbfgs,2099,4080.959999999999,5963.343999999998,2.617488303354189e-07,1.2062740671875182e-07,4.3947846705245893e-08,2.9136786779369142e-08,4.754277323413678e-08,1.4103047446883034e-07,0.0,2.6302674640889938e-12,1.6006354484334452e-15,9.024624872908681e-15
6,lbfgs,2109,4080.959999999999,5963.343999999998,2.623573239642136e-07,1.2123893931453053e-07,4.406417769798516e-08,2.6798243097369982e-08,5.037651851917539e-08,1.410274355017138e-07,0.0,2.6372703384075612e-12,1.5080391490007368e-15,9.410613973521429e-15
6,lbfgs,2119,4080.959999999999,5963.343999999998,2.6173539216183123e-07,1.2062090528590653e-07,4.394885994841188e-08,2.9133854446389402e-08,4.7538190891105236e-08,1.410235377278835e-07,0.0,2.630333565391497e-12,1.600505411697962e-15,9.02383943694278e-15
6,lbfgs,2129,4080.959999999999,5963.343999999998,2.623434184332767e-07,1.2123185159680258e-07,4.4065065682831066e-08,2.6796889627024407e-08,5.03698962869471e-08,1.4102061768830042e-07,0.0,2.6373289642188363e-12,1.5079697152866279e-15,9.409559339906286e-15
6,lbfgs,2139,4080.959999999999,5963.343999999998,2.617219754886821e-07,1.2061442331505636e-07,4.394973976555473e-08,2.913097848549756e-08,4.7533705064004055e-08,1.4101660302538016e-07,0.0,2.6303916253204975e-12,1.6003774547556364e-15,9.023067503503799e-15
6,lbfgs,2149,4080.959999999999,5963.343999999998,2.623295466381069e-07,1.2122479662671005e-07,4.4065826090978733e-08,2.6795533182552452e-08,5.036343735317887e-08,1.410138008630188e-07,0.0,2.637379900575469e-12,1.5079001236627864e-15,9.408526991546135e-15
7,adam,0,5963.343999999998,8598.681599999996,1.6201816611899254e-06,1.2150676267653081e-06,1.7279727695722402e-07,4.827548630290381e-07,5.59515486779046e-07,4.0502254225510273e-07,0.0,9.600065504247909e-12,1.7958517072693844e-14,7.1944853699775e-14
7,adam,24,5963.343999999998,8598.681599999996,5.87546523367253e-05,4.0178317559447075e-05,4.867415708495585e-07,2.8802887901793867e-05,1.0888688086803647e-05,1.85762438419746e-05,0.0,2.742713166677379e-11,1.0854745138604352e-12,1.3832802651094185e-12
7,adam,49,5963.343999999998,8598.681599999996,4.597507603460648e-06,3.5559737006491332e-06,4.0714566412571e-07,1.903465312089667e-06,1.2453627244337563e-06,1.0414431659583817e-06,0.0,2.2930022885680504e-11,7.095684479647793e-14,1.5988829960890512e-13
7,adam,74,5963.343999999998,8598.681599999996,2.0490805728042657e-06,1.3768995178775725e-06,3.696639146910741e-07,8.335454775043926e-07,1.7369012568210557e-07,6.720903530649661e-07,0.0,2.0817985577116148e-11,3.095697226574476e-14,2.2354182359891843e-14
7,adam,99,5963.343999999998,8598.681599999996,1.237276744579848e-06,9.99240403859272e-07,4.1655946546285283e-07,3.125606497140108e-07,2.7012028868240836e-07,2.3794564151769497e-07,0.0,2.3520027622750947e-11,1.1625715931199927e-14,3.4769282981144365e-14
7,adam,124,5963.343999999998,8598.681599999996,1.1392805049301564e-06,8.966279881065829e-07,4.17405051974841e-07,2.731185094125948e-07,2.0610442671914705e-07,2.425618206420203e-07,0.0,2.3577444799958417e-11,1.0157062428880937e-14,2.653703009654587e-14
7,adam,149,5963.343999999998,8598.681599999996,1.103271054577998e-06,8.592773724840515e-07,4.1724002060794923e-07,2.5424239176655113e-07,1.877949601095512e-07,2.439029878147784e-07,0.0,2.3572611125376858e-11,9.45694535352255e-15,2.4188333383468624e-14
7,adam,174,5963.343999999998,8598.681599999996,1.069394059649137e-06,8.262360141039912e-07,4.158326295853554e-07,2.3161836022815453e-07,1.7878502429048127e-07,2.430673526262476e-07,0.0,2.3494829631405425e-11,8.617532855460834e-15,2.3036374683833048e-14
7,adam,199,5963.343999999998,8598.681599999996,1.0379301038047237e-06,7.954888818168763e-07,4.1378773813319297e-07,2.1122465538005657e-07,1.704764883036268e-07,2.423505299389012e-07,0.0,2.3379731462307995e-11,7.860673274879439e-15,2.197363250022985e-14
7,adam,224,5963.343999999998,8598.681599999996,1.0106434232231497e-06,7.681450742184198e-07,4.114053075815615e-07,1.9578636583108515e-07,1.6095340080577307e-07,2.424076572524455e-07,0.0,2.3247955273853282e-11,7.287662317889462e-15,2.0752844061508014e-14
7,adam,249,5963.343999999998,8598.681599999996,9.836752859987042e-07,7.416973906627298e-07,4.0696991312239806e-07,1.7890755889348393e-07,1.5581991864684785e-07,2.4188720333251525e-07,0.0,2.299617546147198e-11,6.6609222976231966e-15,2.0097460882101914e-14
7,adam,274,5963.343999999998,8598.681599999996,9.587119383680739e-07,7.179610369979201e-07,4.03323324189989e-07,1.6413921247514828e-07,1.5049850033278272e-07,2.4066020867465634e-07,0.0,2.2789641222624966e-11,6.112465424077713e-15,1.9416744270465168e-14
7,adam,299,5963.343999999998,8598.681599999996,9.355312254345474e-07,6.963697134674984e-07,3.991484224591067e-07,1.508749860806144e-07,1.463463049277772e-07,2.3907081814428633e-07,0.0,2.255260350793363e-11,5.619744009272627e-15,1.8886285701313853e-14
7,adam,324,5963.343999999998,8598.681599999996,9.139380392724359e-07,6.765288803639792e-07,3.94244886856629e-07,1.3913235176392012e-07,1.431516417434301e-07,2.373184635692664e-07,0.0,2.2273894993112856e-11,5.183463595706047e-15,1.8478919337459192e-14
7,adam,349,5963.343999999998,8598.681599999996,8.937359351816472e-07,6.582793331400349e-07,3.888584817710794e-07,1.287447307691935e-07,1.40676120599762e-07,2.3536590485156093e-07,0.0,2.19677260857516e-11,4.797457693509207e-15,1.81639969040823e-14
7,adam,374,5963.343999999998,8598.681599999996,8.74734670798625e-07,6.414155417528282e-07,3.8299894822680554e-07,1.1961844063091126e-07,1.387981528951114e-07,2.3322842972645984e-07,0.0,2.1634661401288553e-11,4.458278160947929e-15,1.7925968013337567e-14
7,adam,399,5963.343999999998,8598.681599999996,8.567570442685165e-07,6.257409618286716e-07,3.7668367154783183e-07,1.1164797295942529e-07,1.3740931732141461e-07,2.3092538076598747e-07,0.0,2.127569011862982e-11,4.162033581549731e-15,1.775096221575686e-14
7,adam,424,5963.343999999998,8598.681599999996,8.309585709077049e-07,6.034141787652391e-07,3.660467160101389e-07,1.0269533355507742e-07,1.3467212920002278e-07,2.2745368807745648e-07,0.0,2.0672610054480815e-11,3.8290748980101595e-15,1.7402317198702854e-14
7,adam,449,5963.343999999998,8598.681599999996,8.150120067110856e-07,5.903600631563325e-07,3.596289318722816e-07,9.741176923477581e-08,1.3331936204927508e-07,2.2456123692494182e-07,0.0,2.030696816262338e-11,3.6328050090109e-15,1.7231841616598665e-14
7,adam,474,5963.343999999998,8598.681599999996,7.996919496985857e-07,5.773552780586981e-07,3.517295506144777e-07,9.268890036536304e-08,1.329368270788573e-07,2.222459623424558e-07,0.0,1.9857576248687683e-11,3.4573336817349263e-15,1.718739818964405e-14
7,adam,499,5963.343999999998,8598.681599999996,7.848141342367058e-07,5.650070746152597e-07,3.444301541031501e-07,8.848840414102756e-08,1.3208851637108207e-07,2.1971634760365446e-07,0.0,1.9443026265233077e-11,3.3012768742786313e-15,1.7082199653844648e-14
7,adam,524,5963.343999999998,8598.681599999996,7.702772668655951e-07,5.530821196919215e-07,3.3672435024113537e-07,8.487183458731823e-08,1.3148593486346794e-07,2.1710443240519453e-07,0.0,1.9005295685756017e-11,3.166985272279313e-15,1.7009004473289584e-14
7,adam,549,5963.343999999998,8598.681599999996,7.55998795940224e-07,5.414879820630152e-07,3.287587374149222e-07,8.173352233551503e-08,1.3099572231257794e-07,2.1442009634123142e-07,0.0,1.8552824961549726e-11,3.050521820070233e-15,1.69505320258114e-14
7,adam,574,5963.343999999998,8598.681599999996,7.419115285273116e-07,5.301373672021904e-07,3.2061016021680757e-07,7.899437851406151e-08,1.3053282847132138e-07,2.1168344101471899e-07,0.0,1.809004693693758e-11,2.9489407523992376e-15,1.689575448573673e-14
7,adam,599,5963.343999999998,8598.681599999996,7.279608265018899e-07,5.189593252379055e-07,3.122943776887382e-07,7.65937409523957e-08,1.3007120659677162e-07,2.089107781781225e-07,0.0,1.7617858843281794e-11,2.8599860600079108e-15,1.6841322131455326e-14
7,adam,624,5963.343999999998,8598.681599999996,7.124809105591889e-07,5.060576901699306e-07,3.05555277767376e-07,7.23585632058314e-08,1.2814384919672316e-07,2.0633249450976093e-07,0.0,1.7236980142956774e-11,2.702909750699261e-15,1.6599725608361795e-14
7,adam,649,5963.343999999998,8598.681599999996,6.985994940180605e-07,4.948413221349343e-07,2.972764033674666e-07,7.033554974064376e-08,1.2722936902682402e-07,2.0366744325672937e-07,0.0,1.6767249689865295e-11,2.6280314534128114e-15,1.6486800693009698e-14
7,adam,674,5963.343999999998,8598.681599999996,6.847585147010636e-07,4.837940497799882e-07,2.888662891267271e-07,6.856540634880646e-08,1.2636235430445463e-07,2.0087373356541608e-07,0.0,1.628998667958814e-11,2.5625951737710505e-15,1.638028860417705e-14
7,adam,699,5963.343999999998,8598.681599999996,6.709293905897621e-07,4.727489714220054e-07,2.8009434728551417e-07,6.701925018415528e-08,1.2563537395233595e-07,1.9808968509375492e-07,0.0,1.5792224462628797e-11,2.5055346016385145e-15,1.6292306140230225e-14
7,adam,724,5963.343999999998,8598.681599999996,6.570925375275022e-07,4.616991564769228e-07,2.712375164132145e-07,6.561679943539772e-08,1.2484484062831057e-07,1.9530264425808013e-07,0.0,1.5289796408303008e-11,2.453838768122669e-15,1.6196195998793144e-14
7,adam,749,5963.343999999998,8598.681599999996,6.43234914249343e-07,4.5061788419652186e-07,2.6225501793956214e-07,6.433595965953847e-08,1.2402690659742124e-07,1.9252629053072173e-07,0.0,1.478033906163353e-11,2.4066929769370317e-15,1.6096745744740594e-14
7,adam,774,5963.343999999998,8598.681599999996,6.293479075272447e-07,4.394883464564678e-07,2.531891057838502e-07,6.314423643644951e-08,1.231550042361681e-07,1.8976881879519512e-07,0.0,1.4266263430767616e-11,2.3628819269012075e-15,1.5990485542089908e-14
7,adam,799,5963.343999999998,8598.681599999996,6.154261742937463e-07,4.2829992315186266e-07,2.440658499773916e-07,6.201806816396925e-08,1.2221600501050186e-07,1.870355060751207e-07,0.0,1.3749053627601843e-11,2.321524324326889e-15,1.587569979910097e-14
7,adam,824,5963.343999999998,8598.681599999996,6.025768735652329e-07,4.180370234404307e-07,2.3422524985585125e-07,6.183213549760482e-08,1.2197963808697466e-07,1.844491022970196e-07,0.0,1.3191868515786582e-11,2.314689633454846e-15,1.5846372572190166e-14
7,adam,849,5963.343999999998,8598.681599999996,5.885755220053798e-07,4.0689747500224964e-07,2.2454819544787648e-07,6.099617197232173e-08,1.2135310758205148e-07,1.8158729642584651e-07,0.0,1.2643858322086317e-11,2.284154208345556e-15,1.5772131522438785e-14
7,adam,874,5963.343999999998,8598.681599999996,5.745844566651164e-07,3.95731608377336e-07,2.1478424623453267e-07,6.022283509855874e-08,1.207245270442446e-07,1.787620948584692e-07,0.0,1.2090486384996839e-11,2.2560812907497148e-15,1.569902283431397e-14
7,adam,899,5963.343999999998,8598.681599999996,5.605840259536017e-07,3.844267336907975e-07,2.0547097802733982e-07,5.93187228556783e-08,1.196370328077794e-07,1.7606653583932597e-07,0.0,1.1562987491551076e-11,2.223052665721022e-15,1.5565808174778224e-14
7,adam,924,5963.343999999998,8598.681599999996,5.465653866149803e-07,3.730386429373734e-07,1.9632953145088877e-07,5.8364856107218404e-08,1.1834425537926619e-07,1.73435984120661e-07,0.0,1.1045344255875033e-11,2.188147986430792e-15,1.5405990690550753e-14
7,adam,949,5963.343999999998,8598.681599999996,5.325290913704529e-07,3.61589437621946e-07,1.8731641041557052e-07,5.7382466295768315e-08,1.1689056091060719e-07,1.708488909058342e-07,0.0,1.0535085938270852e-11,2.152164733800959e-15,1.522534553704884e-14
7,adam,974,5963.343999999998,8598.681599999996,5.184791620719055e-07,3.500972979439536e-07,1.7842826365463578e-07,5.637626914928408e-08,1.1529276514003373e-07,1.6829109782643916e-07,0.0,1.0032039955107207e-11,2.115275153767826e-15,1.5025985822402082e-14
7,adam,999,5963.343999999998,8598.681599999996,5.044216972098171e-07,3.385799820010019e-07,1.6966618920529125e-07,5.534820285532033e-08,1.1356558994039032e-07,1.6575094525140298e-07,0.0,9.53626964105877e-12,2.077549393884452e-15,1.4809788839759687e-14
7,adam,1024,5963.343999999998,8598.681599999996,5.001694099949027e-07,3.3719822499025647e-07,1.630585759213485e-07,5.661095782276536e-08,1.1752869124614262e-07,1.6288041090062405e-07,0.0,9.158594099002116e-12,2.1258034952836414e-15,1.5332053836679453e-14
7,adam,1049,5963.343999999998,8598.681599999996,4.85702296239533e-07,3.252205695574192e-07,1.5469532103630587e-07,5.523078553365686e-08,1.1529446298745643e-07,1.6039094802984906e-07,0.0,8.68593108565315e-12,2.0748953157937987e-15,1.504870448310341e-14
7,adam,1074,5963.343999999998,8598.681599999996,4.712629314270574e-07,3.1337020674331764e-07,1.461864623121791e-07,5.389749539240562e-08,1.1328624903873293e-07,1.578019411978865e-07,0.0,8.205093725870143e-12,2.025719781905238e-15,1.4795920068876392e-14
7,adam,1099,5963.343999999998,8598.681599999996,4.568691544467557e-07,3.0156755889935e-07,1.3792764716014826e-07,5.2572202512901816e-08,1.1106770922629993e-07,1.5521080692531177e-07,0.0,7.73856424905119e-12,1.9767824399212793e-15,1.451542295098757e-14
7,adam,1124,5963.343999999998,8598.681599999996,4.425379469206909e-07,2.898546740898867e-07,1.2989885923017197e-07,5.125465466209451e-08,1.087011601976202e-07,1.525924787308539e-07,0.0,7.285205869639909e-12,1.9280976685005103e-15,1.4215321370452787e-14
7,adam,1149,5963.343999999998,8598.681599999996,4.2828908193721356e-07,2.782547190061638e-07,1.2213485018068207e-07,4.9925361383898934e-08,1.061945074415828e-07,1.4994356297245535e-07,0.0,6.8469839528471054e-12,1.878916147629794e-15,1.3896554543409367e-14
7,adam,1174,5963.343999999998,8598.681599999996,4.1414520568123494e-07,2.6679733472588415e-07,1.1466174647099445e-07,4.858115011263567e-08,1.0355443814225405e-07,1.4725706471688525e-07,0.0,6.425375204716803e-12,1.829115041052276e-15,1.3559887083896653e-14
7,adam,1199,5963.343999999998,8598.681599999996,4.0013204786172567e-07,2.555147923421449e-07,1.0750605253550607e-07,4.7219647043821414e-08,1.0078909276281739e-07,1.4452644253938364e-07,0.0,6.021877357242604e-12,1.7785976370939194e-15,1.3206279628988848e-14
7,adam,1224,5963.343999999998,8598.681599999996,3.7991531105203187e-07,2.3779733866364423e-07,1.0029594883618904e-07,4.278246410120472e-08,9.471892572625044e-08,1.4202715252930925e-07,0.0,5.6164583705845365e-12,1.6140541792662003e-15,1.2434085223415858e-14
7,adam,1249,5963.343999999998,8598.681599999996,3.66495982210716e-07,2.2709212317537095e-07,9.434001680765187e-08,4.139130467998783e-08,9.136080168773125e-08,1.3931303174674192e-07,0.0,5.2809235129505926e-12,1.5620639118835686e-15,1.2000955867643007e-14
7,adam,1274,5963.343999999998,8598.681599999996,3.5328767576283294e-07,2.166768140332292e-07,8.852606964736623e-08,4.0060185104758076e-08,8.809055928110488e-08,1.3652002642166742e-07,0.0,4.953633092326613e-12,1.5123970327959864e-15,1.1578345529081926e-14
7,adam,1299,5963.343999999998,8598.681599999996,3.403195377825296e-07,2.0657308395855883e-07,8.291271329850406e-08,3.874915702807295e-08,8.491121363198183e-08,1.3365560986276402e-07,0.0,4.637851680112981e-12,1.4634326084728571e-15,1.1167299523757108e-14
7,adam,1324,5963.343999999998,8598.681599999996,3.276320565638298e-07,1.9682290987370035e-07,7.767709611611566e-08,3.742882366262382e-08,8.171699009496086e-08,1.307182934030437e-07,0.0,4.3435769281088806e-12,1.4140273975737255e-15,1.075332714849753e-14
7,adam,1349,5963.343999999998,8598.681599999996,3.152668328345007e-07,1.8745308671343306e-07,7.280550235385238e-08,3.611826680079673e-08,7.852931755878394e-08,1.2772288281788385e-07,0.0,4.070001589527896e-12,1.3649330671463001e-15,1.0339413676119259e-14
7,adam,1374,5963.343999999998,8598.681599999996,3.03264270420046e-07,1.7849921251365715e-07,6.831336339999752e-08,3.481996164156677e-08,7.536588747209285e-08,1.2467418388096575e-07,0.0,3.817984680242e-12,1.316241673625821e-15,9.927888825393477e-15
7,adam,1399,5963.343999999998,8598.681599999996,2.9166166688816075e-07,1.6999001190042608e-07,6.419176665975574e-08,3.354213500925733e-08,7.2256110231413e-08,1.2158076952644322e-07,0.0,3.5870065096278497e-12,1.2682736485327583e-15,9.52272738977242e-15
7,lbfgs,1400,5963.343999999998,8598.681599999996,2.8861548941384997e-07,1.6706836986052712e-07,6.180807703494685e-08,3.4137851631444566e-08,7.112244119413571e-08,1.2145623361972077e-07,0.0,3.4537519904923863e-12,1.2899907216533558e-15,9.37089251903556e-15
7,lbfgs,1409,5963.343999999998,8598.681599999996,2.884152714642774e-07,1.6686019887503957e-07,6.182104154424794e-08,3.3785248305905586e-08,7.125390902488604e-08,1.2146418665444698e-07,0.0,3.454510846172029e-12,1.276129857937498e-15,9.389435491232896e-15
7,lbfgs,1419,5963.343999999998,8598.681599999996,2.8834695028385055e-07,1.6680577900749173e-07,6.18190756221802e-08,3.398897502833556e-08,7.099772835697595e-08,1.214502853412425e-07,0.0,3.45441156218582e-12,1.2841720670859823e-15,9.354622380106823e-15
7,lbfgs,1429,5963.343999999998,8598.681599999996,2.882791140880371e-07,1.6672854001230578e-07,6.182069481748895e-08,3.376157759780689e-08,7.114626759700994e-08,1.21459688140156e-07,0.0,3.454512529201742e-12,1.2752437010059496e-15,9.375053008812884e-15
7,lbfgs,1439,5963.343999999998,8598.681599999996,2.8821172545861204e-07,1.6667642220750195e-07,6.181782797690036e-08,3.3961848509738275e-08,7.089674572086333e-08,1.21444417315211e-07,0.0,3.454362746320269e-12,1.2831466483295708e-15,9.341160792187751e-15
7,lbfgs,1449,5963.343999999998,8598.681599999996,2.881447589515837e-07,1.666009523467187e-07,6.181824907635908e-08,3.373593466726341e-08,7.104676860309621e-08,1.2145292066850942e-07,0.0,3.454396527483341e-12,1.2742751103508681e-15,9.361798074616728e-15
7,lbfgs,1459,5963.343999999998,8598.681599999996,2.880781957208993e-07,1.6655066085891002e-07,6.181460130193557e-08,3.393399253962956e-08,7.080206701734487e-08,1.2143664892531152e-07,0.0,3.454202961699188e-12,1.2820894255596942e-15,9.328568871767165e-15
7,lbfgs,1469,5963.343999999998,8598.681599999996,2.8801202089322617e-07,1.6647682497092e-07,6.181398840343836e-08,3.371020124453579e-08,7.095263532294584e-08,1.214443099851741e-07,0.0,3.454178750494382e-12,1.2733013130384961e-15,9.349279645643873e-15
7,lbfgs,1479,5963.343999999998,8598.681599999996,2.8794622210693123e-07,1.6642807649051815e-07,6.180968117290467e-08,3.390634700730008e-08,7.07120483103134e-08,1.214272596789603e-07,0.0,3.4539482135672593e-12,1.281039519954751e-15,9.316614255699861e-15
7,lbfgs,1489,5963.343999999998,8598.681599999996,2.8788078888585237e-07,1.6635574654605423e-07,6.180818504035052e-08,3.368468633917276e-08,7.086287516653094e-08,1.2143415640189322e-07,0.0,3.4538744644412817e-12,1.2723356926242754e-15,9.33735744969644e-15
7,lbfgs,1499,5963.343999999998,8598.681599999996,2.8781571198768525e-07,1.6630834570281271e-07,6.18033250946711e-08,3.38789986820763e-08,7.06260219260653e-08,1.2141648034664823e-07,0.0,3.4536129441625864e-12,1.2800011776047888e-15,9.305202619350789e-15
7,lbfgs,1509,5963.343999999998,8598.681599999996,2.877509833119136e-07,1.6623740310247515e-07,6.180107521537858e-08,3.365935312873737e-08,7.077697475835921e-08,1.2142269427076394e-07,0.0,3.45349691994613e-12,1.271377274843175e-15,9.325959483071829e-15
7,lbfgs,1519,5963.343999999998,8598.681599999996,2.8768659546931564e-07,1.661912020629674e-07,6.179575331242449e-08,3.385187576599351e-08,7.05435729845494e-08,1.2140450746735568e-07,0.0,3.4532095077058224e-12,1.2789718893568285e-15,9.29427608485199e-15
7,lbfgs,1529,5963.343999999998,8598.681599999996,2.876225418764876e-07,1.6612153897648057e-07,6.179285944339154e-08,3.3634133005951467e-08,7.069454652713755e-08,1.2141011696056606e-07,0.0,3.453057364526016e-12,1.2704235288199483e-15,9.315032121859377e-15
7,lbfgs,1539,5963.343999999998,8598.681599999996,2.8755881639641603e-07,1.6607641954588772e-07,6.178715246409997e-08,3.382491418277562e-08,7.046435289901212e-08,1.213915109107706e-07,0.0,3.4527483729114732e-12,1.2779492336159658e-15,9.283786661975228e-15
7,lbfgs,1549,5963.343999999998,8598.681599999996,2.874954135127245e-07,1.6600793913056796e-07,6.178370782415194e-08,3.360898670326044e-08,7.061524460315558e-08,1.213965884419521e-07,0.0,3.4525653388993612e-12,1.2694729471710803e-15,9.304527971473355e-15
7,lbfgs,1559,5963.343999999998,8598.681599999996,2.874323279963146e-07,1.6596380366308602e-07,6.177768115009405e-08,3.379808164504381e-08,7.038804086794817e-08,1.213776383927086e-07,0.0,3.4522384350432778e-12,1.27693194585341e-15,9.273690528619905e-15
7,lbfgs,1569,5963.343999999998,8598.681599999996,2.873695551202101e-07,1.6589641958689402e-07,6.1773765328494e-08,3.358390334190801e-08,7.0538750916492e-08,1.2138224959235097e-07,0.0,3.452028973508637e-12,1.2685250829838143e-15,9.294403674238979e-15
7,lbfgs,1579,5963.343999999998,8598.681599999996,2.8730709033793854e-07,1.6585318574681175e-07,6.176747482950871e-08,3.377136999167999e-08,7.031434092562305e-08,1.213630186498472e-07,0.0,3.45168729067321e-12,1.2759196709670207e-15,9.263947418832324e-15
7,lbfgs,1589,5963.343999999998,8598.681599999996,2.8724492952212864e-07,1.657868213575271e-07,6.176315610789472e-08,3.355888936679394e-08,7.046477588283843e-08,1.2136722222287842e-07,0.0,3.451455230436868e-12,1.267580148154016e-15,9.284619864967619e-15
7,lbfgs,1599,5963.343999999998,8598.681599999996,2.8718306864978186e-07,1.6574441876992403e-07,6.175664970594452e-08,3.3744784655373994e-08,7.024298440860553e-08,1.2134776393782124e-07,0.0,3.4511014558280296e-12,1.274912573843532e-15,9.254520859770598e-15
7,lbfgs,1609,5963.343999999998,8598.681599999996,2.8712150405595584e-07,1.6567900612946314e-07,6.175198687359234e-08,3.3533959444893585e-08,7.03930598109772e-08,1.21351611984014e-07,0.0,3.450850093124375e-12,1.266638671139283e-15,9.275141296009718e-15
7,lbfgs,1619,5963.343999999998,8598.681599999996,2.870602321242952e-07,1.656373740640457e-07,6.174530577368742e-08,3.371833713272017e-08,7.017373115763809e-08,1.213319721174584e-07,0.0,3.4504865370109773e-12,1.2739110549302582e-15,9.245378287172938e-15
7,lbfgs,1629,5963.343999999998,8598.681599999996,2.869992495504079e-07,1.6557285297336748e-07,6.174034956493466e-08,3.350913079649879e-08,7.0323372611934e-08,1.2133551063380865e-07,0.0,3.4502187161758597e-12,1.2657012813885283e-15,9.265936764809615e-15
7,lbfgs,1639,5963.343999999998,8598.681599999996,2.8693855303708865e-07,1.6553193864677995e-07,6.173352924241037e-08,3.3692040535108784e-08,7.010636886926079e-08,1.213157284467654e-07,0.0,3.449847367322972e-12,1.2729155806855858e-15,9.236490933499683e-15
7,lbfgs,1649,5963.343999999998,8598.681599999996,2.868781395638719e-07,1.6546825572519068e-07,6.172832349968916e-08,3.348442012865591e-08,7.02555120968456e-08,1.2131899789469858e-07,0.0,3.449565546072916e-12,1.2647685920205896e-15,9.256978866161844e-15
7,lbfgs,1659,5963.343999999998,8598.681599999996,2.868180060867305e-07,1.654280130021798e-07,6.172139450940098e-08,3.366590726381174e-08,7.00407112289671e-08,1.212991071402574e-07,0.0,3.4491881171715177e-12,1.2719265944380971e-15,9.227833562627113e-15
7,lbfgs,1669,5963.343999999998,8598.681599999996,2.867581498111774e-07,1.6536512084979166e-07,6.171597714402602e-08,3.345984219636456e-08,7.01893015094011e-08,1.2130214301665447e-07,0.0,3.4488944205259974e-12,1.2638411444658335e-15,9.248243648922904e-15
7,lbfgs,1679,5963.343999999998,8598.681599999996,2.8669856789615676e-07,1.6532550921695735e-07,6.170896579603711e-08,3.36399479623161e-08,6.997659545860413e-08,1.2128217273415832e-07,0.0,3.4485123861235525e-12,1.2709444759012512e-15,9.219384131213957e-15
7,lbfgs,1689,5963.343999999998,8598.681599999996,2.8663925772907015e-07,1.6526336566786297e-07,6.170336959522279e-08,3.343540928643163e-08,7.012458678620855e-08,1.2128500611572933e-07,0.0,3.448208651693317e-12,1.2629193883704496e-15,9.23971024017665e-15
7,lbfgs,1699,5963.343999999998,8598.681599999996,2.8658021663368997e-07,1.652243494031762e-07,6.169629852703669e-08,3.361417117810411e-08,6.99138796980354e-08,1.21264981284727e-07,0.0,3.4478232803139125e-12,1.2699695278136271e-15,9.211123430805505e-15
7,lbfgs,1709,5963.343999999998,8598.681599999996,2.8652144214560697e-07,1.651629168676516e-07,6.169055184011044e-08,3.3411131188159885e-08,7.006123383938128e-08,1.2126763933173297e-07,0.0,3.4475110968071737e-12,1.2620036801588637e-15,9.231360474719307e-15
7,lbfgs,1719,5963.343999999998,8598.681599999996,2.8646293172424216e-07,1.6512446435628292e-07,6.168344050613417e-08,3.3588583391038133e-08,6.985244045911061e-08,1.2124758142142869e-07,0.0,3.4471234784235482e-12,1.2690019766397055e-15,9.203034741429865e-15
7,lbfgs,1729,5963.343999999998,8598.681599999996,2.864046830277602e-07,1.6506370924532274e-07,6.167756783301011e-08,3.338701539720116e-08,6.999912601511148e-08,1.212500878354725e-07,0.0,3.446804218665455e-12,1.261094290558455e-15,9.22317854962286e-15
7,lbfgs,1739,5963.343999999998,8598.681599999996,2.863466936288606e-07,1.650257924088571e-07,6.167043292609312e-08,3.356318921241106e-08,6.979217027035295e-08,1.2123001527273112e-07,0.0,3.4464152883568923e-12,1.2680419798446861e-15,9.19510351192076e-15
7,lbfgs,1749,5963.343999999998,8598.681599999996,2.8628896128849095e-07,1.649656846324566e-07,6.166445542479527e-08,3.3363067411408644e-08,6.993816179625269e-08,1.2123239070832876e-07,0.0,3.4460901377652103e-12,1.2601914156801393e-15,9.215150712508298e-15
7,lbfgs,1759,5963.343999999998,8598.681599999996,2.862314836753974e-07,1.649282784476339e-07,6.1657311240795e-08,3.3537991647213116e-08,6.973297555962577e-08,1.2121231927975125e-07,0.0,3.445700696176634e-12,1.2670896356296768e-15,9.187317072934817e-15
7,lbfgs,1769,5963.343999999998,8598.681599999996,2.8617425863807465e-07,1.6486879097794424e-07,6.165124716674598e-08,3.333929104594607e-08,6.987825276525218e-08,1.2121458171168598e-07,0.0,3.4453706774076714e-12,1.2592951888665154e-15,9.207264985424624e-15
7,lbfgs,1779,5963.343999999998,8598.681599999996,2.8611728392810725e-07,1.64831873068333e-07,6.16441059207447e-08,3.351299236472383e-08,6.967477478286449e-08,1.2119452491102392e-07,0.0,3.4449814084942985e-12,1.2661449930231891e-15,9.179664383520515e-15
7,lbfgs,1789,5963.343999999998,8598.681599999996,2.860605574698437e-07,1.6477298156003643e-07,6.163797100795523e-08,3.331568873215635e-08,6.981932181992485e-08,1.211966899606258e-07,0.0,3.4446474028280485e-12,1.2584056919448871e-15,9.199510923139633e-15
7,lbfgs,1799,5963.343999999998,8598.681599999996,2.8600407708735854e-07,1.6473653184769786e-07,6.163084310899782e-08,3.348819194997716e-08,6.96174967887229e-08,1.2117665929017404e-07,0.0,3.444258889271438e-12,1.265208061272773e-15,9.172135809736419e-15
7,lbfgs,1809,5963.343999999998,8598.681599999996,2.8594784077166813e-07,1.646782143075071e-07,6.162465090123636e-08,3.329226178209759e-08,6.976130162417317e-08,1.2117874051424438e-07,0.0,3.44392165518961e-12,1.2575229651863785e-15,9.191879403329667e-15
7,lbfgs,1819,5963.343999999998,8598.681599999996,2.8589184641129765e-07,1.646422147144248e-07,6.161754519122958e-08,3.346359012530163e-08,6.95610793978936e-08,1.2115874574665158e-07,0.0,3.4435343918019726e-12,1.264278818119755e-15,9.164722932378055e-15
7,lbfgs,1829,5963.343999999998,8598.681599999996,2.858360920568397e-07,1.645844512135675e-07,6.161130733002062e-08,3.3269010617181466e-08,6.970413326636544e-08,1.2116075489262194e-07,0.0,3.4431945811433385e-12,1.2566470159113936e-15,9.184362444920629e-15
7,lbfgs,1839,5963.343999999998,8598.681599999996,2.85780575654908e-07,1.645488854051438e-07,6.160423129160855e-08,3.343918593907054e-08,6.950546817446473e-08,1.211408042988101e-07,0.0,3.4428089865303676e-12,1.2633572168438354e-15,9.157418380711871e-15
7,lbfgs,1849,5963.343999999998,8598.681599999996,2.8572529530999165e-07,1.6449165782889044e-07,6.159795776677868e-08,3.324593495901432e-08,6.964776510309746e-08,1.211427515297191e-07,0.0,3.4424671585444586e-12,1.255777825663692e-15,9.176953051540823e-15
7,lbfgs,1859,5963.343999999998,8598.681599999996,2.8567024902180474e-07,1.644565109928869e-07,6.159091770423222e-08,3.341497792299121e-08,6.945061536566349e-08,1.2112285207723255e-07,0.0,3.4420835852535344e-12,1.2624431921249504e-15,9.150215689000276e-15
7,lbfgs,1869,5963.343999999998,8598.681599999996,2.8561543494425983e-07,1.6439980282228782e-07,6.158461707193097e-08,3.3223033987838066e-08,6.959215176251879e-08,1.2112474616985975e-07,0.0,3.4417402188292374e-12,1.2549153561598075e-15,9.169645076576062e-15
7,lbfgs,1879,5963.343999999998,8598.681599999996,2.855608511261756e-07,1.6436506147805236e-07,6.157761826859154e-08,3.3390964221033816e-08,6.9396478988427e-08,1.211049036957084e-07,0.0,3.4413589621816752e-12,1.2615366648387527e-15,9.143109172890487e-15
7,lbfgs,1889,5963.343999999998,8598.681599999996,2.8550649576732673e-07,1.6430885759963493e-07,6.157129784102426e-08,3.3200306471445374e-08,6.953725328716529e-08,1.2110675221485091e-07,0.0,3.441014466488571e-12,1.2540595541206398e-15,9.162433107107264e-15
7,lbfgs,1899,5963.343999999998,8598.681599999996,2.8545236696235835e-07,1.642745094331778e-07,6.156434469631197e-08,3.336714269390724e-08,6.93430220429586e-08,1.2108697157603773e-07,0.0,3.4406357722649856e-12,1.2606375459325746e-15,9.136093822980592e-15
7,lbfgs,1909,5963.343999999998,8598.681599999996,2.853984629539417e-07,1.6421879597270515e-07,6.155801070682382e-08,3.317775086925495e-08,6.94830343966264e-08,1.2108878102766866e-07,0.0,3.440290496011707e-12,1.253210355163793e-15,9.155312364065594e-15
7,lbfgs,1919,5963.343999999998,8598.681599999996,2.853447818799092e-07,1.6418482969373004e-07,6.155110685542563e-08,3.3343511002555204e-08,6.92902118357492e-08,1.2106906623230997e-07,0.0,3.4399145671373585e-12,1.259745739513066e-15,9.129165213191633e-15
7,lbfgs,1929,5963.343999999998,8598.681599999996,2.8529132202344853e-07,1.6412959387107485e-07,6.154476460214892e-08,3.31553654158958e-08,6.94294638530301e-08,1.2107084219808037e-07,0.0,3.4395688066272174e-12,1.2523676869219443e-15,9.148278616301765e-15
7,lbfgs,1939,5963.343999999998,8598.681599999996,2.8523808156335754e-07,1.640959990891751e-07,6.153791301771733e-08,3.3320066674487874e-08,6.923801939696991e-08,1.210511965195884e-07,0.0,3.439195808988119e-12,1.2588611452895972e-15,9.122319421903613e-15
7,lbfgs,1949,5963.343999999998,8598.681599999996,2.8518505882132364e-07,1.6404122909139188e-07,6.153156698852698e-08,3.3133148187607234e-08,6.937651391525767e-08,1.210529437749145e-07,0.0,3.4388498151260795e-12,1.251531471512556e-15,9.141328106662781e-15
7,lbfgs,1959,5963.343999999998,8598.681599999996,2.851322520152476e-07,1.6400799620847409e-07,6.152477007385871e-08,3.3296807155629385e-08,6.918641897898599e-08,1.2103336985145616e-07,0.0,3.4384798826264716e-12,1.257983660474703e-15,9.115552964063874e-15
7,lbfgs,1969,5963.343999999998,8598.681599999996,2.8507965950363456e-07,1.63953681078847e-07,6.151842405506298e-08,3.3111097154594404e-08,6.932415986918961e-08,1.2103509246904795e-07,0.0,3.43813386701366e-12,1.250701627478191e-15,9.134457488358534e-15
7,lbfgs,1979,5963.343999999998,8598.681599999996,2.850272795418877e-07,1.6392080119575643e-07,6.151168372050645e-08,3.3273729850787514e-08,6.913538762446246e-08,1.2101559239009221e-07,0.0,3.43776710597299e-12,1.2571131812588566e-15,9.1088627327097e-15
7,lbfgs,1989,5963.343999999998,8598.681599999996,2.8497511052390465e-07,1.6386693073666644e-07,6.150534089137209e-08,3.3089210221954767e-08,6.927237962333956e-08,1.2101729383077776e-07,0.0,3.4374212462065667e-12,1.2498780712965245e-15,9.127663770178697e-15
7,lbfgs,1999,5963.343999999998,8598.681599999996,2.849231507411668e-07,1.6383439557190986e-07,6.149865862297805e-08,3.3250832154475434e-08,6.908490479445638e-08,1.2099786921249752e-07,0.0,3.437057739181e-12,1.256249603924876e-15,9.102245948605818e-15
7,lbfgs,2009,5963.343999999998,8598.681599999996,2.848713986216323e-07,1.6378096025967605e-07,6.149232163789589e-08,3.306748526101714e-08,6.922115336076303e-08,1.2099955240477635e-07,0.0,3.436712183460743e-12,1.2490607185295644e-15,9.120944269327996e-15
7,lbfgs,2019,5963.343999999998,8598.681599999996,2.848198524917202e-07,1.637487620786786e-07,6.148569855663701e-08,3.322811147421143e-08,6.903495204783016e-08,1.2098020445556348e-07,0.0,3.436351992563624e-12,1.2553928256821167e-15,9.095700116826209e-15
7,lbfgs,2029,5963.343999999998,8598.681599999996,2.8476851081233247e-07,1.636957529891258e-07,6.14793696165711e-08,3.3045920134106185e-08,6.917046323844851e-08,1.2098187186530882e-07,0.0,3.43600686369738e-12,1.2482494847278383e-15,9.114296570688268e-15
7,lbfgs,2039,5963.343999999998,8598.681599999996,2.847173719436846e-07,1.6366388454260346e-07,6.147280652978839e-08,3.3205565247797666e-08,6.898551276501739e-08,1.2096260144288558e-07,0.0,3.4356500334835993e-12,1.2545427452770422e-15,9.0892229893373e-15
7,lbfgs,2049,5963.343999999998,8598.681599999996,2.846664343786443e-07,1.6361129328567187e-07,6.146648744435273e-08,3.302451271241562e-08,6.91202931289035e-08,1.209642551343581e-07,0.0,3.435305432367091e-12,1.247444286074929e-15,9.107718491795107e-15
7,lbfgs,2059,5963.343999999998,8598.681599999996,2.846156965102258e-07,1.6357974775594082e-07,6.14599848904368e-08,3.3183190955792594e-08,6.893657190971142e-08,1.2094506279537346e-07,0.0,3.4349519923379548e-12,1.2536992634259051e-15,9.082812532713635e-15
7,lbfgs,2069,5963.343999999998,8598.681599999996,2.84565156862249e-07,1.6352756641830587e-07,6.145367713182414e-08,3.300326088943271e-08,6.907062839704902e-08,1.2094670448461372e-07,0.0,3.4346080009776076e-12,1.2466450398666182e-15,9.101208052595572e-15
7,lbfgs,2079,5963.343999999998,8598.681599999996,2.845148138596156e-07,1.634963373722144e-07,6.144723541897152e-08,3.316098613002172e-08,6.888811582322115e-08,1.2092759052777522e-07,0.0,3.434257967753399e-12,1.2528622831010203e-15,9.076466900276102e-15
7,lbfgs,2089,5963.343999999998,8598.681599999996,2.8446466605632846e-07,1.6344455846696154e-07,6.144094016880878e-08,3.298216259088904e-08,6.902145570726371e-08,1.209292216293238e-07,0.0,3.433914651892484e-12,1.2458516648615056e-15,9.094763449289197e-15
7,lbfgs,2099,5963.343999999998,8598.681599999996,2.84414711908341e-07,1.6341363981508437e-07,6.143455940869851e-08,3.313894835947904e-08,6.88401320469068e-08,1.209101861329175e-07,0.0,3.4335680311000345e-12,1.252031709722147e-15,9.070184408030256e-15
7,lbfgs,2109,5963.343999999998,8598.681599999996,2.843649499990091e-07,1.6336225623760103e-07,6.14282775987392e-08,3.296121578164291e-08,6.897276285721892e-08,1.2091180780065266e-07,0.0,3.433225442499174e-12,1.2450640815173045e-15,9.088383031797864e-15
7,lbfgs,2119,5963.343999999998,8598.681599999996,2.843153788144772e-07,1.6333164219827707e-07,6.142195773570538e-08,3.3117075293555804e-08,6.879260916901587e-08,1.2089285065514926e-07,0.0,3.4328822304068942e-12,1.25120745124932e-15,9.063963513909364e-15
7,lbfgs,2129,5963.343999999998,8598.681599999996,2.842659969667248e-07,1.6328064718730766e-07,6.141569008313488e-08,3.2940418469891246e-08,6.892453863428155e-08,1.2089446381795095e-07,0.0,3.4325404088225304e-12,1.2442822121281524e-15,9.082065284293789e-15
7,lbfgs,2139,5963.343999999998,8598.681599999996,2.8421680297146196e-07,1.6325033225540293e-07,6.140943091948763e-08,3.309536464386164e-08,6.874553669205365e-08,1.2087558475429782e-07,0.0,3.432200593759372e-12,1.2503894182258783e-15,9.057802799797647e-15
7,lbfgs,2149,5963.343999999998,8598.681599999996,2.8416779546853826e-07,1.6319971935906533e-07,6.14031779575996e-08,3.291976871033937e-08,6.887677269112635e-08,1.2087719014729713e-07,0.0,3.431859568662628e-12,1.2435059809251718e-15,9.075808808329254e-15
8,adam,0,8598.681599999996,11598.681599999996,8.705540579425641e-08,6.522259377985623e-08,5.028615922955668e-08,8.771812824037747e-09,6.1646217262618035e-09,2.174086459328541e-08,0.0,2.8569853595942236e-12,3.6118895557562465e-16,8.809225514489274e-16
8,adam,24,8598.681599999996,11598.681599999996,9.077032602330792e-05,6.110099732118142e-05,2.3638113548612565e-08,4.910616118750278e-05,1.1971198020130032e-05,2.966923755664408e-05,0.0,1.3589061975667268e-12,2.050745289242047e-12,1.6875044925014078e-12
8,adam,49,8598.681599999996,11598.681599999996,6.179364079349103e-06,3.89502408271315e-06,2.0714029311578716e-08,3.206027703077538e-06,6.682823503240336e-07,2.284249138274475e-06,0.0,1.1810325971652892e-12,1.3244261009609773e-13,9.519857580535691e-14
8,adam,74,8598.681599999996,11598.681599999996,4.543244764965987e-07,4.299463284740006e-07,2.895295198300036e-08,3.379009537999064e-07,6.309242269109385e-08,2.4287336158761118e-08,0.0,1.649126777843118e-12,1.390059360592641e-14,9.024210462911602e-15
8,adam,99,8598.681599999996,11598.681599999996,3.861456794487803e-07,3.6222306961525184e-07,2.7355502520413e-08,2.851792718349702e-07,4.96882952598686e-08,2.3831803722766115e-08,0.0,1.5584657410388011e-12,1.1737739000142317e-14,7.102256492507717e-15
8,adam,124,8598.681599999996,11598.681599999996,2.8305099856883356e-07,2.623369517980144e-07,2.7172110175276907e-08,1.9886280682587098e-07,3.630203479686653e-08,2.062324229378929e-08,0.0,1.548279040213428e-12,8.183785986834064e-15,5.1890172715018434e-15
8,adam,149,8598.681599999996,11598.681599999996,2.2805590502715406e-07,2.0757721797766144e-07,2.5990172638725088e-08,1.5355066582058114e-07,2.8036379518355214e-08,2.0387883005319433e-08,0.0,1.4812398097813083e-12,6.318609189401253e-15,4.007433597513685e-15
8,adam,174,8598.681599999996,11598.681599999996,1.849377275113997e-07,1.6667794040928995e-07,2.490643041864164e-08,1.2001324341360437e-07,2.1758266577043946e-08,1.8168982994874633e-08,0.0,1.41975482882253e-12,4.938392471514568e-15,3.1097436781382978e-15
8,adam,199,8598.681599999996,11598.681599999996,1.5092103886531148e-07,1.34560838642609e-07,2.3876766985438436e-08,9.386254630185552e-08,1.6821525355315042e-08,1.6269395830484437e-08,0.0,1.3613192097944825e-12,3.862151334397315e-15,2.4038625027351625e-15
8,adam,224,8598.681599999996,11598.681599999996,1.1795510515764102e-07,1.0302277634136228e-07,2.2519674300437717e-08,6.807259141104756e-08,1.2430510629877e-08,1.4841524303129589e-08,0.0,1.2842745702599362e-12,2.800780593174533e-15,1.7760952266602608e-15
8,adam,249,8598.681599999996,11598.681599999996,9.989377877531481e-08,8.61085899281453e-08,2.1712884499062952e-08,5.440844270754711e-08,9.987262721535225e-09,1.369438429216114e-08,0.0,1.238434857933222e-12,2.238399940347021e-15,1.4267598951287355e-15
8,adam,274,8598.681599999996,11598.681599999996,8.504761514788102e-08,7.226949935944165e-08,2.098933064017413e-08,4.3254204850398974e-08,8.025963868868547e-09,1.268731107227473e-08,0.0,1.19731517906872e-12,1.779337711607729e-15,1.1463639062638578e-15
8,adam,299,8598.681599999996,11598.681599999996,7.286579671491295e-08,6.097722061950899e-08,2.0325925057975344e-08,3.4180724562813297e-08,6.47057099872034e-09,1.1797771081663691e-08,0.0,1.159605486254259e-12,1.4059395571965905e-15,9.240183571284259e-16
8,adam,324,8598.681599999996,11598.681599999996,6.293831803591085e-08,5.182649850952974e-08,1.9695183618148416e-08,2.6875295405682723e-08,5.256019485698601e-09,1.1021014088665641e-08,0.0,1.123742693688289e-12,1.1053289531755682e-15,7.504113638923547e-16
8,adam,349,8598.681599999996,11598.681599999996,5.490965117952838e-08,4.447586999474698e-08,1.9097245358016356e-08,2.105459807620555e-08,4.324026560525072e-09,1.0342975216069693e-08,0.0,1.089734225331925e-12,8.658372275724681e-16,6.172032479248769e-16
8,adam,374,8598.681599999996,11598.681599999996,4.846488677067391e-08,3.862258741345673e-08,1.8526349763118858e-08,1.6472156749779235e-08,3.6240809005586373e-09,9.751492776248777e-09,0.0,1.0572528244633565e-12,6.77312269762065e-16,5.171669211817238e-16
8,adam,399,8598.681599999996,11598.681599999996,4.3324943081965185e-08,3.399862838322738e-08,1.7978158109052628e-08,1.290900678412448e-08,3.111463490050269e-09,9.235507453260873e-09,0.0,1.0260524777394977e-12,5.307355814362295e-16,4.4390500515724237e-16
8,adam,424,8598.681599999996,11598.681599999996,3.969192085079408e-08,3.082838637545817e-08,1.7734386775467583e-08,1.03242360101468e-08,2.7697635898437822e-09,8.772726394026926e-09,0.0,1.0122066078836424e-12,4.243971087536576e-16,3.9506677315665627e-16
8,adam,449,8598.681599999996,11598.681599999996,3.646963646666207e-08,2.8010402059038507e-08,1.7238593712144107e-08,8.197730679788656e-09,2.5740776671057443e-09,8.368425512262783e-09,0.0,9.839780652561287e-13,3.3692500582353706e-16,3.6707184913460364e-16
8,adam,474,8598.681599999996,11598.681599999996,3.3942228466024584e-08,2.582044067025088e-08,1.672232793372391e-08,6.6522397049245595e-09,2.445873031602413e-09,8.03097821423218e-09,0.0,9.545755674347065e-13,2.733561130274944e-16,3.4871931220519e-16
8,adam,499,8598.681599999996,11598.681599999996,3.192700501807112e-08,2.4095449367447805e-08,1.6239018006578584e-08,5.503927477623577e-09,2.352503883245646e-09,7.740745488827413e-09,0.0,9.270360385603702e-13,2.26126424242071e-16,3.353492024032025e-16
8,adam,524,8598.681599999996,11598.681599999996,3.02931981751293e-08,2.2713323926960882e-08,1.576964594846166e-08,4.651245834299958e-09,2.292432144199263e-09,7.489063593130727e-09,0.0,9.002822646195677e-13,1.9105610602917866e-16,3.267363381701049e-16
8,adam,549,8598.681599999996,11598.681599999996,2.8944329848924203e-08,2.158552512021019e-08,1.530933714361458e-08,4.01980336406347e-09,2.2563846125321426e-09,7.267993653670107e-09,0.0,8.74039105652871e-13,1.6508376063300825e-16,3.215545250107452e-16
8,adam,574,8598.681599999996,11598.681599999996,2.7807658016537683e-08,2.064462836539822e-08,1.485730076022293e-08,3.5506659309896016e-09,2.2366616741856884e-09,7.072218220617806e-09,0.0,8.482626647021016e-13,1.4578496069394437e-16,3.18703574410454e-16
8,adam,599,8598.681599999996,11598.681599999996,2.682835648492012e-08,1.9839756402462827e-08,1.4412656865429326e-08,3.1996588816099462e-09,2.2274406554235562e-09,6.89778835499571e-09,0.0,8.229037642550344e-13,1.313429667352328e-16,3.1735182897012906e-16
8,adam,624,8598.681599999996,11598.681599999996,2.529657843922067e-08,1.8472576327843043e-08,1.3605093231637023e-08,2.722673522936111e-09,2.1448095732699088e-09,6.733190068634416e-09,0.0,7.768017329140782e-13,1.1174867664340063e-16,3.0556140606483553e-16
8,adam,649,8598.681599999996,11598.681599999996,2.455983519447958e-08,1.7887861619970787e-08,1.3184797171061439e-08,2.555889711231656e-09,2.1471747376776927e-09,6.581161278648978e-09,0.0,7.528455006312958e-13,1.0487615897478652e-16,3.0587822456944877e-16
8,adam,674,8598.681599999996,11598.681599999996,2.3891830318412247e-08,1.7355835767490327e-08,1.277268895178712e-08,2.4196013629141338e-09,2.163545452789074e-09,6.445182065188488e-09,0.0,7.293496059680083e-13,9.926041356448034e-17,3.081846233925672e-16
8,adam,699,8598.681599999996,11598.681599999996,2.3272881404360864e-08,1.6854916327434007e-08,1.2374657162595008e-08,2.3040117984745002e-09,2.1762473663644972e-09,6.327152453834615e-09,0.0,7.066482339133427e-13,9.449788202538465e-17,3.099671283343099e-16
8,adam,724,8598.681599999996,11598.681599999996,2.2690839005550345e-08,1.6378199084243637e-08,1.198437000604582e-08,2.2082237411828734e-09,2.1856053370149423e-09,6.221827202790275e-09,0.0,6.843838422247874e-13,9.055060990721057e-17,3.11271789848888e-16
8,adam,749,8598.681599999996,11598.681599999996,2.2137791342352346e-08,1.5919640882157796e-08,1.1602769900161994e-08,2.127065261499321e-09,2.1898057204964803e-09,6.127337679214387e-09,0.0,6.626111308604939e-13,8.7205792546745e-17,3.1184159433077544e-16
8,adam,774,8598.681599999996,11598.681599999996,2.1608555439887313e-08,1.5475988886636825e-08,1.1229805991750777e-08,2.0560549133722697e-09,2.1901279815137776e-09,6.041753735889576e-09,0.0,6.413282462196636e-13,8.427931574479006e-17,3.1185896434839655e-16
8,adam,799,8598.681599999996,11598.681599999996,2.1099745173663957e-08,1.504532818127407e-08,1.0865332426631532e-08,1.9926800850776496e-09,2.187315669564888e-09,5.963604159189246e-09,0.0,6.205276387632708e-13,8.166781966531252e-17,3.11430133863617e-16
8,adam,824,8598.681599999996,11598.681599999996,2.099721465104384e-08,1.5025449400079404e-08,1.0695203464166226e-08,1.997008886604549e-09,2.3332370493086284e-09,5.880952460790685e-09,0.0,6.108087771308046e-13,8.183498750984176e-17,3.321746826234569e-16
8,adam,849,8598.681599999996,11598.681599999996,2.050035812873789e-08,1.4599841893975972e-08,1.0340355480196468e-08,1.942589054435723e-09,2.316897359343781e-09,5.8097034741969315e-09,0.0,5.905489716317197e-13,7.959380391621427e-17,3.2981661821353107e-16
8,adam,874,8598.681599999996,11598.681599999996,2.0023648371793626e-08,1.4188935401813784e-08,9.993619427024091e-09,1.892207871660837e-09,2.3031081031288555e-09,5.743900221649643e-09,0.0,5.707539306597237e-13,7.751853930496513e-17,3.2782437295671474e-16
8,adam,899,8598.681599999996,11598.681599999996,1.9564329551092796e-08,1.3792863482947284e-08,9.659240703730285e-09,1.8434387137053759e-09,2.290184065511623e-09,5.680653326648473e-09,0.0,5.516650965104267e-13,7.551083543897539e-17,3.25956203547699e-16
8,adam,924,8598.681599999996,11598.681599999996,1.9121199758316914e-08,1.3408986919165069e-08,9.334947684082518e-09,1.7969522073406516e-09,2.2770870277418998e-09,5.621400105328828e-09,0.0,5.331520119864406e-13,7.359799463568901e-17,3.240646885928479e-16
8,adam,949,8598.681599999996,11598.681599999996,1.8693517223401228e-08,1.3037212965162042e-08,9.01912142627119e-09,1.7536094007205146e-09,2.2644821381703373e-09,5.5654915347989995e-09,0.0,5.151222798078811e-13,7.181506249401954e-17,3.222438352120233e-16
8,adam,974,8598.681599999996,11598.681599999996,1.8280719585639317e-08,1.267696232049206e-08,8.712255263341808e-09,1.7130916700026874e-09,2.2516153871475657e-09,5.512944553882222e-09,0.0,4.976037968670493e-13,7.014886249199071e-17,3.203866113485516e-16
8,adam,999,8598.681599999996,11598.681599999996,1.7882336972446914e-08,1.2327985123470949e-08,8.414369286495766e-09,1.6750710059313242e-09,2.2385448310438587e-09,5.463539150459172e-09,0.0,4.80597650392629e-13,6.858583845974921e-17,3.1850125419525816e-16
8,adam,1024,8598.681599999996,11598.681599999996,1.7557347028954942e-08,1.2052730026158464e-08,8.213081325337239e-09,1.6819303233125932e-09,2.157718377508632e-09,5.4138043238387036e-09,0.0,4.691263621250348e-13,6.885955060436746e-17,3.069043443353501e-16
8,adam,1049,8598.681599999996,11598.681599999996,1.7170695087202324e-08,1.1698569547919249e-08,7.919457054283858e-09,1.6537360675217296e-09,2.1253764261136623e-09,5.3813128718071e-09,0.0,4.5235336352866433e-13,6.76969166711701e-17,3.0228702983176705e-16
8,adam,1074,8598.681599999996,11598.681599999996,1.680120192711643e-08,1.136412485372057e-08,7.645173609740306e-09,1.610360547866066e-09,2.1085906961141978e-09,5.346264408120506e-09,0.0,4.366873625013859e-13,6.591659773304465e-17,2.9987783777436133e-16
8,adam,1099,8598.681599999996,11598.681599999996,1.644676294286544e-08,1.1044089833271598e-08,7.379724200288597e-09,1.5727285765294154e-09,2.091637056453586e-09,5.311860442294128e-09,0.0,4.215280339622471e-13,6.437211980566722e-17,2.9744760701165035e-16
8,adam,1124,8598.681599999996,11598.681599999996,1.610623442071583e-08,1.0736763297138074e-08,7.12158726672343e-09,1.5371721946531898e-09,2.0780038357614544e-09,5.278658451916758e-09,0.0,4.0678750967661144e-13,6.291352327256573e-17,2.9548948496382603e-16
8,adam,1149,8598.681599999996,11598.681599999996,1.5778882741631586e-08,1.044117224514125e-08,6.871983713319997e-09,1.504325890224698e-09,2.064862641596556e-09,5.246897818197049e-09,0.0,3.925347272166285e-13,6.156650419138378e-17,2.936024021453753e-16
8,adam,1174,8598.681599999996,11598.681599999996,1.5464143000452105e-08,1.0156635835110206e-08,6.631025665438275e-09,1.4736081214767202e-09,2.0520020481952124e-09,5.216694477571907e-09,0.0,3.78775741756616e-13,6.030720937388933e-17,2.9175609267085494e-16
8,adam,1199,8598.681599999996,11598.681599999996,1.5161525121364215e-08,9.882697456158004e-09,6.398729885609117e-09,1.444880904086093e-09,2.0390866664627946e-09,5.188014964462466e-09,0.0,3.6551134043613614e-13,5.912989704687744e-17,2.899029240350001e-16
8,adam,1224,8598.681599999996,11598.681599999996,1.4798635236417462e-08,9.543488452750208e-09,6.161245190546407e-09,1.4244574837238892e-09,1.9577857784799112e-09,5.164334079361963e-09,0.0,3.519576092090605e-13,5.828244049350236e-17,2.783262493958925e-16
8,adam,1249,8598.681599999996,11598.681599999996,1.4519412575111924e-08,9.289288853801596e-09,5.9463511030482005e-09,1.381739809790222e-09,1.9611979409631742e-09,5.139311015977617e-09,0.0,3.396869843856857e-13,5.653769804956111e-17,2.787824513303126e-16
8,adam,1274,8598.681599999996,11598.681599999996,1.4251600267759468e-08,9.044478041613048e-09,5.739524914346978e-09,1.3552593049812297e-09,1.94969382228484e-09,5.1163095079704455e-09,0.0,3.2787630511829005e-13,5.545465226505698e-17,2.77130003337464e-16
8,adam,1299,8598.681599999996,11598.681599999996,1.3994178652255461e-08,8.80967683783028e-09,5.5409950596824715e-09,1.3333471981450188e-09,1.9353345800027896e-09,5.093689074730338e-09,0.0,3.165391094241843e-13,5.455798533703874e-17,2.7507499974222633e-16
8,adam,1324,8598.681599999996,11598.681599999996,1.3746728209300251e-08,8.583939498608535e-09,5.350672632135793e-09,1.3121637340497293e-09,1.9211031324230126e-09,5.0719759417414995e-09,0.0,3.056703970045897e-13,5.369140992455818e-17,2.7303915696538e-16
8,adam,1349,8598.681599999996,11598.681599999996,1.3508864535609929e-08,8.36711647647629e-09,5.168156284774295e-09,1.2923506606853245e-09,1.9066095310166725e-09,5.050935253755851e-09,0.0,2.9524733970336657e-13,5.288103903671395e-17,2.709672495283593e-16
8,adam,1374,8598.681599999996,11598.681599999996,1.3280219990253072e-08,8.158822956066109e-09,4.993307613689088e-09,1.273457518699793e-09,1.892057823677227e-09,5.030584185406278e-09,0.0,2.8526206368083185e-13,5.210854741145598e-17,2.688880188407722e-16
8,adam,1399,8598.681599999996,11598.681599999996,1.3060438638777097e-08,7.958788159130186e-09,4.825861081857258e-09,1.2555478463659698e-09,1.877379230906958e-09,5.010837580597575e-09,0.0,2.756994356178902e-13,5.137649302122392e-17,2.6679168358445146e-16
8,lbfgs,1400,8598.681599999996,11598.681599999996,1.3010160584067287e-08,7.909288175948831e-09,4.655852712299265e-09,1.2225094022264118e-09,2.030926061423154e-09,5.010059506916217e-09,0.0,2.6594652110102254e-13,5.0035504807471585e-17,2.886857688771752e-16
8,lbfgs,1409,8598.681599999996,11598.681599999996,1.3725819717283555e-08,8.442907645176843e-09,4.6106318863710984e-09,2.1620731907733888e-09,1.6702025680323552e-09,5.1920991707375086e-09,0.0,2.633625022150535e-13,8.818749228387708e-17,2.3776114444203896e-16
8,lbfgs,1419,8598.681599999996,11598.681599999996,1.3068365194021157e-08,7.921461470365121e-09,4.643888899408514e-09,1.1151456618723621e-09,2.1624269090842453e-09,5.0560908224640465e-09,0.0,2.6526265356386045e-13,4.5672925469098733e-17,3.0723785865583464e-16
8,lbfgs,1429,8598.681599999996,11598.681599999996,1.3637515160064485e-08,8.375716385999472e-09,4.603992201629866e-09,2.090131932295233e-09,1.6815922520743743e-09,5.1709858726900945e-09,0.0,2.6298300193920955e-13,8.526602470804573e-17,2.39370147688001e-16
8,lbfgs,1439,8598.681599999996,11598.681599999996,1.3054797215498377e-08,7.907948623547447e-09,4.6352786056722e-09,1.1196426856842233e-09,2.1530273321910243e-09,5.056035690743514e-09,0.0,2.647705568569394e-13,4.585558784940073e-17,3.059105017222966e-16
8,lbfgs,1449,8598.681599999996,11598.681599999996,1.3592095599694455e-08,8.339091403902117e-09,4.596685886645963e-09,2.0553558503543213e-09,1.6870496669018337e-09,5.162191294407753e-09,0.0,2.625654086385021e-13,8.385342323945443e-17,2.401409357410308e-16
8,lbfgs,1459,8598.681599999996,11598.681599999996,1.3044566037432366e-08,7.896594794832367e-09,4.6269852305138e-09,1.1220228234097338e-09,2.1475867409088332e-09,5.057158341378115e-09,0.0,2.642965643379789e-13,4.595219045043683e-17,3.051418017267797e-16
8,lbfgs,1469,8598.681599999996,11598.681599999996,1.3565271147827345e-08,8.315724805611949e-09,4.589133345336069e-09,2.036884174236756e-09,1.6897072860391228e-09,5.158733440819376e-09,0.0,2.621337433308436e-13,8.310276132010034e-17,2.4051615312707916e-16
8,lbfgs,1479,8598.681599999996,11598.681599999996,1.3035823876414896e-08,7.886244009651358e-09,4.61889425041649e-09,1.1233310493776576e-09,2.1440187098572113e-09,5.0587669655276725e-09,0.0,2.638341328360777e-13,4.6005223000765585e-17,3.0463733325323486e-16
8,lbfgs,1489,8598.681599999996,11598.681599999996,1.3546641293455847e-08,8.298187725166174e-09,4.581525100744801e-09,2.0255402178029444e-09,1.691122406618428e-09,5.157640666881468e-09,0.0,2.6169889231680887e-13,8.264148018570502e-17,2.407158138506817e-16
8,lbfgs,1499,8598.681599999996,11598.681599999996,1.302777642355325e-08,7.876393530687127e-09,4.6109486020464854e-09,1.1241009970752153e-09,2.141343931565427e-09,5.0605699916165485e-09,0.0,2.633800022911507e-13,4.6036380775784084e-17,3.042589001392678e-16
8,lbfgs,1509,8598.681599999996,11598.681599999996,1.353173130615032e-08,8.283290806379591e-09,4.573941958183564e-09,2.0173541821133297e-09,1.6919946660826978e-09,5.1576275983500445e-09,0.0,2.6126547294144424e-13,8.23084169813e-17,2.408387571784085e-16
8,lbfgs,1519,8598.681599999996,11598.681599999996,1.3020078979139897e-08,7.86681814920952e-09,4.603118765521029e-09,1.1245957867852958e-09,2.139103596903196e-09,5.062447928667263e-09,0.0,2.629324863901824e-13,4.605636010743993e-17,3.039417569787303e-16
8,lbfgs,1529,8598.681599999996,11598.681599999996,1.3518594971096986e-08,8.269655610054806e-09,4.5664160433896345e-09,2.010615875838386e-09,1.6926236908267852e-09,5.158126459608924e-09,0.0,2.608353211310504e-13,8.203414511969387e-17,2.4092731364987856e-16
8,lbfgs,1539,8598.681599999996,11598.681599999996,1.3012579328069804e-08,7.85741320634914e-09,4.595388240063821e-09,1.124946209528601e-09,2.137078756756719e-09,5.064353220444137e-09,0.0,2.624906426820439e-13,4.607047730101772e-17,3.036550073320893e-16
8,lbfgs,1549,8598.681599999996,11598.681599999996,1.350636999779305e-08,8.256677684861682e-09,4.558958710413667e-09,2.004584181546073e-09,1.6931347929019431e-09,5.158879411485533e-09,0.0,2.604090859635211e-13,8.178857924719526e-17,2.4099918958274895e-16
8,lbfgs,1559,8598.681599999996,11598.681599999996,1.3005208321703376e-08,7.84812781879955e-09,4.587746816254377e-09,1.1252191317027983e-09,2.1351618708423744e-09,5.066267601613988e-09,0.0,2.6205388816832634e-13,4.6081449860684846e-17,3.033834771519393e-16
8,lbfgs,1569,8598.681599999996,11598.681599999996,1.3494663148079916e-08,8.244085168628667e-09,4.551572693915816e-09,1.998932461812089e-09,1.6935800129007627e-09,5.159765077992868e-09,0.0,2.599869240112352e-13,8.15584596579343e-17,2.4106174044620423e-16
8,lbfgs,1579,8598.681599999996,11598.681599999996,1.2997933156847988e-08,7.838935906134573e-09,4.580187477398421e-09,1.1254499632469404e-09,2.1332984654892105e-09,5.068184349410354e-09,0.0,2.616218222532313e-13,4.609071653225739e-17,3.03119481472079e-16
8,lbfgs,1589,8598.681599999996,11598.681599999996,1.3483287287466696e-08,8.231750656794342e-09,4.5442572744608095e-09,1.9935120064267863e-09,1.6939813759067453e-09,5.160723729201473e-09,0.0,2.5956879446850656e-13,8.133774906553973e-17,2.4111808108523e-16
8,lbfgs,1599,8598.681599999996,11598.681599999996,1.2990737281735749e-08,7.829823313045589e-09,4.572704945289378e-09,1.1256580951909428e-09,2.131460272565268e-09,5.070101067373952e-09,0.0,2.6119414365075084e-13,4.609906492178824e-17,3.028590335909213e-16
8,lbfgs,1609,8598.681599999996,11598.681599999996,1.3472148017909947e-08,8.219610663381464e-09,4.53701043956021e-09,1.9882513196343975e-09,1.6943489041868558e-09,5.161724453045151e-09,0.0,2.591545826260907e-13,8.112354425757101e-17,2.41169630192711e-16
8,lbfgs,1619,8598.681599999996,11598.681599999996,1.2983611650781608e-08,7.820781905129391e-09,4.5652949722331594e-09,1.1258544209099949e-09,2.1296325119862373e-09,5.072016844322937e-09,0.0,2.6077060993240407e-13,4.6106937265462404e-17,3.0260005021288547e-16
8,lbfgs,1629,8598.681599999996,11598.681599999996,1.346119415658246e-08,8.207630848228206e-09,4.529829773409446e-09,1.9831131415202646e-09,1.6946879332984951e-09,5.162750406858523e-09,0.0,2.587441507080142e-13,8.091433155515869e-17,2.412171438536123e-16
8,lbfgs,1639,8598.681599999996,11598.681599999996,1.2976550851331055e-08,7.811806754361347e-09,4.5579539784182345e-09,1.1260451380475956e-09,2.127807637895517e-09,5.073931195627419e-09,0.0,2.6035101680786835e-13,4.6114584986688366e-17,3.023414687945547e-16
8,lbfgs,1649,8598.681599999996,11598.681599999996,1.3450395659579447e-08,8.195790783919254e-09,4.5227128144351144e-09,1.9780759761846056e-09,1.695001993299534e-09,5.16379197415211e-09,0.0,2.5833735830132217e-13,8.070923710056825e-17,2.4126112263839455e-16
8,lbfgs,1659,8598.681599999996,11598.681599999996,1.2969551336579287e-08,7.802894729141862e-09,4.5506788538279635e-09,1.1262337595411951e-09,2.1259821157727047e-09,5.075843706082187e-09,0.0,2.5993518680763993e-13,4.6122150443369e-17,3.020827926651088e-16
8,lbfgs,1669,8598.681599999996,11598.681599999996,1.3439733502138539e-08,8.18407714064969e-09,4.515657191702022e-09,1.9731260604548426e-09,1.6952938884928259e-09,5.164843459968463e-09,0.0,2.579340701509438e-13,8.050770093164322e-17,2.4130196421859495e-16
8,lbfgs,1679,8598.681599999996,11598.681599999996,1.2962610591669888e-08,7.794043751903281e-09,4.543466842508929e-09,1.126422222189485e-09,2.1241546872048673e-09,5.0777539383984745e-09,0.0,2.5952296267160977e-13,4.6129711985960885e-17,3.0182384612254575e-16
8,lbfgs,1689,8598.681599999996,11598.681599999996,1.3429194813136935e-08,8.172480506410577e-09,4.508660671804985e-09,1.9682537570215165e-09,1.6955660775840746e-09,5.165901405193711e-09,0.0,2.575341588401638e-13,8.030933062499483e-17,2.413400171458136e-16
8,lbfgs,1699,8598.681599999996,11598.681599999996,1.295572671470342e-08,7.785252384118853e-09,4.536315469731733e-09,1.1266115257491274e-09,2.122325388637992e-09,5.079661429203592e-09,0.0,2.5911420318856027e-13,4.6137309929902757e-17,3.0156463595614386e-16
8,lbfgs,1709,8598.681599999996,11598.681599999996,1.3418770429220491e-08,8.160993842120175e-09,4.501721169193071e-09,1.9634518852363502e-09,1.6958207876907527e-09,5.166963685555451e-09,0.0,2.571375053818463e-13,8.011383356919323e-17,2.4137559701999115e-16
8,lbfgs,1719,8598.681599999996,11598.681599999996,1.2948898194091846e-08,7.776519583973457e-09,4.529222493084085e-09,1.126802111730695e-09,2.120494979158676e-09,5.081565708724618e-09,0.0,2.587087804031537e-13,4.614496194652532e-17,3.013052707057233e-16
8,lbfgs,1729,8598.681599999996,11598.681599999996,1.3408453556578006e-08,8.149611658812774e-09,4.49483674316527e-09,1.95871487074047e-09,1.696060044907034e-09,5.16802899620819e-09,0.0,2.567439990481338e-13,7.992098245915489e-17,2.414089908568629e-16
8,lbfgs,1739,8598.681599999996,11598.681599999996,1.2942123780526172e-08,7.767844558571856e-09,4.5221858675889274e-09,1.1269940937811039e-09,2.118664597201825e-09,5.083466320547793e-09,0.0,2.5830657762426783e-13,4.6152672421305635e-17,3.010459122346708e-16
8,lbfgs,1749,8598.681599999996,11598.681599999996,1.3398238999183155e-08,8.138329551439157e-09,4.488005589815415e-09,1.954038281392007e-09,1.6962856802317346e-09,5.169096546174812e-09,0.0,2.563535369115422e-13,7.973059646049419e-17,2.414404579642015e-16
8,lbfgs,1759,8598.681599999996,11598.681599999996,1.2935402408957536e-08,7.759226671663354e-09,4.515203719563335e-09,1.1271873990145368e-09,2.116835553085482e-09,5.085362835874948e-09,0.0,2.579074879327136e-13,4.616043819282055e-17,3.0078674647411804e-16
8,lbfgs,1769,8598.681599999996,11598.681599999996,1.3388122672122038e-08,8.127143903341712e-09,4.481226032876595e-09,1.94941853473081e-09,1.6964993357343072e-09,5.17016586719903e-09,0.0,2.5596602332312334e-13,7.954252933064098e-17,2.4147023084285776e-16
8,lbfgs,1779,8598.681599999996,11598.681599999996,1.2928733146785298e-08,7.750665384177694e-09,4.508274326103277e-09,1.1273818559914897e-09,2.115009202082927e-09,5.087254861175697e-09,0.0,2.575114130103348e-13,4.6168252123683477e-17,3.0052796553320144e-16
8,lbfgs,1789,8598.681599999996,11598.681599999996,1.3378101288433098e-08,8.116051693092158e-09,4.474496514328455e-09,1.9448527058887108e-09,1.6967024728749926e-09,5.171236693747568e-09,0.0,2.555813693770104e-13,7.9356661613908e-17,2.414985163854267e-16
8,lbfgs,1799,8598.681599999996,11598.681599999996,1.2922115159235812e-08,7.742160216294266e-09,4.501396098482786e-09,1.1275772483060345e-09,2.1131868695054454e-09,5.089142041497004e-09,0.0,2.5711826219268617e-13,4.617610527419916e-17,3.0026975714810556e-16
8,lbfgs,1809,8598.681599999996,11598.681599999996,1.336817214175613e-08,8.105050355519861e-09,4.467815585534263e-09,1.9403383846268726e-09,1.6968963853587262e-09,5.1723088846308485e-09,0.0,2.551994924051543e-13,7.917289482927584e-17,2.4152549771017254e-16
8,lbfgs,1819,8598.681599999996,11598.681599999996,1.2915547685436512e-08,7.733710723217941e-09,4.494567568339068e-09,1.1277733466050445e-09,2.111369808273828e-09,5.091024060761425e-09,0.0,2.5672795168081226e-13,4.618398819995951e-17,3.0001229871420465e-16
8,lbfgs,1829,8598.681599999996,11598.681599999996,1.3358332955208992e-08,8.094137681172102e-09,4.461181898881586e-09,1.935873568559801e-09,1.697082213730715e-09,5.173382372419451e-09,0.0,2.548203155007545e-13,7.899114712674482e-17,2.415513362370826e-16
8,lbfgs,1839,8598.681599999996,11598.681599999996,1.2909030020405654e-08,7.725316479269422e-09,4.487787375846073e-09,1.1279699278309168e-09,2.1095591755924326e-09,5.092900639666516e-09,0.0,2.5634040386655523e-13,4.619189173068073e-17,2.997557540119842e-16
8,lbfgs,1849,8598.681599999996,11598.681599999996,1.3348581766890063e-08,8.08331173629038e-09,4.454594200116349e-09,1.9314565740952696e-09,1.6972609620787608e-09,5.174457128970254e-09,0.0,2.5444376708122595e-13,7.88113496631537e-17,2.4157617405847466e-16
8,lbfgs,1859,8598.681599999996,11598.681599999996,1.2902561502948833e-08,7.716977068411506e-09,4.48105425951039e-09,1.1281667851173286e-09,2.107756023783787e-09,5.094771533055073e-09,0.0,2.559555467504801e-13,4.619980736961587e-17,2.995002719291795e-16
8,lbfgs,1869,8598.681599999996,11598.681599999996,1.3338916856395518e-08,8.072570808989072e-09,4.448051320968005e-09,1.9270859758210137e-09,1.6974335122000538e-09,5.175533145765053e-09,0.0,2.540697804677238e-13,7.8633444133342e-17,2.416001359492763e-16
8,lbfgs,1879,8598.681599999996,11598.681599999996,1.2896141505805588e-08,7.708692077985418e-09,4.474367047139375e-09,1.128363733164963e-09,2.1059612976810794e-09,5.0966365263254085e-09,0.0,2.555733134266968e-13,4.620772750967679e-17,2.9924598610642486e-16
8,lbfgs,1889,8598.681599999996,11598.681599999996,1.3329336682520224e-08,8.061913361485697e-09,4.441552172493569e-09,1.9227605500810578e-09,1.69760063891107e-09,5.176610419381194e-09,0.0,2.5369829350566627e-13,7.845738047222035e-17,2.416233315369054e-16
8,lbfgs,1899,8598.681599999996,11598.681599999996,1.2889769429326824e-08,7.700461095568379e-09,4.4677246478766735e-09,1.128560609561799e-09,2.104175838129906e-09,5.098495432251203e-09,0.0,2.551936416286002e-13,4.6215645485088447e-17,2.9899301544316096e-16
8,lbfgs,1909,8598.681599999996,11598.681599999996,1.3319839841966854e-08,8.05133799658103e-09,4.4350957387800126e-09,1.9184792348545086e-09,1.6977630229465085e-09,5.177688943720572e-09,0.0,2.533292482056649e-13,7.828311521942074e-17,2.41645857129294e-16
8,lbfgs,1919,8598.681599999996,11598.681599999996,1.288344469604874e-08,7.692283706982288e-09,4.461126045021768e-09,1.1287572747853205e-09,2.102400387175199e-09,5.100348087546755e-09,0.0,2.5481647331933636e-13,4.622355556978141e-17,2.9874146483976473e-16
8,lbfgs,1929,8598.681599999996,11598.681599999996,1.331042503902738e-08,8.040843431609429e-09,4.428681071091285e-09,1.9142410979719195e-09,1.697921262546224e-09,5.178768705740802e-09,0.0,2.5296259040979506e-13,7.811061022320714e-17,2.4166779735648534e-16
8,lbfgs,1939,8598.681599999996,11598.681599999996,1.2877166746596978e-08,7.684159495363852e-09,4.454570289553001e-09,1.1289536110576243e-09,2.1006355947532258e-09,5.102194349701001e-09,0.0,2.544417543224022e-13,4.6231452929420235e-17,2.9849142615063506e-16
8,lbfgs,1949,8598.681599999996,11598.681599999996,1.3301091063297272e-08,8.030428478251796e-09,4.422307282426623e-09,1.9100453121681914e-09,1.6980758836569812e-09,5.179849683356452e-09,0.0,2.525982694813055e-13,7.793983162265806e-17,2.4168922661572635e-16
8,lbfgs,1959,8598.681599999996,11598.681599999996,1.2870935037636477e-08,7.67608804147072e-09,4.448056494341692e-09,1.1291495198913413e-09,2.0988820272376873e-09,5.104034094621229e-09,0.0,2.540694339916704e-13,4.6239333520456216e-17,2.982429793975863e-16
8,lbfgs,1969,8598.681599999996,11598.681599999996,1.3291836768938212e-08,8.020092023576746e-09,4.415973542609325e-09,1.905891131155657e-09,1.6982273498117645e-09,5.180931843660588e-09,0.0,2.522362380245829e-13,7.777074887197845e-17,2.4171021047026533e-16
8,lbfgs,1979,8598.681599999996,11598.681599999996,1.286474903915319e-08,7.668068923655916e-09,4.441583828824479e-09,1.1293449203492122e-09,2.0971401744822243e-09,5.105867213940366e-09,0.0,2.53699464907546e-13,4.624719401836113e-17,2.979961937700708e-16
8,lbfgs,1989,8598.681599999996,11598.681599999996,1.328266106080649e-08,8.009833016374808e-09,4.409679073691076e-09,1.9017778723546377e-09,1.6983760703290935e-09,5.1820151427189705e-09,0.0,2.518764516230959e-13,7.760333403565606e-17,2.4173080681031966e-16
8,lbfgs,1999,8598.681599999996,11598.681599999996,1.2858608233019327e-08,7.660101718460644e-09,4.435151514218733e-09,1.1295397467751976e-09,2.0954104574667138e-09,5.107693612989418e-09,0.0,2.5333180260410035e-13,4.62550317245456e-17,2.977511287096157e-16
8,lbfgs,2009,8598.681599999996,11598.681599999996,1.327356289095257e-08,7.99965046139442e-09,4.403423145548318e-09,1.8977049099012503e-09,1.6985224059448517e-09,5.183099527833622e-09,0.0,2.515188685882637e-13,7.743756150128671e-17,2.417510666510081e-16
8,lbfgs,2019,8598.681599999996,11598.681599999996,1.2852512111680385e-08,7.652186001155149e-09,4.42875881912016e-09,1.1297339467829302e-09,2.0936932352520577e-09,5.109513208943639e-09,0.0,2.529664053179973e-13,4.6262844483870464e-17,2.975078348958805e-16
8,lbfgs,2029,8598.681599999996,11598.681599999996,1.3264541245050815e-08,7.9895434065559e-09,4.3972050720953735e-09,1.893671658301562e-09,1.698666676158964e-09,5.184184936758592e-09,0.0,2.511634497435229e-13,7.727340731326431e-17,2.4177103517197374e-16
8,lbfgs,2039,8598.681599999996,11598.681599999996,1.2846460177272628e-08,7.644321346411177e-09,4.4224050555280546e-09,1.1299274792939134e-09,2.0919888115892094e-09,5.111325929267542e-09,0.0,2.5260323376181244e-13,4.627063060429231e-17,2.972663551832334e-16
8,lbfgs,2049,8598.681599999996,11598.681599999996,1.3255595140717393e-08,7.979510939231873e-09,4.391024207592324e-09,1.8896775679987546e-09,1.6988091636407935e-09,5.1852712997374175e-09,0.0,2.5081015821376924e-13,7.711084899038148e-17,2.4179075234137643e-16
8,lbfgs,2059,8598.681599999996,11598.681599999996,1.2840451940879476e-08,7.636507328914346e-09,4.416089575202401e-09,1.1301203128554196e-09,2.090297440856526e-09,5.113131710358931e-09,0.0,2.522422509162766e-13,4.6278388787973654e-17,2.9702672544194893e-16
8,lbfgs,2069,8598.681599999996,11598.681599999996,1.32467236197212e-08,7.969552178277742e-09,4.3848799434112995e-09,1.885722115320386e-09,1.6989501195460562e-09,5.186358539683598e-09,0.0,2.504589592409547e-13,7.694986511571652e-17,2.418102536682755e-16
8,lbfgs,2079,8598.681599999996,11598.681599999996,1.2834486921746284e-08,7.628743523835996e-09,4.409811766332865e-09,1.1303124242453951e-09,2.0886193332577366e-09,5.114930496291822e-09,0.0,2.51883421840302e-13,4.6286118074131764e-17,2.967889752945893e-16
8,lbfgs,2089,8598.681599999996,11598.681599999996,1.323792575109249e-08,7.959666274451666e-09,4.378771704836033e-09,1.8818048035619834e-09,1.6990897660536497e-09,5.187446574869219e-09,0.0,2.5010982000155393e-13,7.67904353787833e-17,2.418295705622308e-16
8,lbfgs,2099,8598.681599999996,11598.681599999996,1.2828564647299326e-08,7.621029507603107e-09,4.403571050526694e-09,1.130503796803461e-09,2.0869546602729533e-09,5.1167222380655055e-09,0.0,2.515267134992013e-13,4.629381777083244e-17,2.965531288876011e-16
8,lbfgs,2109,8598.681599999996,11598.681599999996,1.322920062043143e-08,7.949852400858464e-09,4.372698948467052e-09,1.877925150828561e-09,1.6992283015628507e-09,5.188535317789632e-09,0.0,2.497627094586047e-13,7.663254008053598e-17,2.41848731068315e-16
8,lbfgs,2119,8598.681599999996,11598.681599999996,1.2822684651736798e-08,7.613364857830426e-09,4.397366879987885e-09,1.1306944200341406e-09,2.0853035578084e-09,5.11850689226343e-09,0.0,2.511720946038037e-13,4.630148743853576e-17,2.963192053379272e-16
8,lbfgs,2129,8598.681599999996,11598.681599999996,1.322054733579122e-08,7.940109755871988e-09,4.366661159467208e-09,1.874082694445223e-09,1.6993659019595572e-09,5.189624678124187e-09,0.0,2.494175982045977e-13,7.647616031103584e-17,2.418677600469368e-16
8,lbfgs,2139,8598.681599999996,11598.681599999996,1.281684647720812e-08,7.60574915452616e-09,4.391198735077668e-09,1.1308842875288157e-09,2.0836661319196757e-09,5.1202844210268114e-09,0.0,2.508195354713333e-13,4.630912680537718e-17,2.9608721954226504e-16
8,lbfgs,2149,8598.681599999996,11598.681599999996,1.3211965019399471e-08,7.930437555806613e-09,4.360657849395384e-09,1.870276981750232e-09,1.6995027246609966e-09,5.190714561786118e-09,0.0,2.490744583379501e-13,7.632127757466638e-17,2.4188667974578876e-16
9,adam,0,11598.681599999996,14598.681599999996,4.269684795766928e-09,3.135971715478675e-09,5.199196374663949e-11,1.514445683879531e-09,1.5695340678525047e-09,1.0453239051595584e-09,0.0,2.973143718829331e-15,6.118845256250025e-17,2.2023204535468294e-16
9,adam,24,11598.681599999996,14598.681599999996,4.135332468051603e-05,3.404653521734806e-05,4.4080104930785694e-08,2.763169567743119e-05,6.370759434986087e-06,7.306701591120359e-06,0.0,2.5406515328530316e-12,1.1275650295031563e-12,8.845825998503036e-13
9,adam,49,11598.681599999996,14598.681599999996,1.2700990977947415e-05,7.23440832661709e-06,1.5856908725535208e-08,5.88074782831851e-06,1.3378035895730448e-06,5.4664949910019e-06,0.0,9.092727073235567e-13,2.3858223499694537e-13,1.869067711529563e-13
9,adam,74,11598.681599999996,14598.681599999996,1.220439880513641e-06,1.2114486497828138e-06,1.1442768226505314e-08,9.801555976408873e-07,2.1985028391542127e-07,8.90359950311266e-09,0.0,6.534392140095874e-13,3.958267201148307e-14,3.086215335741385e-14
9,adam,99,11598.681599999996,14598.681599999996,9.202970390958927e-07,7.950251023726607e-07,7.73360556674266e-09,6.463200971234901e-07,1.4097139968242802e-07,1.2518431690612151e-07,0.0,4.4187057511604055e-13,2.612841096958524e-14,1.9765081858839594e-14
9,adam,124,11598.681599999996,14598.681599999996,6.747058773409508e-07,6.32434891025101e-07,6.276265899022889e-09,5.124547315628845e-07,1.1370389356319356e-07,4.2183370481041935e-08,0.0,3.585108389895256e-13,2.0708984929447288e-14,1.5947878984556616e-14
9,adam,149,11598.681599999996,14598.681599999996,5.097206511344235e-07,4.797878892137274e-07,4.934808386546935e-09,3.8874002493507557e-07,8.611305589210496e-08,2.984514747509396e-08,0.0,2.8185086716288567e-13,1.5707130034142975e-14,1.2078930700790327e-14
9,adam,174,11598.681599999996,14598.681599999996,3.749523769012838e-07,3.555542195920218e-07,3.7933244252585875e-09,2.8766116739069683e-07,6.409972777606637e-08,1.931054216305006e-08,0.0,2.1663107771144902e-13,1.1621123174333142e-14,8.99210959701406e-15
9,adam,199,11598.681599999996,14598.681599999996,2.6917489444165387e-07,2.5435994094648727e-07,2.8451212759150886e-09,2.0561328359932496e-07,4.590153607124722e-08,1.4727336086652549e-08,0.0,1.6247021045329196e-13,8.305783034966028e-15,6.4393121807853565e-15
9,adam,224,11598.681599999996,14598.681599999996,1.8781433951950278e-07,1.7760269174066596e-07,2.1263568294591924e-09,1.434282011350289e-07,3.204813377617789e-08,1.0124026904144369e-08,0.0,1.2142656039599604e-13,5.793152621762681e-15,4.495898593640081e-15
9,adam,249,11598.681599999996,14598.681599999996,1.3156169409789602e-07,1.2404116832166372e-07,1.6147902941820213e-09,9.985233693157512e-08,2.2574041095906573e-08,7.432901026201544e-09,0.0,9.221171050594372e-14,4.0328107830255916e-15,3.1668601205383304e-15
9,adam,274,11598.681599999996,14598.681599999996,9.151509616250061e-08,8.605540431367338e-08,1.2411660146316574e-09,6.895248887658669e-08,1.5861749422455038e-08,5.372063198372259e-09,0.0,7.087620894784614e-14,2.784700504553957e-15,2.225178741754117e-15
9,adam,299,11598.681599999996,14598.681599999996,6.378620561129794e-08,5.977514232121352e-08,9.831585540452204e-10,4.755480093871189e-08,1.1237182828456408e-08,3.923430992862436e-09,0.0,5.6144927669382636e-14,1.920474737784934e-15,1.5763700051141452e-15
9,adam,324,11598.681599999996,14598.681599999996,4.5051896733436954e-08,4.201111963535105e-08,8.109972643709542e-10,3.3071271473917226e-08,8.128850897062867e-09,2.9531415770714092e-09,0.0,4.631644877420342e-14,1.3355344742338133e-15,1.1402837737374273e-15
9,adam,349,11598.681599999996,14598.681599999996,3.262982668363859e-08,3.023442651024182e-08,7.006273459768762e-10,2.345586375134006e-08,6.0779354129248865e-09,2.3077619270512418e-09,0.0,4.0016378934611015e-14,9.472131983830859e-16,8.525559912539198e-16
9,adam,374,11598.681599999996,14598.681599999996,2.4486691458137146e-08,2.251688380230888e-08,6.315938675920668e-10,1.7146736793059832e-08,4.7385531416569845e-09,1.882167190304992e-09,0.0,3.6076337486844333e-14,6.924207695511233e-16,6.646594272048359e-16
9,adam,399,11598.681599999996,14598.681599999996,1.9160921702167013e-08,1.7473620695399054e-08,5.883594617625454e-10,1.3022058635076784e-08,3.8632025985597235e-09,1.599658793226867e-09,0.0,3.3608974251723334e-14,5.258471706307969e-16,5.418669214330256e-16
9,adam,424,11598.681599999996,14598.681599999996,1.503140501061192e-08,1.3656860937289313e-08,5.54453298478006e-10,9.851985191583948e-09,3.2504224472273596e-09,1.2869008228265503e-09,0.0,3.167414260359383e-14,3.9783381894117576e-16,4.559057654323648e-16
9,adam,449,11598.681599999996,14598.681599999996,1.2917882429725029e-08,1.1641667235858987e-08,5.336819904893759e-10,8.240481045666751e-09,2.867504199702858e-09,1.188571318467081e-09,0.0,3.0488433329098503e-14,3.327514836144557e-16,4.0219287772067724e-16
9,adam,474,11598.681599999996,14598.681599999996,1.1424700495975614e-08,1.0238320108593379e-08,5.154264196149338e-10,7.115639855235828e-09,2.607253833742618e-09,1.0987360717085063e-09,0.0,2.944614473508275e-14,2.873222129438365e-16,3.6568951729568184e-16
9,adam,499,11598.681599999996,14598.681599999996,1.0307742968737082e-08,9.189898496984034e-09,4.984306050737291e-10,6.288541197481875e-09,2.4029266944284306e-09,1.0301998628136028e-09,0.0,2.847553979770548e-14,2.5391758181641153e-16,3.3702849743881555e-16
9,adam,524,11598.681599999996,14598.681599999996,9.422637732010356e-09,8.364608455809734e-09,4.809386256813861e-10,5.650290219435724e-09,2.2333796106926224e-09,9.703844884122742e-10,0.0,2.747645100575577e-14,2.2814007719011614e-16,3.1324496888187134e-16
9,adam,549,11598.681599999996,14598.681599999996,8.685392974234589e-09,7.679609798044492e-09,4.6305351926799627e-10,5.129456986969733e-09,2.0870992918067625e-09,9.181382966344805e-10,0.0,2.645482039029662e-14,2.0710468003857934e-16,2.927243962584026e-16
9,adam,574,11598.681599999996,14598.681599999996,8.047950768790563e-09,7.088958897539852e-09,4.447802610424706e-10,4.687850867878229e-09,1.9563277686191525e-09,8.713469645874747e-10,0.0,2.5410970808077123e-14,1.8926908622956947e-16,2.743788206176807e-16
9,adam,599,11598.681599999996,14598.681599999996,7.483179613968358e-09,6.566782182502927e-09,4.263158835146895e-10,4.303423786301977e-09,1.83704251268626e-09,8.287525442418077e-10,0.0,2.4356180451644325e-14,1.7374286819195885e-16,2.576442326529123e-16
9,adam,624,11598.681599999996,14598.681599999996,6.6839419539240706e-09,5.786331185000656e-09,4.1600404349026266e-10,3.753282444172606e-09,1.6170446973377875e-09,8.099656808896757e-10,0.0,2.3766796025764234e-14,1.5152480884075257e-16,2.2678413073862467e-16
9,adam,649,11598.681599999996,14598.681599999996,6.241632337147217e-09,5.392016715270715e-09,3.981416522855434e-10,3.4591694604988894e-09,1.534705602486282e-09,7.61970325893897e-10,0.0,2.2746480068565708e-14,1.3964754144829403e-16,2.1523496244741904e-16
9,adam,674,11598.681599999996,14598.681599999996,5.856361804816758e-09,5.03966030045742e-09,3.8064842897987156e-10,3.203278878309841e-09,1.455732993167708e-09,7.290561226274525e-10,0.0,2.1747219732719465e-14,1.2931335924434098e-16,2.0415688852403283e-16
9,adam,699,11598.681599999996,14598.681599999996,5.512324357461126e-09,4.727735741888333e-09,3.630352551898212e-10,2.9820542775067524e-09,1.3826462091917594e-09,6.969432414115042e-10,0.0,2.0741084026463443e-14,1.2037894770736177e-16,1.9390373845823163e-16
9,adam,724,11598.681599999996,14598.681599999996,5.201488324378482e-09,4.44517391737589e-09,3.4578477861669047e-10,2.7858005629174276e-09,1.313588575841772e-09,6.686690993879305e-10,0.0,1.975565420068033e-14,1.1245283677849575e-16,1.8421541432077052e-16
9,adam,749,11598.681599999996,14598.681599999996,4.9193179442075425e-09,4.1892521800700655e-09,3.290864266095909e-10,2.6111167872781237e-09,1.2490489661823513e-09,6.424205601900053e-10,0.0,1.8801758151291848e-14,1.0539771460115792e-16,1.7516067235089683e-16
9,adam,774,11598.681599999996,14598.681599999996,4.662784154877397e-09,3.9569683897688745e-09,3.1308202233068795e-10,2.4549102224663535e-09,1.1889761449718333e-09,6.181706893397968e-10,0.0,1.788750042436233e-14,9.908870539254765e-17,1.6673244773867921e-16
9,adam,799,11598.681599999996,14598.681599999996,4.429523316181553e-09,3.746136490803029e-09,2.9783660472047096e-10,2.3150789438741145e-09,1.1332209422084442e-09,5.957418952848554e-10,0.0,1.7016598114132235e-14,9.344093571407918e-17,1.5890987574264906e-16
9,adam,824,11598.681599999996,14598.681599999996,4.437154230517517e-09,3.779972614234156e-09,2.9463318363030333e-10,2.3163773279852313e-09,1.1689621026186215e-09,5.695367659328767e-10,0.0,1.6834412646484632e-14,9.34884877961405e-17,1.6391746552339252e-16
9,adam,849,11598.681599999996,14598.681599999996,4.2041085846947845e-09,3.561771151056966e-09,2.807153557689943e-10,2.1722935594344404e-09,1.1087622358535318e-09,5.546926709871402e-10,0.0,1.603929896605244e-14,8.766950571087417e-17,1.5547241779927134e-16
9,adam,874,11598.681599999996,14598.681599999996,3.995122467015077e-09,3.372845191869891e-09,2.6804547692184675e-10,2.0486895515290328e-09,1.0561101634190111e-09,5.346326426219527e-10,0.0,1.5315472929055734e-14,8.267724723646373e-17,1.480855765368597e-16
9,adam,899,11598.681599999996,14598.681599999996,3.807674999470226e-09,3.2032386858742505e-09,2.5603816441354355e-10,1.9399075867248433e-09,1.0072929347358637e-09,5.167918410159628e-10,0.0,1.462949710177775e-14,7.828344891168521e-17,1.4123663597168821e-16
9,adam,924,11598.681599999996,14598.681599999996,3.639437021767771e-09,3.0511680942803233e-09,2.4465216458916375e-10,1.8440082160103225e-09,9.62507713680837e-10,5.00624633520108e-10,0.0,1.3979016933025033e-14,7.440981686995639e-17,1.349532472920853e-16
9,adam,949,11598.681599999996,14598.681599999996,3.4882984585048928e-09,2.914518105644963e-09,2.3386081353403337e-10,1.7590992391864428e-09,9.215580529244871e-10,4.861362512767534e-10,0.0,1.336251012062885e-14,7.097995519200924e-17,1.292078930092133e-16
9,adam,974,11598.681599999996,14598.681599999996,3.3523381139797104e-09,2.791801994629537e-09,2.2366633956553984e-10,1.683941815448396e-09,8.841938396156012e-10,4.728922221518718e-10,0.0,1.2780103231877419e-14,6.7943840740244e-17,1.2396548276046597e-16
9,adam,999,11598.681599999996,14598.681599999996,3.229806148878005e-09,2.681344297761866e-09,2.1404995321128684e-10,1.617245013709489e-09,8.500493308410902e-10,4.6081816978210515e-10,0.0,1.223072252034903e-14,6.524935188711028e-17,1.1917471728294326e-16
9,adam,1024,11598.681599999996,14598.681599999996,3.3217200739800884e-09,2.8182413784869257e-09,2.1516440567186395e-10,1.6790986629578117e-09,9.239783098572503e-10,4.158354120629883e-10,0.0,1.2294407770610393e-14,6.774131744909879e-17,1.295331633601523e-16
9,adam,1049,11598.681599999996,14598.681599999996,4.065105605679623e-06,2.6085255645693875e-06,1.8849863405606042e-09,2.1037551125914796e-06,5.028854656373473e-07,1.4564924013503684e-06,0.0,1.0790472289767535e-13,8.509484438420213e-14,7.020721751265536e-14
9,adam,1074,11598.681599999996,14598.681599999996,9.02566420720755e-08,8.510143230132776e-08,7.592177595123265e-10,6.981582037873658e-08,1.4526394163078845e-08,5.067627887025362e-09,0.0,4.3356111470497246e-14,2.81733460529346e-15,2.035018567925434e-15
9,adam,1099,11598.681599999996,14598.681599999996,6.271295940902601e-08,4.660228779241157e-08,4.277268902387003e-10,3.865213881328276e-08,7.52242208889011e-09,1.6023089181903663e-08,0.0,2.443099646549509e-14,1.559725518100119e-15,1.0534334302598808e-15
9,adam,1124,11598.681599999996,14598.681599999996,1.611756124662448e-08,1.3846887163046754e-08,2.3311272144795743e-10,1.1158400224774643e-08,2.4553742168241535e-09,2.183083238651523e-09,0.0,1.331496370885818e-14,4.501039241222383e-16,3.4387047990095547e-16
9,adam,1149,11598.681599999996,14598.681599999996,6.398345348527382e-09,5.537477485511124e-09,1.804925517295284e-10,4.092158064380593e-09,1.2648268694010023e-09,7.732717923440753e-10,0.0,1.031247158830608e-14,1.6502785578528772e-16,1.7715255566386862e-16
9,adam,1174,11598.681599999996,14598.681599999996,3.9462874835535766e-09,3.1454047941665244e-09,1.7183710670475488e-10,2.072562018173091e-09,9.010056692886785e-10,7.132843572618687e-10,0.0,9.819390211237057e-15,8.357948965770073e-17,1.2622806110343784e-16
9,adam,1199,11598.681599999996,14598.681599999996,3.1592897197791537e-09,2.5383453673820584e-09,1.7295616515562498e-10,1.5411847561782303e-09,8.242044460482034e-10,5.333452447696723e-10,0.0,9.88357244858028e-15,6.21531546317079e-17,1.1549239351261264e-16
9,adam,1224,11598.681599999996,14598.681599999996,2.7674333994409414e-09,2.1945329627873305e-09,1.6257954393151316e-10,1.3027324085917212e-09,7.292210102640963e-10,4.853011564025258e-10,0.0,9.290497080813184e-15,5.253566842894006e-17,1.0218964781933383e-16
9,adam,1249,11598.681599999996,14598.681599999996,2.5932427749688414e-09,2.0407815637127236e-09,1.5909987233644576e-10,1.1951366208685726e-09,6.865450705077053e-10,4.6486195183970173e-10,0.0,9.091629040145399e-15,4.819561670190913e-17,9.621301776612625e-17
9,adam,1274,11598.681599999996,14598.681599999996,2.4838051718452614e-09,1.9492091040279885e-09,1.5330009070568708e-10,1.1393703702128726e-09,6.565386431094287e-10,4.469968969483954e-10,0.0,8.760206533581469e-15,4.5944851754931434e-17,9.200871844314538e-17
9,adam,1299,11598.681599999996,14598.681599999996,2.4014293880698415e-09,1.884235364965113e-09,1.471283681859777e-10,1.1044254241754456e-09,6.326815726036894e-10,4.2959497861104404e-10,0.0,8.407541552986195e-15,4.453345880838736e-17,8.866460834436898e-17
9,adam,1324,11598.681599999996,14598.681599999996,2.3329377557107322e-09,1.8295946335347856e-09,1.4086828367891107e-10,1.0776508514113277e-09,6.110754984445468e-10,4.157442296733457e-10,0.0,8.049838601430377e-15,4.345156513777099e-17,8.563535180138528e-17
9,adam,1349,11598.681599999996,14598.681599999996,2.273216102632514e-09,1.7817619301883457e-09,1.3488571171525067e-10,1.0551216083645474e-09,5.917546101085477e-10,4.0385545000561804e-10,0.0,7.707996276411122e-15,4.254096429400821e-17,8.292608086257399e-17
9,adam,1374,11598.681599999996,14598.681599999996,2.219891178381259e-09,1.7386493754626262e-09,1.2929605370174317e-10,1.0351015489605342e-09,5.742517728003489e-10,3.936432639362086e-10,0.0,7.388605095673965e-15,4.173168251149638e-17,8.047152269449536e-17
9,adam,1399,11598.681599999996,14598.681599999996,2.1716114302230034e-09,1.6993168129441922e-09,1.241580055015893e-10,1.0167839092566549e-09,5.58374898185948e-10,3.8469627219187255e-10,0.0,7.095016659339967e-15,4.0991189199308193e-17,7.824483956460208e-17
9,lbfgs,1400,11598.681599999996,14598.681599999996,2.1719635737866897e-09,1.6998898800650146e-09,1.2623705814952997e-10,1.0193068834551649e-09,5.543459384603199e-10,3.8447535660071126e-10,0.0,7.213629241558868e-15,4.1092831800525985e-17,7.767699134632629e-17
9,lbfgs,1409,11598.681599999996,14598.681599999996,2.7217750442109477e-09,1.9271162188917856e-09,1.2407516564183812e-10,1.2506288102688814e-09,5.524122429810662e-10,7.070604883939071e-10,0.0,7.090143431184855e-15,5.041659217817201e-17,7.739327609361051e-17
9,lbfgs,1419,11598.681599999996,14598.681599999996,2.17143312572168e-09,1.7141856501323823e-09,1.2577422149887296e-10,1.0338242774018436e-09,5.545871512316657e-10,3.6964913848454805e-10,0.0,7.187187642394919e-15,4.1677957674363625e-17,7.771048575097805e-17
9,lbfgs,1429,11598.681599999996,14598.681599999996,2.3646325654907213e-09,1.7437239179966328e-09,1.2446371006147085e-10,1.0904394478734279e-09,5.288207600617341e-10,5.333103105196193e-10,0.0,7.112334778002454e-15,4.396051439625605e-17,7.409691359933712e-17
9,lbfgs,1439,11598.681599999996,14598.681599999996,2.1669260166444584e-09,1.7062709320762001e-09,1.25468924326018e-10,1.030750013278803e-09,5.500519944713792e-10,3.7305674748797795e-10,0.0,7.169748854462833e-15,4.155402685311716e-17,7.707519272955258e-17
9,lbfgs,1449,11598.681599999996,14598.681599999996,2.2826820803616504e-09,1.707971094069355e-09,1.2445650626805658e-10,1.057286782442959e-09,5.262278053583396e-10,4.871126493137671e-10,0.0,7.111922087263432e-15,4.26242128000823e-17,7.373542853655783e-17
9,lbfgs,1459,11598.681599999996,14598.681599999996,2.165178815081894e-09,1.7034733610079857e-09,1.2521908247091708e-10,1.0301465672860728e-09,5.481077112509959e-10,3.741071170147763e-10,0.0,7.155477634705863e-15,4.152960140298055e-17,7.68027186568988e-17
9,lbfgs,1469,11598.681599999996,14598.681599999996,2.2607539460984853e-09,1.6992299080713043e-09,1.2430955005314968e-10,1.0492679519456365e-09,5.25652406072518e-10,4.739257010608857e-10,0.0,7.103527226960623e-15,4.2300878737550043e-17,7.365514967309988e-17
9,lbfgs,1479,11598.681599999996,14598.681599999996,2.1640819831882365e-09,1.702175453998433e-09,1.2499264197917688e-10,1.0301073173418654e-09,5.470754946773909e-10,3.7430819215081675e-10,0.0,7.142543086069914e-15,4.152788702117449e-17,7.66579689722132e-17
9,lbfgs,1489,11598.681599999996,14598.681599999996,2.25318298104787e-09,1.6961571131429596e-09,1.2412604071851661e-10,1.0467858829633294e-09,5.252451894611136e-10,4.694275309557544e-10,0.0,7.093044587041764e-15,4.2200697125157103e-17,7.359808873835766e-17
9,lbfgs,1499,11598.681599999996,14598.681599999996,2.1631600421125026e-09,1.7013053626130135e-09,1.2477794944694885e-10,1.0301498909354657e-09,5.463775222305989e-10,3.7425634248036816e-10,0.0,7.130279556571508e-15,4.1529460440867876e-17,7.656002612936618e-17
9,lbfgs,1509,11598.681599999996,14598.681599999996,2.249389359718748e-09,1.6945034043992978e-09,1.2393663366332143e-10,1.0456668089530458e-09,5.248999617829304e-10,4.672876183888209e-10,0.0,7.082225081382951e-15,4.2155448034548195e-17,7.354961848134572e-17
9,lbfgs,1519,11598.681599999996,14598.681599999996,2.1622966942541202e-09,1.700570105296109e-09,1.2457080128743638e-10,1.030174868480284e-09,5.458244355283884e-10,3.741282519586618e-10,0.0,7.118446923332613e-15,4.15303207492802e-17,7.648237360721005e-17
9,lbfgs,1529,11598.681599999996,14598.681599999996,2.24674660180651e-09,1.6932835346144192e-09,1.2374892481329955e-10,1.0449300502400154e-09,5.246045595611044e-10,4.658647302804022e-10,0.0,7.071502549435695e-15,4.21256062741711e-17,7.350809868641848e-17
9,lbfgs,1539,11598.681599999996,14598.681599999996,2.1614605682156456e-09,1.69988838923505e-09,1.243694458977708e-10,1.0301708902752805e-09,5.453480530619988e-10,3.739738420009706e-10,0.0,7.106945124802532e-15,4.1530012290827397e-17,7.641546416458056e-17
9,lbfgs,1549,11598.681599999996,14598.681599999996,2.2445421506794967e-09,1.6922344876422172e-09,1.2356457181939466e-10,1.044323258776848e-09,5.243466570459743e-10,4.647093261446741e-10,0.0,7.0609716611512854e-15,4.2101001784566675e-17,7.347182116258391e-17
9,lbfgs,1559,11598.681599999996,14598.681599999996,2.160641790502663e-09,1.6992348318950108e-09,1.2417299900211358e-10,1.0301426598338597e-09,5.449191730590374e-10,3.738086216477182e-10,0.0,7.0957236450170585e-15,4.152872558365631e-17,7.635520885221475e-17
9,lbfgs,1569,11598.681599999996,14598.681599999996,2.2425532846208547e-09,1.6912729932508343e-09,1.233838189748472e-10,1.0437730813226234e-09,5.241160929533637e-10,4.6368195449655505e-10,0.0,7.05064636364272e-15,4.2078678650064514e-17,7.343936877121726e-17
9,lbfgs,1579,11598.681599999996,14598.681599999996,2.1598364702292556e-09,1.6985997416085863e-09,1.2398093232018307e-10,1.0300958967284177e-09,5.445229125599854e-10,3.736383916803999e-10,0.0,7.084752305023074e-15,4.152669165816877e-17,7.629952364465643e-17
9,lbfgs,1589,11598.681599999996,14598.681599999996,2.2406943555395944e-09,1.6903661422236126e-09,1.2320659551311524e-10,1.0432538755567745e-09,5.239056711537228e-10,4.6272987646168385e-10,0.0,7.040522611120067e-15,4.2057603756216655e-17,7.340973605253745e-17
9,lbfgs,1599,11598.681599999996,14598.681599999996,2.1590426573233596e-09,1.6979784831236451e-09,1.237928882094022e-10,1.0300350121296673e-09,5.441505827845756e-10,3.7346583727909006e-10,0.0,7.074010674270896e-15,4.1524088623695885e-17,7.624719179792199e-17
9,lbfgs,1609,11598.681599999996,14598.681599999996,2.2389242492095872e-09,1.6894977286531564e-09,1.230327716168958e-10,1.0427545249221556e-09,5.237104321141049e-10,4.618281837213146e-10,0.0,7.030592986481057e-15,4.203732932551804e-17,7.338222953459965e-17
9,lbfgs,1619,11598.681599999996,14598.681599999996,2.158259181830683e-09,1.6973684203596857e-09,1.2360860237574892e-10,1.0299632143642745e-09,5.437966036196624e-10,3.732924245700012e-10,0.0,7.063483655279399e-15,4.152104601247768e-17,7.61974318345687e-17
9,lbfgs,1629,11598.681599999996,14598.681599999996,2.237219703049714e-09,1.688658430047e-09,1.2286221497391584e-10,1.04226932936406e-09,5.235268857090242e-10,4.609629361867895e-10,0.0,7.0208499310913264e-15,4.201762581296968e-17,7.335636101521029e-17
9,lbfgs,1639,11598.681599999996,14598.681599999996,2.1574852619164035e-09,1.6967678918981033e-09,1.23427867255567e-10,1.0298828783165995e-09,5.434571463259366e-10,3.731190331369198e-10,0.0,7.053159391666907e-15,4.1517659705791894e-17,7.614970751123655e-17
9,lbfgs,1649,11598.681599999996,14598.681599999996,2.2355663021968e-09,1.6878424017051534e-09,1.226948017788638e-10,1.0417951104034201e-09,5.233524895228696e-10,4.601255636949195e-10,0.0,7.011286372868882e-15,4.1998365253151963e-17,7.333177476280927e-17
9,lbfgs,1659,11598.681599999996,14598.681599999996,2.156720339506995e-09,1.6961757884641174e-09,1.2325051272905187e-10,1.0297958181676433e-09,5.431294575674224e-10,3.7294621418110384e-10,0.0,7.04302816630127e-15,4.1514002945481447e-17,7.610363317687167e-17
9,lbfgs,1669,11598.681599999996,14598.681599999996,2.23395468272021e-09,1.687045800460689e-09,1.2253041814315804e-10,1.0413300516308395e-09,5.231853306866914e-10,4.5931054548199735e-10,0.0,7.00189580660998e-15,4.197947454257238e-17,7.330820307375061e-17
9,lbfgs,1679,11598.681599999996,14598.681599999996,2.155963995942265e-09,1.6955913400641438e-09,1.2307639505559612e-10,1.0297034563506214e-09,5.428114886579263e-10,3.727743190359477e-10,0.0,7.0330817691565215e-15,4.1510133154768365e-17,7.605892186196449e-17
9,lbfgs,1689,11598.681599999996,14598.681599999996,2.2323785941060735e-09,1.6862660196553224e-09,1.2236895962938414e-10,1.0408731263140508e-09,5.230239337118875e-10,4.5851423769243556e-10,0.0,6.992672267269476e-15,4.1960912379449195e-17,7.328543941802198e-17
9,lbfgs,1699,11598.681599999996,14598.681599999996,2.1552159030205686e-09,1.6950139946281201e-09,1.2290539004592781e-10,1.0296069275882082e-09,5.425016769939841e-10,3.7260357156987043e-10,0.0,7.023313107217165e-15,4.1506096138723844e-17,7.601535467416179e-17
9,lbfgs,1709,11598.681599999996,14598.681599999996,2.2308337730240303e-09,1.6855012433480418e-09,1.2221033048485053e-10,1.0404237719660797e-09,5.228671408971117e-10,4.577341929368864e-10,0.0,6.983610286096064e-15,4.1942656153753453e-17,7.326332172282338e-17
9,lbfgs,1719,11598.681599999996,14598.681599999996,2.154475792241484e-09,1.6944433424581324e-09,1.2273738855234957e-10,1.0295071454051017e-09,5.42198808500681e-10,3.7243411298036533e-10,0.0,7.013715946818094e-15,4.1501928770170194e-17,7.597276153612647e-17
9,lbfgs,1729,11598.681599999996,14598.681599999996,2.229317243720305e-09,1.6847501703579915e-09,1.220544428367012e-10,1.0399816934677186e-09,5.227140340535715e-10,4.569687366424302e-10,0.0,6.974704844596729e-15,4.192469401659716e-17,7.324172142932403e-17
9,lbfgs,1739,11598.681599999996,14598.681599999996,2.1537434354389568e-09,1.6938790691362033e-09,1.2257229333234077e-10,1.0294048486487555e-09,5.419019271551072e-10,3.7226602951935755e-10,0.0,7.004284734447259e-15,4.14976608684368e-17,7.593100851491432e-17
9,lbfgs,1749,11598.681599999996,14598.681599999996,2.2278268672983393e-09,1.6840118373926289e-09,1.219012159123701e-10,1.0395467410139354e-09,5.225638804663232e-10,4.5621669320505174e-10,0.0,6.965951329965036e-15,4.190701996416415e-17,7.322053593619243e-17
9,lbfgs,1759,11598.681599999996,14598.681599999996,2.153018632246676e-09,1.693320924932649e-09,1.2241001677193702e-10,1.029300635731946e-09,5.41610272428766e-10,3.7209937055022056e-10,0.0,6.9950144666700635e-15,4.149331658234209e-17,7.588998906065493e-17
9,lbfgs,1769,11598.681599999996,14598.681599999996,2.226361053704945e-09,1.6832855060845914e-09,1.217505752690749e-10,1.0391188372816657e-09,5.224160935338507e-10,4.554772109389258e-10,0.0,6.9573454910369704e-15,4.1889630904702596e-17,7.319968309423548e-17
9,lbfgs,1779,11598.681599999996,14598.681599999996,2.1523012016375257e-09,1.6927687039357857e-09,1.222504791576669e-10,1.029194990703347e-09,5.413232340747718e-10,3.719341609575237e-10,0.0,6.985900591395351e-15,4.148891544315994e-17,7.584961767406896e-17
9,lbfgs,1789,11598.681599999996,14598.681599999996,2.2249185773393993e-09,1.682570590333981e-09,1.2160245204667412e-10,1.0386979353434573e-09,5.222702029438496e-10,4.547496503432274e-10,0.0,6.948883395589009e-15,4.187252496415822e-17,7.317909703380396e-17
9,lbfgs,1799,11598.681599999996,14598.681599999996,2.151590976784686e-09,1.692222231486398e-09,1.220936073460486e-10,1.0290883048062385e-09,5.41040319334111e-10,3.7177040857366147e-10,0.0,6.976938931856023e-15,4.148447323522619e-17,7.58098253131941e-17
9,lbfgs,1809,11598.681599999996,14598.681599999996,2.22349845328055e-09,1.6818666075093911e-09,1.214567823046145e-10,1.0382839935597027e-09,5.221258316450737e-10,4.5403350912821145e-10,0.0,6.940561392445236e-15,4.1855700475727365e-17,7.315872494245289e-17
9,lbfgs,1819,11598.681599999996,14598.681599999996,2.1508878013466516e-09,1.6916813547197378e-09,1.2193933370969743e-10,1.0289808933300506e-09,5.407611276799898e-10,3.7160810992187934e-10,0.0,6.968125626394248e-15,4.1480002676486665e-17,7.577055585584362e-17
9,lbfgs,1829,11598.681599999996,14598.681599999996,2.2220998611948796e-09,1.6811731478438992e-09,1.2131350640142443e-10,1.037876963918868e-09,5.219826775236067e-10,4.5332837672728425e-10,0.0,6.9323760760192e-15,4.1839155511115365e-17,7.313852450028951e-17
9,lbfgs,1839,11598.681599999996,14598.681599999996,2.1501915272298586e-09,1.691145936908228e-09,1.217875952951359e-10,1.0288730098388112e-09,5.40485331774281e-10,3.714472536361894e-10,0.0,6.9594570803426136e-15,4.147551399301976e-17,7.573176343211836e-17
9,lbfgs,1849,11598.681599999996,14598.681599999996,2.2207220900018894e-09,1.6804898522510296e-09,1.2117256846944386e-10,1.0374767848506141e-09,5.218404989309715e-10,4.5263390114642194e-10,0.0,6.924324256298705e-15,4.182288759183341e-17,7.311846185430098e-17
9,lbfgs,1859,11598.681599999996,14598.681599999996,2.1495020128676413e-09,1.6906158529376555e-09,1.216383331411868e-10,1.0287648574318393e-09,5.402126623646294e-10,3.712878232641406e-10,0.0,6.950929927080651e-15,4.1471015373743895e-17,7.569341030887794e-17
9,lbfgs,1869,11598.681599999996,14598.681599999996,2.219364511533053e-09,1.6798164007294178e-09,1.210339159192322e-10,1.037083382028176e-09,5.216991027820095e-10,4.5194977421846213e-10,0.0,6.916402930528604e-15,4.1806893722310687e-17,7.309850995190328e-17
9,lbfgs,1879,11598.681599999996,14598.681599999996,2.1488191224315787e-09,1.69009098735845e-09,1.214914917268178e-10,1.0286565986692202e-09,5.399428969624118e-10,3.7112979842688066e-10,0.0,6.942540996487821e-15,4.146651337110907e-17,7.565546530377473e-17
9,lbfgs,1889,11598.681599999996,14598.681599999996,2.2180265480063774e-09,1.679152499598508e-09,1.2089749907292947e-10,1.036696665112214e-09,5.215583354133646e-10,4.5127571184196846e-10,0.0,6.908609262261384e-15,4.179117025927758e-17,7.307864726131198e-17
9,lbfgs,1899,11598.681599999996,14598.681599999996,2.148142724751727e-09,1.6895712312962448e-09,1.2134701851499264e-10,1.028548362653378e-09,5.396758501278742e-10,3.7097315682883435e-10,0.0,6.934287288882089e-15,4.1462013187075546e-17,7.56179024244428e-17
9,lbfgs,1909,11598.681599999996,14598.681599999996,2.2167076656077715e-09,1.6784978776727331e-09,1.2076327078726899e-10,1.0363165321436121e-09,5.214180747418522e-10,4.5061145138841744e-10,0.0,6.9009405598181435e-15,4.1775713089312684e-17,7.30588566733419e-17
9,lbfgs,1919,11598.681599999996,14598.681599999996,2.1474726931820894e-09,1.6890564823644104e-09,1.2120486358397005e-10,1.0284402520634968e-09,5.394113667169435e-10,3.708178742106338e-10,0.0,6.92616595395512e-15,4.145751895703076e-17,7.558069992250059e-17
9,lbfgs,1929,11598.681599999996,14598.681599999996,2.2154073629017303e-09,1.6778522812399865e-09,1.2063118616904516e-10,1.035942870899193e-09,5.212782241717483e-10,4.499567451344095e-10,0.0,6.893394260031924e-15,4.1760517683888955e-17,7.303912464830416e-17
9,lbfgs,1939,11598.681599999996,14598.681599999996,2.1468089049375015e-09,1.6885466426353352e-09,1.210649793148763e-10,1.02833234771335e-09,5.391493156071088e-10,3.7066392571472587e-10,0.0,6.9181742729227014e-15,4.1453033933853454e-17,7.554383941470048e-17
9,lbfgs,1949,11598.681599999996,14598.681599999996,2.214125161871056e-09,1.6772154701189978e-09,1.2050120233241903e-10,1.0355755600862765e-09,5.211387077003022e-10,4.4931135524401834e-10,0.0,6.8859679143819146e-15,4.1745579147839375e-17,7.301944053067163e-17
9,lbfgs,1959,11598.681599999996,14598.681599999996,2.1461512408989983e-09,1.6880416182659981e-09,1.2092732013655402e-10,1.0282247129265473e-09,5.388895852028968e-10,3.705112860651682e-10,0.0,6.9103096439478324e-15,4.1448560664521063e-17,7.550730525333368e-17
9,lbfgs,1969,11598.681599999996,14598.681599999996,2.2128606098732844e-09,1.676587217468819e-09,1.2037327816441806e-10,1.0352144735816722e-09,5.209994657227287e-10,4.486750559157265e-10,0.0,6.8786591755961735e-15,4.173089239046543e-17,7.299979596144289e-17
9,lbfgs,1979,11598.681599999996,14598.681599999996,2.1454995854455263e-09,1.6875413191321e-09,1.2079184230961853e-10,1.0281173970271565e-09,5.386320797953248e-10,3.7035992976520504e-10,0.0,6.902569569803956e-15,4.144410113100852e-17,7.547108401625954e-17
9,lbfgs,1989,11598.681599999996,14598.681599999996,2.2116132673913845e-09,1.6759673052266655e-09,1.2024737417601777e-10,1.0348594789882769e-09,5.208604520623708e-10,4.4804762569528867e-10,0.0,6.871465789143887e-15,4.1716452067566784e-17,7.298018446247138e-17
9,lbfgs,1999,11598.681599999996,14598.681599999996,2.144853826267586e-09,1.687045658359088e-09,1.2065850375151116e-10,1.0280104380512129e-09,5.38376716556364e-10,3.7020983137989006e-10,0.0,6.894951647880653e-15,4.143965685975558e-17,7.543516408589799e-17
9,lbfgs,2009,11598.681599999996,14598.681599999996,2.210382717221177e-09,1.6753555264756316e-09,1.2012345231497463e-10,1.0345104431317059e-09,5.207216310289512e-10,4.474288542954307e-10,0.0,6.8643855825428934e-15,4.170225280314906e-17,7.296060102419407e-17
9,lbfgs,2019,11598.681599999996,14598.681599999996,2.144213854086832e-09,1.6865545516030735e-09,1.2052726387827018e-10,1.0279038647476083e-09,5.381234229771951e-10,3.7006096597476713e-10,0.0,6.887453561144479e-15,4.1435229002453206e-17,7.539953529038193e-17
9,lbfgs,2029,11598.681599999996,14598.681599999996,2.2091685534285674e-09,1.6747516814985641e-09,1.2000147586212696e-10,1.0341672300519654e-09,5.205829755844719e-10,4.4681853549921084e-10,0.0,6.857416459435582e-15,4.168828910860423e-17,7.294104184900383e-17
9,lbfgs,2039,11598.681599999996,14598.681599999996,2.143579562724712e-09,1.6860679174372125e-09,1.2039808348013885e-10,1.0277976987365252e-09,5.378721352205484e-10,3.699133087981278e-10,0.0,6.880073071033059e-15,4.1430818423138124e-17,7.536418867274321e-17
9,lbfgs,2049,11598.681599999996,14598.681599999996,2.207970384523842e-09,1.6741555784294796e-09,1.198814093106305e-10,1.0338297035983197e-09,5.204444655205295e-10,4.4621646968289946e-10,0.0,6.850556392690308e-15,4.167455548740483e-17,7.292150409587368e-17
9,lbfgs,2059,11598.681599999996,14598.681599999996,2.142950848886414e-09,1.6855856768314784e-09,1.2027092461450452e-10,1.0276919557734767e-09,5.376227964434973e-10,3.697668355851859e-10,0.0,6.872808011339491e-15,4.142642574923804e-17,7.532911625597883e-17
9,lbfgs,2069,11598.681599999996,14598.681599999996,2.2067878279767717e-09,1.6735670312581788e-09,1.1976321828508342e-10,1.0334977267430626e-09,5.203060862300328e-10,4.4562246032646643e-10,0.0,6.843803419781521e-15,4.1661046407528045e-17,7.290198570844922e-17
9,lbfgs,2079,11598.681599999996,14598.681599999996,2.142327612164506e-09,1.685107753322568e-09,1.2014575051504213e-10,1.027586647111922e-09,5.373753556956041e-10,3.6962152239181297e-10,0.0,6.865656283022444e-15,4.142205142655693e-17,7.529431088869827e-17
9,lbfgs,2089,11598.681599999996,14598.681599999996,2.2056205196305815e-09,1.6729858624654228e-09,1.196468694345036e-10,1.033171165728347e-09,5.201678273025721e-10,4.4503632079237486e-10,0.0,6.8371556366763705e-15,4.1647756468665217e-17,7.288248521807487e-17
9,lbfgs,2099,11598.681599999996,14598.681599999996,2.1417097546483766e-09,1.6846340718873639e-09,1.2002252550328514e-10,1.0274817798902405e-09,5.371297664938383e-10,3.6947734633051517e-10,0.0,6.858615849155018e-15,4.141769573494614e-17,7.525976604550934e-17
9,lbfgs,2109,11598.681599999996,14598.681599999996,2.2044681031376526e-09,1.6724118995196885e-09,1.1953233038246163e-10,1.0328498872144014e-09,5.200296819228255e-10,4.444578672645296e-10,0.0,6.830611194986428e-15,4.1634680287321316e-17,7.286300165977867e-17
9,lbfgs,2119,11598.681599999996,14598.681599999996,2.1410971811743055e-09,1.684164560050787e-09,1.199012149241886e-10,1.0273773585856155e-09,5.36885986540983e-10,3.693342847126519e-10,0.0,6.851684731244393e-15,4.1413358846920995e-17,7.522547578755086e-17
9,lbfgs,2129,11598.681599999996,14598.681599999996,2.203330235069528e-09,1.671844976286097e-09,1.1941956965376183e-10,1.0325337606404567e-09,5.198916459918785e-10,4.438869224493524e-10,0.0,6.8241682977797724e-15,4.16218125920187e-17,7.284353444907051e-17
9,lbfgs,2139,11598.681599999996,14598.681599999996,2.1404897989980674e-09,1.6836991469227132e-09,1.1978178508073737e-10,1.027273385139619e-09,5.366439767023568e-10,3.6919231568412083e-10,0.0,6.844861005496715e-15,4.1409040832776494e-17,7.519143461916433e-17
9,lbfgs,2149,11598.681599999996,14598.681599999996,2.2022065834732103e-09,1.6712849323923733e-09,1.1930855662246682e-10,1.0322226581927035e-09,5.19753717577203e-10,4.433233147661199e-10,0.0,6.817825196612332e-15,4.160914822203497e-17,7.28240833049333e-17
10,adam,0,14598.681599999996,17598.681599999996,1.4644802005999253e-10,4.14776448581345e-11,1.836222218226013e-11,5.5696713071318874e-12,1.754575136874248e-11,1.3825881619378166e-11,0.0,1.048220694787047e-15,2.2453476112964237e-19,2.455872594072808e-18
10,adam,24,14598.681599999996,17598.681599999996,5.216978293108799e-05,3.850349361829601e-05,3.5905312810255296e-08,3.092938240062626e-05,7.538205904859496e-06,1.3666198926943964e-05,0.0,2.0680793061349464e-12,1.2602835475545146e-12,1.0431059150273559e-12
10,adam,49,14598.681599999996,17598.681599999996,1.5215474640801164e-06,1.4988332592307546e-06,5.310776166244457e-09,1.21682815450128e-06,2.7669432856323017e-07,2.262405433933736e-08,0.0,3.0258368421973805e-13,4.884277830926645e-14,3.877822566397051e-14
10,adam,74,14598.681599999996,17598.681599999996,5.464980878557727e-07,4.359439063901314e-07,2.0718160778752144e-09,3.539418895190533e-07,7.993020079320293e-08,1.104640612408917e-07,0.0,1.1813054254078613e-13,1.4238537737891715e-14,1.1193371222799765e-14
10,adam,99,14598.681599999996,17598.681599999996,1.464294236633067e-07,1.3732035864580464e-07,1.336760807592254e-09,1.0894721115627344e-07,2.703638668193896e-08,9.018949650495967e-09,0.0,7.627223071682401e-14,4.391844687057358e-15,3.786519693955687e-15
10,adam,124,14598.681599999996,17598.681599999996,1.2266065438079026e-07,1.1849869858219125e-07,1.281895119132483e-09,9.458206310952796e-08,2.2634740353530797e-08,4.071844083153116e-09,0.0,7.313771907855766e-14,3.81221194555096e-15,3.1690116961254784e-15
10,adam,149,14598.681599999996,17598.681599999996,1.0359003504346864e-07,1.0164918032204537e-07,1.1401155424108251e-09,8.087510328791016e-08,1.9633961491724387e-08,1.850745973668025e-09,0.0,6.50516014882373e-14,3.2602093342825404e-15,2.748324949251215e-15
10,adam,174,14598.681599999996,17598.681599999996,8.878900215276421e-08,8.703066017466688e-08,1.0185515550001154e-09,6.919484514633283e-08,1.6817263473333934e-08,1.668236026238692e-09,0.0,5.811604680061023e-14,2.789281011365506e-15,2.3539004811992987e-15
10,adam,199,14598.681599999996,17598.681599999996,7.552214132690653e-08,7.38155135271797e-08,9.044406632817926e-10,5.865226023192466e-08,1.4258812631973238e-08,1.6165243671209424e-09,0.0,5.160567475570422e-14,2.3641875285641378e-15,1.995683480433362e-15
10,adam,224,14598.681599999996,17598.681599999996,6.380490383891236e-08,6.208625265462866e-08,8.034683336832479e-10,4.932360866004919e-08,1.1959175660896219e-08,1.628550062713235e-09,0.0,4.584569883665375e-14,1.9879486800722326e-15,1.6736651707783964e-15
10,adam,249,14598.681599999996,17598.681599999996,5.367375262267763e-08,5.205535886364209e-08,7.026327839625046e-10,4.1341487344084535e-08,1.0011238735595057e-08,1.5282945315712424e-09,0.0,4.0092804629411924e-14,1.666130528605431e-15,1.4009326834040111e-15
10,adam,274,14598.681599999996,17598.681599999996,4.500326567147649e-08,4.348556713745249e-08,6.113842269493759e-10,3.4520767133529275e-08,8.353415776973838e-09,1.4276009016169278e-09,0.0,3.488681884252755e-14,1.3911676903962445e-15,1.1688546594070996e-15
10,adam,299,14598.681599999996,17598.681599999996,3.764042098668029e-08,3.621762197171358e-08,5.28418659775013e-10,2.8738699577710527e-08,6.950503734228042e-09,1.3327027201298776e-09,0.0,3.015331702192791e-14,1.1580886255476575e-15,9.724800029867997e-16
10,adam,324,14598.681599999996,17598.681599999996,3.1443676347716034e-08,3.0112883279261375e-08,4.535992174176604e-10,2.3885288079127503e-08,5.773995982716212e-09,1.240697886093679e-09,0.0,2.5884534278613287e-14,9.62454639253383e-16,8.078095309986774e-16
10,adam,349,14598.681599999996,17598.681599999996,2.6270392567600943e-08,2.5032446919465188e-08,3.870054588239449e-10,1.984863283541781e-08,4.796808625223434e-09,1.1478513847257571e-09,0.0,2.2084987681542375e-14,7.997522300574743e-16,6.710469382406187e-16
10,adam,374,14598.681599999996,17598.681599999996,2.198216897437118e-08,2.0838045646845838e-08,3.285076612538166e-10,1.6517937044119202e-08,3.991600941472818e-09,1.0540298203571023e-09,0.0,1.8747288593155197e-14,6.655127149924372e-16,5.58362338068993e-16
10,adam,399,14598.681599999996,17598.681599999996,1.8449174197274828e-08,1.739789920172641e-08,2.777624296844606e-10,1.3787680463162797e-08,3.332456308879154e-09,9.611821108727323e-10,0.0,1.585185596484852e-14,5.554803788198011e-16,4.661259267682584e-16
10,adam,424,14598.681599999996,17598.681599999996,1.521817906584948e-08,1.4366089392372557e-08,2.41943471503142e-10,1.1335525584145728e-08,2.788620336723689e-09,7.619972904976527e-10,0.0,1.380809529032836e-14,4.566746455765412e-16,3.9005886061182773e-16
10,adam,449,14598.681599999996,17598.681599999996,1.2874999471139545e-08,1.2076108240960415e-08,2.0420267681622341e-10,9.530743959396049e-09,2.341161604748143e-09,7.087992511652371e-10,0.0,1.1654579289875589e-14,3.8394579124500037e-16,3.2744538319137073e-16
10,adam,474,14598.681599999996,17598.681599999996,1.0976110379710307e-08,1.025972412419431e-08,1.74284607124726e-10,8.095036894294205e-09,1.990402622775379e-09,6.262946164891069e-10,0.0,9.94737878819632e-15,3.260970187934373e-16,2.78372850882474e-16
10,adam,499,14598.681599999996,17598.681599999996,9.435438759055111e-09,8.785104710173755e-09,1.487351200909826e-10,6.929256859976131e-09,1.7071127301066416e-09,5.602427065792383e-10,0.0,8.489431326879664e-15,2.7912813679364414e-16,2.3874282867139336e-16
10,adam,524,14598.681599999996,17598.681599999996,8.182661862779069e-09,7.592871077616886e-09,1.2752585694581673e-10,5.986759512107765e-09,1.4785857085633046e-09,4.996997088976519e-10,0.0,7.279116198331093e-15,2.4115798178692834e-16,2.067763887672726e-16
10,adam,549,14598.681599999996,17598.681599999996,7.15970985596606e-09,6.6264584000032655e-09,1.1022753806494199e-10,5.222707957488953e-09,1.2935229044493702e-09,4.431606241315164e-10,0.0,6.291955365316027e-15,2.1037889299822274e-16,1.8089199247754372e-16
10,adam,574,14598.681599999996,17598.681599999996,6.3191762767393835e-09,5.8375373199896554e-09,9.627330965585675e-11,4.598650269505274e-09,1.142613740828524e-09,3.91548354262285e-10,0.0,5.495611594285948e-15,1.8524082494319277e-16,1.5978628337716963e-16
10,adam,599,14598.681599999996,17598.681599999996,5.6228485400801025e-09,5.187812546621821e-09,8.514028000338757e-11,4.084254474993367e-09,1.018417791625067e-09,3.449456096069621e-10,0.0,4.8602532338858486e-15,1.6452112609751876e-16,1.4241780269131598e-16
10,adam,624,14598.681599999996,17598.681599999996,4.902216374479249e-09,4.488575952256487e-09,7.78053878425326e-11,3.5332611726013667e-09,8.775093918125871e-10,3.235502492941689e-10,0.0,4.441626088555326e-15,1.4232238464156212e-16,1.227103710201336e-16
10,adam,649,14598.681599999996,17598.681599999996,4.446647009369642e-09,4.0923784159141545e-09,6.996273197963409e-11,3.217731021799036e-09,8.046846621354842e-10,2.6417862028109284e-10,0.0,3.994032163272284e-15,1.2961503093558507e-16,1.1252659847529842e-16
10,adam,674,14598.681599999996,17598.681599999996,4.055622592099851e-09,3.72913314977748e-09,6.390975974979145e-11,2.9290848895119854e-09,7.361385005157035e-10,2.363996666127323e-10,0.0,3.648554940464589e-15,1.1798914952586068e-16,1.0294189811090914e-16
10,adam,699,14598.681599999996,17598.681599999996,3.714761483978976e-09,3.4164676576948154e-09,5.943790709123152e-11,2.680727640156523e-09,6.763021104470603e-10,2.0820424162646162e-10,0.0,3.3933188343834704e-15,1.0798607954578864e-16,9.457518587642165e-17
10,adam,724,14598.681599999996,17598.681599999996,3.413978118891772e-09,3.140410848454464e-09,5.60929699055193e-11,2.460717787156407e-09,6.236000913925381e-10,1.8347787016985512e-10,0.0,3.202397875567585e-15,9.912467366479857e-17,8.720602877245096e-17
10,adam,749,14598.681599999996,17598.681599999996,3.14569649860199e-09,2.8937097506111668e-09,5.3550925388911744e-11,2.2639573292809427e-09,5.762014959413125e-10,1.6189752449826537e-10,0.0,3.0572999672170922e-15,9.119948533933201e-17,8.057833678362321e-17
10,adam,774,14598.681599999996,17598.681599999996,2.9041796412537802e-09,2.6708562613011372e-09,5.160810214214745e-11,2.086015427626638e-09,5.332327315323519e-10,1.4323432478421682e-10,0.0,2.9464016858022554e-15,8.403206478031739e-17,7.456993618414336e-17
10,adam,799,14598.681599999996,17598.681599999996,2.6850820199810616e-09,2.467938622059968e-09,5.010175353394372e-11,1.9238790953139034e-09,4.939577732121211e-10,1.2705450190196102e-10,0.0,2.8604147662179332e-15,7.75010844508809e-17,6.907790997988433e-17
10,adam,824,14598.681599999996,17598.681599999996,2.6740918503230016e-09,2.4467897113227695e-09,4.7890899195656576e-11,1.909910840085498e-09,4.889879720416154e-10,1.3721342375463985e-10,0.0,2.7341722813582848e-15,7.693904793996748e-17,6.838219931683305e-17
10,adam,849,14598.681599999996,17598.681599999996,2.4543477269797187e-09,2.2448750509151085e-09,4.7029619752174884e-11,1.749020655364773e-09,4.488247757981607e-10,1.1938413156064138e-10,0.0,2.6850068201866954e-15,7.045800255097436e-17,6.276515414641694e-17
10,adam,874,14598.681599999996,17598.681599999996,2.2559535174356923e-09,2.063236310127555e-09,4.6331880078769155e-11,1.6030562769207139e-09,4.1384815312807164e-10,1.0262881609400203e-10,0.0,2.6451723602503335e-15,6.45776728806744e-17,5.787425235045966e-17
10,adam,899,14598.681599999996,17598.681599999996,2.076082131620778e-09,1.8964494234352727e-09,4.571795945906508e-11,1.4691531788483854e-09,3.815782851278221e-10,8.954445055244178e-11,0.0,2.610122300844963e-15,5.918341087244717e-17,5.33615190835738e-17
10,adam,924,14598.681599999996,17598.681599999996,1.912215854641822e-09,1.7433143233210442e-09,4.5159705678169066e-11,1.3464757423382114e-09,3.516788753046637e-10,7.881339086125056e-11,0.0,2.5782482964441936e-15,5.4241323226246325e-17,4.918022560818636e-17
10,adam,949,14598.681599999996,17598.681599999996,1.7625003438490167e-09,1.602675875478031e-09,4.460550415973426e-11,1.2339812217907105e-09,3.240891495275862e-10,6.973643022844395e-11,0.0,2.5466046596316946e-15,4.970944237960463e-17,4.5321914575434194e-17
10,adam,974,14598.681599999996,17598.681599999996,1.6254692462673021e-09,1.4732683461700466e-09,4.404340636364403e-11,1.1306295754791877e-09,2.985953643272148e-10,6.211295106091018e-11,0.0,2.514509655915648e-15,4.5545887983561624e-17,4.175668774563436e-17
10,adam,999,14598.681599999996,17598.681599999996,1.49993190949731e-09,1.3542481321202977e-09,4.3456711563737035e-11,1.0357384939699122e-09,2.7505292658664863e-10,5.559590559036449e-11,0.0,2.4810100994215295e-15,4.1723178107650685e-17,3.846434528898309e-17
10,adam,1024,14598.681599999996,17598.681599999996,1.308011286157979e-09,1.1753732719528793e-09,4.4755656498138894e-11,8.895942747588903e-10,2.4102334069585013e-10,4.2550185762862216e-11,0.0,2.5551745569690075e-15,3.583536433541623e-17,3.3705820370645246e-17
10,adam,1049,14598.681599999996,17598.681599999996,1.212615598855581e-09,1.0797800921379132e-09,4.4356072759660305e-11,8.144413149100004e-10,2.2098270446825245e-10,4.274772041279963e-11,0.0,2.53235597353152e-15,3.2808316176659076e-17,3.090325949753805e-17
10,adam,1074,14598.681599999996,17598.681599999996,1.126199819954289e-09,9.972942818596118e-10,4.3665767358356525e-11,7.496968945354493e-10,2.0393161996580605e-10,3.8817786036601834e-11,0.0,2.492942366710909e-15,3.0200369942472076e-17,2.8518959402812994e-17
10,adam,1099,14598.681599999996,17598.681599999996,1.0471214486270064e-09,9.210248080814542e-10,4.287793082364736e-11,6.898534940282681e-10,1.882933832295387e-10,3.600891853760703e-11,0.0,2.4479608881923003e-15,2.7789771717186584e-17,2.633206208396975e-17
10,adam,1124,14598.681599999996,17598.681599999996,9.746478729994412e-10,8.513314756370924e-10,4.203216402100857e-11,6.351873011346245e-10,1.7411201048145933e-10,3.322870249489722e-11,0.0,2.399672470679454e-15,2.5587656311660684e-17,2.4348893779854234e-17
10,adam,1149,14598.681599999996,17598.681599999996,9.082338437790776e-10,7.87463695567103e-10,4.114948216333776e-11,5.851780826968821e-10,1.611361307068832e-10,3.0682477494704076e-11,0.0,2.349276898835098e-15,2.35731238067491e-17,2.2534302603009677e-17
10,adam,1174,14598.681599999996,17598.681599999996,8.474016371562278e-10,7.289363945045814e-10,4.024239174529904e-11,5.394564853875584e-10,1.4923751737172398e-10,2.83775931359476e-11,0.0,2.2974881859070513e-15,2.173131447206066e-17,2.087036670703969e-17
10,adam,1199,14598.681599999996,17598.681599999996,7.917113092315439e-10,6.753515837655632e-10,3.931723576262176e-11,4.977042405122485e-10,1.38330107490693e-10,2.627209429579998e-11,0.0,2.2446684577248563e-15,2.0049414817764904e-17,1.9345056314526014e-17
10,adam,1224,14598.681599999996,17598.681599999996,7.549402951379591e-10,6.422770239967215e-10,3.854472056239202e-11,4.714350732112033e-10,1.3229723022312617e-10,2.257565376643998e-11,0.0,2.2006068820697464e-15,1.899194828017541e-17,1.850206066742214e-17
10,adam,1249,14598.681599999996,17598.681599999996,7.054293375066595e-10,5.937820460625687e-10,3.724829010739858e-11,4.3334756817117143e-10,1.231861877839987e-10,2.1559681888406626e-11,0.0,2.1265890469975763e-15,1.745757285477795e-17,1.722794222444015e-17
10,adam,1274,14598.681599999996,17598.681599999996,6.60431973621435e-10,5.499327658026171e-10,3.617365318315061e-11,3.994085899847272e-10,1.1435052263473924e-10,2.0411606314142572e-11,0.0,2.0652338715435996e-15,1.6090402206595843e-17,1.5992350130222106e-17
10,adam,1299,14598.681599999996,17598.681599999996,6.194522806218587e-10,5.102598249584376e-10,3.5182308305731166e-11,3.6886099597423145e-10,1.0621652067847497e-10,1.9104862088487616e-11,0.0,2.008633193810301e-15,1.4859881263949303e-17,1.4854901917121776e-17
10,adam,1324,14598.681599999996,17598.681599999996,5.82113654309921e-10,4.741850656539966e-10,3.4238918578073754e-11,3.412069875280731e-10,9.873915954784981e-11,1.7841002127441158e-11,0.0,1.954771457018115e-15,1.3745940125501568e-17,1.3809289286244316e-17
10,adam,1349,14598.681599999996,17598.681599999996,5.480855618095583e-10,4.4132050040368263e-10,3.3306418537059097e-11,3.1610538266638636e-10,9.190869920023715e-11,1.6677480877526867e-11,0.0,1.9015316842433144e-15,1.273482690066136e-17,1.2854151110456139e-17
10,adam,1374,14598.681599999996,17598.681599999996,5.170641170909721e-10,4.113721749385601e-10,3.2386071136295594e-11,2.9331663318563416e-10,8.566947061663039e-11,1.5604366684815533e-11,0.0,1.848986178716222e-15,1.1816887998561121e-17,1.198169714532348e-17
10,adam,1399,14598.681599999996,17598.681599999996,4.887694803165699e-10,3.84065258808174e-10,3.147586541536213e-11,2.7261985834604423e-10,7.996953504676765e-11,1.4616650354978148e-11,0.0,1.797020045881308e-15,1.0983222922098381e-17,1.1184661967071103e-17
10,lbfgs,1400,14598.681599999996,17598.681599999996,4.896191609091455e-10,3.849527565251362e-10,3.136015063699226e-11,2.736414944804103e-10,7.995111140773359e-11,1.4578833390512356e-11,0.0,1.790366820849286e-15,1.1024598750864146e-17,1.1182625598473607e-17
10,lbfgs,1409,14598.681599999996,17598.681599999996,4.891562035031531e-10,3.8251347244614844e-10,3.138172010639824e-11,2.7217962471455214e-10,7.895212762519804e-11,1.6555160074243425e-11,0.0,1.791598218221833e-15,1.0965733553163295e-17,1.1042786986846693e-17
10,lbfgs,1419,14598.681599999996,17598.681599999996,4.890328447532998e-10,3.8293637434226905e-10,3.137404857849487e-11,2.7249620802634066e-10,7.906611773743351e-11,1.600889943133629e-11,0.0,1.7911606509792824e-15,1.097850816952776e-17,1.105868393325138e-17
10,lbfgs,1429,14598.681599999996,17598.681599999996,4.889164034950778e-10,3.821733240668512e-10,3.137325461550293e-11,2.7198582139012593e-10,7.881424806122235e-11,1.6655508454499427e-11,0.0,1.7911152187957793e-15,1.0957931562373594e-17,1.102348247738848e-17
10,lbfgs,1439,14598.681599999996,17598.681599999996,4.888046254061401e-10,3.825954158373562e-10,3.136645701264291e-11,2.723015768166843e-10,7.892738200802898e-11,1.6121638598245354e-11,0.0,1.7907275569200033e-15,1.0970671006252758e-17,1.103926258784269e-17
10,lbfgs,1449,14598.681599999996,17598.681599999996,4.886960182935828e-10,3.8187948844123287e-10,3.136617594197678e-11,2.718195806723731e-10,7.869373182688304e-11,1.6728958887841227e-11,0.0,1.7907114508108433e-15,1.0951237617814213e-17,1.1006610379888096e-17
10,lbfgs,1459,14598.681599999996,17598.681599999996,4.885895921341435e-10,3.823084519457686e-10,3.1359840423172845e-11,2.721352685792081e-10,7.88133429433877e-11,1.6193569227112777e-11,0.0,1.7903501855085514e-15,1.0963973120154451e-17,1.1023298829759212e-17
10,lbfgs,1469,14598.681599999996,17598.681599999996,4.884846687515783e-10,3.81620305979614e-10,3.135990370700412e-11,2.7166649767523823e-10,7.859390459737167e-11,1.677679181676633e-11,0.0,1.790353772265657e-15,1.0945071971535645e-17,1.099263562454603e-17
10,lbfgs,1479,14598.681599999996,17598.681599999996,4.883807950836838e-10,3.820553414344677e-10,3.135387011103567e-11,2.7198192942938346e-10,7.871954189404858e-11,1.6237882697296334e-11,0.0,1.790009758695868e-15,1.0957796400591006e-17,1.1010168483308878e-17
10,lbfgs,1489,14598.681599999996,17598.681599999996,4.882776600054716e-10,3.81383447830676e-10,3.1354185031904136e-11,2.7151957139179156e-10,7.850969140698031e-11,1.6806641228960418e-11,0.0,1.790027736356215e-15,1.0939153180587446e-17,1.0980847297049373e-17
10,lbfgs,1499,14598.681599999996,17598.681599999996,4.881750555698695e-10,3.8182311651205943e-10,3.1348359634523026e-11,2.718348100233401e-10,7.863994685419631e-11,1.6264368115270444e-11,0.0,1.789695621181964e-15,1.0951869357460607e-17,1.0999027075885605e-17
10,lbfgs,1509,14598.681599999996,17598.681599999996,4.880728388317463e-10,3.8116119710213695e-10,3.134885858408576e-11,2.71375925835783e-10,7.843641268226812e-11,1.6824070793166187e-11,0.0,1.7897241234193313e-15,1.0933365794458643e-17,1.0970590071353815e-17
10,lbfgs,1519,14598.681599999996,17598.681599999996,4.879709141956296e-10,3.816041732045389e-10,3.13431840119879e-11,2.716909950556454e-10,7.856999413690563e-11,1.6279170057952694e-11,0.0,1.789400628440922e-15,1.0946074843267903e-17,1.0989235709052125e-17
10,lbfgs,1529,14598.681599999996,17598.681599999996,4.878692158546821e-10,3.8094871261643365e-10,3.134382042929156e-11,2.7123427750436936e-10,7.83706146827727e-11,1.6832932311213152e-11,0.0,1.7894369921514074e-15,1.0927658378647843e-17,1.0961380345224203e-17
10,lbfgs,1539,14598.681599999996,17598.681599999996,4.877676996980045e-10,3.8139391339924854e-10,3.133826205740842e-11,2.715491298259079e-10,7.85065215159322e-11,1.628621537503114e-11,0.0,1.7891201381683803e-15,1.0940358490139937e-17,1.0980351683502479e-17
10,lbfgs,1549,14598.681599999996,17598.681599999996,4.876663352719935e-10,3.8074285869307685e-10,3.133900575660671e-11,2.710939661660638e-10,7.830988677040628e-11,1.6835905661297252e-11,0.0,1.789162636301815e-15,1.0922004516219306e-17,1.095288059421072e-17
10,lbfgs,1559,14598.681599999996,17598.681599999996,4.87565102078623e-10,3.8118945720993595e-10,3.133354304605179e-11,2.7140852219570986e-10,7.844739196817431e-11,1.6288073954380413e-11,0.0,1.788851248706715e-15,1.0934692557316358e-17,1.097207582049769e-17
10,lbfgs,1569,14598.681599999996,17598.681599999996,4.874639858738056e-10,3.805415637689244e-10,3.1334375314280335e-11,2.709546059682073e-10,7.825258248643679e-11,1.68348511966805e-11,0.0,1.7888988100932553e-15,1.0916388783515378e-17,1.0944860295855692e-17
10,lbfgs,1579,14598.681599999996,17598.681599999996,4.873629769865481e-10,3.8098895569980094e-10,3.132899627993432e-11,2.7126878522856396e-10,7.83911741913027e-11,1.6286450381860167e-11,0.0,1.7885922030117563e-15,1.0929061554073687e-17,1.0964207736402312e-17
10,lbfgs,1589,14598.681599999996,17598.681599999996,4.87262068611433e-10,3.80343446130147e-10,3.132990593669804e-11,2.7081595120483654e-10,7.819758898861241e-11,1.6831051582503784e-11,0.0,1.7886441871702804e-15,1.0910801362730774e-17,1.0937163640466256e-17
10,lbfgs,1599,14598.681599999996,17598.681599999996,4.871612560385376e-10,3.8079120274905366e-10,3.132460369050307e-11,2.7112968598582606e-10,7.833691307272452e-11,1.6282482394015286e-11,0.0,1.7883419660635938e-15,1.0923456162300391e-17,1.0956613710768574e-17
10,lbfgs,1609,14598.681599999996,17598.681599999996,4.870605358756396e-10,3.8014758019414275e-10,3.1325584270859206e-11,2.7067783742635014e-10,7.81441584969334e-11,1.6825384792131027e-11,0.0,1.788398002229167e-15,1.0905235682758182e-17,1.0929685929644251e-17
10,lbfgs,1619,14598.681599999996,17598.681599999996,4.869599057083902e-10,3.805954035524048e-10,3.1320354891155813e-11,2.7099107616397216e-10,7.828397249727682e-11,1.627693126993237e-11,0.0,1.788099942193195e-15,1.091787045198363e-17,1.094920468118989e-17
10,lbfgs,1629,14598.681599999996,17598.681599999996,4.8685936371082e-10,3.799533448166079e-10,3.132140275226747e-11,2.7054015153996765e-10,7.809179052437277e-11,1.681844801425939e-11,0.0,1.788159821101678e-15,1.0899687223485748e-17,1.0922357087242523e-17
10,lbfgs,1639,14598.681599999996,17598.681599999996,4.867589085192115e-10,3.804010309134905e-10,3.131624398347342e-11,2.708528574461089e-10,7.823192948390816e-11,1.6270306729080205e-11,0.0,1.7878657925757058e-15,1.0912300492189806e-17,1.0941921423548106e-17
10,lbfgs,1649,14598.681599999996,17598.681599999996,4.866585390412873e-10,3.797603227567414e-10,3.131735707884138e-11,2.7040281451353983e-10,7.804015116436017e-11,1.6810645414002435e-11,0.0,1.7879293963957907e-15,1.0894152824900289e-17,1.09151303592015e-17
10,lbfgs,1659,14598.681599999996,17598.681599999996,4.865582544161775e-10,3.8020773358497135e-10,3.1312267548189054e-11,2.7071496274224327e-10,7.818050329453903e-11,1.626294996397336e-11,0.0,1.7876393203984964e-15,1.0906743600013505e-17,1.0934724627881128e-17
10,lbfgs,1669,14598.681599999996,17598.681599999996,4.864580538874854e-10,3.795682336343348e-10,3.131344466219738e-11,2.70265770610889e-10,7.798901836124842e-11,1.680224939201225e-11,0.0,1.7877065789641296e-15,1.0888630257378091e-17,1.0907974651302502e-17
10,lbfgs,1679,14598.681599999996,17598.681599999996,4.863579368179878e-10,3.8001527673665633e-10,3.130842341561402e-11,2.7057734528535795e-10,7.81295080356844e-11,1.625508922350231e-11,0.0,1.7874204005584205e-15,1.090119790451777e-17,1.0927588262934495e-17
10,lbfgs,1689,14598.681599999996,17598.681599999996,4.862579026361168e-10,3.7937688881341183e-10,3.130966369985307e-11,2.70128980188694e-10,7.79382449248648e-11,1.6793442970966983e-11,0.0,1.787491264845614e-15,1.0883117934155998e-17,1.090086935117606e-17
10,lbfgs,1699,14598.681599999996,17598.681599999996,4.861579508106695e-10,3.7982350288980527e-10,3.130470993623921e-11,2.7043997195752723e-10,7.807882099603885e-11,1.6246877072434228e-11,0.0,1.7872089379376793e-15,1.0895662080061746e-17,1.0920495143554457e-17
10,lbfgs,1709,14598.681599999996,17598.681599999996,4.860580808423441e-10,3.791861610492225e-10,3.130601264292832e-11,2.699924147780322e-10,7.788773362826196e-11,1.6784348950779677e-11,0.0,1.7872833648055102e-15,1.0877614714970052e-17,1.0893800841969235e-17
10,lbfgs,1719,14598.681599999996,17598.681599999996,4.859582922464717e-10,3.796323059798094e-10,3.130112556711044e-11,2.7030281894674693e-10,7.8028361465952e-11,1.6238415427626886e-11,0.0,1.7870048437257514e-15,1.0890135172817788e-17,1.0913433965446465e-17
10,lbfgs,1729,14598.681599999996,17598.681599999996,4.858585845639294e-10,3.789959642062408e-10,3.130248990423588e-11,2.6985605377329357e-10,7.783742052871136e-11,1.6775049524738223e-11,0.0,1.787082787615232e-15,1.0872119773871657e-17,1.0886760167226211e-17
10,lbfgs,1739,14598.681599999996,17598.681599999996,4.857589573572927e-10,3.794416142127605e-10,3.129766865502844e-11,2.7016586893629233e-10,7.797807662143979e-11,1.6229772314886824e-11,0.0,1.7868080229921383e-15,1.0884616488550564e-17,1.090639732890255e-17
10,lbfgs,1749,14598.681599999996,17598.681599999996,4.856594102024131e-10,3.788062399586285e-10,3.129909371801891e-11,2.697198823545448e-10,7.778726388606476e-11,1.67655994202209e-11,0.0,1.7868894320014062e-15,1.0866632516346633e-17,1.0879741479373657e-17
10,lbfgs,1759,14598.681599999996,17598.681599999996,4.855599426874039e-10,3.792513787075489e-10,3.129433734031239e-11,2.7002910924769155e-10,7.792793211954495e-11,1.6220993159595062e-11,0.0,1.786618369152971e-15,1.0879105518486446e-17,1.089938042209484e-17
10,lbfgs,1769,14598.681599999996,17598.681599999996,4.854605543929048e-10,3.7861694816081896e-10,3.1295822088616495e-11,2.6958388953345486e-10,7.773723653874758e-11,1.6756035417904632e-11,0.0,1.7867031836814346e-15,1.0861152501124256e-17,1.0872740972343688e-17
10,lbfgs,1779,14598.681599999996,17598.681599999996,4.85361244917026e-10,3.790615657712726e-10,3.1291129525957657e-11,2.698925304528714e-10,7.787790579244357e-11,1.6212108334874403e-11,0.0,1.7864357621801606e-15,1.0873601883861709e-17,1.0892380138185143e-17
10,lbfgs,1789,14598.681599999996,17598.681599999996,4.852620138501295e-10,3.784280609713108e-10,3.1292672783376734e-11,2.694480671895358e-10,7.768732099839823e-11,1.6746382074015364e-11,0.0,1.786523914933118e-15,1.085567940172886e-17,1.0865756194723841e-17
10,lbfgs,1799,14598.681599999996,17598.681599999996,4.851628608153808e-10,3.788721518209834e-10,3.128804288640967e-11,2.6975612545907207e-10,7.782798347550162e-11,1.6203138192894924e-11,0.0,1.786260069078776e-15,1.0868105299368599e-17,1.088539449118289e-17
10,lbfgs,1809,14598.681599999996,17598.681599999996,4.850637854207149e-10,3.782395587834588e-10,3.128964335580006e-11,2.6931240928965287e-10,7.763750613800588e-11,1.6736655841826126e-11,0.0,1.7863514858953655e-15,1.0850212975283775e-17,1.0858785586037065e-17
10,lbfgs,1819,14598.681599999996,17598.681599999996,4.849647872792172e-10,3.7868312002959106e-10,3.128507489627445e-11,2.696198888890798e-10,7.777815624423682e-11,1.6194096457495845e-11,0.0,1.786091145507708e-15,1.0862615548396654e-17,1.0878422229056924e-17
10,lbfgs,1829,14598.681599999996,17598.681599999996,4.848658660160117e-10,3.7805142734749685e-10,3.128673117906106e-11,2.691769112206064e-10,7.758778494782935e-11,1.6726867882453856e-11,0.0,1.7861857464663014e-15,1.0844753035787198e-17,1.0851828162524961e-17
10,lbfgs,1839,14598.681599999996,17598.681599999996,4.847670212540713e-10,3.784944580136713e-10,3.128222286531137e-11,2.6948381658144817e-10,7.772841856691177e-11,1.6184992457637256e-11,0.0,1.785928837763287e-15,1.0857132463039339e-17,1.0871462575043202e-17
10,lbfgs,1849,14598.681599999996,17598.681599999996,4.846682526220533e-10,3.778636560471783e-10,3.128393348290466e-11,2.6904156945455007e-10,7.753815310972359e-11,1.6717025798178616e-11,0.0,1.7860265383974186e-15,1.0839299440748138e-17,1.0844883317494784e-17
10,lbfgs,1859,14598.681599999996,17598.681599999996,4.845695597648e-10,3.7830615635983813e-10,3.1279483975843444e-11,2.693479052811222e-10,7.767876710287249e-11,1.6175832631562428e-11,0.0,1.7857729849040174e-15,1.0851655911725803e-17,1.0864515059362926e-17
10,lbfgs,1869,14598.681599999996,17598.681599999996,4.844709423125198e-10,3.776762366892351e-10,3.128124739018298e-11,2.6890638126164044e-10,7.748860803741169e-11,1.670713485594877e-11,0.0,1.785873697369852e-15,1.0833852079685306e-17,1.0837950686917064e-17
10,lbfgs,1879,14598.681599999996,17598.681599999996,4.843723999215787e-10,3.781182076374652e-10,3.1276855317792104e-11,2.692121524086889e-10,7.762919991098415e-11,1.616662152007321e-11,0.0,1.7856234207420667e-15,1.0846185789988659e-17,1.085757940836277e-17
10,lbfgs,1889,14598.681599999996,17598.681599999996,4.842739322345557e-10,3.7748916266026505e-10,3.127866994974914e-11,2.6877134447463716e-10,7.743914823587875e-11,1.669719881631079e-11,0.0,1.785727054864941e-15,1.082841086469309e-17,1.0831030059708882e-17
10,lbfgs,1899,14598.681599999996,17598.681599999996,4.841755389024412e-10,3.779306057147022e-10,3.127433391946621e-11,2.6907655587090975e-10,7.75797159243262e-11,1.6157362433053308e-11,0.0,1.785479975594398e-15,1.0840722012873529e-17,1.0850655470939598e-17
10,lbfgs,1909,14598.681599999996,17598.681599999996,4.84077219574415e-10,3.77302428340695e-10,3.127619816439221e-11,2.686364573007106e-10,7.738977287559223e-11,1.668722048509196e-11,0.0,1.7855864397534283e-15,1.082297572289389e-17,1.0824121318097641e-17
10,lbfgs,1919,14598.681599999996,17598.681599999996,4.839789739236236e-10,3.77743345320822e-10,3.127191677376194e-11,2.6894111393265195e-10,7.753031461440811e-11,1.6148057857466403e-11,0.0,1.7853424777734573e-15,1.0835264509808854e-17,1.0843743171500925e-17
10,lbfgs,1929,14598.681599999996,17598.681599999996,4.838808016092243e-10,3.771160289277103e-10,3.1273829015248576e-11,2.6850171833457706e-10,7.73404815778847e-11,1.667720194223343e-11,0.0,1.785451679684464e-15,1.0817546596992907e-17,1.0817224407538811e-17
10,lbfgs,1939,14598.681599999996,17598.681599999996,4.837827022997505e-10,3.7755642178611276e-10,3.126960086106209e-11,2.688058251452095e-10,7.748099577984121e-11,1.6138709777648763e-11,0.0,1.785210754890345e-15,1.0829813221737048e-17,1.0836842480358127e-17
10,lbfgs,1949,14598.681599999996,17598.681599999996,4.836846756560546e-10,3.769299600107065e-10,3.1271559481350506e-11,2.6836712634224596e-10,7.729127418711e-11,1.6667144915410874e-11,0.0,1.785322602198395e-15,1.0812123436577607e-17,1.081033930481241e-17
10,lbfgs,1959,14598.681599999996,17598.681599999996,4.835867213679718e-10,3.773698308230054e-10,3.126738316647185e-11,2.686706882548192e-10,7.743175940171437e-11,1.612931981831961e-11,0.0,1.7850846348358773e-15,1.0824368097442012e-17,1.0829953393459174e-17
10,lbfgs,1969,14598.681599999996,17598.681599999996,4.834888391140812e-10,3.7674421759073836e-10,3.126938655574459e-11,2.6823268032232924e-10,7.724215071266452e-11,1.6657050802744822e-11,0.0,1.785199035644105e-15,1.0806706200600997e-17,1.0803466009878337e-17
10,lbfgs,1979,14598.681599999996,17598.681599999996,4.833910285767646e-10,3.771835684514272e-10,3.1265260695216376e-11,2.6853570218731577e-10,7.738260556889505e-11,1.6119889408028436e-11,0.0,1.784963946657041e-15,1.0818929092939436e-17,1.0823075921916508e-17
10,lbfgs,1989,14598.681599999996,17598.681599999996,4.832932894383897e-10,3.7655879783307116e-10,3.126730725822839e-11,2.680983793589442e-10,7.719311121589861e-11,1.6646920894055513e-11,0.0,1.7850808099041625e-15,1.0801294851458919e-17,1.0796604530043282e-17
10,lbfgs,1999,14598.681599999996,17598.681599999996,4.831956214022331e-10,3.769976308688332e-10,3.1263230483207436e-11,2.684008659740353e-10,7.733353441159048e-11,1.6110419825424575e-11,0.0,1.784848521158522e-15,1.0813496168497083e-17,1.0816210082694025e-17
10,lbfgs,2009,14598.681599999996,17598.681599999996,4.830980241521384e-10,3.7637369708786733e-10,3.1265318645013474e-11,2.679642226481488e-10,7.71441557947051e-11,1.663675636233884e-11,0.0,1.7849677569449298e-15,1.0795889356061468e-17,1.0789754877785826e-17
10,lbfgs,2019,14598.681599999996,17598.681599999996,4.83000497386327e-10,3.768120144218893e-10,3.12612896062556e-11,2.682661787412484e-10,7.728454607438532e-11,1.610091226579188e-11,0.0,1.784738191427174e-15,1.0808069288212811e-17,1.0809355894823057e-17
10,lbfgs,2029,14598.681599999996,17598.681599999996,4.82903040798172e-10,3.7618891178026253e-10,3.126341781617821e-11,2.6783020942519896e-10,7.70952845388854e-11,1.6626558325303913e-11,0.0,1.7848597112407575e-15,1.0790489682903868e-17,1.0782917064504001e-17
10,lbfgs,2039,14598.681599999996,17598.681599999996,4.828056540929897e-10,3.766267155425179e-10,3.125943518637808e-11,2.681316396657881e-10,7.723564069035168e-11,1.6091367861151457e-11,0.0,1.784632793191042e-15,1.0802648418229323e-17,1.0802513375770415e-17
10,lbfgs,2049,14598.681599999996,17598.681599999996,4.827083369785206e-10,3.76004438545608e-10,3.126160192071644e-11,2.676963390602646e-10,7.704649756462694e-11,1.661632774962956e-11,0.0,1.7847565100613573e-15,1.0785095805928968e-17,1.0776091105320372e-17
10,lbfgs,2059,14598.681599999996,17598.681599999996,4.826110891697964e-10,3.7644173078467097e-10,3.125766439729834e-11,2.6799724800098705e-10,7.718681838638556e-11,1.608178770512629e-11,0.0,1.7845321651324015e-15,1.0797233527780963e-17,1.0795682542177677e-17
10,lbfgs,2069,14598.681599999996,17598.681599999996,4.825139103716882e-10,3.758202739983443e-10,3.125986816234937e-11,2.675626108965135e-10,7.699779493948146e-11,1.6606065699379296e-11,0.0,1.7846579938026342e-15,1.0779707697997844e-17,1.0769277008598979e-17
10,lbfgs,2079,14598.681599999996,17598.681599999996,4.824168003094373e-10,3.762570567781798e-10,3.125597446779606e-11,2.67863003042076e-10,7.713807926830777e-11,1.6072172860575493e-11,0.0,1.7844361490783574e-15,1.0791824587800147e-17,1.0788863407772174e-17
10,lbfgs,2089,14598.681599999996,17598.681599999996,4.823197586889685e-10,3.756364148477541e-10,3.12582138011048e-11,2.674290243267371e-10,7.694917671991221e-11,1.6595773176564156e-11,0.0,1.7845640060764887e-15,1.0774325333982439e-17,1.076247478118101e-17
10,lbfgs,2099,14598.681599999996,17598.681599999996,4.822227852387681e-10,3.760726902044539e-10,3.125436268401111e-11,2.677289041044117e-10,7.708942341603107e-11,1.6062524372945333e-11,0.0,1.7843445901319663e-15,1.0786421570040916e-17,1.0782055982686425e-17
10,lbfgs,2109,14598.681599999996,17598.681599999996,4.821258796826145e-10,3.7545285795189827e-10,3.1256636155011075e-11,2.672955788283958e-10,7.690064296849139e-11,1.658545107537625e-11,0.0,1.7844743938070238e-15,1.0768948692179237e-17,1.0755684430783615e-17
10,lbfgs,2119,14598.681599999996,17598.681599999996,4.820290417456224e-10,3.758886278239458e-10,3.125282639135204e-11,2.6759495054107707e-10,7.704085089151669e-11,1.605284326961668e-11,0.0,1.784257336780654e-15,1.0781024447788285e-17,1.0775260274568259e-17
10,lbfgs,2129,14598.681599999996,17598.681599999996,4.819322711589187e-10,3.75269600091372e-10,3.125513260267822e-11,2.671622738037043e-10,7.685219368498945e-11,1.6575100421512933e-11,0.0,1.784389007377528e-15,1.0763577747860384e-17,1.0748905956373214e-17
10,lbfgs,2139,14598.681599999996,17598.681599999996,4.818355676603744e-10,3.7570486646129904e-10,3.125136299512053e-11,2.6746114172902357e-10,7.699236173715498e-11,1.6043130556320267e-11,0.0,1.7841742409316625e-15,1.0775633195300321e-17,1.0768476288351044e-17
10,lbfgs,2149,14598.681599999996,17598.681599999996,4.817389309755942e-10,3.750866382069731e-10,3.1253700582586154e-11,2.67029108742988e-10,7.680382888139892e-11,1.6564722131889387e-11,0.0,1.7843077005895974e-15,1.0758212479861484e-17,1.0742139358642511e-17
11,adam,0,17598.681599999996,20000.0,6.433397542822936e-10,4.1421415033950557e-10,8.875272591434444e-12,2.4508947033448454e-10,1.6024940741358663e-10,1.3807138344650188e-10,0.0,5.064459296205003e-16,9.87452265342094e-18,2.241535705355854e-17
11,adam,24,17598.681599999996,20000.0,3.517346672161531e-05,1.669056620959431e-05,6.190127732523116e-08,1.3535717768057862e-05,3.0929471642112196e-06,1.8482810270499693e-05,0.0,3.575320761159238e-12,5.508183863714704e-13,4.2848050080711537e-13
11,adam,49,17598.681599999996,20000.0,3.1334461736044457e-06,1.94650525381638e-06,8.649201533613564e-09,1.5970427886580052e-06,3.4081326362476104e-07,1.1868508802758351e-06,0.0,4.95651453670028e-13,6.451008718771283e-14,4.756921783912027e-14
11,adam,74,17598.681599999996,20000.0,5.265919390792462e-07,4.042873159135662e-07,1.6659396897588977e-09,3.235196123892839e-07,7.91017638345234e-08,1.2221461851003547e-07,0.0,9.504362895135655e-14,1.3020846177591338e-14,1.1081108755248991e-14
11,adam,99,17598.681599999996,20000.0,8.386923541465021e-08,7.623902867330332e-08,1.2766541541029083e-09,6.137239049808014e-08,1.3589984021120273e-08,7.54020574467182e-09,0.0,7.286318719879949e-14,2.472250086424239e-15,1.9017263833467496e-15
11,adam,124,17598.681599999996,20000.0,6.722365589092825e-08,6.569488360238301e-08,1.1211071090379358e-09,5.249089180508437e-08,1.2082884688260708e-08,1.4387723952430124e-09,0.0,6.399923702295899e-14,2.1152043862511627e-15,1.690239313960392e-15
11,adam,149,17598.681599999996,20000.0,5.787058299608437e-08,5.5420157840742195e-08,9.696671431435673e-10,4.4353248705126765e-08,1.0097241992471863e-08,2.3604261977098007e-09,0.0,5.535363392794429e-14,1.787156251455745e-15,1.4125714589639538e-15
11,adam,174,17598.681599999996,20000.0,5.044515974112397e-08,4.785366896688869e-08,8.306198270868603e-10,3.8338460037130096e-08,8.684589102671732e-09,2.5014924464077843e-09,0.0,4.741567172738624e-14,1.5447670038571508e-15,1.2149823902447944e-15
11,adam,199,17598.681599999996,20000.0,4.35644013803193e-08,4.1305007010561466e-08,7.010118032983003e-10,3.3091229128383214e-08,7.512766078879954e-09,2.1693963776465326e-09,0.0,4.001765137783642e-14,1.3333703370317203e-15,1.0510361996771785e-15
11,adam,224,17598.681599999996,20000.0,3.7795937338753244e-08,3.5907299117106564e-08,6.080217774875381e-10,2.8745975184962267e-08,6.553302154656762e-09,1.7986401948321297e-09,0.0,3.47100944426241e-14,1.1582672010755772e-15,9.168367690585623e-16
11,adam,249,17598.681599999996,20000.0,3.194628101471691e-08,3.029951326419899e-08,4.96082370281239e-10,2.424712357589791e-08,5.556307318019846e-09,1.5567694337105353e-09,0.0,2.8320338007684258e-14,9.770201035264073e-16,7.77349216815434e-16
11,adam,274,17598.681599999996,20000.0,2.6753345693045086e-08,2.5283922023585012e-08,4.004508464231768e-10,2.02274042454909e-08,4.656066931670934e-09,1.3794248507453328e-09,0.0,2.286127587046438e-14,8.150655761008632e-16,6.514047803640504e-16
11,adam,299,17598.681599999996,20000.0,2.2210835448814985e-08,2.0934467938759013e-08,3.187562898097364e-10,1.6741432339255618e-08,3.874279309693662e-09,1.186368007332107e-09,0.0,1.819769348151278e-14,6.746129698541881e-16,5.42032690296175e-16
11,adam,324,17598.681599999996,20000.0,1.8293015562034834e-08,1.718289494478709e-08,2.5006647008217485e-10,1.3733244722243732e-08,3.199583752461184e-09,1.0201202877627586e-09,0.0,1.427641794306655e-14,5.534072109984647e-16,4.476437071355377e-16
11,adam,349,17598.681599999996,20000.0,1.4959163746751784e-08,1.3993909569502783e-08,1.9342346549857755e-10,1.1174342123811274e-08,2.6261439801929313e-09,8.752529133466713e-10,0.0,1.1042794305843455e-14,4.503014696416995e-16,3.6742048314367986e-16
11,adam,374,17598.681599999996,20000.0,1.2158587533905927e-08,1.1319962210554741e-08,1.478009189818037e-10,9.027138053140337e-09,2.1450232384326003e-09,7.486230523355813e-10,0.0,8.438253237959681e-15,3.6378213889644633e-16,3.001125185007359e-16
11,adam,399,17598.681599999996,20000.0,9.834878639768241e-09,9.105629481077418e-09,1.1195145495540229e-10,7.247596043782827e-09,1.7460819823391877e-09,6.392458415881219e-10,0.0,6.39160526259559e-15,2.9207559179936876e-16,2.443011068059142e-16
11,adam,424,17598.681599999996,20000.0,8.260902530345108e-09,7.503458047276858e-09,8.478669264290456e-11,5.952489995613088e-09,1.4661813590208651e-09,6.674401202389954e-10,0.0,4.840751370507505e-15,2.398956007728653e-16,2.0514504768855385e-16
11,adam,449,17598.681599999996,20000.0,6.620349918942295e-09,5.961809339522374e-09,6.33107522691525e-11,4.709198823642318e-09,1.1892997636109033e-09,5.68535155687467e-10,0.0,3.61461863595637e-15,1.8979264132563699e-16,1.664083193520893e-16
11,adam,474,17598.681599999996,20000.0,5.30423911440999e-09,4.740491527440058e-09,4.8328829947626025e-11,3.725956946399879e-09,9.662057510925524e-10,4.737411438970216e-10,0.0,2.7592321748893588e-15,1.5016827278132108e-16,1.351966416626892e-16
11,adam,499,17598.681599999996,20000.0,4.260631213147776e-09,3.772703525544342e-09,3.8524447951572816e-11,2.946309308626669e-09,7.878697689661004e-10,3.97920289533761e-10,0.0,2.199433578947914e-15,1.1874805523594565e-16,1.1024607679229341e-16
11,adam,524,17598.681599999996,20000.0,3.441147278283474e-09,3.0137220968179128e-09,3.261262629324805e-11,2.3345945511576257e-09,6.465149193670388e-10,3.374169072647665e-10,0.0,1.8618683586365304e-15,9.409507353594353e-17,9.046890335956442e-17
11,adam,549,17598.681599999996,20000.0,2.803202803751334e-09,2.424716754637764e-09,2.959904104590028e-11,1.859700731113204e-09,5.354169824786594e-10,2.884769866353742e-10,0.0,1.6897724872820237e-15,7.495575079679424e-17,7.49245525994016e-17
11,adam,574,17598.681599999996,20000.0,2.310186253625417e-09,1.9712167570965284e-09,2.8616296686752694e-11,1.4940689695894142e-09,4.485314908203615e-10,2.4895973879611324e-10,0.0,1.6336265543484341e-15,6.021961235685994e-17,6.276750678965535e-17
11,adam,599,17598.681599999996,20000.0,1.931285714992713e-09,1.624161055136101e-09,2.8959035730946237e-11,1.214453275470825e-09,3.807487439343296e-10,2.1711430163268125e-10,0.0,1.6531609723078051e-15,4.8949942717559435e-17,5.3282992281301346e-17
11,adam,624,17598.681599999996,20000.0,1.5994186126746669e-09,1.334818778925335e-09,3.003355215312734e-11,9.870567864629555e-10,3.177284403092521e-10,1.7458899076384553e-10,0.0,1.7144910996819167e-15,3.978399837886895e-17,4.446358259869502e-17
11,adam,649,17598.681599999996,20000.0,1.3932419311953673e-09,1.14679774427763e-09,3.124443729644252e-11,8.354946505518902e-10,2.800586564292973e-10,1.564329635597856e-10,0.0,1.7836024020358658e-15,3.3675390416222375e-17,3.919243873285434e-17
11,adam,674,17598.681599999996,20000.0,1.234156995244573e-09,1.0008660981373535e-09,3.255665258008894e-11,7.185386866638642e-10,2.497707588934003e-10,1.4327937229170803e-10,0.0,1.8585013822032174e-15,2.896142346069267e-17,3.495409410157404e-17
11,adam,699,17598.681599999996,20000.0,1.11024234631876e-09,8.87845689013696e-10,3.3754011648104794e-11,6.28493596051529e-10,2.2559808131406218e-10,1.3238490292150183e-10,0.0,1.9268469230630005e-15,2.5332036595770788e-17,3.157137065321305e-17
11,adam,724,17598.681599999996,20000.0,1.0125893750761268e-09,7.993385984061044e-10,3.475047768145812e-11,5.586424377942587e-10,2.0594568293038747e-10,1.232388585279195e-10,0.0,1.983725998587662e-15,2.251654297394026e-17,2.882113906647408e-17
11,adam,749,17598.681599999996,20000.0,9.344716270793313e-10,7.288821669174302e-10,3.5486568709130954e-11,5.037319760335201e-10,1.8966362217477918e-10,1.1557743757946724e-10,0.0,2.0257421852448794e-15,2.0303235367497356e-17,2.654251791321199e-17
11,adam,774,17598.681599999996,20000.0,8.70861777341103e-10,6.717561565478136e-10,3.594353818169699e-11,4.5989698353384955e-10,1.7591563483226707e-10,1.0909354644700599e-10,0.0,2.051824835818415e-15,1.853634084659757e-17,2.461850698123737e-17
11,adam,799,17598.681599999996,20000.0,8.180440602405453e-10,6.244932826567664e-10,3.612605223915986e-11,4.242767821549442e-10,1.6409044826266236e-10,1.0353869759829396e-10,0.0,2.0622400050029288e-15,1.710056697737201e-17,2.296358001548739e-17
11,adam,824,17598.681599999996,20000.0,7.771308182838856e-10,5.818641149922944e-10,3.722149791769148e-11,3.9109652433930153e-10,1.5354609273530142e-10,1.0525467247570261e-10,0.0,2.1247439760325838e-15,1.576333603130288e-17,2.1488111715959595e-17
11,adam,849,17598.681599999996,20000.0,7.394953400239832e-10,5.507389923343604e-10,3.689782902143799e-11,3.694160169828748e-10,1.444251463300476e-10,9.874439656445908e-11,0.0,2.1062642488696125e-15,1.4889413299338745e-17,2.0211596397264577e-17
11,adam,874,17598.681599999996,20000.0,7.066685447907496e-10,5.220758347210498e-10,3.633260030240911e-11,3.493933692616929e-10,1.3634986515694782e-10,9.458086088199498e-11,0.0,2.0739953528625106e-15,1.4082326890373783e-17,1.9081451729609648e-17
11,adam,899,17598.681599999996,20000.0,6.774721324300757e-10,4.96103515330466e-10,3.562248296736729e-11,3.3165803005560865e-10,1.2882300230749009e-10,9.135688887760307e-11,0.0,2.0334541968814723e-15,1.3367455593249698e-17,1.802806670350417e-17
11,adam,924,17598.681599999996,20000.0,6.511297975005088e-10,4.727891609679425e-10,3.479887215533832e-11,3.1595978166096266e-10,1.2203050715164157e-10,8.832904530526071e-11,0.0,1.9864338081169333e-15,1.2734714378688838e-17,1.707747477167684e-17
11,adam,949,17598.681599999996,20000.0,6.271027250462364e-10,4.514453508180074e-10,3.389538984960516e-11,3.017961857548024e-10,1.157537752135998e-10,8.564593351920364e-11,0.0,1.9348537647667815e-15,1.2163843532781754e-17,1.6199076753819234e-17
11,adam,974,17598.681599999996,20000.0,6.050107698152598e-10,4.317429120411514e-10,3.29443522568553e-11,2.888777095879418e-10,1.0992085019635424e-10,8.325657857093161e-11,0.0,1.8805589689312435e-15,1.1643168313444263e-17,1.5382798699265062e-17
11,adam,999,17598.681599999996,20000.0,5.845807143259273e-10,4.1344330385067603e-10,3.197151406850846e-11,2.769968178050992e-10,1.0447497197706832e-10,8.112630139504843e-11,0.0,1.825019789085144e-15,1.1164319954964875e-17,1.4620693717368373e-17
11,adam,1024,17598.681599999996,20000.0,5.439685135937115e-10,3.778495947901729e-10,2.974507630259881e-11,2.5159954700180027e-10,9.650497148577384e-11,7.610799551531957e-11,0.0,1.6979426713080432e-15,1.0140690205387589e-17,1.3505256595146246e-17
11,adam,1049,17598.681599999996,20000.0,5.268339048387847e-10,3.6179908961742345e-10,2.8897731941806032e-11,2.415376667061172e-10,9.136369096950022e-11,7.502408984500355e-11,0.0,1.6495667207635502e-15,9.735185345602553e-18,1.2785805637192042e-17
11,adam,1074,17598.681599999996,20000.0,5.108514550302905e-10,3.4735040155890196e-10,2.8052589630806017e-11,2.3221181529446786e-10,8.708599663362807e-11,7.349052576366517e-11,0.0,1.6013171648880927e-15,9.359345639452337e-18,1.218722602506578e-17
11,adam,1099,17598.681599999996,20000.0,4.9590998714631e-10,3.334635837514482e-10,2.7235056548815282e-11,2.2335504038505875e-10,8.287348681757417e-11,7.243607267678164e-11,0.0,1.5546440879030744e-15,9.002400279665154e-18,1.1597755741339174e-17
11,adam,1124,17598.681599999996,20000.0,4.819435564947856e-10,3.205278590897448e-10,2.645393797979798e-11,2.151155400288628e-10,7.895838108108405e-11,7.14055616743425e-11,0.0,1.5100502020119463e-15,8.670329656177811e-18,1.1049899425547426e-17
11,adam,1149,17598.681599999996,20000.0,4.688929718063046e-10,3.0841420294113804e-10,2.5713318213472986e-11,2.074219248156357e-10,7.527895991202936e-11,7.046882551067046e-11,0.0,1.4677685873910875e-15,8.360255738087689e-18,1.053502002371877e-17
11,adam,1174,17598.681599999996,20000.0,4.567024989454696e-10,2.9707526058061213e-10,2.501734051166809e-11,2.0023505886401112e-10,7.182286120493293e-11,6.96174842841299e-11,0.0,1.4280357399129965e-15,8.070601613477571e-18,1.0051388092105777e-17
11,adam,1199,17598.681599999996,20000.0,4.4531893824078236e-10,2.8647023636980697e-10,2.4367880182583256e-11,1.9352236474362546e-10,6.857999144359825e-11,6.883913358938077e-11,0.0,1.3909586766137038e-15,7.800054746214233e-18,9.597591750734665e-18
11,adam,1224,17598.681599999996,20000.0,4.5471273429027946e-10,2.927693637441911e-10,2.3096443645133554e-11,2.009534178820156e-10,6.871950221704196e-11,7.193397663011296e-11,0.0,1.3183771666442232e-15,8.099562784654665e-18,9.617231574454989e-18
11,adam,1249,17598.681599999996,20000.0,4.4342109520023057e-10,2.831420206241837e-10,2.262329627242442e-11,1.9489991534542272e-10,6.561880900633657e-11,7.02698440940454e-11,0.0,1.291366958603229e-15,7.855567165412378e-18,9.18332259475404e-18
11,adam,1274,17598.681599999996,20000.0,4.329720138665029e-10,2.738174411651359e-10,2.216882216024793e-11,1.8903481345861333e-10,6.261380554627464e-11,6.914550571669516e-11,0.0,1.265421986504914e-15,7.619164910487684e-18,8.762797489940415e-18
11,adam,1299,17598.681599999996,20000.0,4.2328226196354e-10,2.650145237298891e-10,2.1748770810203797e-11,1.8342120087433388e-10,5.984455204535142e-11,6.82588349227033e-11,0.0,1.2414423657870642e-15,7.392895830827337e-18,8.375258614536618e-18
11,adam,1324,17598.681599999996,20000.0,4.142741461856166e-10,2.567813918260706e-10,2.1350477516943726e-11,1.7818551945994544e-10,5.7245394849181407e-11,6.748401345667924e-11,0.0,1.218704796823437e-15,7.181859678792151e-18,8.011524936877703e-18
11,adam,1349,17598.681599999996,20000.0,4.05884645468438e-10,2.490624458012558e-10,2.098067232363904e-11,1.7325583731043098e-10,5.4825936167185783e-11,6.681361930725364e-11,0.0,1.1975935900452253e-15,6.983156245748753e-18,7.672937555280204e-18
11,adam,1374,17598.681599999996,20000.0,3.980605136615475e-10,2.418385267193295e-10,2.063845720414171e-11,1.68634090980464e-10,5.2565978534723796e-11,6.621356465865089e-11,0.0,1.1780574584149445e-15,6.7968637711084e-18,7.356670570528655e-18
11,adam,1399,17598.681599999996,20000.0,3.9075503474082944e-10,2.3507441435771836e-10,2.0323894816110535e-11,1.642959182487898e-10,5.045460129281806e-11,6.567235328364433e-11,0.0,1.1600999895098265e-15,6.622000211731984e-18,7.061195609770501e-18
11,lbfgs,1400,17598.681599999996,20000.0,3.907513619878865e-10,2.3509125569058137e-10,2.2915286999211506e-11,1.615490338296259e-10,5.062693486174397e-11,6.565184534024403e-11,0.0,1.3080175373815468e-15,6.511220237630203e-18,7.085244348831644e-18
11,lbfgs,1409,17598.681599999996,20000.0,3.891980932171001e-10,2.3610911539954407e-10,2.2884903605145796e-11,1.625496270596274e-10,5.0674584734770845e-11,6.308071685916853e-11,0.0,1.3062830039573563e-15,6.5516051263439885e-18,7.09186504922125e-18
11,lbfgs,1419,17598.681599999996,20000.0,3.891376491699867e-10,2.3572411205632406e-10,2.2892065137708997e-11,1.6240589597026158e-10,5.042615094835348e-11,6.340527615838096e-11,0.0,1.3066919002251257e-15,6.545807353938027e-18,7.05710173132656e-18
11,lbfgs,1429,17598.681599999996,20000.0,3.890859717565037e-10,2.359330230084136e-10,2.289420968002961e-11,1.626233958105916e-10,5.0415417517792383e-11,6.314468779443106e-11,0.0,1.3068143570332038e-15,6.554581092889195e-18,7.055599449293082e-18
