window,stage,step,t0,t1,total,physics,res_S,res_E,res_I,endpoint_physics,bound,orig_mse_S,orig_mse_E,orig_mse_I
0,adam,0,0.0,250.0,2.0370608033238278,1.527795602426088,0.10025666883375696,0.4275389335923308,1.0,0.5092652008086961,0.0,1.299170513584679e-12,4.6242611057346566e-11,8.999999999999995e-12
0,adam,24,0.0,250.0,0.47703035161300633,0.24473366393404347,0.013651218913297332,0.11871643335003294,0.1123660116707132,0.2322966875877824,0.0,5.011277564196942e-12,7.783781488413969e-12,1.3290551515590897e-12
0,adam,49,0.0,250.0,0.37869038843982483,0.16177686799663354,0.004372215924329441,0.07735747245241915,0.08004717961988495,0.21691352035074443,0.0,1.8283988696552124e-12,5.132060854585355e-12,1.4778811395131415e-12
0,adam,74,0.0,250.0,0.32456882503186857,0.12901244456903907,0.00029568709541085813,0.0630090849103848,0.0657076725632434,0.19555638036861442,0.0,3.273316255290282e-13,4.376157023361299e-12,1.4622970762164511e-12
0,adam,99,0.0,250.0,0.28100330994412154,0.11133382116629045,0.004089397289919539,0.06047601850208959,0.04676840537428133,0.1696694886791421,0.0,1.6827560173015408e-12,2.9016170749263925e-12,1.885073079236284e-12
0,adam,124,0.0,250.0,0.22465189513437983,0.07367449971987824,0.001169588046102516,0.035871814632907124,0.03663309704086861,0.1509773953157902,0.0,9.293656209143938e-13,2.640955168100207e-12,1.0961184345282392e-12
0,adam,149,0.0,250.0,0.18560586703422502,0.059645729342833846,0.0013327216378418245,0.028859508467811098,0.029453499237180925,0.1259601375908247,0.0,5.210026398867509e-13,1.9883073011246717e-12,1.0796404218209418e-12
0,adam,174,0.0,250.0,0.5028996367025994,0.3019933297960359,0.002706088622348529,0.2526391379327843,0.04664810324090308,0.20090630680484142,0.0,1.6714666845425062e-12,3.4002763931452497e-12,3.2902906724465113e-12
0,adam,199,0.0,250.0,0.2029509102529564,0.0712398523296781,0.0016317339254383278,0.047392516852336974,0.0222156015519028,0.13171105782299966,0.0,5.475675028197003e-13,2.459347417602331e-12,5.746733402140096e-13
0,adam,224,0.0,250.0,0.15740676232042283,0.0493111583138479,0.002360361917461745,0.027233307691239696,0.01971748870514646,0.10809560390523032,0.0,9.248147178562793e-13,1.6394760100008454e-12,6.685514238757331e-13
0,adam,249,0.0,250.0,0.13829500154462812,0.045366665476420306,0.002945020941928313,0.019256846339775948,0.02316479819471605,0.09292833596521315,0.0,1.0621555018097411e-12,1.2899081528732584e-12,9.411095722679024e-13
0,adam,274,0.0,250.0,0.24184449389047755,0.10910266326179478,0.002199132003401003,0.07630630928992609,0.030597221968467692,0.1327418305250784,0.0,6.986200156921017e-13,1.6020432238162007e-12,1.3250197812530878e-12
0,adam,299,0.0,250.0,0.1219696234030037,0.03720288045292279,0.0017700976626266844,0.017819454148395315,0.01761332864190079,0.08476674284608682,0.0,4.793077147580297e-13,1.1910421683562012e-12,5.633875777190843e-13
0,adam,324,0.0,250.0,0.24870094301424875,0.11214208649135841,0.0019898758827173093,0.08015020529312879,0.03000200531551232,0.13655885641780732,0.0,7.696152393560906e-13,1.3452230728530492e-12,1.1596788762577959e-12
0,adam,349,0.0,250.0,0.23134296313831137,0.10463513009497866,0.0014269573991498748,0.0749613835187294,0.02824678917709938,0.12670783293795373,0.0,4.776332028687667e-13,1.3059975003214926e-12,9.857326486453314e-13
0,adam,374,0.0,250.0,0.1089976916310362,0.03856290787714309,0.001346831043979927,0.019678506398318304,0.017537570434844857,0.07043478364804288,0.0,4.817868496724192e-13,1.024531956388944e-12,5.35007762447733e-13
0,adam,399,0.0,250.0,0.11199832354856154,0.04316879409110223,0.0011924812420242138,0.03079697514648358,0.011179337702594442,0.06882952935043969,0.0,4.1046756112937725e-13,9.795140708192457e-13,3.08254343338193e-13
0,adam,424,0.0,250.0,0.12213890649197696,0.045771024511670325,0.0008681959300311886,0.024601092900414963,0.020301735681224176,0.07636788187295017,0.0,2.7504582931547627e-13,9.753886095831565e-13,4.895294049693499e-13
0,adam,449,0.0,250.0,0.10804067150549328,0.03914056315503188,0.0006720069119629331,0.02000600108147475,0.018462555161594195,0.0689001082428715,0.0,2.0531963738460628e-13,9.377233231397426e-13,4.2936828533247255e-13
0,adam,474,0.0,250.0,0.13422668310407593,0.05834960931373802,0.0006285577186026375,0.046748585590316395,0.010972466004818984,0.07587707368245623,0.0,1.8668383975351182e-13,1.0610539551449213e-12,2.1498970929189456e-13
0,adam,499,0.0,250.0,0.10022667476139244,0.03655972544630265,0.0006448240203007069,0.02287698055852425,0.013037920867477695,0.06366694920686986,0.0,1.9104506279290343e-13,9.030971407817713e-13,3.0251043248678995e-13
0,adam,524,0.0,250.0,0.07920758951331312,0.026449796790117268,0.0006730689343787073,0.015103661331878513,0.010673066523860046,0.052757792614176104,0.0,1.8976226271240708e-13,7.97292291383588e-13,2.550476445788154e-13
0,adam,549,0.0,250.0,0.4504537235570129,0.27404179419819863,0.0008833385417141171,0.24119601934711107,0.03196243630937343,0.1764119292485634,0.0,2.648482276334047e-13,9.906077954017853e-13,6.990023969016488e-13
0,adam,574,0.0,250.0,0.20198933201544328,0.07370520169634368,0.0007991436999423118,0.0536047171961025,0.01930134080029887,0.1282841302091288,0.0,1.92537208644814e-13,8.719790095135985e-13,2.4007504261650764e-13
0,adam,599,0.0,250.0,0.14003990183167644,0.06378266918217756,0.0006146908335635757,0.05309454107938198,0.010073437269232008,0.07625723254016101,0.0,1.538883033765851e-13,1.023636686797848e-12,1.0524309376282709e-13
0,adam,624,0.0,250.0,0.07695012179074623,0.025086590499530395,0.000600232809973218,0.014252040900148834,0.010234316789408341,0.05186353118172534,0.0,1.3527137891202265e-13,6.444545217566342e-13,2.3733067321611417e-13
0,adam,649,0.0,250.0,0.1277188325876869,0.06460810354915507,0.0005940676817083915,0.045379718958637856,0.018634316908808814,0.0631107289279456,0.0,1.3754886360351488e-13,6.01062050105042e-13,3.2006071110015363e-13
0,adam,674,0.0,250.0,0.071546585609805,0.025435345130036327,0.0006502405916862546,0.017628673690696796,0.007156430847653277,0.046111240367982136,0.0,1.279569444929564e-13,5.136519452763501e-13,1.8307142462149988e-13
0,adam,699,0.0,250.0,0.15515116406851762,0.04985049171320234,0.0033961211018190135,0.03228619962725329,0.014168170984130032,0.10530067224264524,0.0,1.1302870338704457e-12,5.170327893324335e-13,1.0599157405571469e-13
0,adam,724,0.0,250.0,0.06815309469673402,0.023493686155476312,0.0006232800859594419,0.017257687993312933,0.00561271807620394,0.04465940842894395,0.0,9.101254022924081e-14,5.387004315491756e-13,8.368038798842622e-14
0,adam,749,0.0,250.0,0.09993787806207965,0.051535033124415985,0.0005024181944136407,0.04159810693298583,0.009434507997016511,0.04840284482476948,0.0,5.896475318945572e-14,4.5220430965787966e-13,1.5016736328275e-13
0,adam,774,0.0,250.0,2.159003480745788,1.182124916902964,0.0007677932743090836,1.1508561236990604,0.030500999929594437,0.9768785637295335,0.0,1.463796587127709e-13,5.306117947988634e-13,2.4693844276236055e-13
0,adam,799,0.0,250.0,0.06405913649240137,0.018778462772227486,0.0004868505348160104,0.011904444758750937,0.006387167478660538,0.04528067360729394,0.0,5.989955318712538e-14,5.04226570115076e-13,8.669206172398266e-14
0,adam,824,0.0,250.0,0.06378275690237792,0.022230338989271497,0.0005155498091396777,0.014244825833702781,0.007469963346429039,0.04155241779974007,0.0,5.3861550602429315e-14,4.748882395828456e-13,1.7040635250349508e-13
0,adam,849,0.0,250.0,0.22477421991549557,0.14658493910478132,0.0010911534884678522,0.13034213983563783,0.01515164578067562,0.07818928069759033,0.0,1.808013644597086e-13,6.00933105778407e-13,9.692721805797076e-14
0,adam,874,0.0,250.0,0.05942284190325194,0.0171347409322487,0.00044192629399440584,0.011102710779482489,0.005590103858771807,0.04228810085815476,0.0,4.706127781751132e-14,5.695943071398303e-13,9.855317847341357e-14
0,adam,899,0.0,250.0,0.050245224279477335,0.01591215607814525,0.00044097606584706737,0.007607573262661613,0.00786360674963657,0.03433306808746248,0.0,4.213451026051193e-14,4.3873733676015226e-13,1.726055556501112e-13
0,adam,924,0.0,250.0,0.04112244448763701,0.011573450551218115,0.0004755891187582778,0.005516411673061827,0.00558144975939801,0.02954899382148222,0.0,3.8775658134204765e-14,3.989671261251146e-13,1.1829806359130006e-13
0,adam,949,0.0,250.0,0.06920702266975177,0.03331860129823673,0.0005404851283762418,0.024047243864121985,0.008730872305738501,0.03588842125587833,0.0,5.486170317694968e-14,3.6987437493773585e-13,1.2646391016988276e-13
0,adam,974,0.0,250.0,0.09181969436307459,0.050588932095456306,0.0004778147484366939,0.040583298201873445,0.009527819145146166,0.04123076215181133,0.0,3.778222865315132e-14,3.8752980204934845e-13,8.786959322427834e-14
0,adam,999,0.0,250.0,0.07707206944135393,0.039379111859586896,0.0004245867639659205,0.032025760640814076,0.0069287644548068975,0.03769295746590271,0.0,3.299558799416352e-14,3.8911407342224333e-13,8.47958900791643e-14
0,adam,1024,0.0,250.0,0.09257815329278714,0.04364293355739648,0.0004074617354167776,0.033885996378930104,0.009349475443049591,0.048935219619441556,0.0,3.577585793105127e-14,3.8521230088938945e-13,1.0291758104431557e-13
0,adam,1049,0.0,250.0,0.07601113452502102,0.035351341349596554,0.0003856852915738511,0.02655423119411272,0.008411424863909979,0.0406597930593419,0.0,3.439075068755798e-14,3.804434470890362e-13,9.984552359116455e-14
0,adam,1074,0.0,250.0,0.08535662225531623,0.04201043866022522,0.0003612486669950243,0.03386599384441277,0.007783196148817425,0.04334618347883068,0.0,2.8560668360749714e-14,3.861981116876122e-13,8.393594178581441e-14
0,adam,1099,0.0,250.0,0.07862532516767547,0.03793949330128238,0.0003279389621207472,0.030584110415130268,0.007027443924031362,0.040685831749924815,0.0,2.5060878337767772e-14,3.780987626778965e-13,8.260121017309955e-14
0,adam,1124,0.0,250.0,0.07325508623187663,0.033292207267240456,0.00030463606331244513,0.02525682125362213,0.007730749950305882,0.03996287884793535,0.0,2.539073684712338e-14,3.611831998906439e-13,9.366946245127932e-14
0,adam,1149,0.0,250.0,0.059440386085331184,0.02443240870618495,0.0002829363109810363,0.017385968178590457,0.006763504216613456,0.035007977262182834,0.0,2.2819022234282977e-14,3.522815811444823e-13,9.011222484924943e-14
0,adam,1174,0.0,250.0,0.09069762498114714,0.047510569401406695,0.00026169728656775664,0.038054099823527865,0.009194772291311078,0.04318705546248274,0.0,1.820926379888228e-14,3.5464495100433486e-13,7.803086497658895e-14
0,adam,1199,0.0,250.0,0.087256908099268,0.04552388978957081,0.00024323523970293747,0.03644179538332143,0.008838859166546439,0.04173301819211601,0.0,1.6490341292905562e-14,3.4279311056203556e-13,7.701753821664748e-14
0,adam,1224,0.0,250.0,0.04658494949186325,0.017152950804127855,0.00023980031980495742,0.011425167012315081,0.005487983472007818,0.029431998569776265,0.0,1.7869156129719392e-14,3.1451356352346524e-13,8.36671105964694e-14
0,adam,1249,0.0,250.0,0.06537430244389716,0.028508143261400835,0.00022679094740409584,0.022045792536703065,0.006235559777293673,0.036866159064169436,0.0,1.716732885689993e-14,3.058492848188802e-13,8.082104782826853e-14
0,adam,1274,0.0,250.0,0.06481427959596349,0.031446991296228084,0.000214692303306653,0.023952035040439884,0.00728026395248155,0.03336728818083274,0.0,1.46261546941877e-14,2.829099878664856e-13,7.836238426575363e-14
0,adam,1299,0.0,250.0,0.06705110683149867,0.033645852246594776,0.00019729734557760495,0.026581482037200607,0.006867072863816568,0.033405254465704595,0.0,1.2014723838625765e-14,2.8743479266499577e-13,6.595065613863423e-14
0,adam,1324,0.0,250.0,0.07066711240487862,0.03498063813996102,0.00019475740803929554,0.02864099481346371,0.006144885918458015,0.03568647414549356,0.0,1.4217424590530786e-14,2.767622500534218e-13,7.332045460549099e-14
0,adam,1349,0.0,250.0,0.06068054631900075,0.028241900615489347,0.00017894757802176163,0.022444849785994123,0.005618103251473461,0.03243864558385388,0.0,1.2830026406813074e-14,2.7128934404828057e-13,7.173988925662276e-14
0,adam,1374,0.0,250.0,0.06807839398145148,0.03489682524702138,0.00015631682505271927,0.027391259031817168,0.007349249390151492,0.033181568614525474,0.0,9.23747925299612e-15,2.7349880708553447e-13,6.332958220475533e-14
0,adam,1399,0.0,250.0,0.06153906620616209,0.030510593499587506,0.00014493509658189359,0.023888874129228473,0.006476784273777137,0.031028472586418915,0.0,8.47005402717765e-15,2.6730875374088306e-13,6.203433027189318e-14
0,lbfgs,1400,0.0,250.0,0.0674873276256496,0.03283121115695315,0.00014913328732467338,0.027120516130855993,0.005561561738772486,0.03465611634853424,0.0,1.0905881638884163e-14,2.608405684974057e-13,6.65532197644168e-14
0,lbfgs,1409,0.0,250.0,0.028377667388320052,0.007033853747163595,0.00015045200101818445,0.0037364365889340657,0.0031469651572113453,0.02134381352099052,0.0,1.096300182684504e-14,2.608809140031758e-13,6.17022656086119e-14
0,lbfgs,1419,0.0,250.0,0.025548115303489067,0.00853829953535791,0.00028123311919151797,0.003936125565217018,0.004320940850949374,0.017009815647794062,0.0,1.5061517839073217e-14,2.0573339567887267e-13,8.748094044962381e-14
0,lbfgs,1429,0.0,250.0,0.02121680403432597,0.00938017813857479,0.0002515985995378932,0.003494973781554684,0.005633605757482212,0.01183662577515613,0.0,1.7312069858910072e-14,1.471088169084081e-13,1.330547707459259e-13
0,lbfgs,1439,0.0,250.0,0.008061370720590145,0.006066786995119344,0.0008987807857968039,0.0007687078167077185,0.004399298392614821,0.0019945836035407494,0.0,4.675408608942936e-14,1.6836277957141003e-14,5.3305905922565484e-14
0,lbfgs,1449,0.0,250.0,0.0051331664078128995,0.004708900840848598,0.0006152624437799943,0.0005096575373655252,0.003583980859703078,0.0004242654446025477,0.0,4.29008829670087e-14,6.252736422047001e-15,4.234216252680433e-14
0,lbfgs,1459,0.0,250.0,0.003338529400697802,0.0029684229095137795,0.0005237921600587008,0.000697507803731219,0.00174712294572386,0.0003701063682847587,0.0,2.960597834745423e-14,1.089963514002105e-14,2.1932704934836274e-14
0,lbfgs,1469,0.0,250.0,0.002804931187772564,0.0025047366979084745,0.0004229330270668461,0.0005174751342439995,0.001564328536597629,0.00030019436688192934,0.0,2.2555805285282025e-14,9.751142123493403e-15,2.39411680929202e-14
0,lbfgs,1479,0.0,250.0,0.0025568795776798863,0.002144624527908797,0.0003009053804000069,0.0004620574700019536,0.0013816616775068362,0.0004122549268880883,0.0,1.8251042935081528e-14,9.989763552433545e-15,2.1943663155360557e-14
0,lbfgs,1489,0.0,250.0,0.002373521914342363,0.0019523669911466833,0.0002675044345521994,0.0003995126233459901,0.0012853499332484938,0.0004211547999877355,0.0,1.3573914642377342e-14,8.295995417989678e-15,1.9670189713996968e-14
0,lbfgs,1499,0.0,250.0,0.0020954998658019026,0.0018154983524059642,0.0002018110696677371,0.000640720251412423,0.000972967031325804,0.00028000139027690215,0.0,1.3931840228579426e-14,1.2037450557826663e-14,1.5481230806533024e-14
0,lbfgs,1509,0.0,250.0,0.0018724791043595707,0.001622775412414586,0.00019819520189955642,0.0005813820379696337,0.0008431981725453959,0.0002497035684446472,0.0,1.3669264286030327e-14,1.2699692312912098e-14,1.299483324588885e-14
0,lbfgs,1519,0.0,250.0,0.0016876981713607893,0.001570860733783391,0.00015519097034369088,0.0006753613545793628,0.0007403084088603373,0.00011683731410771292,0.0,1.066118245969104e-14,1.468703218299541e-14,1.0506285755393255e-14
0,lbfgs,1529,0.0,250.0,0.0015055504187322668,0.0013691926152597446,8.854119051116933e-05,0.0007011099328281799,0.0005795414919203954,0.00013635767969980077,0.0,5.492732412470661e-15,1.5098296035832625e-14,6.901289502518292e-15
0,lbfgs,1539,0.0,250.0,0.0013773250357109665,0.0012844767135260838,9.224729477656386e-05,0.0007972447193707285,0.0003949846993787914,9.284819796868065e-05,0.0,5.812718845489526e-15,1.6774334054012012e-14,4.0490977725059885e-15
0,lbfgs,1549,0.0,250.0,0.001336979283228461,0.0012838677917551408,9.054811270625193e-05,0.0007743943740206823,0.0004189253050282066,5.311136751771108e-05,0.0,5.803508850841407e-15,1.7127171307982954e-14,4.901978522598568e-15
0,lbfgs,1559,0.0,250.0,0.0012347472775269016,0.0011728500586323616,0.00013866942472836314,0.0007030591629243576,0.00033112147097964073,6.189709475357289e-05,0.0,8.076971944187267e-15,1.587066108781314e-14,4.089498827577767e-15
0,lbfgs,1569,0.0,250.0,0.0008967742142471475,0.0008670050829049601,0.00012265277068879596,0.000604468375491155,0.0001398839367250091,2.9769006391765158e-05,0.0,6.407525380814426e-15,1.469428477113924e-14,1.1604754047302558e-15
0,lbfgs,1579,0.0,250.0,0.0008485949699181373,0.0008217409257414343,0.0001612012495126522,0.0005543913717463776,0.00010614830448240451,2.6853918683265927e-05,0.0,8.1591329602258e-15,1.3185267645491618e-14,6.069444395200113e-16
0,lbfgs,1589,0.0,250.0,0.0008246240228159487,0.0007846667908449317,0.00015988286687774873,0.0005149350706177427,0.00010984885334944038,3.995710624072176e-05,0.0,7.65256825578339e-15,1.2087411977216772e-14,5.324144953401754e-16
0,lbfgs,1599,0.0,250.0,0.0007605591066193582,0.000741331795482602,0.00015349766869503633,0.0004601746788435172,0.00012765944794404852,1.922718576957064e-05,0.0,7.982250787985729e-15,1.1111361537006082e-14,8.860180209108828e-16
0,lbfgs,1609,0.0,250.0,0.0007224363010174183,0.0006855041679127835,0.00013185832926075077,0.00041709886195498376,0.00013654697669704895,3.693200788746256e-05,0.0,6.899281193889998e-15,9.772155752047757e-15,1.0777255277292267e-15
0,lbfgs,1619,0.0,250.0,0.0006118753400579476,0.0005842488756212717,0.00012342826310987747,0.0003022015462136926,0.00015861906629770166,2.7626339400829553e-05,0.0,5.2743699180618e-15,6.502286810700559e-15,1.3726279407173066e-15
0,lbfgs,1629,0.0,250.0,0.0006041624025914079,0.0005818669816576932,0.00011809094156576404,0.00030412477677648224,0.00015965126331544683,2.2295295989027287e-05,0.0,5.1349378493267626e-15,6.740777170648597e-15,1.478059047093838e-15
0,lbfgs,1639,0.0,250.0,0.0005344767682256812,0.0005156741558096159,0.00010365559985455581,0.00021579041069075128,0.00019622814526430883,1.880248792576625e-05,0.0,4.884782855322583e-15,4.753154432510959e-15,2.0832115336765015e-15
0,lbfgs,1649,0.0,250.0,0.0004053137150570014,0.0003875393727999478,9.109378780536874e-05,0.00013221982513409716,0.0001642257598604819,1.7774217890535475e-05,0.0,4.321623708938666e-15,2.3870196945130763e-15,1.6557187769864459e-15
0,lbfgs,1659,0.0,250.0,0.0003721308013770259,0.00036275187401652335,0.00010098217927932629,0.00013996878891787425,0.00012180090581932281,9.378802747130505e-06,0.0,4.929581722525949e-15,2.6171557281284217e-15,1.1235902189899521e-15
0,lbfgs,1669,0.0,250.0,0.00034672965727156703,0.0003324341806523233,0.00010419070477069068,0.00012785901963573498,0.00010038445624589764,1.4295351684950684e-05,0.0,4.420170866403404e-15,2.2328987774740377e-15,7.827001661308435e-16
0,lbfgs,1679,0.0,250.0,0.0003409863400950854,0.00033036286265606524,0.00010723208538020092,0.00012275010417166554,0.0001003806731041988,1.0623352416247255e-05,0.0,4.449197147301209e-15,2.0988851789921578e-15,7.257158217130491e-16
0,lbfgs,1689,0.0,250.0,0.0003281014347725346,0.0003167899518020886,0.00010233016693958545,0.00012544298204005103,8.901680282245213e-05,1.1311357921345034e-05,0.0,4.231354244551699e-15,2.051483290979319e-15,6.586906921629488e-16
0,lbfgs,1699,0.0,250.0,0.0002479942879255436,0.00022911857967223211,6.760553990560647e-05,8.622501132962767e-05,7.528802843699797e-05,1.8875583055544253e-05,0.0,2.7420497242811585e-15,1.177245115601606e-15,6.301985927274739e-16
0,lbfgs,1709,0.0,250.0,0.00022475826247473664,0.00020715776142892032,5.5485981322238775e-05,8.04680004226237e-05,7.120377968405784e-05,1.760037588610929e-05,0.0,2.1029546047090073e-15,1.543593069709981e-15,6.317536231924899e-16
0,lbfgs,1719,0.0,250.0,0.00021644598329681296,0.00020641775953844467,5.560223147864309e-05,7.373884039740694e-05,7.707668766239464e-05,1.0028098596070498e-05,0.0,2.108850412030775e-15,1.3552305278923402e-15,6.995274460680149e-16
0,lbfgs,1729,0.0,250.0,0.0002109577309263192,0.00019797395262771727,5.3585635613192744e-05,6.92477638855897e-05,7.514055312893483e-05,1.298365310703834e-05,0.0,2.0571232915360514e-15,1.206710821712918e-15,6.525460211792226e-16
0,lbfgs,1739,0.0,250.0,0.00020204479982644628,0.00018589083817726774,4.7306788193142824e-05,6.250097557243985e-05,7.608307441168506e-05,1.6153836539840924e-05,0.0,1.955541385975817e-15,1.0220080951747029e-15,6.354970336033818e-16
0,lbfgs,1749,0.0,250.0,0.0001883248444343993,0.00017318801141777816,4.544613870971005e-05,5.792752195817874e-05,6.981435074988937e-05,1.5136707893109142e-05,0.0,2.244021857262998e-15,9.35221009876609e-16,5.705079345014492e-16
0,lbfgs,1759,0.0,250.0,0.00016124249760453283,0.00015667261398056816,4.1882312483320764e-05,4.9107976714654273e-05,6.568232478259311e-05,4.569758262297687e-06,0.0,2.035793220966415e-15,7.064003237002222e-16,4.850989446668022e-16
0,lbfgs,1769,0.0,250.0,0.00015236870039652434,0.0001479539178546222,3.722035499695782e-05,4.621530046857345e-05,6.451826238909093e-05,4.414657288499549e-06,0.0,1.7652635192143412e-15,6.247872048437025e-16,5.024258085207003e-16
0,lbfgs,1779,0.0,250.0,0.00015134377590897077,0.00014716351790884153,3.742895553308051e-05,4.630074457362189e-05,6.343381780213915e-05,4.180132704621933e-06,0.0,1.8223802687205802e-15,6.112601460866988e-16,4.905359383776203e-16
0,lbfgs,1789,0.0,250.0,0.0001450497984783431,0.00014104877116115897,3.938538179180656e-05,4.324860795326808e-05,5.841478141608432e-05,4.000902018356492e-06,0.0,1.9989737454403508e-15,6.20482912867734e-16,4.957272806194152e-16
0,lbfgs,1799,0.0,250.0,0.00011737386534146598,0.00010922509927127959,3.5154120971014783e-05,2.9403503799840377e-05,4.4667474500424424e-05,8.148640457929186e-06,0.0,1.8260361227573236e-15,3.583948687225342e-16,3.8714386806506167e-16
0,lbfgs,1809,0.0,250.0,0.00010270767784729902,9.764446740910526e-05,3.3939465446294396e-05,2.5115533325143992e-05,3.8589468637666867e-05,5.063084535473323e-06,0.0,1.94161112692955e-15,3.5525139994290747e-16,3.6285499246876565e-16
0,lbfgs,1819,0.0,250.0,9.827382769817229e-05,9.604834054211076e-05,2.9489583016897314e-05,2.9643873854458487e-05,3.691488367075496e-05,2.2253612667335977e-06,0.0,1.6542267677913418e-15,4.0407379590440347e-16,3.5647304459536016e-16
0,lbfgs,1829,0.0,250.0,9.509032453532126e-05,9.061886927411579e-05,2.6159344523998158e-05,2.845373330190234e-05,3.600579144821529e-05,4.471329304987516e-06,0.0,1.4353556284264246e-15,3.9456004834575113e-16,3.310880459917024e-16
0,lbfgs,1839,0.0,250.0,9.083279172893957e-05,8.850228530160148e-05,2.280925996035626e-05,2.6577981170499896e-05,3.911504417074533e-05,2.33038032324974e-06,0.0,1.2513042810249229e-15,3.351016293889394e-16,3.4516731848158227e-16
0,lbfgs,1849,0.0,250.0,8.475827788863022e-05,8.288509370130297e-05,2.4412951980554285e-05,1.9621287024985272e-05,3.885085469576342e-05,1.873057925370407e-06,0.0,1.3906234308603771e-15,2.0224044691632507e-16,3.394057062219071e-16
0,lbfgs,1859,0.0,250.0,7.790568238767273e-05,7.741971437183198e-05,2.1498046626471333e-05,1.7569110166996918e-05,3.835255757836373e-05,4.85841691145683e-07,0.0,1.3470732302025606e-15,2.1183912398621364e-16,3.337650374619797e-16
0,lbfgs,1869,0.0,250.0,7.093175669424141e-05,6.992122950241793e-05,1.7299082563386868e-05,1.4672918697568616e-05,3.794922824146245e-05,1.010400752646364e-06,0.0,1.058849944857379e-15,1.156727321780206e-16,3.263215070767088e-16
0,lbfgs,1879,0.0,250.0,6.311192035058147e-05,6.23818195122282e-05,1.2462161373650025e-05,1.4029352915950386e-05,3.5890305222627795e-05,7.299741094220459e-07,0.0,8.663884109622445e-16,1.6716572572379927e-16,3.179525892898012e-16
0,lbfgs,1889,0.0,250.0,6.134328527397633e-05,5.956786489171373e-05,1.1074475609761382e-05,1.4313034998991511e-05,3.418035428296084e-05,1.7752936982941817e-06,0.0,7.503627730376868e-16,1.805783121977941e-16,3.078407534319578e-16
0,lbfgs,1899,0.0,250.0,5.702765651649711e-05,5.6294063087112425e-05,1.0781838962123154e-05,1.1082128699140132e-05,3.443009542584914e-05,7.334667308079505e-07,0.0,6.85161139788966e-16,1.4670221769583008e-16,3.206252335483502e-16
0,lbfgs,1909,0.0,250.0,5.456968126003956e-05,5.432064431892395e-05,9.576360601948278e-06,1.1410777783765564e-05,3.33335059332101e-05,2.489102757935204e-07,0.0,6.174785899635143e-16,1.781232510334011e-16,3.138314827352959e-16
0,lbfgs,1919,0.0,250.0,5.4485413342188694e-05,5.419657040537889e-05,9.70949029810289e-06,1.1514556065004833e-05,3.297252404227117e-05,2.887162855989315e-07,0.0,6.214878626935546e-16,1.7704337292738043e-16,3.1281797880562617e-16
0,lbfgs,1929,0.0,250.0,5.435166779470392e-05,5.398692208255688e-05,9.67920884205907e-06,1.127408882038738e-05,3.303362442011043e-05,3.646190651291069e-07,0.0,6.079221827370731e-16,1.7573986649906597e-16,3.1246095740155536e-16
0,lbfgs,1939,0.0,250.0,5.4097681300775955e-05,5.378049182235468e-05,9.801818251978862e-06,1.0810766194650155e-05,3.3167907375725666e-05,3.170628272102247e-07,0.0,6.108568655708409e-16,1.5540874992097711e-16,3.1506798209421003e-16
0,lbfgs,1949,0.0,250.0,5.349619488266607e-05,5.319046106538038e-05,9.274546119170241e-06,1.0709895086265447e-05,3.320601985994469e-05,3.0560715833856824e-07,0.0,5.743597239132621e-16,1.4800482302374362e-16,3.1356319710647134e-16
0,lbfgs,1959,0.0,250.0,5.229316644181909e-05,5.1992957653601174e-05,7.994864761238876e-06,1.184969126470275e-05,3.214840162765955e-05,3.000821565229107e-07,0.0,4.954635304375207e-16,1.624116306384687e-16,3.028654694185245e-16
0,lbfgs,1969,0.0,250.0,5.099387980625144e-05,5.0488489491327396e-05,7.3695961523595995e-06,9.856436089504482e-06,3.326245724946332e-05,5.052637321052153e-07,0.0,4.511532595336019e-16,1.3491362864221596e-16,3.077779453500447e-16
0,lbfgs,1979,0.0,250.0,4.8560604856421963e-05,4.818398823505779e-05,6.065914654297923e-06,1.033125012485344e-05,3.1786823455906426e-05,3.764900006001492e-07,0.0,3.880688065225505e-16,1.0051225326052062e-16,3.0331844336854843e-16
0,lbfgs,1989,0.0,250.0,4.7468496438063665e-05,4.704598624133343e-05,6.129174464359639e-06,1.1371367424047998e-05,2.9545444352925785e-05,4.22383629744535e-07,0.0,4.023195747660701e-16,1.2252242320443928e-16,2.8174701704687355e-16
0,lbfgs,1999,0.0,250.0,4.702779722292441e-05,4.657005043903749e-05,6.308634617246437e-06,1.1117311006590666e-05,2.9144104815200387e-05,4.5762025259839575e-07,0.0,4.154370469330885e-16,1.0973371034202432e-16,2.7657292414346976e-16
0,lbfgs,2009,0.0,250.0,4.629690899656949e-05,4.564452583006615e-05,6.056158837177225e-06,1.0005485082273594e-05,2.9582881910615332e-05,6.522565772142477e-07,0.0,4.0380827130832755e-16,9.361792990911326e-17,2.798035592467261e-16
0,lbfgs,2019,0.0,250.0,4.592157067489196e-05,4.5520617448611945e-05,5.944032734794021e-06,1.0206099992167582e-05,2.9370484721650342e-05,4.008266563982814e-07,0.0,3.9621203037909427e-16,9.279190504624067e-17,2.821572859146867e-16
0,lbfgs,2029,0.0,250.0,5.004505454243021e-05,4.917375795900891e-05,1.0615724929097953e-05,1.3929709888977615e-05,2.4628323140933342e-05,8.711699528055404e-07,0.0,7.382802973260411e-16,7.307932430244955e-17,2.591457296039517e-16
1,adam,0,250.0,600.0,0.02346744423161448,0.017600583104803898,0.00017769947650876172,0.004213000372321834,0.013209883255973304,0.005866861034934632,0.0,1.3387428490996133e-14,7.121655609123179e-18,6.925324955803721e-17
1,adam,24,250.0,600.0,0.01733459303958142,0.014646850847715992,2.3584177856432774e-05,0.002174367553365119,0.01244889911649444,0.002687742098519937,0.0,1.0857545320562974e-15,3.289966290913586e-18,5.645505174828779e-17
1,adam,49,250.0,600.0,0.005542355016911165,0.004337961304954103,1.2540803966804654e-06,0.0011740803201987723,0.00316262690435865,0.0012043936142329074,0.0,6.814968939994271e-17,4.0745058964889025e-19,4.162075981528925e-18
1,adam,74,250.0,600.0,0.0014268244510796794,0.0011352433992739047,6.031619444221867e-07,0.0001229125302478056,0.0010117277070816769,0.0002915809491913181,0.0,3.7128565665203284e-17,6.553951837794799e-20,8.76528548450263e-19
1,adam,99,250.0,600.0,0.0007843664566629909,0.0005615829234071916,5.881010674529715e-07,0.0002690254402939395,0.0002919693820457991,0.0002227834277427893,0.0,3.618403207216395e-17,5.7305312405060804e-21,1.5728876499760347e-19
1,adam,124,250.0,600.0,0.00034669071221156607,0.00023308152823910976,6.072218381462499e-07,0.00020041090613432953,3.206340026663397e-05,0.00011360907744807155,0.0,3.719288106423052e-17,3.983923448452434e-21,2.5483470228676488e-20
1,adam,149,250.0,600.0,0.0009368694785491467,0.0006349060898656315,4.3674693059464405e-07,0.000551188332836102,8.328101009893486e-05,0.00030196328177209305,0.0,2.800610276404912e-17,2.670840932428252e-21,2.0967382489718812e-20
1,adam,174,250.0,600.0,6.644900470011809e-05,4.725514110104309e-05,3.956321460809483e-07,3.170915731642233e-05,1.5150351638539805e-05,1.9193756567861434e-05,0.0,2.5655152725333854e-17,1.6827067685588604e-22,1.0318176349988751e-20
1,adam,199,250.0,600.0,0.00012569380262536414,8.764831231730651e-05,3.855149643717171e-07,7.097269795897008e-05,1.629009939396472e-05,3.804538317912132e-05,0.0,2.4905018623698856e-17,3.592096123050198e-22,8.465159438335235e-21
1,adam,224,250.0,600.0,3.88036009072127e-05,2.5330432096115334e-05,4.963766419877441e-07,1.7275156545752306e-05,7.558898908375283e-06,1.3473061802123484e-05,0.0,3.035251345889627e-17,3.2709221833817884e-22,8.22023583291194e-21
1,adam,249,250.0,600.0,9.446475689698896e-05,6.130302462995243e-05,5.898313784169319e-07,5.092949463835131e-05,9.783698613184192e-06,3.316162510245589e-05,0.0,3.576951775629366e-17,2.969480635237189e-22,2.9305934005631507e-21
1,adam,274,250.0,600.0,7.164611015288163e-05,4.7216957991858025e-05,3.1443739170250824e-06,3.762382902156447e-05,6.448755053268466e-06,2.44290450759816e-05,0.0,1.7909373881640353e-16,3.7886651350807803e-22,5.9888144643160006e-21
1,adam,299,250.0,600.0,8.495739270248314e-05,5.514731552075414e-05,4.529225057262551e-07,4.662239204211985e-05,8.072000972908035e-06,2.9809969995414393e-05,0.0,2.7422237931316286e-17,2.4026368495316823e-22,2.501533509268649e-21
1,adam,324,250.0,600.0,0.00017738305349657705,0.00011652441065707522,3.809340084973151e-07,0.00010583796476079177,1.0305511887786132e-05,6.085853572682133e-05,0.0,2.3296562742255816e-17,7.691529425018945e-22,4.370547302384406e-21
1,adam,349,250.0,600.0,4.6892574163875594e-05,3.366918703962381e-05,3.264419592252296e-07,2.830183093276457e-05,5.04091414763401e-06,1.3223279914693507e-05,0.0,2.0302489277410578e-17,2.1453088437938627e-22,3.300229541960579e-21
1,adam,374,250.0,600.0,1.486448050085703e-05,1.0894426780638583e-05,1.4733588249861017e-06,6.603914248473326e-07,8.760676530805148e-06,3.9699467085306826e-06,0.0,8.314634059648127e-17,1.556664644537892e-22,9.581420525406461e-21
1,adam,399,250.0,600.0,4.21651831017863e-05,2.7056586142796158e-05,1.0636004910747725e-06,2.154059075513956e-05,4.452394896581827e-06,1.510848985830254e-05,0.0,6.103708737812589e-17,8.383438071907755e-23,2.158163901549072e-21
1,adam,424,250.0,600.0,2.3983030474144117e-05,1.730782005096146e-05,2.9760021222009436e-07,1.537705952862987e-05,1.633160310111495e-06,6.6751032075972465e-06,0.0,1.8388752304673715e-17,2.29918633463209e-22,1.4359775215695869e-21
1,adam,449,250.0,600.0,1.1849318266699543e-05,8.694190062435805e-06,3.5459049109340183e-07,4.3218711334718617e-07,7.907412457995217e-06,3.155021158414393e-06,0.0,2.0793477648485773e-17,6.010779216792477e-23,7.770668286149274e-21
1,adam,474,250.0,600.0,8.145993320451584e-05,5.7537609531386466e-05,8.240093050522265e-07,5.15336630587083e-05,5.179937167625948e-06,2.392221650588621e-05,0.0,4.78750546010892e-17,5.143106336262189e-22,2.1158365158559107e-21
1,adam,499,250.0,600.0,8.342789222442637e-06,4.926416598735176e-06,2.2969195112371954e-07,2.668680629847998e-06,2.0280440177634585e-06,3.4162654908870457e-06,0.0,1.433312999861357e-17,7.45108897461683e-24,2.9100196715342306e-21
1,adam,524,250.0,600.0,0.0006633119690155858,0.00044181731813749085,4.730837439481328e-07,0.0003969935631468584,4.43506712466843e-05,0.00022149454371232148,0.0,2.7451750674399632e-17,2.2166495380480168e-21,9.586934899614078e-22
1,adam,549,250.0,600.0,9.667094265086196e-05,6.819611786110404e-05,2.0582831126056435e-07,5.830593166384969e-05,9.684357885993787e-06,2.847471768703484e-05,0.0,1.2739114604086828e-17,4.632127792102708e-22,3.6005632453919425e-21
1,adam,574,250.0,600.0,0.002012589738594268,0.0013539459002889827,5.8992278199281546e-06,0.00120472162499425,0.0001433250474748045,0.0006586437311605038,0.0,3.4151763679285918e-16,7.236985729374808e-21,1.7216621597171647e-21
1,adam,599,250.0,600.0,0.00013005086681703307,9.069815705935403e-05,4.615458636498118e-06,7.115102403846379e-05,1.4931674384392112e-05,3.9352602835233005e-05,0.0,2.4773453620886904e-16,4.579591419059476e-22,5.329540819845724e-21
1,adam,624,250.0,600.0,1.927383074760555e-05,1.4145679931189797e-05,5.228339320201852e-07,1.241598304817262e-05,1.2068629509969918e-06,5.1280437901907456e-06,0.0,3.0726275585954246e-17,2.6781536692428504e-22,9.873843616616955e-22
1,adam,649,250.0,600.0,4.608901897821779e-06,2.7463716782113123e-06,1.6092660152806014e-07,1.5897394301374109e-06,9.957056465458412e-07,1.8624231454403114e-06,0.0,9.868798635790265e-18,4.78062602767546e-23,7.606932734068558e-22
1,adam,674,250.0,600.0,0.0013245345308189804,0.0008925865196026035,6.661490062270278e-07,0.0008029265327292507,8.899383786712574e-05,0.00043194790414581444,0.0,3.857618308729904e-17,5.230717308885896e-21,7.773120599525777e-21
1,adam,699,250.0,600.0,9.942903031960692e-06,5.828776617469299e-06,2.30940541881177e-07,4.1750842837109265e-06,1.422751791877195e-06,4.114019453044011e-06,0.0,1.37430843157807e-17,1.402017299010067e-23,1.5227024023853746e-21
1,adam,724,250.0,600.0,1.0611246448393237e-05,6.420932886694703e-06,1.7894085462936225e-07,4.83240229192264e-06,1.4095897401427016e-06,4.190206549624182e-06,0.0,1.0821865859257918e-17,4.2360934911334264e-23,7.087306771293135e-22
1,adam,749,250.0,600.0,0.0005727122857699326,0.0003793192608070122,1.1855725116468435e-06,0.0003385512192257733,3.958246906959205e-05,0.00019339291791356324,0.0,6.800194964219958e-17,1.7359683499820705e-21,6.033160930818103e-22
1,adam,774,250.0,600.0,8.833601113164669e-05,5.637621139852779e-05,9.709267704556004e-07,5.0794608646649914e-05,4.610675981422279e-06,3.1959692822785135e-05,0.0,5.607636046229545e-17,2.1641921518566737e-22,1.4944542084105362e-21
1,adam,799,250.0,600.0,8.380619914958738e-05,5.396054850597686e-05,2.1111787599196806e-07,4.781505006065261e-05,5.934380569332283e-06,2.984554368560202e-05,0.0,1.2493240410079618e-17,1.7578724551269962e-22,5.600649904090949e-22
1,adam,824,250.0,600.0,0.00019265834859914896,0.00012591181076273064,1.4578865046252246e-07,0.00011879694645613164,6.969075656136462e-06,6.674643097947661e-05,0.0,8.518987501344079e-18,7.504920093695954e-22,2.9386768287147736e-21
1,adam,849,250.0,600.0,0.00028088601308958534,0.00018518954829212247,1.1950967461441085e-06,0.00017274458276648113,1.124986877949722e-05,9.569635795995176e-05,0.0,6.551572807505265e-17,1.0766543553165184e-21,2.4653228769985735e-21
1,adam,874,250.0,600.0,4.612576036291557e-05,2.947725713873883e-05,4.358181220383041e-07,2.404315954563579e-05,4.998279471064734e-06,1.664839635498251e-05,0.0,2.5463446279582608e-17,9.693608731471805e-23,2.312374826568301e-22
1,adam,899,250.0,600.0,5.309119326273627e-05,3.375366219993734e-05,5.586552559101161e-08,3.1106389228418976e-05,2.5914074459273555e-06,1.9337424235644093e-05,0.0,3.4129346940675937e-18,1.1099316138256279e-22,1.4120776716731704e-21
1,adam,924,250.0,600.0,0.00021206870755415658,0.00013963469136010084,5.112262057277431e-06,0.00012802890129463322,6.493528008190207e-06,7.243390942145798e-05,0.0,2.735372987003222e-16,8.512131247802066e-22,3.2000275623696314e-21
1,adam,949,250.0,600.0,1.790222993451932e-05,1.1057983112273384e-05,3.8063743623842163e-07,8.172240730899322e-06,2.5051049451356413e-06,6.844140023226302e-06,0.0,2.0646055060763104e-17,9.461565038747578e-23,1.9330303416907654e-22
1,adam,974,250.0,600.0,7.469913428014177e-05,4.8006114596295887e-05,2.719252453597945e-07,4.430736689471547e-05,3.426822456220625e-06,2.669291292236468e-05,0.0,1.5123775268827592e-17,1.6750936740847858e-22,1.1590209753751291e-21
1,adam,999,250.0,600.0,0.0006940410495598679,0.0004725106341343912,3.1894408803110774e-07,0.0004249259447804968,4.726574526586324e-05,0.00022153030862823544,0.0,1.7561286780394378e-17,3.014324780174619e-21,3.8145540883687926e-21
1,adam,1024,250.0,600.0,7.015003049710078e-06,4.669858050979462e-06,3.0516962069345687e-06,6.666877245504066e-07,9.514741194944874e-07,2.345038374877717e-06,0.0,1.6173804709573706e-16,8.615556447820122e-23,6.666788129926883e-22
1,adam,1049,250.0,600.0,1.8776392647225336e-05,1.3709255455715158e-05,2.764134108824365e-07,8.563005886603199e-06,4.869836158229522e-06,5.06703062110578e-06,0.0,1.5616780110014793e-17,1.0069778977676427e-22,2.7778239981292584e-21
1,adam,1074,250.0,600.0,2.330618335372193e-05,1.6848393148180503e-05,2.2429630224613743e-08,1.3320506722843377e-05,3.505456795112512e-06,6.457683590779887e-06,0.0,1.3891643232661043e-18,2.182671433078096e-22,1.5901775968865278e-21
1,adam,1099,250.0,600.0,0.0006129142096687373,0.000420969582963061,2.245436842745611e-07,0.0003652524394415353,5.5492599837251135e-05,0.00019194452011608994,0.0,1.269765085825988e-17,2.2482532727865266e-21,6.815268830368042e-21
1,adam,1124,250.0,600.0,4.4758682293433334e-05,2.8823460959222454e-05,2.0223523763423625e-08,2.5095549640700395e-05,3.7076877947586384e-06,1.5935114760435125e-05,0.0,1.1882179451930624e-18,9.802827484011332e-23,3.0560076101956867e-22
1,adam,1149,250.0,600.0,0.0002453789431437387,0.00016368650207065368,7.816824246408319e-08,0.00014850676657390732,1.5101567254282278e-05,8.16923344864868e-05,0.0,4.4845897366368334e-18,6.093960846214162e-22,3.6481172073868547e-22
1,adam,1174,250.0,600.0,0.0001639628579529924,0.00010838338148728624,4.006895342748562e-08,9.756600514704862e-05,1.0777307386810126e-05,5.5579369886932956e-05,0.0,2.4084611070513115e-18,3.5620344298753683e-22,2.9171989409657026e-22
1,adam,1199,250.0,600.0,0.00015882032827270896,0.00010543099715181992,6.256495518991858e-08,9.353802932929352e-05,1.1830402867336488e-05,5.338922453192651e-05,0.0,3.653873348010142e-18,3.394295721542819e-22,2.0441205089862487e-22
1,adam,1224,250.0,600.0,0.00023170232775965926,0.0001604736268927741,3.695739120619833e-06,0.00014125086255481562,1.5527025217338646e-05,7.122859439790873e-05,0.0,1.9438191241089874e-16,1.2228717692870906e-21,1.5286149565628044e-21
1,adam,1249,250.0,600.0,4.9141282401402064e-05,3.472945345872462e-05,5.396211488647184e-07,3.004203957284529e-05,4.147792737014616e-06,1.4411722475609869e-05,0.0,3.0142766675764325e-17,4.235644566480229e-22,8.545515609434252e-22
1,adam,1274,250.0,600.0,0.00016595177513804445,0.00011150411197862133,6.710724033355489e-07,9.949734468293722e-05,1.1335694892348565e-05,5.444755666004905e-05,0.0,3.7929101143900374e-17,3.9855321882674495e-22,1.9608270749743955e-22
1,adam,1299,250.0,600.0,0.00027910910508617526,0.00019278674146935992,3.2543447764570006e-07,0.00017543470887147096,1.7026598120243254e-05,8.632225723230409e-05,0.0,1.7143471884800352e-17,1.5391560850766536e-21,1.265404949149155e-21
1,adam,1324,250.0,600.0,8.792305213067217e-06,5.498990199543521e-06,1.0124432538437642e-07,4.448661431545173e-06,9.49084442613971e-07,3.2932086283041594e-06,0.0,5.818772143604799e-18,9.379825062677232e-23,1.806919604353807e-22
1,adam,1349,250.0,600.0,3.0768442396286005e-06,1.858118714421298e-06,3.383949917487643e-08,8.130903331680927e-07,1.0111888820783288e-06,1.2186191656375467e-06,0.0,1.852042861564935e-18,2.9207660935744727e-23,1.163869285707332e-21
1,adam,1374,250.0,600.0,0.0001125808741022291,7.480864225210998e-05,1.0444125338743661e-07,7.130580766345395e-05,3.3983933352685963e-06,3.777212553438546e-05,0.0,5.726910381031816e-18,3.87579920660483e-22,1.705738895282229e-21
1,adam,1399,250.0,600.0,0.0005101946102672546,0.00034312538240266574,2.400933003040548e-07,0.00031513208936162696,2.7753199740734745e-05,0.00016706912152749778,0.0,1.345814917575223e-17,1.6303553950363556e-21,5.149049463098114e-22
1,lbfgs,1400,250.0,600.0,0.0004792094239185786,0.00033348123630805293,3.040405043317788e-08,0.00029059450261066254,4.285632964695721e-05,0.00014572808128384616,0.0,1.6442494577553957e-18,1.6812136296103651e-21,3.912575074350618e-21
1,lbfgs,1409,250.0,600.0,2.8982176746642415e-06,2.058883299986413e-06,2.6565882143069784e-08,8.756847276353608e-08,1.944748945079807e-06,8.392280479964015e-07,0.0,1.4346099775242282e-18,1.627409364774398e-23,1.5814221757639056e-21
1,lbfgs,1419,250.0,600.0,1.0789268916916138e-06,7.572371379034526e-07,1.2733129784243203e-07,2.3131352839744116e-07,3.985923116635794e-07,3.2158342648813967e-07,0.0,7.093401402770607e-18,1.0525235887348325e-22,3.9329536709418046e-22
1,lbfgs,1429,250.0,600.0,7.187299584049267e-07,4.595393738751703e-07,1.3720958878279873e-08,2.252936420194974e-07,2.2052477297739303e-07,2.5908425703795893e-07,0.0,7.403114514132451e-19,1.3458672092422696e-22,1.899485155949302e-22
1,lbfgs,1439,250.0,600.0,6.410730807074587e-07,4.003287615118105e-07,5.849226653247806e-09,2.0892705366353581e-07,1.8555248119502687e-07,2.406379916782619e-07,0.0,3.3498322950594805e-19,1.2271285867929935e-22,1.742992564254868e-22
1,lbfgs,1449,250.0,600.0,6.409584179519788e-07,4.002386589964552e-07,5.858901076268641e-09,2.087622671560348e-07,1.8561749076415182e-07,2.406134314378557e-07,0.0,3.3583304175154005e-19,1.227164510124428e-22,1.7426772175493756e-22
1,lbfgs,1459,250.0,600.0,6.408192404983304e-07,4.0012496893962686e-07,5.88132179936839e-09,2.0846329938955075e-07,1.8578034775070773e-07,2.405879440407117e-07,0.0,3.3759417869246755e-19,1.2275118896782335e-22,1.7424234270639784e-22
1,lbfgs,1469,250.0,600.0,6.407049292202838e-07,4.0001220016402595e-07,5.86682327318221e-09,2.0846806028562723e-07,1.856773166052165e-07,2.405864015379241e-07,0.0,3.364686498185426e-19,1.2271775321740909e-22,1.742129810368252e-22
1,lbfgs,1479,250.0,600.0,6.405659976201448e-07,3.9987435832540414e-07,5.849438113753474e-09,2.0855773139669e-07,1.854671888149607e-07,2.405853117759112e-07,0.0,3.3496836080559787e-19,1.2264859753984425e-22,1.7415470125609026e-22
1,lbfgs,1489,250.0,600.0,6.40452007509228e-07,3.9978477716679705e-07,5.859282317583131e-09,2.0840550646981352e-07,1.855199883794004e-07,2.40560902823309e-07,0.0,3.3583667028200856e-19,1.2265163749337818e-22,1.7411765775269932e-22
1,lbfgs,1499,250.0,600.0,6.403133300515255e-07,3.9967289002535e-07,5.882076356214812e-09,2.081298212003732e-07,1.8566099246876194e-07,2.4053411250671976e-07,0.0,3.3762846872965857e-19,1.226781827182058e-22,1.7409029255371124e-22
1,lbfgs,1509,250.0,600.0,6.401996478032506e-07,3.995601961128408e-07,5.867427033220129e-09,2.0812741271316244e-07,1.8556535636645825e-07,2.405331241706148e-07,0.0,3.364912678714787e-19,1.2264792702143022e-22,1.7406129699541135e-22
1,lbfgs,1519,250.0,600.0,6.40061232213797e-07,3.99421363333529e-07,5.84989995635738e-09,2.0819883523460704e-07,1.853726281425646e-07,2.4053354135998173e-07,0.0,3.349776597300778e-19,1.225882506921372e-22,1.7400199587729681e-22
1,lbfgs,1529,250.0,600.0,6.399478468197399e-07,3.9933282861033087e-07,5.859767392356972e-09,2.0805352891885327e-07,1.854195322991206e-07,2.4050869068882867e-07,0.0,3.3584947723596347e-19,1.2258803150705486e-22,1.7396545013637994e-22
1,lbfgs,1539,250.0,600.0,6.398096994183266e-07,3.9922303138193386e-07,5.882700316106766e-09,2.0779523633141622e-07,1.8554509473441087e-07,2.404803405154748e-07,0.0,3.3765335555013116e-19,1.226057975320359e-22,1.739391119616252e-22
1,lbfgs,1549,250.0,600.0,6.396966014517349e-07,3.9911033638791656e-07,5.8679849912119994e-09,2.07787371238839e-07,1.8545498015786555e-07,2.404799375425624e-07,0.0,3.3651068099691615e-19,1.2257869030191909e-22,1.7390988744623223e-22
1,lbfgs,1559,250.0,600.0,6.395587274259901e-07,3.9897058995602126e-07,5.8503691020578695e-09,2.0784346931726392e-07,1.8527675153669945e-07,2.4048180994822585e-07,0.0,3.34988243391003e-19,1.2252713187349009e-22,1.7385045509813663e-22
1,lbfgs,1569,250.0,600.0,6.394459086730026e-07,3.988830479524689e-07,5.860250520230467e-09,2.0770409928749546e-07,1.8531869814474298e-07,2.4045653319849507e-07,0.0,3.3586259406703223e-19,1.225241732397076e-22,1.738140122672535e-22
1,lbfgs,1579,250.0,600.0,6.393083121703887e-07,3.9877522283013835e-07,5.883290553799054e-09,2.0746101143534412e-07,1.854309208409952e-07,2.404267618178694e-07,0.0,3.3767609942813867e-19,1.2253476477250354e-22,1.7378726083937964e-22
1,lbfgs,1589,250.0,600.0,6.391957655433268e-07,3.986625514188871e-07,5.868522949964855e-09,2.0744842468846152e-07,1.8534560378046075e-07,2.404268866017226e-07,0.0,3.3652893880512923e-19,1.2251023719303826e-22,1.7375831957503857e-22
1,lbfgs,1599,250.0,600.0,6.390584499096583e-07,3.985220387067274e-07,5.850834511791075e-09,2.074911728956596e-07,1.8518003129927675e-07,2.4043008367973184e-07,0.0,3.3499906683839276e-19,1.2246527418788577e-22,1.7370010406766015e-22
1,lbfgs,1609,250.0,600.0,6.389461691828149e-07,3.9843542099993523e-07,5.86072661259002e-09,2.0735703358669156e-07,1.8521766080065368e-07,2.4040442065938323e-07,0.0,3.3587559119132354e-19,1.2246010693592394e-22,1.736632975196912e-22
1,lbfgs,1619,250.0,600.0,6.388091370134456e-07,3.983294353513643e-07,5.883853755991518e-09,2.0712733372764716e-07,1.8531824786772566e-07,2.403733741382369e-07,0.0,3.376971954830213e-19,1.2246491123864275e-22,1.7363497916186255e-22
1,lbfgs,1629,250.0,600.0,6.386971167799992e-07,3.9821681934620897e-07,5.869043084019276e-09,2.071106464599498e-07,1.852371298022399e-07,2.4037396990961166e-07,0.0,3.36546209149192e-19,1.224424792747826e-22,1.7360671680527652e-22
1,lbfgs,1639,250.0,600.0,6.385603701044548e-07,3.9807567962574635e-07,5.851294566142915e-09,2.0714176107828622e-07,1.8508262398131718e-07,2.4037836295405363e-07,0.0,3.350099751142199e-19,1.224028576556432e-22,1.7355067761744713e-22
1,lbfgs,1649,250.0,600.0,6.384486055704754e-07,3.9798992413539633e-07,5.861194749132486e-09,2.0701223839870904e-07,1.8511649098755482e-07,2.4035235391012495e-07,0.0,3.358883886380212e-19,1.2239591746621624e-22,1.735131787126025e-22
1,lbfgs,1659,250.0,600.0,6.383121458750335e-07,3.9788564875085936e-07,5.884392550360272e-09,2.067943254793626e-07,1.852069307211365e-07,2.4032016959886595e-07,0.0,3.3771683472166167e-19,1.2239606476749788e-22,1.7348250730825888e-22
1,lbfgs,1669,250.0,600.0,6.382006328459665e-07,3.9777312138701813e-07,5.869546447978915e-09,2.0677408641172262e-07,1.851294885273166e-07,2.403211839333081e-07,0.0,3.3656257087149384e-19,1.2237533430124769e-22,1.7345519162972204e-22
1,lbfgs,1679,250.0,600.0,6.380644612188203e-07,3.9763148284423993e-07,5.851748243986961e-09,2.06795077447615e-07,1.8498465715263797e-07,2.403266508484702e-07,0.0,3.350208691653408e-19,1.2234003482595808e-22,1.7340196164861531e-22
1,lbfgs,1689,250.0,600.0,6.37953195936098e-07,3.9754653373420756e-07,5.8616543170036236e-09,2.0666963192493366e-07,1.8501524749227026e-07,2.403003346754786e-07,0.0,3.3590093198452144e-19,1.2233167563864864e-22,1.7336355486697262e-22
1,lbfgs,1699,250.0,600.0,6.378173130704358e-07,3.9744384546851453e-07,5.884909017628808e-09,2.0646209320831137e-07,1.8509684324257435e-07,2.402671400751491e-07,0.0,3.3773516750596806e-19,1.2232808347710744e-22,1.7333003004789874e-22
1,lbfgs,1709,250.0,600.0,6.377062922173957e-07,3.9733143976159634e-07,5.870033903397182e-09,2.0643878701333278e-07,1.8502261884486634e-07,2.402685249286974e-07,0.0,3.365780876389838e-19,1.2230873450207438e-22,1.7330382999291142e-22
1,lbfgs,1719,250.0,600.0,6.375706985280407e-07,3.9718941961217235e-07,5.8521947316659786e-09,2.0645098230987947e-07,1.848862425706269e-07,2.4027495138830275e-07,0.0,3.35031669018713e-19,1.2227692993034654e-22,1.7325379348804172e-22
1,lbfgs,1729,250.0,600.0,6.374599190979339e-07,3.9710522657360963e-07,5.862104832313191e-09,2.0632914006093716e-07,1.8491398168035925e-07,2.4024836499645463e-07,0.0,3.35913177422128e-19,1.2226743889329528e-22,1.7321434923804352e-22
1,lbfgs,1739,250.0,600.0,6.373246147112436e-07,3.9700400961666503e-07,5.885404896551684e-09,2.061307306031854e-07,1.8498787411692796e-07,2.4021427756634244e-07,0.0,3.377523188999067e-19,1.222608513943731e-22,1.7317768614602342e-22
1,lbfgs,1749,250.0,600.0,6.372140740259203e-07,3.968917573743692e-07,5.870506181004772e-09,2.061047845451627e-07,1.849164666482017e-07,2.4021598912298746e-07,0.0,3.365928128793297e-19,1.2224262431075256e-22,1.7315269623150561e-22
1,lbfgs,1759,250.0,600.0,6.370790588754742e-07,3.967494622346094e-07,5.85263337441439e-09,2.0610935054871385e-07,1.8478747831148116e-07,2.4022326911184357e-07,0.0,3.350423093292737e-19,1.2221364383295556e-22,1.731060513161279e-22
1,lbfgs,1769,250.0,600.0,6.369687544763898e-07,3.9666597988133925e-07,5.862545912410595e-09,2.0599069552344147e-07,1.848127384454872e-07,2.401964470657233e-07,0.0,3.359250894777461e-19,1.2220325367771894e-22,1.7306550426328549e-22
1,lbfgs,1779,250.0,600.0,6.368340282840012e-07,3.965661264258977e-07,5.885881646554818e-09,2.0580031964638045e-07,1.8487992513296243e-07,2.4016157432840367e-07,0.0,3.3776839332988526e-19,1.221942737542967e-22,1.73025578209656e-22
1,lbfgs,1789,250.0,600.0,6.367239579597405e-07,3.964540576278825e-07,5.870963904130785e-09,2.057721096953233e-07,1.8481098402842835e-07,2.401635728018327e-07,0.0,3.3660679162559885e-19,1.2217695814586077e-22,1.7300183771767601e-22
1,lbfgs,1799,250.0,600.0,6.365895203156436e-07,3.963115839978424e-07,5.853063647605248e-09,2.0577007003167476e-07,1.846884503185624e-07,2.401716087873243e-07,0.0,3.3505273676432404e-19,1.2215025830731505e-22,1.729586452869472e-22
1,lbfgs,1809,250.0,600.0,6.364796820096886e-07,3.9622877136024257e-07,5.862977257897531e-09,2.056542371581346e-07,1.8471155694421044e-07,2.4014458311866093e-07,0.0,3.359366395414744e-19,1.2213915746319646e-22,1.7291697738594746e-22
1,lbfgs,1819,250.0,600.0,6.363455323479836e-07,3.96130181853713e-07,5.886340495546456e-09,2.0547093166868673e-07,1.8477290968947981e-07,2.401090229631072e-07,0.0,3.3778347813281173e-19,1.2212827310869103e-22,1.728737806362271e-22
1,lbfgs,1829,250.0,600.0,6.362359241917642e-07,3.9601832429078925e-07,5.871407607133332e-09,2.0544078810979283e-07,1.847061285738631e-07,2.401112723694881e-07,0.0,3.3662006196441293e-19,1.2211169858109977e-22,1.728512885946884e-22
1,lbfgs,1839,250.0,600.0,6.361020618587249e-07,3.9587575911365027e-07,5.853485133577919e-09,2.0543304019748036e-07,1.8458923378259201e-07,2.401199752131418e-07,0.0,3.3506290788689857e-19,1.2208683954505815e-22,1.7281151043104418e-22
1,lbfgs,1849,250.0,600.0,6.359926820923192e-07,3.9579357920359447e-07,5.863398638021094e-09,2.0531970931221713e-07,1.8461047125335623e-07,2.400927753564817e-07,0.0,3.3594780466993256e-19,1.2207518039697495e-22,1.727687377206461e-22
1,lbfgs,1859,250.0,600.0,6.358591063182595e-07,3.956961623080104e-07,5.886782479390552e-09,2.0514262836497067e-07,1.8466675146364915e-07,2.400566164776223e-07,0.0,3.377976464816826e-19,1.2206278614455405e-22,1.7272234594710543e-22
1,lbfgs,1869,250.0,600.0,6.357499533267026e-07,3.9558454140365123e-07,5.871837750519067e-09,2.0511084091120688e-07,1.846018627419253e-07,2.4005908439010294e-07,0.0,3.3663265622342775e-19,1.2204681484906453e-22,1.7270107275196119e-22
1,lbfgs,1879,250.0,600.0,6.356166632856664e-07,3.9544196267429606e-07,5.8538975028123995e-09,2.0509817078880823e-07,1.844898943826754e-07,2.4006837307798117e-07,0.0,3.350727874283395e-19,1.2202344102541504e-22,1.7266460100915102e-22
1,lbfgs,1889,250.0,600.0,6.355077355292731e-07,3.953603821021759e-07,5.863809878639958e-09,2.049870612626944e-07,1.845095109608416e-07,2.400410258933961e-07,0.0,3.3595856659815257e-19,1.2201134665344774e-22,1.726207634009393e-22
1,lbfgs,1899,250.0,600.0,6.35374730308593e-07,3.952640544543414e-07,5.8872084746475755e-09,2.0481546276516026e-07,1.8456138321453353e-07,2.400043483201617e-07,0.0,3.378109598093443e-19,1.2199776108101104e-22,1.7257130981985278e-22
1,lbfgs,1909,250.0,600.0,6.352660263612534e-07,3.951526932127257e-07,5.872254733518342e-09,2.047822851845857e-07,1.8449815329462168e-07,2.40007005614118e-07,0.0,3.366446019584002e-19,1.2198228161660614e-22,1.7255120618825676e-22
1,lbfgs,1919,250.0,600.0,6.351333050146426e-07,3.9501017061253095e-07,5.854300498482382e-09,2.0476538071574368e-07,1.8439048939830488e-07,2.400168068672662e-07,0.0,3.3508234686679517e-19,1.2196010586347854e-22,1.7251788603400065e-22
1,lbfgs,1929,250.0,600.0,6.350248235015735e-07,3.9492915924419507e-07,5.864210852328686e-09,2.0465624669824115e-07,1.8440870169362522e-07,2.399893367222193e-07,0.0,3.359689109274475e-19,1.2194767553975486e-22,1.7247303947681363e-22
1,lbfgs,1939,250.0,600.0,6.34892385017151e-07,3.948338450850772e-07,5.887619225892064e-09,2.044894801427495e-07,1.844567457164356e-07,2.3995221239652096e-07,0.0,3.378234698290501e-19,1.2193315554229768e-22,1.7242069506771178e-22
1,lbfgs,1949,250.0,600.0,6.347841246542673e-07,3.9472276412536797e-07,5.872658904530254e-09,2.0445513442396905e-07,1.843949707968687e-07,2.399550329930285e-07,0.0,3.366559227719209e-19,1.2191807798483223e-22,1.7240169888046728e-22
1,lbfgs,1959,250.0,600.0,6.346519680030271e-07,3.945803596634659e-07,5.854693923724166e-09,2.0443459703753678e-07,1.8429106870220495e-07,2.3996528080325895e-07,0.0,3.3509156325091515e-19,1.2189686872750038e-22,1.7237134573448023e-22
1,lbfgs,1969,250.0,600.0,6.345439275401336e-07,3.9449989031047216e-07,5.864601470179797e-09,2.0432722325201802e-07,1.8430806558827434e-07,2.399377096930439e-07,0.0,3.3597882645047045e-19,1.218841823980985e-22,1.7232555625349282e-22
1,lbfgs,1979,250.0,600.0,6.344120516428903e-07,3.944055210326185e-07,5.888015368249654e-09,2.0416471885524076e-07,1.8435278680912812e-07,2.399002030732563e-07,0.0,3.3783522020079007e-19,1.2186893482087737e-22,1.7227051478255188e-22
1,lbfgs,1989,250.0,600.0,6.343042299035897e-07,3.94294738680133e-07,5.8730505697400485e-09,2.0412939894365606e-07,1.8429228916673686e-07,2.3990316368612476e-07,0.0,3.3666663898926296e-19,1.2185418667142384e-22,1.7225255625897042e-22
1,lbfgs,1999,250.0,600.0,6.341726336757295e-07,3.9415250732819123e-07,5.8550776312212945e-09,2.0410575404838448e-07,1.8419167564858546e-07,2.3991379880977906e-07,0.0,3.351004182388584e-19,1.2183375740835844e-22,1.7222496876773798e-22
1,lbfgs,2009,250.0,600.0,6.340650295051976e-07,3.9407255546467347e-07,5.864981675106177e-09,2.0399995207563566e-07,1.8420762171393163e-07,2.398861465024482e-07,0.0,3.3598830460069155e-19,1.2182087934475277e-22,1.7217830798348587e-22
1,lbfgs,2019,250.0,600.0,6.339337118233052e-07,3.9397906911544884e-07,5.888397445918847e-09,2.0384121111851945e-07,1.8424946055101052e-07,2.398483151693784e-07,0.0,3.3784624789918425e-19,1.218050704557356e-22,1.7212077480295634e-22
1,lbfgs,2029,250.0,600.0,6.338263241279477e-07,3.9386860152884775e-07,5.873430000205331e-09,2.0380508625059969e-07,1.8419008527804272e-07,2.3985139506030705e-07,0.0,3.3667676821343055e-19,1.2179059334252744e-22,1.7210378036614858e-22
1,lbfgs,2039,250.0,600.0,6.336952838715699e-07,3.9372659183637165e-07,5.85545151455345e-09,2.0377879246740956e-07,1.8409234785440864e-07,2.39862364495982e-07,0.0,3.351088972946324e-19,1.217707940986538e-22,1.7207875003684526e-22
1,lbfgs,2049,250.0,600.0,6.335881115702209e-07,3.936471353412045e-07,5.865351436269255e-09,2.036743974633448e-07,1.8410738644159043e-07,2.3983464868948193e-07,0.0,3.3599733899338274e-19,1.2175777587154413e-22,1.7203129184228585e-22
1,lbfgs,2059,250.0,600.0,6.334573475885997e-07,3.935544761074056e-07,5.888765927861461e-09,2.0351898370664896e-07,1.8414672647289516e-07,2.3979654394125416e-07,0.0,3.3785658437288684e-19,1.2174153907590138e-22,1.719714756428157e-22
1,lbfgs,2069,250.0,600.0,6.333503896522414e-07,3.934443374262305e-07,5.873797437845724e-09,2.034822013834985e-07,1.8408833860488627e-07,2.3979972468575705e-07,0.0,3.366863257945235e-19,1.2172728606776953e-22,1.7195537076067206e-22
1,lbfgs,2079,250.0,600.0,6.332199008033858e-07,3.933025921106103e-07,5.855815501202712e-09,2.034536587051236e-07,1.83993117904284e-07,2.398109811521017e-07,0.0,3.351169890419861e-19,1.2170799643982678e-22,1.7193268898638575e-22
1,lbfgs,2089,250.0,600.0,6.331131562088461e-07,3.932236110304273e-07,5.8657107444404776e-09,2.033505265073941e-07,1.840073737785927e-07,2.3978321763742577e-07,0.0,3.360059250443035e-19,1.2169487933919383e-22,1.7188450712865779e-22
1,lbfgs,2099,250.0,600.0,6.329829413265278e-07,3.931317287236554e-07,5.889121220375944e-09,2.0319805859180232e-07,1.8404454891147713e-07,2.397448850614705e-07,0.0,3.3786625647214435e-19,1.2167832145160409e-22,1.7182261399334028e-22
1,lbfgs,2109,250.0,600.0,6.328764090959311e-07,3.930219312261617e-07,5.874153100233537e-09,2.0316074721568933e-07,1.8398703091023883e-07,2.3974815032805493e-07,0.0,3.366953252047594e-19,1.216642548746825e-22,1.7180732522235944e-22
1,lbfgs,2119,250.0,600.0,6.327464670272668e-07,3.928804877291457e-07,5.856169546538971e-09,2.0313030422141524e-07,1.8389401396119146e-07,2.3975965175598985e-07,0.0,3.3512468470484345e-19,1.216453783741556e-22,1.7178678828423767e-22
1,lbfgs,2129,250.0,600.0,6.326401461835019e-07,3.9280196406235523e-07,5.866059608252412e-09,2.0302830879652648e-07,1.8390759565757634e-07,2.397318545786949e-07,0.0,3.360140596601342e-19,1.2163219537735844e-22,1.7173795464678616e-22
1,lbfgs,2139,250.0,600.0,6.325104757558796e-07,3.927108136181585e-07,5.889463678091269e-09,2.0287845351336168e-07,1.8394289642670554e-07,2.396933345948576e-07,0.0,3.378752872613724e-19,1.2161540172544958e-22,1.7167418387950838e-22
1,lbfgs,2149,250.0,600.0,6.324043653623113e-07,3.9260136788053494e-07,5.874497184773812e-09,2.0284072472768488e-07,1.838861459680763e-07,2.3969666993860133e-07,0.0,3.3670377836582216e-19,1.2160149138623376e-22,1.716596402942189e-22
2,adam,0,600.0,1090.0,0.023693043153545045,0.017769782296130254,0.0002773963436968849,0.004370269427922582,0.013122116524510787,0.005923260765376754,0.0,1.064198871311373e-14,4.44373136309717e-23,4.1235900542352616e-22
2,adam,24,600.0,1090.0,0.01503642937045321,0.012133636418889563,1.7229855545543797e-05,0.0008852681554375008,0.01123113840790652,0.002902792856206361,0.0,3.403269713549516e-16,6.4067518401574585e-24,1.7132195919172595e-22
2,adam,49,600.0,1090.0,0.0082571113968467,0.006193321259346374,1.3269634429611924e-06,0.0028768878295773303,0.0033151064663260823,0.0020637900351797504,0.0,3.435811884343129e-17,2.9653661516384484e-24,2.3256632611656046e-23
2,adam,74,600.0,1090.0,0.002865475699207401,0.0022520476388724468,6.997226332000512e-07,0.0002151327066829985,0.0020362152095562483,0.0006134279523995408,0.0,1.2920061082241963e-17,7.125772173804361e-25,8.391372429222187e-24
2,adam,99,600.0,1090.0,0.0024563782332624766,0.0017824564341220295,8.615245163757325e-08,0.0012567526665845645,0.0005256176150858274,0.0006739216881070602,0.0,2.454113784172976e-18,4.341824268995869e-25,2.97733343948928e-24
2,adam,124,600.0,1090.0,0.0005989463693956012,0.0004771898514703154,7.801109474888639e-07,4.577685770068353e-05,0.000430632882822143,0.00012175640504904623,0.0,1.965814404325881e-17,1.312102424099557e-25,1.4715037526701745e-24
2,adam,149,600.0,1090.0,0.0003122390166852937,0.00024858512307692496,5.311172212749665e-08,2.0693954912045555e-05,0.00022783805644275193,6.365377953703247e-05,0.0,1.0594249730245776e-18,6.012158966531284e-26,7.139892139793556e-25
2,adam,174,600.0,1090.0,0.0006503146650042845,0.00044933301118593174,1.1629291407788315e-06,0.00039418898397645914,5.3981098068693754e-05,0.0002009815390065259,0.0,2.8639006712647454e-17,5.775044284905414e-26,3.204552840227191e-25
2,adam,199,600.0,1090.0,0.00125129056034827,0.0008555955282171523,9.594942023980407e-07,0.0006370721840248929,0.00021756384998986144,0.0003956949168390323,0.0,2.174270148614644e-17,1.2090006884862331e-26,2.748134008575844e-25
2,adam,224,600.0,1090.0,5.2030421834804095e-05,4.296696146970567e-05,6.993411966077762e-08,3.487755093452531e-06,3.940927225659236e-05,9.063344721048039e-06,0.0,1.6478410490610248e-18,1.0127547990598503e-26,1.1736258923057122e-25
2,adam,249,600.0,1090.0,0.0006692474872059161,0.0004504802186818666,9.613972287578358e-07,0.0004235741437039939,2.594467774911491e-05,0.00021876715260647488,0.0,2.3985319971688276e-17,2.061632157320659e-26,5.243693420548185e-26
2,adam,274,600.0,1090.0,0.0002847115040473996,0.00019960971624925674,3.8456510982385266e-08,0.00015298729259472353,4.6583967143550824e-05,8.510167163248754e-05,0.0,8.174758577619934e-19,2.5633594985007782e-27,5.533907721098204e-26
2,adam,299,600.0,1090.0,0.00019196671026068058,0.00013556424131125507,2.06455627121639e-07,0.00010007588307841164,3.5281902605721796e-05,5.640235272771357e-05,0.0,5.2805608221071366e-18,2.1590328239115805e-27,4.729286780084991e-26
2,adam,324,600.0,1090.0,0.0005393642856546666,0.0003716204564374045,8.123896617779231e-07,0.00031556851611521785,5.5239550660408735e-05,0.00016774371288621985,0.0,2.0288373899926207e-17,3.0199775880157528e-27,3.945394988032287e-26
2,adam,349,600.0,1090.0,0.0004306608889113585,0.00029718063309672763,7.633631635815235e-07,0.00025291724084159614,4.3500029091549936e-05,0.00013348013946755348,0.0,1.9417712379125138e-17,2.4218011925499657e-27,3.182957676390595e-26
2,adam,374,600.0,1090.0,0.0016679952822259722,0.0011344963127325886,1.3902747358600171e-06,0.0010132042709440196,0.000119901767052709,0.0005334988531509955,0.0,3.500951918721387e-17,1.0057859438201109e-26,4.115827368485117e-26
2,adam,399,600.0,1090.0,0.00016779301703562043,0.0001172550151724611,5.5370589384230356e-08,9.571355845748639e-05,2.148608612559048e-05,5.053788571260424e-05,0.0,1.3945827357460292e-18,1.2053828061014993e-27,2.4190685195352182e-26
2,adam,424,600.0,1090.0,0.0018563268221288513,0.0012638916078569807,3.062311867976639e-06,0.0011422929054998527,0.00011853639048915137,0.0005924350980139054,0.0,7.220136804222621e-17,1.0807613730235304e-26,2.7516435745984186e-26
2,adam,449,600.0,1090.0,0.0002131312599844868,0.00014845708485430954,7.2997878180976e-08,0.00011939708948818782,2.8986997487940733e-05,6.467405919905218e-05,0.0,1.564940134122286e-18,1.5199230029836775e-27,2.9450429351629385e-26
2,adam,474,600.0,1090.0,0.00012568523420360958,8.300081737840466e-05,2.3893410958568994e-07,7.386309973246451e-05,8.898783536354454e-06,4.268430074073643e-05,0.0,5.793941289727463e-18,2.237665222329032e-27,3.86767974805784e-27
2,adam,499,600.0,1090.0,0.0001371814389396676,9.226034897850549e-05,5.132380154248496e-07,8.592488776681557e-05,5.822223196265077e-06,4.4920974039678636e-05,0.0,9.936794894902832e-18,4.904792563097564e-27,1.8084521961397355e-26
2,adam,524,600.0,1090.0,0.00013271694941019473,9.258368939493655e-05,1.1351697885009818e-07,8.05666845672905e-05,1.1903487848795958e-05,4.0133143993644547e-05,0.0,2.777552812006202e-18,7.37348779614466e-28,1.0130509041816153e-26
2,adam,549,600.0,1090.0,0.000276170446748542,0.00019101092651837139,9.587218971505393e-07,0.00015388510871834087,3.616709590287996e-05,8.515940441119369e-05,0.0,2.028306994640102e-17,1.72313251093422e-27,3.20974859472023e-26
2,adam,574,600.0,1090.0,0.0002113113849727008,0.00014098494356880653,5.271548646127883e-07,0.00012642467031458892,1.4033118389604837e-05,7.032632551678092e-05,0.0,1.2875085139394979e-17,3.046737710928376e-27,2.7761843665305336e-27
2,adam,599,600.0,1090.0,0.0002392354130517059,0.00016089550025864244,2.390674390167868e-07,0.0001503881640895027,1.0268268730122938e-05,7.833979705969072e-05,0.0,4.589074158474006e-18,5.3909644746028544e-27,1.1190987950004172e-26
2,adam,624,600.0,1090.0,0.0003651767112725296,0.00024453242902112494,8.786280746054022e-08,0.000219435604375816,2.5008961837848427e-05,0.00012064416643797277,0.0,1.974454799280764e-18,4.7088065565366956e-27,1.611596323700319e-27
2,adam,649,600.0,1090.0,6.551864359480212e-05,4.615029711050691e-05,1.6655026179474088e-07,3.283389653383432e-05,1.3149850314877848e-05,1.9368230930486815e-05,0.0,4.581447824398072e-18,1.0178183700912925e-27,2.16129463801423e-26
2,adam,674,600.0,1090.0,0.0010155993041026377,0.0006915457410625377,2.385159879062463e-07,0.0006308018413226478,6.050538375198369e-05,0.00032405344739510044,0.0,5.715383586012282e-18,6.501106696439051e-27,1.3935907193519567e-26
2,adam,699,600.0,1090.0,7.273388398166088e-06,5.856231866810713e-06,1.338627515887949e-06,4.72123992373272e-07,4.045480358549492e-06,1.4170412002436032e-06,0.0,3.257866593590717e-17,1.4282675780425396e-27,1.534709555971514e-26
2,adam,724,600.0,1090.0,0.00030582562617186996,0.0002100201984062169,8.31274582899216e-07,0.00019274575631393512,1.644316750938258e-05,9.58053123016019e-05,0.0,1.9678515997073622e-17,1.980011191322364e-27,5.078534000153069e-27
2,adam,749,600.0,1090.0,0.00010392802670158934,7.037535185451693e-05,3.002640187986575e-08,6.591671894701326e-05,4.428606505623807e-06,3.355255973988394e-05,0.0,6.40202358179274e-19,4.6269680034328435e-27,1.8149779296935032e-26
2,adam,774,600.0,1090.0,0.0005000864023973375,0.0003418439173636213,3.006216593664518e-08,0.0003136272672473961,2.8186587950288533e-05,0.00015824236980051885,0.0,6.606583607245911e-19,3.27508402987636e-27,7.046211556754016e-27
2,adam,799,600.0,1090.0,0.00010773118328428737,7.212760761113444e-05,2.3600040459186793e-07,6.630231631422697e-05,5.589290892315613e-06,3.5603460542002725e-05,0.0,5.28515614708941e-18,2.6521893832784767e-27,5.713338390368919e-27
2,adam,824,600.0,1090.0,0.00018566722855870455,0.00012328886211213381,2.5428212644206316e-06,0.0001065424598568986,1.4203580990814575e-05,6.237825119385698e-05,0.0,6.440507148318945e-17,2.0436794335287712e-27,3.8026002178862213e-28
2,adam,849,600.0,1090.0,0.0001143157142284001,7.575668749132183e-05,3.031308771168316e-08,6.999909752345965e-05,5.727276880150503e-06,3.855891157356825e-05,0.0,8.385199748126267e-19,2.408187514812423e-27,4.004304109324871e-27
2,adam,874,600.0,1090.0,1.1508069571384851e-05,8.49155736976548e-06,8.868117937230364e-08,2.8333635080183866e-06,5.56951268237479e-06,3.0163972037874875e-06,0.0,2.4813464323495595e-18,2.3337482558757757e-27,2.1645081316621848e-26
2,adam,899,600.0,1090.0,0.00019639407810211526,0.00013066663292702677,4.91449060322828e-07,0.00011632511830789364,1.3850065558810308e-05,6.572733012762797e-05,0.0,1.2304320372915832e-17,2.4191140641413643e-27,7.5502534124930385e-28
2,adam,924,600.0,1090.0,9.918887065986857e-05,6.62384502752022e-05,3.5447186374445853e-07,6.153184028372054e-05,4.35213812773721e-06,3.295030542531991e-05,0.0,8.352380824247376e-18,2.5382063555919276e-27,5.762912874168158e-27
2,adam,949,600.0,1090.0,0.002965375539966792,0.002003525774910291,1.4039540373843573e-06,0.0018346104103851692,0.00016751141048773713,0.0009618496501735118,0.0,3.40195057876287e-17,3.9518885717912006e-26,7.364962028080746e-27
2,adam,974,600.0,1090.0,0.00036215534050455675,0.0002450662105940661,5.411572998518252e-06,0.00021910694140624102,2.054769618930684e-05,0.0001170890153934568,0.0,1.2409639708643525e-16,2.4498078507567696e-27,5.568936869524982e-27
2,adam,999,600.0,1090.0,1.835815329790637e-05,1.2002366514512761e-05,1.3090981143083553e-07,1.018474631192697e-05,1.6867103911549568e-06,6.355672226033605e-06,0.0,3.558662196845874e-18,5.813700604339792e-28,2.1159252118474582e-27
2,adam,1024,600.0,1090.0,6.298055782666408e-07,5.511199222969556e-07,2.9452470797691834e-08,1.1815768823557708e-07,4.035097632636867e-07,7.85709604199961e-08,0.0,6.315235072643972e-19,3.6081639114515533e-29,4.392921394390717e-28
2,adam,1049,600.0,1090.0,0.0011083144885762196,0.0007408827953644453,5.2298473190999436e-08,0.0006668499713072788,7.39805255839755e-05,0.00036743157849755437,0.0,1.1316262199323115e-18,1.0777936295311003e-26,1.6655992757000487e-27
2,adam,1074,600.0,1090.0,0.00038186639133645697,0.00025509858646290156,4.0067816886507554e-08,0.00023099280822229507,2.406571042372001e-05,0.00012676769048336557,0.0,1.0625790022708329e-18,4.617768808751679e-27,1.2109896690693339e-27
2,adam,1099,600.0,1090.0,4.0741281915573434e-05,2.6684978387775135e-05,9.787657715590394e-09,2.365147102669608e-05,3.023719703363466e-06,1.4056189070671577e-05,0.0,1.8851377025487532e-19,7.019526504117929e-28,1.0135704782792862e-27
2,adam,1124,600.0,1090.0,0.0008739740753004021,0.0005879470258560179,5.240346482796775e-09,0.0005295983747346304,5.8343410774904665e-05,0.000286026934938341,0.0,1.5111665868579054e-19,5.775792889641743e-27,1.1943356524311385e-26
2,adam,1149,600.0,1090.0,4.2473720857322105e-06,2.744129899750605e-06,9.851405693018887e-09,1.780927809915694e-06,9.533506841418921e-07,1.5031277933863762e-06,0.0,2.64233374971597e-19,1.8144276683468982e-28,1.0017540342058656e-27
2,adam,1174,600.0,1090.0,0.000266540541906397,0.00018319488431473184,1.6994056993550954e-08,0.00017545250024167568,7.725390016062626e-06,8.334554354970944e-05,0.0,4.837432933434824e-19,1.3395282985307905e-26,5.463222374086069e-26
2,adam,1199,600.0,1090.0,4.885828344556753e-05,3.3553497151761126e-05,7.880424841336564e-09,3.0005169054703513e-05,3.5404476722162735e-06,1.530467210768761e-05,0.0,2.0037777339317943e-19,3.051254098804957e-28,2.3248738006627934e-27
2,adam,1224,600.0,1090.0,5.000562434011404e-05,3.540138178217271e-05,5.684229271018284e-09,1.6802111290393485e-05,1.8593586262508205e-05,1.4604128574580627e-05,0.0,1.384876301382995e-19,1.833844388560116e-27,3.182229789327332e-26
2,adam,1249,600.0,1090.0,0.00016153966949742144,0.00011024546017374258,1.297190035824606e-06,0.000103255525978053,5.6927441598649675e-06,5.1294095308942535e-05,0.0,3.236732252074878e-17,4.299724165691158e-27,9.185524719618764e-27
2,adam,1274,600.0,1090.0,0.00023172583691012162,0.0001596242720389314,1.5914160523818665e-06,0.00010105233729025495,5.6980518696294575e-05,7.210145100124756e-05,0.0,4.0013475947957866e-17,3.1116756431544926e-27,6.738525964021142e-26
2,adam,1299,600.0,1090.0,0.0009131742821183566,0.0006211788606464877,3.3679397755286927e-07,0.0005759178051429234,4.492426152601144e-05,0.00029199530758222165,0.0,8.264422143059286e-18,1.3496285414034023e-26,5.068270791685652e-27
2,adam,1324,600.0,1090.0,0.00021581378432068666,0.0001450829590374558,1.849759513521083e-08,0.00012564598153088266,1.9418479911437917e-05,7.073071134464096e-05,0.0,4.925717471818784e-19,1.7383963573196034e-27,5.531863042480042e-28
2,adam,1349,600.0,1090.0,2.4036054598939097e-05,1.7115868037478334e-05,1.1584557009375019e-08,1.5723142021869605e-05,1.381141458599354e-06,6.920072577464625e-06,0.0,2.6654769172706914e-19,1.8383692732820445e-28,5.529763132144145e-28
2,adam,1374,600.0,1090.0,0.00011815599928268725,8.130680238579551e-05,3.4224941351937846e-09,6.291329445422555e-05,1.839008543743476e-05,3.684908302751824e-05,0.0,7.286543061033373e-20,7.1520810420710615e-28,1.4800260320529768e-26
2,adam,1399,600.0,1090.0,0.0016006871457522303,0.0010845886940804815,2.0148925261742915e-08,0.0009653326567337858,0.00011923588842143392,0.0005160983377720173,0.0,4.518768962689348e-19,9.777790227028583e-27,2.6872080338985796e-26
2,lbfgs,1400,600.0,1090.0,0.001835353325858309,0.0012447452658785516,1.177515722190298e-08,0.0011541257192512037,9.060777147012598e-05,0.0005906079461369818,0.0,3.2593817982798394e-19,2.4925861985560776e-26,6.152345750827187e-27
2,lbfgs,1409,600.0,1090.0,9.50943704467831e-06,7.352076247089028e-06,1.1377510919990928e-08,7.393339941146233e-07,6.601364742054414e-06,2.1572469548107644e-06,0.0,3.153825605476278e-19,1.747840846933429e-27,1.8367678105177062e-26
2,lbfgs,1419,600.0,1090.0,8.185505403414873e-06,6.217555892016863e-06,1.1180080769128545e-08,2.0072910450995266e-06,4.199084766148207e-06,1.96783566832596e-06,0.0,2.384646335234334e-19,1.481030847323477e-27,1.3670602617333516e-26
2,lbfgs,1429,600.0,1090.0,3.4484106231278857e-07,2.8879473291449234e-07,2.3721455979051103e-09,4.141541967305742e-08,2.4500716764352983e-07,5.5932484355661594e-08,0.0,6.183019521236306e-20,6.772868181643398e-30,9.225264519744392e-29
2,lbfgs,1439,600.0,1090.0,3.4037356314186206e-07,2.9418925288587846e-07,2.2395660584981173e-09,4.6608934161786565e-08,2.4534075266559375e-07,4.607046523270409e-08,0.0,5.221172654074867e-20,7.941227098939829e-30,1.1236840455643828e-28
2,lbfgs,1449,600.0,1090.0,3.402311549846944e-07,2.9397426963936837e-07,2.233165421844407e-09,4.649412647253284e-08,2.4524697774499115e-07,4.6143040321710205e-08,0.0,5.2358403539609936e-20,7.92147862782489e-30,1.1204563240964942e-28
2,lbfgs,1459,600.0,1090.0,3.400497206259537e-07,2.936537677011111e-07,2.2262720637195807e-09,4.6342804804306114e-08,2.4508469083308537e-07,4.628210790053515e-08,0.0,5.262083976417374e-20,7.879088573055711e-30,1.1136822106554212e-28
2,lbfgs,1469,600.0,1090.0,3.3990855801045666e-07,2.9362734495926065e-07,2.2288513552297227e-09,4.6332194632753666e-08,2.4506629897127725e-07,4.6167368027173456e-08,0.0,5.2495095969887283e-20,7.899223447369648e-30,1.116959561636883e-28
2,lbfgs,1479,600.0,1090.0,3.3972783460751163e-07,2.936372868413753e-07,2.233785949936311e-09,4.6319694537358445e-08,2.450838063540806e-07,4.597670274273577e-08,0.0,5.23266510094845e-20,7.942190708492165e-30,1.1237983866282154e-28
2,lbfgs,1489,600.0,1090.0,3.395873045675701e-07,2.934006095474572e-07,2.2310115634515303e-09,4.6192280929164264e-08,2.449773170548414e-07,4.6072849996279855e-08,0.0,5.240521705267521e-20,7.915908693284397e-30,1.119518735559458e-28
2,lbfgs,1499,600.0,1090.0,3.3940728250052996e-07,2.930526454588491e-07,2.2271712821948218e-09,4.602653258112402e-08,2.447989415955302e-07,4.624079201703252e-08,0.0,5.2548405737085074e-20,7.86515360533973e-30,1.1114096932819962e-28
2,lbfgs,1509,600.0,1090.0,3.3926729783822283e-07,2.9303586997884867e-07,2.2290491107366745e-09,4.602109808277038e-08,2.4478572278534163e-07,4.611758283504872e-08,0.0,5.246410234343805e-20,7.88788585944986e-30,1.115093535499697e-28
2,lbfgs,1519,600.0,1090.0,3.390879734497681e-07,2.930576364938595e-07,2.2327343525262974e-09,4.601420331266262e-08,2.4481069882867057e-07,4.591649193225657e-08,0.0,5.233727924936879e-20,7.93443252815095e-30,1.1224812130202307e-28
2,lbfgs,1529,600.0,1090.0,3.3894852018731994e-07,2.928189038692866e-07,2.2304008244316123e-09,4.588619292813912e-08,2.447023101167159e-07,4.601577129393293e-08,0.0,5.2404847235176225e-20,7.907082377797498e-30,1.118034692591838e-28
2,lbfgs,1539,600.0,1090.0,3.387698906727287e-07,2.924684903650925e-07,2.2269789012408174e-09,4.572070860646814e-08,2.445208028573835e-07,4.6187555282696184e-08,0.0,5.253148416243584e-20,7.854670204675157e-30,1.1096770427347275e-28
2,lbfgs,1549,600.0,1090.0,3.386309650244055e-07,2.924537058922704e-07,2.2287531429665746e-09,4.571603607801964e-08,2.445089166712842e-07,4.606341410752591e-08,0.0,5.2452740343998183e-20,7.877982690897513e-30,1.1134406475764274e-28
2,lbfgs,1559,600.0,1090.0,3.384530276979407e-07,2.924779682969666e-07,2.232271442115448e-09,4.57091913281077e-08,2.4453650552674344e-07,4.586121437705292e-08,0.0,5.233166632350773e-20,7.92561070528782e-30,1.1209725379650462e-28
2,lbfgs,1569,600.0,1090.0,3.383146273102577e-07,2.9223997060275566e-07,2.229994922909642e-09,4.558226901791543e-08,2.444277066619306e-07,4.596081168312773e-08,0.0,5.239766009782807e-20,7.897948244149452e-30,1.1164816502393769e-28
2,lbfgs,1579,600.0,1090.0,3.381373795239579e-07,2.918905699850034e-07,2.226624716794436e-09,4.5419127824358235e-08,2.4424481744385074e-07,4.6132964513729726e-08,0.0,5.2522053299123366e-20,7.844795531659426e-30,1.1080243932514955e-28
2,lbfgs,1589,600.0,1090.0,3.379995022411466e-07,2.9187671735685826e-07,2.2283870971229445e-09,4.541458312856515e-08,2.4423374713117014e-07,4.600893985939813e-08,0.0,5.244408130197653e-20,7.868413184803274e-30,1.111823056741542e-28
2,lbfgs,1599,600.0,1090.0,3.3782294135318703e-07,2.9190217628474634e-07,2.2318895289831738e-09,4.5406966930063405e-08,2.4426331982569975e-07,4.58069200442484e-08,0.0,5.232376494355562e-20,7.91679222473583e-30,1.1194450260774047e-28
2,lbfgs,1609,600.0,1090.0,3.3768558505849946e-07,2.916652941129348e-07,2.2296176479426704e-09,4.528137697807124e-08,2.4415429948692086e-07,4.590644592091592e-08,0.0,5.2389524666344866e-20,7.888916071771742e-30,1.1149260433774494e-28
2,lbfgs,1619,600.0,1090.0,3.3750970844901164e-07,2.913173736648806e-07,2.22624796382976e-09,4.5120902807163966e-08,2.439702228938869e-07,4.6078489758622564e-08,0.0,5.2513669069353914e-20,7.835131790914726e-30,1.1063877056505953e-28
2,lbfgs,1629,600.0,1090.0,3.373728710301369e-07,2.9130430082598275e-07,2.228011451171693e-09,4.511637738499913e-08,2.439599119898119e-07,4.595472517898365e-08,0.0,5.243580539547302e-20,7.859022389916146e-30,1.1102159680546918e-28
2,lbfgs,1639,600.0,1090.0,3.371976760828961e-07,2.9133077269151177e-07,2.231519200170085e-09,4.510782643070972e-08,2.4399142706063193e-07,4.5753058366921085e-08,0.0,5.2315548721264836e-20,7.908124815847706e-30,1.1179227172333337e-28
2,lbfgs,1649,600.0,1090.0,3.3706135543994443e-07,2.910950504596179e-07,2.2292446405589773e-09,4.4983612898730064e-08,2.4388219292032887e-07,4.585245995540366e-08,0.0,5.2381262218475376e-20,7.880041774590537e-30,1.1133771045748043e-28
2,lbfgs,1659,600.0,1090.0,3.368868395609662e-07,2.907486611537697e-07,2.225868231595099e-09,4.482588640325815e-08,2.4369690651891646e-07,4.60243333814047e-08,0.0,5.250543955750781e-20,7.82562174671947e-30,1.1047579899519533e-28
2,lbfgs,1669,600.0,1090.0,3.367510335927669e-07,2.90736342030298e-07,2.227634659776554e-09,4.482134452615913e-08,2.436873628443623e-07,4.590084653701844e-08,0.0,5.242759059941248e-20,7.849787128684903e-30,1.1086158758907361e-28
2,lbfgs,1679,600.0,1090.0,3.3657719419222444e-07,2.9076379861812076e-07,2.231150810974802e-09,4.4811786069817825e-08,2.437208617373281e-07,4.5699550549369934e-08,0.0,5.2307292689618467e-20,7.899628124095116e-30,1.1164089721749234e-28
2,lbfgs,1689,600.0,1090.0,3.364419008103271e-07,2.9052923395006987e-07,2.2288725109326223e-09,4.46889655884955e-08,2.4361139585064176e-07,4.5798821835060624e-08,0.0,5.2372987029994086e-20,7.871331974266095e-30,1.111836108437528e-28
2,lbfgs,1699,600.0,1090.0,3.362687353193263e-07,2.9018436872022755e-07,2.2254882503596633e-09,4.4534034771758305e-08,2.4342484569810956e-07,4.597052157302378e-08,0.0,5.2497240864758587e-20,7.816255610509793e-30,1.1031339131017646e-28
2,lbfgs,1709,600.0,1090.0,3.361339524345328e-07,2.9017279488116486e-07,2.227257899773899e-09,4.452945048389315e-08,2.434160864974978e-07,4.58473125276377e-08,0.0,5.241939216541284e-20,7.840702589581707e-30,1.107022235939329e-28
2,lbfgs,1719,600.0,1090.0,3.3596145828921585e-07,2.902012299263431e-07,2.230783021659882e-09,4.451882326588164e-08,2.4345162363880153e-07,4.56463833378691e-08,0.0,5.229903499645689e-20,7.891303973309516e-30,1.1149042761978963e-28
2,lbfgs,1729,600.0,1090.0,3.3582718382331715e-07,2.899678138776457e-07,2.228500788205477e-09,4.439740910783524e-08,2.4334190398160496e-07,4.5745524920201624e-08,0.0,5.2364714932856635e-20,7.862786442880757e-30,1.1103032232968335e-28
2,lbfgs,1739,600.0,1090.0,3.3565535848116297e-07,2.8962445738949417e-07,2.22510839706488e-09,4.4245318689029855e-08,2.4315403030339943e-07,4.5917056065310844e-08,0.0,5.248905587060574e-20,7.807030202474576e-30,1.1015152059992186e-28
2,lbfgs,1749,600.0,1090.0,3.3552159035531065e-07,2.8961362299818356e-07,2.2268813331089157e-09,4.4240667010274816e-08,2.4314607465479983e-07,4.579412233111742e-08,0.0,5.241120391066088e-20,7.831766524941145e-30,1.1054349153442494e-28
2,lbfgs,1759,600.0,1090.0,3.3535043127832473e-07,2.896430336556671e-07,2.23041564961244e-09,4.4228910206004616e-08,2.431837078000501e-07,4.559355259738457e-08,0.0,5.2290780827915506e-20,7.88315173094348e-30,1.1134087162885878e-28
2,lbfgs,1769,600.0,1090.0,3.352171674252505e-07,2.894107562998536e-07,2.2281294083505467e-09,4.4108915651587e-08,2.430737112399161e-07,4.5692566099654166e-08,0.0,5.235644806171751e-20,7.854404017235579e-30,1.1087784645233823e-28
2,lbfgs,1779,600.0,1090.0,3.350466720973535e-07,2.890688918540588e-07,2.2247287205009932e-09,4.3959711187859846e-08,2.4288445194569795e-07,4.586393521665387e-08,0.0,5.248088231365431e-20,7.797943260265331e-30,1.0999017461644968e-28
2,lbfgs,1789,600.0,1090.0,3.3491391044846373e-07,2.8905879158223386e-07,2.2265049802322136e-09,4.3954966877958565e-08,2.4287731972404305e-07,4.574127383994103e-08,0.0,5.2403025018878566e-20,7.82297704922836e-30,1.103853837942375e-28
2,lbfgs,1799,600.0,1090.0,3.3474407635749884e-07,2.890891758679761e-07,2.2300486736779803e-09,4.394201853002201e-08,2.4291710866427606e-07,4.554105546398099e-08,0.0,5.2282530781128524e-20,7.87517044965095e-30,1.1119223258749713e-28
2,lbfgs,1809,600.0,1090.0,3.346118148555725e-07,2.888580270644644e-07,2.2277583641082193e-09,4.382345734429286e-08,2.4280681135606334e-07,4.5639942765093056e-08,0.0,5.234818664431496e-20,7.846183422777573e-30,1.107261827153478e-28
2,lbfgs,1819,600.0,1090.0,3.3444263951140547e-07,2.8851763754449025e-07,2.224349223586368e-09,4.3677185837812104e-08,2.426161024830918e-07,4.581115693999168e-08,0.0,5.2472720005305793e-20,7.788992646183077e-30,1.098293430120082e-28
2,lbfgs,1829,600.0,1090.0,3.3431087609702374e-07,2.885082662836178e-07,2.2261288418009515e-09,4.3672323209750414e-08,2.426098142320664e-07,4.5688764786838144e-08,0.0,5.239485542286982e-20,7.814332331745047e-30,1.1022789348818515e-28
2,lbfgs,1839,600.0,1090.0,3.3414235701492925e-07,2.8853962272719824e-07,2.2296820953445046e-09,4.365811997027088e-08,2.4265182066158287e-07,4.548888926192102e-08,0.0,5.227428481223548e-20,7.867359165952218e-30,1.1104451327746387e-28
2,lbfgs,1849,600.0,1090.0,3.340110896403323e-07,2.883095922257075e-07,2.2273876562055046e-09,4.354100648436762e-08,2.425411980851344e-07,4.558765238833788e-08,0.0,5.2339930641235823e-20,7.838123388873e-30,1.1057533043978915e-28
2,lbfgs,1859,600.0,1090.0,3.3384322435698455e-07,2.879706602214052e-07,2.223969902756506e-09,4.339771650689003e-08,2.4234897381175866e-07,4.575871910837317e-08,0.0,5.246456904865739e-20,7.780176235573041e-30,1.0966901555564339e-28
2,lbfgs,1869,600.0,1090.0,3.337124509722543e-07,2.8796201304516675e-07,2.2257529156636432e-09,4.339270938730792e-08,2.423435507421952e-07,4.563659290024104e-08,0.0,5.238669516119313e-20,7.805830553380692e-30,1.1007101377138398e-28
2,lbfgs,1879,600.0,1090.0,3.335452370283493e-07,2.879943406531019e-07,2.229315919390532e-09,4.33771864443588e-08,2.423878382893526e-07,4.543705134916981e-08,0.0,5.2266042785719735e-20,7.859716942518745e-30,1.108977165966098e-28
2,lbfgs,1889,600.0,1090.0,3.334149555952681e-07,2.8776541810204856e-07,2.2270172865397424e-09,4.326153557863695e-08,2.422768652368719e-07,4.553569246666123e-08,0.0,5.23316799746811e-20,7.830222664942663e-30,1.1042528902219785e-28
2,lbfgs,1899,600.0,1090.0,3.3324839055451576e-07,2.874279259160986e-07,2.223590753437742e-09,4.312127732594064e-08,2.420830578367202e-07,4.570661961092844e-08,0.0,5.2456429591260695e-20,7.771491900889697e-30,1.0950918188255325e-28
2,lbfgs,1909,600.0,1090.0,3.331185990308734e-07,2.87419998077093e-07,2.2253771992193425e-09,4.311609903492571e-08,2.420785218429479e-07,4.55847559266554e-08,0.0,5.2378544288973566e-20,7.797469900414162e-30,1.0991473774204439e-28
2,lbfgs,1919,600.0,1090.0,3.329526804621875e-07,2.8745329633984575e-07,2.2289501512311457e-09,4.3099190064477765e-08,2.421251561241368e-07,4.538553909599714e-08,0.0,5.225780454958168e-20,7.852242874349496e-30,1.1075184565717215e-28
2,lbfgs,1929,600.0,1090.0,3.328233768186376e-07,2.872254712820829e-07,2.2266472572438166e-09,4.2985017344804573e-08,2.420138066800345e-07,4.5484060509725414e-08,0.0,5.2323434559689346e-20,7.822480022709835e-30,1.102760579729317e-28
2,lbfgs,1939,600.0,1090.0,3.326581023114997e-07,2.8688940091680876e-07,2.223211770768422e-09,4.2847842679276964e-08,2.418183464667634e-07,4.565485636691986e-08,0.0,5.2448301792677684e-20,7.762937508892395e-30,1.0934983144860075e-28
2,lbfgs,1949,600.0,1090.0,3.3252928451442494e-07,2.868821878506983e-07,2.22500168973527e-09,4.2842466014884616e-08,2.4181472014607844e-07,4.5533251636323356e-08,0.0,5.2370402865848524e-20,7.789248563212565e-30,1.0975905842479748e-28
2,lbfgs,1959,600.0,1090.0,3.3236465166527993e-07,2.869164567590624e-07,2.228584796561972e-09,4.2824103138710066e-08,2.418637688237904e-07,4.533434987960646e-08,0.0,5.2249569945548235e-20,7.844936090229751e-30,1.1060690380639613e-28
2,lbfgs,1969,600.0,1090.0,3.322363176924868e-07,2.8668971862426446e-07,2.2262775705654086e-09,4.271142471048485e-08,2.417520163432142e-07,4.543275404112252e-08,0.0,5.2315194308346066e-20,7.814894256845188e-30,1.1012763692486319e-28
2,lbfgs,1979,600.0,1090.0,3.320723241181469e-07,2.8635505177045664e-07,2.2228329497352174e-09,4.257738720893783e-08,2.415548316117836e-07,4.560342731963688e-08,0.0,5.244018581823667e-20,7.754510919399849e-30,1.0919095352486098e-28
2,lbfgs,1989,600.0,1090.0,3.319444719443941e-07,2.8634854909740693e-07,2.224626384396541e-09,4.257178442842646e-08,2.415521382845839e-07,4.548207781930585e-08,0.0,5.2362270954130374e-20,7.781164735733838e-30,1.0960396876542357e-28
2,lbfgs,1999,600.0,1090.0,3.317811152690177e-07,2.863837891547077e-07,2.2282198612621827e-09,4.2551898163939683e-08,2.416036711295058e-07,4.528348108743312e-08,0.0,5.22413388117709e-20,7.837795753227812e-30,1.1046289463170861e-28
2,lbfgs,2009,600.0,1090.0,3.3165374287844194e-07,2.861581272536337e-07,2.2259082288370167e-09,4.244073080859004e-08,2.414914882162066e-07,4.5381770597438406e-08,0.0,5.23069591306742e-20,7.80746418532417e-30,1.0998002563627255e-28
2,lbfgs,2019,600.0,1090.0,3.314910207471205e-07,2.8582484527733357e-07,2.2224542851855683e-09,4.230988581059645e-08,2.4129250518155155e-07,4.555233044145133e-08,0.0,5.2432081838538e-20,7.74620998475483e-30,1.0903253718703918e-28
2,lbfgs,2029,600.0,1090.0,3.3136412612168116e-07,2.858190488065378e-07,2.224251280312028e-09,4.230402861410231e-08,2.412907689121235e-07,4.5431232287184224e-08,0.0,5.2354148618540125e-20,7.773216614994265e-30,1.0944946162724056e-28
2,lbfgs,2039,600.0,1090.0,3.3120203618583567e-07,2.8585526104324723e-07,2.2278553513981304e-09,4.228254782521766e-08,2.4134485786663144e-07,4.5232930115446286e-08,0.0,5.2233110982896795e-20,7.830821061513374e-30,1.1031982196837698e-28
2,lbfgs,2049,600.0,1090.0,3.3107561731685915e-07,2.856306645612089e-07,2.2255392344757103e-09,4.217290897747965e-08,2.4123221634925354e-07,4.533110772801083e-08,0.0,5.229872893477525e-20,7.800188649394793e-30,1.098332239950271e-28
2,lbfgs,2059,600.0,1090.0,3.3091415724973235e-07,2.8529874849014965e-07,2.222075771831275e-09,4.20453136339953e-08,2.4103135908432307e-07,4.550156373096494e-08,0.0,5.2423990029215587e-20,7.7380325489751e-30,1.0887457131059998e-28
2,lbfgs,2069,600.0,1090.0,3.3078821212521554e-07,2.8529365422111944e-07,2.223876374519767e-09,4.2039173143745034e-08,2.4103060470285465e-07,4.538071287585938e-08,0.0,5.23460359260017e-20,7.76540240079915e-30,1.0929552978809302e-28
2,lbfgs,2079,600.0,1090.0,3.306273796065012e-07,2.853308402134936e-07,2.227491273276394e-09,4.201602499518742e-08,2.410873239450298e-07,4.5182694365600804e-08,0.0,5.222488628852999e-20,7.8240112488068e-30,1.1017768990963302e-28
2,lbfgs,2089,600.0,1090.0,3.305019062237055e-07,2.851072982023406e-07,2.2251705899952863e-09,4.19079327587041e-08,2.409741948536412e-07,4.528076299345641e-08,0.0,5.2290503626351193e-20,7.793066513977058e-30,1.0968723202077404e-28
2,lbfgs,2099,600.0,1090.0,3.3034169895494484e-07,2.8477672870947594e-07,2.2216974042003916e-09,4.178364608003093e-08,2.407713852252446e-07,4.545112521656912e-08,0.0,5.241591057306263e-20,7.729976446796659e-30,1.0871704456093805e-28
2,lbfgs,2109,600.0,1090.0,3.302166953075049e-07,2.8477233283784514e-07,2.2235016639609543e-09,4.177719282451544e-08,2.4077163834936876e-07,4.533051744114569e-08,0.0,5.2337932946574486e-20,7.757720295098818e-30,1.0914216593653294e-28
2,lbfgs,2119,600.0,1090.0,3.300571109978849e-07,2.848104947246835e-07,2.2271276334188052e-09,4.175230273029407e-08,2.408310643609706e-07,4.51327712455306e-08,0.0,5.2216664554141515e-20,7.817365585291471e-30,1.1003650281199332e-28
2,lbfgs,2129,600.0,1090.0,3.2993257508828986e-07,2.845879960942362e-07,2.2248022980047878e-09,4.164577589384559e-08,2.407174179023858e-07,4.523073396587652e-08,0.0,5.2282283108910927e-20,7.78609666787179e-30,1.0954204986890254e-28
2,lbfgs,2139,600.0,1090.0,3.2977361146810306e-07,2.8425875348260974e-07,2.221319176667837e-09,4.152485880082621e-08,2.405125755051157e-07,4.540101295631152e-08,0.0,5.240784365865917e-20,7.722039502965687e-30,1.0855994538757052e-28
2,lbfgs,2149,600.0,1090.0,3.29649541295141e-07,2.8425505240338354e-07,2.2231271454980925e-09,4.1518062694844554e-08,2.405138625630409e-07,4.5280643862966155e-08,0.0,5.232983975277005e-20,7.750168501790499e-30,1.0898936266860587e-28
3,adam,0,1090.0,1776.0,0.0237131325347167,0.017784849332324465,0.0002777776396367631,0.004406398643947652,0.013100673048740049,0.005928283110774825,0.0,4.002249774870319e-15,2.2072586108816986e-30,2.026391649359844e-29
3,adam,24,1090.0,1776.0,0.01923026593121644,0.015373049612144505,1.532438516044705e-05,0.0016161443203155153,0.013741580906668542,0.0038572162260167523,0.0,8.678526102967338e-17,7.174052516542376e-31,2.091402446897352e-29
3,adam,49,1090.0,1776.0,0.006640240040647995,0.005026249845936583,2.501621802013909e-06,0.0008360459248398557,0.004187702299294713,0.0016139900944989653,0.0,2.2782536959630936e-17,1.6479415061308434e-31,1.5665266528395443e-30
3,adam,74,1090.0,1776.0,0.004391255351163671,0.003052475465661188,9.945893373777925e-07,0.0007451978774350884,0.0023062829988887215,0.0013387797764009843,0.0,5.744919288600573e-18,6.655086244623425e-32,5.019824528168965e-31
3,adam,99,1090.0,1776.0,0.0032915726523317685,0.0024321889316475244,5.805475161332681e-07,0.0005041036330427448,0.0019275047510886464,0.0008593836090787925,0.0,3.0824353190397687e-18,7.357152506287013e-32,6.3231842555704265e-31
3,adam,124,1090.0,1776.0,0.0015553661465580874,0.0009986095187883614,2.1525410010835324e-06,0.00025710954103152437,0.0007393474367557534,0.0005567565116036968,0.0,1.0350393360768641e-17,4.48216332868925e-32,3.262800883242695e-31
3,adam,149,1090.0,1776.0,0.0005776898339638851,0.00037274550376224195,7.883946453955628e-07,0.00017088000015509473,0.00020107710896175165,0.00020494421097213484,0.0,5.5650159545725665e-18,1.8432398171613774e-32,7.923331395783935e-32
3,adam,174,1090.0,1776.0,0.00024384682957332796,0.0001479735973124578,4.3472983302520246e-07,9.370793265988795e-05,5.383093481954464e-05,9.587311125347698e-05,0.0,2.5664369620432362e-18,1.3234749264895113e-32,3.222710819767571e-32
3,adam,199,1090.0,1776.0,0.0001117896570040906,8.539331307614182e-05,1.4028290680595263e-07,6.652872061205127e-05,1.8724309557284593e-05,2.639622147106732e-05,0.0,8.615959145525022e-19,9.400399615787745e-33,8.684756692000984e-33
3,adam,224,1090.0,1776.0,6.380367197850282e-05,5.889878673568495e-05,6.016321439599549e-08,4.728832561905334e-05,1.155029790223562e-05,4.904761729534284e-06,0.0,3.6996968983937753e-19,6.718378645223936e-33,2.8033127347101104e-33
3,adam,249,1090.0,1776.0,4.398158708146152e-05,4.323634116704659e-05,5.1203578821745584e-08,3.3293124328773745e-05,9.892013259451103e-06,7.451217198490104e-07,0.0,3.3762136315990564e-19,6.278104595203677e-33,2.0605046288764024e-33
3,adam,274,1090.0,1776.0,3.4059831322706434e-05,3.377705118323835e-05,5.8251105486325396e-08,2.3763405693107566e-05,9.955394384644463e-06,2.826554811933468e-07,0.0,4.5019449013662145e-19,6.090533285973899e-33,2.1452288407917647e-33
3,adam,299,1090.0,1776.0,2.691525226241729e-05,2.6565496656121002e-05,6.979366005773698e-08,1.7151061984221675e-05,9.344641011841587e-06,3.496305943253304e-07,0.0,5.916086334113421e-19,6.008436527638145e-33,2.1811798179530768e-33
3,adam,324,1090.0,1776.0,2.115294918312601e-05,2.0711849408957866e-05,6.870113320954991e-08,1.2510537426190771e-05,8.132610849557544e-06,4.4097445893370605e-07,0.0,5.866025085164035e-19,5.979811168507354e-33,2.1589215479060726e-33
3,adam,349,1090.0,1776.0,1.6539329621337734e-05,1.6047962078355825e-05,5.493021582355089e-08,9.218706081845633e-06,6.774325780686641e-06,4.912419565613244e-07,0.0,4.447403384545221e-19,6.004956013005612e-33,2.1228827777274398e-33
3,adam,374,1090.0,1776.0,1.2876385810373248e-05,1.2387760100724947e-05,4.186642325841114e-08,6.882706378416561e-06,5.463187299049976e-06,4.884998803890316e-07,0.0,3.0924926223835413e-19,6.059618189278154e-33,2.08512429610962e-33
3,adam,399,1090.0,1776.0,9.983949630034387e-06,9.558460628634427e-06,3.4576689539333084e-08,5.239694282326255e-06,4.284189656768838e-06,4.2536295497772136e-07,0.0,2.352213197801511e-19,6.117201237782312e-33,2.0469169415438285e-33
3,adam,424,1090.0,1776.0,7.43209609423209e-06,7.0774940465564e-06,3.287756886212203e-08,3.8029827568092984e-06,3.2416337208849795e-06,3.544758054905608e-07,0.0,2.1590372455913339e-19,6.228615874676449e-33,2.0041002708960773e-33
3,adam,449,1090.0,1776.0,5.804075430755139e-06,5.542256855136371e-06,3.251208235814033e-08,3.0564905727171497e-06,2.4532542000610806e-06,2.616921525216802e-07,0.0,2.2000805749262028e-19,6.257485496843559e-33,1.989770952289892e-33
3,adam,474,1090.0,1776.0,4.526815045328624e-06,4.347637611081372e-06,3.3396511320385035e-08,2.4500824309382576e-06,1.8641586688227291e-06,1.790508429737906e-07,0.0,2.3525273427140216e-19,6.273168757788243e-33,1.96828707585568e-33
3,adam,499,1090.0,1776.0,3.5410036975265545e-06,3.419010041506885e-06,3.485171502628916e-08,1.99356289778224e-06,1.3905954286983558e-06,1.2186690599915338e-07,0.0,2.520157696418334e-19,6.289181215620309e-33,1.9544887503800918e-33
3,adam,524,1090.0,1776.0,2.801653180946685e-06,2.7219534947126313e-06,3.4909555843854794e-08,1.6386251370192477e-06,1.048418801849529e-06,7.957279063686182e-08,0.0,2.536794060132963e-19,6.304358194610686e-33,1.9455774983392305e-33
3,adam,549,1090.0,1776.0,2.2651491285701506e-06,2.2160007901860564e-06,3.2795481235616966e-08,1.3707599470321874e-06,8.124453619182521e-07,4.9021314627603974e-08,0.0,2.348632142010777e-19,6.318109206498719e-33,1.9383991409973187e-33
3,adam,574,1090.0,1776.0,1.8842694561123253e-06,1.8534147978577338e-06,2.9175620383001208e-08,1.1744972541735112e-06,6.497419233012215e-07,3.072752251711125e-08,0.0,2.0328001973277247e-19,6.329539913345321e-33,1.9340086323382328e-33
3,adam,599,1090.0,1776.0,1.617838952291529e-06,1.5966121011871145e-06,2.4894222446144548e-08,1.0309706606945152e-06,5.407472180464547e-07,2.1099618809242477e-08,0.0,1.6706050635511125e-19,6.338838016919031e-33,1.931599628128213e-33
3,adam,624,1090.0,1776.0,1.2081831752688393e-06,1.193506132967971e-06,2.0070027924976948e-08,6.797834342932605e-07,4.936526707497335e-07,1.4549743461932962e-08,0.0,1.2957098882699858e-19,6.39182888181472e-33,2.0329011615592522e-33
3,adam,649,1090.0,1776.0,1.1138142731344646e-06,1.0976793140375515e-06,1.5688272891550877e-08,6.251509976866614e-07,4.5684004345933914e-07,1.6007601535380256e-08,0.0,9.480441360097363e-20,6.392352678455815e-33,2.032053940887258e-33
3,adam,674,1090.0,1776.0,1.0434713739658124e-06,1.0260531695311664e-06,1.2901496834162945e-08,5.853751150259586e-07,4.277765576710449e-07,1.729079239305331e-08,0.0,7.406203888300205e-20,6.393168202940086e-33,2.032909592035816e-33
3,adam,699,1090.0,1776.0,9.895032956253045e-07,9.70162128837138e-07,1.0665394202589315e-08,5.521895398177181e-07,4.0730719481683056e-07,1.921370780354603e-08,0.0,5.858485780014109e-20,6.395343634234319e-33,2.0337420046596252e-33
3,adam,724,1090.0,1776.0,9.47086773046685e-07,9.25317889450839e-07,8.80575649370801e-09,5.240947637936363e-07,3.924173691634948e-07,2.1641383615898247e-08,0.0,4.636900543023195e-20,6.396519079196e-33,2.0345841222302823e-33
3,adam,749,1090.0,1776.0,9.129053428637918e-07,8.887691789439408e-07,7.331134212561015e-09,5.002973740692754e-07,3.811406706621043e-07,2.400862726345868e-08,0.0,3.722053249987321e-20,6.397441875687696e-33,2.035459852788888e-33
3,adam,774,1090.0,1776.0,8.847502147614849e-07,8.583708542922201e-07,6.1651173677797116e-09,4.797894482810642e-07,3.7241628864337624e-07,2.6251790740290297e-08,0.0,3.0379398084609165e-20,6.398020561643701e-33,2.036342778383987e-33
3,adam,799,1090.0,1776.0,8.610705504847302e-07,8.334560000356673e-07,6.052270498819867e-09,4.6204018760456105e-07,3.653635419322864e-07,2.7486949637169404e-08,0.0,2.887347503026511e-20,6.396551886919593e-33,2.037657146624678e-33
3,adam,824,1090.0,1776.0,1.1979249929280015e-06,1.1438952590951864e-06,1.7590698777685039e-07,5.938195023869028e-07,3.741687689314333e-07,5.390209886922837e-08,0.0,1.0541921177238657e-18,6.489799423540097e-33,1.9725099825390317e-33
3,adam,849,1090.0,1776.0,1.0143413051840958e-06,9.689037857134296e-07,2.9571665443705872e-08,5.733682606441083e-07,3.659638596256155e-07,4.5309852123436006e-08,0.0,1.88076710261532e-19,6.493201240519951e-33,1.9708401971853174e-33
3,adam,874,1090.0,1776.0,9.560620152190967e-07,9.193476222589733e-07,3.483858334969556e-09,5.559399315012195e-07,3.599238324227842e-07,3.658669416085811e-08,0.0,1.737967634845467e-20,6.495071626959794e-33,1.972546147836772e-33
3,adam,899,1090.0,1776.0,9.377687450050624e-07,8.991990054586089e-07,3.0334526905894277e-09,5.406647951465901e-07,3.555007576214293e-07,3.8442012155428374e-08,0.0,1.4797877558814114e-20,6.495638144797528e-33,1.973205297756204e-33
3,adam,924,1090.0,1776.0,9.220722627211835e-07,8.817352095804225e-07,2.724076886761477e-09,5.272332450420788e-07,3.517778876515822e-07,4.020929967489033e-08,0.0,1.3052978637455879e-20,6.496313679619343e-33,1.974009963548942e-33
3,adam,949,1090.0,1776.0,9.084087996904599e-07,8.665415104902846e-07,2.564066383110577e-09,5.153061519092426e-07,3.486712921979314e-07,4.173951167919437e-08,0.0,1.2193144119757109e-20,6.496710963349417e-33,1.9746999390927374e-33
3,adam,974,1090.0,1776.0,8.964410612780392e-07,8.527728266088818e-07,2.163135937269835e-09,5.04644083379323e-07,3.4596560729228896e-07,4.354043476299597e-08,0.0,1.0999865537388852e-20,6.497129731049351e-33,1.9752535767275133e-33
3,adam,999,1090.0,1776.0,8.885591661767074e-07,8.420750366727595e-07,3.744872314573113e-09,4.949637730046745e-07,3.4336639135351203e-07,4.635631038635354e-08,0.0,2.3256023845811428e-20,6.498722323685475e-33,1.975551651772571e-33
3,adam,1024,1090.0,1776.0,8.778204308994198e-07,8.320389732932753e-07,5.303215755844039e-08,4.275123714426669e-07,3.51494444292168e-07,4.565361660916159e-08,0.0,3.2658264968463396e-19,6.766582080262264e-33,2.0530082629398143e-33
3,adam,1049,1090.0,1776.0,8.188750522659013e-07,7.773149348508119e-07,7.041443158127547e-09,4.2049503673701833e-07,3.49778454955666e-07,4.143225739493334e-08,0.0,4.561982684435719e-20,6.771765981829534e-33,2.0512560689276702e-33
3,adam,1074,1090.0,1776.0,8.033757508820708e-07,7.633041306300895e-07,1.6314233122765357e-09,4.149216567975378e-07,3.467510505202751e-07,3.9943742195985716e-08,0.0,9.34258789870743e-21,6.771845581296439e-33,2.0517436201391792e-33
3,adam,1099,1090.0,1776.0,7.957962653517919e-07,7.553882571879613e-07,1.419235961298175e-09,4.0932226728544124e-07,3.446467539412219e-07,4.028011271132321e-08,0.0,7.91797633211967e-21,6.771970637247392e-33,2.0520363088575895e-33
3,adam,1124,1090.0,1776.0,7.889405186514603e-07,7.481682757172713e-07,1.383599172883211e-09,4.0413337712253594e-07,3.426512994218522e-07,4.064433100443973e-08,0.0,7.552509758007108e-21,6.771842894485101e-33,2.0523843818170335e-33
3,adam,1149,1090.0,1776.0,7.84526005934881e-07,7.424543882345639e-07,2.4100744299730598e-09,3.992625759128933e-07,3.407817378916975e-07,4.194369003239242e-08,0.0,1.539175438993091e-20,6.772341961443477e-33,2.052356710263579e-33
3,adam,1174,1090.0,1776.0,2.5729808606730276e-06,2.209442489044584e-06,1.4731469963470835e-06,3.9461787527621585e-07,3.416776174212843e-07,3.634104330237301e-07,0.0,9.07537673484102e-18,6.790588430709155e-33,2.0421526443193507e-33
3,adam,1199,1090.0,1776.0,8.277689412015458e-07,7.782490250671133e-07,5.007321958870196e-08,3.9116235739294027e-07,3.3701344808547106e-07,4.9391968585251836e-08,0.0,3.186355185624113e-19,6.768222663685792e-33,2.0550594414180806e-33
3,adam,1224,1090.0,1776.0,8.216766000235005e-07,7.76068648873784e-07,5.215183606186906e-09,5.156991341535562e-07,2.551543311140409e-07,4.547999363414354e-08,0.0,3.1355769706416325e-20,6.26662597914505e-33,1.9053365398649417e-33
3,adam,1249,1090.0,1776.0,8.083167490532046e-07,7.603642162819635e-07,1.478857053315526e-09,5.048772865804771e-07,2.540080726481708e-07,4.782456238628718e-08,0.0,8.423078811386186e-21,6.273425931300699e-33,1.90481370167091e-33
3,adam,1274,1090.0,1776.0,8.018156815315928e-07,7.522038258002474e-07,9.700726549976592e-10,4.969232861447285e-07,2.5431046700052114e-07,4.9483872228095915e-08,0.0,5.759997899181679e-21,6.274761911188003e-33,1.9049458846499125e-33
3,adam,1299,1090.0,1776.0,7.964291445159464e-07,7.461495616208265e-07,9.448774939188946e-10,4.909883291614652e-07,2.5421635496544235e-07,5.015158520408357e-08,0.0,5.6156018714228434e-21,6.274500195973046e-33,1.905635749971852e-33
3,adam,1324,1090.0,1776.0,7.915121570120132e-07,7.406696953040565e-07,9.222755179817306e-10,4.8586756576448e-07,2.5387985402159473e-07,5.071444968046922e-08,0.0,5.554274219383134e-21,6.274848560032919e-33,1.9060591003102243e-33
3,adam,1349,1090.0,1776.0,7.869067491089105e-07,7.356037223339012e-07,9.048257849578434e-10,4.812385862162049e-07,2.534603103327384e-07,5.117500054866035e-08,0.0,5.5154107038980815e-21,6.275093981760462e-33,1.9063815067326844e-33
3,adam,1374,1090.0,1776.0,7.825505034349775e-07,7.308650032832127e-07,8.81147124270624e-10,4.769779552098577e-07,2.5300590094908445e-07,5.155745994386031e-08,0.0,5.451141451150283e-21,6.27529960472651e-33,1.9066557928394356e-33
3,adam,1399,1090.0,1776.0,7.882058248978435e-07,7.351068892182593e-07,9.483790245388792e-09,4.731212746033005e-07,2.525018243695699e-07,5.2970881703954885e-08,0.0,5.88186571076334e-20,6.273826304605997e-33,1.9077040228289215e-33
3,lbfgs,1400,1090.0,1776.0,9.155097988033783e-07,8.595641434961741e-07,1.4687770087968231e-08,5.39423532845575e-07,3.0545284056263084e-07,5.5817600811518155e-08,0.0,9.581493745833316e-20,6.442233867247477e-33,2.0082308633020262e-33
3,lbfgs,1409,1090.0,1776.0,8.868551305445808e-07,8.377682303620409e-07,1.399837431395039e-09,5.309782882668487e-07,3.053901046637971e-07,4.895884563735441e-08,0.0,8.296060509551435e-21,6.407275635384486e-33,2.0071764684640503e-33
3,lbfgs,1419,1090.0,1776.0,8.753907713352034e-07,8.278806810802363e-07,9.748265309885682e-10,5.257461314821778e-07,3.011597230670699e-07,4.7382035403499935e-08,0.0,6.337441527800135e-21,6.438027376601913e-33,2.0039230245176503e-33
3,lbfgs,1429,1090.0,1776.0,8.738385974551788e-07,8.270593117916335e-07,9.593672337559309e-10,5.243786270049612e-07,3.0172131755291636e-07,4.6651230647547396e-08,0.0,6.03141856248593e-21,6.43507390251002e-33,2.0078043448986802e-33
3,lbfgs,1439,1090.0,1776.0,8.69810082418865e-07,8.219499650634282e-07,9.894029741602028e-10,5.207429300022988e-07,3.002176320869693e-07,4.7732061249541256e-08,0.0,6.1900885236444454e-21,6.44308542370194e-33,2.004876423468978e-33
3,lbfgs,1449,1090.0,1776.0,8.616777965031805e-07,8.18042334073621e-07,1.019487884130555e-09,5.204088080350718e-07,2.966140381544186e-07,4.350740298982242e-08,0.0,7.055121894208077e-21,6.453796450667639e-33,2.013212676132083e-33
3,lbfgs,1459,1090.0,1776.0,8.506006332503744e-07,8.004074113278397e-07,9.107846668494151e-10,5.108080492803609e-07,2.886885773806294e-07,5.006515746269014e-08,0.0,5.831267752239263e-21,6.445590968925711e-33,2.0112705791215728e-33
3,lbfgs,1469,1090.0,1776.0,8.424950849300739e-07,7.896834442459521e-07,8.633620435877766e-10,5.011765473340728e-07,2.876435348682915e-07,5.268356958988342e-08,0.0,5.763821234693517e-21,6.445579812378356e-33,2.0199531742390263e-33
3,lbfgs,1479,1090.0,1776.0,8.423481560930851e-07,7.893130713722537e-07,8.61299245975942e-10,5.009483114849322e-07,2.875034606413456e-07,5.2907013482606054e-08,0.0,5.7662409865334155e-21,6.448334375905478e-33,2.0193584626747886e-33
3,lbfgs,1489,1090.0,1776.0,8.422148346977662e-07,7.891978991050594e-07,8.67159386210897e-10,5.008137521986271e-07,2.875169875202215e-07,5.2888864158634456e-08,0.0,5.8172803479731115e-21,6.445647029892598e-33,2.0200544983346208e-33
3,lbfgs,1499,1090.0,1776.0,8.420932842537709e-07,7.888746596937452e-07,8.663598805565545e-10,5.006145230618066e-07,2.873937767513822e-07,5.309055300189023e-08,0.0,5.8254589256301714e-21,6.448145013047179e-33,2.0195004448953395e-33
3,lbfgs,1509,1090.0,1776.0,8.419819323271044e-07,7.88779347923806e-07,8.714276411027531e-10,5.005006274988181e-07,2.874072927838852e-07,5.307451267302518e-08,0.0,5.871560617864629e-21,6.445680860096477e-33,2.0201238499889734e-33
3,lbfgs,1519,1090.0,1776.0,8.418794320713363e-07,7.884934494882029e-07,8.714157001535891e-10,5.003250359267094e-07,2.8729699786134e-07,5.325791074598515e-08,0.0,5.882618299750507e-21,6.447967773971398e-33,2.0196028009249654e-33
3,lbfgs,1529,1090.0,1776.0,8.417846300166409e-07,7.884135225647461e-07,8.757894473059332e-10,5.002280400334557e-07,2.8730969308398437e-07,5.32430354628392e-08,0.0,5.923855888621326e-21,6.445686538416653e-33,2.0201663261764014e-33
3,lbfgs,1539,1090.0,1776.0,8.4169653750135e-07,7.881574213295462e-07,8.762413048185019e-10,5.000718125828377e-07,2.8720936744188996e-07,5.341104409070272e-08,0.0,5.93589451615996e-21,6.447800237243032e-33,2.0196720030192697e-33
3,lbfgs,1549,1090.0,1776.0,8.416143074746707e-07,7.88089579816613e-07,8.800052344621382e-10,4.999887559699403e-07,2.8722081861221054e-07,5.339665544231384e-08,0.0,5.9724724301464254e-21,6.445668819064319e-33,2.0201862133670966e-33
3,lbfgs,1559,1090.0,1776.0,8.415372132512327e-07,7.878574488003909e-07,8.807029695475385e-10,4.998484762517382e-07,2.871282695791051e-07,5.355169215584663e-08,0.0,5.984276295118511e-21,6.447640429932566e-33,2.0197135497338932e-33
3,lbfgs,1569,1090.0,1776.0,8.414646318565559e-07,7.877992375997571e-07,8.839307730213021e-10,4.997770102892121e-07,2.8713829653752375e-07,5.353732184190145e-08,0.0,6.016484402154828e-21,6.445631937741636e-33,2.0201871265453548e-33
3,lbfgs,1579,1090.0,1776.0,8.413960281928556e-07,7.875865641588772e-07,8.847298647444255e-10,4.996499358359576e-07,2.870518984581752e-07,5.3681391550863276e-08,0.0,6.027308659994657e-21,6.447486761598635e-33,2.0197321054914482e-33
3,lbfgs,1589,1090.0,1776.0,8.413309431325845e-07,7.875361351440256e-07,8.874870476740773e-10,4.995881799747897e-07,2.870604681215618e-07,5.366673539813689e-08,0.0,6.055487120552567e-21,6.445579598217926e-33,2.0201721251112315e-33
3,lbfgs,1599,1090.0,1776.0,8.41268981681214e-07,7.873394147333121e-07,8.882935951921463e-10,4.994721007301536e-07,2.869790204079664e-07,5.3801494298771687e-08,0.0,6.064908321224728e-21,6.447337976142258e-33,2.0197316186202362e-33
3,lbfgs,1609,1090.0,1776.0,8.412098045167996e-07,7.872953580881459e-07,8.906389258814922e-10,4.994185350916116e-07,2.8698618407065274e-07,5.378637368299006e-08,0.0,6.0894211900680174e-21,6.445514981615114e-33,2.0201438078249795e-33
3,lbfgs,1619,1090.0,1776.0,8.411531191026335e-07,7.871118602174449e-07,8.913937050499208e-10,4.993116633403873e-07,2.869088031720077e-07,5.391318608900664e-08,0.0,6.0972319885764856e-21,6.447193109310594e-33,2.0197154229539972e-33
3,lbfgs,1629,1090.0,1776.0,8.410986737280222e-07,7.870730851396748e-07,8.933801173868229e-10,4.992650483923038e-07,2.8691465662998427e-07,5.389751570485959e-08,0.0,6.118447985976614e-21,6.445440775465714e-33,2.0201043894917485e-33
3,lbfgs,1639,1090.0,1776.0,8.410462507976401e-07,7.869006740476915e-07,8.940474658287382e-10,4.991659326540279e-07,2.8684069392783493e-07,5.4017503822989253e-08,0.0,6.124583312938488e-21,6.447051446350822e-33,2.01968632642204e-33
3,lbfgs,1649,1090.0,1776.0,8.409956626858275e-07,7.868663244726384e-07,8.957226391744535e-10,4.991252489580281e-07,2.868453528754359e-07,5.4001265206840036e-08,0.0,6.142862323746838e-21,6.445359217495862e-33,2.0200557624826353e-33
3,lbfgs,1659,1090.0,1776.0,8.409467466330696e-07,7.867033216130053e-07,8.962827417319942e-10,4.990327063167648e-07,2.867743325545086e-07,5.41153519763016e-08,0.0,6.147347958313236e-21,6.446912479107953e-33,2.0196466886969327e-33
3,lbfgs,1669,1090.0,1776.0,8.408993619138101e-07,7.866727165047622e-07,8.976895062549075e-10,4.989971090521374e-07,2.867779179463699e-07,5.4098572292699054e-08,0.0,6.163032014042698e-21,6.445272148044196e-33,2.0199995462049228e-33
3,lbfgs,1679,1090.0,1776.0,8.408533859188876e-07,7.865177951436841e-07,8.981330660482262e-10,4.989101717838145e-07,2.867094902938214e-07,5.420751762664349e-08,0.0,6.165949085416867e-21,6.4467758642635e-33,2.019598489108327e-33
3,lbfgs,1689,1090.0,1776.0,8.408087122737439e-07,7.864903858896132e-07,8.993097269737688e-10,4.988789561198745e-07,2.8671212004276486e-07,5.419025316884434e-08,0.0,6.1793567833958995e-21,6.44518106535965e-33,2.0199371272938344e-33
3,lbfgs,1699,1090.0,1776.0,8.407652477976125e-07,7.863424904032825e-07,8.996343032717758e-10,4.987968294744718e-07,2.866460266255389e-07,5.429468415129619e-08,0.0,6.180817563229911e-21,6.44664138492701e-33,2.01954338563422e-33
3,lbfgs,1709,1090.0,1776.0,8.40722911305781e-07,7.863178300848273e-07,9.006149375271921e-10,4.987694039180096e-07,2.8664781122929054e-07,5.427700791625219e-08,0.0,6.192241059688298e-21,6.445087179291044e-33,2.019869692762558e-33
3,lbfgs,1719,1090.0,1776.0,8.40681631218947e-07,7.861761142372235e-07,9.008224435907122e-10,4.986914326411635e-07,2.8658385915246925e-07,5.437744365310161e-08,0.0,6.1923727210711834e-21,6.446508917235978e-33,2.019482765688433e-33
3,lbfgs,1729,1090.0,1776.0,8.406413448565901e-07,7.861538351661124e-07,9.016371949014525e-10,4.9866729827945e-07,2.86584899691761e-07,5.435943630456611e-08,0.0,6.202076598196353e-21,6.4449914604672e-33,2.019798257786516e-33
3,lbfgs,1739,1090.0,1776.0,8.406019965278848e-07,7.860176149365e-07,9.017322001640681e-10,4.985929399998056e-07,2.8652294273653033e-07,5.445630818483084e-08,0.0,6.2010105612456096e-21,6.446378402734637e-33,2.019417789461789e-33
3,lbfgs,1749,1090.0,1776.0,8.405635371772002e-07,7.859974119855093e-07,9.024075814026675e-10,4.985716741415449e-07,2.865233302625617e-07,5.443805173164708e-08,0.0,6.2092320116325704e-21,6.4448946834931e-33,2.0197236893190035e-33
3,lbfgs,1759,1090.0,1776.0,8.405259228334972e-07,7.858661295150276e-07,9.02396169560878e-10,4.985004781594928e-07,2.864632551859739e-07,5.453171984058972e-08,0.0,6.207097176238044e-21,6.446249826523976e-33,2.019349426629412e-33
3,lbfgs,1769,1090.0,1776.0,8.404891145038307e-07,7.858477475577126e-07,9.029553714906299e-10,4.984817212960802e-07,2.8646307089014174e-07,5.451329341805598e-08,0.0,6.214047071844556e-21,6.444797463754824e-33,2.0196467263742582e-33
3,lbfgs,1779,1090.0,1776.0,8.404530768937488e-07,7.857209435690636e-07,9.028443815906612e-10,4.984133116275197e-07,2.8640478755995323e-07,5.460405978118785e-08,0.0,6.210965728597249e-21,6.446123200648542e-33,2.0192784872589228e-33
3,lbfgs,1789,1090.0,1776.0,8.404177784735465e-07,7.857041678714547e-07,9.033075826778953e-10,4.983967569315491e-07,2.864041033572277e-07,5.4585537011300734e-08,0.0,6.2168302455608695e-21,6.444700288100355e-33,2.0195679975651102e-33
3,lbfgs,1799,1090.0,1776.0,8.403831904020835e-07,7.855814605356861e-07,9.031041131608411e-10,4.983308187110178e-07,2.863475377115075e-07,5.4673656262224175e-08,0.0,6.212915808629009e-21,6.445998551932738e-33,2.0192056477288437e-33
3,lbfgs,1809,1090.0,1776.0,8.403492867139395e-07,7.855661093009221e-07,9.034887838663095e-10,4.983162034988275e-07,2.8634641701822835e-07,5.4655103764081454e-08,0.0,6.217858364852242e-21,6.444603540021009e-33,2.0194880363207414e-33
3,lbfgs,1819,1090.0,1776.0,8.403160433974958e-07,7.854471780005961e-07,9.031998763858972e-10,4.982524720376927e-07,2.862915060865175e-07,5.4740791736336445e-08,0.0,6.213214323632508e-21,6.445875913405458e-33,2.0191314724082e-33
3,lbfgs,1829,1090.0,1776.0,8.402834386630688e-07,7.854330965105948e-07,9.035210718433431e-10,4.982395707740671e-07,2.862900046646843e-07,5.472226844937451e-08,0.0,6.217377654346316e-21,6.444507520099956e-33,2.0194072941080204e-33
3,lbfgs,1839,1090.0,1776.0,8.402514521405523e-07,7.853176693226361e-07,9.031535172835621e-10,4.981778227212053e-07,2.862366930841472e-07,5.48057091046887e-08,0.0,6.212097321661583e-21,6.445755318511453e-33,2.0190564317664626e-33
3,lbfgs,1849,1090.0,1776.0,8.402200652000807e-07,7.853047252794941e-07,9.034241535652379e-10,4.981664412460438e-07,2.8623485987988505e-07,5.478726616678839e-08,0.0,6.215605571456748e-21,6.444412462497856e-33,2.019326151915524e-33
3,lbfgs,1859,1090.0,1776.0,8.401892602429393e-07,7.851925692865237e-07,9.029843804523366e-10,4.981064874214259e-07,2.861830974846455e-07,5.4868617193770175e-08,0.0,6.209772334955876e-21,6.445636797412018e-33,2.0189809174966462e-33
3,lbfgs,1869,1090.0,1776.0,8.40159021054385e-07,7.851806490703741e-07,9.032154911301635e-10,4.98096458157063e-07,2.8618097542218094e-07,5.485029818253781e-08,0.0,6.212733085282938e-21,6.444318548188716e-33,2.019244930216386e-33
3,lbfgs,1879,1090.0,1776.0,8.401293321682236e-07,7.850715628253705e-07,9.027095089611546e-10,4.980381377177081e-07,2.8613071559870124e-07,5.4929695533626483e-08,0.0,6.206420960235304e-21,6.445520374805288e-33,2.0189052551486844e-33
3,lbfgs,1889,1090.0,1776.0,8.401001792382217e-07,7.850605684603929e-07,9.029104800898826e-10,4.980293156697335e-07,2.861283423105696e-07,5.49115369313263e-08,0.0,6.208927141487409e-21,6.444225915556796e-33,2.0191638975983544e-33
3,lbfgs,1899,1090.0,1776.0,8.40071548461352e-07,7.849543760968571e-07,9.023438586476946e-10,4.979724913431219e-07,2.860795408950875e-07,5.4989098511172864e-08,0.0,6.202201487881875e-21,6.445406068820171e-33,2.018829714691387e-33
3,lbfgs,1909,1090.0,1776.0,8.40043426956654e-07,7.849442227729231e-07,9.025226414785722e-10,4.979647507497738e-07,2.860769493816706e-07,5.497113029452123e-08,0.0,6.2043331470055146e-21,6.444134668875781e-33,2.0190832782257848e-33
3,lbfgs,1919,1090.0,1776.0,8.40015802237389e-07,7.848407693731825e-07,9.019005131406587e-10,4.97909304922995e-07,2.860295639370468e-07,5.5046958968974924e-08,0.0,6.1972514594296684e-21,6.445293890644579e-33,2.0187545193521324e-33
3,lbfgs,1929,1090.0,1776.0,8.399886625905051e-07,7.848313834055201e-07,9.020638147838342e-10,4.979025364362954e-07,2.86026783154441e-07,5.502920525511278e-08,0.0,6.199077369491538e-21,6.444044885092488e-33,2.0190032582798848e-33
3,lbfgs,1939,1090.0,1776.0,8.39961996589022e-07,7.847305313393057e-07,9.013908909553127e-10,4.978483679381916e-07,2.8598077251015875e-07,5.510339131450366e-08,0.0,6.191690080111099e-21,6.445183844633934e-33,2.018679853024801e-33
3,lbfgs,1949,1090.0,1776.0,8.399357934664393e-07,7.847218484804487e-07,9.015443438611893e-10,4.978424762466293e-07,2.8597782788995817e-07,5.508587101726336e-08,0.0,6.193269188861023e-21,6.443956619257923e-33,2.0189239915083887e-33
3,lbfgs,1959,1090.0,1776.0,8.399100426642913e-07,7.846234744905796e-07,9.008249395251953e-10,4.977894976889331e-07,2.8593315186212127e-07,5.515849420022576e-08,0.0,6.185620445963369e-21,6.445075928719794e-33,2.018605866485657e-33
3,lbfgs,1969,1090.0,1776.0,8.398847341979016e-07,7.846154385249823e-07,9.009732510809922e-10,4.977843995063623e-07,2.8593006576753905e-07,5.514122166694033e-08,0.0,6.187003167464439e-21,6.443869908884034e-33,2.018845603999358e-33
3,lbfgs,1979,1090.0,1776.0,8.398598582336181e-07,7.845194313945631e-07,9.002113134508132e-10,4.977325350815039e-07,2.858866849996085e-07,5.521235282881439e-08,0.0,6.179131567302832e-21,6.444970134988209e-33,2.0185326826160525e-33
3,lbfgs,1989,1090.0,1776.0,8.398354054445586e-07,7.845119929633551e-07,9.003583972435723e-10,4.977281574417702e-07,2.8588347712434124e-07,5.519533843940111e-08,0.0,6.180360925067856e-21,6.443784777438503e-33,2.0187681982830856e-33
3,lbfgs,1999,1090.0,1776.0,8.398113666138891e-07,7.844182516361496e-07,8.995575358750247e-10,4.976773410923496e-07,2.8584135300792506e-07,5.5265040932100365e-08,0.0,6.172300185050139e-21,6.444866450338109e-33,2.0184604007965953e-33
3,lbfgs,2009,1090.0,1776.0,8.397877329783335e-07,7.844113672514721e-07,8.997066262864934e-10,4.976736199017975e-07,2.858380407233882e-07,5.524829165051361e-08,0.0,6.173412817623117e-21,6.443701237157673e-33,2.018691856851319e-33
3,lbfgs,2019,1090.0,1776.0,8.397644958548017e-07,7.843197993074662e-07,8.988701429611856e-10,4.976237937955737e-07,2.8579713536893136e-07,5.5316622467514406e-08,0.0,6.165192385808023e-21,6.444764857162033e-33,2.0183891006079285e-33
3,lbfgs,2029,1090.0,1776.0,8.39741646971903e-07,7.843134305210562e-07,8.990238947805275e-10,4.976206726006281e-07,2.8579373402564753e-07,5.530014234110224e-08,0.0,6.1662194270184864e-21,6.443619291314364e-33,2.0186166451730316e-33
3,lbfgs,2039,1090.0,1776.0,8.397191781165226e-07,7.842239509335479e-07,8.981548121245614e-10,4.975717858571465e-07,2.8575401026427694e-07,5.5367153070067725e-08,0.0,6.157865027354386e-21,6.444665334010494e-33,2.0183188449513566e-33
3,lbfgs,2049,1090.0,1776.0,8.39697081453044e-07,7.842180636350935e-07,8.98315386821075e-10,4.975692147945613e-07,2.857505334537111e-07,5.535094367584619e-08,0.0,6.158832873678924e-21,6.443538936044029e-33,2.0185426142776557e-33
3,lbfgs,2059,1090.0,1776.0,8.396753491883063e-07,7.841305937497865e-07,8.974164750644059e-10,4.975212224191555e-07,2.857119548555666e-07,5.541668129351945e-08,0.0,6.1503669892905245e-21,6.444567856213264e-33,2.018249682683444e-33
3,lbfgs,2069,1090.0,1776.0,8.396539738786818e-07,7.841251575720003e-07,8.975856152667181e-10,4.975191573205329e-07,2.8570841463620073e-07,5.5400742133158335e-08,0.0,6.151297966557373e-21,6.443460161825105e-33,2.018469802963787e-33
3,lbfgs,2079,1090.0,1776.0,8.396329481112888e-07,7.840396242648381e-07,8.966594168494682e-10,4.974720193104926e-07,2.85670945537496e-07,5.546524967026011e-08,0.0,6.142740264963672e-21,6.444472396451362e-33,2.018181650840886e-33
3,lbfgs,2089,1090.0,1776.0,8.396122647988111e-07,7.840346120781066e-07,8.968385104708536e-10,4.974704209372203e-07,2.8566735263041546e-07,5.5449578516620424e-08,0.0,6.143653205965172e-21,6.443382954672339e-33,2.0183982396883765e-33
3,lbfgs,2099,1090.0,1776.0,8.395919168770801e-07,7.839509470552257e-07,8.958873623970364e-10,4.974241015307002e-07,2.856309581621284e-07,5.5512895615299144e-08,0.0,6.135020911042731e-21,6.444378925266141e-33,2.018114776522656e-33
3,lbfgs,2109,1090.0,1776.0,8.395718975861415e-07,7.839463345378117e-07,8.960774977099584e-10,4.974229349197919e-07,2.8562732212030994e-07,5.5497488814470725e-08,0.0,6.1359316548028315e-21,6.443307297107794e-33,2.018327944179458e-33
3,lbfgs,2119,1090.0,1776.0,8.3955220018403e-07,7.838644737511577e-07,8.951035516761999e-10,4.973774019638338e-07,2.855919682356477e-07,5.555965219671084e-08,0.0,6.127239870675512e-21,6.444287411512784e-33,2.018049078481282e-33
3,lbfgs,2129,1090.0,1776.0,8.395328182150931e-07,7.83860239022715e-07,8.953055645172808e-10,4.973766358683108e-07,2.855882975898869e-07,5.5544504929467656e-08,0.0,6.128161693134007e-21,6.443233168944709e-33,2.0182589288135267e-33
3,lbfgs,2139,1090.0,1776.0,8.395137452369605e-07,7.837801221804685e-07,8.943108049210887e-10,4.973318602874846e-07,2.8555395108806284e-07,5.56055487914247e-08,0.0,6.1194236850855125e-21,6.444197822751903e-33,2.0179845684709603e-33
3,lbfgs,2149,1090.0,1776.0,8.394949750777079e-07,7.837762454877814e-07,8.945253190716651e-10,4.973314666956264e-07,2.8555025347308323e-07,5.5590655298633996e-08,0.0,6.1203676700303256e-21,6.443160547925044e-33,2.0181911997902125e-33
4,adam,0,1776.0,2736.3999999999996,0.10882984139956461,0.08162238098285135,0.00027777776731647327,0.05880859254481084,0.022536010670724027,0.0272074603276171,0.0,1.0152151673919624e-15,1.9600535309736888e-30,2.499999999999994e-31
4,adam,24,1776.0,2736.3999999999996,0.02499372064424591,0.011560917556380487,6.588478790587904e-05,0.00740547563896067,0.004089557129513939,0.01343280299688191,0.0,9.358458046407229e-17,2.654083176563224e-31,4.606336428360549e-32
4,adam,49,1776.0,2736.3999999999996,0.019966517384765178,0.00729736889105303,2.4386606282750286e-06,0.004605778006116039,0.002689152224308717,0.012669148400671763,0.0,2.4745130560291127e-18,1.774765290362251e-31,2.903090402803499e-32
4,adam,74,1776.0,2736.3999999999996,0.017134113275330636,0.005109145029306724,1.5690020084551352e-06,0.0031748886068238844,0.0019326874204743843,0.012024968149241479,0.0,2.8095103529424854e-18,1.17244885351756e-31,2.1719661938080586e-32
4,adam,99,1776.0,2736.3999999999996,0.015852529012005224,0.0045401736503815696,7.469144094010139e-07,0.0029772145107967683,0.0015622122251754001,0.011312355261553352,0.0,1.0536067182424382e-18,9.415412948252663e-32,1.9043767751344759e-32
4,adam,124,1776.0,2736.3999999999996,0.014122268555499244,0.0035771810943339517,1.5880183686603691e-06,0.0022978266677709798,0.0012777664081943117,0.010545087358372571,0.0,2.7449070664760108e-18,8.058550272957624e-32,1.548816812096279e-32
4,adam,149,1776.0,2736.3999999999996,0.010184774934755534,0.0019022998981035526,7.283138183117441e-07,0.0011652142117757492,0.0007363573725094914,0.008282474929489582,0.0,1.5268866016880788e-18,5.911926821165735e-32,9.88611412094819e-33
4,adam,174,1776.0,2736.3999999999996,0.007399600904817804,0.0010911490897259762,9.875158189558456e-07,0.0007013226862585684,0.00038883888764845194,0.006308451704138821,0.0,2.2886364488517725e-18,4.7331634938465974e-32,7.282361243325492e-33
4,adam,199,1776.0,2736.3999999999996,0.00547792605419046,0.0007311850274485063,8.317722486347111e-07,0.0004790749904635157,0.00025127826473635595,0.00474674091150788,0.0,1.827559917496015e-18,3.940968626610903e-32,6.180498334503997e-33
4,adam,224,1776.0,2736.3999999999996,0.004119364343438624,0.0005674099737015785,5.389650100925838e-07,0.0003536829142427779,0.000213188094448708,0.0035519542509816764,0.0,1.0773089110253577e-18,3.5641784464431057e-32,5.2163042579228296e-33
4,adam,249,1776.0,2736.3999999999996,0.003159846454353402,0.0004583204375201386,3.8269802259866486e-07,0.00027822601230406506,0.00017971172719347488,0.002701525895097611,0.0,6.776420889957894e-19,3.24717758334797e-32,4.432841184572911e-33
4,adam,274,1776.0,2736.3999999999996,0.002501157260685638,0.0004015371531887386,2.781793824913899e-07,0.00021091936505556036,0.00019033960875068686,0.0020996199832617546,0.0,4.963504567775106e-19,3.072849404389518e-32,3.730879725638111e-33
4,adam,299,1776.0,2736.3999999999996,0.0019923115186742326,0.0003575621264938381,2.195275687868468e-07,0.00017804613626950976,0.0001792964626555415,0.0016347492658234884,0.0,4.2271991368121228e-19,2.9528877728345124e-32,3.193636955262103e-33
4,adam,324,1776.0,2736.3999999999996,0.0015516494975397691,0.00029323435199790393,1.8038333462347803e-07,0.00018662643602094004,0.0001064275326423404,0.0012584150173433385,0.0,3.664116339793325e-19,2.676420621453242e-32,3.4069628167242135e-33
4,adam,349,1776.0,2736.3999999999996,0.0013029893446609468,0.00030358747421734055,1.6508152284712266e-07,0.0001209987306327709,0.0001824236620617225,0.0009994017408809534,0.0,3.7006778723291143e-19,2.544849757493925e-32,2.6775156668011828e-33
4,adam,374,1776.0,2736.3999999999996,0.0010384115556893855,0.00026609312020442586,1.5994965916731599e-07,0.00016064727640119217,0.00010528589414406638,0.0007723183046188425,0.0,3.5680086467489164e-19,2.3043846524534634e-32,4.575542439454619e-33
4,adam,399,1776.0,2736.3999999999996,0.0008132784841216813,0.0002106974054227085,1.478407082474995e-07,0.00012503683712709404,8.551272758736696e-05,0.0006025809464814053,0.0,3.269971430562038e-19,2.26541247426213e-32,3.865921435035029e-33
4,adam,424,1776.0,2736.3999999999996,0.0006584209172920188,0.00018041535153748577,1.5205969658033097e-07,6.280508505571134e-05,0.0001174582067851941,0.00047800543236853544,0.0,3.4175413109362125e-19,2.0669929646151661e-32,2.295878183307141e-33
4,adam,449,1776.0,2736.3999999999996,0.0008536511030866043,0.00034028774633568286,1.5375053618017057e-07,0.00010465690569180051,0.00023547709010770217,0.0005133632223764506,0.0,3.814009559999904e-19,2.468058710812362e-32,1.5241526109388353e-33
4,adam,474,1776.0,2736.3999999999996,0.0004668281856385378,0.00018950400052829573,1.668008653424627e-07,4.696001580003205e-05,0.0001423771838629212,0.0002773240499883033,0.0,4.558315790615409e-19,1.8916753148079543e-32,2.0092026070874202e-33
4,adam,499,1776.0,2736.3999999999996,0.0003503711290994315,0.00011895385679164074,1.6118592488192955e-07,3.904264505233542e-05,7.97500258144234e-05,0.00023141713642658385,0.0,4.640344261506424e-19,1.991993600180038e-32,2.285347085143436e-33
4,adam,524,1776.0,2736.3999999999996,0.0002722295279851578,9.514382777752859e-05,1.4779447284102187e-07,4.8610562136683356e-05,4.6385471168004214e-05,0.00017708556347393242,0.0,4.340065022691645e-19,1.7980237002605927e-32,2.9538003161760142e-33
4,adam,549,1776.0,2736.3999999999996,0.0007038020214817402,0.0003968805326227878,1.1764652943757838e-07,0.00034692962665319456,4.983325944015564e-05,0.00030692135129373036,0.0,3.5794702261661583e-19,1.7685076824979595e-32,3.702913071863733e-33
4,adam,574,1776.0,2736.3999999999996,0.0001909473112832042,8.700548018673666e-05,1.1796626639259908e-07,2.9207286093878887e-05,5.768022782646517e-05,0.0001039416930838997,0.0,3.6182281915366128e-19,1.7159175988493031e-32,2.573189461964952e-33
4,adam,599,1776.0,2736.3999999999996,0.00016537281632542658,8.199294924029251e-05,1.0210234852444964e-07,4.816829954312404e-05,3.3722547348644016e-05,8.337972845488853e-05,0.0,3.110916536376602e-19,1.7151129895436438e-32,2.9673621753303754e-33
4,adam,624,1776.0,2736.3999999999996,0.000257573158319068,0.00015364437025679455,9.822781390042593e-08,6.351515072010842e-05,9.003099172278568e-05,0.00010392864885655244,0.0,2.9721020003407286e-19,2.2489338979258654e-32,1.9555930435268384e-33
4,adam,649,1776.0,2736.3999999999996,0.00022611696023247725,0.00013625106138003245,7.85434600293149e-08,4.4057093784379726e-05,9.211542413562341e-05,8.986575909829772e-05,0.0,2.3395781997344664e-19,1.9138054687274843e-32,1.8342495510448597e-33
4,adam,674,1776.0,2736.3999999999996,0.0009805808037824026,0.00060934551246802,6.374623665715557e-08,0.0005547148776229769,5.456688860838603e-05,0.00037123515109410937,0.0,1.7050893317038444e-19,1.9729030375369687e-32,3.841455001474023e-33
4,adam,699,1776.0,2736.3999999999996,0.00013714335435211856,0.00010146968180456756,5.284255657027296e-08,6.813493879744313e-05,3.328190045055416e-05,3.56735321388103e-05,0.0,1.4990673953658376e-19,1.704145047258795e-32,3.0202397210906763e-33
4,adam,724,1776.0,2736.3999999999996,8.457738802310301e-05,5.989739243848515e-05,3.7182620650907346e-08,3.526029273390969e-05,2.4599917083924558e-05,2.467985479791173e-05,0.0,1.0998407142590892e-19,1.854226680464541e-32,2.709597234693601e-33
4,adam,749,1776.0,2736.3999999999996,6.894489489088941e-05,4.75537671110381e-05,2.801464088711511e-08,1.898867513616097e-05,2.8537077333990013e-05,2.1390986617316024e-05,0.0,7.927224901876562e-20,1.8548882310339957e-32,2.7754699725062343e-33
4,adam,774,1776.0,2736.3999999999996,6.050556850451209e-05,4.449653487429595e-05,2.117593741128942e-08,1.947968872990851e-05,2.499567020697615e-05,1.600889210687747e-05,0.0,5.838163883658324e-20,1.8704763638320818e-32,2.6026036039454083e-33
4,adam,799,1776.0,2736.3999999999996,5.450147958533694e-05,4.154779266358115e-05,1.6054767639154594e-08,1.7588765111534247e-05,2.3942972784407747e-05,1.2953545073900083e-05,0.0,4.239797154583901e-20,1.8653904949056057e-32,2.617026725969792e-33
4,adam,824,1776.0,2736.3999999999996,5.067845342640391e-05,3.963316506870536e-05,1.2107721736453908e-08,1.6834354177043246e-05,2.278670316992566e-05,1.1045146204315258e-05,0.0,2.995353620205011e-20,1.82360094430027e-32,2.6600674049541074e-33
4,adam,849,1776.0,2736.3999999999996,4.633381499115153e-05,3.7264440820161455e-05,9.375234207121365e-09,1.6190064923228752e-05,2.106500066272558e-05,9.06923172200704e-06,0.0,2.1881744097500194e-20,1.8170105880215927e-32,2.6842811236993185e-33
4,adam,874,1776.0,2736.3999999999996,4.5531470158779417e-05,3.811541107272756e-05,1.8987659113978522e-08,1.7127207412448636e-05,2.096921600116494e-05,7.41591635844819e-06,0.0,3.495028459945979e-20,1.8089549525353493e-32,2.4957782163732648e-33
4,adam,899,1776.0,2736.3999999999996,4.619503280322379e-05,3.799583127872174e-05,6.739461600097861e-09,1.5610611988212888e-05,2.2378479828908755e-05,8.19905854813361e-06,0.0,1.2585110098967491e-20,1.8591656843136897e-32,2.397609963478076e-33
4,adam,924,1776.0,2736.3999999999996,5.718339337971599e-05,4.601182553735201e-05,3.233819467295127e-08,1.6334390817482942e-05,2.9645096525196112e-05,1.1171424627110368e-05,0.0,5.812500250575252e-20,1.926055953574184e-32,2.1654892378612387e-33
4,adam,949,1776.0,2736.3999999999996,0.00015343292334303019,0.00010910468608588402,1.7914258711128023e-08,5.470048014848451e-05,5.438629167868838e-05,4.432809382767052e-05,0.0,2.962970668215893e-20,2.1353995680167984e-32,2.0092975737371614e-33
4,adam,974,1776.0,2736.3999999999996,9.135315273786495e-05,8.018055802377573e-05,1.6477582947233603e-08,6.33315543383393e-05,1.683252610248919e-05,1.1172451048349626e-05,0.0,2.1153057246357434e-20,1.631895743606531e-32,2.99006927962326e-33
4,adam,999,1776.0,2736.3999999999996,0.0004747261638311708,0.00041081794145563357,1.1216479770123424e-06,0.0003151047058364059,9.45915876422153e-05,6.39080784299633e-05,0.0,1.7201191389662927e-18,1.5883161112990438e-32,2.3809417643057186e-33
4,adam,1024,1776.0,2736.3999999999996,0.004102771822199029,0.0032384951910946,5.416440508735737e-07,0.002326740005494238,0.0009112135415494882,0.000864276487066988,0.0,9.994375735646169e-19,2.9189458814697023e-32,1.5785580448043585e-32
4,adam,1049,1776.0,2736.3999999999996,0.0012663748765889204,0.0011801668883978282,3.321189218902841e-07,0.00021739455381709986,0.0009624402156588381,8.620784359544754e-05,0.0,3.948623599470296e-19,1.9431138913478253e-32,1.4670143761119907e-33
4,adam,1074,1776.0,2736.3999999999996,0.0001358317538026147,0.00011955003170132684,1.9581901601261906e-07,7.496673022906585e-05,4.438748245624836e-05,1.6281577783569275e-05,0.0,5.196537883954825e-19,2.0793623186239897e-32,2.2525931304408182e-33
4,adam,1099,1776.0,2736.3999999999996,9.080269356244545e-05,8.328321785555354e-05,1.1168210687320587e-08,4.119662240607403e-05,4.207542723879219e-05,7.5193309916261975e-06,0.0,2.614389882594056e-20,1.9243634678794978e-32,2.5341176978971913e-33
4,adam,1124,1776.0,2736.3999999999996,6.61777153504596e-05,5.9736133581190426e-05,8.43230711236045e-09,2.8206082079909656e-05,3.152161919416841e-05,6.441436736672808e-06,0.0,1.6883482925344324e-20,1.8459393749645485e-32,2.7393433848317577e-33
4,adam,1149,1776.0,2736.3999999999996,4.986962123358087e-05,4.490205515773877e-05,6.868719234387132e-09,2.1158279923484375e-05,2.3736906515020006e-05,4.9674207290737564e-06,0.0,1.472152712310845e-20,1.8077734293468228e-32,2.7215088168841454e-33
4,adam,1174,1776.0,2736.3999999999996,3.88189112999228e-05,3.4833801300079956e-05,6.322461907203662e-09,1.642637318793164e-05,1.8401105650241115e-05,3.9849643508867686e-06,0.0,1.373784898015404e-20,1.7872494134954792e-32,2.673078822799806e-33
4,adam,1199,1776.0,2736.3999999999996,3.207370649461053e-05,2.878389526460107e-05,5.6955957145017925e-09,1.3417836618027103e-05,1.5360363050859465e-05,3.289665308693232e-06,0.0,1.3060233554776414e-20,1.7729682856296247e-32,2.622820983010533e-33
4,adam,1224,1776.0,2736.3999999999996,2.718143864700718e-05,2.4672471314118752e-05,5.5634084493519795e-09,1.1348886445406394e-05,1.3318021460263003e-05,2.508821175655353e-06,0.0,1.3756463615945195e-20,1.6940666558595437e-32,2.5402689585813848e-33
4,adam,1249,1776.0,2736.3999999999996,2.4430734625215953e-05,2.2350401623047964e-05,5.648502235691303e-09,9.994708919595391e-06,1.2350044201216884e-05,2.0801866452671743e-06,0.0,1.4267815174776617e-20,1.6870494802388943e-32,2.5206653445532343e-33
4,adam,1274,1776.0,2736.3999999999996,2.2401253937133275e-05,2.065112212954918e-05,5.682148346557815e-09,9.142392840210372e-06,1.1503047140992248e-05,1.7499852728315965e-06,0.0,1.4655254873912084e-20,1.683693150997567e-32,2.5079953274818604e-33
4,adam,1299,1776.0,2736.3999999999996,2.07857952795884e-05,1.9288078320008853e-05,5.7041422076689346e-09,8.466148816993913e-06,1.0816225360807274e-05,1.4975702616580365e-06,0.0,1.5100586906088154e-20,1.6817489911833263e-32,2.500309142883407e-33
4,adam,1324,1776.0,2736.3999999999996,2.065872753056896e-05,1.9216121088690355e-05,1.0974680957318255e-06,7.910090861147306e-06,1.0208562131811224e-05,1.4424595919450954e-06,0.0,1.8210481527589175e-18,1.6804092437123893e-32,2.4951609834358095e-33
4,adam,1349,1776.0,2736.3999999999996,1.831550696891609e-05,1.7175629189600287e-05,1.0873092149500694e-07,7.426018810912112e-06,9.640879457193166e-06,1.1397307863042578e-06,0.0,1.8282459903985585e-19,1.6795712296130776e-32,2.4907499885633426e-33
4,adam,1374,1776.0,2736.3999999999996,1.709114780855947e-05,1.6102696967014144e-05,1.2672060225462671e-08,6.985615243174472e-06,9.10440966361421e-06,9.883037120874524e-07,0.0,2.6804167627081218e-20,1.6787881641235535e-32,2.4870254086841598e-33
4,adam,1399,1776.0,2736.3999999999996,1.604934027360224e-05,1.5176772653095901e-05,5.8221027053767075e-09,6.580639813230709e-06,8.590310737159815e-06,8.724203607186729e-07,0.0,1.530381727801319e-20,1.6780569229316943e-32,2.4836704665230913e-33
4,lbfgs,1400,1776.0,2736.3999999999996,1.716129976881034e-05,1.6292837080880322e-05,5.943792391474834e-09,7.19914476825e-06,9.087748520238848e-06,8.683154230454485e-07,0.0,1.522223843799096e-20,1.781526493961283e-32,2.6196794163762212e-33
4,lbfgs,1409,1776.0,2736.3999999999996,1.5844307537113644e-05,1.4376616885401333e-05,6.068011887092468e-09,6.513136083793185e-06,7.857412789721056e-06,1.4675433591407457e-06,0.0,1.5668386157532617e-20,1.8104685313165724e-32,2.5848566348151934e-33
4,lbfgs,1419,1776.0,2736.3999999999996,1.246805457616159e-05,1.2089064111366825e-05,5.1774141845942643e-08,3.976715800989922e-06,8.060574168530962e-06,3.7884304241577003e-07,0.0,9.746008126249308e-20,1.78631219236e-32,2.5362514962789e-33
4,lbfgs,1429,1776.0,2736.3999999999996,9.477482109453048e-06,9.18532618247832e-06,1.417789013542429e-08,3.119276435936203e-06,6.051871856406692e-06,2.920083648504391e-07,0.0,2.6827339981208096e-20,1.8175470524081215e-32,2.6939278037568417e-33
4,lbfgs,1439,1776.0,2736.3999999999996,8.080954324408522e-06,7.72966337328065e-06,4.723915540314465e-09,2.920629912833382e-06,4.804309544906954e-06,3.5114317764487624e-07,0.0,1.0816181196479276e-20,1.7962392608772576e-32,2.591392760284831e-33
4,lbfgs,1449,1776.0,2736.3999999999996,7.116544462869417e-06,7.007695924142712e-06,7.2065023210852315e-09,2.7903652803509014e-06,4.210124141470725e-06,1.0870081493916114e-07,0.0,1.6648136780428647e-20,1.8147257669257907e-32,2.5830001647703247e-33
4,lbfgs,1459,1776.0,2736.3999999999996,5.463678125877318e-06,5.406113437279088e-06,1.149455560632779e-08,2.6456378703342084e-06,2.7489810113385524e-06,5.741686678026756e-08,0.0,2.931034349061034e-20,1.805142745940994e-32,2.567548175259925e-33
4,lbfgs,1469,1776.0,2736.3999999999996,4.591899407263693e-06,4.47598668456137e-06,1.3914920349489373e-08,2.28338594150525e-06,2.178685822706631e-06,1.1576489323927918e-07,0.0,3.4509074788221546e-20,1.8533526382306637e-32,2.505749184377122e-33
4,lbfgs,1479,1776.0,2736.3999999999996,3.5515254160340246e-06,3.497973527162485e-06,5.631684557080005e-08,1.1480287668742092e-06,2.293627914717476e-06,5.340395844950511e-08,0.0,1.5303075734714717e-19,1.8284667032227018e-32,2.585852600875809e-33
4,lbfgs,1489,1776.0,2736.3999999999996,2.913777893915449e-06,2.862327404584571e-06,1.1895115296274369e-08,8.729504952218416e-07,1.9774817940664548e-06,5.130256963638715e-08,0.0,2.9356048038286244e-20,1.85598222286675e-32,2.5416073338840398e-33
4,lbfgs,1499,1776.0,2736.3999999999996,2.679237407808753e-06,2.644352488384756e-06,4.966422606083757e-09,7.403746882585742e-07,1.899011377520098e-06,3.473698448316482e-08,0.0,1.1773043157099387e-20,1.856483793393694e-32,2.5432903275769665e-33
4,lbfgs,1509,1776.0,2736.3999999999996,2.299137923205961e-06,2.2059360891746195e-06,1.3250879789864101e-07,6.237028857378096e-07,1.449724405538169e-06,9.305394119610255e-08,0.0,1.421784471365683e-19,1.8501405042624482e-32,2.5338004223106392e-33
4,lbfgs,1519,1776.0,2736.3999999999996,1.4931206590736851e-06,1.4727537905424712e-06,4.914015147948965e-08,5.651669213634201e-07,8.584467176995614e-07,2.0219042411649424e-08,0.0,8.428435724025766e-20,1.833636504408678e-32,2.5281506361478616e-33
4,lbfgs,1529,1776.0,2736.3999999999996,1.2834097220528104e-06,1.2648375248541873e-06,2.1159633099703783e-08,5.436766457312341e-07,7.000012460232495e-07,1.842434716257511e-08,0.0,5.1830942050780337e-20,1.8366381388270578e-32,2.5241094965556438e-33
4,lbfgs,1539,1776.0,2736.3999999999996,1.169038051062494e-06,1.134120333515797e-06,1.1257273545527492e-08,4.949767129511922e-07,6.278863470190773e-07,3.4769860066059856e-08,0.0,2.2724479692003928e-20,1.8342440978879944e-32,2.517692360587585e-33
4,lbfgs,1549,1776.0,2736.3999999999996,1.0871218536872433e-06,1.067893409195871e-06,1.700162777509842e-08,4.983779326633757e-07,5.525138487573969e-07,1.9080596303435383e-08,0.0,4.9881015894523906e-20,1.838593669387348e-32,2.5410107248933893e-33
4,lbfgs,1559,1776.0,2736.3999999999996,8.929284748955051e-07,8.811904406866356e-07,5.7131521747723365e-08,4.09069666717766e-07,4.149892522211463e-07,1.1590172248915848e-08,0.0,1.3503757248080336e-19,1.8399776834212173e-32,2.5376100159902092e-33
4,lbfgs,1569,1776.0,2736.3999999999996,7.470245414318931e-07,7.033933399525525e-07,4.632068206597058e-08,3.2491661809792536e-07,3.321560397886565e-07,4.348339547315673e-08,0.0,9.131720057140209e-20,1.8293869590417802e-32,2.5369724801727573e-33
4,lbfgs,1579,1776.0,2736.3999999999996,5.142484547709723e-07,5.126325256795687e-07,9.747881118715506e-09,2.840431472653513e-07,2.188414972955019e-07,1.4681052175474602e-09,0.0,1.7686963834501838e-20,1.8305602739902416e-32,2.54421107842944e-33
4,lbfgs,1589,1776.0,2736.3999999999996,4.4731697560986806e-07,4.4631727555368114e-07,4.7090664102898644e-09,2.4612211242597347e-07,1.954860967174178e-07,8.518774351557624e-10,0.0,1.1119714416420403e-20,1.8314555145393483e-32,2.5461166227941598e-33
4,lbfgs,1599,1776.0,2736.3999999999996,4.1008097025135163e-07,4.0732020623781067e-07,4.511685456907847e-09,2.231501594916241e-07,1.796583612892787e-07,2.612953440631945e-09,0.0,1.1256450336236272e-20,1.828911602405804e-32,2.5454676135270376e-33
4,lbfgs,1609,1776.0,2736.3999999999996,3.6402949792579175e-07,3.617275711409857e-07,4.439330862646453e-09,2.2363249525915833e-07,1.336557450191809e-07,2.1540781716508507e-09,0.0,1.1253881466433228e-20,1.8299035273322784e-32,2.5396041668099032e-33
4,lbfgs,1619,1776.0,2736.3999999999996,3.21126437753916e-07,3.20208670352728e-07,1.40466174354114e-08,1.7501832448884132e-07,1.311437284284753e-07,7.69934824400668e-10,0.0,2.7479553991986266e-20,1.830309132476994e-32,2.5381833755737663e-33
4,lbfgs,1629,1776.0,2736.3999999999996,2.742226557521963e-07,2.6956105445945274e-07,9.082908325143177e-09,1.2807071082564832e-07,1.3240743530866126e-07,4.513740664013983e-09,0.0,1.606467340070034e-20,1.8281600257772888e-32,2.530483032270199e-33
4,lbfgs,1639,1776.0,2736.3999999999996,2.2772745683050757e-07,2.268785869708872e-07,3.594656042218133e-09,1.1416282940602646e-07,1.091211015226426e-07,7.009957042195023e-10,0.0,9.7423639521847e-21,1.828900052694647e-32,2.535489701585562e-33
4,lbfgs,1649,1776.0,2736.3999999999996,2.2110617417270625e-07,2.1941052246509475e-07,3.769481924131138e-09,1.0667177969670381e-07,1.0896926084425978e-07,1.5477835145909952e-09,0.0,1.036105161034174e-20,1.829733424988715e-32,2.533649551046025e-33
4,lbfgs,1659,1776.0,2736.3999999999996,1.725529268595716e-07,1.696330918701287e-07,7.204592831303678e-09,6.84057439306511e-08,9.402275510817392e-08,2.7719619641160955e-09,0.0,1.4893113867871573e-20,1.8332659162076744e-32,2.5369467794632678e-33
4,lbfgs,1669,1776.0,2736.3999999999996,1.3915737114259948e-07,1.3684490438746935e-07,2.409295758659138e-09,5.4419901073733184e-08,8.001570755507702e-08,2.1645672480845355e-09,0.0,6.67321557057584e-21,1.8287355005435712e-32,2.539791337765691e-33
4,lbfgs,1679,1776.0,2736.3999999999996,1.307066226003125e-07,1.285612849504981e-07,2.2935663528592578e-09,4.5769475061751554e-08,8.049824353588731e-08,1.9974415543938305e-09,0.0,6.775983657948118e-21,1.8316338674425702e-32,2.5401242354779073e-33
4,lbfgs,1689,1776.0,2736.3999999999996,1.2866603520070614e-07,1.2632620076223148e-07,2.157940068259213e-09,4.6087155580822067e-08,7.80811051131502e-08,2.1919297058165e-09,0.0,6.508872364553975e-21,1.8313914331238853e-32,2.54149751320519e-33
4,lbfgs,1699,1776.0,2736.3999999999996,1.2393183804207895e-07,1.2222093323408347e-07,1.818078908898562e-09,4.492693027570027e-08,7.547592404948464e-08,1.562996417399315e-09,0.0,5.2315028099203e-21,1.832748972377199e-32,2.542531152889787e-33
4,lbfgs,1709,1776.0,2736.3999999999996,1.079621484456678e-07,1.0499687281295097e-07,3.6939425477494857e-09,4.323241677858583e-08,5.8070513486615655e-08,2.8173620650528844e-09,0.0,7.890679805033013e-21,1.830401920702998e-32,2.5401243958398713e-33
4,lbfgs,1719,1776.0,2736.3999999999996,9.84594446190439e-08,9.627953579166565e-08,3.3322610545025895e-09,4.232198929294688e-08,5.062528544421619e-08,2.031979218646222e-09,0.0,9.27978832677327e-21,1.831188884363979e-32,2.5384120801813864e-33
4,lbfgs,1729,1776.0,2736.3999999999996,9.156912534038617e-08,8.969054030396556e-08,3.505277334126088e-09,3.904470224799587e-08,4.714056072184361e-08,1.7306402687754392e-09,0.0,8.823704454947505e-21,1.8319620386226277e-32,2.5399245793875834e-33
4,lbfgs,1739,1776.0,2736.3999999999996,8.92499317287925e-08,8.687076183039268e-08,2.7606784502150446e-09,3.810321732470293e-08,4.600686605547471e-08,2.231220438833331e-09,0.0,6.947009911269148e-21,1.8322236697598988e-32,2.538122125337311e-33
4,lbfgs,1749,1776.0,2736.3999999999996,8.720458956399429e-08,8.531419494024026e-08,1.672403072137015e-09,3.8191851891549417e-08,4.544993997655383e-08,1.742447998018142e-09,0.0,4.04678395012307e-21,1.8321860191266804e-32,2.5406142477645137e-33
4,lbfgs,1759,1776.0,2736.3999999999996,8.122683089660262e-08,7.899045577592688e-08,1.5788446123151337e-09,3.6664302258596605e-08,4.074730890501514e-08,2.0884147392026457e-09,0.0,3.991596234526289e-21,1.832178152224702e-32,2.5394255836146054e-33
4,lbfgs,1769,1776.0,2736.3999999999996,7.938626997658124e-08,7.76400875720443e-08,2.3783596627754587e-09,3.5384483565219864e-08,3.987724434404897e-08,1.5982221713515507e-09,0.0,6.027951767680945e-21,1.8327774276969236e-32,2.5379166754875947e-33
4,lbfgs,1779,1776.0,2736.3999999999996,7.809196651947434e-08,7.648412135487777e-08,2.4567978501150387e-09,3.553648732969391e-08,3.849083617506881e-08,1.4598790266026128e-09,0.0,6.2215470991796926e-21,1.832410001486341e-32,2.5383020482149285e-33
4,lbfgs,1789,1776.0,2736.3999999999996,7.647157407963821e-08,7.477573203024986e-08,2.4161225705413527e-09,3.539086899680227e-08,3.696874046290625e-08,1.5478756259552297e-09,0.0,5.353661319940063e-21,1.8317393579245654e-32,2.5378401385138016e-33
4,lbfgs,1799,1776.0,2736.3999999999996,7.145182994230144e-08,7.032032038840519e-08,1.5749007111204094e-09,3.5352732009721185e-08,3.339268766756359e-08,9.835374230828827e-10,0.0,3.977844287181154e-21,1.8324215098121924e-32,2.537387951242197e-33
4,lbfgs,1809,1776.0,2736.3999999999996,7.04506260530533e-08,6.918658355300679e-08,1.5989617404106684e-09,3.5204279035918507e-08,3.2383342776677606e-08,1.1160712601293209e-09,0.0,4.069944976912915e-21,1.8325882608022762e-32,2.5377470115178804e-33
4,lbfgs,1819,1776.0,2736.3999999999996,6.881520923227503e-08,6.785631914974318e-08,1.155362809049773e-09,3.568151956725078e-08,3.101943677344263e-08,8.109148800244261e-10,0.0,2.8614473395378978e-21,1.8324346382921168e-32,2.5387670359236988e-33
4,lbfgs,1829,1776.0,2736.3999999999996,6.847568733876858e-08,6.752246049723821e-08,1.0579548277126744e-09,3.5749417762858196e-08,3.071508790666734e-08,8.052498000444136e-10,0.0,2.6756351644120552e-21,1.8330025734184103e-32,2.5385453280626144e-33
4,lbfgs,1839,1776.0,2736.3999999999996,6.828153780808896e-08,6.732389516530628e-08,1.0261394158097518e-09,3.5709605805247704e-08,3.058814994424882e-08,8.09665694873025e-10,0.0,2.5879834840219865e-21,1.8330143935367515e-32,2.538567686466536e-33
4,lbfgs,1849,1776.0,2736.3999999999996,6.81496151929888e-08,6.720296258620461e-08,1.0075861781185479e-09,3.564446952611111e-08,3.055090688197496e-08,7.9867584134728e-10,0.0,2.5330623362572123e-21,1.8329870126746326e-32,2.5385460907047093e-33
4,lbfgs,1859,1776.0,2736.3999999999996,6.800065531492833e-08,6.70795841082e-08,9.91852439364102e-10,3.5537162669392325e-08,3.055056899944357e-08,7.730947018610226e-10,0.0,2.4899421120911676e-21,1.8329259098348006e-32,2.538497182657579e-33
4,lbfgs,1869,1776.0,2736.3999999999996,6.789031949242824e-08,6.696941814686333e-08,9.835950096334203e-10,3.5506383405050474e-08,3.047943973217943e-08,7.729249172001121e-10,0.0,2.459946106772087e-21,1.8329360076345957e-32,2.5384857977324107e-33
4,lbfgs,1879,1776.0,2736.3999999999996,6.776522201752987e-08,6.682820964638626e-08,9.783630774813446e-10,3.5506049173523004e-08,3.034379739538191e-08,7.890359593022634e-10,0.0,2.4333404657835276e-21,1.8329840777213648e-32,2.5384974631155064e-33
4,lbfgs,1889,1776.0,2736.3999999999996,6.766556977628562e-08,6.673975112641483e-08,9.739209653834964e-10,3.5419421735597206e-08,3.034640842543413e-08,7.778423257595035e-10,0.0,2.421903695124459e-21,1.8329530447692572e-32,2.5384727955425728e-33
4,lbfgs,1899,1776.0,2736.3999999999996,6.755654329143975e-08,6.666032233697392e-08,9.693862990713346e-10,3.526968419357871e-08,3.0421251844323873e-08,7.482447968870945e-10,0.0,2.414991987791133e-21,1.832873695541747e-32,2.538418719202231e-33
4,lbfgs,1909,1776.0,2736.3999999999996,6.746128442229599e-08,6.656362929243854e-08,9.675829972760266e-10,3.525971642596117e-08,3.0336329869201345e-08,7.496790353680994e-10,0.0,2.4046958296830433e-21,1.8328994717929473e-32,2.5384154642711347e-33
4,lbfgs,1919,1776.0,2736.3999999999996,6.73750956901785e-08,6.647727598357415e-08,9.660844694059965e-10,3.522521910883221e-08,3.0285972405335945e-08,7.498436573695994e-10,0.0,2.3981043087203188e-21,1.832908078529799e-32,2.5384094139015846e-33
4,lbfgs,1929,1776.0,2736.3999999999996,6.727048852297178e-08,6.6360869575592e-08,9.649772373124292e-10,3.520915514639892e-08,3.018673719188064e-08,7.616429151368228e-10,0.0,2.3909638410964468e-21,1.8329411086768763e-32,2.5384165963052555e-33
4,lbfgs,1939,1776.0,2736.3999999999996,6.718756041681991e-08,6.62873524256862e-08,9.631263241939022e-10,3.513424340464405e-08,3.018998269684826e-08,7.52232014653295e-10,0.0,2.386948780410668e-21,1.8329222214147623e-32,2.5384003576066062e-33
4,lbfgs,1949,1776.0,2736.3999999999996,6.708983865788211e-08,6.62138842896827e-08,9.61063683708697e-10,3.5005926590565326e-08,3.024689401540868e-08,7.279784878702175e-10,0.0,2.3843759854864906e-21,1.8328726181755377e-32,2.538364917980669e-33
4,lbfgs,1959,1776.0,2736.3999999999996,6.700832291224745e-08,6.613039752626129e-08,9.594618252684659e-10,3.4988188779149215e-08,3.01827469218436e-08,7.299495568277674e-10,0.0,2.3791405036683676e-21,1.8328896595846385e-32,2.5383590317803302e-33
4,lbfgs,1969,1776.0,2736.3999999999996,6.69180807664474e-08,6.602045513932829e-08,9.574449583492822e-10,3.502971844378471e-08,3.00332917371943e-08,7.496498520970224e-10,0.0,2.372044619972667e-21,1.832943342019133e-32,2.538367046587524e-33
4,lbfgs,1979,1776.0,2736.3999999999996,6.683588321805964e-08,6.594946486380697e-08,9.55759098075259e-10,3.4927864366988046e-08,3.0065841398743677e-08,7.384425950622337e-10,0.0,2.368992714898087e-21,1.8329176035176786e-32,2.5383576597918402e-33
4,lbfgs,1989,1776.0,2736.3999999999996,6.676101160860388e-08,6.588237168115523e-08,9.542031734351946e-10,3.486123744202476e-08,3.0066931065695275e-08,7.306642068845784e-10,0.0,2.3658947386365634e-21,1.8329059967560841e-32,2.538346015745883e-33
4,lbfgs,1999,1776.0,2736.3999999999996,6.666951602051348e-08,6.581048339709591e-08,9.528850304216007e-10,3.474813649348026e-08,3.010946187319404e-08,7.11056958083558e-10,0.0,2.363895193648978e-21,1.832874674171749e-32,2.5383192817198844e-33
4,lbfgs,2009,1776.0,2736.3999999999996,6.659561893425266e-08,6.573481020543296e-08,9.50663872372109e-10,3.4726290449510336e-08,3.005785588355052e-08,7.128331141459556e-10,0.0,2.3589598590964855e-21,1.8328856287053525e-32,2.5383134689940673e-33
4,lbfgs,2019,1776.0,2736.3999999999996,6.650910618314065e-08,6.563266118428544e-08,9.469565702591073e-10,3.474864577676587e-08,2.9937058837260454e-08,7.284694612464703e-10,0.0,2.350933884018569e-21,1.8329199576601365e-32,2.5383185816350163e-33
4,lbfgs,2029,1776.0,2736.3999999999996,6.643496483419683e-08,6.55680979445869e-08,9.458278581182415e-10,3.466154150808897e-08,2.996072857837969e-08,7.188913596365034e-10,0.0,2.3486146729965935e-21,1.832903938747045e-32,2.5383117408480817e-33
4,lbfgs,2039,1776.0,2736.3999999999996,6.636547020913004e-08,6.550503271484169e-08,9.443974653026192e-10,3.4601023415246e-08,2.9959611834293066e-08,7.124619945647418e-10,0.0,2.3457502409753038e-21,1.8328966452207448e-32,2.5383022542545335e-33
4,lbfgs,2049,1776.0,2736.3999999999996,6.627879993811611e-08,6.543429702148624e-08,9.435227009272266e-10,3.4499427885527786e-08,2.999134643503123e-08,6.965274493132806e-10,0.0,2.3439935288276175e-21,1.832876640097156e-32,2.5382801176651266e-33
4,lbfgs,2059,1776.0,2736.3999999999996,6.621019190256154e-08,6.536418904566328e-08,9.41054680068875e-10,3.4475335331985776e-08,2.9947799033608636e-08,6.980274425361765e-10,0.0,2.3391949429018178e-21,1.8328835667542866e-32,2.5382752417538273e-33
4,lbfgs,2069,1776.0,2736.3999999999996,6.612715763450639e-08,6.52686004979684e-08,9.36698000245996e-10,3.448530312842987e-08,2.9846599369292525e-08,7.105818148184898e-10,0.0,2.331057600068724e-21,1.8329054177739518e-32,2.5382798097930737e-33
4,lbfgs,2079,1776.0,2736.3999999999996,6.605862643263817e-08,6.520820506274271e-08,9.358818785077246e-10,3.440856671582631e-08,2.986375646840868e-08,7.024460525199248e-10,0.0,2.3291052191314214e-21,1.8328953377809716e-32,2.5382735613150907e-33
4,lbfgs,2089,1776.0,2736.3999999999996,6.598051993413991e-08,6.515253679558892e-08,9.3780271482661e-10,3.426219332714347e-08,2.995254075361884e-08,6.800077757253686e-10,0.0,2.331389799200894e-21,1.832867052611466e-32,2.5382553050476083e-33
5,adam,0,2736.3999999999996,4080.959999999999,0.10882851953561752,0.08162138958281134,0.00027777775044569327,0.058807601161641625,0.022536010670724027,0.027207129860937096,0.0,1.4873093902758557e-16,1.960020488794014e-30,2.499999999999994e-31
5,adam,24,2736.3999999999996,4080.959999999999,0.025249870239896884,0.011824338474679646,7.84915747945047e-05,0.007790471718818247,0.003955375181066894,0.013425531671757099,0.0,1.4237898618942896e-17,2.74123326165812e-31,4.459268792705796e-32
5,adam,49,2736.3999999999996,4080.959999999999,0.01993830262077711,0.007069758668878431,5.99482750874837e-06,0.004448822156096179,0.002614941685273503,0.01286854385569889,0.0,7.155376067885079e-19,1.6557003090822883e-31,2.985011921486027e-32
5,adam,74,2736.3999999999996,4080.959999999999,0.017472431962019,0.004992612832577719,3.4382459682558317e-06,0.0032130522997945686,0.001776122286814895,0.012479819029690068,0.0,6.223936483067653e-19,1.1930612177318278e-31,2.0507143333391675e-32
5,adam,99,2736.3999999999996,4080.959999999999,0.01632744323097355,0.0042856805850718886,2.676061649088233e-06,0.0027945096303785577,0.0014884948930442429,0.012041762543024343,0.0,5.197550460924629e-19,9.629400666811698e-32,1.7640014301196002e-32
5,adam,124,2736.3999999999996,4080.959999999999,0.015591618878618234,0.0039373938372973104,1.0859293836216515e-06,0.002609434166641352,0.0013268737412723364,0.011654224936011216,0.0,2.0924894604766409e-19,8.353568585380262e-32,1.5946216007400943e-32
5,adam,149,2736.3999999999996,4080.959999999999,0.014773082880691657,0.003516755361284051,9.087087202291561e-07,0.0023269706271694377,0.0011888760253943845,0.011256327411826134,0.0,1.8369225799962819e-19,7.467775953608137e-32,1.4327322435064814e-32
5,adam,174,2736.3999999999996,4080.959999999999,0.012858448878918884,0.002506079685207231,9.40347306976611e-07,0.001587071979776309,0.0009180673581239454,0.010352369082681062,0.0,1.3938034750209777e-19,6.321680472275598e-32,1.0974439049227309e-32
5,adam,199,2736.3999999999996,4080.959999999999,0.010471136235745585,0.0016447849019264433,5.156787015445567e-07,0.0009959853267241749,0.0006482838965007238,0.008826351218600701,0.0,8.028738553154138e-20,4.953454182687972e-32,7.8110518199839e-33
5,adam,224,2736.3999999999996,4080.959999999999,0.008696826534879482,0.0012324367151567703,3.434787563368673e-07,0.0007783480985105543,0.00045374513788987923,0.007464389701406045,0.0,1.0030555064001497e-19,4.4626871588513954e-32,6.745036738736565e-33
5,adam,249,2736.3999999999996,4080.959999999999,0.007225428973102958,0.0009396958075597499,2.079595100070656e-07,0.0006108690014512147,0.00032861884659852824,0.006285733043752823,0.0,4.946331781314362e-20,3.993639580119735e-32,5.845237565229499e-33
5,adam,274,2736.3999999999996,4080.959999999999,0.00604175915517244,0.0007516740372215758,2.3092320802178576e-07,0.0004997140627339825,0.00025172905127957153,0.005290084992551079,0.0,5.259347096275148e-20,3.6644529090472945e-32,5.214490535390504e-33
5,adam,299,2736.3999999999996,4080.959999999999,0.005133150812214482,0.000647180575228525,2.7045325214443345e-07,0.00042862475161765284,0.00021828537035872774,0.0044859701080661825,0.0,6.015177563371918e-20,3.4940668305639033e-32,4.3574753342073805e-33
5,adam,324,2736.3999999999996,4080.959999999999,0.004328385503501677,0.0005529807776011963,2.4264207693990044e-07,0.0003807256798940335,0.00017201245563022298,0.0037754045941516897,0.0,5.556929415153913e-20,3.1194671389608665e-32,4.4415421445881116e-33
5,adam,349,2736.3999999999996,4080.959999999999,0.003679512711721412,0.0004757909458427713,2.3138075054126575e-07,0.0003154596212170886,0.00016009994387514146,0.003203721631632821,0.0,5.568305186428126e-20,2.9515422048007516e-32,4.12612925269658e-33
5,adam,374,2736.3999999999996,4080.959999999999,0.004311330412193756,0.001178791674820431,1.724462669793751e-07,0.0009687994722086187,0.000209819756344833,0.003132538600777189,0.0,3.957571430292775e-20,3.028849967061651e-32,6.8306552444304e-33
5,adam,399,2736.3999999999996,4080.959999999999,0.0029780557124219637,0.0005345374729381943,1.4108899767287433e-07,0.0002909462525408424,0.0002434501313996791,0.0024435181017982742,0.0,4.4342928805498403e-20,2.552941216136123e-32,2.8203082893127822e-33
5,adam,424,2736.3999999999996,4080.959999999999,0.0024607086519542144,0.0003984492796670914,1.3935793751195397e-07,0.00021933833945561666,0.0001789715822739628,0.002062259233399428,0.0,4.723955433942007e-20,2.67539739471708e-32,3.825001150796931e-33
5,adam,449,2736.3999999999996,4080.959999999999,0.002124457851961597,0.00035025116728606715,1.1397269754709749e-07,0.0001947198546248353,0.0001554173399636848,0.0017742065441519064,0.0,3.836946384411021e-20,2.6891127773192306e-32,3.531648090661496e-33
5,adam,474,2736.3999999999996,4080.959999999999,0.0018442429656307462,0.00031965365807732775,9.473235074362333e-08,0.00017055211083721807,0.00014900681488936606,0.0015245891653822461,0.0,3.129592557608369e-20,2.6082289336508433e-32,3.3298816753474744e-33
5,adam,499,2736.3999999999996,4080.959999999999,0.001600400831671973,0.0002935590662102178,7.905621779462727e-08,0.00015217386611444099,0.00014130614387798218,0.0013068416216807492,0.0,2.5622345622853773e-20,2.5206243934602463e-32,3.1929361138427155e-33
5,adam,524,2736.3999999999996,4080.959999999999,0.001387147315049489,0.0002695724889531084,6.597450915528262e-08,0.0001358567558858522,0.00013364975855810094,0.0011175746807600714,0.0,2.103245082465179e-20,2.4421163211740538e-32,3.110121476105676e-33
5,adam,549,2736.3999999999996,4080.959999999999,0.0012022182140953585,0.0002486025319821904,5.5345383229967774e-08,0.00012520242377672984,0.00012334476282223062,0.0009536155352685432,0.0,1.7242091765271532e-20,2.345720744217466e-32,3.181351799001557e-33
5,adam,574,2736.3999999999996,4080.959999999999,0.0011406871862285899,0.00033522411524735405,3.978797611472249e-08,0.0002023909642925042,0.0001327933629787351,0.0008054629228077555,0.0,1.2522240419508628e-20,2.0654576806926434e-32,3.0494708107841854e-33
5,adam,599,2736.3999999999996,4080.959999999999,0.0009163749512388846,0.00021884318970927634,4.4028239335788526e-08,9.571485250503397e-05,0.00012308430896490659,0.0006975316123523095,0.0,1.2892926097852226e-20,2.163011199909732e-32,2.879954481947625e-33
5,adam,624,2736.3999999999996,4080.959999999999,0.001316121952795347,0.0006056183323752649,5.252376874558838e-08,0.0003630762966220134,0.00024248951198450587,0.0007105034700504772,0.0,1.196900799801426e-20,1.9069797516697142e-32,6.953000951079066e-33
5,adam,649,2736.3999999999996,4080.959999999999,0.0021277816454095427,0.001450087755504723,1.1595987284848504e-07,0.0005287579262649901,0.0009212138693668844,0.0006776937381111624,0.0,3.8513046952363655e-20,2.1802619275535409e-32,1.0964267003746259e-33
5,adam,674,2736.3999999999996,4080.959999999999,0.0007826462687697705,0.00032059893512427376,5.991114427279206e-08,0.00018390328649450254,0.00013663573748549842,0.0004620471821298118,0.0,1.1944993575691745e-20,1.5694320641719618e-32,3.2853680553959955e-33
5,adam,699,2736.3999999999996,4080.959999999999,0.0005619519424290444,0.0001697913797170158,3.0765925733923276e-08,8.158249451760355e-05,8.817811927367833e-05,0.0003921604103532777,0.0,6.7081940634923936e-21,1.95021864914584e-32,2.809320673371607e-33
5,adam,724,2736.3999999999996,4080.959999999999,0.0004831640652863994,0.00015432699792679237,1.9779288767506566e-08,6.892179762620163e-05,8.538542101182323e-05,0.00032883691415196305,0.0,3.7957494549244466e-21,1.8443535548087636e-32,2.9056772279736344e-33
5,adam,749,2736.3999999999996,4080.959999999999,0.0004187743267884317,0.0001429009146204537,1.84677392534491e-08,6.245891176029467e-05,8.042353512090557e-05,0.000275873258162776,0.0,3.3059327104658136e-21,1.8110571212277337e-32,2.753546075819531e-33
5,adam,774,2736.3999999999996,4080.959999999999,0.00036275874071755904,0.0001306265885745891,1.5737438833393518e-08,5.592469286599771e-05,7.4686158269758e-05,0.00023213199737374306,0.0,2.9369798434237596e-21,1.7840953685191818e-32,2.7197485641175852e-33
5,adam,799,2736.3999999999996,4080.959999999999,0.00031396174959425497,0.00011920669218495609,1.1817395046610118e-08,5.074140712593961e-05,6.845346766396988e-05,0.00019475490190020868,0.0,2.295050332124445e-21,1.7557007389696404e-32,2.6654955536698354e-33
5,adam,824,2736.3999999999996,4080.959999999999,0.0002686521313295945,0.00010247783022613764,7.969350168326425e-09,4.0670080264397276e-05,6.179978061157204e-05,0.0001661741448513123,0.0,1.7343982911157045e-21,1.803656024097612e-32,2.5366999184476467e-33
5,adam,849,2736.3999999999996,4080.959999999999,0.00023286986210575283,9.344828707046343e-05,5.479687379659231e-09,3.855794383946663e-05,5.4884863543617146e-05,0.0001394214180358812,0.0,1.3473637815129622e-21,1.7919227054207844e-32,2.473878080676955e-33
5,adam,874,2736.3999999999996,4080.959999999999,0.00020303172988187632,8.656630412252165e-05,4.712024138703965e-09,3.567541286335033e-05,5.088617923503262e-05,0.00011646526805598724,0.0,1.2548365423799746e-21,1.7718190989714874e-32,2.4342870327792694e-33
5,adam,899,2736.3999999999996,4080.959999999999,0.00017815028959916512,8.11854681969886e-05,5.276905077720013e-09,3.360621147798463e-05,4.757397981392625e-05,9.696466303875579e-05,0.0,1.3814034922718213e-21,1.7541727273786731e-32,2.3984290831889936e-33
5,adam,924,2736.3999999999996,4080.959999999999,0.00015730506509003045,7.672902322597287e-05,6.634037638603202e-09,3.181565515915634e-05,4.4906734029177935e-05,8.057588288584522e-05,0.0,1.6432260523643408e-21,1.7384442723555946e-32,2.3716344850875632e-33
5,adam,949,2736.3999999999996,4080.959999999999,0.0001500427824575074,8.07396967960632e-05,8.376771241466573e-09,3.16217894648172e-05,4.910953056000454e-05,6.930292611368098e-05,0.0,1.9759967084706404e-21,1.7904977132258275e-32,2.1019912225733e-33
5,adam,974,2736.3999999999996,4080.959999999999,0.00013073353769930303,7.526137786544112e-05,8.438435486657946e-09,3.422499936065335e-05,4.1027940069301115e-05,5.547199974854098e-05,0.0,2.282970613494651e-21,1.6549767487300448e-32,2.383447029650724e-33
5,adam,999,2736.3999999999996,4080.959999999999,0.0001328990342940005,8.447450063195093e-05,9.13986173415271e-09,4.92826761199781e-05,3.518268465023867e-05,4.842437306025804e-05,0.0,2.6145443033868995e-21,1.6283247828827847e-32,2.6681157038569668e-33
5,adam,1024,2736.3999999999996,4080.959999999999,0.00013642644157543815,9.057008557329603e-05,1.1630032037661792e-08,5.32462646430673e-05,3.7312190898191065e-05,4.585619496289193e-05,0.0,3.9134552932692046e-21,1.6120696690329065e-32,2.7346035247981787e-33
5,adam,1049,2736.3999999999996,4080.959999999999,0.00017977678976211246,0.0001268346424221848,1.4541711508240116e-08,7.552668839581222e-05,5.129341231486433e-05,5.2941985867851175e-05,0.0,4.848023235071366e-21,1.5896323795955622e-32,3.144421803727512e-33
5,adam,1074,2736.3999999999996,4080.959999999999,9.071986981891151e-05,6.328100312401723e-05,1.5003601553931538e-08,2.8531323958262358e-05,3.4734675564200945e-05,2.743870481263904e-05,0.0,5.403187526996131e-21,1.635067348622261e-32,2.3183523592180543e-33
5,adam,1099,2736.3999999999996,4080.959999999999,0.00041697131040913056,0.0003003911940918702,2.8808360964378828e-08,0.00015268726455475761,0.0001476751211761482,0.00011657995399593666,0.0,8.451938585659682e-21,2.0387695166444448e-32,1.2784590815477767e-33
5,adam,1124,2736.3999999999996,4080.959999999999,0.00020951437935580502,0.0001759943284874259,4.19878560351603e-08,0.00010166218916514247,7.429015146624828e-05,3.351988821987877e-05,0.0,1.774415075688242e-20,1.4457744959477148e-32,1.841440853594662e-33
5,adam,1149,2736.3999999999996,4080.959999999999,0.0013759325837537574,0.0011768023129554459,1.4656437189922943e-07,0.001128057822351738,4.859792623180865e-05,0.00019913010736138473,0.0,3.6390327124362534e-20,1.8026151564633198e-32,4.524964913930173e-33
5,adam,1174,2736.3999999999996,4080.959999999999,0.0002989927060857645,0.00027095502409264484,1.8580659312844818e-07,0.00022583513482138604,4.493408267813034e-05,2.8037518413074105e-05,0.0,5.972794263114839e-20,1.4180158485618476e-32,2.4973620020504138e-33
5,adam,1199,2736.3999999999996,4080.959999999999,8.561601714834103e-05,6.210926590157186e-05,5.344219307968635e-08,3.38599148125542e-05,2.8195908895937967e-05,2.3506587307179016e-05,0.0,1.5468370064955054e-20,1.6780082209534205e-32,2.3431363293337285e-33
5,adam,1224,2736.3999999999996,4080.959999999999,6.481487241002881e-05,5.0878357387300536e-05,3.523217449016879e-08,2.1798697615925795e-05,2.904442759688457e-05,1.3936350784698364e-05,0.0,1.3100182920177388e-20,1.4795126986332078e-32,2.3882061580274738e-33
5,adam,1249,2736.3999999999996,4080.959999999999,5.812759506853143e-05,4.6879754687054545e-05,2.9277615313887268e-08,2.122915043434455e-05,2.562132663739611e-05,1.124767582989954e-05,0.0,1.0242347047098233e-20,1.5120642926235975e-32,2.21789104707756e-33
5,adam,1274,2736.3999999999996,4080.959999999999,5.377607298582858e-05,4.433418967696955e-05,2.668505758649201e-08,1.9272251169830283e-05,2.503525344955277e-05,9.441718455080546e-06,0.0,9.605815272436706e-21,1.5059898422977107e-32,2.2049130422631287e-33
5,adam,1299,2736.3999999999996,4080.959999999999,5.00609871434938e-05,4.214605613045724e-05,2.4362220011710304e-08,1.846367452351333e-05,2.3658019386932204e-05,7.914765859809625e-06,0.0,8.89425541574284e-21,1.50379710631599e-32,2.201207833425847e-33
5,adam,1324,2736.3999999999996,4080.959999999999,4.752390609064664e-05,4.0755459881969364e-05,6.388261739309577e-07,1.750639489828974e-05,2.261023880974867e-05,6.768280770881062e-06,0.0,1.284774174925748e-19,1.5013166999529243e-32,2.1945717575984486e-33
5,adam,1349,2736.3999999999996,4080.959999999999,4.397591803049889e-05,3.832239847334532e-05,7.568874574066529e-08,1.6660593468633167e-05,2.1586116258971488e-05,5.653353847224122e-06,0.0,1.7061907745400443e-20,1.498944806242412e-32,2.1885958527461747e-33
5,adam,1374,2736.3999999999996,4080.959999999999,4.128797560389766e-05,3.650301910186656e-05,2.1614651437367474e-08,1.5868665174310927e-05,2.0612739276118263e-05,4.78479053156213e-06,0.0,7.979119542509694e-21,1.496817104859885e-32,2.182777541624119e-33
5,adam,1399,2736.3999999999996,4080.959999999999,3.889001076877719e-05,3.4815506220463976e-05,1.704055265917924e-08,1.5118439097373152e-05,1.9680026570431647e-05,4.0743383282394065e-06,0.0,6.769971593924391e-21,1.4947384264629045e-32,2.1777530977590726e-33
5,lbfgs,1400,2736.3999999999996,4080.959999999999,4.4210157401990285e-05,4.016184848332339e-05,2.235881381441243e-08,1.775800969928468e-05,2.2381479970224296e-05,4.048142688830744e-06,0.0,9.661315942841383e-21,1.7364666214135587e-32,2.3476182285222543e-33
5,lbfgs,1409,2736.3999999999996,4080.959999999999,3.743409451147126e-05,3.580962043122963e-05,1.0511991763181022e-07,1.3743921815338736e-05,2.1960578698259082e-05,1.6243077093667862e-06,0.0,2.341477003606791e-20,1.6923538473671315e-32,2.2188987805089348e-33
5,lbfgs,1419,2736.3999999999996,4080.959999999999,2.751311372298789e-05,2.7124838189026e-05,2.6641122359225607e-08,8.799989893954141e-06,1.8298207172712633e-05,3.8810884402513463e-07,0.0,7.971041507573946e-21,1.7552892244266037e-32,2.4344113043440263e-33
5,lbfgs,1429,2736.3999999999996,4080.959999999999,2.098767950679883e-05,2.064664188349856e-05,1.7810106808620148e-08,7.353310833647231e-06,1.3275520943042709e-05,3.4087029269247755e-07,0.0,5.636085652023563e-21,1.6927182691180404e-32,2.3145287314188162e-33
5,lbfgs,1439,2736.3999999999996,4080.959999999999,1.8699299905273892e-05,1.8493188697331402e-05,2.008153313638772e-08,7.346240722510661e-06,1.1126866441684355e-05,2.0594386844601492e-07,0.0,5.880073959029516e-21,1.6719600474854042e-32,2.29158545291052e-33
5,lbfgs,1449,2736.3999999999996,4080.959999999999,1.086053333134323e-05,1.0510836073820568e-05,4.59718553123204e-08,7.62643165633502e-06,2.8384325621732267e-06,3.4952999413088455e-07,0.0,8.73059071412205e-21,1.7139797044066563e-32,2.19163624519812e-33
5,lbfgs,1459,2736.3999999999996,4080.959999999999,7.824154999750322e-06,7.550281945019729e-06,9.992873284973843e-08,3.652465221941363e-06,3.7978879902286273e-06,2.7370572780587095e-07,0.0,1.645936815223391e-20,1.7027965238535448e-32,2.2145550777148495e-33
5,lbfgs,1469,2736.3999999999996,4080.959999999999,6.194156322370935e-06,6.183488633979621e-06,2.3237609739245775e-08,3.5472802932151755e-06,2.6129707310251993e-06,1.0500355878025301e-08,0.0,6.229016018585615e-21,1.739472989593897e-32,2.1785378697152143e-33
5,lbfgs,1479,2736.3999999999996,4080.959999999999,4.93758714624244e-06,4.827662550574558e-06,1.566403596042928e-08,2.8444758910712435e-06,1.9675226235428852e-06,1.0975708114010798e-07,0.0,2.7383226039598633e-21,1.7332792280093262e-32,2.1884678110726462e-33
5,lbfgs,1489,2736.3999999999996,4080.959999999999,3.995854893988185e-06,3.934144901670361e-06,1.0064862584624746e-08,1.9063585364984493e-06,2.017721502587287e-06,6.154262220268261e-08,0.0,3.443290498747522e-21,1.737756626222047e-32,2.1497055272296296e-33
5,lbfgs,1499,2736.3999999999996,4080.959999999999,3.6257760401181408e-06,3.595837936852881e-06,9.960865793786731e-09,1.4776735423080896e-06,2.108203528751005e-06,2.9770598444654402e-08,0.0,3.2106890424504904e-21,1.7223358491460824e-32,2.1320337998903092e-33
5,lbfgs,1509,2736.3999999999996,4080.959999999999,3.0648872384119025e-06,3.013454416451666e-06,1.0444538270663525e-08,1.2002915221955243e-06,1.8027183559854783e-06,5.126534126672169e-08,0.0,3.1677396907968466e-21,1.7204216058016824e-32,2.1303290787634796e-33
5,lbfgs,1519,2736.3999999999996,4080.959999999999,2.2359424834610846e-06,2.0133324651156e-06,7.141821272004697e-08,5.869104655482271e-07,1.3550037868473255e-06,2.224424211435214e-07,0.0,2.5227638157489437e-20,1.7112673495928097e-32,2.1593126313181667e-33
5,lbfgs,1529,2736.3999999999996,4080.959999999999,1.4485959775260467e-06,1.391750053407064e-06,1.2868258911641958e-07,3.13379596923176e-07,9.496878673674684e-07,5.6677965476685425e-08,0.0,3.812554115006067e-20,1.7112945064637398e-32,2.120936874381211e-33
5,lbfgs,1539,2736.3999999999996,4080.959999999999,8.400299732785616e-07,8.279681697803148e-07,1.270908990615933e-07,2.20307476097124e-07,4.805697946215975e-07,1.1893688919964152e-08,0.0,4.4003144824709035e-20,1.705209502632373e-32,2.150077152613503e-33
5,lbfgs,1549,2736.3999999999996,4080.959999999999,4.470884584428453e-07,4.3694524173237137e-07,6.720171468481767e-08,1.5839578005856214e-07,2.1134774698899154e-07,9.974826322810752e-09,0.0,2.124521453702489e-20,1.704150898087043e-32,2.1525539915070092e-33
5,lbfgs,1559,2736.3999999999996,4080.959999999999,3.19478919386031e-07,3.1550298703138667e-07,8.700146834512648e-09,1.1093723520217884e-07,1.9586560499469518e-07,3.8076396711550674e-09,0.0,2.577971900043447e-21,1.7006751312523056e-32,2.166186714627436e-33
5,lbfgs,1569,2736.3999999999996,4080.959999999999,2.9386339674805826e-07,2.8583650142736665e-07,1.2051342655034859e-08,1.00877060439914e-07,1.729080983324178e-07,7.858574130264875e-09,0.0,3.7893521150206834e-21,1.7048320067962215e-32,2.1706562401660146e-33
5,lbfgs,1579,2736.3999999999996,4080.959999999999,2.521940439951184e-07,2.479261501329925e-07,1.046136032153062e-08,9.119044228696439e-08,1.4627434752449748e-07,4.09941014773238e-09,0.0,3.2000317696102645e-21,1.7011826780653193e-32,2.1624163321465743e-33
5,lbfgs,1589,2736.3999999999996,4080.959999999999,2.2703523988933757e-07,2.2360278770468164e-07,8.358152510121643e-09,6.718265981175946e-08,1.4806197538280053e-07,3.264055545893946e-09,0.0,2.5261106900140003e-21,1.7033113467951473e-32,2.169719146721447e-33
5,lbfgs,1599,2736.3999999999996,4080.959999999999,2.1221659734435777e-07,2.0692911092923312e-07,6.2470433153943715e-09,6.148965073715254e-08,1.391924168766862e-07,5.119089333775388e-09,0.0,1.830709378488064e-21,1.7012069623308441e-32,2.168174037165251e-33
5,lbfgs,1609,2736.3999999999996,4080.959999999999,1.87671701659769e-07,1.8093678720915443e-07,6.091292562304564e-09,5.548824887112019e-08,1.1935724577572968e-07,6.566518177257106e-09,0.0,1.5398336441677903e-21,1.703831753682138e-32,2.1669968638101768e-33
5,lbfgs,1619,2736.3999999999996,4080.959999999999,1.6597727605032064e-07,1.640272508704342e-07,9.148285325661909e-09,4.796021730411605e-08,1.0691874824065624e-07,1.781617905956729e-09,0.0,2.463615120597081e-21,1.704021369797337e-32,2.1660608904545176e-33
5,lbfgs,1629,2736.3999999999996,4080.959999999999,1.5614875856262046e-07,1.542491583362321e-07,6.490896141436904e-09,4.770377056729443e-08,1.0005449162750076e-07,1.7311481944915663e-09,0.0,1.5847705215040012e-21,1.7016626838027286e-32,2.1636943810263212e-33
5,lbfgs,1639,2736.3999999999996,4080.959999999999,1.4434413040579449e-07,1.421993732405777e-07,3.2152931837770784e-09,4.291389409400257e-08,9.607018596279806e-08,1.9763174789479797e-09,0.0,8.540020182081649e-22,1.7020511634925597e-32,2.1652485331597517e-33
5,lbfgs,1649,2736.3999999999996,4080.959999999999,1.3590602357688699e-07,1.3420147032199307e-07,3.909286686052682e-09,4.1739747731698497e-08,8.85524359042419e-08,1.5360987781764926e-09,0.0,1.1448183877317065e-21,1.7031214566455713e-32,2.161597042743682e-33
5,lbfgs,1659,2736.3999999999996,4080.959999999999,1.3251261170408566e-07,1.3036432907745467e-07,3.806991007988669e-09,4.052107830512568e-08,8.603625976434031e-08,1.979812980160603e-09,0.0,1.0455596782898696e-21,1.7029377800720685e-32,2.1610451624205344e-33
5,lbfgs,1669,2736.3999999999996,4080.959999999999,1.162761047562272e-07,1.1536149656156873e-07,3.32901444041958e-09,3.391532683463352e-08,7.811715528651563e-08,7.461265314568691e-10,0.0,1.0430998250977426e-21,1.7059188308906567e-32,2.164610125206215e-33
5,lbfgs,1679,2736.3999999999996,4080.959999999999,1.0337049433775441e-07,1.0231057031507272e-07,3.270117379677403e-09,3.464894623609345e-08,6.439150669930187e-08,8.91391627105277e-10,0.0,1.3477504808663601e-21,1.7046582147612503e-32,2.161340606784828e-33
5,lbfgs,1689,2736.3999999999996,4080.959999999999,1.015855592790899e-07,1.0082493101855159e-07,2.9174151920029524e-09,3.4542879274533614e-08,6.336463655201503e-08,5.92083261144643e-10,0.0,1.1007477462697484e-21,1.7045209706741387e-32,2.1621716966961667e-33
5,lbfgs,1699,2736.3999999999996,4080.959999999999,9.338898984533288e-08,9.239893597168584e-08,1.967060062148042e-09,3.385537183362162e-08,5.657650407591618e-08,8.21495329827492e-10,0.0,7.6790261850961245e-22,1.704902915005567e-32,2.157200129745767e-33
5,lbfgs,1709,2736.3999999999996,4080.959999999999,8.496380305701734e-08,8.434183936275768e-08,4.416179150787557e-09,3.199696987883929e-08,4.7928690333130824e-08,4.5334462322917545e-10,0.0,2.1137139765955586e-21,1.7046402497849767e-32,2.1588003511290386e-33
5,lbfgs,1719,2736.3999999999996,4080.959999999999,8.235092352898214e-08,8.189410994462713e-08,4.292773624123743e-09,3.012390371831631e-08,4.7477432602187077e-08,2.8820478465036307e-10,0.0,1.880468138077205e-21,1.7044012906840718e-32,2.1590722949709886e-33
5,lbfgs,1729,2736.3999999999996,4080.959999999999,8.04128473826982e-08,7.961419605086823e-08,3.949339944454866e-09,2.7213625605651418e-08,4.8451230500761936e-08,6.300441021716403e-10,0.0,1.5412202672962177e-21,1.7044150320214384e-32,2.159415666727054e-33
5,lbfgs,1739,2736.3999999999996,4080.959999999999,7.129767993541568e-08,7.092509867955847e-08,1.1575362179982577e-09,2.4743484021831087e-08,4.502407843972913e-08,2.039277577126012e-10,0.0,5.171839485183827e-22,1.7049594690273888e-32,2.1566684739688452e-33
5,lbfgs,1749,2736.3999999999996,4080.959999999999,6.977322917399758e-08,6.923254566921177e-08,1.4284748923905913e-09,2.4830044031435615e-08,4.2974026745385566e-08,3.720189655473112e-10,0.0,6.061810171675712e-22,1.7049575591731297e-32,2.1559375259642627e-33
5,lbfgs,1759,2736.3999999999996,4080.959999999999,6.973016901643516e-08,6.929320378348379e-08,1.5224732356934948e-09,2.5072217144395802e-08,4.269851340339449e-08,2.6829392365494153e-10,0.0,6.44811433082311e-22,1.7049431383167198e-32,2.1561513859586407e-33
5,lbfgs,1769,2736.3999999999996,4080.959999999999,6.949965766333139e-08,6.900944460094412e-08,1.4615421505665484e-09,2.477776362218702e-08,4.2770138828190557e-08,3.2154311437060456e-10,0.0,6.21724365901783e-22,1.7049478684335162e-32,2.1560241551845606e-33
5,lbfgs,1779,2736.3999999999996,4080.959999999999,6.938203385120201e-08,6.886503495913424e-08,1.4465396595782884e-09,2.4626938451683866e-08,4.2791556847872087e-08,3.4832800097250705e-10,0.0,6.158517795968169e-22,1.7049427382364706e-32,2.15598444946876e-33
5,lbfgs,1789,2736.3999999999996,4080.959999999999,6.936093560232305e-08,6.893528058424676e-08,1.5035786715108602e-09,2.4815348939632676e-08,4.261635297310323e-08,2.569789799027714e-10,0.0,6.410370838382096e-22,1.7049231848195473e-32,2.156150449204987e-33
5,lbfgs,1799,2736.3999999999996,4080.959999999999,6.920270725687739e-08,6.87220272104433e-08,1.4543158518158264e-09,2.4574072557658556e-08,4.2693638800968915e-08,3.120053228148113e-10,0.0,6.205168400951157e-22,1.704922623870855e-32,2.1560286207512215e-33
5,lbfgs,1809,2736.3999999999996,4080.959999999999,6.911394088590162e-08,6.860641201571544e-08,1.4393446632418292e-09,2.4445977097017908e-08,4.2721090255455705e-08,3.388536619999309e-10,0.0,6.140048927090299e-22,1.7049148446997386e-32,2.1559757818524156e-33
5,lbfgs,1819,2736.3999999999996,4080.959999999999,6.909782461552915e-08,6.867737652857488e-08,1.4869297272112247e-09,2.4622702447037287e-08,4.2567744354326374e-08,2.517685727954755e-10,0.0,6.3642015609694405e-22,1.7048967240363894e-32,2.1561152400147183e-33
5,lbfgs,1829,2736.3999999999996,4080.959999999999,6.897065629486166e-08,6.849592432283821e-08,1.4448678183323935e-09,2.4412938755253994e-08,4.263811774925183e-08,3.0605376969956923e-10,0.0,6.178945427270728e-22,1.704896227969971e-32,2.156001655434876e-33
5,lbfgs,1839,2736.3999999999996,4080.959999999999,6.889671454891566e-08,6.839615430254601e-08,1.4312073385562195e-09,2.4302994731318245e-08,4.266195223267155e-08,3.3188180023085556e-10,0.0,6.116328033241704e-22,1.7048904033694263e-32,2.1559493184170266e-33
5,lbfgs,1849,2736.3999999999996,4080.959999999999,6.888319532019214e-08,6.84666774453227e-08,1.4728255946625145e-09,2.4473774566696083e-08,4.252007728396409e-08,2.4783562828097534e-10,0.0,6.323472459019714e-22,1.7048759791321826e-32,2.1560770272048007e-33
5,lbfgs,1859,2736.3999999999996,4080.959999999999,6.877366577450833e-08,6.830409152762396e-08,1.4356222525018526e-09,2.4284418932066884e-08,4.2584050343055215e-08,3.008933153093765e-10,0.0,6.152058923963326e-22,1.7048769061760522e-32,2.1559706717951175e-33
5,lbfgs,1869,2736.3999999999996,4080.959999999999,6.87085770919169e-08,6.82140796350277e-08,1.4230520137517523e-09,2.418650075853489e-08,4.2604526862741045e-08,3.258164418717388e-10,0.0,6.091783133427596e-22,1.704873764543454e-32,2.1559208601832384e-33
5,lbfgs,1879,2736.3999999999996,4080.959999999999,6.869660093335282e-08,6.828364656295286e-08,1.4604146689266085e-09,2.4352649925868187e-08,4.247058196815806e-08,2.442698972943646e-10,0.0,6.2864650963258555e-22,1.7048628221929144e-32,2.1560419913033316e-33
5,lbfgs,1889,2736.3999999999996,4080.959999999999,6.8598156853131e-08,6.813334688223608e-08,1.4266772386865455e-09,2.4176962351596335e-08,4.25297072919532e-08,2.9612682217697713e-10,0.0,6.124822806231263e-22,1.7048651092205943e-32,2.1559415306669315e-33
5,lbfgs,1899,2736.3999999999996,4080.959999999999,6.85388137528827e-08,6.804978986780768e-08,1.4149763035157919e-09,2.408706961365221e-08,4.254774395063968e-08,3.203407704177002e-10,0.0,6.066273046411092e-22,1.7048642049741476e-32,2.1558945580704414e-33
5,lbfgs,1909,2736.3999999999996,4080.959999999999,6.852782764213243e-08,6.811822822686504e-08,1.4491503594602258e-09,2.4249321981445943e-08,4.241975588595887e-08,2.4091308905239607e-10,0.0,6.251257838944407e-22,1.7048560072138414e-32,2.156011588593278e-33
5,lbfgs,1919,2736.3999999999996,4080.959999999999,6.843685963329595e-08,6.797647684909912e-08,1.4180036171898332e-09,2.408325241031999e-08,4.2475220821589294e-08,2.916977943361329e-10,0.0,6.096831120062721e-22,1.704859309727695e-32,2.1559159904470074e-33
5,lbfgs,1929,2736.3999999999996,4080.959999999999,6.838148642484277e-08,6.789744188739896e-08,1.407004462585771e-09,2.3998965219268846e-08,4.249147220554434e-08,3.153596716895639e-10,0.0,6.03956809613445e-22,1.7048600562401264e-32,2.1558717471111428e-33
5,lbfgs,1939,2736.3999999999996,4080.959999999999,6.837117404321863e-08,6.796472999581988e-08,1.4386971253275266e-09,2.415792324889891e-08,4.2368109621593445e-08,2.377561551722765e-10,0.0,6.216707204876383e-22,1.7048539219953452e-32,2.1559859777921217e-33
5,lbfgs,1949,2736.3999999999996,4080.959999999999,6.828553550312156e-08,6.782924590558653e-08,1.409559780164952e-09,2.3998956698601436e-08,4.2420729426820136e-08,2.876030538918189e-10,0.0,6.0678697129508905e-22,1.7048579139299556e-32,2.155894462366695e-33
5,lbfgs,1959,2736.3999999999996,4080.959999999999,6.823304694575183e-08,6.775353287620668e-08,1.3991342844916678e-09,2.3918786271824187e-08,4.2435612319890826e-08,3.108277208594744e-10,0.0,6.011619375195483e-22,1.7048598233337002e-32,2.155852708336901e-33
5,lbfgs,1969,2736.3999999999996,4080.959999999999,6.822321545169749e-08,6.781971456614928e-08,1.4288371093397202e-09,2.4074962402022235e-08,4.2315915054787324e-08,2.3481165376933404e-10,0.0,6.182227825448741e-22,1.7048552285205606e-32,2.1559648450269618e-33
5,lbfgs,1979,2736.3999999999996,4080.959999999999,6.814155276632687e-08,6.768902582297609e-08,1.4013030692514739e-09,2.392146559046913e-08,4.2366257163255485e-08,2.838390714352913e-10,0.0,6.037903859591335e-22,1.7048596576833553e-32,2.1558768154031367e-33
5,lbfgs,1989,2736.3999999999996,4080.959999999999,6.809125018902744e-08,6.761585371062537e-08,1.391351447704442e-09,2.3844457478829454e-08,4.238004478409147e-08,3.067088581420201e-10,0.0,5.982498241675046e-22,1.7048623664876388e-32,2.155837282167025e-33
5,lbfgs,1999,2736.3999999999996,4080.959999999999,6.808177604364628e-08,6.768099935469299e-08,1.419421062001362e-09,2.3998274581992072e-08,4.2263303710699547e-08,2.3208629945059724e-10,0.0,6.147551945448831e-22,1.7048589292543568e-32,2.1559477105982366e-33
5,lbfgs,2009,2736.3999999999996,4080.959999999999,6.80031962203566e-08,6.755411402951206e-08,1.3931952014385933e-09,2.384913923077244e-08,4.231177959730102e-08,2.803931709688977e-10,0.0,6.007000680415919e-22,1.7048636128220345e-32,2.1558627031917237e-33
5,lbfgs,2019,2736.3999999999996,4080.959999999999,6.79546115137023e-08,6.748295592749975e-08,1.3836391803481314e-09,2.3774652681839646e-08,4.232466406531196e-08,3.029668638547765e-10,0.0,5.952336771224431e-22,1.704866860344816e-32,2.155825133253419e-33
5,lbfgs,2029,2736.3999999999996,4080.959999999999,6.794541254556434e-08,6.754714353016444e-08,1.4103438584418682e-09,2.3926449410003608e-08,4.2210350261718964e-08,2.2957761606948885e-10,0.0,6.112583683302246e-22,1.704864307397589e-32,2.1559340603521617e-33
5,lbfgs,2039,2736.3999999999996,4080.959999999999,6.786930578432814e-08,6.742337086264195e-08,1.38520549550474e-09,2.3780894648427917e-08,4.2257270718709295e-08,2.772449000060612e-10,0.0,5.975277615155729e-22,1.7048691162756607e-32,2.155851710883949e-33
5,lbfgs,2049,2736.3999999999996,4080.959999999999,6.782211561314088e-08,6.735386148416743e-08,1.3759836913003388e-09,2.370848075997155e-08,4.226939703289555e-08,2.99564442191057e-10,0.0,5.921293002581219e-22,1.7048727182428558e-32,2.155815872319576e-33
5,lbfgs,2059,2736.3999999999996,4080.959999999999,6.781313562455855e-08,6.741716738064263e-08,1.4015312145733406e-09,2.3858522619253934e-08,4.215711354681535e-08,2.2727595622513908e-10,0.0,6.077320079454238e-22,1.704870854708972e-32,2.1559234029260264e-33
5,lbfgs,2069,2736.3999999999996,4080.959999999999,6.773907424308015e-08,6.729601418777668e-08,1.3773119305856366e-09,2.3715981344344767e-08,4.220272091284627e-08,2.7436915150524857e-10,0.0,5.942873895580942e-22,1.704875698817262e-32,2.155843422338876e-33
5,lbfgs,2079,2736.3999999999996,4080.959999999999,6.76930498804245e-08,6.722789488603098e-08,1.3683763405461785e-09,2.364531407169363e-08,4.2214204473791163e-08,2.9646445605370156e-10,0.0,5.889532218274637e-22,1.7048795255432007e-32,2.155809112530086e-33
5,lbfgs,2089,2736.3999999999996,4080.959999999999,6.768424963473826e-08,6.729038942478571e-08,1.3929313630284477e-09,2.3793806470480754e-08,4.2103651591276506e-08,2.2516713440148725e-10,0.0,6.041808378366194e-22,1.7048782120145296e-32,2.1559152928984973e-33
5,lbfgs,2099,2736.3999999999996,4080.959999999999,6.761192711294267e-08,6.717149651981431e-08,1.3695006306951074e-09,2.3653856803301432e-08,4.2148139085817774e-08,2.7173890599043915e-10,0.0,5.909934894588701e-22,1.7048830288427642e-32,2.1558374497370707e-33
5,lbfgs,2109,2736.3999999999996,4080.959999999999,6.756690351262608e-08,6.7104580904978e-08,1.3608137999097454e-09,2.3584692298194932e-08,4.215907480687331e-08,2.9363131099844075e-10,0.0,5.85721662559484e-22,1.704886988997779e-32,2.1558044944424527e-33
5,lbfgs,2119,2736.3999999999996,4080.959999999999,6.755825516864614e-08,6.716632680002466e-08,1.3845091354634629e-09,2.373179304769303e-08,4.205002461686816e-08,2.2323458883758194e-10,0.0,6.006121841095307e-22,1.704886124983447e-32,2.1559093377682558e-33
5,lbfgs,2129,2736.3999999999996,4080.959999999999,6.748744761542046e-08,6.70494280399939e-08,1.3617645036925448e-09,2.3594114940952552e-08,4.209354859534881e-08,2.693271869688632e-10,0.0,5.876603159498383e-22,1.7048908712678473e-32,2.1558334449884718e-33
5,lbfgs,2139,2736.3999999999996,4080.959999999999,6.74433035164506e-08,6.698357959256074e-08,1.3532972070681206e-09,2.3526266465844828e-08,4.21040159196478e-08,2.910319464115663e-10,0.0,5.824499428465684e-22,1.7048949002963522e-32,2.1558016955744374e-33
5,lbfgs,2149,2736.3999999999996,4080.959999999999,6.743478704482372e-08,6.704463169701529e-08,1.3762414692951662e-09,2.3672096605501627e-08,4.199629362221849e-08,2.2146093369138198e-10,0.0,5.970345299183694e-22,1.7048944125726353e-32,2.155905197335325e-33
6,adam,0,4080.959999999999,5963.343999999998,0.10882791340054339,0.08162093498152329,0.00027777767290492,0.05880714663789434,0.022536010670724027,0.02720697832717443,0.0,1.0102486491456693e-17,1.960005339802391e-30,2.499999999999994e-31
6,adam,24,4080.959999999999,5963.343999999998,0.025319167103742067,0.011662784674575053,0.0001784507910722173,0.007070291810911279,0.004414042072591556,0.013656382335580633,0.0,1.353888150290006e-18,2.4627052265767626e-31,4.9153696247150636e-32
6,adam,49,4080.959999999999,5963.343999999998,0.02039115432790435,0.00718602045877154,8.10715740619852e-06,0.004533125558208691,0.002644787743156651,0.013205133773225242,0.0,5.261612346675975e-20,1.6485093493471956e-31,2.907767084944342e-32
6,adam,74,4080.959999999999,5963.343999999998,0.01767663230246025,0.004848665303890158,2.284868009909522e-06,0.003158984283934189,0.0016873961519460595,0.01282796689893101,0.0,1.098059201498691e-20,1.1784315749003624e-31,1.8310289843590252e-32
6,adam,99,4080.959999999999,5963.343999999998,0.016355013355703895,0.003917399240300208,1.951944902525198e-06,0.002576134469689649,0.0013393128257080335,0.012437614011919508,0.0,1.4809652170005033e-20,9.102347479638909e-32,1.5498036697807308e-32
6,adam,124,4080.959999999999,5963.343999999998,0.015602676348501996,0.003466374109667725,5.132576625659486e-07,0.0023208495197762635,0.0011450113322288953,0.012136302132335207,0.0,5.779676068873771e-21,7.822607397522958e-32,1.3757893942452585e-32
6,adam,149,4080.959999999999,5963.343999999998,0.015019112877289777,0.003152547786742572,4.137983002925921e-07,0.0021262487052602723,0.0010258852831820072,0.011866564981452797,0.0,6.477363549789296e-21,6.97601518774059e-32,1.243139118576564e-32
6,adam,174,4080.959999999999,5963.343999999998,0.014173368611725192,0.002693564437700944,2.2178592016492343e-07,0.0018033628817088288,0.00088997977007195,0.011479804061970175,0.0,3.933206103549326e-21,6.254353037839058e-32,1.1072299345991259e-32
6,adam,199,4080.959999999999,5963.343999999998,0.01268412152257063,0.001854993656777692,3.445261873192308e-07,0.0011455066999128663,0.0007091424306775065,0.010829127749693142,0.0,2.163606189435161e-21,5.308300327663233e-32,7.798858501575886e-33
6,adam,224,4080.959999999999,5963.343999999998,0.011574042341277558,0.0016832056267770997,3.079185732960653e-07,0.0010631052203539362,0.0006197924878498674,0.009890836595232464,0.0,5.615931118260688e-21,5.158798347299492e-32,7.830805583694824e-33
6,adam,249,4080.959999999999,5963.343999999998,0.010384345258727048,0.001363641687921047,3.3275838215467433e-07,0.0008820455772395301,0.00048126335229936227,0.009020703448398662,0.0,6.188581690615906e-21,4.6150073143208697e-32,6.849085710268711e-33
6,adam,274,4080.959999999999,5963.343999999998,0.009331531576226711,0.0011223049063051002,2.4441427305135856e-07,0.0007455458384737508,0.00037651465355829797,0.008209226544014254,0.0,4.55203683576633e-21,4.1913107123270786e-32,6.030772649901329e-33
6,adam,299,4080.959999999999,5963.343999999998,0.008481337908790982,0.0009937991987491476,1.8186829942922166e-07,0.0006946666882338401,0.0002989506422158784,0.007487538580782239,0.0,2.6113735718709174e-21,3.835855281080614e-32,5.702847455623597e-33
6,adam,324,4080.959999999999,5963.343999999998,0.007638731552520966,0.0008487141891453682,1.1894578391806978e-07,0.000569033614519613,0.00027956162884183706,0.006790017231407218,0.0,1.975704825515269e-21,3.601398019041184e-32,4.86256722814779e-33
6,adam,349,4080.959999999999,5963.343999999998,0.006900190881054239,0.0007349027155084449,1.2459409505707876e-07,0.0005144250111485814,0.00022035311026480636,0.006165288030925998,0.0,2.053974625192783e-21,3.3620259904493705e-32,4.605061216279137e-33
6,adam,374,4080.959999999999,5963.343999999998,0.006376599198566387,0.0007223199163779396,1.4567231208627068e-07,0.0005270455478821479,0.00019512869618370542,0.00565427914503179,0.0,2.4609661553782202e-21,3.208235990491453e-32,4.0913496345226724e-33
6,adam,399,4080.959999999999,5963.343999999998,0.0056911058145957955,0.0005997293649005851,1.206114732150212e-07,0.00042955402302930775,0.00017005473039806234,0.005091376310348938,0.0,2.2286780330767708e-21,3.002282802595201e-32,3.9941101649785e-33
6,adam,424,4080.959999999999,5963.343999999998,0.0051974067034434804,0.0005859198174537898,1.2910350060485792e-07,0.000410549610145154,0.00017524110380803094,0.0046114867443902575,0.0,2.525352305193315e-21,3.1710808035189654e-32,3.960291031721949e-33
6,adam,449,4080.959999999999,5963.343999999998,0.006867955257507376,0.001795931557420301,2.8293388773715205e-07,0.000914036329635843,0.000881612293896721,0.0050720235559422585,0.0,3.5215844028397096e-21,5.223604922592461e-32,4.0235853131467665e-33
6,adam,474,4080.959999999999,5963.343999999998,0.005614617548589345,0.0014309513966960737,1.1684589651679912e-06,0.0005960163081701633,0.0008337666295607423,0.004183666004358614,0.0,3.309272746119015e-20,2.977410639665717e-32,2.9049360399010724e-33
6,adam,499,4080.959999999999,5963.343999999998,0.00451533335420741,0.0007592605636627472,3.550713373524241e-07,0.0003969942191823488,0.0003619112731430459,0.003756072642549376,0.0,9.915635244186664e-21,2.6775486905122256e-32,2.960981457890933e-33
6,adam,524,4080.959999999999,5963.343999999998,0.0039277273230954755,0.0005402445962744025,1.774680529898774e-07,0.0003343031021354105,0.00020576402608600216,0.003387482577716667,0.0,3.5329508310525214e-21,2.6408986574169847e-32,3.617844113112561e-33
6,adam,549,4080.959999999999,5963.343999999998,0.0035455713582459776,0.00048278429968088025,1.1388289148619415e-07,0.00029949226856410135,0.00018317814822529273,0.0030627869080692154,0.0,2.241332355421771e-21,2.6722964994984553e-32,3.759405962131983e-33
6,adam,574,4080.959999999999,5963.343999999998,0.0032403678901823546,0.0004552518927316657,9.364111924261741e-08,0.0002755858909653933,0.00017957236064702979,0.002785115845523595,0.0,1.9440038963835816e-21,2.6383146264631806e-32,3.786831088033917e-33
6,adam,599,4080.959999999999,5963.343999999998,0.0029642202097967577,0.00043072274296115384,7.750868783459043e-08,0.0002570043626092793,0.0001736408716640399,0.0025334973134280236,0.0,1.6880232426311191e-21,2.5705574759156804e-32,3.68088351889997e-33
6,adam,624,4080.959999999999,5963.343999999998,0.002663281328224958,0.00036541038260385245,6.209177693819955e-08,0.00020923350788494612,0.00015611478294196812,0.0022978707907445645,0.0,1.3157705068743591e-21,2.040971297733496e-32,3.327609223695713e-33
6,adam,649,4080.959999999999,5963.343999999998,0.002436236645154751,0.00034924555902230987,5.147368530066262e-08,0.00019477698464896498,0.00015441710068804423,0.002086990929848663,0.0,1.104492026860677e-21,1.983659279459477e-32,3.27007446233883e-33
6,adam,674,4080.959999999999,5963.343999999998,0.0022272702729802204,0.00033404148195625093,4.228641569108073e-08,0.00018338379765499706,0.00015061539788556282,0.0018932286333508466,0.0,9.070167432264582e-22,1.9365960057243482e-32,3.189376955984826e-33
6,adam,699,4080.959999999999,5963.343999999998,0.0020346217893952483,0.0003195832451280689,3.523648884176762e-08,0.00017203354928672695,0.00014751445935250022,0.0017150383852232185,0.0,7.555827266838871e-22,1.8891433080934153e-32,3.12063877180253e-33
6,adam,724,4080.959999999999,5963.343999999998,0.0018567131210182487,0.0003055858193642548,2.985712503473951e-08,0.00016127284800139836,0.00014428311423782172,0.0015511271412565091,0.0,6.370731440036023e-22,1.843329367790292e-32,3.05199686382803e-33
6,adam,749,4080.959999999999,5963.343999999998,0.0016921273517638573,0.0002916807558725149,2.5939746589003608e-08,0.00015094044177491224,0.00014071437435101368,0.00140044643415742,0.0,5.396717018133101e-22,1.7987580849935227e-32,2.9814649437651684e-33
6,adam,774,4080.959999999999,5963.343999999998,0.001539795123337928,0.0002776940833381882,2.3607166361651964e-08,0.00014097018519680977,0.00013670029097501683,0.0012621008769448966,0.0,4.597079015909776e-22,1.7550477909590802e-32,2.906278800112327e-33
6,adam,799,4080.959999999999,5963.343999999998,0.0013992871007475162,0.0002637231832249584,2.3200939367148166e-08,0.00013138661003332148,0.0001323133722522698,0.001135563753161919,0.0,4.0135053238343987e-22,1.7120345866020574e-32,2.8249272306607254e-33
6,adam,824,4080.959999999999,5963.343999999998,0.0012746674477188572,0.0002530091515761521,2.3465656012969546e-08,0.00012403381186970662,0.0001289518740504325,0.0010216581304839034,0.0,3.3444091095585305e-22,1.6886555444704297e-32,2.7637720254992275e-33
6,adam,849,4080.959999999999,5963.343999999998,0.0011578018724793051,0.00024014052178422335,2.6129997873981273e-08,0.00011613309741134994,0.00012398129437499942,0.0009176611837470988,0.0,3.41960476313894e-22,1.6505272836380836e-32,2.6805457216954558e-33
6,adam,874,4080.959999999999,5963.343999999998,0.001051801161759626,0.00022797067244990503,2.971346331700159e-08,0.00010829875112856497,0.00011964220785802305,0.0008238303211089053,0.0,3.8570159285282367e-22,1.6139709701063205e-32,2.6094550127824015e-33
6,adam,899,4080.959999999999,5963.343999999998,0.0009548356495125102,0.00021587506787542384,3.2957598119621534e-08,0.00010077673762972486,0.00011506537264757936,0.0007389604122233759,0.0,4.419649789568741e-22,1.580674796810701e-32,2.551521971792347e-33
6,adam,924,4080.959999999999,5963.343999999998,0.0008653933047547062,0.0002033806731051661,3.526068436007233e-08,9.349323216106485e-05,0.0001098521802597412,0.0006620124610530256,0.0,4.911087721996083e-22,1.5499885391166227e-32,2.501702118995236e-33
6,adam,949,4080.959999999999,5963.343999999998,0.0007824374249701551,0.0001901742677584448,3.597553726474793e-08,8.62453788519093e-05,0.00010389291336927076,0.0005922629854499538,0.0,5.161170658950116e-22,1.5207559785302052e-32,2.4543353753939714e-33
6,adam,974,4080.959999999999,5963.343999999998,0.0007051871624458327,0.00017607693353790353,3.422361881858216e-08,7.893150127109114e-05,9.71112086479938e-05,0.0005291100559886508,0.0,5.009411984151635e-22,1.492255779632914e-32,2.4057368828756687e-33
6,adam,999,4080.959999999999,5963.343999999998,0.0006331098101555528,0.00016110982215639214,2.961125152169354e-08,7.155406759890965e-05,8.952614330596079e-05,0.0004719998139235514,0.0,4.430215627895015e-22,1.464218594055313e-32,2.3539946759720983e-33
6,adam,1024,4080.959999999999,5963.343999999998,0.0005708860980802369,0.00014915050975207456,2.332743029592905e-08,6.509501248373639e-05,8.403216983804226e-05,0.00042173541310208565,0.0,3.7816669726943925e-22,1.414051881181918e-32,2.2824242880205396e-33
6,adam,1049,4080.959999999999,5963.343999999998,0.0005086717210676814,0.00013326095121711976,1.8256511003266002e-08,5.836513026390039e-05,7.48775644422161e-05,0.00037541059345052376,0.0,3.2781452114868995e-22,1.389227704409502e-32,2.2196496289311176e-33
6,adam,1074,4080.959999999999,5963.343999999998,0.0004528803806589679,0.0001193028744063572,1.5287263194307394e-08,5.225713040518575e-05,6.703045673797712e-05,0.00033357732868137096,0.0,2.9832129738677017e-22,1.3641072130215138e-32,2.1519082237048943e-33
6,adam,1099,4080.959999999999,5963.343999999998,0.0004040882580033939,0.00010816734231521499,1.3377412227502348e-08,4.723560150213158e-05,6.091836340085591e-05,0.00029592073697553965,0.0,2.778420970068067e-22,1.3405438030591366e-32,2.0895991416045787e-33
6,adam,1124,4080.959999999999,5963.343999999998,0.0003617498289914277,9.969075229268481e-05,1.2112894822177412e-08,4.330012145620414e-05,5.637851794165849e-05,0.0002620588968944914,0.0,2.6395219974904703e-22,1.3189142274535274e-32,2.034987824464672e-33
6,adam,1149,4080.959999999999,5963.343999999998,0.00032461237585931844,9.290777415944974e-05,1.1408511167623303e-08,4.027721758422963e-05,5.2619148064052486e-05,0.0002317044208605374,0.0,2.5745635277852393e-22,1.2958622444183032e-32,2.012526987116727e-33
6,adam,1174,4080.959999999999,5963.343999999998,0.0002941058960048598,9.025343802832159e-05,1.3090209289703916e-08,3.6697083470355456e-05,5.354326434867642e-05,0.00020385227615102295,0.0,2.895415355500733e-22,1.2792812161971336e-32,1.8030713177424234e-33
6,adam,1199,4080.959999999999,5963.343999999998,0.0002620651484048057,8.211175461632951e-05,1.1382399821641128e-08,3.471525932476946e-05,4.7385112891738405e-05,0.00017995321101831608,0.0,2.575698242013805e-22,1.2631748012047615e-32,1.8916352884279252e-33
6,adam,1224,4080.959999999999,5963.343999999998,0.00023139969820429768,7.246737753449859e-05,1.11881677924336e-08,3.2976035338742075e-05,3.948015402796407e-05,0.00015893213697266536,0.0,2.483810469533779e-22,1.282625539985464e-32,1.881903685507398e-33
6,adam,1249,4080.959999999999,5963.343999999998,0.0002229312173316427,8.059171329400676e-05,1.3142764657287762e-08,4.0297444692901545e-05,4.028112583644793e-05,0.00014233931943134496,0.0,2.4604882962789276e-22,1.2373268749751117e-32,2.184509629953082e-33
6,adam,1274,4080.959999999999,5963.343999999998,0.00018895452362659135,6.549346487219027e-05,1.1292469214315267e-08,2.944393035891591e-05,3.603824204406004e-05,0.0001234608732670664,0.0,2.2982393677624195e-22,1.2379352314403283e-32,1.9971425008148042e-33
6,adam,1299,4080.959999999999,5963.343999999998,0.0001739129896157679,6.521855560580301e-05,1.2955856518831469e-08,2.6591790529251614e-05,3.861380922003257e-05,0.00010869424765512607,0.0,2.2925023768079948e-22,1.3196773797275065e-32,1.5457702344605476e-33
6,adam,1324,4080.959999999999,5963.343999999998,0.00014677489401372033,5.286864329235173e-05,1.055986708606717e-08,2.1596097397268522e-05,3.1261986027997144e-05,9.390606351323087e-05,0.0,2.0226721436489805e-22,1.252163564907987e-32,1.726629044123066e-33
6,adam,1349,4080.959999999999,5963.343999999998,0.00013553868295067463,5.340776893325183e-05,1.1352221464636718e-08,2.5301065831549746e-05,2.8095350880237444e-05,8.21307259726073e-05,0.0,1.9494938054073665e-22,1.1987547980258009e-32,1.8652294922138877e-33
6,adam,1374,4080.959999999999,5963.343999999998,0.00011745794906514724,4.593137895745545e-05,9.736743454936108e-09,2.2532034204536536e-05,2.3389608009463976e-05,7.152638124211849e-05,0.0,1.6994024064153947e-22,1.2170313555367961e-32,1.7701160021577854e-33
6,adam,1399,4080.959999999999,5963.343999999998,0.00010581038566276251,4.296201999219373e-05,9.582599875257364e-09,1.953635780898105e-05,2.3416079583337422e-05,6.284817601777932e-05,0.0,1.5861404371590442e-22,1.195219215244428e-32,1.8482900056322557e-33
6,lbfgs,1400,4080.959999999999,5963.343999999998,0.00011168262410046592,4.917255290287276e-05,1.1637395899134181e-08,2.075172654501202e-05,2.840918896196161e-05,6.250988151768653e-05,0.0,1.9608286196395044e-22,1.3631036395390001e-32,1.5810908534329575e-33
6,lbfgs,1409,4080.959999999999,5963.343999999998,6.840000722399698e-05,3.485702266452608e-05,1.763382828236083e-08,1.6869546141709667e-05,1.796984269453405e-05,3.35427945283209e-05,0.0,2.481195766129704e-22,1.3017897226860893e-32,1.8697055314840075e-33
6,lbfgs,1419,4080.959999999999,5963.343999999998,2.350970539713376e-05,2.303531346114037e-05,4.7656131682026375e-08,1.0808282481682579e-05,1.2179374847775766e-05,4.742010589224463e-07,0.0,4.60787112807959e-22,1.2651496728703832e-32,1.6730907369830143e-33
6,lbfgs,1429,4080.959999999999,5963.343999999998,1.2244487590181348e-05,1.1908150142912458e-05,1.8546762548808943e-08,3.567887132064612e-06,8.321716248299037e-06,3.361456630351328e-07,0.0,3.391436756780043e-22,1.2865826219871526e-32,1.8101358334117735e-33
6,lbfgs,1439,4080.959999999999,5963.343999999998,6.614691754532214e-06,6.453910928453568e-06,1.2224786981436104e-08,3.380767358020166e-06,3.060918783451966e-06,1.6058825168048855e-07,0.0,1.9980668200527428e-22,1.2552293555678809e-32,1.6467521788821324e-33
6,lbfgs,1449,4080.959999999999,5963.343999999998,5.250321786596969e-06,4.872067483452004e-06,1.67776437712298e-08,1.7615997001472986e-06,3.0936901395334758e-06,3.7806148699813275e-07,0.0,3.084444276700429e-22,1.2518561299732428e-32,1.61689727742077e-33
6,lbfgs,1459,4080.959999999999,5963.343999999998,2.9599507068774344e-06,2.9378225660990368e-06,2.25900119282134e-08,1.0635779352491481e-06,1.8516546189216755e-06,2.1935409325434458e-08,0.0,3.1595792137829324e-22,1.271173865991037e-32,1.634587663446088e-33
6,lbfgs,1469,4080.959999999999,5963.343999999998,2.3176797019186168e-06,2.2894010330057025e-06,1.8583762679920275e-08,9.035658412452418e-07,1.3672514290805402e-06,2.8085827649723678e-08,0.0,3.452980247958693e-22,1.2802209635133916e-32,1.5920274299021384e-33
6,lbfgs,1479,4080.959999999999,5963.343999999998,1.870774818576686e-06,1.840301593214703e-06,6.018023688074159e-09,7.802126055582533e-07,1.0540709639683757e-06,3.0280494575508796e-08,0.0,1.3731633694631617e-22,1.278276950623759e-32,1.6068745451961293e-33
6,lbfgs,1489,4080.959999999999,5963.343999999998,1.6508318139986288e-06,1.6327124725893503e-06,7.395054377034505e-09,6.117626371740699e-07,1.0135547810382458e-06,1.7926582866442457e-08,0.0,1.8805693880195758e-22,1.281525688249286e-32,1.5967245432997566e-33
6,lbfgs,1499,4080.959999999999,5963.343999999998,1.4033765210686663e-06,1.3662751601716991e-06,4.497035068179934e-09,6.71393552559414e-07,6.903845725441053e-07,3.69086463522563e-08,0.0,7.377678604193755e-23,1.287976368626256e-32,1.5927041350884587e-33
6,lbfgs,1509,4080.959999999999,5963.343999999998,1.1307325520768394e-06,1.1188079181621135e-06,7.055223102920515e-09,3.813621237790182e-07,7.303905712801748e-07,1.1731945668479197e-08,0.0,1.5595701561363956e-22,1.2889029809904386e-32,1.5980917225932346e-33
6,lbfgs,1519,4080.959999999999,5963.343999999998,9.815613357734115e-07,9.481262245961993e-07,7.704489098560565e-09,3.182242558117711e-07,6.221974796858677e-07,3.3242445090685015e-08,0.0,1.180265311946387e-22,1.290798204847932e-32,1.591856104776956e-33
6,lbfgs,1529,4080.959999999999,5963.343999999998,8.927384650101374e-07,8.513079204118528e-07,9.431008861765445e-09,3.178764004292212e-07,5.240005111208661e-07,4.123791120473345e-08,0.0,1.9564653526251047e-22,1.2874066361433062e-32,1.5947150034114937e-33
6,lbfgs,1539,4080.959999999999,5963.343999999998,8.049368268623453e-07,7.587118555477226e-07,8.308302558403111e-09,2.57391516350056e-07,4.930120366392634e-07,4.603235566990085e-08,0.0,1.9694877987185303e-22,1.2856017844902898e-32,1.584254908849805e-33
6,lbfgs,1549,4080.959999999999,5963.343999999998,6.997073459099836e-07,6.474953379553459e-07,1.1394338251226729e-08,2.1458612770324982e-07,4.2151487200086933e-07,5.2019385561587964e-08,0.0,2.519730568810684e-22,1.281682113398646e-32,1.5901428999979366e-33
6,lbfgs,1559,4080.959999999999,5963.343999999998,5.908232662677582e-07,5.617087110506713e-07,5.848577468469819e-09,1.5652406666317987e-07,3.9933606691902164e-07,2.8921994001035766e-08,0.0,9.591750917879645e-23,1.282291197857302e-32,1.5902018839761156e-33
6,lbfgs,1569,4080.959999999999,5963.343999999998,4.3019753706123263e-07,3.8040121604374847e-07,9.44716605829391e-09,9.775968474213055e-08,2.73194365243324e-07,4.960373654283231e-08,0.0,2.5491493135018156e-22,1.2858539670974524e-32,1.594228916280498e-33
6,lbfgs,1579,4080.959999999999,5963.343999999998,4.125300863296708e-07,3.775779937668031e-07,6.028193119260288e-09,1.0368952908720631e-07,2.678602715603365e-07,3.475951437865087e-08,0.0,1.6184549029424343e-22,1.2852602679326357e-32,1.596912278518448e-33
6,lbfgs,1589,4080.959999999999,5963.343999999998,3.985714412489463e-07,3.6272149798336246e-07,4.370626470709898e-09,1.1053496102979417e-07,2.478159104828584e-07,3.565736819870801e-08,0.0,1.194536410513257e-22,1.283580842729442e-32,1.5992694470358213e-33
6,lbfgs,1599,4080.959999999999,5963.343999999998,3.7822474440792234e-07,3.5401125847221297e-07,3.978451768744755e-09,1.1480299049825951e-07,2.352298162052087e-07,2.402093332916073e-08,0.0,1.1659238488275633e-22,1.2857365348782588e-32,1.5999543120926668e-33
6,lbfgs,1609,4080.959999999999,5963.343999999998,3.5263793110319484e-07,3.2191151281528486e-07,2.3620368690213305e-09,1.2922711450870148e-07,1.9032236143756207e-07,3.053388075178677e-08,0.0,6.261681913658813e-23,1.2861014385745259e-32,1.5999033366008398e-33
6,lbfgs,1619,4080.959999999999,5963.343999999998,3.1787044009682654e-07,3.013596588931763e-07,5.276590302660154e-09,1.0407560163362446e-07,1.9200746695689172e-07,1.6318219275733747e-08,0.0,1.4643338186048175e-22,1.288101426724725e-32,1.5942275705703458e-33
6,lbfgs,1629,4080.959999999999,5963.343999999998,2.987406588292653e-07,2.868905709444031e-07,2.3518486503908005e-09,1.0493136114508195e-07,1.7960736114893032e-07,1.16575409127293e-08,0.0,5.097934473135776e-23,1.2844840949767993e-32,1.599234509495019e-33
6,lbfgs,1639,4080.959999999999,5963.343999999998,2.820311518557928e-07,2.7617022105877336e-07,3.897386659090591e-09,8.905453202357329e-08,1.832183023761095e-07,5.668391664169916e-09,0.0,9.808880393831116e-23,1.2817861670869975e-32,1.5957393089297766e-33
6,lbfgs,1649,4080.959999999999,5963.343999999998,2.575478147387834e-07,2.4248348568261493e-07,6.136930665006003e-09,7.913259726251981e-08,1.572139577550891e-07,1.4871804633453525e-08,0.0,1.4319677278316705e-22,1.2802917016651997e-32,1.5966706069524256e-33
6,lbfgs,1659,4080.959999999999,5963.343999999998,2.293207237120022e-07,2.2283630060211144e-07,5.827178492729364e-09,8.098120918936845e-08,1.3602791292001363e-07,6.291886265815698e-09,0.0,1.5304852801774212e-22,1.279133283905099e-32,1.5907348788227202e-33
6,lbfgs,1669,4080.959999999999,5963.343999999998,1.940543796932189e-07,1.911944596187012e-07,6.106093010470871e-09,8.206275121988987e-08,1.0302561538834046e-07,2.6674243436912945e-09,0.0,1.5296808166458862e-22,1.279369544485113e-32,1.5900929600745237e-33
6,lbfgs,1679,4080.959999999999,5963.343999999998,1.830469545685766e-07,1.7898649457914986e-07,5.31552780390144e-09,8.922256123195411e-08,8.444840554329431e-08,3.867947749887559e-09,0.0,1.3344051322248134e-22,1.2779819363396197e-32,1.5920574070371028e-33
6,lbfgs,1689,4080.959999999999,5963.343999999998,1.5699516695917408e-07,1.552404819280946e-07,3.845187587319823e-09,7.458125949327828e-08,7.681403484749652e-08,1.5621807381901076e-09,0.0,1.0949587482182377e-22,1.2797867227409514e-32,1.590498312814911e-33
6,lbfgs,1699,4080.959999999999,5963.343999999998,1.336648022355338e-07,1.3164680045284002e-07,2.707819902062023e-09,5.148764324457704e-08,7.745133730620096e-08,1.8254998397783423e-09,0.0,7.826720198052699e-23,1.2815183921173813e-32,1.5927838963992954e-33
6,lbfgs,1709,4080.959999999999,5963.343999999998,1.3082711255729243e-07,1.2975163296791545e-07,2.6346928909226203e-09,5.3447217358355005e-08,7.366972271863783e-08,8.829820948976132e-10,0.0,7.313574065941443e-23,1.2821862870586207e-32,1.594103323844556e-33
6,lbfgs,1719,4080.959999999999,5963.343999999998,1.2756663762695394e-07,1.2610170604018572e-07,2.5401133847479447e-09,5.277469556338178e-08,7.078689709205601e-08,1.2724356851075816e-09,0.0,6.634928250460388e-23,1.282034990973762e-32,1.5927758063360023e-33
6,lbfgs,1729,4080.959999999999,5963.343999999998,1.180870880712086e-07,1.1633810637715166e-07,3.1246168448001836e-09,5.235993471155893e-08,6.085355482079255e-08,1.55647823313219e-09,0.0,7.506632545969907e-23,1.2818895998212492e-32,1.5929035328181056e-33
6,lbfgs,1739,4080.959999999999,5963.343999999998,1.0757403429023822e-07,1.0596349598040689e-07,3.336183230133434e-09,4.681453818949337e-08,5.581277456078009e-08,1.4180250493818709e-09,0.0,7.454382759150869e-23,1.2831741956680003e-32,1.5913902778759295e-33
6,lbfgs,1749,4080.959999999999,5963.343999999998,9.730554225205432e-08,9.672291898967325e-08,2.55829651772632e-09,4.1852479843362575e-08,5.231214262858436e-08,3.9010346596752354e-10,0.0,7.465615248913828e-23,1.2848237186709686e-32,1.5939106574563723e-33
6,lbfgs,1759,4080.959999999999,5963.343999999998,9.483971118482086e-08,9.389773286042134e-08,1.9986761275240783e-09,4.0420206963685425e-08,5.147884976921184e-08,7.494491269739178e-10,0.0,5.08990057547339e-23,1.28403451049314e-32,1.592902922673112e-33
6,lbfgs,1769,4080.959999999999,5963.343999999998,9.139120849440796e-08,9.079639071013817e-08,2.0872737981203337e-09,4.07309355686779e-08,4.797818134333993e-08,4.0228350486597733e-10,0.0,5.642293250037277e-23,1.2846232367801575e-32,1.5921055745729025e-33
6,lbfgs,1779,4080.959999999999,5963.343999999998,8.759485456345453e-08,8.711311687828115e-08,2.0219743971060234e-09,3.809025149905729e-08,4.7000890982117844e-08,2.892030866696089e-10,0.0,5.459017096470527e-23,1.284878452360869e-32,1.5939213355368368e-33
6,lbfgs,1789,4080.959999999999,5963.343999999998,7.554784943393763e-08,7.472174166122712e-08,3.4436547292683815e-09,2.8709928143217208e-08,4.256815878874153e-08,6.335781656104257e-10,0.0,9.76401768311264e-23,1.2856633331745315e-32,1.5928730437839617e-33
6,lbfgs,1799,4080.959999999999,5963.343999999998,7.100615263622103e-08,6.970588364300529e-08,2.2676011914175548e-09,2.680985723544603e-08,4.06284252161417e-08,1.107731628545059e-09,0.0,5.658397591500619e-23,1.2861164864738687e-32,1.59199072383215e-33
6,lbfgs,1809,4080.959999999999,5963.343999999998,6.970027232777094e-08,6.84642894474304e-08,2.0925243186257986e-09,2.711042219762797e-08,3.926134293117663e-08,1.0434431802940831e-09,0.0,5.0142317205246614e-23,1.28595739669108e-32,1.592431864801266e-33
6,lbfgs,1819,4080.959999999999,5963.343999999998,6.877768481954989e-08,6.70154767976453e-08,2.053552556520533e-09,2.61263980850637e-08,3.883552615606107e-08,1.5696664383671964e-09,0.0,4.785797868772897e-23,1.2856003018536713e-32,1.5919591892574524e-33
6,lbfgs,1829,4080.959999999999,5963.343999999998,6.85823417768621e-08,6.6826883465489e-08,2.046589421152954e-09,2.6032994808465387e-08,3.874729923587066e-08,1.5629166131670605e-09,0.0,4.7774566042239387e-23,1.2855405323578637e-32,1.591882994079948e-33
6,lbfgs,1839,4080.959999999999,5963.343999999998,6.837768916071401e-08,6.667030423315269e-08,2.0297355780765766e-09,2.597729286081035e-08,3.8663275794265764e-08,1.51484405028208e-09,0.0,4.73799545600592e-23,1.2854871819539534e-32,1.591885863883977e-33
6,lbfgs,1849,4080.959999999999,5963.343999999998,6.823079931545632e-08,6.653535403957253e-08,2.012352333689438e-09,2.5907069734457184e-08,3.861593197142591e-08,1.5029040124475134e-09,0.0,4.7196643925210915e-23,1.2855203661398693e-32,1.591818192723113e-33
6,lbfgs,1859,4080.959999999999,5963.343999999998,6.806377264098382e-08,6.637465519240105e-08,1.9900815406595434e-09,2.5839103146381826e-08,3.854547050535967e-08,1.496575556430562e-09,0.0,4.698264244636801e-23,1.285570153666859e-32,1.591733147644212e-33
6,lbfgs,1869,4080.959999999999,5963.343999999998,6.793224321773773e-08,6.62594028502433e-08,1.9696808127516972e-09,2.5859807524628288e-08,3.84299145128633e-08,1.4802988380501071e-09,0.0,4.6637021921546216e-23,1.2855666236566438e-32,1.59179103542374e-33
6,lbfgs,1879,4080.959999999999,5963.343999999998,6.778172893391712e-08,6.612465487737741e-08,1.9437949325559205e-09,2.5901898832835884e-08,3.827896111198561e-08,1.4645331187536638e-09,0.0,4.618708836205424e-23,1.2855519160998763e-32,1.5918840635524854e-33
6,lbfgs,1889,4080.959999999999,5963.343999999998,6.766149270220165e-08,6.600972484971341e-08,1.9295904572975713e-09,2.586542682326637e-08,3.821470756914947e-08,1.4592265624127162e-09,0.0,4.605076931580167e-23,1.2855787388799236e-32,1.5918445122988145e-33
6,lbfgs,1899,4080.959999999999,5963.343999999998,6.752446070070412e-08,6.587584292801457e-08,1.913710303216619e-09,2.5828647214938272e-08,3.813348540985969e-08,1.456075923333157e-09,0.0,4.5938112983101483e-23,1.2856244261590905e-32,1.5917760263672867e-33
6,lbfgs,1909,4080.959999999999,5963.343999999998,6.741358500382708e-08,6.577669960018652e-08,1.8984218662537044e-09,2.5849544490037574e-08,3.8028733243895236e-08,1.4443439026954915e-09,0.0,4.569780924737216e-23,1.2856173202903476e-32,1.5918320124752797e-33
6,lbfgs,1919,4080.959999999999,5963.343999999998,6.728801888393853e-08,6.566224665855734e-08,1.8794025810311156e-09,2.587430419821242e-08,3.790853987931381e-08,1.4332312641592323e-09,0.0,4.538951486771801e-23,1.2855934029187692e-32,1.591922671570046e-33
6,lbfgs,1929,4080.959999999999,5963.343999999998,6.71848872468747e-08,6.55627033990849e-08,1.8698230349055778e-09,2.5847570778442492e-08,3.784530958573683e-08,1.4296425669659025e-09,0.0,4.5330783215421337e-23,1.285620734301144e-32,1.591883833806373e-33
6,lbfgs,1939,4080.959999999999,5963.343999999998,6.706937408468323e-08,6.544919634475588e-08,1.858524654448179e-09,2.584092036949955e-08,3.774975132080816e-08,1.4276359820676719e-09,0.0,4.528561389775437e-23,1.2856735758857664e-32,1.591810119036741e-33
6,lbfgs,1949,4080.959999999999,5963.343999999998,6.697245342451751e-08,6.536195051656809e-08,1.8470586918297855e-09,2.5848006062841887e-08,3.766688576189642e-08,1.4179614646033675e-09,0.0,4.5118891436821635e-23,1.2856598344281807e-32,1.5918649748160403e-33
6,lbfgs,1959,4080.959999999999,5963.343999999998,6.686625034144474e-08,6.526385023862208e-08,1.8340380455641203e-09,2.5832256155694494e-08,3.759755603736346e-08,1.4098590980774607e-09,0.0,4.4935041344618663e-23,1.2856188581289652e-32,1.5919631996131002e-33
6,lbfgs,1969,4080.959999999999,5963.343999999998,6.677391083766133e-08,6.517372531677532e-08,1.826675135901186e-09,2.5822107646398085e-08,3.7524942534476044e-08,1.4076442485624147e-09,0.0,4.49002167334693e-23,1.2856508699077328e-32,1.5919197661992373e-33
6,lbfgs,1979,4080.959999999999,5963.343999999998,6.667731953160894e-08,6.507884866630913e-08,1.8160337424925714e-09,2.5874119648376754e-08,3.73886952754398e-08,1.4059292627785002e-09,0.0,4.4830356138627427e-23,1.2857220808772658e-32,1.5918243788680752e-33
6,lbfgs,1989,4080.959999999999,5963.343999999998,6.658740318314073e-08,6.499703986591427e-08,1.8076965283119069e-09,2.5853257266957533e-08,3.733608607064483e-08,1.397821965997858e-09,0.0,4.472438267823147e-23,1.2856974384457737e-32,1.5918857735658272e-33
6,lbfgs,1999,4080.959999999999,5963.343999999998,6.650826949605897e-08,6.492167196334362e-08,1.8007384237091913e-09,2.5837532444990644e-08,3.728340109464379e-08,1.3940562351095379e-09,0.0,4.466062938702284e-23,1.2856922550480227e-32,1.591908168981422e-33
6,lbfgs,2009,4080.959999999999,5963.343999999998,6.64116042664216e-08,6.482724244942903e-08,1.794227554907213e-09,2.5781794230420655e-08,3.725122066410116e-08,1.3918205325349915e-09,0.0,4.463504932660154e-23,1.2856688270404153e-32,1.5919573818443884e-33
6,lbfgs,2019,4080.959999999999,5963.343999999998,6.633536895247538e-08,6.475416408032752e-08,1.7867269962428923e-09,2.579676425526298e-08,3.717067282882165e-08,1.3886635797555206e-09,0.0,4.4554951029648395e-23,1.2856879920270615e-32,1.5919411945918546e-33
6,lbfgs,2029,4080.959999999999,5963.343999999998,6.624584143560125e-08,6.467095197802711e-08,1.77470331670508e-09,2.5874968311847797e-08,3.702128034947424e-08,1.382348254968748e-09,0.0,4.438964072403865e-23,1.2857350184633873e-32,1.591889337636278e-33
6,lbfgs,2039,4080.959999999999,5963.343999999998,6.617089290831965e-08,6.459855314092765e-08,1.7699986080049875e-09,2.5836219976855425e-08,3.6992334556067235e-08,1.379798568723593e-09,0.0,4.436691693416888e-23,1.2857209167432556e-32,1.591921640575644e-33
6,lbfgs,2049,4080.959999999999,5963.343999999998,6.610084577394198e-08,6.453033812572499e-08,1.7648839418283072e-09,2.5815940645481022e-08,3.6949513538415656e-08,1.3779664441122461e-09,0.0,4.433132740962295e-23,1.2857177582005387e-32,1.5919362586790296e-33
6,lbfgs,2059,4080.959999999999,5963.343999999998,6.601407745597949e-08,6.444334548690659e-08,1.7605861311763052e-09,2.5755843377329612e-08,3.692691597840067e-08,1.3781906821256826e-09,0.0,4.434170627206121e-23,1.285700036213582e-32,1.5919736298087946e-33
6,lbfgs,2069,4080.959999999999,5963.343999999998,6.594596392878654e-08,6.437827202934983e-08,1.7535924500551511e-09,2.5773288427300406e-08,3.685139115199428e-08,1.3751506656061279e-09,0.0,4.4249297269461005e-23,1.2857138421403448e-32,1.5919627872263224e-33
6,lbfgs,2079,4080.959999999999,5963.343999999998,6.586465592488463e-08,6.430344456909225e-08,1.7421865029720528e-09,2.58495310419637e-08,3.67117270241565e-08,1.3686703079277359e-09,0.0,4.406526391310264e-23,1.2857503276651932e-32,1.5919203139645617e-33
7,adam,0,5963.343999999998,8598.681599999996,0.1088277315236564,0.08162079857565024,0.0002777770889236183,0.058807010816002606,0.022536010670724027,0.027206932858550092,0.0,2.341536242991918e-19,1.960000812943868e-30,2.499999999999994e-31
7,adam,24,5963.343999999998,8598.681599999996,0.025952176609995218,0.012156589395306883,0.00015111160196001962,0.007763302641648325,0.004242175151698539,0.013795587123533104,0.0,1.1634394436717417e-20,2.6597438181659e-31,4.725272463517189e-32
7,adam,49,5963.343999999998,8598.681599999996,0.020816891535170995,0.00742072008335167,1.862087554540798e-05,0.004675039313413272,0.00272705989439299,0.013396171358072001,0.0,4.421881857186641e-21,1.651815271135184e-31,3.024290582671877e-32
7,adam,74,5963.343999999998,8598.681599999996,0.018045987661729157,0.004927906687561646,7.276389285544458e-06,0.0033228961292829,0.0015977341689932016,0.013118080876829865,0.0,5.979625749754465e-22,1.2032033460889128e-31,1.7475657093928402e-32
7,adam,99,5963.343999999998,8598.681599999996,0.016785754939665425,0.003917930243552898,5.8092111857346965e-06,0.0026320559659393336,0.0012800650664278306,0.012867824595145174,0.0,4.589953187012514e-22,9.338167200530824e-32,1.455716073550959e-32
7,adam,124,5963.343999999998,8598.681599999996,0.01607934599084243,0.0034378386065287924,2.313610314056204e-06,0.002333348622690397,0.0011021763735243393,0.01264150728045753,0.0,1.8270983011181584e-22,8.005156461030834e-32,1.2846013670789393e-32
7,adam,149,5963.343999999998,8598.681599999996,0.015616694883424622,0.0031673388920711665,1.1922754196532997e-06,0.002160838921266875,0.0010053076953846385,0.01244935588522996,0.0,1.3389940673758435e-22,7.164667388736355e-32,1.1813406675696336e-32
7,adam,174,5963.343999999998,8598.681599999996,0.015256513914616373,0.002976029442119989,1.5465599308176503e-06,0.0020373718320646395,0.0009371110501245318,0.012280484364444585,0.0,2.0405826657367762e-22,6.590105228831634e-32,1.1047893401648005e-32
7,adam,199,5963.343999999998,8598.681599999996,0.014885309137597372,0.002815472411037261,1.6467238872260502e-06,0.0019418833333119377,0.0008719423538380974,0.012069836616520889,0.0,2.578195611938271e-22,6.132073845384853e-32,1.0545672045638923e-32
7,adam,224,5963.343999999998,8598.681599999996,0.014794357836875603,0.0029992983715934093,9.540243917344288e-07,0.0020599796567806875,0.0009383646904209874,0.01179505935286767,0.0,1.5878687700030477e-22,6.703254251405014e-32,1.1443704338826845e-32
7,adam,249,5963.343999999998,8598.681599999996,0.01414305317845863,0.002635972141572707,6.465952064118457e-07,0.0017775456811835847,0.0008577798651827104,0.011507080921738798,0.0,7.656996678280814e-23,6.26771753136082e-32,1.0795628556706553e-32
7,adam,274,5963.343999999998,8598.681599999996,0.013225264964321611,0.0021139946458968916,1.15747790738279e-06,0.0013642803207768335,0.0007485568472126753,0.011111270200466894,0.0,1.1863223191160487e-22,5.63841470896664e-32,8.563366435856572e-33
7,adam,299,5963.343999999998,8598.681599999996,0.012343719495380634,0.0017972287599796945,3.4943109052414675e-07,0.0011533176368809048,0.0006435616920082655,0.01054649061530119,0.0,5.210787175569277e-23,5.161948442152607e-32,7.765615785596532e-33
7,adam,324,5963.343999999998,8598.681599999996,0.011503772269377252,0.0015579619107126336,4.2152298692008113e-07,0.0010119998060492345,0.0005455405816764791,0.009945810235577264,0.0,9.42149256541507e-23,4.761676622988115e-32,7.027338606081943e-33
7,adam,349,5963.343999999998,8598.681599999996,0.010713335861055726,0.0013665183326104012,4.051890236982518e-07,0.000907735014826782,0.000458378128759921,0.009346817402034666,0.0,1.2449160892425604e-22,4.439065577846502e-32,6.334989477153821e-33
7,adam,374,5963.343999999998,8598.681599999996,0.009979838588359474,0.001211061186266656,3.4419171197757774e-07,0.0008204271794457889,0.0003902898151088896,0.008768777272362784,0.0,1.1330643881602341e-22,4.162696552805886e-32,5.783655992174923e-33
7,adam,399,5963.343999999998,8598.681599999996,0.009299959412005248,0.0010801430356231752,2.8134911242990905e-07,0.0007451066783401322,0.00033475500817061317,0.008219816243430928,0.0,1.062287775261568e-22,3.922242079182524e-32,5.2999758187877086e-33
7,adam,424,5963.343999999998,8598.681599999996,0.008627123498254348,0.0009104121762738865,2.999397450955928e-07,0.0006304338752547826,0.0002796783612740084,0.007716711186037235,0.0,1.2679272701890316e-22,3.406446684488948e-32,4.643295285486389e-33
7,adam,449,5963.343999999998,8598.681599999996,0.008097637980310518,0.0008398115552107181,3.132140030596623e-07,0.0005930487123253135,0.00024644962888234484,0.007257826286391846,0.0,1.2651678828226165e-22,3.2261800231302247e-32,4.428173131046063e-33
7,adam,474,5963.343999999998,8598.681599999996,0.007551562436627896,0.000757277921704171,2.2231309946727166e-07,0.0005338511744692617,0.000223204434135442,0.006794284373664856,0.0,1.1100460782980068e-22,3.0850923570315166e-32,4.081692260814224e-33
7,adam,499,5963.343999999998,8598.681599999996,0.007093386835689664,0.0007070354359010823,1.9976074908521347e-07,0.0004938536846347497,0.00021298199051724738,0.006386351256246083,0.0,9.011145270379131e-23,2.94754463957346e-32,3.8172973250993575e-33
7,adam,524,5963.343999999998,8598.681599999996,0.006631183661363439,0.0006441110190700822,1.8974423040446537e-07,0.00046111835877642366,0.00018280291606325406,0.0059870724965456765,0.0,8.010615442847574e-23,2.833955773347232e-32,3.5969338599871695e-33
7,adam,549,5963.343999999998,8598.681599999996,0.006268877232215484,0.0006380720035556969,2.129509440122661e-07,0.0004440491342650936,0.00019380991834659107,0.005630805081050388,0.0,8.156207781301262e-23,2.749875960752002e-32,3.1503339275958145e-33
7,adam,574,5963.343999999998,8598.681599999996,0.005864441261295787,0.0005785693202209431,1.3691243080686908e-07,0.00041848036918222054,0.00015995203860791568,0.0052858717917942865,0.0,6.392817545805486e-23,2.606913029936555e-32,3.342346112290415e-33
7,adam,599,5963.343999999998,8598.681599999996,0.005489350568065872,0.0005281973055309869,1.2635252962779105e-07,0.000375595619683946,0.0001524753333174131,0.004961153111380799,0.0,5.605068897560326e-23,2.532571500417154e-32,3.193447306830546e-33
7,adam,624,5963.343999999998,8598.681599999996,0.005159264002294008,0.0005041248592332569,1.342664925673559e-07,0.0003617470949754296,0.00014224349776526,0.00465513898983891,0.0,5.898333136736035e-23,2.563492298788371e-32,3.163116738388058e-33
7,adam,649,5963.343999999998,8598.681599999996,0.017034802880432163,0.005700566581738236,1.3032876625970856e-07,0.002444046886327558,0.0032563893666444185,0.011334236142419072,0.0,5.2099907223689944e-23,9.033464446814923e-32,1.4249018025035678e-32
7,adam,674,5963.343999999998,8598.681599999996,0.01933890350877101,0.005808968861504659,6.834760252339068e-08,0.0021319675213114396,0.0036769329925906953,0.013529934485494255,0.0,1.332497506175207e-23,6.831573775178499e-32,1.228314105862043e-32
7,adam,699,5963.343999999998,8598.681599999996,0.017808284219965068,0.00504730309134329,3.490015767015878e-08,0.0022208968566230646,0.0028263713345625554,0.012760980965981035,0.0,4.5037202086669974e-24,5.573728574115473e-32,9.833301448963224e-33
7,adam,724,5963.343999999998,8598.681599999996,0.016597611074900764,0.004434776422667187,5.7793260334245385e-08,0.0022001072948129295,0.002234611334593924,0.0121628344893863,0.0,6.633928205324364e-24,5.127459343034997e-32,8.907200861140544e-33
7,adam,749,5963.343999999998,8598.681599999996,0.015641047748819577,0.003915149693137772,8.543727312997588e-08,0.0020914714794999516,0.00182359277636469,0.011725897892701481,0.0,9.89991090280661e-24,4.9034250487223094e-32,8.494303939551545e-33
7,adam,774,5963.343999999998,8598.681599999996,0.01480663894083836,0.003434342336905021,1.0305273461919904e-07,0.0018915927035744655,0.0015426465805959365,0.011372296440819482,0.0,8.418859700378664e-24,4.7780346873092927e-32,8.315248763802067e-33
7,adam,799,5963.343999999998,8598.681599999996,0.014012423332736584,0.0029503996411756887,9.14657663215437e-08,0.0015983891089433966,0.0013519190664659706,0.01106202352825989,0.0,5.4626686305407076e-24,4.691513053039688e-32,8.154697292772474e-33
7,adam,824,5963.343999999998,8598.681599999996,0.013081258378569278,0.0023155682151144463,6.752270886554439e-08,0.0011788364448816833,0.0011366642475238973,0.010765689999883319,0.0,3.507452303362636e-24,4.1780567922690227e-32,7.116512868991401e-33
7,adam,849,5963.343999999998,8598.681599999996,0.012339469414976817,0.0019253032611715618,6.960984779623789e-08,0.0009003042791697403,0.0010249293721540252,0.010414165989849558,0.0,4.746728940154539e-24,3.953903106644747e-32,6.528208390046751e-33
7,adam,874,5963.343999999998,8598.681599999996,0.011662673884347495,0.0016591360617831262,7.929190050579932e-08,0.000751978791662398,0.0009070779782202225,0.010003537658161586,0.0,6.1498641259824035e-24,3.6078350830809515e-32,6.363506567542513e-33
7,adam,899,5963.343999999998,8598.681599999996,0.011088071286683588,0.0014661681778104056,9.205038080035649e-08,0.000640485712166297,0.0008255904152633083,0.009621902944034434,0.0,8.23023573230636e-24,3.3207799154307943e-32,6.284005409382831e-33
7,adam,924,5963.343999999998,8598.681599999996,0.010614069673393312,0.0013407131294446656,9.726264626142413e-08,0.0005805129975208957,0.0007601028692775085,0.00927335637869074,0.0,9.638941530822442e-24,3.108877848035448e-32,6.339516381832407e-33
7,adam,949,5963.343999999998,8598.681599999996,0.010206273065001919,0.0012475827043730474,9.023421866498363e-08,0.000540623752317266,0.0007068687178371163,0.008958690194970911,0.0,9.582837403479925e-24,2.9530266540088724e-32,6.451624993309392e-33
7,adam,974,5963.343999999998,8598.681599999996,0.009828249739243304,0.0011582935420989182,7.79430985526355e-08,0.0004986727207101904,0.000659542878290175,0.00866995603109998,0.0,8.419303029886108e-24,2.826599199667051e-32,6.491812008886608e-33
7,adam,999,5963.343999999998,8598.681599999996,0.009463284233528275,0.0010677075793044481,6.593850466843697e-08,0.00045423796738269036,0.0006134036734170893,0.008395576487790503,0.0,6.733071674059185e-24,2.717491954773749e-32,6.426508385320203e-33
7,adam,1024,5963.343999999998,8598.681599999996,0.009108646544962512,0.0009793263621875254,6.029716954592325e-08,0.00040877493892831887,0.0005704911260896606,0.008129320015946672,0.0,4.8803181223581105e-24,2.548075147507181e-32,6.250554304991547e-33
7,adam,1049,5963.343999999998,8598.681599999996,0.008765098997018477,0.0009031702978757462,5.325879319775452e-08,0.0003720287632139074,0.0005310882758686411,0.007861928531903649,0.0,4.320724041737898e-24,2.472310513097898e-32,6.114442250465241e-33
7,adam,1074,5963.343999999998,8598.681599999996,0.0084240597946654,0.0008395627189419464,5.053269021845621e-08,0.0003408486829885114,0.0004986635032632166,0.007584496908059182,0.0,5.572669253921646e-24,2.40292165403808e-32,5.985135827531477e-33
7,adam,1099,5963.343999999998,8598.681599999996,0.008072620434601671,0.0007878002432587107,5.27660497920263e-08,0.0003152795104680013,0.0004724679667409173,0.007284820023248764,0.0,9.915133415467896e-24,2.3344822786011808e-32,5.8797468409431276e-33
7,adam,1124,5963.343999999998,8598.681599999996,0.007662347416307594,0.00074459609078057,6.028725933480247e-08,0.0002939808155827614,0.0004505549879384738,0.006917751157005998,0.0,1.833856326290829e-23,2.260821736255205e-32,5.792922765535354e-33
7,adam,1149,5963.343999999998,8598.681599999996,0.006897603029956662,0.0006960496882002449,8.382661224357439e-08,0.00026995844599998384,0.00042600741558801745,0.006201553172789442,0.0,3.9374212183458703e-23,2.148776815402402e-32,5.7084339032891e-33
7,adam,1174,5963.343999999998,8598.681599999996,0.004821533377588938,0.000577867297495741,3.678603240769563e-08,0.0002250723916066934,0.00035275811985663986,0.004243665910467225,0.0,1.1334655978170493e-23,1.885681729738047e-32,5.366386794749677e-33
7,adam,1199,5963.343999999998,8598.681599999996,0.004049149768299897,0.00048714992256188337,4.8023044803727653e-08,0.00021126906495654515,0.0002758328345605345,0.0035619996752818497,0.0,2.3307787078992508e-23,1.699990526778401e-32,4.722097120440628e-33
7,adam,1224,5963.343999999998,8598.681599999996,0.0038617243508539336,0.0004643825056481732,4.838999046547707e-08,0.000222548555414298,0.0002417855602434097,0.0033973416742972625,0.0,2.5288830215572947e-23,1.9092743234715438e-32,4.4135745737336066e-33
7,adam,1249,5963.343999999998,8598.681599999996,0.0036877033437723024,0.00043638492321812684,4.207022313267191e-08,0.00021371604270744202,0.00022262681028755214,0.0032513182492576644,0.0,2.090272067359892e-23,1.8763164558665144e-32,4.1403360453812264e-33
7,adam,1274,5963.343999999998,8598.681599999996,0.003532190107677453,0.0004158116507280694,3.7572720931120785e-08,0.00020342765288941539,0.0002123464251177229,0.0031163782852598,0.0,1.770412639829384e-23,1.836557894493197e-32,3.977990754686441e-33
7,adam,1299,5963.343999999998,8598.681599999996,0.0033895615029129345,0.0003990117112479865,3.383179462145139e-08,0.00019386842908350428,0.0002051094503698608,0.002990549619574482,0.0,1.5387700627092873e-23,1.7977368369919947e-32,3.8629782649953044e-33
7,adam,1324,5963.343999999998,8598.681599999996,0.0032564845003093274,0.0003843829106512342,3.040798026475868e-08,0.00018531278297588194,0.00019903971969508752,0.00287210141716222,0.0,1.342305245946128e-23,1.762138474648421e-32,3.770931126256691e-33
7,adam,1349,5963.343999999998,8598.681599999996,0.003130834044860034,0.0003712449431904453,2.7148165012904586e-08,0.00017762475444222913,0.0001935930405832033,0.002759588928765875,0.0,1.1627091437229205e-23,1.7297516181921278e-32,3.6923259963392354e-33
7,adam,1374,5963.343999999998,8598.681599999996,0.0030112301622602575,0.0003592732151772893,2.4107132978985233e-08,0.00017064034497712765,0.0001886087630671827,0.00265195677376995,0.0,9.970425375423438e-24,1.6999570836419422e-32,3.6234042472843046e-33
7,adam,1399,5963.343999999998,8598.681599999996,0.002896750690841118,0.0003482717928516846,2.1348991105173608e-08,0.00016424463199635778,0.00018400581186422163,0.002548478724266021,0.0,8.481077562247498e-24,1.672247785097722e-32,3.561953003501603e-33
7,lbfgs,1400,5963.343999999998,8598.681599999996,0.0028866275743258756,0.0003422090403256478,2.3936418341323924e-08,0.00015928560840781963,0.00018289949549948688,0.0025444183602603794,0.0,1.0351392469465916e-23,1.606695960115706e-32,3.476208396173965e-33
7,lbfgs,1409,5963.343999999998,8598.681599999996,0.0009680895664468869,0.0003260498976777091,5.182605324733641e-08,0.00010993420961947634,0.0002160638620049854,0.0006420394910907584,0.0,1.9970904398707363e-23,1.412232804546808e-32,2.6244407264334422e-33
7,lbfgs,1419,5963.343999999998,8598.681599999996,0.0003243161017580111,0.0003056766897075875,7.570634246589526e-07,0.00025125359980339266,5.3666026479535847e-05,1.8639229820425242e-05,0.0,1.8482527076363379e-22,1.4429129362995509e-32,1.5557999553125336e-33
7,lbfgs,1429,5963.343999999998,8598.681599999996,0.0001762049284356092,0.00017386067332623246,6.704700845429836e-08,6.976009492598486e-05,0.0001040335313917933,2.344070661402006e-06,0.0,3.15603401865208e-23,1.158985432939863e-32,2.14895716513853e-33
7,lbfgs,1439,5963.343999999998,8598.681599999996,0.00014231537550686669,0.0001388266780443477,4.5374776789406373e-08,6.160940196221205e-05,7.717190130534624e-05,3.4885092167782536e-06,0.0,6.4977402302096066e-24,1.2856943257135212e-32,2.22565658313789e-33
7,lbfgs,1449,5963.343999999998,8598.681599999996,8.992924478217997e-05,8.67875431354017e-05,5.260528428772525e-07,3.0926321086484036e-05,5.533516920604041e-05,3.1415107486044024e-06,0.0,2.60625620541239e-22,1.1786547257088723e-32,1.9477849878336755e-33
7,lbfgs,1459,5963.343999999998,8598.681599999996,5.967952560499974e-05,5.899289448584704e-05,3.9168770692843226e-07,1.529108929846798e-05,4.3310117480450624e-05,6.864362478810017e-07,0.0,2.3727728423200094e-22,1.1792478551647095e-32,1.851017429228117e-33
7,lbfgs,1469,5963.343999999998,8598.681599999996,4.036655726919491e-05,4.00603401441232e-05,3.3727315169049787e-07,1.765542272393242e-05,2.206764426850028e-05,3.060254804126788e-07,0.0,1.1323489417668736e-22,1.1480015325132101e-32,1.649941116467413e-33
7,lbfgs,1479,5963.343999999998,8598.681599999996,2.375329711714179e-05,2.3344702445730413e-05,3.580292873067636e-07,1.132802735351863e-05,1.1658645804905022e-05,4.084049931824986e-07,0.0,1.0241862141458764e-22,1.0325178483876598e-32,1.4698782299464487e-33
7,lbfgs,1489,5963.343999999998,8598.681599999996,1.4997606159312337e-05,1.4350833810656748e-05,9.864763445861215e-08,5.387708656814319e-06,8.864477519383817e-06,6.465802017281507e-07,0.0,2.382503578449939e-23,1.0313574429449042e-32,1.409298735840338e-33
7,lbfgs,1499,5963.343999999998,8598.681599999996,1.1573198643645796e-05,1.1083799230819456e-05,1.0218457615809598e-07,5.6697522195766235e-06,5.3118624350847365e-06,4.89207387240977e-07,0.0,5.504587941672507e-23,1.0271650432208841e-32,1.3769151406077048e-33
7,lbfgs,1509,5963.343999999998,8598.681599999996,1.0546161685845773e-05,1.0118375756250419e-05,3.0083795058354833e-07,4.223574335023021e-06,5.593963470643849e-06,4.275926425706535e-07,0.0,1.9370945892126582e-22,1.0316694032005557e-32,1.37703438874929e-33
7,lbfgs,1519,5963.343999999998,8598.681599999996,7.040540703763918e-06,6.729775129638424e-06,2.3030612914137228e-07,3.857184707797063e-06,2.642284292699989e-06,3.105725434709012e-07,0.0,6.996225239759398e-23,1.0366875801473452e-32,1.3546185339866934e-33
7,lbfgs,1529,5963.343999999998,8598.681599999996,4.1264065859948085e-06,4.036313213811566e-06,4.050079588231616e-07,1.9333071510956452e-06,1.6979981038927597e-06,8.989766949919489e-08,0.0,2.2949544402629165e-22,1.0607324892178064e-32,1.3623975959596696e-33
7,lbfgs,1539,5963.343999999998,8598.681599999996,3.075308737268227e-06,2.9880911771864437e-06,1.2891478864588524e-07,1.0480975645746047e-06,1.8110788239659537e-06,8.701919343617175e-08,0.0,5.1620787952830165e-23,1.0817928177176116e-32,1.3501003900710235e-33
7,lbfgs,1549,5963.343999999998,8598.681599999996,2.4619779362412666e-06,2.405340374214621e-06,7.518404611937622e-08,1.1343900166709662e-06,1.1957663114242783e-06,5.644004319850317e-08,0.0,2.2745279340934386e-23,1.0766397351655258e-32,1.365638548292408e-33
7,lbfgs,1559,5963.343999999998,8598.681599999996,2.0353046198825267e-06,2.0208267750906237e-06,5.595872187536383e-08,8.373599362945667e-07,1.127508116920693e-06,1.4279554912986681e-08,0.0,2.811085840539715e-23,1.0836781721583867e-32,1.3746199439636341e-33
7,lbfgs,1569,5963.343999999998,8598.681599999996,1.715204366590531e-06,1.6640566497471047e-06,7.137029678199433e-08,9.064863485339018e-07,6.862000044312086e-07,5.094875750521884e-08,0.0,2.4810884160713578e-23,1.0818040847192012e-32,1.365899568278763e-33
7,lbfgs,1579,5963.343999999998,8598.681599999996,1.166726805971131e-06,1.0548647829850078e-06,9.098798209065376e-08,4.711282436873706e-07,4.927485572069834e-07,1.1166107192219819e-07,0.0,3.217068363083788e-23,1.0961800659032381e-32,1.3627126152042804e-33
7,lbfgs,1589,5963.343999999998,8598.681599999996,7.930759931949898e-07,6.692894930148828e-07,1.5834496368457698e-08,3.837113968625449e-07,2.6974359978388014e-07,1.2358567239263713e-07,0.0,6.572944524130165e-24,1.1013205752810691e-32,1.3347087476944713e-33
7,lbfgs,1599,5963.343999999998,8598.681599999996,4.857921355901473e-07,4.462710707894892e-07,1.2426551747427382e-08,2.704656182798598e-07,1.6337890076220202e-07,3.9321216109742424e-08,0.0,4.6882485650027155e-24,1.0871087248841413e-32,1.3464966600133644e-33
7,lbfgs,1609,5963.343999999998,8598.681599999996,4.009906345177521e-07,3.9567073527190013e-07,9.631984165219644e-09,2.4208796996047973e-07,1.4395078114620073e-07,5.119686952521048e-09,0.0,3.69019926350788e-24,1.094214989173635e-32,1.3472759032649718e-33
7,lbfgs,1619,5963.343999999998,8598.681599999996,2.4412015844573095e-07,2.4025146360299403e-07,1.4860000255733557e-08,1.1624596366003922e-07,1.0914549968722126e-07,3.6688489661019047e-09,0.0,7.11854321494316e-24,1.0918919816069856e-32,1.3484015696533744e-33
7,lbfgs,1629,5963.343999999998,8598.681599999996,2.2205783012475152e-07,2.1763995419435163e-07,1.413188013255686e-08,9.366694261530133e-08,1.0984113144649346e-07,4.217907030399959e-09,0.0,6.480934343845138e-24,1.0928584680636218e-32,1.3485113642775692e-33
7,lbfgs,1639,5963.343999999998,8598.681599999996,2.003637938134423e-07,1.926250657462514e-07,7.935735437119562e-09,8.89666737893204e-08,9.572265651981144e-08,7.538816838331095e-09,0.0,2.9175869278878838e-24,1.0909058854258658e-32,1.347444018771358e-33
7,lbfgs,1649,5963.343999999998,8598.681599999996,1.6653100252296823e-07,1.575342141834714e-07,7.90867755355338e-09,8.18777107057905e-08,6.774782592412752e-08,8.79662744155554e-09,0.0,2.489655974112402e-24,1.093338319354934e-32,1.3439765592393447e-33
7,lbfgs,1659,5963.343999999998,8598.681599999996,1.4745555166655903e-07,1.442387171729679e-07,1.0689730656745927e-08,7.751880584937314e-08,5.603018066684883e-08,3.016591895145421e-09,0.0,4.8336092744015945e-24,1.0915655674247212e-32,1.3433978465624633e-33
7,lbfgs,1669,5963.343999999998,8598.681599999996,1.3025623618067457e-07,1.2573136970902967e-07,8.73261879338277e-09,6.773436747642849e-08,4.926438343921841e-08,4.324490996567996e-09,0.0,3.962225963497802e-24,1.0904085599511451e-32,1.3410339993393543e-33
7,lbfgs,1679,5963.343999999998,8598.681599999996,9.963682648615048e-08,9.384221909190358e-08,6.279611506570499e-09,5.37270099861933e-08,3.3835597599139775e-08,5.593865896472106e-09,0.0,2.678141262101099e-24,1.0938201290414947e-32,1.3408364057257406e-33
7,lbfgs,1689,5963.343999999998,8598.681599999996,8.85213522206541e-08,8.508765551699276e-08,5.309821788581016e-09,4.8095528415005226e-08,3.168230531340652e-08,3.2328178800954133e-09,0.0,1.883580599296105e-24,1.0930594639581347e-32,1.3396611022887506e-33
7,lbfgs,1699,5963.343999999998,8598.681599999996,8.401944261371496e-08,8.160950083025234e-08,4.843467614439901e-09,4.680412187336491e-08,2.996191134244753e-08,2.208815188475792e-09,0.0,1.7566240927464566e-24,1.093152464456379e-32,1.3396763285779799e-33
7,lbfgs,1709,5963.343999999998,8598.681599999996,7.838308526951776e-08,7.589218382129067e-08,4.683915180191311e-09,4.254738464286284e-08,2.8660883998236514e-08,2.2896960959165465e-09,0.0,1.6925531344135207e-24,1.0928857765754024e-32,1.3384333938810807e-33
7,lbfgs,1719,5963.343999999998,8598.681599999996,7.0380194527182e-08,6.75265665266952e-08,4.1540694938040675e-09,3.991143990139145e-08,2.3461057131499687e-08,2.652211551996806e-09,0.0,1.3853571139093738e-24,1.09302840716905e-32,1.3389688555689882e-33
7,lbfgs,1729,5963.343999999998,8598.681599999996,6.734197210379877e-08,6.53736661056173e-08,3.848504137723737e-09,3.980202667912978e-08,2.1723135288763787e-08,1.76675235130172e-09,0.0,1.308328963965838e-24,1.0931640616601904e-32,1.3382403535829515e-33
7,lbfgs,1739,5963.343999999998,8598.681599999996,6.681806401842023e-08,6.452912257042867e-08,3.811856832294926e-09,3.923613531715623e-08,2.148113042097752e-08,2.0873565188450742e-09,0.0,1.2673392752530791e-24,1.0932752694817225e-32,1.338115644714097e-33
7,lbfgs,1749,5963.343999999998,8598.681599999996,6.619592479967432e-08,6.398008760862267e-08,3.7254358141291475e-09,3.859877878483997e-08,2.1655873009653547e-08,2.0142192983660704e-09,0.0,1.300623525177855e-24,1.093331544000489e-32,1.3373946428909113e-33
7,lbfgs,1759,5963.343999999998,8598.681599999996,6.424029317239208e-08,6.295875709812887e-08,3.555008322570245e-09,3.795257057222301e-08,2.145117820333561e-08,1.0798005501442002e-09,0.0,1.2667425056829426e-24,1.0939969566148401e-32,1.338228628950323e-33
7,lbfgs,1769,5963.343999999998,8598.681599999996,6.350911456868498e-08,6.214433310850386e-08,3.476623678752773e-09,3.734879233565368e-08,2.1318917094097403e-08,1.1630400197800252e-09,0.0,1.2621324698538187e-24,1.0940130451263018e-32,1.3399734504876946e-33
7,lbfgs,1779,5963.343999999998,8598.681599999996,6.335026330371459e-08,6.201728359956612e-08,3.444557302304359e-09,3.7254010266860636e-08,2.1318716030401114e-08,1.1312338580135335e-09,0.0,1.242285302402151e-24,1.094066076348225e-32,1.339985057427595e-33
7,lbfgs,1789,5963.343999999998,8598.681599999996,6.31440846904149e-08,6.191728244219615e-08,3.404045661060073e-09,3.7208103644783616e-08,2.1305133136352453e-08,1.0250494144624592e-09,0.0,1.2184627058147059e-24,1.0941662902120618e-32,1.3398866890272233e-33
7,lbfgs,1799,5963.343999999998,8598.681599999996,6.299503352792478e-08,6.175522531070036e-08,3.386778160697079e-09,3.7061413643954495e-08,2.1307033506048787e-08,1.0380541066180107e-09,0.0,1.2070073646062941e-24,1.0941731814135644e-32,1.3399517839649266e-33
7,lbfgs,1809,5963.343999999998,8598.681599999996,6.282119454710906e-08,6.154871930380652e-08,3.370489351141017e-09,3.685652595566645e-08,2.1321703996999047e-08,1.0707196607035015e-09,0.0,1.1956753919038907e-24,1.0941590232221136e-32,1.3400524057359145e-33
7,lbfgs,1819,5963.343999999998,8598.681599999996,6.268077669416596e-08,6.144969170937441e-08,3.3565730599576013e-09,3.677850366867617e-08,2.131461498074064e-08,1.0293247100510249e-09,0.0,1.189975933711211e-24,1.0941857486598032e-32,1.3399900814378981e-33
7,lbfgs,1829,5963.343999999998,8598.681599999996,6.251562056780844e-08,6.134139718264535e-08,3.3383725969495857e-09,3.6697193206951735e-08,2.130583137874403e-08,9.72456646204612e-10,0.0,1.1827071889276984e-24,1.0942267377304849e-32,1.3398951367963184e-33
7,lbfgs,1839,5963.343999999998,8598.681599999996,6.238078071659349e-08,6.118793927940567e-08,3.326716404849918e-09,3.6545335358681255e-08,2.1315887515874495e-08,9.9107312092766e-10,0.0,1.1755597526008951e-24,1.0942106166025061e-32,1.3399604776768878e-33
7,lbfgs,1849,5963.343999999998,8598.681599999996,6.22236767769683e-08,6.099825616977603e-08,3.3156488324857106e-09,3.6345106194321157e-08,2.1337501142969168e-08,1.0236506487906972e-09,0.0,1.1673296454523042e-24,1.0941779939572092e-32,1.3400596096345502e-33
7,lbfgs,1859,5963.343999999998,8598.681599999996,6.2093744638445e-08,6.090488547654634e-08,3.3021682439563453e-09,3.627204462592671e-08,2.1330672606663286e-08,9.870847208152407e-10,0.0,1.1622401886876872e-24,1.0942044038414287e-32,1.3399997404018687e-33
7,lbfgs,1869,5963.343999999998,8598.681599999996,6.194482074218116e-08,6.080537226851652e-08,3.2847710003554444e-09,3.6196777807659476e-08,2.13238234605016e-08,9.376679860179938e-10,0.0,1.1551781433216059e-24,1.0942518695574866e-32,1.3399095833469725e-33
7,lbfgs,1879,5963.343999999998,8598.681599999996,6.181910231461745e-08,6.066331295823872e-08,3.2738255543202778e-09,3.6054503201976526e-08,2.1334984201941926e-08,9.540073341904637e-10,0.0,1.1488111212277375e-24,1.0942308382061897e-32,1.3399722183078054e-33
7,lbfgs,1889,5963.343999999998,8598.681599999996,6.16791766574475e-08,6.049436716103283e-08,3.2682556866216927e-09,3.5870375188034194e-08,2.1355736286376937e-08,9.830255318698565e-10,0.0,1.1423610120956251e-24,1.0941869193098205e-32,1.3400655274462564e-33
7,lbfgs,1899,5963.343999999998,8598.681599999996,6.15563696251442e-08,6.040534734835829e-08,3.252082636803135e-09,3.5802532804639434e-08,2.1350731906915716e-08,9.492340683633057e-10,0.0,1.1367964356727723e-24,1.0942185744933772e-32,1.3400082968263084e-33
7,lbfgs,1909,5963.343999999998,8598.681599999996,6.142725502597713e-08,6.031796067180027e-08,3.23663015909692e-09,3.572949985773683e-08,2.1351830654966516e-08,9.07501142422763e-10,0.0,1.1291622909846604e-24,1.0942794081023474e-32,1.3399245300203935e-33
7,lbfgs,1919,5963.343999999998,8598.681599999996,6.130520400933867e-08,6.018295872104823e-08,3.224118236834468e-09,3.5597680256315184e-08,2.1361160227898572e-08,9.204503709999046e-10,0.0,1.1235579083136424e-24,1.0942511599265732e-32,1.3399844598854744e-33
7,lbfgs,1929,5963.343999999998,8598.681599999996,6.119775936509005e-08,6.007815787691915e-08,3.214303725493776e-09,3.549639331385519e-08,2.1367460837570176e-08,9.178038822016743e-10,0.0,1.1185590839106407e-24,1.0942453908780975e-32,1.3399990454780237e-33
7,lbfgs,1939,5963.343999999998,8598.681599999996,6.106548493110798e-08,5.994879042033537e-08,3.2062939763148856e-09,3.5369757045353086e-08,2.1372739398667407e-08,9.148926402895654e-10,0.0,1.1131435754531314e-24,1.0942301755418639e-32,1.3400157843988894e-33
7,lbfgs,1949,5963.343999999998,8598.681599999996,6.096123278800138e-08,5.985664810622876e-08,3.1927554899790306e-09,3.528480668495555e-08,2.137908593129418e-08,9.027801465906273e-10,0.0,1.1073958686473829e-24,1.0942446241210964e-32,1.3400060081032455e-33
7,lbfgs,1959,5963.343999999998,8598.681599999996,6.083756392939099e-08,5.974551391563412e-08,3.1789183993197096e-09,3.5170890713077204e-08,2.1395704803237208e-08,8.902434021493974e-10,0.0,1.0997161938857862e-24,1.094273122747587e-32,1.3399971224706767e-33
7,lbfgs,1969,5963.343999999998,8598.681599999996,6.073494223704427e-08,5.964630927326274e-08,3.168093701094776e-09,3.5079025922774485e-08,2.1399189649393488e-08,8.868232081452571e-10,0.0,1.0952192547582295e-24,1.0942632709602575e-32,1.3400106011358668e-33
7,lbfgs,1979,5963.343999999998,8598.681599999996,6.062272972596422e-08,5.953551741942762e-08,3.168332809478858e-09,3.497385746352746e-08,2.1393327146421298e-08,8.853962887283196e-10,0.0,1.09160577623447e-24,1.0942378267901142e-32,1.3400221948593989e-33
7,lbfgs,1989,5963.343999999998,8598.681599999996,6.051871751016487e-08,5.944447992648933e-08,3.1489592125791465e-09,3.489038148010862e-08,2.1405139233801568e-08,8.724198702526948e-10,0.0,1.0850329987365969e-24,1.094257414131103e-32,1.3400132496271087e-33
7,lbfgs,1999,5963.343999999998,8598.681599999996,6.042566823129565e-08,5.935862967276559e-08,3.137493950670136e-09,3.480586482255094e-08,2.1415270899544523e-08,8.652188037474388e-10,0.0,1.0798367659412563e-24,1.094265807586949e-32,1.3400144342447235e-33
7,lbfgs,2009,5963.343999999998,8598.681599999996,6.031272298270767e-08,5.9252269650500634e-08,3.1258222189480176e-09,3.4688220676633056e-08,2.1438226754919563e-08,8.586325715121481e-10,0.0,1.073304172990906e-24,1.094282120125654e-32,1.3400228810465682e-33
7,lbfgs,2019,5963.343999999998,8598.681599999996,6.022162198044951e-08,5.916720239264211e-08,3.115598422505626e-09,3.461172335190638e-08,2.1439880618230105e-08,8.525952892512514e-10,0.0,1.0689541362189571e-24,1.0942787988636018e-32,1.3400252272969774e-33
7,lbfgs,2029,5963.343999999998,8598.681599999996,6.011780353787156e-08,5.9069849946295276e-08,3.110884899595907e-09,3.452982001553192e-08,2.142914503116745e-08,8.461222493763254e-10,0.0,1.0642964168187184e-24,1.0942672554042605e-32,1.3400188732157861e-33
7,lbfgs,2039,5963.343999999998,8598.681599999996,6.002646037235497e-08,5.8986657674328876e-08,3.095893445766542e-09,3.4445811555244806e-08,2.144495267331753e-08,8.379703418692561e-10,0.0,1.0587621671793897e-24,1.094278878496559e-32,1.3400211492684918e-33
7,lbfgs,2049,5963.343999999998,8598.681599999996,5.994287139703762e-08,5.890885133705645e-08,3.0859744434241416e-09,3.4366195430512844e-08,2.1456681463119465e-08,8.321859305530928e-10,0.0,1.0541556193289038e-24,1.094284761596426e-32,1.3400249190273282e-33
7,lbfgs,2059,5963.343999999998,8598.681599999996,5.984023064227542e-08,5.881157160553712e-08,3.076039261104987e-09,3.425350895908731e-08,2.1482023385344816e-08,8.268242745172874e-10,0.0,1.048712266863105e-24,1.0942955909758826e-32,1.3400374061644085e-33
7,lbfgs,2069,5963.343999999998,8598.681599999996,5.975869397164401e-08,5.873588001190083e-08,3.066276137735344e-09,3.418604703038848e-08,2.148355684377701e-08,8.209756454030071e-10,0.0,1.044397426453244e-24,1.0942949421201174e-32,1.3400368440843752e-33
7,lbfgs,2079,5963.343999999998,8598.681599999996,5.966348456111511e-08,5.8647423608230664e-08,3.0585846428172576e-09,3.4116672153909455e-08,2.1472166811503957e-08,8.142155705481537e-10,0.0,1.0389728558721498e-24,1.094289782764127e-32,1.3400259421008959e-33
7,lbfgs,2089,5963.343999999998,8598.681599999996,5.95823782385541e-08,5.8572924459079834e-08,3.0466033508865486e-09,3.403695016232156e-08,2.148937094587172e-08,8.076076333477557e-10,0.0,1.034337520176922e-24,1.0942977569782638e-32,1.3400311609178174e-33
8,adam,0,8598.681599999996,11598.681599999996,0.10882768944201583,0.08162076701283319,0.0002777681687664465,0.05880698817334272,0.022536010670724027,0.027206922337611062,0.0,1.2033099672935606e-21,1.9600000582782033e-30,2.499999999999994e-31
8,adam,24,8598.681599999996,11598.681599999996,0.026745533713440565,0.012959740461073229,0.00018576754231081836,0.00796277516363653,0.004811197755125881,0.01378579315896755,0.0,5.172603446315201e-23,2.7209948996162468e-31,5.358776763413898e-32
8,adam,49,8598.681599999996,11598.681599999996,0.02060065977822886,0.007267438472669281,3.549990688000703e-05,0.00468891523591215,0.002543023329877123,0.013333221209072509,0.0,4.7938386907117354e-23,1.6527011476545855e-31,2.816314785036007e-32
8,adam,74,8598.681599999996,11598.681599999996,0.017917249185569445,0.004827536331290963,2.0340660931244036e-06,0.0032807407510299317,0.0015447615141679068,0.013089712753616742,0.0,1.1170971368811441e-24,1.1794333006829548e-31,1.7026235615171776e-32
8,adam,99,8598.681599999996,11598.681599999996,0.01677166111765815,0.003918457782748644,2.01390497512791e-06,0.0026645702786168837,0.0012518735991566324,0.012853203230645807,0.0,3.9269154362195186e-25,9.358555256895794e-32,1.4286505173038058e-32
8,adam,124,8598.681599999996,11598.681599999996,0.016123458458346496,0.003460141047716873,8.470975549793423e-07,0.0023674247548701862,0.0010918691952917072,0.012663317303871774,0.0,2.4223280726296094e-25,8.07868843778471e-32,1.268524191721264e-32
8,adam,149,8598.681599999996,11598.681599999996,0.015712726409135916,0.0032062238756789627,5.872742766359166e-07,0.0021990792308521786,0.001006557370550148,0.01250650242495411,0.0,1.3391747857663457e-25,7.255964496410106e-32,1.1735035720552376e-32
8,adam,174,8598.681599999996,11598.681599999996,0.015427929322626576,0.00305660607515591,4.5743228579820543e-07,0.0021037468795915937,0.0009524017632785182,0.012371323137662043,0.0,1.0445061470751506e-25,6.682375451668504e-32,1.1136910782846317e-32
8,adam,199,8598.681599999996,11598.681599999996,0.015207363920492878,0.00295820701684855,3.6467432437085406e-07,0.0020449517275229314,0.0009128906150012479,0.012249156792767689,0.0,8.836663815299794e-26,6.248984955548501e-32,1.0705067070904211e-32
8,adam,224,8598.681599999996,11598.681599999996,0.015125580873364006,0.0030090306668078123,2.3462012613328508e-07,0.0020948216714159304,0.0009139743752657489,0.012116550094725974,0.0,7.503920376661606e-26,6.197099333915595e-32,1.0679069313394646e-32
8,adam,249,8598.681599999996,11598.681599999996,0.014928977729305013,0.0029344829044103808,1.8835671574433547e-07,0.0020522337380022124,0.0008820608096924237,0.01199449471215843,0.0,8.203012000013925e-26,5.856784051270638e-32,1.0350218099055417e-32
8,adam,274,8598.681599999996,11598.681599999996,0.014742644078250834,0.0028618584883707927,2.907471976863913e-07,0.0020072157398914386,0.0008543520012816674,0.01188078547624206,0.0,1.3191419443706083e-25,5.574080320568869e-32,1.0073410419059182e-32
8,adam,299,8598.681599999996,11598.681599999996,0.014539848276138903,0.0027716011426352164,8.075474805233183e-07,0.0019424512330738785,0.0008283423620808147,0.011768247018836933,0.0,3.4014414631949574e-25,5.336306527054781e-32,9.859926988820835e-33
8,adam,324,8598.681599999996,11598.681599999996,0.014265011429972784,0.002617735985367818,7.203215721453735e-07,0.0018181018223560926,0.00079891384143958,0.011647275328499638,0.0,3.5001521880878874e-25,5.129458443635003e-32,9.682080241849749e-33
8,adam,349,8598.681599999996,11598.681599999996,0.013738675960590975,0.0022637412895460804,1.0019352974359718e-06,0.0015094754395089374,0.0007532639147397069,0.011474934552493618,0.0,3.0342293435544412e-25,4.9072736831771084e-32,9.412027364907866e-33
8,adam,374,8598.681599999996,11598.681599999996,0.012765655760375933,0.0016450475577720176,2.4825693146649908e-06,0.0009844033405840018,0.000658161647873351,0.011120608080202115,0.0,1.1766558190870153e-24,4.3500674589659854e-32,7.040488185314711e-33
8,adam,399,8598.681599999996,11598.681599999996,0.011917259734474115,0.0013634837211755997,8.309030979044682e-07,0.0008200055900052141,0.0005426472280724812,0.010553775887810918,0.0,3.479938197476682e-25,3.935754656260188e-32,6.189190233972405e-33
8,adam,424,8598.681599999996,11598.681599999996,0.011227485422051351,0.0012717079459171456,5.573470506996837e-07,0.0007741437399470919,0.000497006858919354,0.009955777347330498,0.0,3.599858505767775e-25,3.7994521112120223e-32,6.0889599505055124e-33
8,adam,449,8598.681599999996,11598.681599999996,0.01051493028868948,0.0011355928082790246,4.341138988819719e-07,0.0007026540890762199,0.00043250460530392277,0.009379337348239602,0.0,3.3800161165253667e-25,3.5776599774087497e-32,5.62681112346684e-33
8,adam,474,8598.681599999996,11598.681599999996,0.009854909824806865,0.0010264983446422115,2.955135903486399e-07,0.0006463387033731026,0.00037986412767876024,0.008828411344654024,0.0,2.5510798187766462e-25,3.3955347389922835e-32,5.235990931883058e-33
8,adam,499,8598.681599999996,11598.681599999996,0.009240793101508878,0.0009354443783207451,1.7798022150815406e-07,0.0005995280046484154,0.00033573839345082143,0.008305348584436196,0.0,1.5939271474767079e-25,3.2422562676095635e-32,4.8947737659435185e-33
8,adam,524,8598.681599999996,11598.681599999996,0.008666727466390809,0.0008575616293344341,1.1456853507138312e-07,0.0005583853087193284,0.00029906175208003436,0.007809165695141129,0.0,1.100005822027256e-25,3.1052073165007857e-32,4.601175198464114e-33
8,adam,549,8598.681599999996,11598.681599999996,0.008131395676638987,0.0007901415256378252,1.0377493131222901e-07,0.0005223626846321715,0.00026767506607434146,0.00734125400600194,0.0,9.549470750675019e-26,2.9799398308208053e-32,4.344580900122174e-33
8,adam,574,8598.681599999996,11598.681599999996,0.007661132757468863,0.0007459934928798168,7.72710241216995e-08,0.000489810479169039,0.00025610574268665617,0.006915139117143342,0.0,7.429937151015852e-26,2.8820338823350954e-32,3.995176125065847e-33
8,adam,599,8598.681599999996,11598.681599999996,0.007176437965866517,0.0006862333061399804,6.94215682834291e-08,0.0004589284940391305,0.00022723539053256647,0.006490204509952494,0.0,9.063215475743255e-26,2.747738837852622e-32,3.93863309364734e-33
8,adam,624,8598.681599999996,11598.681599999996,0.00679001269890057,0.0006904256088769871,6.132631331980326e-08,0.00047025748450835707,0.0002201067980553102,0.006099586937866268,0.0,1.0200490165984331e-25,2.937745292252753e-32,3.9392465164304984e-33
8,adam,649,8598.681599999996,11598.681599999996,0.006375431999316164,0.0006444436840903848,5.72899867420541e-08,0.0004426297702451594,0.00020175662385848333,0.005730988160678639,0.0,9.788665866036356e-26,2.838522108885138e-32,3.7579530540542305e-33
8,adam,674,8598.681599999996,11598.681599999996,0.006041836421980761,0.0006337738183040556,2.0295977898566032e-07,0.0004627350313479928,0.0001708358271770771,0.005408062446880322,0.0,1.1940347233732144e-25,2.7294253468610236e-32,3.801042755791081e-33
8,adam,699,8598.681599999996,11598.681599999996,0.005639558230546278,0.000573928118448421,5.0136565717613815e-08,0.0003901409075757073,0.00018373707430699608,0.005065629953292374,0.0,1.0181980325352906e-25,2.665184266520271e-32,3.377922769747296e-33
8,adam,724,8598.681599999996,11598.681599999996,0.005293916342856715,0.0005358037575093977,5.7908680811705794e-08,0.000368823093168438,0.00016692275566014807,0.004758112424350917,0.0,9.936828975852336e-26,2.58251417243426e-32,3.296291674898134e-33
8,adam,749,8598.681599999996,11598.681599999996,0.004974677589784827,0.0005034516407328659,6.139587268861301e-08,0.0003485433957556055,0.0001548468491045718,0.004471225785849394,0.0,9.253943930591948e-26,2.5097538185293076e-32,3.1828227856221544e-33
8,adam,774,8598.681599999996,11598.681599999996,0.00472752141218504,0.000506693737248576,1.5025761568485912e-07,0.00036283113318326285,0.00014371234644962829,0.004220827509688969,0.0,1.4323862411977402e-25,2.395050371570084e-32,3.270099960739202e-33
8,adam,799,8598.681599999996,11598.681599999996,0.00440673977721164,0.0004566253258271478,5.420381769471273e-08,0.0003080582326699545,0.00014851288933949867,0.0039501142842562065,0.0,1.133308851419571e-25,2.373405916531116e-32,2.8961756205705393e-33
8,adam,824,8598.681599999996,11598.681599999996,0.004093690230374499,0.0003785062397252618,8.714847837769161e-08,0.0002504971492352818,0.00012792194201160232,0.003715183821590544,0.0,1.096391378730846e-25,1.932594152533247e-32,2.5994467627411977e-33
8,adam,849,8598.681599999996,11598.681599999996,0.0038533612715864612,0.00035789694900761085,7.357166178844256e-08,0.00023521179267558132,0.00012261158467024108,0.003495464151668692,0.0,1.272917323027887e-25,1.8936591920685748e-32,2.5325437899014887e-33
8,adam,874,8598.681599999996,11598.681599999996,0.009473461365945802,0.0033463560490584227,4.6994854120506616e-06,0.0025488999612188266,0.0007927566024275452,0.006127105140903214,0.0,3.744768191935567e-24,3.2801816398406094e-32,6.279052911798793e-33
8,adam,899,8598.681599999996,11598.681599999996,0.00820361330196195,0.00390234163725594,2.734067497667237e-07,0.0026229523932291845,0.0012791158372769892,0.004301271478134023,0.0,1.9233792310880932e-25,2.0831690085154644e-32,2.3521814759829135e-33
8,adam,924,8598.681599999996,11598.681599999996,0.007658129630768826,0.0034988962311765007,2.068006121552692e-07,0.0024509519106369064,0.0010477375199274392,0.0041592332110726325,0.0,6.283062315797843e-25,2.007907590194092e-32,2.2805678700910692e-33
8,adam,949,8598.681599999996,11598.681599999996,0.007257272209942093,0.0032094556636714892,1.4601158933175614e-07,0.0023032985368724307,0.0009060111152097267,0.004047816357359901,0.0,5.336281182935719e-25,1.9627411908934567e-32,2.326866944751823e-33
8,adam,974,8598.681599999996,11598.681599999996,0.006925218378689551,0.0029560694417651847,1.2833039539616294e-07,0.0021583264444260315,0.000797614666943757,0.0039691487478675245,0.0,4.776914132460177e-25,1.9746105486682558e-32,2.4010113441671645e-33
8,adam,999,8598.681599999996,11598.681599999996,0.006630382554698081,0.0027285577175080573,1.2587382023303027e-07,0.002015225005578475,0.0007132068381093494,0.003901824648036374,0.0,4.600631463680946e-25,1.998100801940193e-32,2.4438515879823906e-33
8,adam,1024,8598.681599999996,11598.681599999996,0.006388414480934888,0.0025541066285446547,1.3626481486102508e-07,0.0018843708379077597,0.0006695995258220341,0.003834307663154946,0.0,5.071614116993033e-25,2.1690966452708092e-32,2.6486098739491123e-33
8,adam,1049,8598.681599999996,11598.681599999996,0.00613370601977375,0.002356779212464455,7.322868193419263e-08,0.001760772357062072,0.000595933626720449,0.003776926617998279,0.0,2.5614580677257046e-25,2.1923901178585327e-32,2.6046974188894378e-33
8,adam,1074,8598.681599999996,11598.681599999996,0.005909055913683609,0.00218820484711507,3.92408976094117e-08,0.001645562568562575,0.0005426030376548857,0.0037208508771030915,0.0,1.2166768921304167e-25,2.2037056462536323e-32,2.58361507863529e-33
8,adam,1099,8598.681599999996,11598.681599999996,0.005703325152929255,0.002039299887234866,3.679656997153214e-08,0.0015386124675945067,0.0005006506230703875,0.0036640250760115334,0.0,1.1623622704032099e-25,2.2017738511643291e-32,2.5642984842886342e-33
8,adam,1124,8598.681599999996,11598.681599999996,0.005508010629180599,0.0019000444659171114,4.9494116212000644e-08,0.001438589191577939,0.00046140578022296037,0.003607965973317858,0.0,1.6984056434724542e-25,2.1903291548986764e-32,2.530823871478776e-33
8,adam,1149,8598.681599999996,11598.681599999996,0.005322602523950838,0.0017691816746191486,1.126770848315381e-07,0.0013443660908089676,0.00042470290672534937,0.0035534206590743787,0.0,4.114960992533691e-25,2.1728778207240366e-32,2.4972579579808114e-33
8,adam,1174,8598.681599999996,11598.681599999996,0.005155327511312463,0.001654163558637037,2.0874782957202983e-07,0.0012595708029523051,0.0003943840078551598,0.0035011637620718933,0.0,7.697849932650493e-25,2.1725084828372846e-32,2.478200116083737e-33
8,adam,1199,8598.681599999996,11598.681599999996,0.00500784771581402,0.001558840578661246,1.7627480246875402e-07,0.0011876203786747351,0.0003710439251840421,0.0034490069461857124,0.0,6.501383088320386e-25,2.1876927817429457e-32,2.4829418010508478e-33
8,adam,1224,8598.681599999996,11598.681599999996,0.004861412945229047,0.0014686670008357693,8.167214859893095e-08,0.0011188931487029856,0.0003496921799841847,0.0033927457530761405,0.0,2.9984592034685486e-25,2.153187720342857e-32,2.369782663603816e-33
8,adam,1249,8598.681599999996,11598.681599999996,0.004748740434467843,0.0014109357403828812,3.558141020858523e-08,0.0010814943949348206,0.00032940576403785204,0.0033378045024324565,0.0,1.218908475503501e-25,2.1662037424270723e-32,2.4284700806674168e-33
8,adam,1274,8598.681599999996,11598.681599999996,0.0046444182536526605,0.0013614254702900524,2.675391417778555e-08,0.0010467555020277706,0.0003146432143481041,0.003282992591361219,0.0,7.850733035540812e-26,2.1830161344458153e-32,2.4614451538546078e-33
8,adam,1299,8598.681599999996,11598.681599999996,0.004545535046272298,0.001317963994037302,2.9543893211891802e-08,0.0010156249559805173,0.00030230949416357286,0.0032275708598699013,0.0,7.723890296775733e-26,2.1917663147177545e-32,2.4811738571221137e-33
8,adam,1324,8598.681599999996,11598.681599999996,0.0044498260492558716,0.001277914931090885,3.577365023501519e-08,0.0009870148365589612,0.00029086432088168873,0.0031719109254198696,0.0,8.781618701691271e-26,2.1909915861742688e-32,2.4867327793204253e-33
8,adam,1349,8598.681599999996,11598.681599999996,0.004355511244050804,0.0012394550353511907,4.280498206853449e-08,0.0009593614212964592,0.00028005080907266293,0.0031160560155518695,0.0,1.017531784942231e-25,2.180022331367128e-32,2.477727074577688e-33
8,adam,1374,8598.681599999996,11598.681599999996,0.0042612414253016175,0.0012011304393226428,4.8408126659674394e-08,0.0009315026250865988,0.0002695794061093844,0.0030601107924012306,0.0,1.1288974260275553e-25,2.1593910770718467e-32,2.454554527210659e-33
8,adam,1399,8598.681599999996,11598.681599999996,0.0041658655484820475,0.0011617275213254231,5.073878471730582e-08,0.0009025425069865816,0.0002591342755541241,0.0030041378331174973,0.0,1.1614727820491164e-25,2.1294475502180222e-32,2.418980039100622e-33
8,lbfgs,1400,8598.681599999996,11598.681599999996,0.004141703388358432,0.0011398039993435643,4.993074474526641e-08,0.0008823847686508209,0.00025736929994799816,0.003001899194956567,0.0,1.1571749310739887e-25,2.1249357735769204e-32,2.490773133369925e-33
8,lbfgs,1409,8598.681599999996,11598.681599999996,0.0013376109218292526,0.0008260659798187563,2.4443735779993376e-05,0.0004723053054842677,0.00032931693855449515,0.0005115447407917457,0.0,2.6479822898282994e-23,1.4801440321233036e-32,3.3829896444842476e-33
8,lbfgs,1419,8598.681599999996,11598.681599999996,0.0002887623505907755,0.00025837049749219046,3.550876145630612e-08,0.00015927403113470502,9.906095759602914e-05,3.0391628665874987e-05,0.0,1.159340748089889e-25,1.4653329741180182e-32,2.031397216919832e-33
8,lbfgs,1429,8598.681599999996,11598.681599999996,0.00018864260339479096,0.00018187723285622784,5.328744208165272e-08,8.573401235950107e-05,9.608993305464512e-05,6.765143638089422e-06,0.0,1.9578328139674763e-25,1.2537606251198377e-32,2.2598492947468705e-33
8,lbfgs,1439,8598.681599999996,11598.681599999996,9.474780489503786e-05,9.01185791910693e-05,5.275988356242931e-08,3.426086820834068e-05,5.58049510991662e-05,4.629001161552756e-06,0.0,1.2033279313145953e-25,1.019652475491456e-32,1.4801638260226926e-33
8,lbfgs,1449,8598.681599999996,11598.681599999996,2.8029220447667955e-05,2.6641843673032357e-05,3.8924756898455e-08,1.0493653464983484e-05,1.6109265451150418e-05,1.3871505779329126e-06,0.0,1.1788882317170164e-25,9.502038004514291e-33,1.3044809877119698e-33
8,lbfgs,1459,8598.681599999996,11598.681599999996,1.3259605419088878e-05,1.3014857905343504e-05,8.023013121841368e-09,4.117716068273464e-06,8.889118823948198e-06,2.4452029531025613e-07,0.0,2.7045946497049667e-26,9.64857068177199e-33,1.2437731479251387e-33
8,lbfgs,1469,8598.681599999996,11598.681599999996,3.0877137466235134e-06,2.951745552993679e-06,3.477320762726887e-08,1.7181537003270162e-06,1.1988186450393936e-06,1.357396144893958e-07,0.0,9.622287553017677e-26,9.418275755534089e-33,1.1976310030937842e-33
8,lbfgs,1479,8598.681599999996,11598.681599999996,2.2280496392766887e-06,2.1256378828544813e-06,1.0255092108606281e-08,1.3187625352617526e-06,7.966202554841227e-07,1.0218278851391431e-07,0.0,2.786558373301807e-26,9.441730869415189e-33,1.204518314033121e-33
8,lbfgs,1489,8598.681599999996,11598.681599999996,1.8383289502369465e-06,1.7938343689424015e-06,1.7745592233030478e-08,1.1941033479173599e-06,5.819854287920111e-07,4.4264772884321534e-08,0.0,5.600456196358224e-26,9.425604398475974e-33,1.2057137147750417e-33
8,lbfgs,1499,8598.681599999996,11598.681599999996,1.6454000045459822e-06,1.5864003292907788e-06,6.062421804310944e-09,1.192199724202608e-06,3.8813818328385986e-07,5.876917387163905e-08,0.0,1.5371657378777103e-26,9.430421512839221e-33,1.200319744785118e-33
8,lbfgs,1509,8598.681599999996,11598.681599999996,1.3539828496134522e-06,1.295001561084391e-06,4.856242763309757e-08,8.101216081373091e-07,4.363175253139844e-07,5.874969252815912e-08,0.0,1.3948103584256027e-25,9.426460199099382e-33,1.2136371805381607e-33
8,lbfgs,1519,8598.681599999996,11598.681599999996,1.05363204492458e-06,1.0340503271517041e-06,3.4096144335278425e-09,7.104837793707903e-07,3.2015693334738597e-07,1.9348261210941018e-08,0.0,8.953605434656772e-27,9.497730584026665e-33,1.2101696540622303e-33
8,lbfgs,1529,8598.681599999996,11598.681599999996,1.0376275834242665e-06,1.0097275885804973e-06,4.343794733072519e-09,6.859412175259498e-07,3.194425763214748e-07,2.766648815675888e-08,0.0,1.4513302655294004e-26,9.50285439561662e-33,1.2106049344623882e-33
8,lbfgs,1539,8598.681599999996,11598.681599999996,9.610369044373219e-07,9.435181046632828e-07,4.262584857556295e-09,6.089227668396464e-07,3.303327529660801e-07,1.7284723867114388e-08,0.0,1.0262478875159431e-26,9.526024709877964e-33,1.2179494000390006e-33
8,lbfgs,1549,8598.681599999996,11598.681599999996,5.636457342662917e-07,5.525917076174386e-07,7.924288486944137e-09,3.86064428170919e-07,1.5860299095957554e-07,1.0814543466437697e-08,0.0,2.3723681914151802e-26,9.644166232357421e-33,1.2112745614385512e-33
8,lbfgs,1559,8598.681599999996,11598.681599999996,4.227992018192535e-07,4.126064287675263e-07,5.233157793009904e-09,3.161730236434511e-07,9.120024733106532e-08,9.946603357134494e-09,0.0,1.3371523984940322e-26,9.653437324154418e-33,1.215669604276081e-33
8,lbfgs,1569,8598.681599999996,11598.681599999996,3.689386747346843e-07,3.6437058689338093e-07,4.452644114783296e-09,2.551935484563681e-07,1.0472439432222948e-07,4.316403405159006e-09,0.0,9.896566532337088e-27,9.683973072998071e-33,1.2060921933962338e-33
8,lbfgs,1579,8598.681599999996,11598.681599999996,3.584425277259939e-07,3.5395723751690044e-07,4.3118992752651814e-09,2.59635876757469e-07,9.000946148416626e-08,4.233468263885258e-09,0.0,1.0150174065025963e-26,9.692716735806286e-33,1.2098297464949001e-33
8,lbfgs,1589,8598.681599999996,11598.681599999996,3.3666468847479686e-07,3.3212634265797907e-07,3.0854790525467196e-09,2.4209381692373034e-07,8.6947046681702e-08,4.2865416582009946e-09,0.0,7.052009529950978e-27,9.657124596642405e-33,1.2097780186146719e-33
8,lbfgs,1599,8598.681599999996,11598.681599999996,2.784760639078847e-07,2.742961585847968e-07,4.3026236697922166e-09,1.8148760212364447e-07,8.85059327913601e-08,3.929021604562521e-09,0.0,1.470608192700627e-26,9.674221936672916e-33,1.2123413226598912e-33
8,lbfgs,1609,8598.681599999996,11598.681599999996,2.6319842243874255e-07,2.5813900302989395e-07,2.733204420844952e-09,1.5815008472118157e-07,9.72557138878674e-08,4.808717035671911e-09,0.0,6.319888498055587e-27,9.677624416454343e-33,1.2142379303182885e-33
8,lbfgs,1619,8598.681599999996,11598.681599999996,2.1544383814231583e-07,2.0913220152801547e-07,1.7388541553005197e-09,1.26506247716832e-07,8.088709965588295e-08,6.057207393224221e-09,0.0,4.846583842336853e-27,9.675199924043534e-33,1.2093533509561264e-33
8,lbfgs,1629,8598.681599999996,11598.681599999996,1.63477876015256e-07,1.5961940321624105e-07,7.969072429973313e-09,9.750118077325462e-08,5.414915001301314e-08,3.6037099475317755e-09,0.0,2.793349623840361e-26,9.659009627655076e-33,1.2051521672583167e-33
8,lbfgs,1639,8598.681599999996,11598.681599999996,1.546318770133484e-07,1.502830592372906e-07,6.8365365114322934e-09,9.241371047109204e-08,5.103281225476625e-08,4.094340377556598e-09,0.0,2.6613811286372515e-26,9.663493109788948e-33,1.2056823818046953e-33
8,lbfgs,1649,8598.681599999996,11598.681599999996,1.1206898152585459e-07,1.0595238869412248e-07,5.119637950704277e-09,6.360768395830381e-08,3.72250667851144e-08,5.860914558498438e-09,0.0,1.8720049441045552e-26,9.680398700606398e-33,1.2058971727551545e-33
8,lbfgs,1659,8598.681599999996,11598.681599999996,9.8194288178932e-08,9.551204635857752e-08,7.184830748571032e-09,5.267037458632783e-08,3.5656841023678666e-08,2.4249662673057217e-09,0.0,2.5018788331871798e-26,9.682294437497293e-33,1.2046514592902338e-33
8,lbfgs,1669,8598.681599999996,11598.681599999996,9.372308530418992e-08,8.782357126945406e-08,3.5693173701195647e-09,5.315253586565708e-08,3.110171803367742e-08,5.642488439020817e-09,0.0,1.2031013798335662e-26,9.675678935134165e-33,1.210042025018275e-33
8,lbfgs,1679,8598.681599999996,11598.681599999996,7.163762677732927e-08,6.891088037824834e-08,9.680976387510593e-10,3.884752128036977e-08,2.90952614591275e-08,2.4697269090743555e-09,0.0,1.0121438331494006e-27,9.706590647389205e-33,1.2101589939363871e-33
8,lbfgs,1689,8598.681599999996,11598.681599999996,6.978758878767305e-08,6.751064879879816e-08,1.0024002345323517e-09,4.014776411304959e-08,2.6360484451216216e-08,2.019537301103579e-09,0.0,1.4217262215181349e-27,9.708496135896352e-33,1.2095553854849602e-33
8,lbfgs,1699,8598.681599999996,11598.681599999996,6.775519657421217e-08,6.475576743728362e-08,1.1108892920295778e-09,3.8061621820770514e-08,2.558325632448353e-08,2.741216164759344e-09,0.0,1.6025429818289909e-27,9.71150676714375e-33,1.208051566437649e-33
8,lbfgs,1709,8598.681599999996,11598.681599999996,5.6550751364027905e-08,5.247469175096712e-08,7.801745027143766e-10,2.9878968973618774e-08,2.1815548274633965e-08,3.818489926930911e-09,0.0,1.8841961751909694e-27,9.699793904885112e-33,1.2088126027737184e-33
8,lbfgs,1719,8598.681599999996,11598.681599999996,3.430724817927916e-08,3.312930471951799e-08,6.859206230681352e-10,1.8780286385151184e-08,1.3663097711298668e-08,9.223308744883564e-10,0.0,2.30103873161577e-27,9.70105069360946e-33,1.2095945967573914e-33
8,lbfgs,1729,8598.681599999996,11598.681599999996,3.387273994478623e-08,3.247366527955237e-08,6.361020106051667e-10,1.789811487081183e-08,1.3939448398135372e-08,1.143315373251531e-09,0.0,2.3480966852933908e-27,9.701141256256893e-33,1.209517087418871e-33
8,lbfgs,1739,8598.681599999996,11598.681599999996,3.380373003772641e-08,3.2412918850038684e-08,6.567210317938249e-10,1.7967750129569395e-08,1.3788447688675465e-08,1.1350489179926784e-09,0.0,2.385997488069138e-27,9.701295446525676e-33,1.20949718215993e-33
8,lbfgs,1749,8598.681599999996,11598.681599999996,3.3757534345971746e-08,3.235758305673033e-08,6.557944099084533e-10,1.7902543216658096e-08,1.3799245430163782e-08,1.1441789801011202e-09,0.0,2.3917543003648806e-27,9.701297910327847e-33,1.2094792325610288e-33
8,lbfgs,1759,8598.681599999996,11598.681599999996,3.3701505463579654e-08,3.228951461008096e-08,6.520323522920656e-10,1.7798639269112287e-08,1.3838842988676604e-08,1.1562006406177434e-09,0.0,2.392316436485114e-27,9.701327392772288e-33,1.2094430584001255e-33
8,lbfgs,1769,8598.681599999996,11598.681599999996,3.365636944622728e-08,3.2254384417562496e-08,6.54118287817609e-10,1.779751655257252e-08,1.3802749577172365e-08,1.1462009263014696e-09,0.0,2.3942091451284476e-27,9.70132118541844e-33,1.2094630176118622e-33
8,lbfgs,1779,8598.681599999996,11598.681599999996,3.360106341910707e-08,3.2212506174920384e-08,6.586152500179941e-10,1.7817043335720665e-08,1.3736847589181724e-08,1.1327870994429665e-09,0.0,2.39773995577634e-27,9.701244725244668e-33,1.2095138498472055e-33
8,lbfgs,1789,8598.681599999996,11598.681599999996,3.355627785453407e-08,3.216727630259066e-08,6.560291782071068e-10,1.776704501393333e-08,1.3744202110450218e-08,1.1332213586772286e-09,0.0,2.3960759505116184e-27,9.701319089398371e-33,1.2094842956668112e-33
8,lbfgs,1799,8598.681599999996,11598.681599999996,3.350186679103548e-08,3.211294964439129e-08,6.527031076327419e-10,1.7684153023097596e-08,1.3776093513660953e-08,1.1331176210390301e-09,0.0,2.394877813406049e-27,9.701506690569648e-33,1.2094133987557142e-33
8,lbfgs,1809,8598.681599999996,11598.681599999996,3.345718804332017e-08,3.207407196058346e-08,6.545480779272702e-10,1.767784671706942e-08,1.3741677165586766e-08,1.127323514146738e-09,0.0,2.396690871078689e-27,9.701430271096486e-33,1.2094483908156586e-33
8,lbfgs,1819,8598.681599999996,11598.681599999996,3.3403990122635345e-08,3.202420922695364e-08,6.589534756834897e-10,1.7691665871976654e-08,1.3673589879293491e-08,1.1240047957444903e-09,0.0,2.4019787116963275e-27,9.701201373873691e-33,1.2095392335136585e-33
8,lbfgs,1829,8598.681599999996,11598.681599999996,3.3359087228852254e-08,3.198248687559887e-08,6.560892717720002e-10,1.7642630478016535e-08,1.3683767125810338e-08,1.120812814887168e-09,0.0,2.398678618818866e-27,9.701348298842286e-33,1.2094919935425193e-33
8,lbfgs,1839,8598.681599999996,11598.681599999996,3.330758743092026e-08,3.1941138505486756e-08,6.531307494607748e-10,1.755917422652165e-08,1.3728833529504331e-08,1.1106376912054681e-09,0.0,2.397316369179382e-27,9.701708536794111e-33,1.2093733641638614e-33
8,lbfgs,1849,8598.681599999996,11598.681599999996,3.3262015607306065e-08,3.189745227582365e-08,6.54742535408548e-10,1.7555110703098587e-08,1.3687599037316514e-08,1.1087612071510994e-09,0.0,2.398663325909397e-27,9.701545731648692e-33,1.2094296382467185e-33
8,lbfgs,1859,8598.681599999996,11598.681599999996,3.3219698694453996e-08,3.1856980786248763e-08,6.552612401346237e-10,1.753726946123762e-08,1.3664450084876518e-08,1.1069176940244121e-09,0.0,2.3995826539947034e-27,9.701498234634337e-33,1.2094496419715952e-33
8,lbfgs,1869,8598.681599999996,11598.681599999996,3.316604242232031e-08,3.1800482662741344e-08,6.564437198028437e-10,1.7524629926842103e-08,1.3619409016096396e-08,1.1097665288613545e-09,0.0,2.402399882206685e-27,9.701352724884039e-33,1.2095072166991338e-33
8,lbfgs,1879,8598.681599999996,11598.681599999996,3.3123797679630396e-08,3.176417283403346e-08,6.556224865789032e-10,1.7488780143914992e-08,1.3619770203539564e-08,1.103825371322524e-09,0.0,2.4010111635420107e-27,9.701453318595138e-33,1.2094787996116613e-33
8,lbfgs,1889,8598.681599999996,11598.681599999996,3.3071353888635476e-08,3.172675229600536e-08,6.549221618157992e-10,1.7431186858035312e-08,1.364064327615425e-08,1.0887878269584351e-09,0.0,2.3999701943106696e-27,9.70170071303211e-33,1.2093998595479605e-33
8,lbfgs,1899,8598.681599999996,11598.681599999996,3.3028862279605754e-08,3.1683438970408326e-08,6.553343187609242e-10,1.741645976750098e-08,1.3611644884146424e-08,1.089613596084458e-09,0.0,2.4010848371306815e-27,9.701596908237121e-33,1.2094351246604898e-33
8,lbfgs,1909,8598.681599999996,11598.681599999996,3.297831740330954e-08,3.1620330510497586e-08,6.573688494331738e-10,1.74133393645096e-08,1.3549622296554814e-08,1.1021909351154318e-09,0.0,2.4092575303927205e-27,9.70129613860986e-33,1.209538396885662e-33
8,lbfgs,1919,8598.681599999996,11598.681599999996,3.293494158684666e-08,3.158677548508716e-08,6.558818711299704e-10,1.7373019713174897e-08,1.3557873900782295e-08,1.0923607806159651e-09,0.0,2.4043737534294933e-27,9.701475408101455e-33,1.2094891360373928e-33
8,lbfgs,1929,8598.681599999996,11598.681599999996,3.289398285403546e-08,3.1552128635893625e-08,6.555819892689653e-10,1.7342389813633147e-08,1.3554156832991514e-08,1.0860442689113481e-09,0.0,2.4034316865908486e-27,9.701548502139689e-33,1.2094692290084824e-33
8,lbfgs,1939,8598.681599999996,11598.681599999996,3.284216117348034e-08,3.15154682594512e-08,6.554291157745634e-10,1.729601906572741e-08,1.3564020077949229e-08,1.070871960834486e-09,0.0,2.401928284879786e-27,9.701729391742794e-33,1.2094112544734278e-33
8,lbfgs,1949,8598.681599999996,11598.681599999996,3.2801164126261063e-08,3.147331441129155e-08,6.555086310393828e-10,1.7277058070819937e-08,1.3540747709432236e-08,1.072031041952843e-09,0.0,2.403187868944687e-27,9.701661086982605e-33,1.2094360096448984e-33
8,lbfgs,1959,8598.681599999996,11598.681599999996,3.2750788195334736e-08,3.141084034796567e-08,6.56499577494416e-10,1.7262584728741074e-08,1.349175604173018e-08,1.0841393966800853e-09,0.0,2.4100735102142708e-27,9.701445214134701e-33,1.2095128903572252e-33
8,lbfgs,1969,8598.681599999996,11598.681599999996,3.270930110007222e-08,3.1379015436574037e-08,6.557541671638444e-10,1.7228728997531267e-08,1.349453227187892e-08,1.074469749071245e-09,0.0,2.4064023571213966e-27,9.701578676558809e-33,1.2094766329518329e-33
8,lbfgs,1979,8598.681599999996,11598.681599999996,3.266136495427161e-08,3.135628511814478e-08,6.558879185689777e-10,1.7174488336016123e-08,1.3525908863559679e-08,1.0492439525656388e-09,0.0,2.4024747987006804e-27,9.701936570070857e-33,1.2093686254902725e-33
8,lbfgs,1989,8598.681599999996,11598.681599999996,3.261848274813414e-08,3.1308485912485364e-08,6.555471903033597e-10,1.715975841727563e-08,1.3493180304906377e-08,1.0541672238508195e-09,0.0,2.403803761379234e-27,9.701781178072737e-33,1.2094160620432418e-33
8,lbfgs,1999,8598.681599999996,11598.681599999996,3.2578661808398515e-08,3.126770381020437e-08,6.555544843825369e-10,1.71391942456832e-08,1.3472955080138637e-08,1.0551300188984135e-09,0.0,2.4051460921642225e-27,9.701732144740803e-33,1.209434947670831e-33
8,lbfgs,2009,8598.681599999996,11598.681599999996,3.25288926056566e-08,3.120717811083619e-08,6.561872167076289e-10,1.711959126089399e-08,1.3431399633234573e-08,1.0658949567144418e-09,0.0,2.411258446586663e-27,9.701565118215848e-33,1.2094948725452164e-33
8,lbfgs,2019,8598.681599999996,11598.681599999996,3.2488827591303266e-08,3.117614491877163e-08,6.55707766584339e-10,1.708912622085635e-08,1.3431310931330943e-08,1.0568565907676647e-09,0.0,2.408232152722097e-27,9.701672053550736e-33,1.2094664848393355e-33
8,lbfgs,2029,8598.681599999996,11598.681599999996,3.2440934141150925e-08,3.115154684901264e-08,6.558035442703699e-10,1.704205927870765e-08,1.3453684026034627e-08,1.033543555859391e-09,0.0,2.4037228130160514e-27,9.701962807465681e-33,1.2093811708700491e-33
8,lbfgs,2039,8598.681599999996,11598.681599999996,3.239996533571698e-08,3.110612750421138e-08,6.555417751281649e-10,1.7024938336252316e-08,1.3425647392830902e-08,1.0379992823483604e-09,0.0,2.405591222567646e-27,9.701842883101213e-33,1.209418184793405e-33
8,lbfgs,2049,8598.681599999996,11598.681599999996,3.236119662646234e-08,3.10666627840093e-08,6.555434516943605e-10,1.700376147411048e-08,1.340735785820446e-08,1.0386965072543397e-09,0.0,2.4069480250183213e-27,9.701805868016189e-33,1.209432909993458e-33
8,lbfgs,2059,8598.681599999996,11598.681599999996,3.231220882202461e-08,3.100834007710829e-08,6.560009610629495e-10,1.698155767440806e-08,1.3370781441637282e-08,1.0480386612807486e-09,0.0,2.4123737705973577e-27,9.7016700548943e-33,1.2094804628224624e-33
8,lbfgs,2069,8598.681599999996,11598.681599999996,3.227335386532652e-08,3.097786095206391e-08,6.556500735375567e-10,1.6953234287994992e-08,1.336897659053136e-08,1.0396568588140093e-09,0.0,2.409821014032501e-27,9.701759973999707e-33,1.2094577133116584e-33
8,lbfgs,2079,8598.681599999996,11598.681599999996,3.222585459785503e-08,3.095173207262947e-08,6.556591596729861e-10,1.6910568323970104e-08,1.3385504588986375e-08,1.0182705097677755e-09,0.0,2.4051698493474037e-27,9.702006597101079e-33,1.2093891557903846e-33
8,lbfgs,2089,8598.681599999996,11598.681599999996,3.218642611332174e-08,3.0908353158299583e-08,6.554885913967064e-10,1.689229527854187e-08,1.3360569288361006e-08,1.0222253697328254e-09,0.0,2.4072709638255298e-27,9.701909811861791e-33,1.2094186081779342e-33
8,lbfgs,2099,8598.681599999996,11598.681599999996,3.2141564100636e-08,3.084084651124205e-08,6.570371443859087e-10,1.6880503871396832e-08,1.3303305495459308e-08,1.0448879372552896e-09,0.0,2.421106727399431e-27,9.701588856114262e-33,1.2095118907370122e-33
9,adam,0,11598.681599999996,14598.681599999996,0.10882744254990079,0.08162058184519747,0.0002775846626922617,0.058806986511781185,0.022536010670724027,0.027206860615065828,0.0,2.976268113695619e-24,1.9600000028993998e-30,2.499999999999994e-31
9,adam,24,11598.681599999996,14598.681599999996,0.026331343385436346,0.01251615279352047,9.618799949557443e-05,0.008453724952938375,0.003966239841086521,0.01381519050100078,0.0,8.292407585749759e-26,2.8806935941792113e-31,4.419354757917798e-32
9,adam,49,11598.681599999996,14598.681599999996,0.021415794581162922,0.008004128319072877,1.1347270859072138e-05,0.0053757518577555495,0.0026170291904582554,0.01341166616908355,0.0,1.5945861312786398e-26,1.8744394181329067e-31,2.911510388413687e-32
9,adam,74,11598.681599999996,14598.681599999996,0.018729570532997723,0.005584901600441004,6.374686573865528e-06,0.0038469823471080377,0.001731544566759101,0.013144668836204495,0.0,1.0468344203555185e-26,1.3747397365283407e-31,1.9363023095600577e-32
9,adam,99,11598.681599999996,14598.681599999996,0.01732417862380198,0.004448610233610461,2.4865257117653277e-06,0.003044680630790421,0.0014014430771082749,0.012875568289813172,0.0,1.5120273976602392e-27,1.0740115924455507e-31,1.61642427958951e-32
9,adam,124,11598.681599999996,14598.681599999996,0.016506423606895023,0.0038543442274462554,1.6104969252483063e-06,0.0026299400118114996,0.0012227937187095077,0.012652079275664585,0.0,9.755053674433648e-28,9.247628172314431e-32,1.420106061750791e-32
9,adam,149,11598.681599999996,14598.681599999996,0.01571025527223365,0.0033113253389607184,1.8534126385422176e-06,0.0022520604689930026,0.0010574114573291733,0.012398929826254776,0.0,2.9000112893596905e-27,8.170155131490027e-32,1.238151477158118e-32
9,adam,174,11598.681599999996,14598.681599999996,0.014693937411337989,0.002678319614997109,5.185664326107267e-06,0.0018173561836084238,0.000855777767062578,0.012015617685592074,0.0,6.296298631180275e-27,7.057752413272638e-32,9.883399310241736e-33
9,adam,199,11598.681599999996,14598.681599999996,0.013756674518677259,0.002241445746530638,1.587808977643266e-06,0.001506763003648595,0.0007330949339043997,0.011515228658173123,0.0,2.020367099418324e-27,6.14627018531509e-32,8.52420608095294e-33
9,adam,224,11598.681599999996,14598.681599999996,0.013071013674096412,0.002021063701031878,9.63642853105957e-07,0.0013732526815754538,0.0006468473766033184,0.011049949856559655,0.0,2.6148108604995018e-27,5.800830990954272e-32,7.753069556348641e-33
9,adam,249,11598.681599999996,14598.681599999996,0.012359038575450832,0.0017812993305894658,6.803860121187727e-07,0.0012145805440802865,0.0005660384004970605,0.010577739125505158,0.0,2.6233390971643718e-27,5.286376992475986e-32,7.019286441730724e-33
9,adam,274,11598.681599999996,14598.681599999996,0.011709336404013464,0.001590723037310571,5.078932992357142e-07,0.0010901040959201888,0.0005001110480911463,0.010118613244500847,0.0,2.4499537675993838e-27,4.8840508003431485e-32,6.402122929315441e-33
9,adam,299,11598.681599999996,14598.681599999996,0.011112782808840167,0.0014401016544330963,4.446956083916704e-07,0.000991388461933601,0.0004482684968911036,0.009672681029508759,0.0,2.34501482420248e-27,4.562901852424079e-32,5.933758816447575e-33
9,adam,324,11598.681599999996,14598.681599999996,0.01055272777016166,0.0013124344671408112,3.8683519984146407e-07,0.0009107237441977347,0.0004013238877432349,0.009240293175508604,0.0,2.0247190237077223e-27,4.301656239532491e-32,5.535072418733932e-33
9,adam,349,11598.681599999996,14598.681599999996,0.01002012116297593,0.001201436321052021,3.5902868888156856e-07,0.0008413320575423471,0.0003597452348207925,0.008818684711773385,0.0,1.8664577711614893e-27,4.0753151552232964e-32,5.188600748668201e-33
9,adam,374,11598.681599999996,14598.681599999996,0.009513099131799652,0.0011043336624834035,3.690761302369507e-07,0.0007807415634291405,0.00032322302292402605,0.008408765336523192,0.0,1.9811490985109e-27,3.876141234481367e-32,4.876239153086348e-33
9,adam,399,11598.681599999996,14598.681599999996,0.009030491251051641,0.0010185248752160355,3.8912986950924864e-07,0.0007272366682679517,0.00029089907707857443,0.008011966240448197,0.0,2.1765004293712432e-27,3.7001889248763656e-32,4.591929044258999e-33
9,adam,424,11598.681599999996,14598.681599999996,0.008527998130823021,0.0008941891602190548,4.071217623050193e-07,0.0006357756567851127,0.0002580063816716371,0.007633808832709414,0.0,2.2391855844758192e-27,3.3529883009278085e-32,4.188846993425958e-33
9,adam,449,11598.681599999996,14598.681599999996,0.008099660763352542,0.0008304446333639188,3.7224952246781775e-07,0.0005958829724630912,0.00023418941137835975,0.007269215989578415,0.0,1.9647084307615206e-27,3.2174891857939393e-32,3.962005488578961e-33
9,adam,474,11598.681599999996,14598.681599999996,0.007694492581100625,0.0007749151680333903,3.701091837325935e-07,0.0005632331015823678,0.00021131195726728996,0.006919577270176351,0.0,1.785225201874692e-27,3.087915592433201e-32,3.7794215097105556e-33
9,adam,499,11598.681599999996,14598.681599999996,0.007304727814837753,0.0007236903224337936,3.317846902940675e-07,0.0005218267245143254,0.00020153181322917407,0.00658103734722613,0.0,1.72929329275202e-27,2.966859498342846e-32,3.597130284576977e-33
9,adam,524,11598.681599999996,14598.681599999996,0.0069340634117819,0.0006770819952967419,3.278616957120708e-07,0.0004895018936473321,0.00018725223995369765,0.006256981269043016,0.0,1.7583362274390484e-27,2.8517557072790033e-32,3.4682594978575107e-33
9,adam,549,11598.681599999996,14598.681599999996,0.006593511427706013,0.000642945793642297,3.74552014889874e-07,0.00046477575981526947,0.00017779548181213765,0.005950565484635666,0.0,1.62633242843708e-27,2.7378611262498724e-32,3.351359225424786e-33
9,adam,574,11598.681599999996,14598.681599999996,0.0062586508085248505,0.0006024552704661089,3.129820059948847e-07,0.0004286645217734684,0.0001734777666866457,0.005656195386802042,0.0,1.6123065786368525e-27,2.650058839039637e-32,3.2118140458891716e-33
9,adam,599,11598.681599999996,14598.681599999996,0.005941462546699968,0.0005652947984548171,3.044177812204669e-07,0.00040339407388203196,0.0001615963067915647,0.005376167595072523,0.0,1.5984510710253944e-27,2.565436239937162e-32,3.1182918847710255e-33
9,adam,624,11598.681599999996,14598.681599999996,0.0059321576498278525,0.0006288799194183944,6.794069296779677e-07,0.00046288959553195515,0.00016531091695676136,0.005303277575317311,0.0,1.2359602317894625e-27,2.3649840448609642e-32,3.338085560045001e-33
9,adam,649,11598.681599999996,14598.681599999996,0.005385907847015004,0.0005160549280776325,2.921499499356884e-07,0.0003444230335307907,0.00017133974459690609,0.004869852762271746,0.0,1.1502301022530859e-27,2.3524346987989688e-32,2.5903296006525358e-33
9,adam,674,11598.681599999996,14598.681599999996,0.0050779987640880726,0.00046282517463875706,2.1154033425570415e-07,0.00032496704975774004,0.0001376465845467613,0.004615173431123261,0.0,8.778165326275106e-28,2.2588716403249122e-32,2.7184482458428632e-33
9,adam,699,11598.681599999996,14598.681599999996,0.0048096176906856905,0.0004264242379755121,2.065099844793346e-07,0.00030595909455751456,0.00012025863343351818,0.004383193292470623,0.0,9.48483230535134e-28,2.1971695644858777e-32,2.7098596625903502e-33
9,adam,724,11598.681599999996,14598.681599999996,0.004553859564527172,0.000394359555645516,1.8304973826062846e-07,0.00028456091890967703,0.00010961558699757835,0.004159499846621261,0.0,8.124498047407606e-28,2.1435044198988502e-32,2.595343428377053e-33
9,adam,749,11598.681599999996,14598.681599999996,2614.089831241565,454.1691246300619,0.0008391963005917888,454.10108442444323,0.06720100931806172,2159.920706611339,0.0,1.826084126416963e-26,1.5097530661517516e-26,1.5745112634470784e-26
9,adam,774,11598.681599999996,14598.681599999996,0.008610471168870098,0.0036503668250072834,2.6525643897867217e-07,0.0029976587518991534,0.0006524428166691514,0.004960104168299663,0.0,2.2038099799452963e-27,2.5554962750163655e-32,3.744521773195169e-33
9,adam,799,11598.681599999996,14598.681599999996,0.0084009473677091,0.0034842093347311025,2.530489507239066e-07,0.002759726227828674,0.0007242300579517044,0.004916737854547967,0.0,1.7320817679170327e-27,2.0849942223381067e-32,2.8383403649979897e-33
9,adam,824,11598.681599999996,14598.681599999996,0.008123555729143306,0.003231962212934647,7.058834626053658e-08,0.0025558076795732156,0.0006760839450151706,0.00489159333744176,0.0,6.4801137857545025e-28,2.0710160340464234e-32,2.8684552076749267e-33
9,adam,849,11598.681599999996,14598.681599999996,0.00786074541408477,0.0029947316261085643,5.696679390844448e-08,0.0023530622145565847,0.0006416124447580713,0.0048660136091639465,0.0,5.533354110039045e-28,2.1228869816628584e-32,2.8382124441199933e-33
9,adam,874,11598.681599999996,14598.681599999996,0.007619936956823554,0.0027824485340427873,6.142310411906444e-08,0.00217502362207278,0.0006073634888658882,0.004837488243943335,0.0,5.841396961986941e-28,2.1619608123164023e-32,2.8134295580831638e-33
9,adam,899,11598.681599999996,14598.681599999996,0.007398956518382771,0.0025917811913312313,5.248122433073849e-08,0.0020188216079734486,0.0005729071021334521,0.0048071751481790015,0.0,4.733610955655428e-28,2.1991871690267712e-32,2.7888525377927162e-33
9,adam,924,11598.681599999996,14598.681599999996,0.007195502251140693,0.002420807736299201,3.311892203886154e-08,0.0018819860789708244,0.0005387885384063375,0.004774694335906917,0.0,2.5234423006338913e-28,2.234488529703275e-32,2.7645111605328614e-33
9,adam,949,11598.681599999996,14598.681599999996,0.007008534124249695,0.0022690254371314665,2.6215752314512295e-08,0.0017626352921410833,0.0005063639292380687,0.004739508508085778,0.0,1.4656804777667686e-28,2.271051269018562e-32,2.744748845177269e-33
9,adam,974,11598.681599999996,14598.681599999996,0.006837095266478271,0.0021358879165015846,4.579713761549634e-08,0.0016594156532807412,0.0004764264660832282,0.0047012071708171085,0.0,3.039519397336321e-28,2.3096238466232075e-32,2.7318572413063448e-33
9,adam,999,11598.681599999996,14598.681599999996,0.00667983090727684,0.002020189793572719,9.039449026808819e-08,0.0015706790303414622,0.0004494203687409891,0.004659640934398377,0.0,7.172562584674174e-28,2.3462139269124123e-32,2.725358076597784e-33
9,adam,1024,11598.681599999996,14598.681599999996,0.006530298550058068,0.001918763871694081,1.3150261170891364e-07,0.0014919707774752732,0.0004266615916070989,0.004611534498840338,0.0,1.0668577861577584e-27,2.3885713146731459e-32,2.6512092809303874e-33
9,adam,1049,11598.681599999996,14598.681599999996,0.006388825010500498,0.0018256915768344092,1.4298314617136822e-07,0.0014207855346404345,0.0004047630590478034,0.004563133253873869,0.0,1.2108432154976911e-27,2.4185146174862183e-32,2.681853838626477e-33
9,adam,1074,11598.681599999996,14598.681599999996,0.006260183063585311,0.0017465210992488247,1.3870127771499448e-07,0.0013597353374430426,0.00038664706052806704,0.0045136617843016666,0.0,1.194729600306764e-27,2.4444394440483317e-32,2.7063644557162614e-33
9,adam,1099,11598.681599999996,14598.681599999996,0.006141700141122555,0.0016796826107490581,1.1843010426394288e-07,0.0013084115354392157,0.00037115264520557834,0.0044620173501138585,0.0,1.0275030696700374e-27,2.472854166113705e-32,2.7278022347624434e-33
9,adam,1124,11598.681599999996,14598.681599999996,0.00603091798247361,0.0016233621301517099,9.278694390023903e-08,0.001265273149606018,0.0003579961936017916,0.004407555671849373,0.0,8.026471675010847e-28,2.4972641322482827e-32,2.7477017467886928e-33
9,adam,1149,11598.681599999996,14598.681599999996,0.005925590053666677,0.0015752782798041732,6.972585307500321e-08,0.0012284658247501256,0.00034674272920097264,0.004350311593184569,0.0,5.96795195137939e-28,2.5158862824379287e-32,2.7638765154513906e-33
9,adam,1174,11598.681599999996,14598.681599999996,0.005823707968898141,0.0015331898396685716,5.2673223083567125e-08,0.0011962847328613197,0.00033685243358416825,0.004290517948349142,0.0,4.448906192511817e-28,2.5274733492557053e-32,2.773380882514181e-33
9,adam,1199,11598.681599999996,14598.681599999996,0.0057234818383052714,0.0014949784247665166,4.176592823802961e-08,0.001167213975269092,0.0003277226835691866,0.004228503232452752,0.0,3.4974062365250654e-28,2.530584309461555e-32,2.773414857011257e-33
9,adam,1224,11598.681599999996,14598.681599999996,0.005662973382428624,0.0015016235785030563,3.764447058061243e-08,0.001163751547493911,0.0003378343865385646,0.004161349622661095,0.0,3.2339190977724725e-28,2.582843760102906e-32,2.8856155727274463e-33
9,adam,1249,11598.681599999996,14598.681599999996,0.005550204778026483,0.0014520608084051044,3.253176197285723e-08,0.0011344070026886748,0.0003176212739544567,0.0040981437880984175,0.0,2.7445888973216808e-28,2.573407843955716e-32,2.812884176080841e-33
9,adam,1274,11598.681599999996,14598.681599999996,0.005434898576859928,0.0014024597507673758,2.9281554652033026e-08,0.00109773581620455,0.0003046946530081736,0.0040324386442544494,0.0,2.431163591239211e-28,2.5162762955991796e-32,2.757512251109723e-33
9,adam,1299,11598.681599999996,14598.681599999996,0.005315682907903268,0.001348497853535924,2.6075950046399524e-08,0.0010556902256040046,0.000292781551981873,0.003967184872175634,0.0,2.0837563343979094e-28,2.4599133660711083e-32,2.6943979577976424e-33
9,adam,1324,11598.681599999996,14598.681599999996,0.005191391325095959,0.0012889068973312963,2.3077819912590447e-08,0.0010088136710666468,0.00028007014844473686,0.0039024842451790514,0.0,1.756844904793557e-28,2.3939163912379936e-32,2.6276909586198027e-33
9,adam,1349,11598.681599999996,14598.681599999996,0.005061658867144004,0.0012231413217165031,2.0495750122437574e-08,0.0009562742202260428,0.00026684660574033777,0.0038385173624016877,0.0,1.47745388498999e-28,2.3218450559359412e-32,2.560179083084474e-33
9,adam,1374,11598.681599999996,14598.681599999996,0.004926897002142055,0.0011514422939693711,1.826756946513653e-08,0.0008979417782713932,0.0002534822481285128,0.0037754545246639487,0.0,1.2454051021367862e-28,2.2441468581435906e-32,2.4950295041062496e-33
9,adam,1399,11598.681599999996,14598.681599999996,0.00478658470169485,0.0010729768606116544,1.6466246526636788e-08,0.0008330843664350915,0.00023987602793003622,0.003713607657052031,0.0,1.0605616986097734e-28,2.1618422169135353e-32,2.4310482991997877e-33
9,lbfgs,1400,11598.681599999996,14598.681599999996,0.004784861228104161,0.0010736980616050807,1.4716385503316804e-08,0.0008513129496256222,0.0002223703955939552,0.0037111629824461635,0.0,9.131253723486289e-29,2.1190604168866194e-32,2.3284712345567986e-33
9,lbfgs,1409,11598.681599999996,14598.681599999996,0.0012766292711508906,0.000546760299423338,8.430195248898179e-08,0.000145076097576905,0.00040159989989394396,0.0007298687789366055,0.0,1.7230773030223362e-28,1.2288837585932002e-32,3.694825961925804e-33
9,lbfgs,1419,11598.681599999996,14598.681599999996,0.0003213293382667637,0.00028665213908248265,8.259240342393093e-07,0.00018252195495046275,0.00010330426009778058,3.4676987298707115e-05,0.0,1.5029452367203233e-27,1.7040900245008454e-32,1.9673305708052943e-33
9,lbfgs,1429,11598.681599999996,14598.681599999996,0.00015413372532404308,0.00014862020043276297,1.0775753517883829e-07,6.701105350907749e-05,8.150138938850663e-05,5.513308939957797e-06,0.0,1.0011874001505387e-27,1.0849421265135127e-32,1.951677282014038e-33
9,lbfgs,1439,11598.681599999996,14598.681599999996,0.00012710998694824937,0.0001252807710814998,1.1129199466619587e-07,5.930148029400062e-05,6.586799879283298e-05,1.8290018835086222e-06,0.0,9.818141962772237e-28,1.0481869900111947e-32,1.6577587590209424e-33
9,lbfgs,1449,11598.681599999996,14598.681599999996,3.220959671239111e-05,3.153287556428972e-05,3.607874917648563e-07,1.6307725621370764e-05,1.48643624511541e-05,6.765028816772743e-07,0.0,2.5839461455037385e-27,9.18566897761464e-33,1.371610826507563e-33
9,lbfgs,1459,11598.681599999996,14598.681599999996,1.703951736637914e-05,1.6022051002261032e-05,6.02280169655488e-08,4.959626673244893e-06,1.1002196312050589e-05,1.0172490371019437e-06,0.0,3.8722437909189696e-28,9.21487385305028e-33,1.2250311089940675e-33
9,lbfgs,1469,11598.681599999996,14598.681599999996,1.1858571103281483e-05,1.1618334216369757e-05,1.0577771248207046e-07,4.9899227017534506e-06,6.522633802134236e-06,2.4001958068919165e-07,0.0,5.97200719575872e-28,9.187891433425235e-33,1.1986557904823743e-33
9,lbfgs,1479,11598.681599999996,14598.681599999996,9.859429973720186e-06,9.474346900247685e-06,8.648115521639705e-08,5.087898495075545e-06,4.2999672499557424e-06,3.848666820085904e-07,0.0,6.860544019852826e-28,9.235531274230681e-33,1.2243465394094596e-33
9,lbfgs,1489,11598.681599999996,14598.681599999996,6.3080052467758426e-06,5.877958693033293e-06,9.617410597198295e-08,3.6820824938957032e-06,2.0997020931656062e-06,4.298319525086755e-07,0.0,6.806203857674036e-28,9.235934861578348e-33,1.1964684339607802e-33
9,lbfgs,1499,11598.681599999996,14598.681599999996,3.587782415164279e-06,3.545044089383054e-06,2.287816167497155e-08,1.7636939099812656e-06,1.7584720177268163e-06,4.252473891097178e-08,0.0,8.22489312583257e-29,9.277286187814356e-33,1.1750007557844339e-33
9,lbfgs,1509,11598.681599999996,14598.681599999996,2.4364629413390415e-06,2.3478613174070495e-06,4.5355282084905566e-08,1.2584212410357685e-06,1.0440847942863757e-06,8.838786989975536e-08,0.0,3.755191560874226e-28,9.151848111874508e-33,1.153996507511118e-33
9,lbfgs,1519,11598.681599999996,14598.681599999996,1.945415310859603e-06,1.8988202452532972e-06,8.271309413555455e-09,9.870836769782378e-07,9.034652588615041e-07,4.638078717755883e-08,0.0,4.4856890400835167e-29,9.210371321536319e-33,1.1692086794398977e-33
9,lbfgs,1529,11598.681599999996,14598.681599999996,1.5852710333741316e-06,1.5519481796506228e-06,8.843024183541446e-09,6.97601429687406e-07,8.455037257796755e-07,3.310721903646476e-08,0.0,5.883632860906767e-29,9.273943268261149e-33,1.1650095233644871e-33
9,lbfgs,1539,11598.681599999996,14598.681599999996,1.225903059357115e-06,1.2125531369309352e-06,6.6883933577119584e-09,5.053530197795059e-07,7.005117237937175e-07,1.3131944069478614e-08,0.0,5.117310423306459e-29,9.39188217271996e-33,1.1898626047029092e-33
9,lbfgs,1549,11598.681599999996,14598.681599999996,8.787403154867703e-07,8.684391993588522e-07,1.0010254665398934e-08,3.4283548437070036e-07,5.155934603227529e-07,1.0081168255571828e-08,0.0,7.468766508160395e-29,9.325806575157188e-33,1.1877574159579456e-33
9,lbfgs,1559,11598.681599999996,14598.681599999996,8.097209818574561e-07,7.896256047924886e-07,3.6340292312268927e-09,3.3568018868691894e-07,4.5031138687434273e-07,1.98751720046367e-08,0.0,1.49948107304265e-29,9.32788535640081e-33,1.1762262878825067e-33
9,lbfgs,1569,11598.681599999996,14598.681599999996,5.797217953246833e-07,5.75526387435467e-07,2.496279608362475e-09,3.1809955911159687e-07,2.5493054871550757e-07,3.97300815789629e-09,0.0,1.4543522261542197e-29,9.395727685484244e-33,1.1905193294589939e-33
9,lbfgs,1579,11598.681599999996,14598.681599999996,5.556431767398192e-07,5.510306339531435e-07,1.9300255556291874e-09,2.969359010202256e-07,2.521647073772887e-07,4.3892809371661686e-09,0.0,1.0897817244695652e-29,9.395758075514574e-33,1.18665781060246e-33
9,lbfgs,1589,11598.681599999996,14598.681599999996,4.319286731172019e-07,4.1624577747769145e-07,1.791992707197358e-09,1.4622849806116233e-07,2.6822528670933177e-07,1.545805090013236e-08,0.0,1.1997243107003788e-29,9.429531233950836e-33,1.1894742671357926e-33
9,lbfgs,1599,11598.681599999996,14598.681599999996,3.944076858121128e-07,3.917390264224487e-07,1.5252879723165942e-09,1.3985605015660988e-07,2.5035768829352217e-07,2.4417700869392313e-09,0.0,1.0430610299272926e-29,9.422886856224176e-33,1.1904977208333476e-33
9,lbfgs,1609,11598.681599999996,14598.681599999996,2.6289925605104724e-07,2.5928011908134834e-07,2.86661882672701e-09,1.3829020259716532e-07,1.1812329765745603e-07,3.389690028653288e-09,0.0,2.303149382389205e-29,9.455147176904045e-33,1.1922912167377048e-33
9,lbfgs,1619,11598.681599999996,14598.681599999996,2.470442342275249e-07,2.445479155397012e-07,3.7926895854623156e-09,1.3694626423729056e-07,1.0380896171694832e-07,2.2674093427875963e-09,0.0,2.759643401949921e-29,9.441292505853258e-33,1.1849566310926394e-33
9,lbfgs,1629,11598.681599999996,14598.681599999996,2.3262015057667198e-07,2.3080644525084146e-07,2.19471495522441e-09,1.2844462730226062e-07,1.0016710299335642e-07,1.5843278726607814e-09,0.0,1.917224345618937e-29,9.440079633535247e-33,1.1849128259097803e-33
9,lbfgs,1639,11598.681599999996,14598.681599999996,1.9987078855558294e-07,1.9883925750242125e-07,1.0690881650664306e-08,1.0710651574252247e-07,8.104186010923445e-08,8.017126578195406e-10,0.0,9.590311276954466e-29,9.445705410485504e-33,1.1838899547551943e-33
9,lbfgs,1649,11598.681599999996,14598.681599999996,1.9061455163318275e-07,1.8887665605859594e-07,8.746665994813958e-09,9.938568287399992e-08,8.074430718978206e-08,1.5072137637685755e-09,0.0,8.537209796283038e-29,9.44998791097057e-33,1.1848008251674296e-33
9,lbfgs,1659,11598.681599999996,14598.681599999996,1.8106028697578567e-07,1.7770913511226295e-07,1.9269226147601027e-09,1.0166160738135032e-07,7.412060511615253e-08,3.120622254048986e-09,0.0,1.7157835237124428e-29,9.475419841563225e-33,1.181787642890637e-33
9,lbfgs,1669,11598.681599999996,14598.681599999996,1.6802088578671795e-07,1.6680358322426527e-07,7.785531468470038e-10,8.730284310490535e-08,7.87221869725129e-08,9.861337327654394e-10,0.0,6.587740330319194e-30,9.459116990460992e-33,1.1856028585557147e-33
9,lbfgs,1679,11598.681599999996,14598.681599999996,1.6622369056526488e-07,1.653530092882472e-07,6.627959131606421e-10,8.532145830876017e-08,7.936875506632638e-08,6.398321672987632e-10,0.0,5.5417313244440524e-30,9.452196652248343e-33,1.1843004861755011e-33
9,lbfgs,1689,11598.681599999996,14598.681599999996,1.612728861883429e-07,1.5941241371294995e-07,5.800945998356458e-10,8.654740936125748e-08,7.228490975185681e-08,1.6293560568022321e-09,0.0,4.6179389783168165e-30,9.45079697926895e-33,1.1840986416285612e-33
9,lbfgs,1699,11598.681599999996,14598.681599999996,1.430736725725211e-07,1.4120650996682188e-07,2.319836379176704e-09,8.825973782975813e-08,5.062693575788705e-08,1.6351979031662396e-09,0.0,1.140225596544465e-29,9.454932586214425e-33,1.1828671507494364e-33
9,lbfgs,1709,11598.681599999996,14598.681599999996,1.2168527554869356e-07,1.16156626390332e-07,4.713038094729032e-09,6.985937537186988e-08,4.158421292373309e-08,5.29488282171066e-09,0.0,1.0156949765899375e-29,9.45258056972844e-33,1.1848493257412514e-33
9,lbfgs,1719,11598.681599999996,14598.681599999996,1.2011769384611428e-07,1.1493146776090043e-07,4.389540806314314e-09,6.747653739427272e-08,4.30653895603134e-08,4.952292674045646e-09,0.0,9.538695063422348e-30,9.458094369137581e-33,1.183652684554226e-33
9,lbfgs,1729,11598.681599999996,14598.681599999996,1.1810881054101655e-07,1.1367810121546365e-07,4.013418675082283e-09,6.605988214937735e-08,4.3604800391004015e-08,4.196324305345548e-09,0.0,7.745797101481019e-30,9.458948195496203e-33,1.1846202699885477e-33
9,lbfgs,1739,11598.681599999996,14598.681599999996,1.1288541632670934e-07,1.1040733760249551e-07,2.7950727527603034e-09,6.479666113144148e-08,4.2815603718293727e-08,2.242767411397404e-09,0.0,1.1897272573398169e-29,9.463671916243374e-33,1.1836161242849578e-33
9,lbfgs,1749,11598.681599999996,14598.681599999996,1.0496155586330438e-07,1.0382264656350351e-07,8.723308635039639e-10,6.314018601499306e-08,3.981012968500648e-08,9.040896648230735e-10,0.0,5.876786548695858e-30,9.457532412986926e-33,1.184951384894458e-33
9,lbfgs,1759,11598.681599999996,14598.681599999996,1.0264933818588684e-07,1.0186908032756511e-07,7.83921294025115e-10,6.11711200268482e-08,3.99140390066918e-08,5.449178951737062e-10,0.0,5.280117152588674e-30,9.455858324584584e-33,1.183682193269012e-33
9,lbfgs,1769,11598.681599999996,14598.681599999996,1.021947574647604e-07,1.013252254735427e-07,7.916691945288588e-10,6.093592354488765e-08,3.9597632734126185e-08,6.341719448701027e-10,0.0,5.076867987302202e-30,9.457047872143212e-33,1.1846298520554223e-33
9,lbfgs,1779,11598.681599999996,14598.681599999996,1.0206580899815151e-07,1.0119696000688324e-07,7.827426400283494e-10,6.088282578857035e-08,3.953139157828454e-08,6.334554343984913e-10,0.0,5.028098860384108e-30,9.457471162066638e-33,1.1846610819126208e-33
9,lbfgs,1789,11598.681599999996,14598.681599999996,1.0193617811179508e-07,1.0106977722938793e-07,7.80322981294211e-10,6.085090426003196e-08,3.943854998806177e-08,6.309957402028185e-10,0.0,5.017166532668132e-30,9.457554781416472e-33,1.18463356569744e-33
9,lbfgs,1799,11598.681599999996,14598.681599999996,1.0177825346220873e-07,1.0091167948476148e-07,7.786781476760443e-10,6.080435455929085e-08,3.9328646777794595e-08,6.311594653374624e-10,0.0,5.001757937173321e-30,9.457532628130455e-33,1.1845783339259616e-33
9,lbfgs,1809,11598.681599999996,14598.681599999996,1.0165318921897389e-07,1.0079461085847145e-07,7.703095041172118e-10,6.073913358987143e-08,3.92851677644828e-08,6.231505224859102e-10,0.0,4.9233130658470166e-30,9.457678408492253e-33,1.1846128798142462e-33
9,lbfgs,1819,11598.681599999996,14598.681599999996,1.0149900947398027e-07,1.0065577480240621e-07,7.585053617425526e-10,6.065142951699766e-08,3.9245839923665994e-08,6.077872913544501e-10,0.0,4.8136098507716806e-30,9.45787988362225e-33,1.1846776677240921e-33
9,lbfgs,1829,11598.681599999996,14598.681599999996,1.0137628781983382e-07,1.0053450014212938e-07,7.554611202740287e-10,6.060274617620556e-08,3.917629284564978e-08,6.063344786157965e-10,0.0,4.79133598872828e-30,9.457864580059102e-33,1.1846451050396528e-33
9,lbfgs,1839,11598.681599999996,14598.681599999996,1.0122522747482427e-07,1.0037635468296022e-07,7.544626301495236e-10,6.054893640928816e-08,3.907295564352252e-08,6.134173780146432e-10,0.0,4.781594886647859e-30,9.457820183800263e-33,1.1845788133318312e-33
9,lbfgs,1849,11598.681599999996,14598.681599999996,1.0110440527699779e-07,1.0026626911387658e-07,7.459408729197092e-10,6.047822681142545e-08,3.904210142953142e-08,6.026685874165117e-10,0.0,4.701529997781897e-30,9.457940249281616e-33,1.1846197090045055e-33
9,lbfgs,1859,11598.681599999996,14598.681599999996,1.0095623848182651e-07,1.001413005782257e-07,7.332226674325204e-10,6.037694437858158e-08,3.90311335322116e-08,5.7944811625271e-10,0.0,4.585918371975455e-30,9.458111799832605e-33,1.184704038892222e-33
9,lbfgs,1869,11598.681599999996,14598.681599999996,1.0083690266531167e-07,1.0001862169783068e-07,7.307591660392108e-10,6.03258786921019e-08,3.896198383968958e-08,5.827891560497459e-10,0.0,4.568419344148579e-30,9.458087965081782e-33,1.1846626203004949e-33
9,lbfgs,1879,11598.681599999996,14598.681599999996,1.0069166636908383e-07,9.985272598597296e-08,7.316987586124349e-10,6.027773393228294e-08,3.884329329507759e-08,6.034558172617937e-10,0.0,4.5722407299577006e-30,9.458040192917317e-33,1.184567175975679e-33
9,lbfgs,1889,11598.681599999996,14598.681599999996,1.0057332068533696e-07,9.975045851500701e-08,7.224614217834762e-10,6.019673555280417e-08,3.8831261540419374e-08,5.873631921876842e-10,0.0,4.48856698227117e-30,9.458147384534088e-33,1.1846211688753144e-33
9,lbfgs,1899,11598.681599999996,14598.681599999996,1.0043147755292837e-07,9.96484562612027e-08,7.074616668162213e-10,6.007209083518959e-08,3.886890375919689e-08,5.47490503990385e-10,0.0,4.359594972380566e-30,9.458291257605319e-33,1.1847480397909607e-33
9,lbfgs,1909,11598.681599999996,14598.681599999996,1.003133570094203e-07,9.951874241467443e-08,7.06181516762504e-10,6.002440471173086e-08,3.878815618618106e-08,5.5908782282569e-10,0.0,4.350035843433517e-30,9.458263386073914e-33,1.1846871159294973e-33
9,lbfgs,1919,11598.681599999996,14598.681599999996,1.0017621020119518e-07,9.933310725451148e-08,7.111723803228565e-10,6.00003530176914e-08,3.862158185649722e-08,6.076008992091395e-10,0.0,4.381592817007185e-30,9.458232801668459e-33,1.1845280110468593e-33
9,lbfgs,1929,11598.681599999996,14598.681599999996,1.0005686666096191e-07,9.924225295076089e-08,7.001992967228269e-10,5.990318405725225e-08,3.863886959678582e-08,5.790907707245649e-10,0.0,4.2871888835808926e-30,9.458322324703834e-33,1.1846110774571231e-33
9,lbfgs,1939,11598.681599999996,14598.681599999996,9.992731515433727e-08,9.918732694950092e-08,6.807786543889957e-10,5.9736522799688e-08,3.877002549542393e-08,5.044115081195185e-10,0.0,4.1314646105221186e-30,9.458413233394949e-33,1.1848295937538228e-33
9,lbfgs,1949,11598.681599999996,14598.681599999996,9.980396408996029e-08,9.903711335925268e-08,6.815217032411869e-10,5.970101033326694e-08,3.8654581322744553e-08,5.312891055027311e-10,0.0,4.1341440541088016e-30,9.458394948674659e-33,1.1847273380456953e-33
9,lbfgs,1959,11598.681599999996,14598.681599999996,9.969279376477646e-08,9.891585136082996e-08,6.789397558393454e-10,5.964774642015763e-08,3.8589165184832984e-08,5.413840508797146e-10,0.0,4.107811164861212e-30,9.458420358397619e-33,1.1846901433347266e-33
9,lbfgs,1969,11598.681599999996,14598.681599999996,9.955512931931738e-08,9.873647463327014e-08,6.799148637684462e-10,5.961120010599122e-08,3.844535966351048e-08,5.83117127132852e-10,0.0,4.103253745098304e-30,9.458485826693394e-33,1.1845766553278499e-33
9,lbfgs,1979,11598.681599999996,14598.681599999996,9.944316387114113e-08,9.864881607706175e-08,6.715015511688976e-10,5.9518196838139234e-08,3.845911768775361e-08,5.587927233503465e-10,0.0,4.0341236092518345e-30,9.458506102007974e-33,1.1846332479013726e-33
9,lbfgs,1989,11598.681599999996,14598.681599999996,9.931171141113545e-08,9.858312693376975e-08,6.564151132977975e-10,5.935230567476282e-08,3.857440614570914e-08,4.929829321117638e-10,0.0,3.918527747589248e-30,9.458477269835242e-33,1.1848014712750258e-33
9,lbfgs,1999,11598.681599999996,14598.681599999996,9.919665297707383e-08,9.84444404170128e-08,6.554637295336498e-10,5.9313514951939415e-08,3.847546173553973e-08,5.166238462351515e-10,0.0,3.9027622574101275e-30,9.458521243372776e-33,1.1847269626932477e-33
9,lbfgs,2009,11598.681599999996,14598.681599999996,9.908879503851879e-08,9.832772423266352e-08,6.523533643541166e-10,5.9258064563058264e-08,3.841730630525114e-08,5.254849004980081e-10,0.0,3.8723369347594415e-30,9.45855875758343e-33,1.1846979162564691e-33
9,lbfgs,2019,11598.681599999996,14598.681599999996,9.895370382204821e-08,9.815568610206744e-08,6.516136345140513e-10,5.921815796838189e-08,3.8285914499171486e-08,5.624499713961029e-10,0.0,3.857001338991841e-30,9.458646435109908e-33,1.1846027978859008e-33
9,lbfgs,2029,11598.681599999996,14598.681599999996,9.884529063143068e-08,9.80688206800185e-08,6.443992642287559e-10,5.912462165663105e-08,3.82997997591587e-08,5.40886729195261e-10,0.0,3.797487017543457e-30,9.458644447064697e-33,1.184649588473333e-33
9,lbfgs,2039,11598.681599999996,14598.681599999996,9.871542057100756e-08,9.799764375425546e-08,6.317937149910635e-10,5.895872675687745e-08,3.8407123282386945e-08,4.821529265213552e-10,0.0,3.699263313325709e-30,9.458581873442443e-33,1.1847939804520988e-33
9,lbfgs,2049,11598.681599999996,14598.681599999996,9.860460142529548e-08,9.786581598451927e-08,6.300456293826606e-10,5.891881742636338e-08,3.831695292877323e-08,5.031725882100608e-10,0.0,3.6781150575400505e-30,9.458640445224811e-33,1.1847315574969004e-33
9,lbfgs,2059,11598.681599999996,14598.681599999996,9.849953795406591e-08,9.77529150897636e-08,6.267464145758014e-10,5.886233686711644e-08,3.826383180807135e-08,5.110123052326361e-10,0.0,3.647253657013491e-30,9.458678456638556e-33,1.1847066060618707e-33
9,lbfgs,2069,11598.681599999996,14598.681599999996,9.836711578839541e-08,9.758752567745662e-08,6.250728019495786e-10,5.882060942768914e-08,3.8141843447817906e-08,5.439954400070141e-10,0.0,3.6275293125671405e-30,9.458765853147526e-33,1.184622993147606e-33
9,lbfgs,2079,11598.681599999996,14598.681599999996,9.826170293014733e-08,9.750136526113406e-08,6.186421867008345e-10,5.872719027541467e-08,3.815553279901856e-08,5.247292448410918e-10,0.0,3.573752470360025e-30,9.458757421699636e-33,1.1846640501673966e-33
9,lbfgs,2089,11598.681599999996,14598.681599999996,9.81337976092627e-08,9.742640250043382e-08,6.078419663207971e-10,5.856178846224776e-08,3.825677207186526e-08,4.71750303804307e-10,0.0,3.4866255148353495e-30,9.458688522897064e-33,1.1847927410495696e-33
10,adam,0,14598.681599999996,17598.681599999996,0.10882255452814753,0.08161691582941864,0.00027391872956466324,0.05880698642912995,0.022536010670724027,0.02720563860980622,0.0,7.306152590270528e-27,1.960000000144686e-30,2.499999999999994e-31
10,adam,24,14598.681599999996,17598.681599999996,0.02794271967025389,0.013846272459237943,0.00011550646262412087,0.008683221186048456,0.005047544810565365,0.01409644712034603,0.0,2.2224659782767815e-28,2.9591963705143505e-31,5.614141025548214e-32
10,adam,49,14598.681599999996,17598.681599999996,0.021990484441311048,0.008574438833780115,4.4797350262814776e-05,0.005482094709147511,0.0030475467743697887,0.013416045514115058,0.0,3.0397338318304527e-28,1.9196755554844156e-31,3.3584479877715354e-32
10,adam,74,14598.681599999996,17598.681599999996,0.01886056262536587,0.005734290708212276,3.0304532141536805e-06,0.0038763020605323355,0.0018549581944657869,0.013126271819478228,0.0,8.679443339664913e-30,1.3996259365920288e-31,1.984314403216205e-32
10,adam,99,14598.681599999996,17598.681599999996,0.017410628507851,0.00454429210644718,3.303583100592293e-06,0.003049180645328854,0.0014918078780177338,0.012866336299214853,0.0,2.6609293305653597e-30,1.0958275094277566e-31,1.6267967459667636e-32
10,adam,124,14598.681599999996,17598.681599999996,0.016577912521100385,0.003957819452698953,1.5816884707562659e-06,0.0026849905577377474,0.0012712472064904496,0.012620092962864517,0.0,9.943419056124816e-31,9.369698973484352e-32,1.4385312550190873e-32
10,adam,149,14598.681599999996,17598.681599999996,0.016084341611739314,0.0036578029475506525,9.922588953301324e-07,0.002488169812525139,0.0011686408761301835,0.012426538556357324,0.0,4.910326571255413e-31,8.394918688906575e-32,1.3393818400997093e-32
10,adam,174,14598.681599999996,17598.681599999996,0.01573851765190242,0.0034647287837861356,8.372122336882223e-07,0.0023561061331595513,0.0011077854383928962,0.012273788758613763,0.0,4.15831946945133e-31,7.736614593022781e-32,1.2742790619615015e-32
10,adam,199,14598.681599999996,17598.681599999996,0.015458865862192535,0.003323197943838929,5.653186621681751e-07,0.002261651631859199,0.0010609809933175614,0.012135667807432526,0.0,2.5284926387511383e-31,7.228112373117529e-32,1.2241480451964644e-32
10,adam,224,14598.681599999996,17598.681599999996,0.014794343916683505,0.002734035051133482,3.65829604018531e-07,0.0018974661377949694,0.000836203083734494,0.012060308753499137,0.0,1.8756196705393071e-31,5.518869599268212e-32,1.0007988076131752e-32
10,adam,249,14598.681599999996,17598.681599999996,0.014610896730319414,0.0026394135616037225,2.9921602682820074e-07,0.0018233852799140005,0.0008157290656628937,0.011971483055574293,0.0,2.773227966518805e-31,5.313793969469602e-32,9.798732269293954e-33
10,adam,274,14598.681599999996,17598.681599999996,0.014386429668512932,0.00251949604799041,2.519696260019965e-07,0.0017181845480142542,0.0008010595303501537,0.011866933506001926,0.0,3.7956763315536013e-31,5.143572783408202e-32,9.765122718691063e-33
10,adam,299,14598.681599999996,17598.681599999996,0.014074048490445834,0.0023238813248743547,1.1280466383669162e-07,0.0015249351601160177,0.0007988333600945003,0.011750167049215651,0.0,2.1115406394413814e-31,4.982373362042449e-32,9.818439184322885e-33
10,adam,324,14598.681599999996,17598.681599999996,0.013539398205608053,0.001973829377072231,3.2441139666737997e-07,0.0011843393080737388,0.0007891656576018251,0.011565568709723138,0.0,9.743522747423218e-31,4.6261264079869505e-32,9.023652378535573e-33
10,adam,349,14598.681599999996,17598.681599999996,0.012820662714915498,0.0016384590286285276,3.221899402436617e-07,0.0009628013885899885,0.0006753354500982953,0.011182203565171104,0.0,2.1753689856007753e-30,4.2323584778405556e-32,7.538906652353624e-33
10,adam,374,14598.681599999996,17598.681599999996,0.012068616382493078,0.0014027520528870061,4.193541105594792e-07,0.0008395922249542138,0.0005627404738222329,0.010665864205138832,0.0,2.837982327443064e-30,3.928249305878697e-32,6.585535128172203e-33
10,adam,399,14598.681599999996,17598.681599999996,0.01135975396052074,0.001241025206198601,3.5614383584146233e-07,0.0007645690373618063,0.00047610002500095305,0.010118728626200947,0.0,2.562712310996228e-30,3.697802687816765e-32,5.9776997061258794e-33
10,adam,424,14598.681599999996,17598.681599999996,0.010852650201752762,0.0012835703791067858,2.2040122567380916e-07,0.0008115622181584867,0.0004717877597226253,0.009569079691035034,0.0,1.652906572038017e-30,4.016614539876816e-32,6.187065041053363e-33
10,adam,449,14598.681599999996,17598.681599999996,0.010201873309491022,0.0011592584619670152,1.358556997175393e-07,0.0007453451847261169,0.0004137774215411808,0.009042614712562997,0.0,1.2670093669328545e-30,3.806078403070251e-32,5.728194601784697e-33
10,adam,474,14598.681599999996,17598.681599999996,0.009593204321770087,0.0010529449384745952,1.0614892080300817e-07,0.0006884942154719554,0.00036434457408183676,0.00854025924500766,0.0,1.169765909437516e-30,3.62166947181887e-32,5.310328777354788e-33
10,adam,499,14598.681599999996,17598.681599999996,0.00902324775591696,0.000962518027151942,9.574172924871931e-08,0.0006390422261943248,0.0003233800592283685,0.008060729587192648,0.0,1.1050589247725182e-30,3.456026910630418e-32,4.9497995190074165e-33
10,adam,524,14598.681599999996,17598.681599999996,0.008491777867723968,0.0008863510830505766,9.30844331888389e-08,0.0005959050352187306,0.0002903529633986572,0.007605426639947837,0.0,9.718591625139058e-31,3.306628138315217e-32,4.6420546718859136e-33
10,adam,549,14598.681599999996,17598.681599999996,0.007997641577891276,0.0008218761895936979,9.431882369209653e-08,0.0005582055147511627,0.00026357635601884305,0.007175765240635529,0.0,7.988172095619729e-31,3.1740118020515995e-32,4.374832811544373e-33
10,adam,574,14598.681599999996,17598.681599999996,0.00753706507849843,0.0007655859828221596,1.0176921018067696e-07,0.0005250266151497459,0.00024045759846223319,0.0067714789452964635,0.0,6.395311605455057e-31,3.05538459640383e-32,4.147948514247918e-33
10,adam,599,14598.681599999996,17598.681599999996,0.007124142353404855,0.0007275570964196136,1.0133159687283889e-07,0.0004980436405847427,0.0002294121242379981,0.006396585104367091,0.0,5.071152489900708e-31,2.8898249342318204e-32,4.17829003435172e-33
10,adam,624,14598.681599999996,17598.681599999996,0.006650761237564515,0.0006121614388610856,9.35691463898176e-08,0.0004120329779740094,0.0002000348917406864,0.006038599644081173,0.0,4.752988810691913e-31,2.485103375584654e-32,3.5859172095578204e-33
10,adam,649,14598.681599999996,17598.681599999996,0.006282244600067755,0.0005782593249420405,9.273226371408513e-08,0.00039101908857303963,0.00018714750410528679,0.005703985118416633,0.0,3.4728384976996194e-31,2.4225032094277545e-32,3.397197710979757e-33
10,adam,674,14598.681599999996,17598.681599999996,0.005936750177849664,0.0005479002411357711,9.02086121193174e-08,0.00037073815165824305,0.00017707188086540877,0.00538884977790948,0.0,2.7542152049553644e-31,2.357256168796315e-32,3.25242326177613e-33
10,adam,699,14598.681599999996,17598.681599999996,0.005706994462730956,0.0005682903418551843,1.0703419556747034e-07,0.00041474940963703107,0.00015343389802258578,0.005138703960026442,0.0,2.244322387938409e-31,2.28982990718655e-32,3.467955492965903e-33
10,adam,724,14598.681599999996,17598.681599999996,0.005322058019162279,0.0005034897685493541,6.074073486022378e-08,0.0003382456853729116,0.0001651833424415822,0.004818568088109313,0.0,4.143067761487215e-31,2.2498796807229152e-32,2.8511964621148722e-33
10,adam,749,14598.681599999996,17598.681599999996,0.0050243195889587726,0.0004741380840894571,6.083398726585848e-08,0.0003189674282336554,0.00015510982186853583,0.004550181340591031,0.0,2.2010400899466533e-31,2.1819700558383945e-32,2.874881791382883e-33
10,adam,774,14598.681599999996,17598.681599999996,0.004748312314205717,0.0004487600558158954,5.9269505212286724e-08,0.0003019390190385053,0.00014676176727217787,0.004299552092212767,0.0,1.5670931278642174e-31,2.1227973920179718e-32,2.8645927556942465e-33
10,adam,799,14598.681599999996,17598.681599999996,0.004485983692530961,0.0004244782444068487,5.265448259493023e-08,0.00028543565533028077,0.00013898993459397302,0.0040615052799650815,0.0,1.4859255200327215e-31,2.0750181724608584e-32,2.7784336898896704e-33
10,adam,824,14598.681599999996,17598.681599999996,0.004408334073807019,0.0005375691664508033,5.612720873557905e-08,0.00041130363594169114,0.00012620940330037667,0.0038707647370487853,0.0,1.292636130474692e-31,2.2186808985551772e-32,3.611143529912524e-33
10,adam,849,14598.681599999996,17598.681599999996,0.0040502304301378,0.0004231147428545164,5.0184015224392034e-08,0.0002783296694170956,0.00014473488942219636,0.003627115515370674,0.0,1.9732861418603067e-31,2.18590708259188e-32,2.3262487683665975e-33
10,adam,874,14598.681599999996,17598.681599999996,0.0038084938983026584,0.0003859446464664471,4.7668370738252965e-08,0.0002580509381504969,0.00012784603994521194,0.003422549078203198,0.0,1.6656517777118707e-31,2.0639881266399848e-32,2.6494332434500176e-33
10,adam,899,14598.681599999996,17598.681599999996,0.003591415014384512,0.0003605418627556794,3.692503654271209e-08,0.0002402093250207366,0.00012029561269840006,0.0032308729761933667,0.0,2.164244485029424e-31,2.0286200655011156e-32,2.5974143704061157e-33
10,adam,924,14598.681599999996,17598.681599999996,0.0033859493063993973,0.0003359922033421163,3.4022911716743776e-08,0.00022405122179197735,0.00011190695863842218,0.0030499569257794964,0.0,1.5088056386034193e-31,1.9821780700921489e-32,2.5251821305126207e-33
10,adam,949,14598.681599999996,17598.681599999996,0.0031911689004107957,0.0003123630665978142,4.277813907770023e-08,0.00020850395713157153,0.00010381633132716495,0.0028788056546667704,0.0,1.1732794467565941e-31,1.9350752768065403e-32,2.428821528615682e-33
10,adam,974,14598.681599999996,17598.681599999996,0.007049057049134855,0.0029789958813010433,4.283502361240704e-05,0.0025558973428424347,0.0003802635148462018,0.004070060984918627,0.0,1.7728684966318434e-28,3.298062032582096e-32,6.346315513627781e-33
10,adam,999,14598.681599999996,17598.681599999996,0.007981972149555247,0.0042925370833892815,2.3052096988003612e-06,0.0032783124146198972,0.0010119194590705843,0.003689434871053098,0.0,1.3255754150837797e-29,1.9077335957099022e-32,2.337551488337202e-33
10,adam,1024,14598.681599999996,17598.681599999996,0.007646403843958712,0.004020459792263029,2.1958713384796553e-07,0.003055188019292081,0.0009650521858371001,0.0036259438547892307,0.0,2.2175812960144437e-30,1.7816590952286378e-32,2.179309340706447e-33
10,adam,1049,14598.681599999996,17598.681599999996,0.007181724319680936,0.0036133562090359217,6.333243637102442e-08,0.0028356066201743247,0.0007776862564252259,0.003568367913612263,0.0,8.151946096808952e-31,1.7367676662873544e-32,2.0863991661474013e-33
10,adam,1074,14598.681599999996,17598.681599999996,0.0067550508607902016,0.0032422852583855735,1.7936360969524673e-08,0.0026036442092160707,0.0006386231128085335,0.003512765405212082,0.0,1.6792439913594872e-31,1.711965378575374e-32,2.051438902162517e-33
10,adam,1099,14598.681599999996,17598.681599999996,0.006364573727065845,0.002904114687057228,4.431933990535856e-08,0.002401114504962854,0.0005029558627544686,0.0034604588425634374,0.0,4.047154494216851e-31,1.7022535342728814e-32,2.0452053358120906e-33
10,adam,1124,14598.681599999996,17598.681599999996,0.006028109039559587,0.0026160758469712443,4.662794753543701e-08,0.0021897938579343735,0.0004262353610893352,0.0034120329948125008,0.0,6.54988851034949e-31,1.7195850419166776e-32,1.992749325923412e-33
10,adam,1149,14598.681599999996,17598.681599999996,0.005731723150439139,0.0023704772491940497,3.635076277316503e-08,0.0019814960456016194,0.0003889448528296572,0.003361245703157663,0.0,5.3386408770437225e-31,1.7368623481455683e-32,1.9215789562787954e-33
10,adam,1174,14598.681599999996,17598.681599999996,0.005466954971672742,0.0021557965828293215,2.8168896904630856e-08,0.0018037994069248675,0.00035196900700754926,0.003311158190448764,0.0,4.115715968150208e-31,1.7574081085597895e-32,1.8724081068106212e-33
10,adam,1199,14598.681599999996,17598.681599999996,0.005229217731221631,0.0019674182857174222,2.0369762566289836e-08,0.0016496670353535478,0.00031773088060130814,0.0032617992468047734,0.0,2.9393890574338435e-31,1.7765263709559722e-32,1.8372604165613313e-33
10,adam,1224,14598.681599999996,17598.681599999996,0.0050124136516701305,0.0018010951769388511,1.4176897749338508e-08,0.0015146653669974753,0.00028641563304362646,0.0032113182757264585,0.0,2.019500276296661e-31,2.1496047769172095e-32,2.071730016358589e-33
10,adam,1249,14598.681599999996,17598.681599999996,0.004817218648270968,0.0016556446977367537,8.907596961492191e-09,0.0013979713218859396,0.00025766446825385264,0.0031615737512322435,0.0,1.2125800162194648e-31,2.1639633864158335e-32,2.0318755582771424e-33
10,adam,1274,14598.681599999996,17598.681599999996,0.004640519946131318,0.0015284134724328174,6.0337795043562545e-09,0.0012966307837334688,0.00023177665491984432,0.003112106274110616,0.0,7.204789198163173e-32,2.1762252415264862e-32,2.006978820879886e-33
10,adam,1299,14598.681599999996,17598.681599999996,0.004478344559343911,0.0014155884550765406,4.608150233137078e-09,0.0012064960332100352,0.00020908781371627218,0.003062755904389973,0.0,4.647350008268219e-32,2.1816594537610695e-32,1.9937850796811398e-33
10,adam,1324,14598.681599999996,17598.681599999996,0.004327168861100798,0.0013137144887071486,3.9442072688710135e-09,0.0011240441903947827,0.00018966635410509712,0.003013454172214745,0.0,3.3744441527573893e-32,2.1787775054242464e-32,1.9900357323735303e-33
10,adam,1349,14598.681599999996,17598.681599999996,0.004184206667745083,0.0012200295840227352,3.664701460278723e-09,0.001046725954588049,0.00017329996473322584,0.0029641768832251877,0.0,2.693220347930483e-32,2.167437068769489e-32,1.9976447939804093e-33
10,adam,1374,14598.681599999996,17598.681599999996,0.004047600135916099,0.001132651391551108,3.618549168013547e-09,0.0009728605218654919,0.00015978725113644825,0.002914948543528585,0.0,2.2934677353593815e-32,2.1492810736912166e-32,2.0190445829115542e-33
10,adam,1399,14598.681599999996,17598.681599999996,0.003916890186076821,0.0010510550743991075,3.777976123944416e-09,0.0009011757452917478,0.00014987555113123583,0.002865834910475526,0.0,2.0748411473069168e-32,2.1285995182559798e-32,2.0540847302474553e-33
10,lbfgs,1400,14598.681599999996,17598.681599999996,0.0039203236401629616,0.0010564506296340242,3.870983236274948e-09,0.0008818776903556947,0.00017456906829509326,0.002863872809311522,0.0,1.9385049838845761e-32,1.754743202274545e-32,1.8253156379600492e-33
10,lbfgs,1409,14598.681599999996,17598.681599999996,0.0019217304934759534,0.0008773809403959463,1.688090438261488e-08,0.0003630207763520685,0.0005143432831394951,0.0010443493486895804,0.0,7.223057196754034e-32,1.414737287955006e-32,5.005816274354322e-33
10,lbfgs,1419,14598.681599999996,17598.681599999996,0.00042625233191516306,0.0003361388641036591,4.126813645305711e-07,0.00019882155485031214,0.00013690462788881638,9.011325083318419e-05,0.0,3.187026237366787e-30,1.6273702118533606e-32,1.9468022315084916e-33
10,lbfgs,1429,14598.681599999996,17598.681599999996,0.00028965181256286225,0.000261043079081653,4.8971950356809844e-08,0.000119947849443353,0.0001410462576879432,2.8608508206739906e-05,0.0,1.8630312962854149e-31,1.2944270592877725e-32,2.4366841450972354e-33
10,lbfgs,1439,14598.681599999996,17598.681599999996,0.0002624703323051823,0.000233272859354919,6.104549799020346e-08,0.00012216877916452134,0.00011104303469240748,2.9197247107530657e-05,0.0,5.981350141225538e-31,1.3769982621382548e-32,2.0835443082927194e-33
10,lbfgs,1449,14598.681599999996,17598.681599999996,0.00020490850447275815,0.00018840779935240152,1.4839248936266385e-08,8.069006928138366e-05,0.0001077028908220816,1.6500475935559976e-05,0.0,1.1599091175224217e-31,1.2739795733146615e-32,2.3168477261643535e-33
10,lbfgs,1459,14598.681599999996,17598.681599999996,0.00016048121346379856,0.0001459624851202587,6.549881658442165e-08,4.617652164822271e-05,9.97204646554516e-05,1.4518494300472289e-05,0.0,4.9139170618390185e-31,1.2027167499140525e-32,2.0594975715484092e-33
10,lbfgs,1469,14598.681599999996,17598.681599999996,5.404496627166561e-05,4.813326594352936e-05,3.58342174888069e-07,3.075950584430886e-05,1.7015417924332435e-05,5.911464277489203e-06,0.0,2.8342421841392445e-30,9.140804738053179e-33,1.4578589102248568e-33
10,lbfgs,1479,14598.681599999996,17598.681599999996,1.6034542722313558e-05,1.4622541990230965e-05,6.193214644304125e-08,8.733305053549996e-06,5.827304790237928e-06,1.4117629483870174e-06,0.0,3.7500453459677794e-31,9.281165591727749e-33,1.1487234368280371e-33
10,lbfgs,1489,14598.681599999996,17598.681599999996,7.840425853715878e-06,7.336426200022191e-06,2.438902114270874e-08,3.6844840713864164e-06,3.627553107493066e-06,5.037603781967442e-07,0.0,4.469225698741451e-31,9.6063236271264e-33,1.1794067204158603e-33
10,lbfgs,1499,14598.681599999996,17598.681599999996,4.939262915842479e-06,4.384766062500848e-06,3.1601651951584876e-08,2.1689138064089373e-06,2.184250604140326e-06,5.542535232958806e-07,0.0,6.652564708885617e-31,9.577044879828481e-33,1.1404762321620457e-33
10,lbfgs,1509,14598.681599999996,17598.681599999996,3.2468434958750976e-06,3.0622519776108574e-06,1.939052585784434e-09,1.8130630309647879e-06,1.2472498940602849e-06,1.8434798338445756e-07,0.0,2.823220177325508e-32,9.825329354485207e-33,1.151686104320293e-33
10,lbfgs,1519,14598.681599999996,17598.681599999996,2.135873123565746e-06,2.0595717165314353e-06,1.8062059803732258e-08,1.1033463854725274e-06,9.381632712551755e-07,7.605426664566892e-08,0.0,3.7598483196817514e-31,9.636657705348174e-33,1.154038868137603e-33
10,lbfgs,1529,14598.681599999996,17598.681599999996,1.1719073326280344e-06,1.11059061894989e-06,3.5437706172807806e-09,4.907755079893966e-07,6.162713403432125e-07,6.107117944284788e-08,0.0,4.6613231846954135e-32,9.639188040101057e-33,1.1563384520053755e-33
10,lbfgs,1539,14598.681599999996,17598.681599999996,7.84248651607823e-07,7.523412407172964e-07,7.351245681829844e-09,3.7959982517612773e-07,3.6539016985933874e-07,3.1663343878521216e-08,0.0,7.8525698731909e-32,9.680745898619033e-33,1.1618386992833758e-33
10,lbfgs,1549,14598.681599999996,17598.681599999996,6.368873316689789e-07,6.191174789326737e-07,1.0858970872026777e-08,2.822184109795096e-07,3.260400970811373e-07,1.752556165198937e-08,0.0,1.4300867227029948e-31,9.723196626676881e-33,1.1547018623624763e-33
10,lbfgs,1559,14598.681599999996,17598.681599999996,4.379323464241728e-07,4.2081239690853996e-07,1.6534178737523027e-08,1.947279910370084e-07,2.0955022713400855e-07,1.687527143990934e-08,0.0,3.8759099527767707e-31,9.678915886783562e-33,1.1580130271182321e-33
10,lbfgs,1569,14598.681599999996,17598.681599999996,3.538159189045321e-07,3.391552973286382e-07,3.9237972006608586e-09,1.6225731548972144e-07,1.7297418463825593e-07,1.4415004890249554e-08,0.0,7.563549874233037e-32,9.657413352475867e-33,1.1542749509587719e-33
10,lbfgs,1579,14598.681599999996,17598.681599999996,3.416868379251934e-07,3.325201293468664e-07,3.1623355401393725e-09,1.5831960419729083e-07,1.7103818960943618e-07,8.92097109648429e-09,0.0,4.554181124748473e-32,9.647173363523784e-33,1.1536345983179028e-33
10,lbfgs,1589,14598.681599999996,17598.681599999996,2.670328959156882e-07,2.601509893756636e-07,5.170557816029511e-09,1.1446845504363536e-07,1.4051197651599873e-07,6.6360487426614576e-09,0.0,1.203151042940737e-31,9.644889848917379e-33,1.1596687797220156e-33
10,lbfgs,1599,14598.681599999996,17598.681599999996,2.4746607389962954e-07,2.463381434599142e-07,7.4874532258756e-09,1.0093754520878819e-07,1.3791314502525037e-07,8.820733885366902e-10,0.0,1.811275475009656e-31,9.662368608439164e-33,1.1580644723342144e-33
10,lbfgs,1609,14598.681599999996,17598.681599999996,2.2885494045149962e-07,2.259857593183682e-07,1.0233210149798482e-09,9.809193381290104e-08,1.2687050449048732e-07,2.6234192467215976e-09,0.0,1.9305217209061936e-32,9.671377570814503e-33,1.155598273540304e-33
10,lbfgs,1619,14598.681599999996,17598.681599999996,2.1430819607269942e-07,2.119141988249017e-07,7.970400263038573e-10,9.5050420334913e-08,1.1606673846368485e-07,2.1480567732226866e-09,0.0,1.24691724227691e-32,9.649658483130895e-33,1.1541477793478683e-33
10,lbfgs,1629,14598.681599999996,17598.681599999996,1.9312147325393915e-07,1.9173957309474607e-07,3.4103182579879886e-09,7.998780828332448e-08,1.0834144655343359e-07,1.1357254824195867e-09,0.0,8.031698005485795e-32,9.65470061918473e-33,1.1539178475507051e-33
10,lbfgs,1639,14598.681599999996,17598.681599999996,1.6228166755443106e-07,1.5919676287914196e-07,1.2890539159131457e-08,5.805108865532049e-08,8.825513506469003e-08,2.8382437332748e-09,0.0,2.9252191982470334e-31,9.679985539445336e-33,1.154681124044015e-33
10,lbfgs,1649,14598.681599999996,17598.681599999996,1.532586034645236e-07,1.516007834798937e-07,1.1889445352845363e-08,5.242382502243956e-08,8.728751310460878e-08,1.4112935360346995e-09,0.0,2.916002994598245e-31,9.680060443886264e-33,1.1574632109512928e-33
10,lbfgs,1659,14598.681599999996,17598.681599999996,1.4389172303243766e-07,1.3890671000677096e-07,1.0066666580933723e-08,5.3722449650607e-08,7.511759377523022e-08,4.738350187630918e-09,0.0,2.58292996255604e-31,9.686702926796022e-33,1.1557010709979565e-33
10,lbfgs,1669,14598.681599999996,17598.681599999996,1.2438951363976703e-07,1.2102529352056013e-07,3.767379637518785e-09,4.703806786338951e-08,7.021984601965183e-08,3.1173747756279693e-09,0.0,8.348980682052868e-32,9.687856212363463e-33,1.1553516095459018e-33
10,lbfgs,1679,14598.681599999996,17598.681599999996,1.2221393828351617e-07,1.203941966259572e-07,3.202238866994609e-09,4.373415591046592e-08,7.345780184849667e-08,1.5729421026471804e-09,0.0,7.116501026007414e-32,9.685459067575425e-33,1.1545273531001295e-33
10,lbfgs,1689,14598.681599999996,17598.681599999996,1.2139810250200012e-07,1.1940816663375122e-07,3.2169768544400586e-09,4.2256918212528414e-08,7.393427156678275e-08,1.7430179762884988e-09,0.0,7.00018598100122e-32,9.685302296039936e-33,1.1540735003298463e-33
10,lbfgs,1699,14598.681599999996,17598.681599999996,1.1834080609830267e-07,1.1692566024364362e-07,2.783657221729871e-09,3.9460399182092286e-08,7.468160383982146e-08,1.168074845948917e-09,0.0,5.46355641012443e-32,9.679374923565309e-33,1.1539299967987446e-33
10,lbfgs,1709,14598.681599999996,17598.681599999996,1.1050837099121907e-07,1.0907545124192359e-07,1.763004956766555e-09,3.707025932898306e-08,7.024218695617398e-08,1.1854284120046022e-09,0.0,3.1133659748863116e-32,9.694379990714528e-33,1.1565856730706143e-33
10,lbfgs,1719,14598.681599999996,17598.681599999996,1.0238582747417672e-07,9.97687814624166e-08,1.724072517287969e-10,3.728189775010816e-08,6.231447646057965e-08,2.3690838460308717e-09,0.0,1.707607345028784e-33,9.689314254353859e-33,1.1570003851705102e-33
10,lbfgs,1729,14598.681599999996,17598.681599999996,1.0077110396323602e-07,9.873392085856832e-08,2.2173052907107183e-10,3.781514161261586e-08,6.069704871688139e-08,1.7892002282684926e-09,0.0,1.6857889303955686e-33,9.690118836327198e-33,1.157356482154879e-33
10,lbfgs,1739,14598.681599999996,17598.681599999996,9.995231252000524e-08,9.811359256230191e-08,2.3290448832062337e-10,3.871111938571836e-08,5.916956868826293e-08,1.590723315511167e-09,0.0,2.4922950151530705e-33,9.691498811340237e-33,1.157331158068959e-33
10,lbfgs,1749,14598.681599999996,17598.681599999996,9.947837611722972e-08,9.769159663471015e-08,2.397152761966146e-10,3.85299631690592e-08,5.892191818945435e-08,1.5387773764343073e-09,0.0,2.599331595935102e-33,9.691327549040382e-33,1.1573317768794826e-33
10,lbfgs,1759,14598.681599999996,17598.681599999996,9.902569760585455e-08,9.72718081057231e-08,2.436012677183861e-10,3.83873074630213e-08,5.8640899374983405e-08,1.5058746181616775e-09,0.0,2.642369237146836e-33,9.691306780778235e-33,1.1573421367725202e-33
10,lbfgs,1769,14598.681599999996,17598.681599999996,9.858760206831235e-08,9.685677356808781e-08,2.4721426119255096e-10,3.8262106304570704e-08,5.834745300232455e-08,1.4827991457961244e-09,0.0,2.6810008242730867e-33,9.691340459806708e-33,1.1573536284643435e-33
10,lbfgs,1779,14598.681599999996,17598.681599999996,9.816300690578142e-08,9.645111128683025e-08,2.5115416651132645e-10,3.814445494760206e-08,5.805550217271686e-08,1.4638514691872214e-09,0.0,2.7232946228505407e-33,9.691396215235904e-33,1.1573671316555654e-33
10,lbfgs,1789,14598.681599999996,17598.681599999996,9.775135923985705e-08,9.60561138077081e-08,2.55662523455373e-10,3.8030595961401074e-08,5.776985532285165e-08,1.4471866111477086e-09,0.0,2.7708823307427718e-33,9.691465046749366e-33,1.1573835708552026e-33
10,lbfgs,1799,14598.681599999996,17598.681599999996,9.735251099068645e-08,9.56719309595491e-08,2.609988653336435e-10,3.7918398070654734e-08,5.7492534023560725e-08,1.4325068495657865e-09,0.0,2.824194689413057e-33,9.691546757793393e-33,1.1574042575008035e-33
10,lbfgs,1809,14598.681599999996,17598.681599999996,9.696668242412444e-08,9.529847412254806e-08,2.6752181480177055e-10,3.7805961132263776e-08,5.7224991175482514e-08,1.420121190693024e-09,0.0,2.8832867124301473e-33,9.691645379888049e-33,1.1574311040473234e-33
10,lbfgs,1819,14598.681599999996,17598.681599999996,9.59964797901607e-08,9.436595403258317e-08,3.037726378828647e-10,3.6986409493280475e-08,5.707577190141983e-08,1.3824983300562712e-09,0.0,3.865893916285594e-33,9.688587129237393e-33,1.157627631490057e-33
10,lbfgs,1829,14598.681599999996,17598.681599999996,8.54734157396918e-08,8.490768849495911e-08,1.011863158661501e-09,3.709575385765582e-08,4.680007147864179e-08,3.1701178012013516e-10,0.0,2.135259093609009e-32,9.69730115071691e-33,1.1585110256328157e-33
10,lbfgs,1839,14598.681599999996,17598.681599999996,7.994821797692343e-08,7.916112794318833e-08,1.7931498424411563e-09,3.824833983201455e-08,3.9119638268732624e-08,5.374600457177437e-10,0.0,3.556278545993733e-32,9.693538797410239e-33,1.1576001191423558e-33
10,lbfgs,1849,14598.681599999996,17598.681599999996,7.978534182820096e-08,7.895880868745729e-08,1.985740623223415e-09,3.87112675576122e-08,3.8261800506621667e-08,5.767951072348651e-10,0.0,4.072056988399855e-32,9.695716558503219e-33,1.1575629284042027e-33
10,lbfgs,1859,14598.681599999996,17598.681599999996,7.976153713627607e-08,7.894623674984332e-08,2.019241739492769e-09,3.879994700720811e-08,3.812704800314244e-08,5.655411412706307e-10,0.0,4.1660851340993873e-32,9.695717894099574e-33,1.1576245053082747e-33
10,lbfgs,1869,14598.681599999996,17598.681599999996,7.973809840410855e-08,7.892684692915006e-08,2.0477530593999777e-09,3.8876342189797584e-08,3.800275167995251e-08,5.614747016604448e-10,0.0,4.249092521278058e-32,9.695793949316793e-33,1.1576646510946465e-33
10,lbfgs,1879,14598.681599999996,17598.681599999996,7.972322670071356e-08,7.890700514633365e-08,2.05863546321408e-09,3.890411855358464e-08,3.7944251129534925e-08,5.664381468513971e-10,0.0,4.28272820901827e-32,9.695944818101018e-33,1.1576672603197e-33
10,lbfgs,1889,14598.681599999996,17598.681599999996,7.97096010247311e-08,7.889133368727555e-08,2.068193327649089e-09,3.89298845176537e-08,3.789325584197277e-08,5.684776861619315e-10,0.0,4.310191992790075e-32,9.696040161941636e-33,1.1576740924945244e-33
10,lbfgs,1899,14598.681599999996,17598.681599999996,7.969354155668447e-08,7.884358661849996e-08,2.0635818313756445e-09,3.891473585151789e-08,3.786526893560642e-08,6.001688085398818e-10,0.0,4.309472675786952e-32,9.696576291401285e-33,1.157614151629054e-33
10,lbfgs,1909,14598.681599999996,17598.681599999996,7.967955993807543e-08,7.886010721785666e-08,2.085070151285657e-09,3.897808858899839e-08,3.779694847757262e-08,5.696509934910427e-10,0.0,4.355716116987544e-32,9.696181469716124e-33,1.1576920488412185e-33
10,lbfgs,1919,14598.681599999996,17598.681599999996,7.966777503385186e-08,7.884956063497984e-08,2.0910428482013643e-09,3.899594142666024e-08,3.776257636011823e-08,5.684080308600992e-10,0.0,4.370375824185071e-32,9.696203824481004e-33,1.1577010742675075e-33
10,lbfgs,1929,14598.681599999996,17598.681599999996,7.965642459250694e-08,7.884205857879957e-08,2.09743070740345e-09,3.901533507610335e-08,3.772929279529277e-08,5.64554618773418e-10,0.0,4.3852663392678544e-32,9.696183878967936e-33,1.1577158018609682e-33
10,lbfgs,1939,14598.681599999996,17598.681599999996,7.964650237295395e-08,7.884299920997492e-08,2.106883057679805e-09,3.904470596177292e-08,3.769141019052219e-08,5.536845010124207e-10,0.0,4.4059027140587045e-32,9.696054853500528e-33,1.1577475826226563e-33
10,lbfgs,1949,14598.681599999996,17598.681599999996,7.963522275793295e-08,7.880800111243757e-08,2.0965438676889227e-09,3.901220379326097e-08,3.769925345148767e-08,5.77409818403246e-10,0.0,4.3859724600912923e-32,9.696427145226716e-33,1.1576927394626306e-33
10,lbfgs,1959,14598.681599999996,17598.681599999996,7.962491386333567e-08,7.878770250908677e-08,2.0939692109223853e-09,3.900447482127717e-08,3.76892584768872e-08,5.874007512036663e-10,0.0,4.3817568152610576e-32,9.696593847281281e-33,1.1576730352361221e-33
10,lbfgs,1969,14598.681599999996,17598.681599999996,7.961461355671137e-08,7.879577735040922e-08,2.105621827189902e-09,3.9038975118365646e-08,3.765118040485366e-08,5.690167799063473e-10,0.0,4.405991216910899e-32,9.696353555650437e-33,1.1577189733640046e-33
10,lbfgs,1979,14598.681599999996,17598.681599999996,7.960457272846023e-08,7.879643870672676e-08,2.1134652217269417e-09,3.906252142100063e-08,3.762045206399919e-08,5.583084035625787e-10,0.0,4.4225483861237223e-32,9.696218840109383e-33,1.1577478411313284e-33
10,lbfgs,1989,14598.681599999996,17598.681599999996,7.959433099809398e-08,7.876668148554201e-08,2.1044523993854764e-09,3.903404095046804e-08,3.762818813568848e-08,5.778297454009031e-10,0.0,4.404803194765706e-32,9.69651812336642e-33,1.1577028295385442e-33
10,lbfgs,1999,14598.681599999996,17598.681599999996,7.958556117831906e-08,7.87402256077186e-08,2.0968090070961e-09,3.9010982362955986e-08,3.763243423766651e-08,5.955206113246257e-10,0.0,4.389874940376138e-32,9.696781227987656e-33,1.1576646003892768e-33
10,lbfgs,2009,14598.681599999996,17598.681599999996,7.957442413280527e-08,7.876022626300235e-08,2.1143199143266323e-09,3.906197482103636e-08,3.758393152763935e-08,5.643699342617825e-10,0.0,4.425647516753573e-32,9.696357490641e-33,1.157738676166334e-33
10,lbfgs,2019,14598.681599999996,17598.681599999996,7.956493854770562e-08,7.873776218763663e-08,2.1084150929700593e-09,3.904290563351385e-08,3.758644146115273e-08,5.773520749241614e-10,0.0,4.414048960212122e-32,9.696556579497333e-33,1.15770926056641e-33
10,lbfgs,2029,14598.681599999996,17598.681599999996,7.955684149662151e-08,7.870880838265728e-08,2.098693816582821e-09,3.901346186229483e-08,3.7596652703779636e-08,5.982151169739725e-10,0.0,4.394771166253286e-32,9.696858108702838e-33,1.157663433451209e-33
11,adam,0,17598.681599999996,20000.0,0.10873247759750163,0.08154935812943437,0.00020636103370009297,0.05880698642501025,0.022536010670724027,0.027183119376478115,0.0,1.4026454680907887e-29,1.960000000007379e-30,2.499999999999994e-31
11,adam,24,17598.681599999996,20000.0,0.02566438948932581,0.011919222016197877,5.1555016549089515e-05,0.007856131706811471,0.004011535292837316,0.013745167379920766,0.0,8.531817436763656e-31,2.6957001895795004e-31,4.47699213721554e-32
11,adam,49,17598.681599999996,20000.0,0.020874569758974146,0.007554353755677642,2.7461827382942596e-06,0.004988094137193486,0.002563513435745861,0.01332021590764077,0.0,3.046180979240206e-32,1.7656939732510584e-31,2.846030365487283e-32
11,adam,74,17598.681599999996,20000.0,0.018541740177538332,0.005455030338135443,2.105275500749204e-06,0.003690794682713735,0.0017621303799209595,0.013086709740513696,0.0,3.580639527497754e-32,1.333009285047382e-31,1.9415746600607855e-32
11,adam,99,17598.681599999996,20000.0,0.017364871036183047,0.004527292782871159,1.7107802746784e-06,0.0030510821943376025,0.0014744998082588784,0.012837578151041184,0.0,1.927528778528407e-32,1.07708510741585e-31,1.6517914274228149e-32
11,adam,124,17598.681599999996,20000.0,0.016604347650238743,0.004010886684693479,1.4589604645611723e-06,0.0027033955951800835,0.0013060321290488345,0.012593460860526673,0.0,8.055653057284194e-33,9.324739198141243e-32,1.4961355639009444e-32
11,adam,149,17598.681599999996,20000.0,0.01605541706579853,0.003698854774087408,1.0380865959538347e-06,0.002502673654310914,0.00119514303318054,0.01235656218429447,0.0,5.758523121993282e-33,8.297433042562133e-32,1.386652035914859e-32
11,adam,174,17598.681599999996,20000.0,0.015682613915942688,0.0035379095189822614,9.63820699890701e-07,0.0024084234973281186,0.0011285222009542524,0.012144704287607609,0.0,6.558133087790625e-33,7.574566773148787e-32,1.3172738793000464e-32
11,adam,199,17598.681599999996,20000.0,0.015399672046248302,0.003438299504682043,8.504836704019133e-07,0.0023548175798709155,0.0010826314411407252,0.011961372430653991,0.0,6.316773341276984e-33,7.054828232313308e-32,1.2686000806486586e-32
11,adam,224,17598.681599999996,20000.0,0.015147950891595086,0.0033388041815448676,6.402649295527852e-07,0.0022943325275426247,0.00104383138907269,0.011809146597821918,0.0,4.5117448370513884e-33,6.600563123996803e-32,1.2317936575590227e-32
11,adam,249,17598.681599999996,20000.0,0.01490830722335644,0.0032459625638463756,3.5784854620183473e-07,0.0022270940483878183,0.0010185106669123552,0.011662344545980757,0.0,1.837603661670086e-33,6.305713117597503e-32,1.2107659380342718e-32
11,adam,274,17598.681599999996,20000.0,0.01458292304073725,0.0030705819270886825,3.0064268457917357e-07,0.002073156292786152,0.0009971249916179512,0.011512340998527324,0.0,8.618165114831848e-34,6.061711302589355e-32,1.1995381825681429e-32
11,adam,299,17598.681599999996,20000.0,0.013888529217716553,0.0025839898290726747,3.4961941987697343e-07,0.0016124785885979465,0.0009711616210548513,0.01130453927101017,0.0,6.47980123870301e-33,5.745301790640525e-32,1.1613939932448575e-32
11,adam,324,17598.681599999996,20000.0,0.012683110178478407,0.0019454397648128153,2.5779180407867895e-07,0.0011144888747997817,0.0008306930982089548,0.010737670292913398,0.0,4.691617964134559e-33,5.045282717198724e-32,9.211830554203939e-33
11,adam,349,17598.681599999996,20000.0,0.011518502124054501,0.0015789431051436071,3.410989964478682e-07,0.0009252447476779262,0.0006533572584692331,0.009939558894646379,0.0,5.040013281849501e-33,4.628550125535054e-32,7.826524451358192e-33
11,adam,374,17598.681599999996,20000.0,0.010467435902793403,0.0013429168212578252,3.103231586710396e-07,0.0008134956211934874,0.0005291108769056668,0.009124518953142027,0.0,3.753028624185414e-33,4.2806414903676154e-32,7.070334093641322e-33
11,adam,399,17598.681599999996,20000.0,0.009518800965099421,0.0011585743052618933,2.2419247939045004e-07,0.0007240870370504341,0.00043426307573206884,0.00836022652730894,0.0,2.0506787823241086e-33,3.993617220253392e-32,6.308985839174497e-33
11,adam,424,17598.681599999996,20000.0,0.008521589735317104,0.0008504068679650574,1.606554064126858e-07,0.0005345895462120753,0.00031565666634656944,0.007671182730954806,0.0,1.2901426329979713e-33,3.1821201288646537e-32,5.008581324710638e-33
11,adam,449,17598.681599999996,20000.0,0.0077940815059617365,0.0007547281675798845,1.6387680208748395e-07,0.0004825005966582789,0.00027206369411951817,0.007039353198253425,0.0,1.369121672517013e-33,2.9938535067643014e-32,4.5889620218691244e-33
11,adam,474,17598.681599999996,20000.0,0.007135813370342198,0.0006770558709038196,1.9024326246636492e-07,0.00043889104980306397,0.00023797457783828924,0.006458757355761996,0.0,1.5334822803764342e-33,2.8365770742911864e-32,4.2361908246614636e-33
11,adam,499,17598.681599999996,20000.0,0.006578676720999423,0.0006348994923618169,2.1819848558660578e-07,0.0004222579296307139,0.00021242336424551637,0.005943777081612411,0.0,1.3969830712606094e-33,2.645834550761721e-32,4.367117548239568e-33
11,adam,524,17598.681599999996,20000.0,0.006002744952572858,0.0005632032846514738,1.8923715669880845e-07,0.00037080949035419843,0.00019220455714057664,0.005439541517898091,0.0,1.3450624924397181e-33,2.553713243745516e-32,3.7845481141371236e-33
11,adam,549,17598.681599999996,20000.0,0.005515424652608545,0.0005195212345339053,1.816086128349265e-07,0.0003394388600304912,0.00017990076589057918,0.004995903265254702,0.0,1.2005156765986697e-33,2.4707416589428417e-32,3.465695043833274e-33
11,adam,574,17598.681599999996,20000.0,0.0050790422371177965,0.0004857591865101374,1.4985814511093364e-07,0.0003124533905549278,0.00017315593781009873,0.004593282895214541,0.0,1.2520186276224558e-33,2.3796152664915848e-32,3.2353985679387865e-33
11,adam,599,17598.681599999996,20000.0,0.004697993985316024,0.0004620267507404284,1.3617635272660765e-07,0.0002936608893493147,0.00016822968503838712,0.004235967076807752,0.0,1.2452062763599449e-33,2.3453440499089195e-32,2.938977888036178e-33
11,adam,624,17598.681599999996,20000.0,0.004348205405452837,0.0004594937037278727,1.1988201785299913e-07,0.0003040944952118229,0.0001552793264981968,0.003888711541558752,0.0,1.5011938254733628e-33,2.4197861341989885e-32,3.4276838239512854e-33
11,adam,649,17598.681599999996,20000.0,0.004034923803560246,0.00044043310708796393,9.207653146875395e-08,0.00029581644134998045,0.00014452458920651473,0.0035944905337943066,0.0,1.6589710590016696e-33,2.4923934254709216e-32,2.6889000498572405e-33
11,adam,674,17598.681599999996,20000.0,0.003685149944732026,0.00039338297897566806,7.955689338113865e-08,0.0002611672880758422,0.00013213613400644473,0.003291766800812921,0.0,1.4822961620454416e-33,2.289461100678174e-32,2.992434649543117e-33
11,adam,699,17598.681599999996,20000.0,0.0033910518955452365,0.0003614661558736441,6.81971826809089e-08,0.00023952922016470127,0.00012186873852626191,0.0030295855724125046,0.0,1.42087166457682e-33,2.1984638475192073e-32,3.0479714840321505e-33
11,adam,724,17598.681599999996,20000.0,0.0032483071299388355,0.0004433110103407305,1.0681836284703692e-07,0.0003084299483750437,0.00013477424360283977,0.0028049959500409415,0.0,4.102003622321555e-33,2.1725830459228117e-32,2.129372044018796e-33
11,adam,749,17598.681599999996,20000.0,0.0029262458845323966,0.0003393208675223913,6.567627503506919e-08,0.00020854969791468566,0.00013070549333267062,0.002586924845925261,0.0,2.1942321479299206e-33,1.957519258965392e-32,2.828227407373428e-33
11,adam,774,17598.681599999996,20000.0,0.0026638682853617635,0.0002826758233244508,5.870850988459622e-08,0.0001800224851364877,0.00010259462967807849,0.002381192288943987,0.0,1.736468315098297e-33,2.0157038729113348e-32,2.5385909348696466e-33
11,adam,799,17598.681599999996,20000.0,0.002450392346931966,0.00025520241237403667,5.1134201399413696e-08,0.00016444650612554708,9.070477204709018e-05,0.0021951897595202732,0.0,1.6539135157639223e-33,1.9694376235547528e-32,2.52993347744799e-33
11,adam,824,17598.681599999996,20000.0,0.0022451453068995457,0.00022036630320353004,5.4898607159579794e-08,0.00013959799290290243,8.071341169346804e-05,0.0020247788267205307,0.0,1.6315047004393224e-33,1.8490752965321957e-32,2.328390420372212e-33
11,adam,849,17598.681599999996,20000.0,0.0020651296865129907,0.00020028643121473936,6.619236495290018e-08,0.0001274424057937663,7.277783305602017e-05,0.0018648430763029732,0.0,1.8037089091454062e-33,1.8027944935361618e-32,2.2052740879620553e-33
11,adam,874,17598.681599999996,20000.0,0.0019861567098655697,0.00023868918637383926,4.1638760823467274e-07,0.0001412528801837575,9.701991858184709e-05,0.0017474673425019345,0.0,4.4055485050117e-33,1.954149000537941e-32,1.5922091855057066e-33
11,adam,899,17598.681599999996,20000.0,0.0027642428414176804,0.0011019812726798476,2.031047734981001e-06,0.0007027016977909164,0.0003972485271539502,0.0016622613850945805,0.0,4.6917169558790035e-32,1.7536018047571567e-32,2.5663263927520056e-33
11,adam,924,17598.681599999996,20000.0,0.0018881033455165686,0.0003935060722015147,4.3653493641594285e-07,0.0001882667924923702,0.00020480274477272856,0.001494597089344175,0.0,1.3225537590072879e-32,1.4320312917863847e-32,2.215102728771997e-33
11,adam,949,17598.681599999996,20000.0,0.001558490681955054,0.00019077987896709588,8.475162853603183e-08,0.00011493920158596278,7.575592575259707e-05,0.001367710616904456,0.0,3.266623500936188e-33,1.593356253124687e-32,1.9529639531398773e-33
11,adam,974,17598.681599999996,20000.0,0.0014112689417446443,0.00015048577305015043,7.897867525298143e-08,8.603514136424371e-05,6.437165301065375e-05,0.001260782980969691,0.0,2.6396784660763108e-33,1.622047132652305e-32,2.0123751246130422e-33
11,adam,999,17598.681599999996,20000.0,0.0012950589541201893,0.00013615707639409993,6.176516578191773e-08,7.889265489128946e-05,5.720265633702855e-05,0.0011589016883289277,0.0,2.1130074951777996e-33,1.5878066407607196e-32,1.973973611035335e-33
11,adam,1024,17598.681599999996,20000.0,0.0011915792856082375,0.00012764043312986232,6.809618600620936e-08,7.269547663735901e-05,5.487686030649708e-05,0.0010639386614615463,0.0,2.3523331833612743e-33,1.4974932474829981e-32,1.9531913972010705e-33
11,adam,1049,17598.681599999996,20000.0,0.0010938573244735456,0.00011740594296537281,6.635560898649676e-08,6.53592223880129e-05,5.198036496837343e-05,0.0009764511889420146,0.0,2.2787843379680266e-33,1.46166517437865e-32,1.9003554391216274e-33
11,adam,1074,17598.681599999996,20000.0,0.0010036750830394604,0.00010837769226325176,6.29420910657288e-08,5.939967057828372e-05,4.8915079593902306e-05,0.0008952971966965565,0.0,2.135945539739118e-33,1.4326813026436647e-32,1.8558401422318972e-33
11,adam,1099,17598.681599999996,20000.0,0.0009201391875807168,0.0001001374040930849,5.820680021900356e-08,5.406057813244599e-05,4.601861916041991e-05,0.0008200015879227699,0.0,1.949028034285198e-33,1.4061801533326338e-32,1.8180760804600613e-33
11,adam,1124,17598.681599999996,20000.0,0.0008426641995304387,9.248766031470234e-05,5.316010063026083e-08,4.919638729201061e-05,4.323811292206147e-05,0.0007501763421898411,0.0,1.75240664552651e-33,1.3814262828131527e-32,1.7850257574234416e-33
11,adam,1149,17598.681599999996,20000.0,0.0007708241223510535,8.534543862594996e-05,4.840816111143765e-08,4.474518457276137e-05,4.055184589207715e-05,0.0006854784852605034,0.0,1.5644712505785424e-33,1.3581471268652226e-32,1.7555997411987356e-33
11,adam,1174,17598.681599999996,20000.0,0.0007042625803159318,7.866910935391125e-05,4.4149385987410177e-08,4.064610361240436e-05,3.797885635551948e-05,0.0006255932710818875,0.0,1.3930522233264724e-33,1.3360686623916545e-32,1.728728016293663e-33
11,adam,1199,17598.681599999996,20000.0,0.0006426555660256946,7.242802947920474e-05,4.03619922150667e-08,3.686538771269637e-05,3.552227977429331e-05,0.0005702273352767205,0.0,1.2403914044374542e-33,1.3150323330770225e-32,1.7037400537470732e-33
11,adam,1224,17598.681599999996,20000.0,0.000585454996452325,6.698520488354346e-05,3.662049113660412e-08,3.34995147962636e-05,3.344906959614325e-05,0.0005184695889794432,0.0,1.0933251975688762e-33,1.271853153090221e-32,1.6125329842823222e-33
11,adam,1249,17598.681599999996,20000.0,0.0005331483825816388,6.167702477269881e-05,3.345748071544916e-08,3.01174951509479e-05,3.1526072141035464e-05,0.0004714711539657891,0.0,9.700880246449793e-34,1.2512583417481584e-32,1.5953310165659656e-33
11,adam,1274,17598.681599999996,20000.0,0.00048490644918114064,5.652738160808923e-05,3.073079740798334e-08,2.7143502239585513e-05,2.935314857109573e-05,0.00042837886250215405,0.0,8.691465968192885e-34,1.233345325556082e-32,1.5734268965174597e-33
11,adam,1299,17598.681599999996,20000.0,0.000440454670451916,5.170832486055157e-05,2.829389635972578e-08,2.4472177246671183e-05,2.7207853717520667e-05,0.0003887461393139121,0.0,7.840903520522049e-34,1.2169621699265158e-32,1.5527499770527116e-33
11,adam,1324,17598.681599999996,20000.0,0.0003995444969597942,4.72325269916991e-05,2.6092023095557698e-08,2.203330292739609e-05,2.517313204120745e-05,0.0003523117625072515,0.0,7.109427989570185e-34,1.2013522122881909e-32,1.5335164221731444e-33
11,adam,1349,17598.681599999996,20000.0,0.0003619413169608013,4.307643056116431e-05,2.413326244993956e-08,1.981304891301371e-05,2.3239248385700665e-05,0.00031886467777936765,0.0,6.48301537159694e-34,1.1864996341214857e-32,1.5155820001203719e-33
11,adam,1374,17598.681599999996,20000.0,0.0003274239878578547,3.921700080055457e-05,2.23943619139792e-08,1.7796174641163517e-05,2.139843179747707e-05,0.0002882067773017665,0.0,5.943761418130815e-34,1.1724292125115798e-32,1.4988795211206073e-33
11,adam,1399,17598.681599999996,20000.0,0.00029578442558762477,3.5636885206242605e-05,2.0859267298687237e-08,1.596745714345907e-05,1.9648568795484846e-05,0.000260147329514898,0.0,5.477309238838923e-34,1.1590793498096193e-32,1.4835004493596278e-33
11,lbfgs,1400,17598.681599999996,20000.0,0.0002960407257046127,3.696353653622569e-05,2.1298437572421475e-08,1.596073146318185e-05,2.0981506635471417e-05,0.00025907697825797263,0.0,5.733368776704122e-34,1.2412766643342385e-32,1.5617697560478195e-33
11,lbfgs,1409,17598.681599999996,20000.0,4.121845260622877e-05,3.071286704025949e-05,2.329097537770841e-08,8.547836183522351e-06,2.214173988135943e-05,1.0505372832825397e-05,0.0,5.774182684652525e-34,9.701897206004483e-33,1.592212047710985e-33
11,lbfgs,1419,17598.681599999996,20000.0,1.8205047247175467e-05,1.7333048488222574e-05,3.6125153321827356e-08,9.6537270167017e-06,7.643196318199045e-06,8.71785527739539e-07,0.0,1.2537061088055548e-33,1.0756533276909792e-32,1.4222635299801702e-33
11,lbfgs,1429,17598.681599999996,20000.0,1.0773551540475273e-05,1.061035170871382e-05,1.656058052048634e-08,4.675812830173496e-06,5.917978298019837e-06,1.6298603856279686e-07,0.0,3.7434183807376357e-34,1.113070383698995e-32,1.566007830008521e-33
11,lbfgs,1439,17598.681599999996,20000.0,4.603330094193407e-06,4.506454449264863e-06,4.06419219747054e-08,1.495797746314426e-06,2.9700147809757313e-06,9.666098767395284e-08,0.0,1.6927907177271606e-33,1.1016350650859792e-32,1.542572764425915e-33
11,lbfgs,1449,17598.681599999996,20000.0,2.3493520779109768e-06,2.297062622995491e-06,1.8935542546284732e-08,1.1252405843588371e-06,1.152886496090369e-06,5.207417529071766e-08,0.0,3.863844353004549e-34,1.0940374468126785e-32,1.4843773464957612e-33
11,lbfgs,1459,17598.681599999996,20000.0,1.4247948558405538e-06,1.396782309067149e-06,1.45254314649894e-08,5.497358061272362e-07,8.325210714749234e-07,2.7797166426579024e-08,0.0,4.120900002475563e-34,1.1006802086300282e-32,1.4880298667156249e-33
11,lbfgs,1469,17598.681599999996,20000.0,1.250002761853458e-06,1.2405617081225744e-06,3.8977553024907414e-08,4.261732623793246e-07,7.754108927183424e-07,9.225560813825e-09,0.0,1.4941634187078616e-33,1.1000343790447552e-32,1.4808334734908587e-33
11,lbfgs,1479,17598.681599999996,20000.0,8.381706008855348e-07,8.013644807150009e-07,5.7147039753717615e-08,2.9846761106524246e-07,4.4574982989604084e-07,3.659072575894948e-08,0.0,1.4462938988838872e-33,1.1021349348812766e-32,1.4754490656919953e-33
11,lbfgs,1489,17598.681599999996,20000.0,5.605481521776043e-07,5.578609386193718e-07,1.3761692030296283e-08,2.6073281271067215e-07,2.833664338784034e-07,2.4717193043070922e-09,0.0,3.917781703098549e-34,1.1041242737443782e-32,1.4688461411386214e-33
11,lbfgs,1499,17598.681599999996,20000.0,4.340539592101062e-07,4.2269570602771013e-07,1.524013516932051e-08,1.6049129968838736e-07,2.469642711700023e-07,1.1142717336834232e-08,0.0,3.033827298309524e-34,1.1106366819923981e-32,1.470719300693849e-33
11,lbfgs,1509,17598.681599999996,20000.0,3.573232725741635e-07,3.477551456115059e-07,1.5963896545000387e-08,1.0417016338937577e-07,2.2762108567712975e-07,9.352598787747373e-09,0.0,3.6832618864893836e-34,1.1092373154376001e-32,1.474561952158033e-33
11,lbfgs,1519,17598.681599999996,20000.0,3.17891564715248e-07,3.1319905048037517e-07,1.1198077503519399e-08,9.446478583534259e-08,2.0753618714151316e-07,4.476923665544004e-09,0.0,2.2547822340086723e-34,1.1098696838675164e-32,1.4718094815693377e-33
11,lbfgs,1529,17598.681599999996,20000.0,2.943533381377428e-07,2.886956048005836e-07,1.0101566894533245e-08,8.218009669844965e-08,1.964139412076007e-07,5.442141593294615e-09,0.0,2.009232694439776e-34,1.1128588540915148e-32,1.4734272140411136e-33
11,lbfgs,1539,17598.681599999996,20000.0,2.7033861529478714e-07,2.632051697138921e-07,8.23259616370411e-09,7.332086441398069e-08,1.816517091362073e-07,6.917813789489677e-09,0.0,1.8471251377621066e-34,1.1108305634817799e-32,1.4683833405917727e-33
11,lbfgs,1549,17598.681599999996,20000.0,2.478860197855724e-07,2.406362070222232e-07,7.919628988697254e-09,6.53796180943275e-08,1.673369599391984e-07,7.034167559771136e-09,0.0,1.801546006495657e-34,1.111649123314965e-32,1.4709888374195422e-33
11,lbfgs,1559,17598.681599999996,20000.0,2.4114582672624484e-07,2.3691592703002158e-07,7.637371994767079e-09,6.63800840704984e-08,1.6289847096475612e-07,4.0142421135867905e-09,0.0,1.6385666487780832e-34,1.1101628379827446e-32,1.473498223633442e-33
11,lbfgs,1569,17598.681599999996,20000.0,2.2988935660956638e-07,2.2738724061361229e-07,7.265465358033409e-09,7.241869824216017e-08,1.4770307701341872e-07,2.286471822084591e-09,0.0,1.6501124275256725e-34,1.1117312250567608e-32,1.4692344743995887e-33
11,lbfgs,1579,17598.681599999996,20000.0,2.2945921348445046e-07,2.2681777945982857e-07,7.274175753470497e-09,7.160003965615594e-08,1.4794356405020213e-07,2.4257910580699506e-09,0.0,1.6552563491492374e-34,1.1117552862254588e-32,1.4691167066168984e-33
11,lbfgs,1589,17598.681599999996,20000.0,2.2910956505121413e-07,2.2648563580362262e-07,7.231338352187521e-09,7.152372041082591e-08,1.4773057704060918e-07,2.4082851342820036e-09,0.0,1.6379282889328918e-34,1.1117562761113808e-32,1.4692397227347158e-33
11,lbfgs,1599,17598.681599999996,20000.0,2.2868592892657325e-07,2.2607237145170026e-07,7.1887716747052725e-09,7.143482904438866e-08,1.4744877073260634e-07,2.3979122742326675e-09,0.0,1.619739134975533e-34,1.1117590179220788e-32,1.4693774070253725e-33
11,lbfgs,1609,17598.681599999996,20000.0,2.2838397487193664e-07,2.2574775780737797e-07,7.204726377813391e-09,7.13190733944572e-08,1.4722395803510737e-07,2.4205722838546934e-09,0.0,1.6293588937787314e-34,1.1117981606903531e-32,1.469259852462567e-33
11,lbfgs,1619,17598.681599999996,20000.0,2.2807469696687807e-07,2.2544586604415655e-07,7.175651669379771e-09,7.126893632551612e-08,1.4700127804926067e-07,2.4131854400986355e-09,0.0,1.6165291230311111e-34,1.1117999008148391e-32,1.4693628629555969e-33
11,lbfgs,1629,17598.681599999996,20000.0,2.277439208005288e-07,2.2511724340635108e-07,7.1488074569811106e-09,7.122432271415998e-08,1.4674411323521e-07,2.411031330735466e-09,0.0,1.604006384213941e-34,1.1118034516911733e-32,1.4694701850548227e-33
11,lbfgs,1639,17598.681599999996,20000.0,2.2746576591380773e-07,2.2483605103829157e-07,7.13791094952253e-09,7.114988981248171e-08,1.4654825027628733e-07,2.414068514151874e-09,0.0,1.6004507448222954e-34,1.1118159339867879e-32,1.4694866374920854e-33
11,lbfgs,1649,17598.681599999996,20000.0,2.27190075381158e-07,2.2455874582142555e-07,7.122626463068823e-09,7.109187357466613e-08,1.463442457836906e-07,2.415682845578778e-09,0.0,1.5940872065284903e-34,1.1118229335554701e-32,1.4695368562351442e-33
11,lbfgs,1659,17598.681599999996,20000.0,2.2669410532727346e-07,2.2404942462743235e-07,7.125439390434322e-09,7.082024635041607e-08,1.4610373888658195e-07,2.429033248333436e-09,0.0,1.606408388035014e-34,1.1118759271570219e-32,1.4693468087002444e-33
11,lbfgs,1669,17598.681599999996,20000.0,2.2643903223158065e-07,2.2380031333964597e-07,7.0884495889239934e-09,7.085972096422083e-08,1.4585214278650115e-07,2.423071096101517e-09,0.0,1.5845349048948322e-34,1.1118558241521885e-32,1.4695644315433903e-33
11,lbfgs,1679,17598.681599999996,20000.0,2.2620639189242112e-07,2.2356416314360627e-07,7.0807828033360385e-09,7.07664283784474e-08,1.4571695196182284e-07,2.426580605869856e-09,0.0,1.5838906114651165e-34,1.1118691123794965e-32,1.4695439593568181e-33
11,lbfgs,1689,17598.681599999996,20000.0,2.1174568369706157e-07,2.0837626327288857e-07,6.045209365173554e-09,6.988968479394463e-08,1.324413691137704e-07,3.1537309832191883e-09,0.0,1.264929436913438e-34,1.1124779152410014e-32,1.4722905183641228e-33
11,lbfgs,1699,17598.681599999996,20000.0,1.7904206557671966e-07,1.7602149319402722e-07,5.141712063267079e-09,3.977099649947493e-08,1.311087846312852e-07,2.8048265169546472e-09,0.0,1.1420469970969325e-34,1.1127943070807881e-32,1.4682154091126899e-33
11,lbfgs,1709,17598.681599999996,20000.0,1.7308928993695755e-07,1.7082855322873237e-07,4.552640987472072e-09,3.543480449689239e-08,1.308411077443679e-07,2.0449996744122474e-09,0.0,1.0528467025175026e-34,1.1124025040709646e-32,1.4712549837375688e-33
11,lbfgs,1719,17598.681599999996,20000.0,1.6402731679015032e-07,1.621202225244941e-07,4.7719749370668565e-09,4.034615151046485e-08,1.1700209607696239e-07,1.6913465769736555e-09,0.0,1.4270582321995913e-34,1.1133093966178314e-32,1.467463509860982e-33
11,lbfgs,1729,17598.681599999996,20000.0,1.4722566040339617e-07,1.4610928115401032e-07,5.699143453977998e-09,3.744287946522026e-08,1.0296725823481207e-07,9.006209635242485e-10,0.0,8.658201695672921e-35,1.1151878290912631e-32,1.4718625072442842e-33
11,lbfgs,1739,17598.681599999996,20000.0,1.3589908635693983e-07,1.348820111413507e-07,3.5100395148642407e-09,3.9298430591378026e-08,9.207354103510844e-08,8.01304449701403e-10,0.0,1.0849299012304199e-34,1.11571269829315e-32,1.472903635487121e-33
11,lbfgs,1749,17598.681599999996,20000.0,1.2935980947700775e-07,1.2821385355232685e-07,3.0304705053051563e-09,3.957788804304642e-08,8.560549500397528e-08,9.302008394677651e-10,0.0,8.730539282835263e-35,1.115731716911056e-32,1.471305553995711e-33
11,lbfgs,1759,17598.681599999996,20000.0,1.1708966953232991e-07,1.1547836249595112e-07,4.191826137957844e-09,3.673525689462312e-08,7.455127946337015e-08,1.3955711021445424e-09,0.0,1.3037720484410114e-34,1.1154040241849708e-32,1.4724361457144479e-33
11,lbfgs,1769,17598.681599999996,20000.0,9.833610323351453e-08,9.680904693946495e-08,4.669179075540051e-09,3.32981474773434e-08,5.88417203865815e-08,1.3113140619993807e-09,0.0,1.584791214340691e-34,1.1143618718025526e-32,1.4659876447149728e-33
11,lbfgs,1779,17598.681599999996,20000.0,8.704402668983157e-08,8.649422996051587e-08,3.517708558864342e-09,2.874465668308647e-08,5.4231864718565063e-08,3.340837012285832e-10,0.0,1.302081636539359e-34,1.1128179147156515e-32,1.4689087373473286e-33
11,lbfgs,1789,17598.681599999996,20000.0,8.110677055080378e-08,8.066038298782903e-08,2.3909458371089855e-09,2.6080585478181843e-08,5.218885167253821e-08,2.306935782641769e-10,0.0,9.399319164342455e-35,1.1133044297031757e-32,1.4682665292092927e-33
11,lbfgs,1799,17598.681599999996,20000.0,7.940957299512831e-08,7.888063810741271e-08,2.489730894287075e-09,2.5717554962005112e-08,5.067335225112053e-08,3.1324536165261457e-10,0.0,9.450958111078901e-35,1.1127851465661741e-32,1.4676125968782247e-33
11,lbfgs,1809,17598.681599999996,20000.0,7.792875878183689e-08,7.751565706249175e-08,2.579711887472303e-09,2.551346739961261e-08,4.9422477775406836e-08,1.9740705581921823e-10,0.0,9.926642495230334e-35,1.1123864498061271e-32,1.4673859317386538e-33
11,lbfgs,1819,17598.681599999996,20000.0,6.556957846847414e-08,6.365338474096905e-08,1.5588426587666105e-09,2.082986076007415e-08,4.126468132212829e-08,1.7005015513697622e-09,0.0,1.7584882165337623e-35,1.1119352375384926e-32,1.4681398604299355e-33
11,lbfgs,1829,17598.681599999996,20000.0,5.586484291627221e-08,5.4843683455088e-08,2.0854779949459656e-09,1.98230015451342e-08,3.293520391500783e-08,8.054935208284821e-10,0.0,6.885673553743376e-35,1.111717527841771e-32,1.467783167100802e-33
11,lbfgs,1839,17598.681599999996,20000.0,5.529200128544903e-08,5.445645884509817e-08,2.0442229129211355e-09,1.987900419099848e-08,3.2533231741178553e-08,6.198774946684761e-10,0.0,7.03142242805914e-35,1.111676723846438e-32,1.4678162123559928e-33
11,lbfgs,1849,17598.681599999996,20000.0,5.502496669867596e-08,5.417431543169807e-08,1.9870921296804128e-09,1.9924318150016813e-08,3.226290515200084e-08,6.349881751528911e-10,0.0,6.876016333065543e-35,1.1117486971065598e-32,1.4678349117605705e-33
11,lbfgs,1859,17598.681599999996,20000.0,5.327506691266118e-08,5.283115387298579e-08,1.718220855217209e-09,2.147243941506554e-08,2.964049360270304e-08,2.2825868460960907e-10,0.0,6.412149348996755e-35,1.1120781574950674e-32,1.4689349041268206e-33
11,lbfgs,1869,17598.681599999996,20000.0,4.853462181393073e-08,4.775592036274752e-08,1.642686013775211e-09,1.9704525258003282e-08,2.6408709090969027e-08,5.630381984815959e-10,0.0,2.9241573748238424e-35,1.1124309533074694e-32,1.469128077493537e-33
11,lbfgs,1879,17598.681599999996,20000.0,4.6758463463406636e-08,4.618518298452597e-08,1.5091925387949114e-09,2.0185950304852174e-08,2.4490040140878886e-08,3.576173680719987e-10,0.0,3.6821239125780335e-35,1.1125988401935729e-32,1.4692416224094809e-33
11,lbfgs,1889,17598.681599999996,20000.0,4.217322505921028e-08,4.152925812763811e-08,1.8102747596099454e-09,1.992041262952182e-08,1.9798570738506347e-08,4.282995347661612e-10,0.0,7.057633982859297e-35,1.1126908873777669e-32,1.469333051459745e-33
11,lbfgs,1899,17598.681599999996,20000.0,3.988383344808698e-08,3.931813594244746e-08,2.538236090586435e-09,1.9637477170112805e-08,1.7142422681748216e-08,3.500455235043422e-10,0.0,1.2616164478329771e-34,1.1129308776318588e-32,1.468680221702383e-33
11,lbfgs,1909,17598.681599999996,20000.0,3.969804497854419e-08,3.9130948423604305e-08,2.5552519142859084e-09,1.9367895648972264e-08,1.7207800860346138e-08,3.514441620935464e-10,0.0,1.2685512848421357e-34,1.1128862240860894e-32,1.4689554504703115e-33
11,lbfgs,1919,17598.681599999996,20000.0,3.960626952712807e-08,3.903524117727121e-08,2.542069313135884e-09,1.9342848712843114e-08,1.7150323151292213e-08,3.553761519674934e-10,0.0,1.255826922288288e-34,1.1128762092602143e-32,1.4689435738895815e-33
11,lbfgs,1929,17598.681599999996,20000.0,3.954814887570619e-08,3.8981045607896165e-08,2.5285809864305614e-09,1.934687912154195e-08,1.7105585499923654e-08,3.514511228139463e-10,0.0,1.2456153478333162e-34,1.1128619084421328e-32,1.4689356289657298e-33
11,lbfgs,1939,17598.681599999996,20000.0,3.947167512240803e-08,3.889030337440087e-08,2.5044311933642183e-09,1.9338549015206386e-08,1.7047323165830268e-08,3.6571978693509493e-10,0.0,1.2290626106379347e-34,1.1128542818921187e-32,1.4689057766291026e-33
11,lbfgs,1949,17598.681599999996,20000.0,3.941600766563463e-08,3.8859602554000944e-08,2.489905236557838e-09,1.935715723513354e-08,1.7012540082309567e-08,3.407529842925417e-10,0.0,1.2196316083085465e-34,1.1128341283657987e-32,1.4689215687606649e-33
11,lbfgs,1959,17598.681599999996,20000.0,3.9332774329776535e-08,3.878509100802693e-08,2.4629426815132613e-09,1.936158561209278e-08,1.6960562714420895e-08,3.320311414905224e-10,0.0,1.202545222105361e-34,1.112822101520482e-32,1.4689159846771509e-33
11,lbfgs,1969,17598.681599999996,20000.0,3.925948138437028e-08,3.874364170328316e-08,2.440757010670178e-09,1.938444685831383e-08,1.6918437834299154e-08,3.0018723624690866e-10,0.0,1.1885792379210946e-34,1.112801141823616e-32,1.4689376035063021e-33
11,lbfgs,1979,17598.681599999996,20000.0,3.920521011631588e-08,3.864308707936837e-08,2.4160671176767432e-09,1.934197555497849e-08,1.6885044406713143e-08,3.4647096353099935e-10,0.0,1.173960217217628e-34,1.112824973306198e-32,1.4688793919899783e-33
11,lbfgs,1989,17598.681599999996,20000.0,3.914362754534401e-08,3.8575529412835335e-08,2.393346923282292e-09,1.9332403850836076e-08,1.6849778638716964e-08,3.52446097617347e-10,0.0,1.1600930563185017e-34,1.112827133195171e-32,1.4688631430204826e-33
11,lbfgs,1999,17598.681599999996,20000.0,3.9083188778915385e-08,3.8497859879164655e-08,2.369264369292699e-09,1.9314357078119776e-08,1.6814238431752182e-08,3.696769889102224e-10,0.0,1.1453689126529593e-34,1.1128353729541966e-32,1.4688358728708772e-33
11,lbfgs,2009,17598.681599999996,20000.0,3.9033174761084314e-08,3.847962723036928e-08,2.3559706779873937e-09,1.933390725445211e-08,1.678974929792978e-08,3.37895368041934e-10,0.0,1.1371367453458395e-34,1.1128188946379256e-32,1.4688605909082476e-33
11,lbfgs,2019,17598.681599999996,20000.0,3.897966506139058e-08,3.842803715009095e-08,2.3371385626640235e-09,1.9330417230836518e-08,1.6760481356590412e-08,3.359757278392239e-10,0.0,1.1255834167958765e-34,1.1128177819453386e-32,1.4688541957600644e-33
11,lbfgs,2029,17598.681599999996,20000.0,3.8931484001735036e-08,3.837973478493384e-08,2.319968645936514e-09,1.9325669541610175e-08,1.6734096597387152e-08,3.3609703023511943e-10,0.0,1.115037396116122e-34,1.1128178174987218e-32,1.4688465581315672e-33
11,lbfgs,2039,17598.681599999996,20000.0,3.888442173419301e-08,3.833225083189147e-08,2.303209409689614e-09,1.9320720397166878e-08,1.6708321025034975e-08,3.3651871608269185e-10,0.0,1.1047231206347103e-34,1.112818048300333e-32,1.4688388304010072e-33
11,lbfgs,2049,17598.681599999996,20000.0,3.882763696540498e-08,3.828025237694886e-08,2.2837084636812254e-09,1.931894347868001e-08,1.6677600434587628e-08,3.317323614656087e-10,0.0,1.0926395330283384e-34,1.1128155581753947e-32,1.4688350269954596e-33
11,lbfgs,2059,17598.681599999996,20000.0,3.878266245877839e-08,3.823299684726492e-08,2.2674680884869305e-09,1.931255879134151e-08,1.665296996743648e-08,3.3401340183770107e-10,0.0,1.0826627634096154e-34,1.1128168096186538e-32,1.4688257788628252e-33
11,lbfgs,2069,17598.681599999996,20000.0,3.8736579370937406e-08,3.818677864014279e-08,2.2511372642090092e-09,1.9307760293325527e-08,1.6627881082608258e-08,3.34148521589438e-10,0.0,1.0725873025218932e-34,1.1128169330470799e-32,1.468818629473052e-33
11,lbfgs,2079,17598.681599999996,20000.0,3.8693208276613863e-08,3.814166011205335e-08,2.235646434711248e-09,1.9301882555237934e-08,1.660413112210417e-08,3.358959694668051e-10,0.0,1.0630244728545119e-34,1.1128178974944863e-32,1.468810207479414e-33
11,lbfgs,2089,17598.681599999996,20000.0,3.863918866386346e-08,3.80918757779106e-08,2.2172804486970596e-09,1.9299718921267213e-08,1.6574876407946332e-08,3.316606585349024e-10,0.0,1.051509591815646e-34,1.1128157322953351e-32,1.4688063647406178e-33
11,lbfgs,2099,17598.681599999996,20000.0,3.859510587251757e-08,3.804706746180835e-08,2.201706855901888e-09,1.929451244597573e-08,1.6550848159930738e-08,3.3238619030231007e-10,0.0,1.0418711458573979e-34,1.112816166938191e-32,1.4687989574892694e-33
11,lbfgs,2109,17598.681599999996,20000.0,3.8551631745130455e-08,3.800297091885465e-08,2.186481141319771e-09,1.928939490377345e-08,1.6527094873761426e-08,3.3300861261923756e-10,0.0,1.0323882041187811e-34,1.1128165377799978e-32,1.4687917264842985e-33
