window,stage,step,t0,t1,total,physics,res_S,res_E,res_I,endpoint_physics,bound,orig_mse_S,orig_mse_E,orig_mse_I
0,adam,0,0.0,250.0,1.7263135447821407,1.2947351585188782,0.10015118908009016,0.1945839694387881,1.0,0.4315783861729594,0.0,1.2978036600143544e-12,8.070097714916518e-12,8.999999999999995e-12
0,adam,24,0.0,250.0,0.345298442522388,0.1567440140685991,0.01751469507632598,0.03100444662774841,0.10822487236452472,0.18855442836167047,0.0,5.65603119557122e-12,9.035800460705539e-13,1.2591108626097191e-12
0,adam,49,0.0,250.0,0.28069457228312517,0.10561203281635845,0.0012689889581855853,0.028506609600435447,0.07583643425773742,0.1750825393742915,0.0,1.9382565741975313e-13,7.228616581672957e-13,8.675648224225016e-13
0,adam,74,0.0,250.0,0.23380523250199067,0.07608695925999756,0.0006122707368358687,0.01915501515209323,0.056319673371068454,0.15771827314779688,0.0,3.672001753472342e-13,5.440550048606607e-13,6.84787472422314e-13
0,adam,99,0.0,250.0,0.174318881881498,0.04942403538594387,0.0031352240490944696,0.012413676174704333,0.03387513516214507,0.12489484639832094,0.0,6.874785535393014e-13,3.347810249084828e-13,5.625002894772139e-13
0,adam,124,0.0,250.0,0.16717169268943086,0.05103956484479587,0.0007037954110841198,0.016049385275475326,0.03428638415823643,0.11613212774677295,0.0,2.7684743972259186e-13,4.3608491557276535e-13,7.291968297143689e-13
0,adam,149,0.0,250.0,0.12434931716687281,0.03246299619543768,0.0015921626703051105,0.01142221784334858,0.01944861568178399,0.09188632087245248,0.0,5.964646997753066e-13,2.925251286604688e-13,4.347566007677611e-13
0,adam,174,0.0,250.0,0.13349278712877177,0.042447860778482935,0.0026709892857601177,0.026080321973067557,0.013696549519655255,0.09104492625053782,0.0,1.0183860996505992e-12,5.797792112671031e-13,3.4717235028454636e-13
0,adam,199,0.0,250.0,0.1034622554328148,0.029514361341015587,0.0031220354317622553,0.01027240426272505,0.01611992164652828,0.07394789399148648,0.0,1.008177147324497e-12,2.9297209387689383e-13,5.456695712457478e-13
0,adam,224,0.0,250.0,0.5899787708156952,0.3609806630789548,0.0037294012757364183,0.08283786592286078,0.2744133958803576,0.2289981076358968,0.0,1.5030006594464409e-12,4.276730907424098e-12,5.143751561674008e-12
0,adam,249,0.0,250.0,0.16719033869897354,0.05825474173752147,0.0015285206635694863,0.021585208330588995,0.035141012743362995,0.1089355968627528,0.0,6.265411524117917e-13,7.758574213129191e-13,1.1030565870310027e-12
0,adam,274,0.0,250.0,0.1035467028993011,0.026740089030920948,0.002126623118591378,0.009284557060175981,0.015328908852153591,0.07680661376861106,0.0,4.745488472108927e-13,3.1917168651316197e-13,5.042241593168013e-13
0,adam,299,0.0,250.0,0.0858065609948631,0.025240601604977184,0.0034160073189890183,0.010541845860193723,0.011282748425794444,0.06056595928860368,0.0,1.182479463957582e-12,3.140501853230533e-13,4.60462864022615e-13
0,adam,324,0.0,250.0,0.07433042145720319,0.021114552612240323,0.0030241088430400425,0.007746636494003657,0.01034380727519662,0.05321586874212616,0.0,9.081896999295399e-13,2.454638999712653e-13,4.707068120791141e-13
0,adam,349,0.0,250.0,0.5276283724163546,0.29153763208717876,0.003063074047113368,0.26573942666901307,0.02273513137105234,0.23609074022511486,0.0,3.207864912359221e-12,7.2659089008272184e-12,5.399618475101625e-12
0,adam,374,0.0,250.0,0.066901616587159,0.01563186849321474,0.0011105638301298424,0.007334261488020848,0.007187043175064052,0.05126974798953674,0.0,4.288562706424708e-13,2.562656164087538e-13,2.6239744232407463e-13
0,adam,399,0.0,250.0,0.06095771285626893,0.018548778502364676,0.000905682303890872,0.006702299978542828,0.010940796219930977,0.042408934247872,0.0,2.7541644595459377e-13,2.5348101253666875e-13,6.8567527240059e-13
0,adam,424,0.0,250.0,0.05571131459998789,0.015729421489088402,0.00045446399023214346,0.009928770966575838,0.0053461865322804196,0.03998189300419306,0.0,1.3173141484329652e-13,3.4867533941577213e-13,1.9234768215314568e-13
0,adam,449,0.0,250.0,0.22406641607191016,0.10853258830458518,0.002718547839491244,0.08963330604585029,0.016180734419243645,0.11553382766248822,0.0,4.851219683973271e-12,2.9004189189017217e-12,1.7166690815875196e-12
0,adam,474,0.0,250.0,0.07361213931417732,0.016149040979146562,0.0003450817622981453,0.006765134312813342,0.009038824904035075,0.0574630982306804,0.0,2.980257811823548e-13,2.520258002984869e-13,3.4724494102162126e-13
0,adam,499,0.0,250.0,0.05378701486282426,0.015191242137445063,0.0008356308249365772,0.0070738946945431555,0.00728171661796533,0.03859577261950443,0.0,4.177849026535906e-13,2.2472749605969732e-13,3.511476052036236e-13
0,adam,524,0.0,250.0,0.08575857098280378,0.042472893250008914,0.0008111336752761359,0.017448266805957315,0.024213492768775463,0.04328567762484594,0.0,8.617785836741737e-13,8.387887265150405e-13,1.522368001655836e-12
0,adam,549,0.0,250.0,0.17314159435061688,0.09993215864824434,0.0007924022501437909,0.03770191789326531,0.061437838504835245,0.07320943559393761,0.0,8.427124796140028e-13,2.0291016868417214e-12,2.7208763091544776e-12
0,adam,574,0.0,250.0,0.3374699279971972,0.18935135292173155,0.0016275747982900277,0.17115768384746669,0.016566094275974816,0.1481185749678284,0.0,2.9604903830000622e-12,4.652207940497217e-12,3.740272774223272e-12
0,adam,599,0.0,250.0,0.07222630112255608,0.020913281765803593,0.00045770668796867514,0.015224217392317094,0.0052313576855178255,0.05131301924986182,0.0,5.792058782040157e-13,5.006083260539191e-13,2.139428602895777e-13
0,adam,624,0.0,250.0,0.04167637214741439,0.012144360672252746,0.0005027509185214605,0.004478162796374607,0.00716344695735668,0.029532011367048208,0.0,1.821999103888916e-13,1.470239646900439e-13,3.8428682781407143e-13
0,adam,649,0.0,250.0,0.03559532365303247,0.012401134402873513,0.0005581813351757407,0.004095919018546039,0.007747034049151734,0.023194189139986183,0.0,3.569104329800151e-13,1.6028172204681596e-13,4.816239932867239e-13
0,adam,674,0.0,250.0,0.040382776558491075,0.018568312675131995,0.0008121303317128138,0.007198664496543291,0.01055751784687589,0.0218144637719104,0.0,7.434530702957405e-13,3.204954842062854e-13,6.713303557712914e-13
0,adam,699,0.0,250.0,1.8085006157501147,1.2385394122974163,0.014242802090350651,1.187957850184801,0.036338760022264584,0.5699612033406202,0.0,3.5077716697784126e-11,2.4066450159727135e-11,1.9407674150533403e-11
0,adam,724,0.0,250.0,0.14625007434000442,0.0995739052355391,0.0011847088444497083,0.08883232015349234,0.009556876237597062,0.046676168993900174,0.0,1.1446231742971312e-12,2.382491863187271e-12,1.427068021744773e-12
0,adam,749,0.0,250.0,0.14103906872022767,0.07966410623146922,0.0021979493289068282,0.03460958994899767,0.04285656695356471,0.06137496237961915,0.0,2.4835939051837427e-12,1.6188273399754646e-12,1.812102333487275e-12
0,adam,774,0.0,250.0,0.06389660786572697,0.017670327170452842,0.0007581305850952655,0.012558728809902229,0.004353467775455348,0.04622628058685957,0.0,9.181889069743593e-13,4.223373180453425e-13,1.6249223942280057e-13
0,adam,799,0.0,250.0,0.03597347334342415,0.009400754613404581,0.0003957539156485843,0.004005470032222945,0.004999530665533051,0.02657271862057417,0.0,1.4893027282583423e-13,1.3493769580375957e-13,2.057683491803935e-13
0,adam,824,0.0,250.0,0.024708861762992782,0.006958040130636234,0.0003528112854608906,0.0022257819640815754,0.004379446881093768,0.017750821521043313,0.0,1.2120263656559995e-13,7.54281243345184e-14,2.1407781767415378e-13
0,adam,849,0.0,250.0,0.01821691489979561,0.005827483877808149,0.00040967203498375285,0.0019579989110796495,0.003459812931744746,0.012389430909021946,0.0,1.3598950617518895e-13,6.641564193343579e-14,1.4431595879315036e-13
0,adam,874,0.0,250.0,0.03274293731109449,0.01691352594889916,0.0005799076942233767,0.006999603025691753,0.00933401522898403,0.01582941124835054,0.0,4.509206118573131e-13,3.6518260856443455e-13,6.580481837140241e-13
0,adam,899,0.0,250.0,0.0366851743257354,0.017923656780824818,0.0010671730709659894,0.007149520768603422,0.009706962941255405,0.018761517430481402,0.0,1.0553209599752276e-12,3.545977292420638e-13,7.001133121167375e-13
0,adam,924,0.0,250.0,0.035909263932479674,0.015295762694224523,0.0006070642815812795,0.007190153950221973,0.007498544462421272,0.020613501125200565,0.0,4.4551735731763465e-13,3.7004132239493084e-13,5.466428149146018e-13
0,adam,949,0.0,250.0,0.029727551916610608,0.015040777821009117,0.000418418391100413,0.006267694744843012,0.008354664685065693,0.014686773982263424,0.0,2.6006927273075505e-13,3.365171665027223e-13,6.156205870872604e-13
0,adam,974,0.0,250.0,0.0225562310690639,0.010288327708326455,0.0002891109717002954,0.006608118898475415,0.003391097838150744,0.012267903246353825,0.0,1.2838238740256638e-13,2.811369869537951e-13,1.9780583217013002e-13
0,adam,999,0.0,250.0,0.16878849207342397,0.10420649019329938,0.0011029113337946523,0.09152059912502868,0.011582979734476037,0.06458200176502885,0.0,1.8685587873072318e-12,3.3723386034826252e-12,2.787134254306652e-12
0,adam,1024,0.0,250.0,0.09461307320114792,0.058549309896609045,0.007010904479827073,0.043600949815159114,0.007937455601622857,0.03606376318971702,0.0,7.629327031912392e-12,1.6387835024313306e-12,1.3623928071976523e-12
0,adam,1049,0.0,250.0,0.06052217011940588,0.03562654845555473,0.0013484933873105223,0.016979898226571147,0.017298156841673053,0.02489562154985683,0.0,1.9429026904521374e-12,1.0252630951462595e-12,1.2554708229007729e-12
0,adam,1074,0.0,250.0,0.04074377556895147,0.020738225064458948,0.0006220292018205593,0.009941092641358291,0.010175103221280096,0.020005550390874285,0.0,6.834915642821307e-13,5.833554495688452e-13,7.750934525050145e-13
0,adam,1099,0.0,250.0,0.06095593231037904,0.030854428652901045,0.0005287644209456762,0.02467213096519105,0.005653533266764321,0.030101503543867886,0.0,8.212506759869097e-13,1.0038407566300046e-12,8.12578381211685e-13
0,adam,1124,0.0,250.0,0.046787885653184105,0.02177046315526961,0.00035402371165981693,0.016738896184195634,0.0046775432594141604,0.025017422384167407,0.0,4.694156510323073e-13,6.976280236699877e-13,5.731917141589754e-13
0,adam,1149,0.0,250.0,0.046209880151642256,0.024342182781297454,0.00027417329497909525,0.012139420763425855,0.011928588722892501,0.021867697256375093,0.0,2.711136793995918e-13,7.71971357976413e-13,9.383371015734162e-13
0,adam,1174,0.0,250.0,0.04122252019151823,0.02117824081142939,0.00024844062322688015,0.010590989620954259,0.01033881056724825,0.020044279265894503,0.0,2.398465056571372e-13,6.707723606787472e-13,8.224829155332364e-13
0,adam,1199,0.0,250.0,0.04245209753469989,0.019719335602067883,0.00028476176053767816,0.014922091220261963,0.004512482621268242,0.022732761818216877,0.0,3.6629538034328653e-13,6.453977040430043e-13,5.67163805314509e-13
0,adam,1224,0.0,250.0,0.03577018732117938,0.015958565770990377,0.0002422117584183995,0.011665413235744472,0.004050940776827506,0.019811621435527393,0.0,2.969716384254937e-13,5.165846476089923e-13,4.764169291103166e-13
0,adam,1249,0.0,250.0,0.04574235055525399,0.025864380054717327,0.00029964541266248374,0.013437711820071046,0.012127022821983796,0.0198779703856005,0.0,3.853185204807625e-13,9.008558493368148e-13,9.948494570039071e-13
0,adam,1274,0.0,250.0,0.03990711245842415,0.020183089739217237,0.00022919203254090703,0.010242222277168296,0.009711675429508033,0.019724022604019044,0.0,2.505988477475837e-13,7.181137992160418e-13,8.410637727151491e-13
0,adam,1299,0.0,250.0,0.048776515868935826,0.019382752355769056,0.000336824225587341,0.014251046735441678,0.0047948813947400375,0.02939376339776659,0.0,3.82904623372046e-13,6.900647502200193e-13,8.539766503730192e-13
0,adam,1324,0.0,250.0,0.052752055285344976,0.03878157255094143,0.0005739221744564674,0.03250665763380873,0.005700992742676233,0.013970482618875903,0.0,9.929169590617762e-13,1.2802555000461552e-12,8.813340726390724e-13
0,adam,1349,0.0,250.0,0.04423469544771863,0.024930844967294582,0.00024701880928460087,0.013372063507405203,0.011311762650604778,0.019303850364817427,0.0,2.5563964331258e-13,9.371189898898782e-13,1.0244239683263858e-12
0,adam,1374,0.0,250.0,0.014755514583826842,0.005129561874742701,0.00014114553258743443,0.0019092612117170044,0.0030791551304382623,0.009625952593224142,0.0,1.1104090454762335e-13,1.0640246327256195e-13,1.882159094413681e-13
0,adam,1399,0.0,250.0,0.0106858898853421,0.0047133749628685455,0.0001432490473222973,0.001171491644364191,0.003398634271182057,0.005972514805860882,0.0,7.587253056651672e-14,6.095984104472989e-14,1.838641106416126e-13
0,lbfgs,1400,0.0,250.0,0.009491615298135098,0.003965548059863002,0.0001414857426839878,0.0007204854152128809,0.0031035769019661335,0.005526067121623786,0.0,4.744231365556109e-14,2.8055014413363068e-14,1.3238507413596523e-13
0,lbfgs,1409,0.0,250.0,0.009251498140552414,0.0038401502338045197,0.0001577836116363157,0.0005745261776400666,0.0031078404445281376,0.005411347790088508,0.0,6.601408110281448e-14,2.1370325939965327e-14,1.2172770891168896e-13
0,lbfgs,1419,0.0,250.0,0.006771278495499378,0.004910438440948632,0.000268951801454632,0.0008962168695635001,0.0037452697699305003,0.0018608399374720292,0.0,7.715523094918817e-14,2.854532571892058e-14,1.32502105708956e-13
0,lbfgs,1429,0.0,250.0,0.004274201559070234,0.003938343191304471,0.0003081249758492373,0.00022401434712476535,0.003406203868330468,0.000335858250166126,0.0,2.4417286401826916e-13,1.5053324837407255e-14,1.2677985963687586e-13
0,lbfgs,1439,0.0,250.0,0.0028724471038703223,0.0024306227614733266,0.0002739733730399617,0.0003710778215228896,0.001785571566910475,0.00044182422444326053,0.0,1.7595987966360622e-13,1.4146564340209583e-14,6.280806060637155e-14
0,lbfgs,1449,0.0,250.0,0.002515202380660673,0.002064678833054925,0.0002683656693841287,0.00046892468624599017,0.0013273884774248062,0.00045052342948477645,0.0,2.503476164047261e-13,1.4730547003725923e-14,4.9452098245607653e-14
0,lbfgs,1459,0.0,250.0,0.0021727253511331173,0.0018482752808267815,0.0002472473595238288,0.0004514474432110221,0.0011495804780919305,0.00032444995209009604,0.0,2.1997127927524854e-13,1.5981099110977662e-14,4.198377263359473e-14
0,lbfgs,1469,0.0,250.0,0.0019646449206103807,0.001740321388363577,0.00024585874144142963,0.0005495980224336003,0.000944864624488547,0.00022432341379087853,0.0,2.1980611125063898e-13,1.8542287843421032e-14,3.962716136128742e-14
0,lbfgs,1479,0.0,250.0,0.0017524497716438524,0.0015761340877636074,0.0002637307962779079,0.0004460978952012382,0.0008663053962844612,0.00017631556522705073,0.0,3.132667010702682e-13,1.312437562701514e-14,3.7825754463338086e-14
0,lbfgs,1489,0.0,250.0,0.001549378864702923,0.0014519861159575664,0.00022896941845936493,0.00048020799786162045,0.0007428086996365811,9.73926300538139e-05,0.0,2.3648609487253953e-13,1.4022188577516679e-14,4.0190522731788e-14
0,lbfgs,1499,0.0,250.0,0.0013949304955244689,0.0013219969656858206,0.00023334166160127995,0.00043321112866658305,0.0006554441754179576,7.293341101212161e-05,0.0,2.4809830545873697e-13,1.3980982129609868e-14,3.722145894008898e-14
0,lbfgs,1509,0.0,250.0,0.0012405416159230731,0.001115766333438259,0.00022710059746397732,0.00037477697691795176,0.0005138887590563299,0.00012477516351582288,0.0,1.9924577392425534e-13,1.0859487610566285e-14,2.161293755589187e-14
0,lbfgs,1519,0.0,250.0,0.0011189423406170482,0.0009957456553400376,0.00020592496575067392,0.0003726229250779694,0.0004171977645113942,0.00012319656609547906,0.0,2.236990374178006e-13,1.1326046963222316e-14,1.233916149539202e-14
0,lbfgs,1529,0.0,250.0,0.0011075214595336741,0.0009579704445829565,0.0002022945800750627,0.0003913213803592183,0.0003643544841486756,0.000149550895588361,0.0,2.2335831832451461e-13,1.1919637254202336e-14,1.3036378475421583e-14
0,lbfgs,1539,0.0,250.0,0.0010747909642317074,0.000971768948412696,0.0001998998170697833,0.00034246310873407507,0.00042940602260883756,0.00010302189649647971,0.0,1.9572210236763012e-13,9.984992094537676e-15,1.4142340706554273e-14
0,lbfgs,1549,0.0,250.0,0.0009556801774574439,0.0008541583029745893,0.0001650662252399021,0.00040374648673052906,0.00028534559100415816,0.0001015217547798284,0.0,1.0501102970230614e-13,1.470756716248746e-14,1.5462603575916723e-14
0,lbfgs,1559,0.0,250.0,0.0007401480182682596,0.0007134186120672676,0.00013453621139987361,0.0003350375279947259,0.00024384487267266805,2.672928634769175e-05,0.0,8.356592425144431e-14,9.80605924899403e-15,1.4260013040413566e-14
0,lbfgs,1569,0.0,250.0,0.0006751447188635646,0.0006205346302266295,0.00011314715234719753,0.0003039845467448464,0.00020340293113458558,5.4609968369515196e-05,0.0,4.961500248569596e-14,9.323259808553228e-15,1.4577426490904925e-14
0,lbfgs,1579,0.0,250.0,0.0006637800473198834,0.0006166370937802255,0.00010538467647178747,0.00034451277169504163,0.00016673964561339646,4.7142833105696805e-05,0.0,4.629431526435655e-14,1.2483514549832628e-14,1.3293358204322687e-14
0,lbfgs,1589,0.0,250.0,0.0005872477137327897,0.0005617839616075004,8.71178744427283e-05,0.00028412890943321165,0.00019053717773156046,2.546363156998901e-05,0.0,4.30626519727014e-14,8.419233022870634e-15,1.930952538589557e-14
0,lbfgs,1599,0.0,250.0,0.0005730906778365073,0.0005560385290547628,8.247602528167697e-05,0.0002852603856146529,0.0001883021181584329,1.7052028290884282e-05,0.0,4.781926827541744e-14,8.643582540590721e-15,1.6696639748439455e-14
0,lbfgs,1609,0.0,250.0,0.0005137391342330872,0.00048639279617470574,8.43690141483275e-05,0.0002519841685604017,0.00015003961346597656,2.7346217273011244e-05,0.0,5.941788430987509e-14,7.268944045308487e-15,1.6627655216056204e-14
0,lbfgs,1619,0.0,250.0,0.00040826154321647987,0.0003955958691104481,7.099317699524797e-05,0.00021667608841696324,0.00010792660369823689,1.2665553365750137e-05,0.0,7.339974008573736e-14,5.214360131540854e-15,5.034027229444427e-15
0,lbfgs,1629,0.0,250.0,0.00038602382529747656,0.00037309336833562384,6.845644060425716e-05,0.00020976845695200655,9.486847077936012e-05,1.2930336020158863e-05,0.0,6.87781767598056e-14,5.1248034534577905e-15,4.2701809308392e-15
0,lbfgs,1639,0.0,250.0,0.0003776547347246088,0.0003677422117241615,6.839879161023407e-05,0.00020003621585795795,9.93072042559695e-05,9.912402001810857e-06,0.0,8.434169407612753e-14,5.094362958846745e-15,4.274094139254529e-15
0,lbfgs,1649,0.0,250.0,0.0003747180806790976,0.0003630559708159607,6.399644484296807e-05,0.00020223886307134753,9.68206629016451e-05,1.166198882923723e-05,0.0,7.495863458526931e-14,5.345642411411863e-15,4.268469924598719e-15
0,lbfgs,1659,0.0,250.0,0.00035583799494879746,0.00033152745135840906,5.3064861516321565e-05,0.0001816289078458,9.683368199628746e-05,2.4310422381838614e-05,0.0,5.0997007347645075e-14,4.4394442757775954e-15,4.902824932804655e-15
0,lbfgs,1669,0.0,250.0,0.0003161257247666667,0.0003110698606953471,4.6867665286820016e-05,0.00016325986485708668,0.00010094233055144042,5.0557428419313996e-06,0.0,4.258217474461622e-14,4.1605957860701724e-15,5.645420664301159e-15
0,lbfgs,1679,0.0,250.0,0.0002950382918936253,0.00028953675912291504,4.477860240935787e-05,0.00015191054227868382,9.284761443487336e-05,5.501411479788842e-06,0.0,4.070171241249363e-14,3.743406739853416e-15,7.207086365119475e-15
0,lbfgs,1689,0.0,250.0,0.00029365381442713066,0.00028859441589727846,4.362864620102043e-05,0.00015131052746494028,9.365524223131774e-05,5.059277258796691e-06,0.0,4.0547804461383866e-14,3.780395248619394e-15,6.675139582184415e-15
0,lbfgs,1699,0.0,250.0,0.0002906019869046403,0.00028607296575126694,4.1144830745962884e-05,0.00015350395441481618,9.142418059048787e-05,4.528899908374178e-06,0.0,3.597090641473992e-14,3.926883501470409e-15,6.209936247626252e-15
0,lbfgs,1709,0.0,250.0,0.0002736161515198924,0.0002656112618283863,3.642792485834306e-05,0.00013972964493449814,8.945369203554512e-05,8.004768429906518e-06,0.0,3.754897263302689e-14,3.576531164530375e-15,8.281260634994014e-15
0,lbfgs,1719,0.0,250.0,0.0002533943359002635,0.0002349200639123413,3.0402866680511908e-05,0.00011919001318485466,8.532718404697473e-05,1.847415061944244e-05,0.0,2.6853033727491374e-14,3.2993602361552024e-15,7.73373847117996e-15
0,lbfgs,1729,0.0,250.0,0.00024560774433307744,0.00023361149097722334,3.132675576384499e-05,0.00011001016487595196,9.227457033742638e-05,1.1996132068605164e-05,0.0,2.3884613158731648e-14,3.0588070828421627e-15,7.31062138813041e-15
0,lbfgs,1739,0.0,250.0,0.00023760962090698423,0.00022845468956855645,3.318345504517042e-05,0.00010978079241556253,8.549044210782352e-05,9.154809949240068e-06,0.0,2.936821509081203e-14,2.9713979253279473e-15,6.824342945231714e-15
0,lbfgs,1749,0.0,250.0,0.0002339227913665688,0.0002268523664624406,3.325882073800301e-05,0.00010654948600427632,8.704405972016126e-05,7.070303516996305e-06,0.0,3.018128475070957e-14,2.8803955675942476e-15,7.317802734862362e-15
0,lbfgs,1759,0.0,250.0,0.00022846706398663613,0.00022085208923121368,3.415209604996539e-05,9.82098009020204e-05,8.84901922792279e-05,7.614853324554087e-06,0.0,3.192934130077829e-14,2.901893716231952e-15,8.037894955682545e-15
0,lbfgs,1769,0.0,250.0,0.00021404126180193134,0.00020392507102678855,3.0973221112811e-05,8.369614879298528e-05,8.925570112099226e-05,1.0116069302459016e-05,0.0,3.185085275275431e-14,2.6515699301135997e-15,9.152812425393375e-15
0,lbfgs,1779,0.0,250.0,0.00019530111465933955,0.00018320983820103914,2.7038179432928166e-05,7.538710450303481e-05,8.078455426507617e-05,1.209115498622458e-05,0.0,2.2522792197008018e-14,3.2825546407652996e-15,6.699369675854513e-15
0,lbfgs,1789,0.0,250.0,0.0001897749326787117,0.00018177319306201492,2.7135954707609647e-05,7.12485571913178e-05,8.338868116308748e-05,8.001618196914819e-06,0.0,2.3431815247549032e-14,2.7543696086813605e-15,7.434763533238301e-15
0,lbfgs,1799,0.0,250.0,0.00018602689840040395,0.00017920021136352943,2.5740128419749658e-05,7.370672328594508e-05,7.975335965783469e-05,6.826565607932586e-06,0.0,2.0525220906721588e-14,2.9088321607212137e-15,7.45148705480752e-15
0,lbfgs,1809,0.0,250.0,0.00017932148927702856,0.0001718333749140932,2.57884331414623e-05,6.530054125252525e-05,8.074440052010566e-05,7.487992964171643e-06,0.0,2.2248760329532695e-14,2.2415447954948087e-15,7.359285646354972e-15
0,lbfgs,1819,0.0,250.0,0.00016547247555254768,0.00015711195391196947,2.663574616014083e-05,5.879468789761839e-05,7.168151985421024e-05,8.360400143342038e-06,0.0,2.2226340164541598e-14,2.7009687208624715e-15,4.9139920946745164e-15
0,lbfgs,1829,0.0,250.0,0.00015505275199968993,0.0001473326496813479,2.4812105896328286e-05,4.367321534372948e-05,7.884732844129014e-05,7.719980919846702e-06,0.0,2.5017437748994303e-14,1.773992644009967e-15,5.55271002600927e-15
0,lbfgs,1839,0.0,250.0,0.0001475092758448446,0.00014165115405907197,2.6220292010023536e-05,3.8181285661978216e-05,7.724957638707021e-05,5.858000355084793e-06,0.0,2.1593941832979747e-14,1.8600087700409973e-15,4.65367397211136e-15
0,lbfgs,1849,0.0,250.0,0.00014584607641992764,0.00013866777804670048,2.4450905900430884e-05,3.6267961700407586e-05,7.7948910445862e-05,7.178176943253868e-06,0.0,2.0227062995597933e-14,1.732561701715866e-15,5.045565896589697e-15
0,lbfgs,1859,0.0,250.0,0.00013628571740431614,0.00012823117982890863,2.3310764696997536e-05,2.746031379570892e-05,7.746010133620217e-05,8.054416121305861e-06,0.0,1.718001342680722e-14,1.5642208646527224e-15,4.110701959661327e-15
0,lbfgs,1869,0.0,250.0,0.00012892602648601,0.00012233301097760324,1.9589936932390292e-05,2.605088150200595e-05,7.6692192543207e-05,6.592894095566491e-06,0.0,1.0195416723041993e-14,1.4394124403797334e-15,3.624662364918967e-15
0,lbfgs,1879,0.0,250.0,0.00011816064864178401,0.00011229782205277054,1.808805878038511e-05,2.160639289341453e-05,7.26033703789709e-05,5.8627052357085255e-06,0.0,9.612997220149181e-15,9.441554697759996e-16,2.7784233587736582e-15
0,lbfgs,1889,0.0,250.0,0.00011681848288564867,0.00011071835466876615,1.7815356006083464e-05,2.0599246458800766e-05,7.230375220388192e-05,6.10000685177069e-06,0.0,6.897598047903535e-15,9.708652043110115e-16,2.8859719778596278e-15
0,lbfgs,1899,0.0,250.0,0.00011613459307816416,0.00010992636582016766,1.816036518267391e-05,2.0538734674654214e-05,7.122726596283953e-05,6.20810590513794e-06,0.0,7.24565000624439e-15,1.0123787546287107e-15,2.681539267016637e-15
0,lbfgs,1909,0.0,250.0,0.00011277541365738911,0.00010688870970540554,1.840041259861884e-05,2.260034232010362e-05,6.588795478668308e-05,5.886582526465653e-06,0.0,6.081287909320769e-15,9.640498099425729e-16,2.5371128605489602e-15
0,lbfgs,1919,0.0,250.0,0.0001090820131699158,0.00010511293460902738,1.8493941682095827e-05,2.137340992908353e-05,6.524558299784803e-05,3.968957073451759e-06,0.0,8.091107238583126e-15,8.567657846034375e-16,2.726533704783007e-15
0,lbfgs,1929,0.0,250.0,0.00010542036518233788,9.91502074875779e-05,1.7625739504376397e-05,2.1457674335972202e-05,6.006679364722929e-05,6.270036106815715e-06,0.0,6.150421995558921e-15,8.295495047623621e-16,2.942366194896629e-15
0,lbfgs,1939,0.0,250.0,0.00010088147289444426,9.491319831354621e-05,1.7014421261367505e-05,2.162869563559741e-05,5.6270081416581296e-05,5.9681529352520685e-06,0.0,7.086233049015015e-15,9.363112100894278e-16,2.671194746064788e-15
0,lbfgs,1949,0.0,250.0,9.927421747701955e-05,9.374129813983524e-05,1.5986444212696292e-05,2.221827706137995e-05,5.5536576865758996e-05,5.5327976458140914e-06,0.0,5.438530916265535e-15,1.0101621294035082e-15,2.7365117213969177e-15
0,lbfgs,1959,0.0,250.0,9.678909246013639e-05,9.183801620715409e-05,1.656389888268814e-05,2.0556738400986458e-05,5.47173789234795e-05,4.95095449578877e-06,0.0,6.684215300380223e-15,9.969964602843645e-16,2.852709025329786e-15
0,lbfgs,1969,0.0,250.0,9.482488143492896e-05,9.168088146899285e-05,1.6247985746220533e-05,1.9803850517347072e-05,5.562904520542525e-05,3.1438781510867918e-06,0.0,6.594250181301448e-15,1.056351829777009e-15,3.2503203480399057e-15
0,lbfgs,1979,0.0,250.0,9.24580364816811e-05,8.959028862245085e-05,1.6125040331000637e-05,1.6547489773888966e-05,5.691775851756124e-05,2.867626062204749e-06,0.0,6.426645639704106e-15,8.911168910960654e-16,3.2828071940698745e-15
0,lbfgs,1989,0.0,250.0,8.998727100534165e-05,8.838856416868405e-05,1.632889880512219e-05,1.7691633615403787e-05,5.4368031748158076e-05,1.598584928050301e-06,0.0,7.208261932516437e-15,9.043392816513379e-16,3.4193244685145123e-15
0,lbfgs,1999,0.0,250.0,8.7600640168696e-05,8.548861566400443e-05,1.5898285190570042e-05,1.6679689870709533e-05,5.291064060272486e-05,2.1119025943743364e-06,0.0,6.563368383705683e-15,9.002053175496343e-16,3.1307503950847806e-15
0,lbfgs,2009,0.0,250.0,8.492944112946377e-05,8.170254230143638e-05,1.5331410195385792e-05,1.5684010816855543e-05,5.0687121289195055e-05,3.226776872215407e-06,0.0,5.9110966852866854e-15,8.726272355387594e-16,3.4515160969157977e-15
0,lbfgs,2019,0.0,250.0,8.307676985239971e-05,8.06798025781219e-05,1.5699051829983586e-05,1.5898506593539666e-05,4.908224415459865e-05,2.3968453820461457e-06,0.0,6.387923447617567e-15,8.306129365290042e-16,2.6125660344850305e-15
0,lbfgs,2029,0.0,250.0,8.186930015360028e-05,7.919127230065253e-05,1.562049517585268e-05,1.546461443905599e-05,4.8106162685743874e-05,2.677905896332059e-06,0.0,6.692678561112415e-15,8.111085313520951e-16,2.6341242269970534e-15
1,adam,0,250.0,600.0,0.022157606638905796,0.016618204911483355,0.013784688706919927,0.0013561830372700685,0.001477333167293361,0.005539401637161118,0.0,7.471516200579409e-11,2.995609987353266e-13,9.10848857086948e-13
1,adam,24,250.0,600.0,0.0038323816222487275,0.002792131636414301,0.0003753860485378001,0.0009206785412429219,0.0014960670466335787,0.0010402498953852558,0.0,7.725400438010768e-12,2.2222600636038234e-13,9.818502550780721e-13
1,adam,49,250.0,600.0,0.0013869333910488744,0.0010976770802750935,2.9060430301207602e-05,0.0003691198878037042,0.0006994967621701818,0.0002892562188199991,0.0,1.0099797781761696e-12,1.4862161031536514e-13,7.777275592999783e-13
1,adam,74,250.0,600.0,0.0003374587770949705,0.00023644426632167195,1.6579652209919916e-05,0.00015181986406823393,6.804475004351811e-05,0.00010101441707532738,0.0,1.6939126116123125e-12,2.2597084239887587e-13,1.7648550293845504e-13
1,adam,99,250.0,600.0,6.019732537538915e-05,3.5969407873386684e-05,2.284142082009864e-06,2.0419686774750664e-05,1.3265579016626154e-05,2.4227823033700376e-05,0.0,1.8702481305286906e-13,8.600395730917731e-14,3.0451446978955536e-14
1,adam,124,250.0,600.0,2.863099553206552e-05,1.7646451428793334e-05,6.208505100821038e-07,1.2204633841932723e-05,4.820967076778507e-06,1.0984449349017268e-05,0.0,5.300682466168773e-14,4.900753035414957e-14,2.3184831677561085e-14
1,adam,149,250.0,600.0,0.00018855358376483925,0.00013009688280262458,5.76265325881724e-06,9.784347112584305e-05,2.649075841796428e-05,5.845660616586061e-05,0.0,8.037895944825901e-13,4.4199386128098476e-13,3.39331898559405e-13
1,adam,174,250.0,600.0,1.11012980857389e-05,6.78221039485976e-06,2.911453651643697e-07,3.834455886489518e-06,2.6566091432058726e-06,4.318992795884225e-06,0.0,1.6319839282605028e-14,6.4822550081546775e-15,2.7019760342968556e-14
1,adam,199,250.0,600.0,5.952454795232833e-06,3.8223491963646595e-06,2.5922841082577594e-07,1.5495647426236566e-06,2.013556042915227e-06,2.130010533299823e-06,0.0,9.40321204304632e-15,2.649212068619926e-15,1.4903193043119324e-14
1,adam,224,250.0,600.0,5.490904891498e-06,3.728194496465091e-06,1.5140242578612831e-07,2.3942053061677653e-06,1.1825867645111975e-06,1.7626152676547015e-06,0.0,6.784582042743791e-15,7.171584325240837e-15,6.7375115684793655e-15
1,adam,249,250.0,600.0,0.0001351195281171172,9.695797601442851e-05,3.7728936256102347e-06,8.489381499712911e-05,8.29126739168916e-06,3.816145712866753e-05,0.0,6.04935517640158e-13,3.33989605409787e-13,1.0875505339344494e-13
1,adam,274,250.0,600.0,1.3598368246928467e-05,9.96041102804639e-06,3.652859191477069e-07,7.011074733462884e-06,2.5840503754357985e-06,3.6378620593253395e-06,0.0,3.511591813823482e-14,3.1218752894931025e-14,2.2618852400107456e-14
1,adam,299,250.0,600.0,2.8280528693393207e-06,2.1757363623088585e-06,1.188199072076275e-07,8.773499314016273e-07,1.1795665236996038e-06,6.522212917510828e-07,0.0,5.380901393706361e-15,1.2497958541928291e-15,6.918659414679902e-15
1,adam,324,250.0,600.0,2.33552278234691e-06,1.8026888681843554e-06,7.250533507254759e-08,8.313934184583961e-07,8.987901146534117e-07,5.327386595217754e-07,0.0,2.445026648662124e-15,1.10339512779286e-15,4.3476477601344e-15
1,adam,349,250.0,600.0,1.2406506578172356e-05,8.181450170569721e-06,2.6647280332964704e-07,1.9211299630478308e-06,5.993847404192244e-06,4.224961286845681e-06,0.0,2.3177455198564544e-14,2.3820519693961985e-15,6.259145170479289e-14
1,adam,374,250.0,600.0,1.4800542639334153e-05,1.0743014938275154e-05,6.600819209879761e-06,2.168871479160102e-06,1.9733242492352897e-06,4.057432518326112e-06,0.0,9.610342874006566e-13,9.620807692055897e-15,1.2649032633924675e-14
1,adam,399,250.0,600.0,3.937379218521707e-06,3.079826966493771e-06,1.629576982491666e-06,7.363531767741696e-07,7.138968072279353e-07,8.574570048584147e-07,0.0,2.4853453680266503e-13,1.7595448913317503e-15,3.381126378904465e-15
1,adam,424,250.0,600.0,1.7124828015138727e-06,1.3822544303694897e-06,1.4387818160018863e-07,6.195846829663639e-07,6.187915658029372e-07,3.301331019182101e-07,0.0,1.4552984628342322e-14,7.957633590697707e-16,3.1979227339810284e-15
1,adam,449,250.0,600.0,1.4313590042340224e-06,1.1683280838347258e-06,5.609456658053629e-08,5.482409989118152e-07,5.639925183423743e-07,2.6293560906015914e-07,0.0,2.963558621658139e-15,7.19955889506136e-16,2.709137213358271e-15
1,adam,474,250.0,600.0,1.2975767563444454e-06,1.058686406079728e-06,5.455318265096192e-08,4.993336610284657e-07,5.047995624003005e-07,2.387950032183669e-07,0.0,3.1779531209418515e-15,6.10702364395125e-16,2.5280793067971233e-15
1,adam,499,250.0,600.0,1.3657266234779684e-06,1.0868638066966168e-06,5.3221449611616794e-08,5.128199928264347e-07,5.208223642585653e-07,2.787674340148377e-07,0.0,3.195819808580021e-15,8.45887137835674e-16,3.124636136260957e-15
1,adam,524,250.0,600.0,6.476258385211607e-05,4.46459827378108e-05,1.230982801803544e-05,6.270481667796635e-06,2.606567305197873e-05,2.0116505990360124e-05,0.0,1.7381295379376905e-12,2.9048310003170376e-14,2.2607703825193115e-13
1,adam,549,250.0,600.0,6.253192698202724e-06,4.874815885534475e-06,3.3952259951184415e-06,7.589267601954025e-07,7.206631302206308e-07,1.3782815675129612e-06,0.0,4.810308186513499e-13,1.7257973196670576e-15,4.459014576212435e-15
1,adam,574,250.0,600.0,1.4155232868835742e-06,1.1094940820125118e-06,4.5462672720148487e-07,3.358045316540063e-07,3.1906282315702056e-07,3.059339735747012e-07,0.0,5.970750581461576e-14,4.717861618066e-16,1.820685106805453e-15
1,adam,599,250.0,600.0,2.8208077211348553e-05,1.974791090662016e-05,5.062919373008238e-06,1.1289880108064233e-05,3.3951114255476853e-06,8.460071036550498e-06,0.0,8.082598187842133e-13,5.5522324625816664e-14,4.507722134873506e-14
1,adam,624,250.0,600.0,9.35224438774172e-05,6.239206035305798e-05,4.7286478601314247e-07,3.860726217801803e-05,2.3311933389026816e-05,3.113028847285701e-05,0.0,5.91900418084926e-14,2.1396876464796277e-13,1.9784693457416293e-13
1,adam,649,250.0,600.0,6.235766653663121e-06,4.6729830675783825e-06,1.4413487915035576e-07,2.54748422148163e-06,1.981363966946397e-06,1.562688405896257e-06,0.0,9.90203177522052e-15,1.1219679258627984e-14,2.4474978740817987e-14
1,adam,674,250.0,600.0,1.3898460494267463e-06,1.0543880869421012e-06,7.377662146887598e-08,6.29261310786727e-07,3.5135015468649814e-07,3.353627946900412e-07,0.0,7.253269044141946e-15,2.030963693732298e-15,3.308349604853736e-15
1,adam,699,250.0,600.0,6.637111044237565e-07,5.197791447303125e-07,5.219035814638189e-08,2.416199579572319e-07,2.2596882862669865e-07,1.4383676904861718e-07,0.0,3.98283108450765e-15,2.3279501500578247e-16,9.956754354452024e-16
1,adam,724,250.0,600.0,6.199031939656823e-07,4.811190637004952e-07,4.794356752520152e-08,2.2661794973369231e-07,2.0655754644160138e-07,1.3868892290295466e-07,0.0,3.5757994739805436e-15,2.1344868588215326e-16,9.387476010638962e-16
1,adam,749,250.0,600.0,5.831580163107838e-07,4.467869838067927e-07,4.5286197128896206e-08,2.107191984880708e-07,1.907815881898257e-07,1.3627580789753041e-07,0.0,3.388335485120367e-15,1.9715128230219345e-16,8.418253402200698e-16
1,adam,774,250.0,600.0,5.506618273130967e-07,4.1690546921621873e-07,4.2860102615937736e-08,1.9782585761975627e-07,1.7621950898052475e-07,1.336611169729621e-07,0.0,3.1433243915037203e-15,1.8577820634339646e-16,7.593451970129331e-16
1,adam,799,250.0,600.0,6.870169371505453e-07,5.0316689689686e-07,4.393778296279009e-08,2.629664253784345e-07,1.9626268855563542e-07,1.8375478273597414e-07,0.0,3.8461985357648625e-15,5.425730221144402e-16,1.2296818657419266e-15
1,adam,824,250.0,600.0,3.796994230630097e-05,2.966929880833832e-05,4.95657600830968e-06,5.750577978971538e-06,1.89621448210571e-05,8.300548506921791e-06,0.0,7.050389752964063e-13,1.1219972493339887e-14,1.3805028619515643e-13
1,adam,849,250.0,600.0,8.163945469548489e-06,5.221181992793939e-06,2.397019326897968e-07,3.7889770487235955e-06,1.1925030113805467e-06,2.9426683179451435e-06,0.0,2.040812985626095e-14,1.8937940523971168e-14,1.362506676578719e-14
1,adam,874,250.0,600.0,2.0447434165931933e-06,1.4715549575803457e-06,1.7310662426037055e-07,1.0333412695864371e-06,2.651070637335381e-07,5.730933175652492e-07,0.0,2.7386584969622702e-14,4.410667746622015e-15,2.5738006251463183e-15
1,adam,899,250.0,600.0,6.238444900469811e-07,4.3463451082041e-07,3.2364155160178137e-08,2.2173863518955475e-07,1.8053172047067708e-07,1.891148174364708e-07,0.0,1.9387647645689e-15,3.856742142839967e-16,7.776474107953688e-16
1,adam,924,250.0,600.0,4.994398569588012e-07,3.4985462907345844e-07,3.0093864191026134e-08,1.6945547197774953e-07,1.5030529290468277e-07,1.4949005693690316e-07,0.0,1.9492094713835505e-15,1.2517297562809828e-16,5.091313222259925e-16
1,adam,949,250.0,600.0,4.7027362234888117e-07,3.2509002388183603e-07,2.8148730803908114e-08,1.576961608963591e-07,1.3924513218156882e-07,1.4508841754721522e-07,0.0,1.6593262589776946e-15,1.1527174524521857e-16,4.480023757225499e-16
1,adam,974,250.0,600.0,4.4624629815929866e-07,3.0505074810821387e-07,2.686774237967768e-08,1.4947022919884907e-07,1.2871277652968713e-07,1.4110035964506945e-07,0.0,1.6029968736096764e-15,1.0617374228950782e-16,4.119673115414277e-16
1,adam,999,250.0,600.0,7.166754996065787e-07,4.928811495387696e-07,3.935158906667067e-08,2.8590316122560475e-07,1.676263992464942e-07,2.2369914963251358e-07,0.0,3.1392117839905074e-15,8.629441887210047e-16,9.665469292616393e-16
1,adam,1024,250.0,600.0,0.00014860018274654355,0.00010072661180550495,1.293784596301253e-05,4.123121957091734e-05,4.655754627157508e-05,4.787347597275463e-05,0.0,1.8510370265629784e-12,2.1337930820984336e-13,3.9306825467268715e-13
1,adam,1049,250.0,600.0,1.3912363459796487e-05,9.279810974383935e-06,4.374129908645757e-06,3.994362586615521e-06,9.113184791226575e-07,4.632457419232694e-06,0.0,7.796995988058911e-13,2.038668159059395e-14,1.116158509065653e-14
1,adam,1074,250.0,600.0,1.3592814122094422e-06,9.343517381868159e-07,3.533965978341168e-07,3.845576462467337e-07,1.9639749410596536e-07,4.2483465256178297e-07,0.0,5.555248557957286e-14,1.3133506242206684e-15,1.4484031353707783e-15
1,adam,1099,250.0,600.0,5.274774883271862e-07,3.418752461781735e-07,2.8735837159310805e-08,1.6515626900251677e-07,1.4798314001634592e-07,1.8550721344660506e-07,0.0,2.2196573967294962e-15,2.398504819657928e-16,4.3856272568586774e-16
1,adam,1124,250.0,600.0,4.4407608388657834e-07,2.8913795664812923e-07,2.327680310935344e-08,1.3814196628395454e-07,1.2771918725482123e-07,1.5484309706529797e-07,0.0,1.3560016925106108e-15,9.707444742615703e-17,3.2753547089788254e-16
1,adam,1149,250.0,600.0,4.1525792795422483e-07,2.666341835910867e-07,2.207250527541254e-08,1.2845401851535153e-07,1.161076598003226e-07,1.4852870894011866e-07,0.0,1.3023196489542474e-15,8.234895040476204e-17,2.9593354545297987e-16
1,adam,1174,250.0,600.0,3.9350113870279236e-07,2.5064003360236096e-07,2.1373000249107776e-08,1.2123567893980363e-07,1.0803135441344958e-07,1.4276606423167017e-07,0.0,1.135620343270869e-15,8.183861224320104e-17,2.736861144262564e-16
1,adam,1199,250.0,600.0,0.00015651911833331717,0.00010942742025447865,3.946613786588881e-06,8.317196712464574e-05,2.230883934324403e-05,4.7091603043956487e-05,0.0,6.867020232097617e-13,4.071943884374858e-13,3.261487986818472e-13
1,adam,1224,250.0,600.0,1.958909642941236e-05,1.4593082797344238e-05,8.875204764420211e-07,9.707661758063925e-06,3.997900562838292e-06,4.995918573309252e-06,0.0,9.820224267613331e-14,4.739395504015503e-14,3.625922934910988e-14
1,adam,1249,250.0,600.0,2.928334319573421e-06,2.1222484602475185e-06,1.5362895346267816e-07,1.542959137930066e-06,4.256603688547741e-07,8.059908067686146e-07,0.0,2.7436822815746287e-14,6.720214990306338e-15,4.473552841643961e-15
1,adam,1274,250.0,600.0,6.553260979460208e-07,4.260896304135086e-07,2.3304130878056257e-08,2.660260400413079e-07,1.3675945949414445e-07,2.2914140917167902e-07,0.0,2.318142418307179e-15,7.456379044327178e-16,6.206915826544283e-16
1,adam,1299,250.0,600.0,4.209112005232097e-07,2.6413806400415904e-07,2.0413993936245446e-08,1.3033532379891784e-07,1.1338874626899576e-07,1.5667807436455424e-07,0.0,9.709189539726522e-16,1.440072938669497e-16,3.0865132081165786e-16
1,adam,1324,250.0,600.0,3.896581149090895e-07,2.393317788390974e-07,1.8980724119604637e-08,1.1906786962829935e-07,1.0128318509119341e-07,1.5023127084012435e-07,0.0,8.317184111433449e-16,1.236588732944833e-16,2.6745466605687086e-16
1,adam,1349,250.0,600.0,0.00027902838075097167,0.00019528448000421644,1.814856061620397e-05,0.00015053318770859688,2.6602731679415583e-05,8.374380574708381e-05,0.0,2.581177919760186e-12,6.631801411500002e-13,3.6687194016465495e-13
1,adam,1374,250.0,600.0,1.38133377137201e-05,1.0648810742167862e-05,2.949679225586484e-07,6.590396868319152e-06,3.763445951290062e-06,3.164431959952508e-06,0.0,3.157472898833739e-14,2.8637819566665205e-14,4.358982369921709e-14
1,adam,1399,250.0,600.0,8.424080746946969e-07,5.869749578504452e-07,2.1982206462577745e-07,2.490301927464697e-07,1.1812270047819796e-07,2.553381331834843e-07,0.0,2.700922881126338e-14,6.985356534754721e-16,4.3388762322419583e-16
1,lbfgs,1400,250.0,600.0,5.203741734273277e-07,3.398859498549605e-07,7.448230338350726e-08,1.4327178256676255e-07,1.2213186390469075e-07,1.8039323934938792e-07,0.0,9.452596946724378e-15,1.3054566653358308e-16,2.6527411318449206e-16
1,lbfgs,1409,250.0,600.0,4.529420990622127e-07,2.965305947755837e-07,3.3073049361170375e-08,1.4127510392394142e-07,1.221824414904719e-07,1.5631652005073996e-07,0.0,1.2904900260951253e-15,1.1710065752274582e-16,2.748087074396496e-16
1,lbfgs,1419,250.0,600.0,4.267660220330028e-07,2.615527616639483e-07,3.5028664508024515e-08,1.1612942686152247e-07,1.1039467029440128e-07,1.6511827602162298e-07,0.0,1.6627187139056399e-15,7.009406174597954e-17,1.8501770437554083e-16
1,lbfgs,1429,250.0,600.0,3.2899468408361876e-07,1.8685602979335847e-07,1.9010752384297168e-08,8.005902266464787e-08,8.778625474441343e-08,1.4204366987324797e-07,0.0,1.0530745717571152e-15,8.976638442207647e-17,2.0538565405143055e-16
1,lbfgs,1439,250.0,600.0,2.152785506115585e-07,1.257743761291046e-07,2.770079997740108e-08,3.2832101215966576e-08,6.524147493573692e-08,8.940918961717476e-08,0.0,1.6942575284867612e-15,5.0303507353479085e-17,1.295858901948661e-16
1,lbfgs,1449,250.0,600.0,1.9095533637297643e-07,1.209538154039934e-07,1.875143216349358e-08,3.361288130109879e-08,6.858950193940103e-08,6.990653587533927e-08,0.0,6.249996163863217e-16,5.2427999304414845e-17,1.401396707420988e-16
1,lbfgs,1459,250.0,600.0,1.8672800964282102e-07,1.2136591314432433e-07,1.877529908260266e-08,3.128846454052024e-08,7.130214952120144e-08,6.526711138287078e-08,0.0,6.959070107581302e-16,4.490484453558242e-17,1.484220659095941e-16
1,lbfgs,1469,250.0,600.0,1.8671870479475048e-07,1.2134700664571794e-07,1.8777829896539958e-08,3.124007162446943e-08,7.132910512470855e-08,6.527671303335397e-08,0.0,6.932512253184191e-16,4.47405290352423e-17,1.483519132403864e-16
1,lbfgs,1479,250.0,600.0,1.8670941767794078e-07,1.2135743339797465e-07,1.877317801625785e-08,3.127676371139945e-08,7.130749167031734e-08,6.525699916423137e-08,0.0,6.957169402264705e-16,4.488442292450968e-17,1.4846359064887795e-16
1,lbfgs,1489,250.0,600.0,1.8670014826488743e-07,1.213385784324947e-07,1.8775707865389526e-08,3.122848301169817e-08,7.133438755540702e-08,6.526658471660546e-08,0.0,6.930668045499982e-16,4.4720658116206094e-17,1.483931219097803e-16
1,lbfgs,1499,250.0,600.0,1.8669089648135094e-07,1.213489815532576e-07,1.8771063308482124e-08,3.126509563299909e-08,7.131282261177638e-08,6.524692981225e-08,0.0,6.955272709717092e-16,4.4864080035257616e-17,1.4850511498104494e-16
1,lbfgs,1509,250.0,600.0,1.8668166229935462e-07,1.2133017783738992e-07,1.8773592183491707e-08,3.1216926681146776e-08,7.133965897275144e-08,6.525649934606896e-08,0.0,6.928827656896281e-16,4.470086306110369e-17,1.4843433219668728e-16
1,lbfgs,1519,250.0,600.0,1.866724456450906e-07,1.213405574035012e-07,1.876895490985258e-08,3.125346017010306e-08,7.131814232354557e-08,6.52369031256377e-08,0.0,6.953380022088027e-16,4.484381546845322e-17,1.4854663824100553e-16
1,lbfgs,1529,250.0,600.0,1.8666324649149455e-07,1.2132180465553993e-07,1.877148280156321e-08,3.1205402499670866e-08,7.134491935430584e-08,6.524645671995066e-08,0.0,6.926991079688787e-16,4.468114348732655e-17,1.484755434225377e-16
1,lbfgs,1539,250.0,600.0,1.8665406476428804e-07,1.2133216074431897e-07,1.8766852772166773e-08,3.124185718813824e-08,7.132345078401396e-08,6.522691890390932e-08,0.0,6.951491331222073e-16,4.482362882727718e-17,1.4858815977001714e-16
1,lbfgs,1549,250.0,600.0,1.866449004369998e-07,1.2131345868369912e-07,1.876937967090906e-08,3.119391033482009e-08,7.135016867796996e-08,6.523645663718878e-08,0.0,6.925158305847029e-16,4.466149901480913e-17,1.4851675491498164e-16
1,lbfgs,1559,250.0,600.0,1.8663575343612224e-07,1.2132379137265595e-07,1.87647568476004e-08,3.123028655312371e-08,7.132874797193183e-08,6.521697694729867e-08,0.0,6.949606628737745e-16,4.4803519717308524e-17,1.4862967891544316e-16
1,lbfgs,1569,250.0,600.0,1.8662662373480778e-07,1.2130513972099607e-07,1.8767282744197806e-08,3.118245005468502e-08,7.135540692211324e-08,6.522649889759205e-08,0.0,6.923329327213785e-16,4.464192926563939e-17,1.4855796600800648e-16
1,lbfgs,1579,250.0,600.0,1.866175112600633e-07,1.213154490868676e-07,1.8762667088632343e-08,3.121874813175551e-08,7.133403386647975e-08,6.520707705692048e-08,0.0,6.947725905925918e-16,4.4783487746556656e-17,1.486711950307945e-16
1,lbfgs,1589,250.0,600.0,1.8660841598537833e-07,1.2129684756737528e-07,1.8765191973962394e-08,3.117102152797087e-08,7.136063406544204e-08,6.521658330167594e-08,0.0,6.92150413527265e-16,4.462243386423408e-17,1.4859917604167018e-16
1,lbfgs,1599,250.0,600.0,1.865993378383469e-07,1.2130713368735564e-07,1.8760583448813372e-08,3.1207241791333063e-08,7.133930844720921e-08,6.519721903460872e-08,0.0,6.94584915384678e-16,4.4763532525567806e-17,1.4871270747573926e-16
1,lbfgs,1609,250.0,600.0,1.8659027679251772e-07,1.21288582025225e-07,1.876310731408766e-08,3.11596246240621e-08,7.136585008707526e-08,6.52067096508584e-08,0.0,6.919682721348969e-16,4.4603012437395616e-17,1.486403843621564e-16
1,lbfgs,1619,250.0,600.0,1.8658123277574866e-07,1.212988449762518e-07,1.8758505882390353e-08,3.119576739978156e-08,7.134457169407988e-08,6.518740268300722e-08,0.0,6.943976363382796e-16,4.4743653667139e-17,1.487542156158754e-16
1,lbfgs,1629,250.0,600.0,1.8657220576169254e-07,1.2128034289788595e-07,1.8761028718471015e-08,3.114825921287624e-08,7.13710549665387e-08,6.519687774726527e-08,0.0,6.917865076521856e-16,4.4583664614063596e-17,1.4868159032172764e-16
1,lbfgs,1639,250.0,600.0,1.8656319567910985e-07,1.2129058275688706e-07,1.875643434379475e-08,3.1184324825642176e-08,7.134982358745013e-08,6.517762780562628e-08,0.0,6.942107525109625e-16,4.472385078649577e-17,1.487957188228123e-16
1,lbfgs,1649,250.0,600.0,1.8655420250129843e-07,1.2127212999070977e-07,1.8758956141973858e-08,3.1136925165016837e-08,7.137624868371907e-08,6.51870873939406e-08,0.0,6.916051191666923e-16,4.456439002560468e-17,1.487227932786885e-16
1,lbfgs,1659,250.0,600.0,1.8654522615789253e-07,1.21282346834463e-07,1.875436878835584e-08,3.1172913938095215e-08,7.135506410801195e-08,6.516789420672643e-08,0.0,6.940242629447913e-16,4.4704123501269656e-17,1.4883721647412202e-16
1,lbfgs,1669,250.0,600.0,1.8653626662218547e-07,1.212639431107762e-07,1.8756889540238125e-08,3.112562235162515e-08,7.138143121891295e-08,6.517733839465472e-08,0.0,6.914241057475503e-16,4.4545188305462934e-17,1.4876399259733345e-16
1,lbfgs,1679,250.0,600.0,1.8652732382401628e-07,1.212741370158295e-07,1.8752309171997174e-08,3.1161534606884107e-08,7.136029323694822e-08,6.515820169137728e-08,0.0,6.938381666622692e-16,4.468447143127146e-17,1.488787079532518e-16
1,lbfgs,1689,250.0,600.0,1.8651839773706273e-07,1.2125578206618828e-07,1.875482886893491e-08,3.111435064449551e-08,7.138660255275787e-08,6.516763055401369e-08,0.0,6.912434664402255e-16,4.452605908940361e-17,1.4880518764776896e-16
1,lbfgs,1699,250.0,600.0,1.8650948829145325e-07,1.2126595310903422e-07,1.8750255450903148e-08,3.115018670241292e-08,7.136551095571817e-08,6.514855006550342e-08,0.0,6.936524626591007e-16,4.4664894198780024e-17,1.4892019264939374e-16
1,lbfgs,1709,250.0,600.0,1.865005954614662e-07,1.212476466670007e-07,1.875277408468762e-08,3.1103109915982834e-08,7.139176266633024e-08,6.515796367749874e-08,0.0,6.910632002777657e-16,4.4507002015270395e-17,1.4884637780610683e-16
1,lbfgs,1719,250.0,600.0,1.864917191772713e-07,1.2125779492443414e-07,1.874820758252514e-08,3.113887009569135e-08,7.137071724621766e-08,6.513893913581567e-08,0.0,6.934671499249302e-16,4.464539142831085e-17,1.4896166995761872e-16
1,lbfgs,1729,250.0,600.0,1.8648285941308368e-07,1.2123953672471298e-07,1.8750725144573693e-08,3.1091900039085276e-08,7.139691154105402e-08,6.514833757129817e-08,0.0,6.908833062728887e-16,4.448801672320151e-17,1.4888756245426306e-16
1,lbfgs,1739,250.0,600.0,1.8647401609986906e-07,1.2124966227293095e-07,1.874616552387117e-08,3.112758465833624e-08,7.137591209072356e-08,6.512936870981099e-08,0.0,6.932822274182964e-16,4.462596274661956e-17,1.4900313927864398e-16
1,lbfgs,1749,250.0,600.0,1.864651892119805e-07,1.212314520522574e-07,1.874868200620532e-08,3.1080720887339337e-08,7.140204915871273e-08,6.513875204254509e-08,0.0,6.907037834221661e-16,4.44691028554158e-17,1.4892874097980626e-16
1,lbfgs,1759,250.0,600.0,1.864563786808529e-07,1.2124155496774262e-07,1.8744129233386317e-08,3.1116330262513104e-08,7.13810954718432e-08,6.511983859587776e-08,0.0,6.930976940940514e-16,4.4606607782707466e-17,1.4904460001892422e-16
1,lbfgs,1769,250.0,600.0,1.8644758448079213e-07,1.2122339246437495e-07,1.8746644627955226e-08,3.106957233494862e-08,7.14071755014711e-08,6.512920689913386e-08,0.0,6.905246307102158e-16,4.445026005632396e-17,1.4896991277615328e-16
1,lbfgs,1779,250.0,600.0,1.864388065435474e-07,1.212334728230389e-07,1.8742098669341196e-08,3.110510678107827e-08,7.138626737261942e-08,6.511034860317086e-08,0.0,6.929135488800023e-16,4.458732616786416e-17,1.4908605159051624e-16
1,lbfgs,1789,250.0,600.0,1.8643004484380658e-07,1.2121535777662404e-07,1.8744612968095458e-08,3.105845425662272e-08,7.141229055190586e-08,6.511970194979422e-08,0.0,6.903458471005789e-16,4.443148797236943e-17,1.4901107724236065e-16
1,lbfgs,1799,250.0,600.0,1.86421299314146e-07,1.21225415654997e-07,1.8740073791156484e-08,3.109391408742895e-08,7.139142777641156e-08,6.510089854170643e-08,0.0,6.927297906994458e-16,4.456811753553725e-17,1.4912749341103079e-16
1,lbfgs,1809,250.0,600.0,1.86412569928818e-07,1.2120734780724513e-07,1.8742586986584734e-08,3.104736652774233e-08,7.141739429291806e-08,6.511023700407971e-08,0.0,6.9016743155247e-16,4.441278625220458e-17,1.490522337831381e-16
1,lbfgs,1819,250.0,600.0,1.8640385662070102e-07,1.2121738328090723e-07,1.8738054558337887e-08,3.108275205558456e-08,7.139657666698479e-08,6.509148822224655e-08,0.0,6.925464184549347e-16,4.4548981521405884e-17,1.4916892490366548e-16
1,lbfgs,1829,250.0,600.0,1.8639515936450791e-07,1.2119936237450647e-07,1.874056664251857e-08,3.103630902420926e-08,7.142248670777864e-08,6.510081187240374e-08,0.0,6.899893830031896e-16,4.439415454649835e-17,1.4909338180875573e-16
1,lbfgs,1839,250.0,600.0,1.8638647809343364e-07,1.2120937551928717e-07,1.8736040930709528e-08,3.107162056012865e-08,7.140171402844899e-08,6.508211745649479e-08,0.0,6.923634310362918e-16,4.4529917763258294e-17,1.492103454970571e-16
1,lbfgs,1849,250.0,600.0,1.8637781278262912e-07,1.211914012990059e-07,1.8738551896319878e-08,3.102528162253601e-08,7.142756778015e-08,6.509142636592124e-08,0.0,6.898117003813643e-16,4.4375592507997944e-17,1.491345207350624e-16
1,lbfgs,1859,250.0,600.0,1.863691633655144e-07,1.2120139219087725e-07,1.873403286932853e-08,3.106051947625664e-08,7.140683984529208e-08,6.50727860568813e-08,0.0,6.921808273249215e-16,4.4510925901098544e-17,1.492517546253184e-16
1,lbfgs,1869,250.0,600.0,1.863605298171043e-07,1.2118346440253602e-07,1.873654270868901e-08,3.101428419984238e-08,7.143263749400463e-08,6.508208029676221e-08,0.0,6.896343826079393e-16,4.4357099791576594e-17,1.4917564998333907e-16
1,lbfgs,1879,250.0,600.0,1.8635191207150014e-07,1.2119343311691903e-07,1.873203033480556e-08,3.104944867977301e-08,7.141195410234048e-08,6.506349383672131e-08,0.0,6.919986061877273e-16,4.449200557714043e-17,1.4929315172799693e-16
1,lbfgs,1889,250.0,600.0,1.8634331010387666e-07,1.21175551508232e-07,1.873453904072845e-08,3.10033166337612e-08,7.143769583374236e-08,6.507277347773477e-08,0.0,6.894574285841157e-16,4.433867605397977e-17,1.492167689803804e-16
1,lbfgs,1899,250.0,600.0,1.863347238487507e-07,1.2118549812065946e-07,1.8730033288844535e-08,3.103840804701607e-08,7.141705678479886e-08,6.505424061012774e-08,0.0,6.918167664786832e-16,4.4473156435476425e-17,1.4933453624986363e-16
1,lbfgs,1909,250.0,600.0,1.8632615328146192e-07,1.2116766244085398e-07,1.8732540854235906e-08,3.099237880255268e-08,7.144274278406538e-08,6.506350572259446e-08,0.0,6.892808372104847e-16,4.432032095412076e-17,1.492578771583867e-16
1,lbfgs,1919,250.0,600.0,1.8631759833666107e-07,1.211775870265566e-07,1.8728041693372615e-08,3.102739745495881e-08,7.14221478782252e-08,6.504502619203747e-08,0.0,6.916353070477064e-16,4.4454378122623736e-17,1.4937590764117632e-16
1,lbfgs,1929,250.0,600.0,1.8630905899015828e-07,1.2115979702616e-07,1.873054811105246e-08,3.0981470585059456e-08,7.144777833004806e-08,6.505427684588145e-08,0.0,6.891046073707893e-16,4.430203415297489e-17,1.4929897395498348e-16
1,lbfgs,1939,250.0,600.0,1.8630053517693613e-07,1.2116969966052822e-07,1.8726055510889506e-08,3.1016416781111614e-08,7.142722736852709e-08,6.503585039823771e-08,0.0,6.91454226726018e-16,4.443567028689475e-17,1.494172653572984e-16
1,lbfgs,1949,250.0,600.0,1.862920268728204e-07,1.2115195509165934e-07,1.8728560773916564e-08,3.097059186062885e-08,7.145280245711392e-08,6.504508666294113e-08,0.0,6.889287379439381e-16,4.4283815313186696e-17,1.4934005881286634e-16
1,lbfgs,1959,250.0,600.0,1.862835340132871e-07,1.21161835849685e-07,1.8724074704153104e-08,3.1005465903590295e-08,7.14322952419416e-08,6.502671304532888e-08,0.0,6.912735243467572e-16,4.4417032578881315e-17,1.49458608858856e-16
1,lbfgs,1969,250.0,600.0,1.862750565741746e-07,1.2114413646582466e-07,1.8726578805533816e-08,3.095974250922384e-08,7.145781515106701e-08,6.503593499002713e-08,0.0,6.887532278016752e-16,4.4265664099704486e-17,1.4938113118034883e-16
1,lbfgs,1979,250.0,600.0,1.8626659449174658e-07,1.2115399542260502e-07,1.8722099236426942e-08,3.099454470106488e-08,7.14373514851132e-08,6.501761395076558e-08,0.0,6.910931987239114e-16,4.4398464651061446e-17,1.494999376117219e-16
1,lbfgs,1989,250.0,600.0,1.862581477415388e-07,1.211363409789723e-07,1.8724602169600937e-08,3.094892241137357e-08,7.146281639799778e-08,6.502682164414102e-08,0.0,6.885780758000119e-16,4.4247580179278806e-17,1.494221905107805e-16
1,lbfgs,1999,250.0,600.0,1.862497162603198e-07,1.2114617820907915e-07,1.8720129071302247e-08,3.098365305281778e-08,7.144239608495913e-08,6.500855293276216e-08,0.0,6.909132486703907e-16,4.4379966158140025e-17,1.495412510868199e-16
1,lbfgs,2009,250.0,600.0,1.8624130002393716e-07,1.2112856846224866e-07,1.8722630829687935e-08,3.093813144817796e-08,7.146780618438275e-08,6.501774644316062e-08,0.0,6.884032807988882e-16,4.422956322068643e-17,1.494632362627631e-16
1,lbfgs,2019,250.0,600.0,1.8623289896924148e-07,1.2113838404024825e-07,1.8718164172835715e-08,3.097279083863517e-08,7.144742902877737e-08,6.499952981041244e-08,0.0,6.907336729866835e-16,4.436153675669405e-17,1.4958254876020275e-16
1,lbfgs,2029,250.0,600.0,1.862245130727802e-07,1.2112081874835312e-07,1.872066475006446e-08,3.0927369501261285e-08,7.147278449702738e-08,6.5008709205797e-08,0.0,6.882288416462428e-16,4.4211612894556375e-17,1.4950426790001944e-16
1,lbfgs,2039,250.0,600.0,1.8621614227125753e-07,1.2113061274889833e-07,1.871620450573964e-08,3.0961957938946695e-08,7.145245030421198e-08,6.499054440367632e-08,0.0,6.905544704709786e-16,4.434317610535924e-17,1.4962383011293451e-16
1,lbfgs,2049,250.0,600.0,1.8620778654142432e-07,1.2111309167113755e-07,1.8718703895238206e-08,3.091663645280657e-08,7.147775132309279e-08,6.499970975155475e-08,0.0,6.880547571765397e-16,4.41937288733877e-17,1.4954528489138228e-16
1,lbfgs,2059,250.0,600.0,1.861994458208212e-07,1.2112286416882688e-07,1.871425003490255e-08,3.095115423466601e-08,7.145745989925833e-08,6.498159653320965e-08,0.0,6.90375639916193e-16,4.43248838647223e-17,1.4966509463121627e-16
1,lbfgs,2069,250.0,600.0,1.8619112008566244e-07,1.2110538706602945e-07,1.8716748230373212e-08,3.090593218561649e-08,7.148270665003976e-08,6.499074790079926e-08,0.0,6.878810262336197e-16,4.4175910831736994e-17,1.495862867108058e-16
1,lbfgs,2079,250.0,600.0,1.8618280927436945e-07,1.2111513813485551e-07,1.8712300725336897e-08,3.094037960733708e-08,7.146245780218155e-08,6.497268602062766e-08,0.0,6.901971801021164e-16,4.4306659697424434e-17,1.4970634180601987e-16
1,lbfgs,2089,250.0,600.0,1.861745133631354e-07,1.2109770476946585e-07,1.871479772078171e-08,3.089525658296301e-08,7.148765046572113e-08,6.498182347473434e-08,0.0,6.877076476431433e-16,4.41581584458725e-17,1.4962727283726639e-16
1,lbfgs,2099,250.0,600.0,1.8616623229075798e-07,1.211074344834913e-07,1.871035654282217e-08,3.092963393903287e-08,7.146744400163625e-08,6.496381268827903e-08,0.0,6.900190898113884e-16,4.428850326804992e-17,1.4974757113337393e-16
1,lbfgs,2109,250.0,600.0,1.861579660336287e-07,1.2109004461923165e-07,1.8712852332264998e-08,3.088460952871399e-08,7.149258275825267e-08,6.497293629536059e-08,0.0,6.875346202331134e-16,4.414047139406326e-17,1.4966824275466103e-16
1,lbfgs,2119,250.0,600.0,1.8614971453079074e-07,1.2109975305232265e-07,1.870841745336639e-08,3.091891711234805e-08,7.147241848660823e-08,6.49549763593793e-08,0.0,6.898413678155438e-16,4.427041424301732e-17,1.4978878211419255e-16
1,lbfgs,2129,250.0,600.0,1.861414777588928e-07,1.2108240645424483e-07,1.8710912030830785e-08,3.087399090729385e-08,7.14975035161202e-08,6.496408618551049e-08,0.0,6.873619428251487e-16,4.4122849356377984e-17,1.4970919595190546e-16
1,lbfgs,2139,250.0,600.0,1.8613325565732874e-07,1.2109209368017837e-07,1.870648342329281e-08,3.0908229010518645e-08,7.14773812463669e-08,6.494617685796067e-08,0.0,6.896640128853837e-16,4.425239229084896e-17,1.4982997425413664e-16
1,lbfgs,2149,250.0,600.0,1.8612504820295221e-07,1.2107479011484684e-07,1.8708976783085094e-08,3.086340060360768e-08,7.150241272815407e-08,6.495527296886713e-08,0.0,6.871896142331434e-16,4.4105292014650783e-17,1.497501319228409e-16
2,adam,0,600.0,1090.0,0.012394079436253185,0.009295559508902141,0.007619151091740813,0.0007562242503918438,0.0009201841667694847,0.0030985198363007137,0.0,2.702252307884006e-09,6.759278621773412e-12,2.3991802904144055e-11
2,adam,24,600.0,1090.0,0.002063891307970376,0.001586898127439743,0.0003833304239759775,0.0003702246628731051,0.0008333430405906603,0.0004769930896140388,0.0,5.607526524681274e-10,3.394946901287989e-12,2.2488893767725997e-11
2,adam,49,600.0,1090.0,0.001020439179873065,0.0008275700217306508,3.9672805445943214e-05,0.00021361273822144758,0.00057428447806326,0.00019286906650566073,0.0,6.2609871140486e-11,2.392038331876465e-12,1.9998829247353723e-11
2,adam,74,600.0,1090.0,0.00041983477240851823,0.00029058966152854164,8.410238171493091e-06,0.00017825402823421174,0.00010392539512283683,0.00012924501780735035,0.0,3.3442637341173894e-11,4.698386318723086e-12,9.427635874412021e-12
2,adam,99,600.0,1090.0,0.00013987162530716875,9.005387080660281e-05,2.413913996945183e-06,3.656115806454319e-05,5.1078798745114444e-05,4.981766086589607e-05,0.0,9.42983208947244e-12,7.400063568058462e-13,6.717659843819548e-12
2,adam,124,600.0,1090.0,5.468136466261456e-05,2.9307661072221604e-05,1.099573069005807e-06,1.32524347932077e-05,1.4955653210008095e-05,2.537360941136454e-05,0.0,3.220228344832855e-12,1.97774240451209e-13,1.1914522898403325e-12
2,adam,149,600.0,1090.0,6.490517951962497e-05,3.9010472315265824e-05,1.2758164715478135e-06,2.6865519924591252e-05,1.0869135919126755e-05,2.589461267337601e-05,0.0,3.687605694019879e-12,1.3086548163900039e-12,1.1373967101382143e-12
2,adam,174,600.0,1090.0,2.393502004203485e-05,1.3712005155994287e-05,5.509975847123804e-07,9.17357704290098e-06,3.987430528380927e-06,1.0222920176275559e-05,0.0,1.4575293957302544e-12,3.979819044387748e-13,3.064178779086521e-13
2,adam,199,600.0,1090.0,1.638573419001872e-05,9.2058931383246e-06,3.921829340689019e-07,3.737608482501377e-06,5.07610172175432e-06,7.179746175890198e-06,0.0,9.77110828668433e-13,9.197192919990149e-14,4.987539986515363e-13
2,adam,224,600.0,1090.0,2.2832938608058383e-05,1.4681588639162152e-05,5.075963077739408e-07,7.229658166639786e-06,6.944334164748425e-06,8.151254999989286e-06,0.0,1.9114490890125367e-12,3.5944833984190396e-13,8.561732596198457e-13
2,adam,249,600.0,1090.0,5.3273712592390256e-05,4.02704575683794e-05,1.175593387104545e-06,3.171036763025195e-05,7.384496551022901e-06,1.3003160146509608e-05,0.0,6.902540525779568e-12,1.9452059828436182e-12,1.2148678711675828e-12
2,adam,274,600.0,1090.0,9.679262268440113e-06,6.221919873755497e-06,2.0939694071793396e-07,3.8516813486916824e-06,2.1608415843458806e-06,3.4572474216751108e-06,0.0,9.056623663940949e-13,1.5110395757973026e-13,1.946286044859527e-13
2,adam,299,600.0,1090.0,5.819894666004826e-06,3.5709028810231534e-06,1.3240722402413972e-07,1.6790538464499558e-06,1.7594418105490576e-06,2.2488967133236466e-06,0.0,4.139356026416812e-13,3.707231438074922e-14,1.5129017562575777e-13
2,adam,324,600.0,1090.0,4.3292897691377155e-06,2.735336151015513e-06,1.2612605147349126e-07,1.2592581485299332e-06,1.3499519510120885e-06,1.5938584496387533e-06,0.0,4.0322964393378307e-13,2.748310650297258e-14,1.2309385592293078e-13
2,adam,349,600.0,1090.0,6.023571726137531e-06,4.152931772345451e-06,1.7712141808977403e-07,2.3683970677226314e-06,1.6074132865330454e-06,1.8705446923753688e-06,0.0,6.355754181641626e-13,1.1553762653047992e-13,2.012272988152555e-13
2,adam,374,600.0,1090.0,2.4174433382625298e-05,1.641484874357663e-05,2.860045743292846e-07,1.1962123824926099e-05,4.166720344321246e-06,7.759489458205772e-06,0.0,1.0754365209951262e-12,6.717152788656841e-13,8.459102640591348e-13
2,adam,399,600.0,1090.0,4.880732420491956e-06,3.425720668716319e-06,2.011805500556454e-07,2.1795419439252347e-06,1.0449981747354388e-06,1.4549164874513494e-06,0.0,7.859171719151163e-13,1.2068178965148268e-13,1.637403869959217e-13
2,adam,424,600.0,1090.0,1.1994515488891183e-06,1.017300422471036e-06,9.979770000655043e-08,5.397209124733176e-07,3.777818099911679e-07,1.8205580388514517e-07,0.0,4.642847590379904e-13,1.8430103082033428e-14,5.663854276258931e-14
2,adam,449,600.0,1090.0,7.928230446487853e-07,6.918848439894798e-07,8.361706039938423e-08,3.2321857474565837e-07,2.8504920884443723e-07,1.0084283892475752e-07,0.0,3.8659186728300295e-13,9.401999811409948e-15,4.3118887432354097e-14
2,adam,474,600.0,1090.0,7.293942330513976e-07,6.503994650413431e-07,7.683908027961724e-08,3.335170262528631e-07,2.4004335850886275e-07,7.889936715611547e-08,0.0,3.621359213509775e-13,1.2939519246089769e-14,3.762543832484217e-14
2,adam,499,600.0,1090.0,2.9715674673898504e-05,2.4462053374887915e-05,1.0804201604961986e-06,2.1666752045415544e-05,1.7148811689761737e-06,5.25352600108982e-06,0.0,7.482816091871487e-12,1.0951046199315256e-12,3.38340570081842e-13
2,adam,524,600.0,1090.0,8.758722287556469e-06,6.6685820475782725e-06,1.4395675341862425e-07,4.901865414010397e-06,1.6227598801492513e-06,2.090044926223532e-06,0.0,9.974546642062876e-13,3.018203682119242e-13,3.0906829234210516e-13
2,adam,549,600.0,1090.0,4.3483072741497407e-07,4.210299525275714e-07,4.978936157449898e-08,1.973633718304799e-07,1.738772191225925e-07,1.3705449453616177e-08,0.0,2.0892614330501782e-13,6.902365130012035e-15,2.4331054190390048e-14
2,adam,574,600.0,1090.0,3.474345217903207e-07,3.355853688681197e-07,3.7088256884257064e-08,1.5460546429577847e-07,1.4389164768808422e-07,1.1753825620863295e-08,0.0,1.6623376268003113e-13,4.9610907560419356e-15,1.9819076518885608e-14
2,adam,599,600.0,1090.0,3.324624565350017e-05,2.4565633107519277e-05,5.688259914036743e-07,2.0047802892325984e-05,3.949004223789618e-06,8.680517214761603e-06,0.0,3.2357517422450844e-12,1.2069711078405703e-12,7.672053540027556e-13
2,adam,624,600.0,1090.0,1.2283513730019173e-05,8.917130594048855e-06,2.925363553999883e-07,7.440829399128529e-06,1.183764839520338e-06,3.366287886885654e-06,0.0,1.872295006550064e-12,4.2728521271578014e-13,2.4560178667491027e-13
2,adam,649,600.0,1090.0,3.1876426529645586e-07,2.9271023976823246e-07,2.4869200065687117e-08,1.4399903227085488e-07,1.2384200743169048e-07,2.5958765688725063e-08,0.0,8.509039805889488e-14,4.833952983187994e-15,1.4055713129124616e-14
2,adam,674,600.0,1090.0,1.1711280686225953e-06,8.817024136665649e-07,3.159151161549853e-08,6.332903650499588e-07,2.1682053700110757e-07,2.8933040151874477e-07,0.0,1.5050297991884493e-13,3.422887535777145e-14,3.6030547847740456e-14
2,adam,699,600.0,1090.0,4.0000832600847354e-05,3.0513258465715523e-05,9.754133804116375e-07,2.501096942069e-05,4.526875664613885e-06,9.487478930322854e-06,0.0,6.1971665431255325e-12,1.4232990277046258e-12,9.09897020669408e-13
2,adam,724,600.0,1090.0,6.890914780799288e-06,5.391381044009418e-06,1.839198495716068e-07,4.110946330128362e-06,1.0965148643094488e-06,1.4994385273915243e-06,0.0,1.3856244295999785e-12,2.575875905093876e-13,2.0015800554985857e-13
2,adam,749,600.0,1090.0,7.987236709488836e-06,6.061779718708951e-06,1.574208545131691e-07,4.721715470009724e-06,1.1826433941860575e-06,1.925361786613195e-06,0.0,9.153698804454167e-13,2.9675945377064176e-13,2.2568301126625285e-13
2,adam,774,600.0,1090.0,1.2069841630458805e-06,9.953581961208303e-07,9.59882265685646e-08,7.124687324466339e-07,1.869012371056317e-07,2.115308203299042e-07,0.0,3.9226189513187137e-13,3.3000179070761225e-14,3.206194893978473e-14
2,adam,799,600.0,1090.0,3.3315368970178717e-06,2.487321751266365e-06,6.44847242710426e-08,2.071388353600753e-06,3.5144867339456964e-07,8.441199942361583e-07,0.0,3.6474168016415074e-13,1.2145509058589584e-13,6.15907047110793e-14
2,adam,824,600.0,1090.0,4.3014873890951605e-05,3.202270004044269e-05,7.186238131666765e-07,2.6589572495382354e-05,4.714503731893655e-06,1.0992078710012636e-05,0.0,4.1193432673372015e-12,1.5818853411723658e-12,9.073894611515646e-13
2,adam,849,600.0,1090.0,6.470046706810207e-07,5.943703427527927e-07,3.994409996955221e-08,4.170537739166082e-07,1.3737246886663228e-07,5.253926052547707e-08,0.0,2.3473141370608826e-13,1.1156688596635639e-14,1.7568786871236287e-14
2,adam,874,600.0,1090.0,2.287867243219985e-06,1.7557838722031794e-06,5.997854472539252e-08,1.2526240083778488e-06,4.43181319099938e-07,5.319882894322823e-07,0.0,2.564289343728328e-13,7.706078809667671e-14,8.063324331035038e-14
2,adam,899,600.0,1090.0,1.4919251311715302e-06,1.198295438335031e-06,3.965650841394182e-08,8.924612581070452e-07,2.6617767181404407e-07,2.935346170500227e-07,0.0,1.6914993676012643e-13,5.3944586456008376e-14,4.388370745811697e-14
2,adam,924,600.0,1090.0,3.373366103319444e-05,2.5514071978144196e-05,5.729511655171054e-07,2.0253028165995534e-05,4.688092646631559e-06,8.219494011847799e-06,0.0,3.164182166365953e-12,1.2969874908169186e-12,8.703963940826043e-13
2,adam,949,600.0,1090.0,9.422363198838352e-06,6.763096330195212e-06,1.614092349582062e-07,5.349779619573607e-06,1.2519074756633983e-06,2.659171840013561e-06,0.0,7.470126743574029e-13,3.1776594116297047e-13,2.35797355364203e-13
2,adam,974,600.0,1090.0,4.846759593112142e-06,3.70324702529656e-06,9.569946053857236e-08,3.104848113146283e-06,5.026994516117048e-07,1.1434175530729606e-06,0.0,6.339825370614437e-13,1.7923698247743667e-13,9.045085770757411e-14
2,adam,999,600.0,1090.0,2.1147117937275943e-06,1.5339578779582675e-06,4.187655279498416e-08,1.1887322025090942e-06,3.033491226541892e-07,5.806588946596348e-07,0.0,2.1405609116238075e-13,7.053101957998047e-14,5.343593343584862e-14
2,adam,1024,600.0,1090.0,3.346684725789668e-05,2.359857734071672e-05,6.87428305807327e-07,1.907929254241268e-05,3.831856492496716e-06,9.868174925217848e-06,0.0,4.137752825586581e-12,1.1609224312974571e-12,7.728268133962254e-13
2,adam,1049,600.0,1090.0,8.312495245003779e-06,6.172797533349246e-06,2.2259277410294588e-07,4.831079356825903e-06,1.1191254024203967e-06,2.1396027424633188e-06,0.0,1.3360189185626514e-12,3.114007339292296e-13,2.1456765987998468e-13
2,adam,1074,600.0,1090.0,5.121299323612113e-06,3.7074552241020716e-06,1.2716368509021325e-07,2.784373455540277e-06,7.959180834715811e-07,1.4137491396111918e-06,0.0,7.301595652303055e-13,1.7908013898663704e-13,1.5007736240990678e-13
2,adam,1099,600.0,1090.0,4.028645362626824e-05,2.9712338999028372e-05,8.934468265196302e-07,2.5244829319764328e-05,3.5740628527444117e-06,1.0574019684597503e-05,0.0,5.85188357152272e-12,1.4895347212104945e-12,6.767066869115659e-13
2,adam,1124,600.0,1090.0,2.425587269332862e-05,1.746960050261971e-05,7.402672839420387e-07,1.3451488255964961e-05,3.2778449627127105e-06,6.786177284775437e-06,0.0,4.433035535994536e-12,8.746415552923991e-13,6.207425920050531e-13
2,adam,1149,600.0,1090.0,5.188736947312881e-06,3.681610637503196e-06,9.361697244409563e-08,2.70855289525656e-06,8.794407698025405e-07,1.5070314028809491e-06,0.0,5.267493612539358e-13,1.645186068948066e-13,1.6600128876283697e-13
2,adam,1174,600.0,1090.0,7.734955341783134e-06,5.667907773005668e-06,1.5270963875983417e-07,4.62533701863152e-06,8.898611156143141e-07,2.0669526746698014e-06,0.0,9.92513830099313e-13,2.765338473345689e-13,1.6564525161155038e-13
2,adam,1199,600.0,1090.0,1.7301867568270928e-07,1.6375819850682625e-07,1.3038980865158994e-08,8.614389476848194e-08,6.457532287318533e-08,9.16559093876393e-09,0.0,2.0834137876183268e-14,3.5295889741783963e-15,5.748808184469849e-15
2,adam,1224,600.0,1090.0,1.513642578370637e-05,1.1087950175348464e-05,2.8364061274005836e-07,8.572979292072164e-06,2.23133027053624e-06,4.04838072024478e-06,0.0,1.8028504130288733e-12,5.391784193182383e-13,4.3144080048113804e-13
2,adam,1249,600.0,1090.0,1.7316723822678462e-05,1.2437849946859843e-05,7.978054552302407e-07,9.89346220760499e-06,1.7465822840246116e-06,4.878779051301976e-06,0.0,5.6040236229090294e-12,5.644552830286854e-13,3.274674380365099e-13
2,adam,1274,600.0,1090.0,2.5828145138037624e-06,1.9906411162931963e-06,4.786458233974868e-08,1.6259962508579062e-06,3.167802830955412e-07,5.920785629075878e-07,0.0,2.1728839864475596e-13,1.0181839649191932e-13,5.567837768309977e-14
2,adam,1299,600.0,1090.0,1.552401994890834e-06,1.1762814673138065e-06,4.864133315191811e-08,8.833129555133534e-07,2.44327178648535e-07,3.7602569825869474e-07,0.0,2.6458788298383057e-13,5.481458861113325e-14,4.139415211854928e-14
2,adam,1324,600.0,1090.0,2.125397942482286e-05,1.60512684231227e-05,4.0195353036846507e-07,1.305270288421197e-05,2.5966120085422656e-06,5.202616194446452e-06,0.0,2.482592156116531e-12,8.323791498545888e-13,4.679330049422142e-13
2,adam,1349,600.0,1090.0,8.601878062493221e-06,6.107688775506231e-06,3.4184224030177314e-07,4.809678118751188e-06,9.5616841645327e-07,2.4940945094911676e-06,0.0,2.0636531220370275e-12,2.8172401687593653e-13,1.7034179943610172e-13
2,adam,1374,600.0,1090.0,5.224636614411712e-07,4.171990149816928e-07,2.5999368375159212e-08,3.0679713036246185e-07,8.440251624407172e-08,1.051698713384867e-07,0.0,1.0713726332534465e-13,1.860170399145847e-14,9.92360149944781e-15
2,adam,1399,600.0,1090.0,7.100562715123499e-06,5.130169529569607e-06,1.519266688293277e-07,4.15918822175993e-06,8.190546389803492e-07,1.9702984167238068e-06,0.0,9.853598214978028e-13,2.497839784948048e-13,1.563091833526075e-13
2,lbfgs,1400,600.0,1090.0,7.942555162398608e-06,5.846073656927545e-06,1.7094064107697152e-07,4.501617762629161e-06,1.1735152532214123e-06,2.096386734975603e-06,0.0,1.0727394099783114e-12,2.8349066207138354e-13,2.1775928313744096e-13
2,lbfgs,1409,600.0,1090.0,3.1466418822994407e-07,2.128921528346873e-07,7.612679988670865e-08,6.094195316658211e-08,7.582339978139656e-08,1.0167726491259004e-07,0.0,5.129735339834084e-13,2.4132559776388482e-15,1.1041721432804682e-14
2,lbfgs,1419,600.0,1090.0,1.9173430501901571e-07,1.4680414461512019e-07,2.84829335856874e-08,4.599324881030118e-08,7.232796221913161e-08,4.483538998855621e-08,0.0,9.988765963030958e-14,1.3999093591120418e-15,1.0014489110019462e-14
2,lbfgs,1429,600.0,1090.0,1.2548133529406592e-07,1.1090436760273515e-07,1.2847248294086933e-08,4.380127600454001e-08,5.42558433041082e-08,1.4482197376641368e-08,0.0,2.4936673064442172e-14,1.2367259327824986e-15,5.446413571922126e-15
2,lbfgs,1439,600.0,1090.0,1.1392914368342704e-07,1.0341423761030193e-07,1.1500463022845843e-08,4.0588667441679676e-08,5.132510714577641e-08,1.0420135700583189e-08,0.0,1.889139240241742e-14,1.240315366666404e-15,4.630328637049808e-15
2,lbfgs,1449,600.0,1090.0,8.971959820534549e-08,8.383061707330954e-08,1.3098837461036853e-08,2.4533645376161478e-08,4.619813423611121e-08,5.794210506285796e-09,0.0,1.9198644306061718e-14,7.912211515636093e-16,3.259429592054044e-15
2,lbfgs,1459,600.0,1090.0,6.849652709364243e-08,6.443040015599895e-08,1.1915697880269556e-08,2.0498598557430167e-08,3.2016103718299236e-08,3.971356332569607e-09,0.0,1.814465173454489e-14,8.110891734061527e-16,2.8573099664004445e-15
2,lbfgs,1469,600.0,1090.0,6.504238803999668e-08,5.844843398863791e-08,1.1107320564761085e-08,1.956461232182124e-08,2.777650110205559e-08,6.49918344986914e-09,0.0,1.83151009738017e-14,7.851155661632275e-16,2.5170560461193193e-15
2,lbfgs,1479,600.0,1090.0,6.116533121997262e-08,5.44624516902906e-08,1.2838136332863104e-08,1.6783736073879873e-08,2.4840579283547626e-08,6.608108988787263e-09,0.0,2.2241823544434744e-14,6.354886097200872e-16,2.321075398817778e-15
2,lbfgs,1489,600.0,1090.0,5.705044636054381e-08,5.120222145224806e-08,1.1928176295876782e-08,1.6123834285613103e-08,2.3150210870758178e-08,5.753454326185395e-09,0.0,1.9114714583593814e-14,5.760067931463176e-16,2.2241616554715897e-15
2,lbfgs,1499,600.0,1090.0,5.695918971527506e-08,5.1127598808912e-08,1.1908005548147015e-08,1.6115200097416793e-08,2.3104393163348195e-08,5.736820326135832e-09,0.0,1.8995654518408954e-14,5.743376573124568e-16,2.2213850026085265e-15
2,lbfgs,1509,600.0,1090.0,5.6864569734710924e-08,5.1041447469953394e-08,1.1878804393834062e-08,1.6102114720874064e-08,2.3060528355245263e-08,5.72835168696152e-09,0.0,1.8872322287424387e-14,5.721775589992192e-16,2.222625381047676e-15
2,lbfgs,1519,600.0,1090.0,5.6784420576635965e-08,5.098345398278815e-08,1.1894105963337403e-08,1.6082256062721963e-08,2.3007091956728784e-08,5.706196018596033e-09,0.0,1.8889290307748722e-14,5.707960023622352e-16,2.207544297093159e-15
2,lbfgs,1529,600.0,1090.0,5.669953232493604e-08,5.092467760170102e-08,1.1935116596995369e-08,1.6060181107022495e-08,2.292937989768315e-08,5.6800841510840985e-09,0.0,1.899278524174904e-14,5.691382415573763e-16,2.18478186337536e-15
2,lbfgs,1539,600.0,1090.0,5.662753105078786e-08,5.0874033607404994e-08,1.1918778822140892e-08,1.606305094794234e-08,2.289220383732176e-08,5.658726872281868e-09,0.0,1.8901077468155205e-14,5.681534808591887e-16,2.1832974399346794e-15
2,lbfgs,1549,600.0,1090.0,5.655076899639491e-08,5.0825817220381184e-08,1.1898124895761767e-08,1.6067330981006703e-08,2.286036134361271e-08,5.630181206044344e-09,0.0,1.880261005920584e-14,5.66973662675005e-16,2.1860126302020854e-15
2,lbfgs,1559,600.0,1090.0,5.648508274570283e-08,5.076675781721896e-08,1.1907007762240177e-08,1.604351742556114e-08,2.2816232629417638e-08,5.6235543606583916e-09,0.0,1.8813158625560103e-14,5.654961471939001e-16,2.1729162772632002e-15
2,lbfgs,1569,600.0,1090.0,5.641510857853388e-08,5.069551514121984e-08,1.1933568427741119e-08,1.6010988322647485e-08,2.275095839083124e-08,5.624822872241964e-09,0.0,1.888869031604505e-14,5.634742756510794e-16,2.1527712228287233e-15
2,lbfgs,1579,600.0,1090.0,5.635447288815586e-08,5.065822318296604e-08,1.1920008327190455e-08,1.6018538093041227e-08,2.2719676762734356e-08,5.6014791405193866e-09,0.0,1.881110610952094e-14,5.627897697544294e-16,2.1523133691788635e-15
2,lbfgs,1589,600.0,1090.0,5.629021026718498e-08,5.06314155666146e-08,1.1905066918330974e-08,1.6033794222668564e-08,2.2692554425615058e-08,5.564024136126555e-09,0.0,1.872713928492894e-14,5.622142742688007e-16,2.1560284870892397e-15
2,lbfgs,1599,600.0,1090.0,5.623369093053836e-08,5.057205685375119e-08,1.1909567988373492e-08,1.6006670632437712e-08,2.2655818232939983e-08,5.566863514098785e-09,0.0,1.8733690957425417e-14,5.606750973889978e-16,2.1443368055548724e-15
2,lbfgs,1609,600.0,1090.0,5.617430561480951e-08,5.0493683679128634e-08,1.1927052913089205e-08,1.596454069163397e-08,2.260209007440546e-08,5.5858513753248484e-09,0.0,1.8796405261534476e-14,5.583241376686479e-16,2.126127226235863e-15
2,lbfgs,1619,600.0,1090.0,5.612116421142659e-08,5.0465163785600974e-08,1.1915298329608578e-08,1.5976038724416933e-08,2.2573826731575466e-08,5.5612298653777704e-09,0.0,1.8726337870182326e-14,5.578982954997952e-16,2.126359318009243e-15
2,lbfgs,1629,600.0,1090.0,5.606605564547697e-08,5.045620755459466e-08,1.1904238307456304e-08,1.600323666413888e-08,2.2548732582999476e-08,5.51507752999605e-09,0.0,1.864780548667055e-14,5.579937479857559e-16,2.130866623867476e-15
2,lbfgs,1639,600.0,1090.0,5.601565380424551e-08,5.0394668461608064e-08,1.1905807262703729e-08,1.597160677574527e-08,2.2517254423159063e-08,5.526214783160564e-09,0.0,1.865378733336695e-14,5.563060813794961e-16,2.1201392632315832e-15
2,lbfgs,1649,600.0,1090.0,5.596448903847369e-08,5.030380979458469e-08,1.1916659347226235e-08,1.5915680705247787e-08,2.247146974211067e-08,5.565908686356646e-09,0.0,1.871556148802629e-14,5.533499727940757e-16,2.1031569513274385e-15
2,lbfgs,1659,600.0,1090.0,5.591618414941917e-08,5.028498971012643e-08,1.190663796503769e-08,1.5932745452150005e-08,2.2445606292938733e-08,5.536423881264996e-09,0.0,1.8647973128287404e-14,5.532775026793222e-16,2.103959545529406e-15
2,lbfgs,1669,600.0,1090.0,5.587421089526595e-08,5.025649140405926e-08,1.1903107722234463e-08,1.5931914429132556e-08,2.242146925269224e-08,5.5229489332934715e-09,0.0,1.8619312358388926e-14,5.526758826564893e-16,2.1012010409787193e-15
2,lbfgs,1679,600.0,1090.0,5.582200209308059e-08,5.023344077085997e-08,1.1898680289398536e-08,1.5939565909899547e-08,2.239519457156188e-08,5.493790764329932e-09,0.0,1.8574872290443802e-14,5.524234492321362e-16,2.0992811985691458e-15
2,lbfgs,1689,600.0,1090.0,5.5781893294071276e-08,5.018693316052842e-08,1.189728951591084e-08,1.592154587162858e-08,2.2368097772989e-08,5.500189576022886e-09,0.0,1.8569683204243084e-14,5.51114999543322e-16,2.0932923277614992e-15
2,lbfgs,1699,600.0,1090.0,5.573256640924757e-08,5.011016142866394e-08,1.18952530207274e-08,1.588569385177239e-08,2.2329214556164146e-08,5.5276344235008175e-09,0.0,1.8578140069251564e-14,5.487118422963508e-16,2.0841107219817643e-15
2,lbfgs,1709,600.0,1090.0,5.5693888794506184e-08,5.0089843595619473e-08,1.1892347242470654e-08,1.5889630484702233e-08,2.2307865868446586e-08,5.509274641604907e-09,0.0,1.8547641350287004e-14,5.484303359414458e-16,2.081947340746733e-15
2,lbfgs,1719,600.0,1090.0,5.564758413053318e-08,5.0091251340260665e-08,1.1890534216616458e-08,1.591410418942939e-08,2.2286612934214818e-08,5.461562232581859e-09,0.0,1.8497354221261707e-14,5.49197929724672e-16,2.0811314159266695e-15
2,lbfgs,1729,600.0,1090.0,5.560974627129967e-08,5.0036643926385795e-08,1.1887511594506957e-08,1.588884214793135e-08,2.2260290183947487e-08,5.478331787367913e-09,0.0,1.8495493195892276e-14,5.47523165726801e-16,2.0753735612573364e-15
2,lbfgs,1739,600.0,1090.0,5.556712895150754e-08,4.9932101491648915e-08,1.1881706865886151e-08,1.5830097725018657e-08,2.222029690074411e-08,5.540256902528862e-09,0.0,1.8521979768094337e-14,5.438766148124113e-16,2.0660702831166435e-15
2,lbfgs,1749,600.0,1090.0,5.552915106426567e-08,4.992617850015823e-08,1.1880048945503123e-08,1.584348676400201e-08,2.2202642790653093e-08,5.5082020062795485e-09,0.0,1.848370732518904e-14,5.441866059482133e-16,2.0645615052327446e-15
2,lbfgs,1759,600.0,1090.0,5.5494429711181345e-08,4.990541086052808e-08,1.1878168222076065e-08,1.5844030759650467e-08,2.2183211878801552e-08,5.4942482924927445e-09,0.0,1.8461238728982594e-14,5.43877005921863e-16,2.0618387073147855e-15
2,lbfgs,1769,600.0,1090.0,5.545196559447127e-08,4.990276110787041e-08,1.1877952131871967e-08,1.5862430880264195e-08,2.2162378095734243e-08,5.454433927902512e-09,0.0,1.8423814755821656e-14,5.445217514352092e-16,2.059483297162357e-15
2,lbfgs,1779,600.0,1090.0,5.5417832198012235e-08,4.985359030805123e-08,1.1873970717196064e-08,1.5841091321749692e-08,2.2138528269105477e-08,5.469471330985517e-09,0.0,1.8417460958765545e-14,5.430088636478904e-16,2.0552348357020586e-15
2,lbfgs,1789,600.0,1090.0,5.5378336594405565e-08,4.975854274246898e-08,1.1866431511458381e-08,1.5789262061563507e-08,2.2102849169447092e-08,5.525023292607437e-09,0.0,1.8431778554890345e-14,5.396540817074139e-16,2.0485380684100117e-15
2,lbfgs,1799,600.0,1090.0,5.5343998626992815e-08,4.975104681555021e-08,1.18656090587658e-08,1.5798673213597734e-08,2.2086764543186674e-08,5.498181251532418e-09,0.0,1.8402166776519726e-14,5.399032340537343e-16,2.0463903435770867e-15
2,lbfgs,1809,600.0,1090.0,5.531213972899848e-08,4.97307494543282e-08,1.1863929882050502e-08,1.5798174557131242e-08,2.206864501514645e-08,5.486619714228182e-09,0.0,1.838304362199957e-14,5.396035600992283e-16,2.0437039729280286e-15
2,lbfgs,1819,600.0,1090.0,5.5272872772428416e-08,4.9726583295624996e-08,1.1864018192897267e-08,1.5814074279169125e-08,2.20484908235586e-08,5.451518915576105e-09,0.0,1.8351757217755212e-14,5.401921138270578e-16,2.0410498486017026e-15
2,lbfgs,1829,600.0,1090.0,5.524145511962096e-08,4.9680875531021614e-08,1.1859921316949106e-08,1.5794265776836208e-08,2.20266884372363e-08,5.465809026843068e-09,0.0,1.834436384998419e-14,5.387823066180378e-16,2.0374963842973568e-15
2,lbfgs,1839,600.0,1090.0,5.520462482460328e-08,4.9592564639844625e-08,1.1852243534062853e-08,1.574587262304178e-08,2.199444848273999e-08,5.517289622327892e-09,0.0,1.835357468201934e-14,5.356378734613414e-16,2.032006587149245e-15
2,lbfgs,1849,600.0,1090.0,5.517299924467735e-08,4.9584552822768596e-08,1.1851583246865379e-08,1.5753705139691607e-08,2.1979264436211607e-08,5.493675858737045e-09,0.0,1.8328376620866208e-14,5.358637876284696e-16,2.029807243503331e-15
2,lbfgs,1859,600.0,1090.0,5.514343043826371e-08,4.95649373084662e-08,1.1849987540792011e-08,1.575271893638452e-08,2.1962230831289668e-08,5.48372256590965e-09,0.0,1.8311458784873503e-14,5.355779361884276e-16,2.02728672717403e-15
2,lbfgs,1869,600.0,1090.0,5.5106757975685106e-08,4.955988890440171e-08,1.1850087880009614e-08,1.5766903631970935e-08,2.1942897392421157e-08,5.452098506376449e-09,0.0,1.8284214155906065e-14,5.361198685768878e-16,2.024663580637091e-15
2,lbfgs,1879,600.0,1090.0,5.5077542469618344e-08,4.951699324281225e-08,1.1846137568949026e-08,1.5748111252488745e-08,2.192274442137448e-08,5.46577866118503e-09,0.0,1.8276737617018616e-14,5.347952860477093e-16,2.021534879236723e-15
2,lbfgs,1889,600.0,1090.0,5.5042900642710707e-08,4.9434326350162305e-08,1.1838719167945455e-08,1.570245164509399e-08,2.1893155537122855e-08,5.513803726020817e-09,0.0,1.828279545863018e-14,5.318380507430686e-16,2.016768316468378e-15
2,lbfgs,1899,600.0,1090.0,5.501350229320562e-08,4.9426114942178225e-08,1.183812059160632e-08,1.5709279874393195e-08,2.1878714476178707e-08,5.49261678360571e-09,0.0,1.8260805735676625e-14,5.320449305124223e-16,2.0146603996451524e-15
2,lbfgs,1909,600.0,1090.0,5.498582964502419e-08,4.940718973478089e-08,1.1836604656789928e-08,1.5707949342046083e-08,2.186263573594488e-08,5.483869341949076e-09,0.0,1.8245653507495423e-14,5.31770034770212e-16,2.0123191669258667e-15
2,lbfgs,1919,600.0,1090.0,5.495131666902681e-08,4.940146079859216e-08,1.1836676924025565e-08,1.5720615692105194e-08,2.1844168182461403e-08,5.455085300922747e-09,0.0,1.8221591087309835e-14,5.322639816032571e-16,2.009812085578686e-15
2,lbfgs,1929,600.0,1090.0,5.492394320378016e-08,4.936105288948624e-08,1.1832944492281008e-08,1.5702740122755553e-08,2.182536827444968e-08,5.4681197439194e-09,0.0,1.8214277223026416e-14,5.310166767094432e-16,2.006993645271155e-15
2,lbfgs,1939,600.0,1090.0,5.489114277748877e-08,4.9283448899030165e-08,1.1825888484762736e-08,1.5659683996144757e-08,2.179787641812267e-08,5.5129233069909375e-09,0.0,1.8217997319275732e-14,5.282363061867695e-16,2.002742739810427e-15
2,lbfgs,1949,600.0,1090.0,5.4863623165182644e-08,4.927513241442517e-08,1.182534408015655e-08,1.5665662857731977e-08,2.1784125476536642e-08,5.493720178264155e-09,0.0,1.819863313416616e-14,5.284220351586459e-16,2.0007546638683774e-15
2,lbfgs,1959,600.0,1090.0,5.483755775932318e-08,4.92568628346146e-08,1.182391637387263e-08,1.566404105485927e-08,2.1768905405882704e-08,5.485924351212083e-09,0.0,1.8184980982597328e-14,5.281547050816678e-16,1.9985794367651614e-15
2,lbfgs,1969,600.0,1090.0,5.480488569381072e-08,4.925054820659171e-08,1.1823969479093378e-08,1.5675283970307493e-08,2.1751294757190838e-08,5.459566912339437e-09,0.0,1.8163586605001873e-14,5.285986237430689e-16,1.9962048606502232e-15
2,lbfgs,1979,600.0,1090.0,5.477908508721532e-08,4.9212406585534244e-08,1.1820467094672634e-08,1.56583036870886e-08,2.173363580377301e-08,5.4719079258158864e-09,0.0,1.8156499354120595e-14,5.274231601624182e-16,1.9936342288687964e-15
2,lbfgs,1989,600.0,1090.0,5.474787122024411e-08,4.913946607454665e-08,1.1813795642069543e-08,1.5617798257277132e-08,2.1707872175199974e-08,5.5136345685834875e-09,0.0,1.8158373781877042e-14,5.248115120124138e-16,1.9897878182552278e-15
2,lbfgs,1999,600.0,1090.0,5.4721964075938165e-08,4.913107144770522e-08,1.1813305930474023e-08,1.5622994899301883e-08,2.169477061792931e-08,5.496122049982772e-09,0.0,1.814123172212589e-14,5.249737832930355e-16,1.9879181782028006e-15
2,lbfgs,2009,600.0,1090.0,5.46929708411358e-08,4.915845091806654e-08,1.1817239577682868e-08,1.565840000633794e-08,2.1682811334045732e-08,5.439749343191287e-09,0.0,1.8115765765396722e-14,5.269103589297728e-16,1.9863270533759817e-15
2,lbfgs,2019,600.0,1090.0,5.466621411618059e-08,4.910656793841815e-08,1.1812010087598596e-08,1.563102199748647e-08,2.1663535853333084e-08,5.464875596878878e-09,0.0,1.8109761515649085e-14,5.251043243401693e-16,1.9836456285935452e-15
2,lbfgs,2029,600.0,1090.0,5.464177841198145e-08,4.907051970518449e-08,1.1808732490280119e-08,1.5614920765320538e-08,2.1646866449583835e-08,5.476488124824352e-09,0.0,1.8102916476573225e-14,5.239960229309722e-16,1.9812820145220873e-15
2,lbfgs,2039,600.0,1090.0,5.46119578288884e-08,4.900191897614721e-08,1.1802442419020098e-08,1.5576898774849718e-08,2.1622577782277396e-08,5.515268269387955e-09,0.0,1.8103306623972225e-14,5.215449769721917e-16,1.9777691628688614e-15
2,lbfgs,2049,600.0,1090.0,5.458745368119407e-08,4.899345346442603e-08,1.1802004089401145e-08,1.5581364710460345e-08,2.161008466456454e-08,5.499229632185746e-09,0.0,1.808806477404942e-14,5.216823837582807e-16,1.9760093027158083e-15
2,lbfgs,2059,600.0,1090.0,5.455952773887702e-08,4.9017711394669946e-08,1.1805641683920087e-08,1.5613560212767545e-08,2.1598509497982316e-08,5.4470457578828125e-09,0.0,1.806559776747598e-14,5.234565214548518e-16,1.97444879378906e-15
2,lbfgs,2069,600.0,1090.0,5.453433151378486e-08,4.896903490031303e-08,1.1800786999124205e-08,1.558791843564468e-08,2.1580329465544145e-08,5.470526026048329e-09,0.0,1.8059684899153468e-14,5.217653017809035e-16,1.9719885677440876e-15
2,lbfgs,2079,600.0,1090.0,5.4511095808567273e-08,4.893492794864104e-08,1.1797721178876538e-08,1.5572672237288943e-08,2.156453453247556e-08,5.481397271325916e-09,0.0,1.8053081985061653e-14,5.207198168786415e-16,1.969802062244565e-15
2,lbfgs,2089,600.0,1090.0,5.448251737933771e-08,4.8870374061308265e-08,1.1791797073375596e-08,1.5537040568953372e-08,2.154153641897929e-08,5.517372727935795e-09,0.0,1.805227212740256e-14,5.184209586986543e-16,1.9665719392831573e-15
2,lbfgs,2099,600.0,1090.0,5.4459247730605e-08,4.886184198997847e-08,1.1791404298206354e-08,1.5540827025195492e-08,2.1529610666576624e-08,5.502635149225379e-09,0.0,1.8038662865233795e-14,5.185330043402883e-16,1.9649121189228095e-15
2,lbfgs,2109,600.0,1090.0,5.4432292757918306e-08,4.888322791184708e-08,1.1794770480442625e-08,1.5570021656338153e-08,2.15184357750663e-08,5.4542942528324e-09,0.0,1.801876889990237e-14,5.201518175974059e-16,1.9633899176597094e-15
2,lbfgs,2119,600.0,1090.0,5.4408465322510534e-08,4.8837508554585285e-08,1.1790257761549075e-08,1.5546028518956405e-08,2.1501222274079804e-08,5.476186173506956e-09,0.0,1.80129643417607e-14,5.185683043118151e-16,1.961118745810076e-15
2,lbfgs,2129,600.0,1090.0,5.43862960582744e-08,4.880520802307412e-08,1.1787389182114514e-08,1.5531606170726273e-08,2.1486212670233338e-08,5.486317439530056e-09,0.0,1.8006597845553234e-14,5.175815454772669e-16,1.9590861540003487e-15
2,lbfgs,2139,600.0,1090.0,5.435883834397471e-08,4.8744440850992334e-08,1.1781815188322397e-08,1.5498256747615512e-08,2.1464368915054425e-08,5.519626895721718e-09,0.0,1.8004818804306637e-14,5.154263773247688e-16,1.956100090714057e-15
2,lbfgs,2149,600.0,1090.0,5.433666528673321e-08,4.873584088623187e-08,1.1781458709318274e-08,1.5501413669451974e-08,2.1452968507461618e-08,5.506053801866536e-09,0.0,1.7992616243394554e-14,5.155132456501916e-16,1.9545309241817095e-15
3,adam,0,1090.0,1776.0,0.001718321555952489,0.0012887410997817288,0.001282000108403181,1.9048043147096568e-06,4.836187063838117e-06,0.0004295803665939096,0.0,1.4201717749559722e-08,1.4697841436921282e-13,1.2787493668658241e-12
3,adam,24,1090.0,1776.0,0.00016257670357214618,0.00010335818652898709,1.128020457290455e-05,7.980637781496821e-06,8.409734417458571e-05,5.921842838462372e-05,0.0,1.6873450324202097e-10,5.786041879914962e-13,2.2648667042317155e-11
3,adam,49,1090.0,1776.0,9.689273993115604e-05,7.036463596648651e-05,2.132542870317256e-05,1.2537185177091724e-05,3.6502022086222225e-05,2.6528015494285458e-05,0.0,5.023529405270513e-10,8.877638755969119e-13,9.40002572652547e-12
3,adam,74,1090.0,1776.0,5.670938978752827e-05,4.698376939990393e-05,1.302693351466907e-05,5.337169940448304e-06,2.8619665944786557e-05,9.725531730887353e-06,0.0,3.036226708117402e-10,3.6503942626381636e-13,7.0180735016634115e-12
3,adam,99,1090.0,1776.0,2.7046004393999577e-05,2.433373989777775e-05,4.473093380393628e-06,5.5027146518393586e-06,1.4357931865544763e-05,2.7121756667524965e-06,0.0,1.0441177011968699e-10,3.5798494781229836e-13,3.31844749887759e-12
3,adam,124,1090.0,1776.0,1.3658163058442547e-05,1.0765160338981065e-05,1.590139148749031e-06,2.6517162890179813e-06,6.523304901214052e-06,2.892913857819081e-06,0.0,3.874137758122333e-11,1.6911394868876854e-13,1.434581027724946e-12
3,adam,149,1090.0,1776.0,6.568350678049484e-06,3.852971636959553e-06,4.899628534558938e-07,1.0899884924607257e-06,2.2730202910429337e-06,2.7152900918885242e-06,0.0,1.2572509603258897e-11,7.616129655691802e-14,5.251869709552221e-13
3,adam,174,1090.0,1776.0,1.0162358490086299e-05,6.0166938596572935e-06,7.705277097066576e-07,1.8655713225579657e-06,3.3805948273926703e-06,4.145575719207983e-06,0.0,1.886538529058884e-11,1.0581124847576221e-13,6.779487436907867e-13
3,adam,199,1090.0,1776.0,3.2212408207121743e-06,1.5188413214465524e-06,1.9269921467280773e-07,6.147367419841946e-07,7.114053647895502e-07,1.7023104917888052e-06,0.0,4.8205270650113666e-12,4.1500856424802226e-14,1.6723220536690066e-13
3,adam,224,1090.0,1776.0,2.0545291946109943e-06,7.611520549078693e-07,1.1268883412608708e-07,2.893314226086563e-07,3.5913179817312594e-07,1.293288013016797e-06,0.0,2.890017098392129e-12,2.1284111167724892e-14,9.184799005085221e-14
3,adam,249,1090.0,1776.0,1.5340814922520754e-06,5.875068647578535e-07,9.115841787193981e-08,2.040713977043903e-07,2.9227704918152335e-07,9.464854225817629e-07,0.0,2.353329735083855e-12,1.5367682554388595e-14,7.626277899828357e-14
3,adam,274,1090.0,1776.0,1.2436808391132313e-06,5.249684760606102e-07,8.230819527777697e-08,1.7020857265377163e-07,2.7245170812906165e-07,7.186231021994084e-07,0.0,2.088828781592043e-12,1.2760889883287191e-14,7.116947156420247e-14
3,adam,299,1090.0,1776.0,1.015921563930239e-06,4.5639346865475594e-07,7.507396340724992e-08,1.4091023518866615e-07,2.404092700588399e-07,5.594387867753136e-07,0.0,1.8912096802036315e-12,1.0555121032357785e-14,6.294045482715301e-14
3,adam,324,1090.0,1776.0,8.254922163056999e-07,3.8744254171740545e-07,6.828768530181734e-08,1.1508483199002316e-07,2.0407002442556495e-07,4.3796032377958805e-07,0.0,1.7247374270000802e-12,8.592365446266024e-15,5.339516735425512e-14
3,adam,349,1090.0,1776.0,6.679467306849494e-07,3.2610258808569793e-07,6.222108223424048e-08,9.407487056897839e-08,1.6980663528247906e-07,3.417547517943163e-07,0.0,1.5850861929155853e-12,6.970522305454572e-15,4.426050499850509e-14
3,adam,374,1090.0,1776.0,6.538175650550829e-06,4.553840429573016e-06,7.552688902187379e-07,3.490999140735894e-06,3.0757239861838314e-07,1.9842459437702887e-06,0.0,1.7520025735814623e-11,1.8299997372920608e-13,7.719962826139548e-14
3,adam,399,1090.0,1776.0,1.6678388429712518e-06,1.0729343737716324e-06,1.1776552357606987e-07,7.459394092013074e-07,2.092294409942552e-07,5.948151468079391e-07,0.0,2.6664485133102474e-12,3.89600828149364e-14,4.5825765908985884e-14
3,adam,424,1090.0,1776.0,3.8437127604199623e-07,2.2676523860655693e-07,5.5349691723609944e-08,5.6619146813449235e-08,1.1479640006949774e-07,1.5751666744089195e-07,0.0,1.4611884034302653e-12,4.043288670528696e-15,2.9076799302711277e-14
3,adam,449,1090.0,1776.0,3.0220950572056077e-07,1.8483751029837503e-07,4.783957722784966e-08,4.602994979162765e-08,9.096798327889772e-08,1.1728260533806481e-07,0.0,1.252118324934382e-12,3.292388031038176e-15,2.301207585315999e-14
3,adam,474,1090.0,1776.0,2.462384888758808e-07,1.5870445595409998e-07,4.3576535608809736e-08,3.921263046807234e-08,7.59152898772179e-08,8.744461343362469e-08,0.0,1.1611369336068402e-12,2.7471009108108053e-15,1.880547965549959e-14
3,adam,499,1090.0,1776.0,2.0549754353689852e-07,1.4203224700927504e-07,4.013522808119456e-08,3.395450536406115e-08,6.794251356401933e-08,6.337585312124553e-08,0.0,1.0790266505318848e-12,2.3567206555103595e-15,1.667123657143132e-14
3,adam,524,1090.0,1776.0,1.7555157729915884e-07,1.2899851855182945e-07,3.6967346050383896e-08,2.9608775748956278e-08,6.242239675248926e-08,4.646359513984447e-08,0.0,1.0006980295529229e-12,2.0263845960577e-15,1.5138837161708146e-14
3,adam,549,1090.0,1776.0,1.5276229851339384e-07,1.183413146589911e-07,3.418086181111765e-08,2.613116415670786e-08,5.802928869116559e-08,3.433150402595582e-08,0.0,9.30150761094569e-13,1.768858387528223e-15,1.3955222385248397e-14
3,adam,574,1090.0,1776.0,1.349677930899831e-07,1.091158052064254e-07,3.1667746328998503e-08,2.3304545578719128e-08,5.414351329870777e-08,2.576249513454314e-08,0.0,8.650837294623118e-13,1.5626390559725914e-15,1.2935374054463512e-14
3,adam,599,1090.0,1776.0,4.812733625824507e-05,3.0202476751629453e-05,2.2673675892557442e-07,2.2382868337194273e-05,7.592871655509607e-06,1.7924770023703075e-05,0.0,6.948232433638759e-12,1.0423085998017356e-12,1.3082679958861526e-12
3,adam,624,1090.0,1776.0,5.150351828572751e-07,4.645667177227214e-07,8.797672342518773e-08,2.0042594308527613e-07,1.7616405121225755e-07,5.0379078170218566e-08,0.0,1.8694469633476894e-12,1.1242576454053893e-14,3.9851587414305e-14
3,adam,649,1090.0,1776.0,2.257408066994918e-07,1.689604719304621e-07,3.0061616258605655e-08,6.956290633404042e-08,6.933594933781603e-08,5.669093035198219e-08,0.0,8.087749361654501e-13,3.3814594662943133e-15,1.634351094159261e-14
3,adam,674,1090.0,1776.0,1.1359973805095247e-07,9.427995282995669e-08,2.4348608708521354e-08,2.7167548063762728e-08,4.2763796057672613e-08,1.923038047509682e-08,0.0,6.627841095064787e-13,1.558355333987117e-15,9.79914287864911e-15
3,adam,699,1090.0,1776.0,8.66522414352023e-08,7.572079778795767e-08,2.2512751938908988e-08,1.561846720809147e-08,3.7589578640957215e-08,1.0842031378925667e-08,0.0,6.153828195222302e-13,1.0255361042627071e-15,8.629735601532446e-15
3,adam,724,1090.0,1776.0,7.694789091873032e-08,6.845279055926604e-08,2.1085551622814148e-08,1.3595615381972698e-08,3.3771623554479184e-08,8.405682396297851e-09,0.0,5.780600052787589e-13,8.836735043602483e-16,7.794125751684358e-15
3,adam,749,1090.0,1776.0,6.95524414552689e-08,6.259161094531955e-08,1.9727988286733374e-08,1.1898186018082894e-08,3.0965436640503286e-08,6.871408363663028e-09,0.0,5.414313013078751e-13,7.736295893739038e-16,7.147793780308129e-15
3,adam,774,1090.0,1776.0,6.301363242751854e-08,5.716257060788801e-08,1.8501932566339606e-08,1.0467057995686866e-08,2.8193580045861533e-08,5.76163593850222e-09,0.0,5.077553715382343e-13,6.800015258350777e-16,6.496029839284621e-15
3,adam,799,1090.0,1776.0,5.71729419852883e-08,5.2193521618514185e-08,1.7379438933801358e-08,9.271521989540192e-09,2.5542560695172637e-08,4.889991254976016e-09,0.0,4.76577217097939e-13,6.01238718254109e-16,5.877925692853145e-15
3,adam,824,1090.0,1776.0,1.9785433190390735e-07,1.377304659349565e-07,1.610716049817688e-08,7.573093239234431e-08,4.589237304443532e-08,6.003443453885011e-08,0.0,4.3801273491174796e-13,3.666027932977147e-15,9.027788011396706e-15
3,adam,849,1090.0,1776.0,1.9012612360506163e-06,1.335806129707904e-06,1.364592361463547e-07,4.5011177486953663e-07,7.492351186920127e-07,5.653657341145398e-07,0.0,3.4016779180691143e-12,2.0509027650583163e-14,1.446433120560919e-13
3,adam,874,1090.0,1776.0,1.7475223877703557e-07,1.2877600273244746e-07,1.7608997090360788e-08,5.940046200491833e-08,5.176654363716833e-08,4.588683644931593e-08,0.0,4.775170375265907e-13,2.77586785028294e-15,1.07539528231008e-14
3,adam,899,1090.0,1776.0,5.6458758735796734e-08,4.7689215454731276e-08,1.391364043317291e-08,1.541224243667154e-08,1.8363332584886825e-08,8.680149284250964e-09,0.0,3.758603493104521e-13,8.067696484615778e-16,4.1113233635978795e-15
3,adam,924,1090.0,1776.0,3.66010116899903e-08,3.366225490600117e-08,1.2819065408404908e-08,5.337547627463177e-09,1.550564187013309e-08,2.8493593577836177e-09,0.0,3.437821262728031e-13,3.4681813894847476e-16,3.449690427575586e-15
3,adam,949,1090.0,1776.0,3.116987831093187e-07,2.0508594845839942e-07,1.6178175092087695e-08,1.4777233315646657e-07,4.113544020984514e-08,1.065234344178198e-07,0.0,4.5471065636656457e-13,6.901537906915956e-15,7.719102077063618e-15
3,adam,974,1090.0,1776.0,2.6835383161119326e-07,2.311119874250305e-07,4.697224041191099e-08,1.7518547806043713e-08,1.666211992070758e-07,3.715248000435931e-08,0.0,1.175718503812901e-12,8.188021747421776e-16,3.341959942103276e-14
3,adam,999,1090.0,1776.0,2.95174821949016e-07,1.9115700470262464e-07,1.379326825224782e-08,1.2416443400870272e-07,5.31993024416741e-08,1.0392843650216116e-07,0.0,3.8024753871720734e-13,5.8460544379743555e-15,9.433244908750973e-15
3,adam,1024,1090.0,1776.0,4.954984346720075e-08,3.8174122359050795e-08,1.0184483036875838e-08,1.4111705318213703e-08,1.3877934003961256e-08,1.1286339730647594e-08,0.0,2.651367141118575e-13,7.066113342220475e-16,2.7936982573307427e-15
3,adam,1049,1090.0,1776.0,2.6142993473109233e-08,2.3205082061887954e-08,9.897235329259812e-09,5.162717374781347e-09,8.145129357846796e-09,2.8485270757153046e-09,0.0,2.59339811222161e-13,2.88458218734865e-16,1.7969383694417676e-15
3,adam,1074,1090.0,1776.0,7.934364672757574e-08,5.530332355984241e-08,9.390723891601371e-09,2.9068659390049075e-08,1.6843940278191963e-08,2.3950936062624064e-08,0.0,2.4351909645020917e-13,1.4025658299440268e-15,3.1480306240244e-15
3,adam,1099,1090.0,1776.0,1.6714400698200052e-06,1.1053518304895677e-06,8.462531664630277e-08,9.532848280516207e-07,6.744168579164432e-08,5.659988940879243e-07,0.0,2.2657760111626e-12,4.720672532461804e-14,1.2503579269157343e-14
3,adam,1124,1090.0,1776.0,3.9054826922719343e-07,2.5489594331665457e-07,1.5246686780294953e-08,1.8157899054919414e-07,5.8070265987165454e-08,1.3556296052575414e-07,0.0,4.28507113073368e-13,8.436361858579997e-15,1.0984023175749763e-14
3,adam,1149,1090.0,1776.0,3.969539978554523e-08,2.983342518553967e-08,8.295979496513641e-09,1.19375331305432e-08,9.599912558482826e-09,9.772610136317852e-09,0.0,2.0925416682814303e-13,5.863129571577049e-16,1.85257963679585e-15
3,adam,1174,1090.0,1776.0,7.63342002935714e-08,5.205513547203648e-08,8.393651156324268e-09,2.8782633352264607e-08,1.4878850963447606e-08,2.418969792829303e-08,0.0,2.1504251882633278e-13,1.3788479782155042e-15,2.6430304455420403e-15
3,adam,1199,1090.0,1776.0,1.8552457081556904e-06,1.1708632135684882e-06,1.1844436576381596e-07,6.463794460460907e-07,4.0603940175858164e-07,6.842931504889877e-07,0.0,3.036223495040754e-12,2.978864140301429e-14,7.291793092200448e-14
3,adam,1224,1090.0,1776.0,1.1385243820539822e-06,7.081576486801041e-07,3.57145528078233e-08,5.364405592131392e-07,1.3600253665914163e-07,4.302773764330046e-07,0.0,1.0645630983077674e-12,2.4633983631114173e-14,2.3545393220012222e-14
3,adam,1249,1090.0,1776.0,7.636999615269891e-07,4.6689365126382263e-07,2.500362376213582e-08,3.285389716733209e-07,1.133510558283659e-07,2.967169654859077e-07,0.0,7.073668768954174e-13,1.521323080344298e-14,1.9585507200738187e-14
3,adam,1274,1090.0,1776.0,6.962580085024234e-07,4.317172135515522e-07,2.2003643998824115e-08,3.099448187830454e-07,9.976875076968266e-08,2.644514482385051e-07,0.0,6.389742702457014e-13,1.4389682881112612e-14,1.6783779044893604e-14
3,adam,1299,1090.0,1776.0,2.6830366428450785e-08,2.0279654017579103e-08,7.247401642805235e-09,6.990255839624594e-09,6.0419965351492734e-09,6.461365285147743e-09,0.0,1.7928123276429684e-13,3.4412420821522546e-16,1.1129055026928422e-15
3,adam,1324,1090.0,1776.0,4.021601871760498e-07,3.84724407715367e-07,9.885718113289323e-08,9.355270680143058e-08,1.9231451978104322e-07,1.73464793206352e-08,0.0,2.0631836158017417e-12,4.991831372392125e-15,3.812800096807999e-14
3,adam,1349,1090.0,1776.0,5.071253411134042e-07,3.2527676521793457e-07,2.567622676421448e-08,2.3868117852297863e-07,6.091935993074145e-08,1.8175926239013906e-07,0.0,7.673116367530229e-13,1.1115632301579456e-14,1.1345598957786618e-14
3,adam,1374,1090.0,1776.0,5.1465193315835746e-08,3.592340366939056e-08,8.479585486813832e-09,2.0260776666618354e-08,7.183041515958378e-09,1.5452474773211595e-08,0.0,2.2168703296139548e-13,9.601145449653076e-16,1.2854844404776728e-15
3,adam,1399,1090.0,1776.0,1.1341472314836328e-08,1.0367015750859183e-08,6.549533792454809e-09,1.186532990143103e-09,2.6309489682612706e-09,8.851388576699149e-10,0.0,1.5964892997249471e-13,7.17054114578042e-17,4.752619286693767e-16
3,lbfgs,1400,1090.0,1776.0,1.171568397493891e-08,1.0744120535011575e-08,6.7114077313600405e-09,1.5408225977257968e-09,2.4918902059257385e-09,8.822456415770719e-10,0.0,1.6537123614686092e-13,8.657165817818949e-17,4.543984277810905e-16
3,lbfgs,1409,1090.0,1776.0,1.1219392514295399e-08,1.0449426700600576e-08,6.623743065131073e-09,1.1920442360268696e-09,2.6336393994426335e-09,6.806480156976393e-10,0.0,1.626618934655926e-13,7.096079331176883e-17,4.744048081403882e-16
3,lbfgs,1419,1090.0,1776.0,1.1215100628838415e-08,1.0440228859371495e-08,6.617479262305415e-09,1.191746059138761e-09,2.63100353792732e-09,6.855539715033573e-10,0.0,1.624691750899246e-13,7.098374565720714e-17,4.738804808970986e-16
3,lbfgs,1429,1090.0,1776.0,1.1211820507485614e-08,1.0435327906907085e-08,6.611691308940236e-09,1.1875318387991673e-09,2.6361047591676815e-09,6.871748026492267e-10,0.0,1.6229129992934202e-13,7.082206117522407e-17,4.745837797504099e-16
3,lbfgs,1439,1090.0,1776.0,1.120924541260472e-08,1.0428190842748319e-08,6.607893153591262e-09,1.1888823973785286e-09,2.631415291778529e-09,6.917367719517875e-10,0.0,1.6217532605413852e-13,7.088983891146016e-17,4.738591976361311e-16
3,lbfgs,1449,1090.0,1776.0,1.1206667036366372e-08,1.0419242821313245e-08,6.603388546421948e-09,1.1917269466620272e-09,2.6241273282292714e-09,6.981064171797755e-10,0.0,1.6203828985625066e-13,7.102194410384106e-17,4.727603660879936e-16
3,lbfgs,1459,1090.0,1776.0,1.1204479707963785e-08,1.041606164380124e-08,6.600018021803208e-09,1.188999750820184e-09,2.627043871177848e-09,6.991002663133478e-10,0.0,1.6193557383595724e-13,7.090340916794241e-17,4.731954277710125e-16
3,lbfgs,1469,1090.0,1776.0,1.1202301035400986e-08,1.0413223913959128e-08,6.595908743390969e-09,1.18495912597672e-09,2.6323560445914405e-09,6.997593236234728e-10,0.0,1.6181059858803737e-13,7.072562541343132e-17,4.739948663807774e-16
3,lbfgs,1479,1090.0,1776.0,1.1200363387142648e-08,1.0407667844992727e-08,6.593213081061642e-09,1.1864438949935728e-09,2.6280108689375124e-09,7.033777443534041e-10,0.0,1.6172938857080975e-13,7.078886269761552e-17,4.733525323326807e-16
3,lbfgs,1489,1090.0,1776.0,1.119845965646212e-08,1.0400596855690491e-08,6.5899765993842945e-09,1.1894236291189212e-09,2.6211966271872754e-09,7.085450030027032e-10,0.0,1.6163233612839045e-13,7.091713572339413e-17,4.723474685080477e-16
3,lbfgs,1499,1090.0,1776.0,1.1196701318580733e-08,1.0398644540363833e-08,6.587470754421343e-09,1.1867555876455403e-09,2.624418198296949e-09,7.087389804694226e-10,0.0,1.615568524421699e-13,7.079548215494579e-17,4.728361293337113e-16
3,lbfgs,1509,1090.0,1776.0,1.1195211376855725e-08,1.0395904388380354e-08,6.5851747364521855e-09,1.1857738068658575e-09,2.6249558450623107e-09,7.099891907485204e-10,0.0,1.61488072587712e-13,7.074807107545063e-17,4.729252968557818e-16
3,lbfgs,1519,1090.0,1776.0,1.1193378066170116e-08,1.0392755703123316e-08,6.582352105951637e-09,1.1843298804012546e-09,2.6260737167704233e-09,7.1130456534627e-10,0.0,1.614037741833752e-13,7.067841958434179e-17,4.731038565116424e-16
3,lbfgs,1529,1090.0,1776.0,1.1192009850266611e-08,1.0389680794063202e-08,6.580379758418511e-09,1.1844204532619074e-09,2.6248805823827837e-09,7.130112585222473e-10,0.0,1.6134524263218394e-13,7.067733794287803e-17,4.729347214095703e-16
3,lbfgs,1539,1090.0,1776.0,1.1190318414981058e-08,1.0385776157188216e-08,6.577961822250795e-09,1.1847588554538415e-09,2.6230554794835795e-09,7.152244601363707e-10,0.0,1.612737790019407e-13,7.068521397768824e-17,4.726739003707276e-16
3,lbfgs,1549,1090.0,1776.0,1.1189047461223742e-08,1.038378251996198e-08,6.576171590787714e-09,1.1838126815214377e-09,2.623798247652829e-09,7.159471436239705e-10,0.0,1.6122088871161762e-13,7.06377335017867e-17,4.727930764507018e-16
3,lbfgs,1559,1090.0,1776.0,1.1187471240243484e-08,1.0381509753226888e-08,6.573949779402205e-09,1.182407527710904e-09,2.62515244611378e-09,7.166436894027453e-10,0.0,1.6115544358545468e-13,7.056795088302005e-17,4.730058569626627e-16
3,lbfgs,1569,1090.0,1776.0,1.1186280500357206e-08,1.0379042553130562e-08,6.572393959875225e-09,1.182532996012002e-09,2.6241155972433347e-09,7.179201496304603e-10,0.0,1.6110996600574235e-13,7.056717920668648e-17,4.728591323048473e-16
3,lbfgs,1579,1090.0,1776.0,1.1184800607140074e-08,1.0375854675215486e-08,6.5704740182927386e-09,1.1829146037714936e-09,2.6224660531512553e-09,7.196281343509971e-10,0.0,1.6105408575930628e-13,7.057553994869656e-17,4.726232717371827e-16
3,lbfgs,1589,1090.0,1776.0,1.1183677793428422e-08,1.0374346518736252e-08,6.569032350265414e-09,1.1819884796386964e-09,2.623325688832141e-09,7.200134771357495e-10,0.0,1.6101208217519776e-13,7.052798268872186e-17,4.727590187979321e-16
3,lbfgs,1599,1090.0,1776.0,1.1182280380129739e-08,1.037264620294332e-08,6.567229577474746e-09,1.180604305288141e-09,2.624812320180432e-09,7.203163796520568e-10,0.0,1.6095970121464585e-13,7.045799738315776e-17,4.729905165330238e-16
3,lbfgs,1609,1090.0,1776.0,1.1181216320944864e-08,1.0370580065298318e-08,6.565967983965195e-09,1.1807538818489613e-09,2.623858199484163e-09,7.213184581284806e-10,0.0,1.6092337900683834e-13,7.045751928685404e-17,4.728553297502493e-16
3,lbfgs,1619,1090.0,1776.0,1.1179890871601667e-08,1.036786879442907e-08,6.564403712046921e-09,1.1811662263568936e-09,2.6222988560252547e-09,7.227042796754053e-10,0.0,1.6087854348462e-13,7.046633446786849e-17,4.726319369876277e-16
3,lbfgs,1629,1090.0,1776.0,1.1178878479476362e-08,1.0366684744813967e-08,6.563213489120057e-09,1.1802513090604533e-09,2.623219946633457e-09,7.228759371811046e-10,0.0,1.6084433010001533e-13,7.041865113278062e-17,4.727762469083806e-16
3,lbfgs,1639,1090.0,1776.0,1.1177616733765924e-08,1.0365369338619464e-08,6.561716024925253e-09,1.1788782109987803e-09,2.6247751026954307e-09,7.229295976856277e-10,0.0,1.6080138736006423e-13,7.034842423935727e-17,4.730172744838095e-16
3,lbfgs,1649,1090.0,1776.0,1.117665035144559e-08,1.0363576268895814e-08,6.560671162105595e-09,1.1790454758601936e-09,2.6238596309300255e-09,7.23756285104053e-10,0.0,1.6077174980728298e-13,7.034823621634899e-17,4.728872903138177e-16
3,lbfgs,1659,1090.0,1776.0,1.1175445618878092e-08,1.0361192365336488e-08,6.559371342463843e-09,1.1794810323180686e-09,2.6223399905545762e-09,7.249354561152361e-10,0.0,1.607350520881582e-13,7.035750691343433e-17,4.726691363354671e-16
3,lbfgs,1669,1090.0,1776.0,1.11745205998474e-08,1.0360231858550743e-08,6.558369646112199e-09,1.1785724929244052e-09,2.6232897195141376e-09,7.249709438850568e-10,0.0,1.6070662562314337e-13,7.030971210653887e-17,4.728173420615447e-16
3,lbfgs,1679,1090.0,1776.0,1.1173367316776516e-08,1.0359184022817641e-08,6.557103048581593e-09,1.1772051919828665e-09,2.6248757822531804e-09,7.248654965662756e-10,0.0,1.6067075273881287e-13,7.02392838645431e-17,4.730625614580868e-16
3,lbfgs,1689,1090.0,1776.0,1.11724797522588e-08,1.0357583463587376e-08,6.556223640480812e-09,1.1773862721472165e-09,2.623973550959348e-09,7.255784912928341e-10,0.0,1.606461697380715e-13,7.023940931897995e-17,4.729341780529938e-16
3,lbfgs,1699,1090.0,1776.0,1.1171373191091206e-08,1.0355432537727448e-08,6.555127329725395e-09,1.1778404204905331e-09,2.62246478751152e-09,7.266228560031131e-10,0.0,1.6061567442513944e-13,7.024916512947485e-17,4.727171914651146e-16
3,lbfgs,1709,1090.0,1776.0,1.1170519728901473e-08,1.0354631736166058e-08,6.5542717376523715e-09,1.1769357416214768e-09,2.62342425689221e-09,7.265701953884692e-10,0.0,1.6059168951410393e-13,7.020130959429349e-17,4.728666315093977e-16
3,lbfgs,1719,1090.0,1776.0,1.116945580305983e-08,1.0353776620890266e-08,6.553185358123297e-09,1.1755715992689851e-09,2.625019663497984e-09,7.263613848402354e-10,0.0,1.6056128223640915e-13,7.013075859280822e-17,4.731130106262245e-16
3,lbfgs,1729,1090.0,1776.0,1.1168633524768341e-08,1.0352316834997026e-08,6.5524361693288044e-09,1.1757641211488309e-09,2.6241165445193916e-09,7.269988924549458e-10,0.0,1.6054063920920574e-13,7.013123064120967e-17,4.729842531441494e-16
3,lbfgs,1739,1090.0,1776.0,1.1167608654759617e-08,1.0350337939766179e-08,6.551501117675867e-09,1.1762339653904704e-09,2.622602856699842e-09,7.279529176936504e-10,0.0,1.605150117890812e-13,7.014150936551336e-17,4.727662372432494e-16
3,lbfgs,1749,1090.0,1776.0,1.1166814990019034e-08,1.0349655453053607e-08,6.550761976544289e-09,1.1753319408148212e-09,2.6235615356944966e-09,7.278417396783012e-10,0.0,1.6049453332118525e-13,7.009365557771153e-17,4.729154440443233e-16
3,lbfgs,1759,1090.0,1776.0,1.1165826008664698e-08,1.0348944265387876e-08,6.549820112728981e-09,1.1739698016863778e-09,2.6251543509725174e-09,7.275639460059659e-10,0.0,1.60468467527971e-13,7.002307024399162e-17,4.731613218926532e-16
3,lbfgs,1769,1090.0,1776.0,1.1165058673790431e-08,1.0347591277532817e-08,6.5491760697204485e-09,1.1741722821006679e-09,2.6242429257117014e-09,7.281495989986923e-10,0.0,1.6045097635034074e-13,7.002392102990822e-17,4.73031174896409e-16
3,lbfgs,1779,1090.0,1776.0,1.1164102757247472e-08,1.0345744151927935e-08,6.5483719617745665e-09,1.1746559599562425e-09,2.6227162301971272e-09,7.290408080758559e-10,0.0,1.604292655453906e-13,7.003475744887406e-17,4.728110343546954e-16
3,lbfgs,1789,1090.0,1776.0,1.1163359709658676e-08,1.0345152504344683e-08,6.547727830818833e-09,1.173756112596276e-09,2.6236685609295737e-09,7.288894080819546e-10,0.0,1.6041162188601843e-13,6.998696663345662e-17,4.729592447784526e-16
3,lbfgs,1799,1090.0,1776.0,1.1162434325437525e-08,1.0344552656684754e-08,6.5469044629746554e-09,1.172395632978266e-09,2.6252525607318324e-09,7.285638715356701e-10,0.0,1.6038908389112442e-13,6.991643081280929e-17,4.732037678860484e-16
3,lbfgs,1809,1090.0,1776.0,1.116171372888988e-08,1.0343283593648705e-08,6.546347126477959e-09,1.172607120811486e-09,2.6243293463592596e-09,7.291123380349935e-10,0.0,1.6037416904467025e-13,6.991768691563958e-17,4.730717736036831e-16
3,lbfgs,1819,1090.0,1776.0,1.1160816595591603e-08,1.0341540952037307e-08,6.5456514932949105e-09,1.1731033953001313e-09,2.622786063442266e-09,7.29957846362032e-10,0.0,1.6035567482311195e-13,6.992910833458854e-17,4.728490494216929e-16
3,lbfgs,1829,1090.0,1776.0,1.11601167927461e-08,1.0341021412643934e-08,6.5450863678441224e-09,1.1722056397425541e-09,2.6237294050572568e-09,7.297775829205339e-10,0.0,1.603403681920398e-13,6.988143470450537e-17,4.729959100878348e-16
3,lbfgs,1839,1090.0,1776.0,1.1159245847887474e-08,1.0340510534927438e-08,6.544361929199056e-09,1.1708468996665283e-09,2.6253017060618535e-09,7.294175157920229e-10,0.0,1.6032075048659495e-13,6.98110215698123e-17,4.732386933274338e-16
3,lbfgs,1849,1090.0,1776.0,1.1158565338192083e-08,1.033930956037184e-08,6.543877315225359e-09,1.171066763235734e-09,2.624365481910748e-09,7.29937980662145e-10,0.0,1.6030797867923423e-13,6.981270272376724e-17,4.731047106070852e-16
3,lbfgs,1859,1090.0,1776.0,1.11577187119131e-08,1.0337652371536217e-08,6.543272993658743e-09,1.1715747788631421e-09,2.6228045990143323e-09,7.307485432313883e-10,0.0,1.6029217019977375e-13,6.982472802317464e-17,4.728793015059122e-16
3,lbfgs,1869,1090.0,1776.0,1.1157056133258459e-08,1.0337191784088966e-08,6.542774569308549e-09,1.170679226978295e-09,2.6237379878021218e-09,7.305465520336287e-10,0.0,1.6027882064950787e-13,6.977721686852527e-17,4.730246920047383e-16
3,lbfgs,1879,1090.0,1776.0,1.1156232126338415e-08,1.0336754043255221e-08,6.542133915616618e-09,1.1693225082773607e-09,2.625297619361242e-09,7.301602859596436e-10,0.0,1.6026165639210213e-13,6.970698718419113e-17,4.732656153047667e-16
3,lbfgs,1889,1090.0,1776.0,1.1155586239629796e-08,1.0335609848861673e-08,6.541711117547513e-09,1.1695503083983394e-09,2.624348422915821e-09,7.306585936534883e-10,0.0,1.6025069209755796e-13,6.970910654833175e-17,4.731296758812121e-16
3,lbfgs,1899,1090.0,1776.0,1.1154783304840302e-08,1.0334024414997494e-08,6.541184635039285e-09,1.1700694445634827e-09,2.6227703353947256e-09,7.314410927394798e-10,0.0,1.6023715561472843e-13,6.972174681755365e-17,4.729016726014984e-16
3,lbfgs,1909,1090.0,1776.0,1.1154152980777214e-08,1.033361323488497e-08,6.540743198407169e-09,1.1691762950303336e-09,2.623693741447468e-09,7.312219487975558e-10,0.0,1.6022546529010242e-13,6.967443449434431e-17,4.730456001566795e-16
3,lbfgs,1919,1090.0,1776.0,1.1153369706801963e-08,1.0333237050888024e-08,6.540174303824841e-09,1.1678219565699312e-09,2.625240790493251e-09,7.308148588302766e-10,0.0,1.602103863120269e-13,6.96044369887241e-17,4.732846875587821e-16
3,lbfgs,1929,1090.0,1776.0,1.115275391445642e-08,1.0332141293226e-08,6.539804602445518e-09,1.1680573704541127e-09,2.62427932032637e-09,7.312948241546935e-10,0.0,1.602009631189091e-13,6.960700203687317e-17,4.731469112447933e-16
3,lbfgs,1939,1090.0,1776.0,1.1151989011942676e-08,1.0330617425653877e-08,6.5393451284588725e-09,1.1685871527566715e-09,2.6226851444383323e-09,7.320537892230982e-10,0.0,1.6018936824934766e-13,6.962026179513879e-17,4.72916499177203e-16
3,lbfgs,1949,1090.0,1776.0,1.1151386808755069e-08,1.0330248493220048e-08,6.538952833501361e-09,1.1676966296817016e-09,2.6235990300369852e-09,7.318205184769864e-10,0.0,1.601790981325137e-13,6.957317655735688e-17,4.730590365649487e-16
3,lbfgs,1959,1090.0,1776.0,1.1150639098023524e-08,1.0329925108853767e-08,6.538445935418664e-09,1.1663450392946596e-09,2.6251341341404435e-09,7.313961921214767e-10,0.0,1.601658074792128e-13,6.95034491991167e-17,4.732963851223542e-16
3,lbfgs,1969,1090.0,1776.0,1.11500496210244e-08,1.0328871426312769e-08,6.538122211935132e-09,1.1665878147892899e-09,2.6241613995883455e-09,7.318603976703194e-10,0.0,1.6015770925383042e-13,6.950646277071646e-17,4.731569305800541e-16
3,lbfgs,1979,1090.0,1776.0,1.1149318021309517e-08,1.0327401295257776e-08,6.537720862697252e-09,1.1671278610442546e-09,2.6225525715162703e-09,7.325989290192005e-10,0.0,1.6014778668375811e-13,6.952034129276121e-17,4.72924333614166e-16
3,lbfgs,1989,1090.0,1776.0,1.1148740479338087e-08,1.0327069061933528e-08,6.5373712483843055e-09,1.166240181194872e-09,2.623457632354351e-09,7.323536203787273e-10,0.0,1.6013874114810136e-13,6.947350442089835e-17,4.730655831784712e-16
3,lbfgs,1999,1090.0,1776.0,1.1148023999150632e-08,1.0326791638458998e-08,6.536918274375271e-09,1.164891680494133e-09,2.624981683589595e-09,7.319145636743121e-10,0.0,1.6012699474483226e-13,6.940407597918851e-17,4.733013218942833e-16
3,lbfgs,2009,1090.0,1776.0,1.1147457665954104e-08,1.0325775026560603e-08,6.53663461460096e-09,1.1651416084949082e-09,2.6239988034647346e-09,7.323648423822044e-10,0.0,1.601200429774002e-13,6.940753727920469e-17,4.731603587869849e-16
3,lbfgs,2019,1090.0,1776.0,1.1146755394606533e-08,1.0324352428067506e-08,6.536283981588264e-09,1.165691595637038e-09,2.6223768508422022e-09,7.330851695352719e-10,0.0,1.601115694039955e-13,6.942202981119661e-17,4.729258078769765e-16
3,lbfgs,2029,1090.0,1776.0,1.1146199602682371e-08,1.0324052462706511e-08,6.535971642973295e-09,1.1648069522032037e-09,2.623273867530013e-09,7.328293429778826e-10,0.0,1.601035857223884e-13,6.937545676658862e-17,4.730658811965025e-16
3,lbfgs,2039,1090.0,1776.0,1.1145510702631107e-08,1.0323815501243517e-08,6.535565817698627e-09,1.1634618402331127e-09,2.6247878433117763e-09,7.323774043969085e-10,0.0,1.6009317984879898e-13,6.930634835297219e-17,4.733001479462427e-16
3,lbfgs,2049,1090.0,1776.0,1.1144964837721982e-08,1.0322831910744461e-08,6.535317238670704e-09,1.1637187380168727e-09,2.623795934056883e-09,7.328151299919419e-10,0.0,1.6008722495125997e-13,6.931025381740231e-17,4.731578418331265e-16
3,lbfgs,2059,1090.0,1776.0,1.1144288537797387e-08,1.0321451793345344e-08,6.5350110609271035e-09,1.1642783816834654e-09,2.6221623507347737e-09,7.335189474728095e-10,0.0,1.6008001266373897e-13,6.932535260717272e-17,4.729215582453914e-16
3,lbfgs,2069,1090.0,1776.0,1.114375203397884e-08,1.0321180462978082e-08,6.534731419187596e-09,1.163396937406516e-09,2.6230521063839717e-09,7.3325377402639e-10,0.0,1.6007295370587295e-13,6.927905408843719e-17,4.730605651082508e-16
3,lbfgs,2079,1090.0,1776.0,1.1143087623235617e-08,1.032097942898299e-08,6.534366987842896e-09,1.1620554648518484e-09,2.624556976288245e-09,7.327903972843777e-10,0.0,1.6006371622335213e-13,6.921028054696846e-17,4.73293494240489e-16
3,lbfgs,2089,1090.0,1776.0,1.1142559958474396e-08,1.0320025503335539e-08,6.534149244083814e-09,1.1623191660265788e-09,2.6235570932251462e-09,7.332166581748162e-10,0.0,1.6005863139110805e-13,6.921462455525975e-17,4.731499989631786e-16
3,lbfgs,2099,1090.0,1776.0,1.1141906780764538e-08,1.0318683657519334e-08,6.533882174479051e-09,1.1628882078494429e-09,2.62191327519084e-09,7.339053262863463e-10,0.0,1.600525208737683e-13,6.923031968478033e-17,4.729121861308047e-16
3,lbfgs,2109,1090.0,1776.0,1.11413874729588e-08,1.0318437917375762e-08,6.533631311857352e-09,1.162010093364009e-09,2.622796512154402e-09,7.336317586281685e-10,0.0,1.6004626988876734e-13,6.918430254253322e-17,4.730502289688536e-16
3,lbfgs,2119,1090.0,1776.0,1.114074492194098e-08,1.0318268992539069e-08,6.533303340376435e-09,1.160672462521513e-09,2.6242931896411213e-09,7.331581324520162e-10,0.0,1.6003805393216253e-13,6.911587364550523e-17,4.732819451469121e-16
3,lbfgs,2129,1090.0,1776.0,1.1140233525344343e-08,1.0317341893217027e-08,6.533112782864414e-09,1.1609428109384056e-09,2.623286299414207e-09,7.335738351807645e-10,0.0,1.600337306972515e-13,6.91206490859564e-17,4.731373995622418e-16
3,lbfgs,2139,1090.0,1776.0,1.1139601040095745e-08,1.031603474372772e-08,6.532880216814675e-09,1.161521010586591e-09,2.621633516326454e-09,7.342484994255325e-10,0.0,1.600285852353531e-13,6.913692912498042e-17,4.728982398786965e-16
3,lbfgs,2149,1090.0,1776.0,1.1139097142085807e-08,1.0315811996274528e-08,6.5326547549080146e-09,1.1606463255146418e-09,2.6225109158518723e-09,7.339673488719209e-10,0.0,1.6002304202275525e-13,6.909119712820328e-17,4.730354113518563e-16
4,adam,0,1776.0,2736.3999999999996,7.031440116732063e-05,5.2735733834987096e-05,2.284201999339877e-05,1.364299879506821e-05,1.6250715046520114e-05,1.7578577944995704e-05,0.0,7.715781676780114e-10,5.449869586318006e-13,2.3094467341752846e-12
4,adam,24,1776.0,2736.3999999999996,0.0001404252339728756,0.00010269308997861568,2.167483562503612e-05,2.775852950995154e-05,5.325972484362801e-05,3.773205516984588e-05,0.0,7.314320520783661e-10,1.0834810888203795e-12,7.640631096379295e-12
4,adam,49,1776.0,2736.3999999999996,6.389690116693537e-05,4.965780913652474e-05,1.842704771566745e-05,5.557810289063974e-06,2.5672951131793318e-05,1.4239003412082681e-05,0.0,6.232028889274523e-10,2.2026898673958868e-13,3.6126274801384604e-12
4,adam,74,1776.0,2736.3999999999996,5.244117729513655e-05,4.199751664895748e-05,1.671483048148718e-05,6.038729853725191e-06,1.9243956313745107e-05,1.0443572050000498e-05,0.0,5.656016299254124e-10,2.374232835964357e-13,2.6756062959661375e-12
4,adam,99,1776.0,2736.3999999999996,4.604385682652584e-05,3.748838518503281e-05,1.4504955710499418e-05,6.348973501235513e-06,1.663445597329788e-05,8.555383023267322e-06,0.0,4.926973712742274e-10,2.4721575248615207e-13,2.28070946187752e-12
4,adam,124,1776.0,2736.3999999999996,3.8709723397915366e-05,3.218650818579757e-05,1.1642943344138527e-05,6.374487196890911e-06,1.4169077644768129e-05,6.523126547441499e-06,0.0,3.977321612683437e-10,2.4467422431600895e-13,1.9096178855622507e-12
4,adam,149,1776.0,2736.3999999999996,3.114970763892932e-05,2.6176460330437968e-05,8.433535400936499e-06,5.5011993596028645e-06,1.2241725569898602e-05,4.973158595215301e-06,0.0,2.900019496324397e-10,2.0746672962836785e-13,1.6095169625452145e-12
4,adam,174,1776.0,2736.3999999999996,2.3380423656880986e-05,1.9360964073337896e-05,5.609962393998806e-06,4.399090795129801e-06,9.351910884209291e-06,4.0193708414094765e-06,0.0,1.941014416325238e-10,1.6181992983237187e-13,1.1872186672944498e-12
4,adam,199,1776.0,2736.3999999999996,1.4987043451715818e-05,1.1840059964404536e-05,3.3583872575202325e-06,2.889578812377651e-06,5.592093894506652e-06,3.1468946838935365e-06,0.0,1.1681068103561246e-10,1.0383445332344355e-13,6.829207410773652e-13
4,adam,224,1776.0,2736.3999999999996,7.697303926267919e-06,5.478019012683491e-06,1.4213460814579583e-06,1.6590772183111898e-06,2.3975957129143427e-06,2.2191959547804564e-06,0.0,4.973000924434279e-11,5.844821897176552e-14,2.8653033565777253e-13
4,adam,249,1776.0,2736.3999999999996,2.3164067837023434e-05,1.9460545499984654e-05,6.546683055012489e-06,4.16486768244235e-06,8.748994762529814e-06,3.703433811922903e-06,0.0,2.2860874948448836e-10,1.4881763799807785e-13,1.0870692637586996e-12
4,adam,274,1776.0,2736.3999999999996,1.8457268614542552e-05,1.5078342142057026e-05,4.985675695407285e-06,5.411053492755243e-06,4.681612953894498e-06,3.3788380183018573e-06,0.0,1.7287323656136468e-10,1.848014286693459e-13,5.728753922581676e-13
4,adam,299,1776.0,2736.3999999999996,9.336357961750926e-06,7.420137350932172e-06,2.1871658817383012e-06,1.6277978179558573e-06,3.605173651238014e-06,1.916132130509848e-06,0.0,7.671900045618933e-11,5.615979009406344e-14,4.159125092268812e-13
4,adam,324,1776.0,2736.3999999999996,4.68843593410767e-06,3.3744462835027815e-06,8.81181302353809e-07,8.330514838227496e-07,1.6602134973262226e-06,1.3139010644817397e-06,0.0,3.1124824424986294e-11,2.852587210745285e-14,1.8655484523534266e-13
4,adam,349,1776.0,2736.3999999999996,2.3620474192500977e-06,1.4701644689710434e-06,2.5936869199803683e-07,4.76704031050244e-07,7.340917459227625e-07,8.917942417623998e-07,0.0,9.179811297803122e-12,1.6112825202542104e-14,8.121601077176679e-14
4,adam,374,1776.0,2736.3999999999996,1.414015444654801e-06,7.679045220584709e-07,7.989690085068976e-08,3.1704733843516696e-07,3.709602827726141e-07,6.460221112594892e-07,0.0,2.8402736273297975e-12,1.052628030733119e-14,4.056806966359787e-14
4,adam,399,1776.0,2736.3999999999996,1.0457723076663996e-06,5.305402873954367e-07,4.205478879017642e-08,2.455809352830749e-07,2.4290456332218536e-07,5.151431362702995e-07,0.0,1.5164479489233799e-12,8.038894627423261e-15,2.6470948173276737e-14
4,adam,424,1776.0,2736.3999999999996,8.904058714334707e-07,4.503516711840322e-07,3.2795262729515954e-08,2.1756958761660504e-07,1.999868208379112e-07,4.399652659044867e-07,0.0,1.192972818834899e-12,7.0994783773596055e-15,2.2080509853688553e-14
4,adam,449,1776.0,2736.3999999999996,7.909368903760434e-07,3.9955574327778173e-07,2.83713444796753e-08,1.913385857186926e-07,1.7984581307941383e-07,3.9129217937186485e-07,0.0,1.0346200875861774e-12,6.205345554540994e-15,1.9921987257039627e-14
4,adam,474,1776.0,2736.3999999999996,7.248067815089192e-07,3.683710149984365e-07,2.603946179551204e-08,1.7169384846627132e-07,1.7063770473665313e-07,3.5634677812372673e-07,0.0,9.491920069710853e-13,5.541991252322574e-15,1.8921677239943667e-14
4,adam,499,1776.0,2736.3999999999996,6.707611735205601e-07,3.4273584049117747e-07,2.3793845992729614e-08,1.5453215000368635e-07,1.6440984449476152e-07,3.2793633142089257e-07,0.0,8.664149966237359e-13,4.9711751320840014e-15,1.8224984592318422e-14
4,adam,524,1776.0,2736.3999999999996,6.221215427676803e-07,3.1896806811191606e-07,2.167643540550223e-08,1.388450015873267e-07,1.5844663111908712e-07,3.030644636818241e-07,0.0,7.884908859413957e-13,4.456260624952283e-15,1.7556358956576936e-14
4,adam,549,1776.0,2736.3999999999996,5.769150399719713e-07,2.963971670261765e-07,1.9730140989293792e-08,1.2443461715003423e-07,1.5223240888684853e-07,2.8042885437026547e-07,0.0,7.170360417208018e-13,3.987715467674421e-15,1.6863616358579374e-14
4,adam,574,1776.0,2736.3999999999996,5.344691212899512e-07,2.749675996050886e-07,1.7991190312703395e-08,1.112057818795217e-07,1.457706274128635e-07,2.5941249613019343e-07,0.0,6.533136184203546e-13,3.560593007617726e-15,1.61461265357398e-14
4,adam,599,1776.0,2736.3999999999996,4.944674384261794e-07,2.5468455997255653e-07,1.6466921021103524e-08,9.908882909265181e-08,1.391288098588012e-07,2.396938459422934e-07,0.0,5.975388994501074e-13,3.17132389921767e-15,1.541035110406659e-14
4,adam,624,1776.0,2736.3999999999996,4.5935958506032773e-07,2.369939362295446e-07,1.5479371050354175e-08,8.776293454333834e-08,1.3375163063585207e-07,2.2227660956873658e-07,0.0,5.611658414336005e-13,2.8093963158149688e-15,1.478904114175352e-14
4,adam,649,1776.0,2736.3999999999996,4.234335277868857e-07,2.1824846967296094e-07,1.4025601680888422e-08,7.730689114399946e-08,1.2691597684807307e-07,2.0509601165127375e-07,0.0,5.082086260234796e-13,2.48112171761452e-15,1.403825430773269e-14
4,adam,674,1776.0,2736.3999999999996,3.895474284100654e-07,2.0100244162287804e-07,1.2987901947558563e-08,6.803637456270566e-08,1.199781651126138e-07,1.8845593231691915e-07,0.0,4.704013114478265e-13,2.186058825716093e-15,1.3278891723012635e-14
4,adam,699,1776.0,2736.3999999999996,3.576111733080188e-07,1.849584132705328e-07,1.2051299023900771e-08,5.975944268831106e-08,1.1314767155832095e-07,1.725636968509556e-07,0.0,4.3631834922718496e-13,1.9217760145741305e-15,1.2528217771391003e-14
4,adam,724,1776.0,2736.3999999999996,3.2756496929249533e-07,1.6994396801206775e-07,1.1211761072418205e-08,5.2306034034013584e-08,1.0642617290563596e-07,1.5753192872801427e-07,0.0,4.0580050568365077e-13,1.6836061195899906e-15,1.1788275879728438e-14
4,adam,749,1776.0,2736.3999999999996,3.0118039526570577e-07,1.5709510324851912e-07,1.0545989375032697e-08,4.390441654169364e-08,1.0264469733179279e-07,1.4399620950794777e-07,0.0,3.8159356078270134e-13,1.4232270699299955e-15,1.1318967887004871e-14
4,adam,774,1776.0,2736.3999999999996,1.3650216430798666e-05,1.0344128626085358e-05,8.041315653613127e-07,6.0640077694246934e-06,3.4759892912993517e-06,3.3059987873538282e-06,0.0,2.863740586570199e-11,1.5662546379058282e-13,3.234700098532212e-13
4,adam,799,1776.0,2736.3999999999996,1.7401431948400992e-06,1.3390706507858611e-06,1.9785361963780801e-07,9.616641302754277e-07,1.7955290087262544e-07,4.0098356941366846e-07,0.0,7.064989985087038e-12,2.5541634780805124e-14,1.886813156904083e-14
4,adam,824,1776.0,2736.3999999999996,2.4951550496132006e-07,1.6041272417249305e-07,1.2332854248555714e-08,4.586373761483271e-08,1.0221613230910462e-07,8.901375818123076e-08,0.0,4.458615951160572e-13,1.3910723144779442e-15,1.0746672022525945e-14
4,adam,849,1776.0,2736.3999999999996,1.8554848453075595e-07,1.1819377513935617e-07,7.447724363806065e-09,3.57930061689914e-08,7.495304460655872e-08,6.726566399355961e-08,0.0,2.698585459773662e-13,1.0778687355537477e-15,8.13733776625541e-15
4,adam,874,1776.0,2736.3999999999996,1.564205905384096e-07,9.331974852292426e-08,6.875535527063277e-09,2.450596038674488e-08,6.19382526091161e-08,6.30117893025159e-08,0.0,2.4847707273655626e-13,7.657144255526801e-16,6.796111996823225e-15
4,adam,899,1776.0,2736.3999999999996,1.3826428168119124e-07,8.112861532634647e-08,6.396150723164868e-09,2.012918352531787e-08,5.460328107786373e-08,5.70466073451674e-08,0.0,2.3123932559691476e-13,6.311532719575415e-16,6.004470147229431e-15
4,adam,924,1776.0,2736.3999999999996,1.2252945347653703e-07,7.18323290194906e-08,5.9057120556768935e-09,1.687274358245015e-08,4.9053873381363554e-08,5.060805734354964e-08,0.0,2.1362238676970377e-13,5.284829533497593e-16,5.3942343185966166e-15
4,adam,949,1776.0,2736.3999999999996,1.0870256505995748e-07,6.395252781902093e-08,5.462590109164106e-09,1.4092715376217695e-08,4.439722233363913e-08,4.4660960466593974e-08,0.0,1.9767218531961648e-13,4.408588988171225e-16,4.880656213732685e-15
4,adam,974,1776.0,2736.3999999999996,9.640323459945849e-08,5.720915331530942e-08,5.0575805414062155e-09,1.1718403873946774e-08,4.0433168899956435e-08,3.910499384458175e-08,0.0,1.8306563498823942e-13,3.660075220998746e-16,4.440035056376228e-15
4,adam,999,1776.0,2736.3999999999996,8.543414672513977e-08,5.137079201680958e-08,4.68676577000456e-09,9.763206396858797e-09,3.692081984994622e-08,3.3974256094504385e-08,0.0,1.6967329772781608e-13,3.0410872741001287e-16,4.047394979564368e-15
4,adam,1024,1776.0,2736.3999999999996,7.631320367883325e-08,4.7053167778640326e-08,4.3503645398478325e-09,8.409692883428352e-09,3.429311035536414e-08,2.9170925724794826e-08,0.0,1.5753781222356741e-13,2.595499064764544e-16,3.71875532128423e-15
4,adam,1049,1776.0,2736.3999999999996,6.773390962132824e-08,4.2788034782467527e-08,4.0208096624380475e-09,6.932805006933181e-09,3.1834420113096296e-08,2.485675303964409e-08,0.0,1.456354815879037e-13,2.1366951914588412e-16,3.440095937756551e-15
4,adam,1074,1776.0,2736.3999999999996,7.572943761292853e-06,5.6650875124235425e-06,1.5649176107623755e-08,4.5185311360619786e-06,1.1309072002539395e-06,1.9077671154261478e-06,0.0,5.645986440560657e-13,1.0908128719270862e-13,9.650542641921052e-14
4,adam,1099,1776.0,2736.3999999999996,2.220725445676009e-06,1.7064909831597287e-06,1.961215193327175e-07,1.4139902835685712e-06,9.637918025843997e-08,5.141453775209546e-07,0.0,7.022282341006254e-12,3.6716299713407386e-14,9.422161380485752e-15
4,adam,1124,1776.0,2736.3999999999996,1.397733499309702e-07,1.0890423334236397e-07,6.769508059679909e-09,4.540599596423559e-08,5.672872931844846e-08,3.0780002517108415e-08,0.0,2.4418891992802825e-13,1.1478541711993545e-15,5.403748682194592e-15
4,adam,1149,1776.0,2736.3999999999996,5.950018733893487e-08,4.7954733653716834e-08,3.669424743383405e-09,1.576879017855185e-08,2.851651873178158e-08,1.1456328056983752e-08,0.0,1.3283246397307418e-13,3.9576758340274576e-16,2.890428001301619e-15
4,adam,1174,1776.0,2736.3999999999996,3.259709510968319e-08,2.6053053810072885e-08,2.8809137717936508e-09,4.757398620447452e-09,1.8414741417831784e-08,6.454915261971571e-09,0.0,1.0405720391777112e-13,1.2926367081098573e-16,1.8997532566397546e-15
4,adam,1199,1776.0,2736.3999999999996,2.6935286251322323e-08,2.1769185586662845e-08,2.5158441893715956e-09,3.1803141554971762e-09,1.6073027241794074e-08,5.076972801354674e-09,0.0,9.099002548885248e-14,9.149607760465063e-17,1.6538537966429012e-15
4,adam,1224,1776.0,2736.3999999999996,2.3995676855914896e-08,1.9482908203616788e-08,2.2877338904941677e-09,2.498436389088218e-09,1.4696737924034404e-08,4.423637089342047e-09,0.0,8.276256463503594e-14,7.2036893861596e-17,1.5170192593573618e-15
4,adam,1249,1776.0,2736.3999999999996,2.4064396072463947e-08,1.9666020302120068e-08,2.089679100016363e-09,3.947692463515039e-09,1.3628648738588663e-08,4.309239624000991e-09,0.0,7.561250572716386e-14,1.0695226785481985e-16,1.392369982920173e-15
4,adam,1274,1776.0,2736.3999999999996,7.743037310294069e-06,5.849872963141756e-06,4.295298460557746e-07,3.594139438144446e-06,1.826203678941535e-06,1.8930752201931913e-06,0.0,1.5377806888638716e-11,9.055798185278013e-14,1.6574833779680057e-13
4,adam,1299,1776.0,2736.3999999999996,6.847381473050399e-07,5.304892848195325e-07,6.252405000642028e-08,2.121740524046575e-07,2.5579118240845463e-07,1.5415975616193215e-07,0.0,2.2233491332640983e-12,5.2568398791733216e-15,2.2533540237673062e-14
4,adam,1324,1776.0,2736.3999999999996,4.926866761202872e-08,4.131597768968913e-08,2.420379761125629e-09,1.8053858071887076e-08,2.084173985667643e-08,7.863566341725716e-09,0.0,8.746993572851284e-14,4.587546442316085e-16,2.0174515589314155e-15
4,adam,1349,1776.0,2736.3999999999996,2.244599507495443e-08,1.97665044755971e-08,1.9625791175830815e-09,6.804210070507636e-09,1.0999715287506383e-08,2.5903709013693478e-09,0.0,7.077282286176966e-14,1.7894433553071955e-16,1.0391260220019536e-15
4,adam,1374,1776.0,2736.3999999999996,1.1946593577664834e-08,1.1392396889349913e-08,1.4540522345784722e-09,1.6142428846610776e-09,8.324101770110363e-09,4.6508137045004226e-10,0.0,5.2456379236747287e-14,4.6487800857907213e-17,8.186347555555781e-16
4,adam,1399,1776.0,2736.3999999999996,1.6236230451524988e-07,1.2396641072625928e-07,1.5088391112326367e-09,9.083594194013595e-08,3.1621629674890694e-08,3.8306779085102604e-08,0.0,5.448121122141776e-14,2.206900502894516e-15,2.7692948518505608e-15
4,lbfgs,1400,1776.0,2736.3999999999996,2.387191982889139e-07,1.7779772001418974e-07,1.6598544501597292e-09,1.3741590971686358e-07,3.872195584716643e-08,6.083236413998069e-08,0.0,5.993278261420564e-14,3.3230193882135162e-15,3.411066815136618e-15
4,lbfgs,1409,1776.0,2736.3999999999996,1.158903676744653e-08,1.1035569079698783e-08,1.456078697375209e-09,1.6432522091265266e-09,7.936238173197047e-09,4.643535517841293e-10,0.0,5.256431518414396e-14,4.7556979572782927e-17,7.765070576037935e-16
4,lbfgs,1419,1776.0,2736.3999999999996,1.0650295183579462e-08,1.0157767629838495e-08,1.3348761815882678e-09,1.4076688886411877e-09,7.41522255960904e-09,4.034134168374466e-10,0.0,4.82085841858707e-14,4.107491788763678e-17,7.341626039369064e-16
4,lbfgs,1429,1776.0,2736.3999999999996,1.0623570641769628e-08,1.0131824032549161e-08,1.3284166539488835e-09,1.4037961416050094e-09,7.399611236995269e-09,4.0263247206212024e-10,0.0,4.79765445436165e-14,4.1107816118369433e-17,7.326889832271218e-16
4,lbfgs,1439,1776.0,2736.3999999999996,1.060468652705252e-08,1.0113199095332976e-08,1.328204462201725e-09,1.3926106955410664e-09,7.392383937590185e-09,4.023732944444326e-10,0.0,4.796921085278352e-14,4.0860846987713125e-17,7.319490459387572e-16
4,lbfgs,1449,1776.0,2736.3999999999996,1.0592724087726596e-08,1.0103584570997995e-08,1.3287840859115308e-09,1.3818493816912713e-09,7.392951103395192e-09,4.0002537941110056e-10,0.0,4.799025370269306e-14,4.059645505696489e-17,7.31913284194595e-16
4,lbfgs,1459,1776.0,2736.3999999999996,1.058392456734641e-08,1.0091326197498056e-08,1.3285939158975324e-09,1.3855860107763847e-09,7.377146270824139e-09,4.034842323936632e-10,0.0,4.7983645890071925e-14,4.070814530979391e-17,7.30542680059369e-16
4,lbfgs,1469,1776.0,2736.3999999999996,1.0576817348589937e-08,1.008749435684448e-08,1.329009878066062e-09,1.3769287826286322e-09,7.3815556961497854e-09,4.0020885425973433e-10,0.0,4.799872265872146e-14,4.0507901792843846e-17,7.308368008700788e-16
4,lbfgs,1479,1776.0,2736.3999999999996,1.0571273741698417e-08,1.0083485908073959e-08,1.329378870619298e-09,1.3729123772933393e-09,7.381194660161322e-09,3.98673696090575e-10,0.0,4.8012111460245226e-14,4.041847557650428e-17,7.3075351120054705e-16
4,lbfgs,1489,1776.0,2736.3999999999996,1.0565032576505054e-08,1.0079618912888496e-08,1.3299104200427245e-09,1.3681474277138295e-09,7.381561065131942e-09,3.962995260249837e-10,0.0,4.803136462728332e-14,4.031206658224808e-17,7.307184627501844e-16
4,lbfgs,1499,1776.0,2736.3999999999996,1.0560716806653422e-08,1.0075790757104233e-08,1.330309254374792e-09,1.3672215574465957e-09,7.378259945282846e-09,3.9581191190267865e-10,0.0,4.8045812026345036e-14,4.0295002757577374e-17,7.304108930188228e-16
4,lbfgs,1509,1776.0,2736.3999999999996,1.055576254080459e-08,1.0071296499631375e-08,1.3308876164115103e-09,1.3666810133515272e-09,7.373727869868338e-09,3.9535190345626735e-10,0.0,4.8066734236742874e-14,4.028764587836137e-17,7.299978864616718e-16
4,lbfgs,1519,1776.0,2736.3999999999996,1.0552243464306811e-08,1.006963184562373e-08,1.3313496184918183e-09,1.364315425623753e-09,7.3739668015081584e-09,3.9349748092777785e-10,0.0,4.808342177089196e-14,4.023448316551071e-17,7.299804589627475e-16
4,lbfgs,1529,1776.0,2736.3999999999996,1.054815025302426e-08,1.0068231608258921e-08,1.3319660687827741e-09,1.3612956238254667e-09,7.374969915650679e-09,3.908045069646568e-10,0.0,4.810567078396106e-14,4.016578072518349e-17,7.300162978326638e-16
4,lbfgs,1539,1776.0,2736.3999999999996,1.0545180817671667e-08,1.0065872116822282e-08,1.3324485789086923e-09,1.3611139137047293e-09,7.372309624208861e-09,3.9019456300298757e-10,0.0,4.812308623110724e-14,4.016381533240551e-17,7.297743414654612e-16
4,lbfgs,1549,1776.0,2736.3999999999996,1.0541698749585619e-08,1.0062936119469388e-08,1.3331010408176847e-09,1.361329722794912e-09,7.368505355856791e-09,3.8964849221032807e-10,0.0,4.814662353937917e-14,4.017156948382193e-17,7.294354861291427e-16
4,lbfgs,1559,1776.0,2736.3999999999996,1.0539130395912988e-08,1.0062270320851496e-08,1.3335766856150124e-09,1.3596623214520354e-09,7.369031313784447e-09,3.8774593712477436e-10,0.0,4.816376572490801e-14,4.013296367759735e-17,7.294503746914374e-16
4,lbfgs,1569,1776.0,2736.3999999999996,1.053610524668626e-08,1.0061941136179317e-08,1.3341997276495039e-09,1.357414687309375e-09,7.370326721220438e-09,3.850499725339492e-10,0.0,4.8186207797446024e-14,4.008028156686779e-17,7.295199100625827e-16
4,lbfgs,1579,1776.0,2736.3999999999996,1.0533843624802562e-08,1.0060234037037719e-08,1.3346903612551281e-09,1.357533515439207e-09,7.368010160343384e-09,3.8449544975259303e-10,0.0,4.8203885459192986e-14,4.0084055076151005e-17,7.293128461341328e-16
4,lbfgs,1589,1776.0,2736.3999999999996,1.0531174567296231e-08,1.0058007240395824e-08,1.3353381461722543e-09,1.3580512957273583e-09,7.364617798496211e-09,3.8405318883650846e-10,0.0,4.822721897138804e-14,4.009739099433616e-17,7.290153030305734e-16
4,lbfgs,1599,1776.0,2736.3999999999996,1.0529156087245027e-08,1.0057800054505601e-08,1.3357990395202683e-09,1.3567188369394744e-09,7.365282178045859e-09,3.822418946502757e-10,0.0,4.8243804446215575e-14,4.006557625161033e-17,7.290461223516916e-16
4,lbfgs,1609,1776.0,2736.3999999999996,1.0526773167370825e-08,1.0057968484879821e-08,1.3363991718045624e-09,1.3548541857986671e-09,7.366715127276591e-09,3.7969054437238514e-10,0.0,4.826539091450558e-14,4.0020652341520994e-17,7.291320292395436e-16
4,lbfgs,1619,1776.0,2736.3999999999996,1.0524952422512335e-08,1.0056574684728701e-08,1.3368656453992713e-09,1.3550978757255633e-09,7.364611163603867e-09,3.792635996306608e-10,0.0,4.828217905229019e-14,4.0026576339417914e-17,7.289459872254362e-16
4,lbfgs,1629,1776.0,2736.3999999999996,1.052280438046026e-08,1.0054693705808895e-08,1.337473066941926e-09,1.3557364695894937e-09,7.361484169277477e-09,3.7899653645278533e-10,0.0,4.830403676393782e-14,4.004184614067523e-17,7.28674273630243e-16
4,lbfgs,1639,1776.0,2736.3999999999996,1.052114728009425e-08,1.0054706130981685e-08,1.3379055683859908e-09,1.354579548938249e-09,7.362221013657445e-09,3.7732701089306953e-10,0.0,4.83195829652199e-14,4.001351514267487e-17,7.287134701504792e-16
4,lbfgs,1649,1776.0,2736.3999999999996,1.0519194821512328e-08,1.0055112489190676e-08,1.3384675279085586e-09,1.3529226756825811e-09,7.3637222855995356e-09,3.749681940780538e-10,0.0,4.833977475188925e-14,3.99727329530004e-17,7.288076879006494e-16
4,lbfgs,1659,1776.0,2736.3999999999996,1.051767473792103e-08,1.0053874843701702e-08,1.3388935419579377e-09,1.353217397826341e-09,7.361763903917423e-09,3.7468575594528726e-10,0.0,4.835509423581326e-14,3.9979376309074755e-17,7.286355537478091e-16
4,lbfgs,1669,1776.0,2736.3999999999996,1.0515886693853993e-08,1.0052167366394752e-08,1.3394424854295041e-09,1.3539002730171866e-09,7.358824607948062e-09,3.746051891444705e-10,0.0,4.837483320583342e-14,3.999512642707582e-17,7.283814854424871e-16
4,lbfgs,1679,1776.0,2736.3999999999996,1.0514482220989485e-08,1.0052284123246188e-08,1.3398389264189858e-09,1.3528432684489097e-09,7.359601928378293e-09,3.730839594111378e-10,0.0,4.838907038736328e-14,3.996875195044059e-17,7.284253082241543e-16
4,lbfgs,1689,1776.0,2736.3999999999996,1.0512833264178878e-08,1.0052801119114286e-08,1.34035408137819e-09,1.3513091970266895e-09,7.361137840709406e-09,3.709180067127354e-10,0.0,4.840756440061537e-14,3.9930401273759354e-17,7.285238139261724e-16
4,lbfgs,1699,1776.0,2736.3999999999996,1.0511526848408962e-08,1.0051640751003618e-08,1.3407316141114379e-09,1.3516223188299633e-09,7.359286818062218e-09,3.7077195902628946e-10,0.0,4.84211318372459e-14,3.9937172231410185e-17,7.283615885931298e-16
4,lbfgs,1709,1776.0,2736.3999999999996,1.0509996061109814e-08,1.0050018870975275e-08,1.3412136101970486e-09,1.3523159051242272e-09,7.356489355653999e-09,3.7086305171882795e-10,0.0,4.843845357328373e-14,3.995281374642077e-17,7.281204291676717e-16
4,lbfgs,1719,1776.0,2736.3999999999996,1.0508773116572208e-08,1.0050181067209378e-08,1.3415702113955646e-09,1.3513206536188062e-09,7.357290202195007e-09,3.6947791093269644e-10,0.0,4.8451250177756035e-14,3.9927644502705926e-17,7.281668825137534e-16
4,lbfgs,1729,1776.0,2736.3999999999996,1.0507343036485874e-08,1.0050743145572777e-08,1.3420345647491427e-09,1.3498655459612206e-09,7.358843034862414e-09,3.6748575246699285e-10,0.0,4.846790792634189e-14,3.9890863176312017e-17,7.282675437645046e-16
4,lbfgs,1739,1776.0,2736.3999999999996,1.0506191341155564e-08,1.0049618406439076e-08,1.342360716509478e-09,1.3501823513857365e-09,7.357075338543862e-09,3.674587962459492e-10,0.0,4.847962259546951e-14,3.9897519507203475e-17,7.281127858771609e-16
4,lbfgs,1749,1776.0,2736.3999999999996,1.050484729204665e-08,1.0048035263216585e-08,1.3427733469490967e-09,1.3508719270451942e-09,7.3543899892222935e-09,3.6769789032635754e-10,0.0,4.84944443535031e-14,3.9912825549007766e-17,7.278815650150322e-16
4,lbfgs,1759,1776.0,2736.3999999999996,1.0503756546739565e-08,1.004821193520467e-08,1.3430892045247325e-09,1.3499180855113724e-09,7.355204645168564e-09,3.664304730193157e-10,0.0,4.8505770931023104e-14,3.988847057159889e-17,7.279295228769861e-16
4,lbfgs,1769,1776.0,2736.3999999999996,1.0502486138092557e-08,1.0048784608396999e-08,1.343502202789606e-09,1.3485179976780126e-09,7.356764407929379e-09,3.6458739116722193e-10,0.0,4.8520576173529225e-14,3.9852797221481784e-17,7.280311511330441e-16
4,lbfgs,1779,1776.0,2736.3999999999996,1.0501447635380177e-08,1.0047672995774917e-08,1.3437773490853197e-09,1.3488319676773995e-09,7.355063679012198e-09,3.646605010548876e-10,0.0,4.853045400819277e-14,3.985924884245051e-17,7.278822602306864e-16
4,lbfgs,1789,1776.0,2736.3999999999996,1.0500240378552625e-08,1.0046103162090706e-08,1.3441220284809023e-09,1.3495114581128024e-09,7.3524696754970006e-09,3.650230778814162e-10,0.0,4.854282952392055e-14,3.98741497846468e-17,7.276589807570531e-16
4,lbfgs,1799,1776.0,2736.3999999999996,1.0499246738228714e-08,1.0046278023942406e-08,1.3443982668937674e-09,1.3485875713114621e-09,7.353292185737176e-09,3.6385457569615624e-10,0.0,4.855272860658247e-14,3.985039363592528e-17,7.277077755470608e-16
4,lbfgs,1809,1776.0,2736.3999999999996,1.049809373646667e-08,1.0046843306431265e-08,1.3447617519813664e-09,1.3472286279615722e-09,7.354852926488326e-09,3.62136291435311e-10,0.0,4.8565750083906524e-14,3.9815565239402684e-17,7.278096823534112e-16
4,lbfgs,1819,1776.0,2736.3999999999996,1.0497138695618016e-08,1.0045732702671079e-08,1.344988281752807e-09,1.3475371138578246e-09,7.353207307060448e-09,3.622918543269158e-10,0.0,4.857387861890163e-14,3.9821789653520486e-17,7.276655432084992e-16
4,lbfgs,1829,1776.0,2736.3999999999996,1.049603239466349e-08,1.0044162510975655e-08,1.3452687312473044e-09,1.3482044934373175e-09,7.350689286291034e-09,3.6275574504035764e-10,0.0,4.858394361331937e-14,3.9836284333152175e-17,7.274487828628886e-16
4,lbfgs,1839,1776.0,2736.3999999999996,1.0495110631138115e-08,1.0044327299057508e-08,1.345507781112049e-09,1.3473037185668628e-09,7.351515799378595e-09,3.6166919342544334e-10,0.0,4.85925040183004e-14,3.9813000538022017e-17,7.274980023556506e-16
4,lbfgs,1849,1776.0,2736.3999999999996,1.0494044609256201e-08,1.0044876277237019e-08,1.345825105435878e-09,1.3459773532815456e-09,7.3530738185195955e-09,3.6005419335656483e-10,0.0,4.860386396467634e-14,3.977885640233637e-17,7.27599777584492e-16
4,lbfgs,1859,1776.0,2736.3999999999996,1.0493151598624836e-08,1.0043760403268406e-08,1.3460065431982166e-09,1.3462795499332024e-09,7.351474310136987e-09,3.602770566757516e-10,0.0,4.8610371008988915e-14,3.978486061917223e-17,7.2745957424111e-16
4,lbfgs,1869,1776.0,2736.3999999999996,1.0492120394679397e-08,1.004218284881558e-08,1.3462277374313479e-09,1.346934679242713e-09,7.349020432141518e-09,3.6082340715806554e-10,0.0,4.861830561115267e-14,3.9798976322148307e-17,7.27248273446092e-16
4,lbfgs,1879,1776.0,2736.3999999999996,1.0491252286456691e-08,1.0042333786401097e-08,1.3464327710558274e-09,1.3460526618551417e-09,7.3498483534901266e-09,3.5980436134390005e-10,0.0,4.8625642345394094e-14,3.9776085277622215e-17,7.272976548190694e-16
4,lbfgs,1889,1776.0,2736.3999999999996,1.049025125189117e-08,1.0042862628986366e-08,1.3467081160838332e-09,1.34475322806388e-09,7.351401284838652e-09,3.5827448418787104e-10,0.0,4.863549222924314e-14,3.9742519844332274e-17,7.273990501105215e-16
4,lbfgs,1899,1776.0,2736.3999999999996,1.048940476911066e-08,1.0041738557105018e-08,1.3468485265944976e-09,1.3450491955145258e-09,7.349840834995995e-09,3.585520732723163e-10,0.0,4.864052463129772e-14,3.9748322817919566e-17,7.272621627438852e-16
4,lbfgs,1909,1776.0,2736.3999999999996,1.0488429946548607e-08,1.0040150478027991e-08,1.3470159878911019e-09,1.3456927780594288e-09,7.3474417120774595e-09,3.591653297643476e-10,0.0,4.864652820543812e-14,3.976209693457266e-17,7.270555047602829e-16
4,lbfgs,1919,1776.0,2736.3999999999996,1.0487602297071989e-08,1.0040286318404361e-08,1.3471905108647815e-09,1.3448265653681494e-09,7.348269242171429e-09,3.5820183990697655e-10,0.0,4.8652767925891756e-14,3.973954485741973e-17,7.271048764453002e-16
4,lbfgs,1929,1776.0,2736.3999999999996,1.048665031416059e-08,1.004079405120799e-08,1.3474284003432633e-09,1.3435501013667797e-09,7.349815549497947e-09,3.5674212418869526e-10,0.0,4.8661271122370265e-14,3.970648383362528e-17,7.272057409448249e-16
4,lbfgs,1939,1776.0,2736.3999999999996,1.0485839119443984e-08,1.0039660790262953e-08,1.3475319995375266e-09,1.3438402846507878e-09,7.348288506074637e-09,3.5706419040223524e-10,0.0,4.86649809020066e-14,3.971210832583297e-17,7.270716852999548e-16
4,lbfgs,1949,1776.0,2736.3999999999996,1.048490710240282e-08,1.003806124934693e-08,1.3476513426131086e-09,1.344473358474168e-09,7.345936548259654e-09,3.577317142560652e-10,0.0,4.8669255821835876e-14,3.9725580001360823e-17,7.268690245122868e-16
4,lbfgs,1959,1776.0,2736.3999999999996,1.048411033329664e-08,1.0038182158965966e-08,1.3477989165721327e-09,1.3436208279110362e-09,7.346762414482797e-09,3.568140355278715e-10,0.0,4.8674526970476503e-14,3.970332812221918e-17,7.269182727412736e-16
4,lbfgs,1969,1776.0,2736.3999999999996,1.0483195830158674e-08,1.0038669388425158e-08,1.348003889980967e-09,1.3423643993825831e-09,7.3483010990616065e-09,3.55412302929247e-10,0.0,4.8681847144563055e-14,3.967071605954717e-17,7.270185160838284e-16
4,lbfgs,1979,1776.0,2736.3999999999996,1.0482411756271995e-08,1.0037527055140649e-08,1.3480748018476253e-09,1.3426493918138508e-09,7.346802861479172e-09,3.557705623135397e-10,0.0,4.8684382836199243e-14,3.967618494253642e-17,7.268869058491012e-16
4,lbfgs,1989,1776.0,2736.3999999999996,1.0481512675214854e-08,1.0035916385394058e-08,1.3481514538291392e-09,1.3432730831611864e-09,7.344491848403732e-09,3.5648215098369296e-10,0.0,4.868712451926633e-14,3.968939143179769e-17,7.266877223346892e-16
4,lbfgs,1999,1776.0,2736.3999999999996,1.0480739818140302e-08,1.003602329224585e-08,1.3482755195575238e-09,1.3424326326167112e-09,7.345315140071615e-09,3.5560238705563845e-10,0.0,4.869155103534201e-14,3.966741028374119e-17,7.267367710398185e-16
4,lbfgs,2009,1776.0,2736.3999999999996,1.0479854371721428e-08,1.0036491458513364e-08,1.3484519265373282e-09,1.3411939704438148e-09,7.346845561532221e-09,3.542487743693987e-10,0.0,4.869784483783664e-14,3.9635203888225116e-17,7.26836341169037e-16
4,lbfgs,2019,1776.0,2736.3999999999996,1.0479091469134272e-08,1.0035340781898264e-08,1.348494040230134e-09,1.3414743980950679e-09,7.345372343573062e-09,3.546365483850354e-10,0.0,4.869934641192438e-14,3.964053856112642e-17,7.267068633147964e-16
4,lbfgs,2029,1776.0,2736.3999999999996,1.0478218130343914e-08,1.0033720012842292e-08,1.3485330799950226e-09,1.3420898052646005e-09,7.34309712758267e-09,3.5538397863292394e-10,0.0,4.870073761328385e-14,3.965351380674676e-17,7.265107325134981e-16
4,lbfgs,2039,1776.0,2736.3999999999996,1.0477464101727376e-08,1.003381422094427e-08,1.3486368528606801e-09,1.3412601788905063e-09,7.343917189193084e-09,3.5453574191384985e-10,0.0,4.870443522466388e-14,3.9631780091399806e-17,7.265595307694046e-16
4,lbfgs,2049,1776.0,2736.3999999999996,1.0476601563307665e-08,1.0034265155977488e-08,1.3487887340863944e-09,1.3400374711404028e-09,7.34543895075069e-09,3.5322226846253726e-10,0.0,4.870984807023602e-14,3.959994445664876e-17,7.266584001874054e-16
4,lbfgs,2059,1776.0,2736.3999999999996,1.0475855484629834e-08,1.0033107177200124e-08,1.3488056281167027e-09,1.3403139382451383e-09,7.3439876108382825e-09,3.5363416855088107e-10,0.0,4.8710444248523627e-14,3.9605164265881906e-17,7.265307980101229e-16
4,lbfgs,2069,1776.0,2736.3999999999996,1.0475002627875922e-08,1.0031477686198333e-08,1.3488117048330225e-09,1.340922080552561e-09,7.34174390081275e-09,3.5441080278247207e-10,0.0,4.8710652180441725e-14,3.9617938517251574e-17,7.263373695018931e-16
4,lbfgs,2079,1776.0,2736.3999999999996,1.0474263706317226e-08,1.0031560646694844e-08,1.348898120219996e-09,1.3401022662528496e-09,7.342560260221999e-09,3.535889207277536e-10,0.0,4.871372647719712e-14,3.95964332979547e-17,7.263858834273285e-16
4,lbfgs,2089,1776.0,2736.3999999999996,1.0473419571243531e-08,1.0031996312639405e-08,1.349029147600677e-09,1.3388940325561784e-09,7.344073132482549e-09,3.523091197124536e-10,0.0,4.8718390437008746e-14,3.956493966118958e-17,7.264840404309455e-16
4,lbfgs,2099,1776.0,2736.3999999999996,1.0472687127484638e-08,1.00308322027814e-08,1.3490240577982117e-09,1.3391670976333405e-09,7.342641047349848e-09,3.5274078580139827e-10,0.0,4.8718197568796426e-14,3.9570061788157424e-17,7.2635810141790715e-16
4,lbfgs,2109,1776.0,2736.3999999999996,1.047185089082e-08,1.0029195503145594e-08,1.349001360691743e-09,1.339768896796716e-09,7.340425245657134e-09,3.535412487575905e-10,0.0,4.871737284716993e-14,3.9582661689366856e-17,7.261670835082995e-16
4,lbfgs,2119,1776.0,2736.3999999999996,1.0471124340252653e-08,1.0029268679530507e-08,1.3490730527603748e-09,1.3389580626516504e-09,7.341237564118482e-09,3.527415218067805e-10,0.0,4.871991854261254e-14,3.956136928514094e-17,7.262152908938278e-16
4,lbfgs,2129,1776.0,2736.3999999999996,1.0470295293402153e-08,1.002969101599165e-08,1.3491865089139972e-09,1.3377630739298627e-09,7.342741433147791e-09,3.5149013849931657e-10,0.0,4.8723951636019504e-14,3.95301936001499e-17,7.263127338708985e-16
4,lbfgs,2139,1776.0,2736.3999999999996,1.0469574133905482e-08,1.0028521966438372e-08,1.3491623241058883e-09,1.338033241367479e-09,7.341326400965005e-09,3.519380285466973e-10,0.0,4.872307356214654e-14,3.9535233157600564e-17,7.261882807241329e-16
4,lbfgs,2149,1776.0,2736.3999999999996,1.046875166757765e-08,1.0026879580055558e-08,1.3491145843208123e-09,1.3386295187930534e-09,7.339135476941692e-09,3.5275794858790865e-10,0.0,4.8721350296260376e-14,3.9547682030682403e-17,7.259994288831257e-16
5,adam,0,2736.3999999999996,4080.959999999999,1.8194748100423553e-06,1.364537482893978e-06,1.0354256412184174e-06,1.3129185839326302e-07,1.978199832822976e-07,4.548458276313262e-07,0.0,3.684094674907938e-11,2.9103128704735615e-15,1.5265904535179697e-14
5,adam,24,2736.3999999999996,4080.959999999999,8.05036033365274e-05,5.012389209389462e-05,4.1438541247293e-07,3.863435285088797e-05,1.1075153830533716e-05,3.037962047944228e-05,0.0,1.4584112621501076e-11,8.429940264982427e-13,8.691324556387841e-13
5,adam,49,2736.3999999999996,4080.959999999999,7.822688369317076e-06,6.727181050333032e-06,4.836864479494306e-07,4.916975569744748e-06,1.3265190326388538e-06,1.0954168724729423e-06,0.0,1.6885349650926576e-11,1.0981368753338554e-13,1.0175845183445337e-13
5,adam,74,2736.3999999999996,4080.959999999999,1.6086299005040536e-06,1.2115407634066295e-06,1.58941872093335e-07,9.302219621777203e-07,1.2237692913557423e-07,3.9699873168251704e-07,0.0,5.524278731197697e-12,2.0645736204117447e-14,9.453838158324731e-15
5,adam,99,2736.3999999999996,4080.959999999999,7.573844290168594e-07,5.343984660407186e-07,1.3799706430408595e-07,2.971519513932832e-07,9.924945034334947e-08,2.2289557125568665e-07,0.0,4.790319982095002e-12,6.6026480067782854e-15,7.652283241103452e-15
5,adam,124,2736.3999999999996,4080.959999999999,6.870633211618155e-07,5.031323560856824e-07,1.2946207175533717e-07,2.747324480471925e-07,9.89378362831527e-08,1.838405783745053e-07,0.0,4.490646846175653e-12,6.1061673897763264e-15,7.630295881605081e-15
5,adam,149,2736.3999999999996,4080.959999999999,6.324830935155792e-07,4.677020128744762e-07,1.2050269421098432e-07,2.6029088165755637e-07,8.690843700593551e-08,1.6469069831494685e-07,0.0,4.176531046000436e-12,5.787303132695437e-15,6.7055681562286045e-15
5,adam,174,2736.3999999999996,4080.959999999999,5.833617314271743e-07,4.3209828845728153e-07,1.1136180297849582e-07,2.3684466694880605e-07,8.389181852997964e-08,1.51173064737879e-07,0.0,3.8554597402583736e-12,5.267732615552835e-15,6.474865043175259e-15
5,adam,199,2736.3999999999996,4080.959999999999,5.376689844945058e-07,3.98117512360095e-07,1.0298338460321595e-07,2.1272862641583443e-07,8.240550134104463e-08,1.3946109764540262e-07,0.0,3.5615895484708105e-12,4.733052901623623e-15,6.362035060033486e-15
5,adam,224,2736.3999999999996,4080.959999999999,5.016879446396733e-07,3.728170988294757e-07,1.0218079357887891e-07,1.8759516152489214e-07,8.304114372570461e-08,1.2878047473096166e-07,0.0,3.5291848996418644e-12,4.175724993239502e-15,6.413044364169354e-15
5,adam,249,2736.3999999999996,4080.959999999999,4.6445258157164274e-07,3.447033049738662e-07,9.445780841345304e-08,1.6812268622949995e-07,8.212281033091326e-08,1.1965890887348042e-07,0.0,3.260798469851702e-12,3.743720515988599e-15,6.344082200584641e-15
5,adam,274,2736.3999999999996,4080.959999999999,4.308447543199231e-07,3.193210894109493e-07,8.766988050338537e-08,1.5132806046394652e-07,8.03231484436174e-08,1.1143330003704355e-07,0.0,3.0243882420108025e-12,3.3710072767401727e-15,6.207118166144642e-15
5,adam,299,2736.3999999999996,4080.959999999999,4.006899562041301e-07,2.9634445399234846e-07,8.147579857724388e-08,1.3596228902989574e-07,7.890636638520884e-08,1.0425513977213385e-07,0.0,2.8086687275840897e-12,3.0298293996624396e-15,6.0995589749139095e-15
5,adam,324,2736.3999999999996,4080.959999999999,3.7381087234930243e-07,2.755827258566076e-07,7.595686615820205e-08,1.2196472845870314e-07,7.766113123970242e-08,9.813778610119458e-08,0.0,2.6165118524198183e-12,2.7188602385523536e-15,6.005127597149571e-15
5,adam,349,2736.3999999999996,4080.959999999999,3.499820023391535e-07,2.5691144149863144e-07,7.104656470308639e-08,1.0932833084902096e-07,7.653654594652408e-08,9.298020215196457e-08,0.0,2.445594498764286e-12,2.437987918324893e-15,5.9199192366287646e-15
5,adam,374,2736.3999999999996,4080.959999999999,3.289498186396336e-07,2.401863222415732e-07,6.666573832211698e-08,9.800724357295252e-08,7.551334034650368e-08,8.867313911132974e-08,0.0,2.2931742645410638e-12,2.1862311534339046e-15,5.842454283105342e-15
5,adam,399,2736.3999999999996,4080.959999999999,3.104490848461112e-07,2.252435750624352e-07,6.27513634542181e-08,8.792363944378315e-08,7.456857216443393e-08,8.511515364068587e-08,0.0,2.1570665091622538e-12,1.9618918129137198e-15,5.7709657251995e-15
5,adam,424,2736.3999999999996,4080.959999999999,2.9077844090900814e-07,2.080875127810568e-07,5.819187741284728e-08,7.850289303967687e-08,7.139274232853265e-08,8.260057294669222e-08,0.0,1.9987887173142524e-12,1.7525374051022466e-15,5.527024192396796e-15
5,adam,449,2736.3999999999996,4080.959999999999,2.7650448922557043e-07,1.9636690589585031e-07,5.5371631428504485e-08,7.095805224237988e-08,7.003722222496596e-08,8.004722894945032e-08,0.0,1.900517417228665e-12,1.5845932610936817e-15,5.423440729694527e-15
5,adam,474,2736.3999999999996,4080.959999999999,2.6408751238352e-07,1.8586000099203255e-07,5.281985298355655e-08,6.369812636457009e-08,6.93420216439059e-08,7.813715766570231e-08,0.0,1.8117166158854032e-12,1.4228065076889517e-15,5.370945600294051e-15
5,adam,499,2736.3999999999996,4080.959999999999,2.5326054499323374e-07,1.7658161717593213e-07,5.049510953534819e-08,5.752801045501121e-08,6.855849718557273e-08,7.658857462515898e-08,0.0,1.7310286988268172e-12,1.2852861101891017e-15,5.3114987840362895e-15
5,adam,524,2736.3999999999996,4080.959999999999,2.4379399484991336e-07,1.6830702414347474e-07,4.826636788213063e-08,5.216881331983874e-08,6.787184294150535e-08,7.539661796041896e-08,0.0,1.653855900078363e-12,1.1658000084152584e-15,5.259481745006186e-15
5,adam,549,2736.3999999999996,4080.959999999999,2.35489597916904e-07,1.60923527623839e-07,4.6175478765060747e-08,4.753898525494384e-08,6.720906360383442e-08,7.447571792559098e-08,0.0,1.5815832028548514e-12,1.0625441367805527e-15,5.209228469287219e-15
5,adam,574,2736.3999999999996,4080.959999999999,2.281755765915183e-07,1.5431688013235377e-07,4.4199349187677745e-08,4.35564808042509e-08,6.656105014042512e-08,7.376834442102079e-08,0.0,1.5133788730918792e-12,9.7370080258907e-16,5.160031692024491e-15
5,adam,599,2736.3999999999996,4080.959999999999,2.2170314633101334e-07,1.483841236955363e-07,4.233257768619444e-08,4.013818330713976e-08,6.59133627022021e-08,7.322867089175497e-08,0.0,1.4490291897200284e-12,8.974241428630118e-16,5.110770831445332e-15
5,adam,624,2736.3999999999996,4080.959999999999,2.1601717573730183e-07,1.432974141887198e-07,3.8519481225528055e-08,3.78760024319849e-08,6.690193053120685e-08,7.262941003181306e-08,0.0,1.3180904905907838e-12,8.466566120240931e-16,5.187884065163535e-15
5,adam,649,2736.3999999999996,4080.959999999999,2.1126651152630126e-07,1.3896457117302642e-07,3.77002987046171e-08,3.516376299014153e-08,6.61005094782678e-08,7.221158896820036e-08,0.0,1.289673041941954e-12,7.860971797236853e-16,5.126388394178208e-15
5,adam,674,2736.3999999999996,4080.959999999999,2.0700105535410893e-07,1.3491802071591993e-07,3.641521293258331e-08,3.3092674513684487e-08,6.541013326965215e-08,7.199268342844972e-08,0.0,1.2453793528879677e-12,7.39875816160753e-16,5.073494780130632e-15
5,adam,699,2736.3999999999996,4080.959999999999,2.0312298205789523e-07,1.312008894437839e-07,3.517219954620914e-08,3.1333811336823343e-08,6.469487856075141e-08,7.18317416020812e-08,0.0,1.2025869348935257e-12,7.006155536236405e-16,5.018590957075501e-15
5,adam,724,2736.3999999999996,4080.959999999999,1.9956225379744368e-07,1.277464411307194e-07,3.394546384967496e-08,2.982772190667207e-08,6.397325537437235e-08,7.17254618746696e-08,0.0,1.1604109525868101e-12,6.669887618420467e-16,4.9631342237318626e-15
5,adam,749,2736.3999999999996,4080.959999999999,1.9626284645615378e-07,1.245171133091706e-07,3.274591546537401e-08,2.8535742179496263e-08,6.323545566430031e-08,7.165538259206467e-08,0.0,1.1192051503505138e-12,6.38134858397256e-16,4.906359808180908e-15
5,adam,774,2736.3999999999996,4080.959999999999,1.931793726485385e-07,1.2147938299995949e-07,3.157779298775242e-08,2.7422845885552965e-08,6.24787441266541e-08,7.160963934296916e-08,0.0,1.0791038033359676e-12,6.132733881668656e-16,4.84805635381695e-15
5,adam,799,2736.3999999999996,4080.959999999999,1.9027502876379777e-07,1.1860478290392544e-07,3.044068536926874e-08,2.645865170434937e-08,6.170544583030732e-08,7.15798958108693e-08,0.0,1.0400872937046938e-12,5.917272269734108e-16,4.7884068421805494e-15
5,adam,824,2736.3999999999996,4080.959999999999,1.8795782042054924e-07,1.1633271391177601e-07,2.9226901563823444e-08,2.5848714627294085e-08,6.125709772065848e-08,7.153475674701657e-08,0.0,9.982573593030125e-13,5.78161584877535e-16,4.75408183296875e-15
5,adam,849,2736.3999999999996,4080.959999999999,1.852096421532966e-07,1.13550298222193e-07,2.8069583848296173e-08,2.501518538819891e-08,6.046552898569791e-08,7.156899446583797e-08,0.0,9.586712160913067e-13,5.595101266442103e-16,4.692902369550354e-15
5,adam,874,2736.3999999999996,4080.959999999999,1.8259109764951662e-07,1.109060745394451e-07,2.6942091193056798e-08,2.4319556330876337e-08,5.964442701551197e-08,7.159467390884522e-08,0.0,9.200926321484747e-13,5.439420273583468e-16,4.6293758593195336e-15
5,adam,899,2736.3999999999996,4080.959999999999,1.8008185077641282e-07,1.0839736469362562e-07,2.5868820405277224e-08,2.3703260224758225e-08,5.882528406359017e-08,7.159413711087942e-08,0.0,8.833405463365781e-13,5.301457262361316e-16,4.565947739400519e-15
5,adam,924,2736.3999999999996,4080.959999999999,1.7766484819572112e-07,1.059876039379194e-07,2.4841060850031573e-08,2.3156268288524924e-08,5.799027479936289e-08,7.158689548573908e-08,0.0,8.481569694682756e-13,5.178952931347308e-16,4.501235823269859e-15
5,adam,949,2736.3999999999996,4080.959999999999,1.7532659729290305e-07,1.0366711965857041e-07,2.3851741251862515e-08,2.266138473144495e-08,5.715399367526295e-08,7.156912903222994e-08,0.0,8.142914065685577e-13,5.068058203886623e-16,4.436380141684421e-15
5,adam,974,2736.3999999999996,4080.959999999999,1.730562290116622e-07,1.0142456105229529e-07,2.2898589449092194e-08,2.2211017615833413e-08,5.6314953987369684e-08,7.154131949648005e-08,0.0,7.816690871377137e-13,4.967081586222882e-16,4.37126804953653e-15
5,adam,999,2736.3999999999996,4080.959999999999,1.7084482677210478e-07,9.92517858386448e-08,2.198042008002924e-08,2.1797988330938357e-08,5.5473377427677206e-08,7.150269257705756e-08,0.0,7.502493778000985e-13,4.874421652745463e-16,4.3059199991233984e-15
5,adam,1024,2736.3999999999996,4080.959999999999,1.645615322019223e-07,9.29455167381478e-08,2.165537550925509e-08,1.9636447578864826e-08,5.165369365002789e-08,7.152566718120507e-08,0.0,7.3911018481407e-13,4.392733397894092e-16,4.010420909079323e-15
5,adam,1049,2736.3999999999996,4080.959999999999,1.6244991158223173e-07,9.093656800749309e-08,2.05908166963304e-08,1.9526828212280725e-08,5.081892309888196e-08,7.142299533435839e-08,0.0,7.026441191100889e-13,4.3683982858096466e-16,3.945609255211422e-15
5,adam,1074,2736.3999999999996,4080.959999999999,1.603857461418361e-07,8.895590859118633e-08,1.9743258846418517e-08,1.9213515858609952e-08,4.9999133886157865e-08,7.133948932567487e-08,0.0,6.736480770163998e-13,4.297881706015385e-16,3.8818828312061385e-15
5,adam,1099,2736.3999999999996,4080.959999999999,1.5835952626705705e-07,8.701041219197898e-08,1.8894523875555953e-08,1.892929710668257e-08,4.918659120974046e-08,7.125876583635636e-08,0.0,6.446223408738724e-13,4.2339327756906306e-16,3.8187029402973396e-15
5,adam,1124,2736.3999999999996,4080.959999999999,1.5636593953600727e-07,8.51120576386511e-08,1.8086431871105212e-08,1.8661145208648363e-08,4.836448055889753e-08,7.116353360469705e-08,0.0,6.169919928080408e-13,4.1736037566024766e-16,3.754740941708756e-15
5,adam,1149,2736.3999999999996,4080.959999999999,1.5440084350238805e-07,8.325624331302425e-08,1.7314414146734858e-08,1.840398174111879e-08,4.753784742517061e-08,7.105425179669856e-08,0.0,5.906023833081147e-13,4.115736397856048e-16,3.690400104040825e-15
5,adam,1174,2736.3999999999996,4080.959999999999,1.5246079226931478e-07,8.144021667276636e-08,1.657469105259014e-08,1.815580149660566e-08,4.670972412357055e-08,7.093022705283159e-08,0.0,5.653219616615263e-13,4.0598775989493406e-16,3.625920840957901e-15
5,adam,1199,2736.3999999999996,4080.959999999999,1.505427980918764e-07,7.966182952286753e-08,1.5865999356798968e-08,1.7914486908406877e-08,4.588134325766168e-08,7.079061981911429e-08,0.0,5.411073614044903e-13,4.0055523012470053e-16,3.561401782156659e-15
5,adam,1224,2736.3999999999996,4080.959999999999,1.534438463645424e-07,8.275644848432914e-08,1.453968803783586e-08,1.914732500089399e-08,4.906943544559929e-08,7.059704883793115e-08,0.0,4.958326301278221e-13,4.2772496865039765e-16,3.807272211391168e-15
5,adam,1249,2736.3999999999996,4080.959999999999,1.5149488550672325e-07,8.102062500564853e-08,1.3952515092787948e-08,1.8964189805132892e-08,4.810392010772769e-08,7.03839110540172e-08,0.0,4.758977822487728e-13,4.236257224352614e-16,3.731886864824406e-15
5,adam,1274,2736.3999999999996,4080.959999999999,1.495693797614858e-07,7.930233350235313e-08,1.3386843395830264e-08,1.8710275662358405e-08,4.7205214444164464e-08,7.017669633030325e-08,0.0,4.566105824290452e-13,4.1791524450441664e-16,3.66190466481695e-15
5,adam,1299,2736.3999999999996,4080.959999999999,1.4765652333753776e-07,7.762556863302097e-08,1.2888104670374051e-08,1.8462763910138168e-08,4.627470005250875e-08,6.994060421984707e-08,0.0,4.3959419186059386e-13,4.123474513341464e-16,3.589433906748777e-15
5,adam,1324,2736.3999999999996,4080.959999999999,1.4575295674602744e-07,7.597596408566536e-08,1.2405715211891514e-08,1.8232271381236395e-08,4.533797749253745e-08,6.968664154877588e-08,0.0,4.2313814918633796e-13,4.0715866211506436e-16,3.5164777454021746e-15
5,adam,1349,2736.3999999999996,4080.959999999999,1.4385605967485867e-07,7.435114173879747e-08,1.1934839264323623e-08,1.800620192270939e-08,4.441010055176446e-08,6.941456612345708e-08,0.0,4.07078163603801e-13,4.0206829533108705e-16,3.4442109410795244e-15
5,adam,1374,2736.3999999999996,4080.959999999999,1.4196366239285328e-07,7.274936958817747e-08,1.147969308794527e-08,1.7781386329760345e-08,4.348829017047186e-08,6.912394021389076e-08,0.0,3.9155704773257875e-13,3.970057494327749e-16,3.3724156074119817e-15
5,adam,1399,2736.3999999999996,4080.959999999999,1.4007388789541023e-07,7.116916210045641e-08,1.1039442721531132e-08,1.7556593947906543e-08,4.2573125431018734e-08,6.881437234617601e-08,0.0,3.7654602993525435e-13,3.9194428535548043e-16,3.3011382118777577e-15
5,lbfgs,1400,2736.3999999999996,4080.959999999999,1.400708423615065e-07,7.117889958597798e-08,1.1149858218954233e-08,1.7237992034664297e-08,4.279104933235945e-08,6.880158929073535e-08,0.0,3.8041508343447767e-13,3.8491015454822887e-16,3.3188414355583138e-15
5,lbfgs,1409,2736.3999999999996,4080.959999999999,1.4021973180877525e-07,7.143567930767423e-08,1.1105794087260597e-08,1.8306419602609838e-08,4.2023465617803793e-08,6.869369901602003e-08,0.0,3.789202291586249e-13,4.094419630699555e-16,3.257948459072879e-15
5,lbfgs,1419,2736.3999999999996,4080.959999999999,1.4421529245533532e-07,7.301360925949834e-08,1.1242789985599273e-08,1.571002646473184e-08,4.606079280916724e-08,7.111132971106806e-08,0.0,3.835804275501772e-13,3.49514104696555e-16,3.5781177580489784e-15
5,lbfgs,1429,2736.3999999999996,4080.959999999999,1.4014945866724667e-07,7.134778892846303e-08,1.1093682818064511e-08,1.8211479908364605e-08,4.2042626202033916e-08,6.871131625356862e-08,0.0,3.7850914877818157e-13,4.0727091867650217e-16,3.259451059947315e-15
5,lbfgs,1439,2736.3999999999996,4080.959999999999,1.439096176432093e-07,7.280108600978854e-08,1.122473855368279e-08,1.5679567444597357e-08,4.589678001150839e-08,7.101817814850248e-08,0.0,3.82967388970986e-13,3.4884054758125786e-16,3.565112617103953e-15
5,lbfgs,1449,2736.3999999999996,4080.959999999999,1.4009975377578643e-07,7.128385391951467e-08,1.1079866936249684e-08,1.8167584555897937e-08,4.203640242736705e-08,6.872554637091836e-08,0.0,3.78040052212104e-13,4.0627138073758474e-16,3.258941958186295e-15
5,lbfgs,1459,2736.3999999999996,4080.959999999999,1.4375237700599214e-07,7.267672500994575e-08,1.1208201696539556e-08,1.566279832251049e-08,4.580572499089571e-08,7.098529851098362e-08,0.0,3.8240577605512165e-13,3.4846937677691696e-16,3.557891468850252e-15
5,lbfgs,1469,2736.3999999999996,4080.959999999999,1.4005378923185123e-07,7.122440605458783e-08,1.1065322919387632e-08,1.813259172271394e-08,4.202649141248626e-08,6.873902969177066e-08,0.0,3.7754608922067997e-13,4.0547562704655987e-16,3.25814282041291e-15
5,lbfgs,1479,2736.3999999999996,4080.959999999999,1.4362289428730675e-07,7.257008092131352e-08,1.1191497142911479e-08,1.5649748141796945e-08,4.572883563660509e-08,7.096245988078661e-08,0.0,3.8183834285411444e-13,3.481805491035498e-16,3.5517946375493208e-15
5,lbfgs,1489,2736.3999999999996,4080.959999999999,1.400093982011172e-07,7.116685662984086e-08,1.1050200885675147e-08,1.8101065300355926e-08,4.2015590443809794e-08,6.875218808564388e-08,0.0,3.770323527789817e-13,4.0475873228892096e-16,3.257267552675618e-15
5,lbfgs,1499,2736.3999999999996,4080.959999999999,1.4350472287502396e-07,7.247118678841349e-08,1.1174427573289285e-08,1.5638914812556418e-08,4.565784440256779e-08,7.094318260126013e-08,0.0,3.81258375969786e-13,3.4794100300811266e-16,3.546166909973445e-15
5,lbfgs,1509,2736.3999999999996,4080.959999999999,1.3996618005011943e-07,7.111072818199961e-08,1.1034562066549768e-08,1.8072090635063617e-08,4.200407548038623e-08,6.876509838234732e-08,0.0,3.765009276522634e-13,4.0409970483191563e-16,3.256345774659997e-15
5,lbfgs,1519,2736.3999999999996,4080.959999999999,1.4339457202312117e-07,7.23778688284962e-08,1.1156993728879821e-08,1.5629815023507572e-08,4.559106007610881e-08,7.0926349709131e-08,0.0,3.806659061587597e-13,3.47740036352446e-16,3.5408741565406938e-15
5,lbfgs,1529,2736.3999999999996,4080.959999999999,1.399239824472273e-07,7.105585079810238e-08,1.1018457822809956e-08,1.804533568693246e-08,4.1992057288359964e-08,6.877777816321214e-08,0.0,3.7595356711086616e-13,4.0349098184590355e-16,3.2553860370421157e-15
5,lbfgs,1539,2736.3999999999996,4080.959999999999,1.4329115190366036e-07,7.228922356198035e-08,1.1139225619480691e-08,1.5622155087275144e-08,4.5527842855224515e-08,7.09115748560424e-08,0.0,3.80061961549007e-13,3.4757111196241096e-16,3.5358655174357418e-15
5,lbfgs,1549,2736.3999999999996,4080.959999999999,1.3988270309335782e-07,7.100211810174473e-08,1.1001935972295335e-08,1.8020559015976796e-08,4.19796231134726e-08,6.879023150555978e-08,0.0,3.7539190478013895e-13,4.0292709523314326e-16,3.2543950299269108e-15
5,lbfgs,1559,2736.3999999999996,4080.959999999999,1.4319361674979167e-07,7.220466307519974e-08,1.112115685322511e-08,1.5615706809125637e-08,4.546779941284899e-08,7.089860018881071e-08,0.0,3.7944769276086263e-13,3.4742914112826527e-16,3.5311096551680404e-15
5,lbfgs,1569,2736.3999999999996,4080.959999999999,1.3984225843131365e-07,7.094944624460788e-08,1.0985040718787557e-08,1.7997548487365703e-08,4.196685703845461e-08,6.880245870051179e-08,0.0,3.7481745119096394e-13,4.0240324899408885e-16,3.253379211426733e-15
5,lbfgs,1579,2736.3999999999996,4080.959999999999,1.4310129726628722e-07,7.212373207788473e-08,1.110281993038428e-08,1.561028118790804e-08,4.541063095959241e-08,7.088721170247772e-08,0.0,3.788242123188445e-13,3.4730990740356687e-16,3.526582733133128e-15
5,lbfgs,1589,2736.3999999999996,4080.959999999999,1.398025766325116e-07,7.089776408887396e-08,1.0967812568673875e-08,1.797611475023785e-08,4.1953836769962234e-08,6.881445905730278e-08,0.0,3.7423159065369497e-13,4.0191516400646865e-16,3.2523445568522082e-15
5,lbfgs,1599,2736.3999999999996,4080.959999999999,1.430136344754419e-07,7.204605599365371e-08,1.108424527638201e-08,1.560571916227164e-08,4.5356091555000066e-08,7.08772249957199e-08,0.0,3.7819256163626536e-13,3.472098624573128e-16,3.5222651184994738e-15
5,lbfgs,1609,2736.3999999999996,4080.959999999999,1.3976359489609894e-07,7.084700952564795e-08,1.0950288507673643e-08,1.7956090098737063e-08,4.1940630919237244e-08,6.882623188397514e-08,0.0,3.7363558721079136e-13,4.014590503866927e-16,3.251296342955443e-15
5,lbfgs,1619,2736.3999999999996,4080.959999999999,1.4293015226637687e-07,7.19713184075549e-08,1.1065461094295223e-08,1.560188623562105e-08,4.5303971077638624e-08,7.08684803726102e-08,0.0,3.7755370599450823e-13,3.4712600660741193e-16,3.5181400338647057e-15
5,lbfgs,1629,2736.3999999999996,4080.959999999999,1.3972525782135734e-07,7.079712748814626e-08,1.0932502285083925e-08,1.793732688297369e-08,4.192729832008865e-08,6.883777684659411e-08,0.0,3.730305943185763e-13,4.0103157108421116e-16,3.2502390921329232e-15
5,lbfgs,1639,2736.3999999999996,4080.959999999999,1.4285044058490737e-07,7.189924792145757e-08,1.1046493433496395e-08,1.5598668443617806e-08,4.5254086044343376e-08,7.086083917709456e-08,0.0,3.769085369098442e-13,3.4705579884856416e-16,3.514192828858687e-15
5,lbfgs,1649,2736.3999999999996,4080.959999999999,1.3968751621058924e-07,7.074806863843684e-08,1.0914484717891159e-08,1.7919695403193612e-08,4.1913888517352065e-08,6.88490940853942e-08,0.0,3.724176652253668e-13,4.00629794173094e-16,3.2491766089374792e-15
5,lbfgs,1659,2736.3999999999996,4080.959999999999,1.427741431873817e-07,7.182960918746636e-08,1.1027366319948125e-08,1.5595969071785592e-08,4.520627379573265e-08,7.085418051341668e-08,0.0,3.7625787660593056e-13,3.4699708351328197e-16,3.51041051781045e-15
5,lbfgs,1669,2736.3999999999996,4080.959999999999,1.3965032613288939e-07,7.069978841678921e-08,1.0896263979613964e-08,1.790308170723043e-08,4.190044272994481e-08,6.886018422920065e-08,0.0,3.7179776283453626e-13,4.002511430770622e-16,3.248112054185238e-15
5,lbfgs,1679,2736.3999999999996,4080.959999999999,1.427009482590462e-07,7.176219634820336e-08,1.1008101903066275e-08,1.5593705933727516e-08,4.5160388511409575e-08,7.084839842420084e-08,0.0,3.756024830500436e-13,3.4694802942957276e-16,3.506781462269793e-15
5,lbfgs,1689,2736.3999999999996,4080.959999999999,1.3961364817335923e-07,7.065224631831171e-08,1.0877865862945953e-08,1.7887385526066187e-08,4.1886994929299574e-08,6.88710483680066e-08,0.0,3.7117176867553586e-13,3.9989334995789777e-16,3.24704802836208e-15
5,lbfgs,1699,2736.3999999999996,4080.959999999999,1.4263058105956348e-07,7.169682803557717e-08,1.0988720602562022e-08,1.5591809104134694e-08,4.511629832888045e-08,7.084339953720097e-08,0.0,3.7494305498619703e-13,3.4690707923964417e-16,3.5032951410690833e-15
5,lbfgs,1709,2736.3999999999996,4080.959999999999,1.3957744682199125e-07,7.060540532510436e-08,1.0859314014483367e-08,1.787251843685404e-08,4.187357287376696e-08,6.888168800970447e-08,0.0,3.7054049092300437e-13,3.9955441426005744e-16,3.2459866517530966e-15
5,lbfgs,1719,2736.3999999999996,4080.959999999999,1.425627981186461e-07,7.163334347926043e-08,1.0969241249241732e-08,1.559021902799008e-08,4.507388320202862e-08,7.083910115245706e-08,0.0,3.742802367597272e-13,3.468729071283674e-16,3.4999419791437943e-15
5,lbfgs,1729,2736.3999999999996,4080.959999999999,1.395416899719445e-07,7.055923145252413e-08,1.084063014302207e-08,1.7858402272568214e-08,4.1860199036933845e-08,6.889210503209642e-08,0.0,3.69904671514094e-13,3.9923256683536444e-16,3.2449296363838945e-15
5,lbfgs,1739,2736.3999999999996,4080.959999999999,1.4249738255877733e-07,7.157159939668893e-08,1.0949681216292586e-08,1.5588884938861613e-08,4.5033033241534725e-08,7.083542967501656e-08,0.0,3.7361462281520073e-13,3.4684438346596573e-16,3.4967132147129802e-15
5,lbfgs,1749,2736.3999999999996,4080.959999999999,1.3950634850273997e-07,7.051369337988622e-08,1.0821834204140004e-08,1.7844967758671494e-08,4.1846891417074714e-08,6.890230163538824e-08,0.0,3.6926499245642583e-13,3.9892623919818663e-16,3.24387834874785e-15
5,lbfgs,1759,2736.3999999999996,4080.959999999999,1.424341403293887e-07,7.151146749460738e-08,1.0930056540913356e-08,1.5587763533379583e-08,4.4993647420314447e-08,7.08323193475663e-08,0.0,3.729467618630341e-13,3.4682054517919684e-16,3.493600795549666e-15
5,lbfgs,1769,2736.3999999999996,4080.959999999999,1.3947139592999606e-07,7.046876214494493e-08,1.080294456385173e-08,1.7832153347377625e-08,4.1833664233715575e-08,6.891228029744402e-08,0.0,3.686220814216046e-13,3.986340372425901e-16,3.2428338637731446e-15
5,lbfgs,1779,2736.3999999999996,4080.959999999999,1.4237289716754266e-07,7.145283244981359e-08,1.0910382036376264e-08,1.5586817857511285e-08,4.495563255592603e-08,7.082971123037098e-08,0.0,3.7227716071795633e-13,3.4680057085712694e-16,3.490597297350582e-15
5,lbfgs,1789,2736.3999999999996,4080.959999999999,1.394368081104903e-07,7.042441089066129e-08,1.078397814369576e-08,1.781990422725528e-08,4.182052851971024e-08,6.892204373208029e-08,0.0,3.679765167047713e-13,3.9835471891921297e-16,3.241797010673179e-15
5,lbfgs,1799,2736.3999999999996,4080.959999999999,1.42313496022694e-07,7.139559020606542e-08,1.0890671393242521e-08,1.5586016365851473e-08,4.4918902446971427e-08,7.082755232912747e-08,0.0,3.7160628776608033e-13,3.467837597303296e-16,3.4876958544387375e-15
5,lbfgs,1809,2736.3999999999996,4080.959999999999,1.3940256298765195e-07,7.038061464811944e-08,1.0764950549984159e-08,1.780817146942432e-08,4.180749262871096e-08,6.893159485164215e-08,0.0,3.6732883164322683e-13,3.9808717499067043e-16,3.2407684122366048e-15
5,lbfgs,1819,2736.3999999999996,4080.959999999999,1.4225579498835875e-07,7.133964659713373e-08,1.087093727257652e-08,1.5585332127907726e-08,4.488337719664949e-08,7.08257949035809e-08,0.0,3.7093457615757245e-13,3.4676951393249464e-16,3.4848901054168184e-15
5,lbfgs,1829,2736.3999999999996,4080.959999999999,1.393686403749194e-07,7.033735015438737e-08,1.0745876188685163e-08,1.7796911302989944e-08,4.1794562662712276e-08,6.89409367325e-08,0.0,3.6667951854432686e-13,3.97830412704623e-16,3.2397485179078266e-15
5,lbfgs,1839,2736.3999999999996,4080.959999999999,1.4219966550088655e-07,7.12849161551669e-08,1.0851191389568249e-08,1.5584742154060894e-08,4.484898261153776e-08,7.082439585793258e-08,0.0,3.7026242667100214e-13,3.467573234421581e-16,3.482174144880642e-15
5,lbfgs,1849,2736.3999999999996,4080.959999999999,1.3933502176457865e-07,7.029459569151024e-08,1.072676836828371e-08,1.778608448333394e-08,4.178174283989259e-08,6.895007258489475e-08,0.0,3.660290322025935e-13,3.975835415559338e-16,3.2387376322457283e-15
5,lbfgs,1859,2736.3999999999996,4080.959999999999,1.4214499086152682e-07,7.123132112775377e-08,1.0831444590084668e-08,1.558422682406292e-08,4.481564971360618e-08,7.082331624584313e-08,0.0,3.695902103353163e-13,3.467467533140983e-16,3.4795424841961563e-15
5,lbfgs,1869,2736.3999999999996,4080.959999999999,1.3930169016394505e-07,7.025233095063051e-08,1.0707639391534147e-08,1.77756557565637e-08,4.176903580253266e-08,6.895900572499925e-08,0.0,3.653777930372897e-13,3.973457612198762e-16,3.2377359387268952e-15
5,lbfgs,1879,2736.3999999999996,4080.959999999999,1.4209166493598903e-07,7.117879061842567e-08,1.081170691945003e-08,1.5583769399984613e-08,4.478331429899103e-08,7.082252082949065e-08,0.0,3.6891827078577723e-13,3.4673743280143845e-16,3.4769900160563137e-15
5,lbfgs,1889,2736.3999999999996,4080.959999999999,1.3926862994792307e-07,7.021053690845475e-08,1.0688500638025177e-08,1.776559338681829e-08,4.1756442883611286e-08,6.89677395510114e-08,0.0,3.647261899159279e-13,3.9711635089676524e-16,3.236743520356573e-15
5,lbfgs,1899,2736.3999999999996,4080.959999999999,1.4203959103612796e-07,7.11272598484923e-08,1.0791987684790211e-08,1.5583355611268866e-08,4.475191655243323e-08,7.082197769942022e-08,0.0,3.6824692639944224e-13,3.4672904608977716e-16,3.4745119835151644e-15
5,lbfgs,1909,2736.3999999999996,4080.959999999999,1.3923582673056276e-07,7.016919572059036e-08,1.0669362638231566e-08,1.775586875153854e-08,4.174396433082025e-08,6.897627752137388e-08,0.0,3.6407458268679016e-13,3.968946601898683e-16,3.2357603769751518e-15
5,lbfgs,1919,2736.3999999999996,4080.959999999999,1.419886809739181e-07,7.107666953136485e-08,1.0772295511887825e-08,1.5582973301010664e-08,4.4721400718466365e-08,7.08216579541952e-08,0.0,3.67576472242526e-13,3.4672132439863486e-16,3.472103953577279e-15
5,lbfgs,1929,2736.3999999999996,4080.959999999999,1.3920326725093933e-07,7.012829062669528e-08,1.0650235140221745e-08,1.77464559895893e-08,4.173159949688424e-08,6.898462313550392e-08,0.0,3.634233044603546e-13,3.966801011733643e-16,3.2347864399553348e-15
5,lbfgs,1939,2736.3999999999996,4080.959999999999,1.419388541924736e-07,7.10269653042218e-08,1.0752638396128496e-08,1.5582612123084435e-08,4.469171478500888e-08,7.082153539975116e-08,0.0,3.6690718181550547e-13,3.4671403922251484e-16,3.469761791816928e-15
5,lbfgs,1949,2736.3999999999996,4080.959999999999,1.3917093926946613e-07,7.008780586316824e-08,1.0631127170047908e-08,1.7737331688849103e-08,4.1719347004271236e-08,6.899277991741624e-08,0.0,3.627726636746749e-13,3.9647214134621985e-16,3.2338215849230907e-15
5,lbfgs,1959,2736.3999999999996,4080.959999999999,1.4189003704025904e-07,7.097809725081588e-08,1.0733023749284563e-08,1.558226328373259e-08,4.4662810217798727e-08,7.082158630080001e-08,0.0,3.6623930865548193e-13,3.467069965633346e-16,3.4674816410707676e-15
5,lbfgs,1969,2736.3999999999996,4080.959999999999,1.3913883147713878e-07,7.00477265874153e-08,1.0612047086196822e-08,1.7728474619295358e-08,4.1707204881923124e-08,6.900075140070032e-08,0.0,3.62122945957668e-13,3.962702976133441e-16,3.2328656423061327e-15
5,lbfgs,1979,2736.3999999999996,4080.959999999999,1.418421620928571e-07,7.093001946125272e-08,1.0713458441515606e-08,1.5581919319869394e-08,4.463464169986772e-08,7.082178914281882e-08,0.0,3.655730877747993e-13,3.46700031986056e-16,3.4652599005642697e-15
5,lbfgs,1989,2736.3999999999996,4080.959999999999,1.3910693341221544e-07,7.000803880706672e-08,1.0593002629136612e-08,1.7719865493743243e-08,4.1695170684186865e-08,6.900854111598408e-08,0.0,3.614744158216426e-13,3.96074130886643e-16,3.2319184065116134e-15
5,lbfgs,1999,2736.3999999999996,4080.959999999999,1.4179516759072518e-07,7.088268966419985e-08,1.0693948840180394e-08,1.558157390975913e-08,4.460716691426033e-08,7.082212443759741e-08,0.0,3.649087369902615e-13,3.466930063952044e-16,3.4630932084988394e-15
5,lbfgs,2009,2736.3999999999996,4080.959999999999,1.3907523538649936e-07,6.99687293175608e-08,1.0574000966235135e-08,1.7711486761712207e-08,4.168324158961346e-08,6.90161525796325e-08,0.0,3.608273181995194e-13,3.9588324143377476e-16,3.230979643542088e-15
5,lbfgs,2019,2736.3999999999996,4080.959999999999,1.4174899688233404e-07,7.083606887016888e-08,1.0674500844401691e-08,1.5581221710024945e-08,4.4580346315742235e-08,7.0822574523095e-08,0.0,3.642464581070247e-13,3.4668580240357426e-16,3.4609784237902727e-15
5,lbfgs,2029,2736.3999999999996,4080.959999999999,1.3904372841829815e-07,6.992978564471491e-08,1.0555048732725642e-08,1.770332242643064e-08,4.167141448555863e-08,6.902358928413579e-08,0.0,3.601818798458152e-13,3.9569726474706896e-16,3.230049097515597e-15
5,lbfgs,2039,2736.3999999999996,4080.959999999999,1.4170359797639465e-07,7.079012108089145e-08,1.0655119917417823e-08,1.5580858216604668e-08,4.455414294686896e-08,7.082312340629086e-08,0.0,3.635864380264357e-13,3.466783212325237e-16,3.4589126113488906e-15
5,lbfgs,2049,2736.3999999999996,4080.959999999999,1.3901240417090116e-07,6.989119599116412e-08,1.0536152069188031e-08,1.7695357880971075e-08,4.1659686041005014e-08,6.903085469014825e-08,0.0,3.595383106183949e-13,3.9551586784199144e-16,3.2291264962779317e-15
5,lbfgs,2059,2736.3999999999996,4080.959999999999,1.4165892311214676e-07,7.074481301435007e-08,1.0635811115761383e-08,1.5580479645038884e-08,4.4528522253549805e-08,7.082375660844224e-08,0.0,3.629288497452482e-13,3.466704800461002e-16,3.4568930273380026e-15
5,lbfgs,2069,2736.3999999999996,4080.959999999999,1.3898125489866544e-07,6.985294918979754e-08,1.051731665566039e-08,1.7687579768798646e-08,4.164805276533851e-08,6.903795221913784e-08,0.0,3.5889680464495754e-13,3.9533874610793765e-16,3.2282115559231343e-15
5,lbfgs,2079,2736.3999999999996,4080.959999999999,1.4161492839112735e-07,7.070011386831172e-08,1.0616579116302011e-08,1.558008282805687e-08,4.450345192395283e-08,7.082446103331914e-08,0.0,3.622738532815492e-13,3.466622096702023e-16,3.454917106300657e-15
5,lbfgs,2089,2736.3999999999996,4080.959999999999,1.3895027339630924e-07,6.981503465876387e-08,1.0498547743053644e-08,1.7679975855312587e-08,4.1636511060397635e-08,6.904488524767406e-08,0.0,3.5825754139720413e-13,3.951656204042262e-16,3.227303984800137e-15
5,lbfgs,2099,2736.3999999999996,4080.959999999999,1.4157157339841675e-07,7.065599508245894e-08,1.0597428240378059e-08,1.5579665127079417e-08,4.4478901715001464e-08,7.08252248263194e-08,0.0,3.6162159650109355e-13,3.466534526257164e-16,3.4529824473149576e-15
5,lbfgs,2109,2736.3999999999996,4080.959999999999,1.3891945295393165e-07,6.977744236150405e-08,1.0479850181985592e-08,1.7672534916665014e-08,4.162505726285344e-08,6.905165710241514e-08,0.0,3.576206866767026e-13,3.9499623454661126e-16,3.2264034867691416e-15
5,lbfgs,2119,2736.3999999999996,4080.959999999999,1.4152882094941494e-07,7.061243017240907e-08,1.0578362477421192e-08,1.557922435722258e-08,4.4454843337765296e-08,7.08260372872256e-08,0.0,3.6097221592588356e-13,3.4664416145683434e-16,3.4510868048349636e-15
5,lbfgs,2129,2736.3999999999996,4080.959999999999,1.388887873156218e-07,6.974016276945036e-08,1.0461228449245071e-08,1.766524664021683e-08,4.161368767998847e-08,6.905827105601787e-08,0.0,3.5698639351966333e-13,3.9483035305565245e-16,3.225509763949013e-15
5,lbfgs,2139,2736.3999999999996,4080.959999999999,1.4148663675194898e-07,7.056939452094273e-08,1.0559385505020046e-08,1.5578758721755625e-08,4.443125029416706e-08,7.08268887410842e-08,0.0,3.6032583742113937e-13,3.466342972779976e-16,3.4492280756778128e-15
5,lbfgs,2149,2736.3999999999996,4080.959999999999,1.3885827064251542e-07,6.970318682858027e-08,1.0442686672242885e-08,1.7658101537601545e-08,4.1602398618735835e-08,6.906473032364053e-08,0.0,3.5635480303280565e-13,3.946677591900075e-16,3.2246225189423626e-15
6,adam,0,4080.959999999999,5963.343999999998,1.8443892526561957e-07,1.382599813569178e-07,2.533182276245106e-08,5.352437259132374e-08,5.9403786003142994e-08,4.6086660452305924e-08,0.0,8.494964293471459e-13,1.2419337071281175e-15,4.7787778578141196e-15
6,adam,24,4080.959999999999,5963.343999999998,1.1702822774494246e-05,6.14174861176404e-06,3.59466413980701e-08,5.040116551356178e-06,1.0656854190097923e-06,5.560982678059656e-06,0.0,1.2081204722462093e-12,1.164942061257214e-13,8.617318446858818e-14
6,adam,49,4080.959999999999,5963.343999999998,4.538331721069516e-06,3.031306601197781e-06,7.303295402482885e-08,2.131234867280148e-06,8.270387798928042e-07,1.5069338508638818e-06,0.0,2.463216093287657e-12,4.963713675243147e-14,6.642107090036457e-14
6,adam,74,4080.959999999999,5963.343999999998,9.148868477479519e-07,8.159085689366832e-07,6.0402145329733e-08,5.438554594371823e-07,2.1165096416976787e-07,9.88870483927438e-08,0.0,2.036739083644211e-12,1.2642304101731864e-14,1.7032021741179508e-14
6,adam,99,4080.959999999999,5963.343999999998,3.851657147216235e-07,3.574425862956658e-07,5.196766902806594e-08,2.4156373883687295e-07,6.39111784307269e-08,2.7631907123739942e-08,0.0,1.7512183266430898e-12,5.607674470093458e-15,5.145629843447246e-15
6,adam,124,4080.959999999999,5963.343999999998,3.263169204843065e-07,2.9897019612945803e-07,4.9567221606230054e-08,1.971536474745119e-07,5.224932704871611e-08,2.7255506686645853e-08,0.0,1.670121799881038e-12,4.5774007798030795e-15,4.209138415953152e-15
6,adam,149,4080.959999999999,5963.343999999998,2.759318560494083e-07,2.502497158729874e-07,4.745198095798069e-08,1.5670775848323746e-07,4.6089976431769265e-08,2.5590924383682532e-08,0.0,1.598643296321667e-12,3.6394460353798085e-15,3.714766903151847e-15
6,adam,174,4080.959999999999,5963.343999999998,2.335253742720956e-07,2.0865222384370593e-07,4.5274550755196095e-08,1.2272021935161868e-07,4.065745373689116e-08,2.478193530274234e-08,0.0,1.525061710284653e-12,2.8510270327828262e-15,3.2785817382376352e-15
6,adam,199,4080.959999999999,5963.343999999998,1.9843151801229075e-07,1.7386348400650355e-07,4.298646730866196e-08,9.531851849308577e-08,3.555849820475582e-08,2.4476818541952792e-08,0.0,1.4477402525632974e-12,2.2151351217608208e-15,2.868738637114631e-15
6,adam,224,4080.959999999999,5963.343999999998,1.7072795283780852e-07,1.4649859182564663e-07,3.998620209741609e-08,7.478378637411416e-08,3.172860335411639e-08,2.413814430606222e-08,0.0,1.3465321409832916e-12,1.7385525999645884e-15,2.5608722740270984e-15
6,adam,249,4080.959999999999,5963.343999999998,1.4783108888572882e-07,1.2409592292617328e-07,3.7986690359075585e-08,5.708322344700244e-08,2.902600912009527e-08,2.3643947418906566e-08,0.0,1.2789776798043861e-12,1.3275128881640988e-15,2.34355907871595e-15
6,adam,274,4080.959999999999,5963.343999999998,1.2989643814517874e-07,1.0675621075559325e-07,3.604693011825886e-08,4.372067878200075e-08,2.698860185533364e-08,2.304900668203128e-08,0.0,1.213465051163774e-12,1.0171169983985832e-15,2.1796375692442232e-15
6,adam,299,4080.959999999999,5963.343999999998,1.1593327664669302e-07,9.345761290265912e-08,3.406610021441499e-08,3.3755379039618635e-08,2.5636133648625493e-08,2.2384440741346822e-08,0.0,1.146582313217439e-12,7.855692703791842e-16,2.070812629257857e-15
6,adam,324,4080.959999999999,5963.343999999998,1.050400059307191e-07,8.32839500111911e-08,3.211180625530909e-08,2.6446751295264332e-08,2.472539246061768e-08,2.1664830656608437e-08,0.0,1.0806161250874902e-12,6.157063968988649e-16,1.9975305661688972e-15
6,adam,349,4080.959999999999,5963.343999999998,9.644880586979874e-08,7.544779631698804e-08,3.02021572356615e-08,2.1156733753077184e-08,2.408890532824935e-08,2.0909782180143778e-08,0.0,1.0161769717731045e-12,4.927318137689847e-16,1.946331809928921e-15
6,adam,374,4080.959999999999,5963.343999999998,8.954107590220178e-08,6.930745980581596e-08,2.8356648943656967e-08,1.7351524382582262e-08,2.3599286479576727e-08,2.0142386835397193e-08,0.0,9.539208598615375e-13,4.0425811353697455e-16,1.9069702559873275e-15
6,adam,399,4080.959999999999,5963.343999999998,8.384333022381752e-08,6.436987278568251e-08,2.6591288978308088e-08,1.4612368623806376e-08,2.3166215183568043e-08,1.9382226542871774e-08,0.0,8.943853152651018e-13,3.405626087787158e-16,1.8721742119952776e-15
6,adam,424,4080.959999999999,5963.343999999998,8.08787370622095e-08,6.224856541099737e-08,2.533214625520336e-08,1.2756820521027593e-08,2.4159598634766415e-08,1.8538939477161365e-08,0.0,8.517044732988968e-13,2.973907068505797e-16,1.9523972935571573e-15
6,adam,449,4080.959999999999,5963.343999999998,7.676957278698013e-08,5.8867182798942485e-08,2.3559879224525646e-08,1.140224842554842e-08,2.390505514886842e-08,1.781115680162185e-08,0.0,7.919754385497869e-13,2.659052245000013e-16,1.932122544968908e-15
6,adam,474,4080.959999999999,5963.343999999998,7.305660941372561e-08,5.5818670929356753e-08,2.2024942843011326e-08,1.0372860067719794e-08,2.3420868018625632e-08,1.714670447831205e-08,0.0,7.402687277070331e-13,2.419760213121184e-16,1.89327247755123e-15
6,adam,499,4080.959999999999,5963.343999999998,6.964464111725762e-08,5.301461373550437e-08,2.056463023252457e-08,9.584649721853335e-09,2.286533378112647e-08,1.6538792714175806e-08,0.0,6.910822202760124e-13,2.2365626289519777e-16,1.848667536390628e-15
6,adam,524,4080.959999999999,5963.343999999998,6.647429819574717e-08,5.039835798833632e-08,1.9227413577497306e-08,8.93287893619195e-09,2.2238065474647063e-08,1.598470499856318e-08,0.0,6.460523441785758e-13,2.085044359366169e-16,1.7982500617576152e-15
6,adam,549,4080.959999999999,5963.343999999998,6.350657718610627e-08,4.7938015099897984e-08,1.7985791141855237e-08,8.382333452259698e-09,2.156989050578305e-08,1.547732642586053e-08,0.0,6.042498465461156e-13,1.9570239226672554e-16,1.7445080719687519e-15
6,adam,574,4080.959999999999,5963.343999999998,6.071456210370055e-08,4.561197621973057e-08,1.6827247482281864e-08,7.907431034557422e-09,2.087729770289128e-08,1.501134983553832e-08,0.0,5.652515189679963e-13,1.8465558665643335e-16,1.6887696064629843e-15
6,adam,599,4080.959999999999,5963.343999999998,5.807878688426853e-08,4.340553935718803e-08,1.57436904739784e-08,7.489287037453553e-09,2.017256184575608e-08,1.4582011131553492e-08,0.0,5.287837837955224e-13,1.7492496634380802e-16,1.63202313649933e-15
6,adam,624,4080.959999999999,5963.343999999998,5.4283991643870605e-08,3.9976641093511725e-08,1.4226241452790844e-08,7.040890165363848e-09,1.8709509475357033e-08,1.4216113811740282e-08,0.0,4.778128958993414e-13,1.6444564748530028e-16,1.5136070984906492e-15
6,adam,649,4080.959999999999,5963.343999999998,5.1986784867101565e-08,3.807068132020619e-08,1.3275569776417482e-08,6.70214857029924e-09,1.809296297348947e-08,1.3824866474282968e-08,0.0,4.458234344752889e-13,1.5654541479875484e-16,1.4639326442303692e-15
6,adam,674,4080.959999999999,5963.343999999998,4.9821199510788496e-08,3.626123081174327e-08,1.2432572176859333e-08,6.381894255406337e-09,1.7446764379477598e-08,1.346873128679708e-08,0.0,4.17462658275999e-13,1.4907554757635876e-16,1.411800594105531e-15
6,adam,699,4080.959999999999,5963.343999999998,4.777382742588294e-08,3.455049168779988e-08,1.1642012779319045e-08,6.097422510231989e-09,1.6811056398248848e-08,1.3132097974980167e-08,0.0,3.90870654397969e-13,1.4243837888428427e-16,1.3604899462261608e-15
6,adam,724,4080.959999999999,5963.343999999998,4.583534265424701e-08,3.292623073394627e-08,1.089508385430306e-08,5.8368998789299636e-09,1.6194247000713247e-08,1.2817873790415563e-08,0.0,3.6574992059912605e-13,1.363572168293203e-16,1.3106896504568316e-15
6,adam,749,4080.959999999999,5963.343999999998,4.399812164187893e-08,3.138454796593678e-08,1.0192519581234734e-08,5.596626977495352e-09,1.5595401407206696e-08,1.2522335156673501e-08,0.0,3.4212504300514985e-13,1.3074591864945494e-16,1.2623225728321401e-15
6,adam,774,4080.959999999999,5963.343999999998,4.2255634619490014e-08,2.9921016881066465e-08,9.530750603593002e-09,5.374938310682955e-09,1.5015327966790513e-08,1.2243378802060164e-08,0.0,3.1987553460954487e-13,1.2556626897605203e-16,1.2154557599358678e-15
6,adam,799,4080.959999999999,5963.343999999998,4.0602180942307875e-08,2.8532132624232845e-08,8.907242372533335e-09,5.169218640738825e-09,1.4455671610960686e-08,1.1978808932589261e-08,0.0,2.9891579779413276e-13,1.2075764802281884e-16,1.17022441710118e-15
6,adam,824,4080.959999999999,5963.343999999998,3.923284413260026e-08,2.7395606399725452e-08,8.738905026945327e-09,4.945245705225885e-09,1.371145566755424e-08,1.1745997792430385e-08,0.0,2.932412940890044e-13,1.155691505935903e-16,1.1105106753572799e-15
6,adam,849,4080.959999999999,5963.343999999998,3.7650761349555844e-08,2.6044631340996056e-08,8.182338415133248e-09,4.704704298782849e-09,1.315758862707996e-08,1.1514889462422292e-08,0.0,2.745382548902875e-13,1.0994346840736694e-16,1.0656855069084018e-15
6,adam,874,4080.959999999999,5963.343999999998,3.6153061903785534e-08,2.4770140445722446e-08,7.624883169654751e-09,4.504972240059833e-09,1.2640285036007861e-08,1.1291680306470918e-08,0.0,2.558077615727968e-13,1.0527049152505784e-16,1.0238296460276258e-15
6,adam,899,4080.959999999999,5963.343999999998,3.473526954913419e-08,2.3570940941760328e-08,7.0938996693781244e-09,4.332802723961959e-09,1.2144238548420246e-08,1.107308683016636e-08,0.0,2.379696374999619e-13,1.0124072471213138e-16,9.836883335052649e-16
6,adam,924,4080.959999999999,5963.343999999998,3.3393279420380876e-08,2.2441814071714733e-08,6.5952983447345e-09,4.175235857922384e-09,1.1671279869057849e-08,1.0860222911666884e-08,0.0,2.212222105872234e-13,9.755143637369343e-17,9.454107549431809e-16
6,adam,949,4080.959999999999,5963.343999999998,3.212327907511865e-08,2.13790803274643e-08,6.128929631824041e-09,4.03017579695609e-09,1.1219974898684168e-08,1.0652955609153801e-08,0.0,2.0556007337795511e-13,9.415430605138419e-17,9.088812413956336e-16
6,adam,974,4080.959999999999,5963.343999999998,3.092163502701313e-08,2.037935404730029e-08,5.6941181438083215e-09,3.895267419737043e-09,1.0789968483754925e-08,1.04510370936357e-08,0.0,1.9096015561861816e-13,9.099450945568186e-17,8.740721006822522e-16
6,adam,999,4080.959999999999,5963.343999999998,2.978484525297452e-08,1.9439428213779132e-08,5.289180162323328e-09,3.7691158005049915e-09,1.0381132250950813e-08,1.0254172356821186e-08,0.0,1.7736552982241586e-13,8.803965075489838e-17,8.4097466299338e-16
6,adam,1024,4080.959999999999,5963.343999999998,2.887231304022125e-08,1.8737192310558846e-08,4.968774986431877e-09,3.594778483222125e-09,1.0173638840904842e-08,1.0043875208029249e-08,0.0,1.666044461031566e-13,8.398071491806706e-17,8.242831564916727e-16
6,adam,1049,4080.959999999999,5963.343999999998,2.7834515653453915e-08,1.7878356441023084e-08,4.613733250001411e-09,3.484438338655014e-09,9.780184852366659e-09,9.864912790994635e-09,0.0,1.5468957533061587e-13,8.139569290609142e-17,7.92421103389638e-16
6,adam,1074,4080.959999999999,5963.343999999998,2.6851938501853007e-08,1.7076530127303914e-08,4.276257469748947e-09,3.3823276045365855e-09,9.417945053018382e-09,9.68416099539732e-09,0.0,1.4336560015111064e-13,7.900471712463501e-17,7.631055121214891e-16
6,adam,1099,4080.959999999999,5963.343999999998,2.5921506593173543e-08,1.6323134010602116e-08,3.972984229317541e-09,3.2824916267503448e-09,9.067658154534228e-09,9.507124187139914e-09,0.0,1.331909160554878e-13,7.666698709462807e-17,7.347514455300971e-16
6,adam,1124,4080.959999999999,5963.343999999998,2.5040197353021132e-08,1.5615633353555934e-08,3.693119884637353e-09,3.1874401739824185e-09,8.735073294936163e-09,9.333314530990758e-09,0.0,1.2380286247138108e-13,7.44417908310516e-17,7.078322674635602e-16
6,adam,1149,4080.959999999999,5963.343999999998,2.42050819220394e-08,1.495142651807435e-08,3.435326803901228e-09,3.0967444940154554e-09,8.419355220157667e-09,9.162404806547758e-09,0.0,1.151563233383833e-13,7.231908066291013e-17,6.822802182765948e-16
6,adam,1174,4080.959999999999,5963.343999999998,2.3413326105750635e-08,1.4327500449624225e-08,3.1980453784128086e-09,3.010061754651759e-09,8.119393316559657e-09,8.994573874906303e-09,0.0,1.0719875220411608e-13,7.029085455425866e-17,6.580059259970026e-16
6,adam,1199,4080.959999999999,5963.343999999998,2.266218599455327e-08,1.3741135714104012e-08,2.979886993161392e-09,2.9270919656863606e-09,7.83415675525626e-09,8.829797261533658e-09,0.0,9.988337192187407e-14,6.835008530400868e-17,6.349260761999352e-16
6,adam,1224,4080.959999999999,5963.343999999998,2.1212633391849682e-08,1.243169311098757e-08,2.6769153017930844e-09,2.695465430850724e-09,7.059312378343763e-09,8.68968598967773e-09,0.0,8.972958245483094e-14,6.294373036024094e-17,5.722717231554449e-16
6,adam,1249,4080.959999999999,5963.343999999998,2.058706506970681e-08,1.1965145138099353e-08,2.5043945784675346e-09,2.624734765877747e-09,6.836015793754071e-09,8.53066433814271e-09,0.0,8.394510221357456e-14,6.128893989559412e-17,5.541989877257844e-16
6,adam,1274,4080.959999999999,5963.343999999998,1.999170207051433e-08,1.1522354947813269e-08,2.3406529195289247e-09,2.559078193087458e-09,6.622623835196886e-09,8.378090187002618e-09,0.0,7.845535430515378e-14,5.975395107566165e-17,5.369313966006847e-16
6,adam,1299,4080.959999999999,5963.343999999998,1.9423626089277655e-08,1.1102610650529003e-08,2.1889459387865493e-09,2.496193282837359e-09,6.417471428905095e-09,8.229757118003474e-09,0.0,7.336955230402414e-14,5.828430997873716e-17,5.203346064828871e-16
6,adam,1324,4080.959999999999,5963.343999999998,1.8880769103866215e-08,1.0705063720076234e-08,2.049564964739712e-09,2.4352135214659294e-09,6.220285233870592e-09,8.084445633979707e-09,0.0,6.869742812093901e-14,5.685958779055424e-17,5.043850842589158e-16
6,adam,1349,4080.959999999999,5963.343999999998,1.8361196737865082e-08,1.0327572816112083e-08,1.921406379033361e-09,2.376296868802382e-09,6.02986956827634e-09,7.942362699159646e-09,0.0,6.440187539849636e-14,5.548348004707225e-17,4.889850065000475e-16
6,adam,1374,4080.959999999999,5963.343999999998,1.7863072474185874e-08,9.968498849295516e-09,1.8034487474652103e-09,2.3191608854543544e-09,5.845889216375952e-09,7.803310886523683e-09,0.0,6.044857716746446e-14,5.414932450499205e-17,4.741066009431178e-16
6,adam,1399,4080.959999999999,5963.343999999998,1.7384659779129923e-08,9.62626753036196e-09,1.6948256316257608e-09,2.2635832520305786e-09,5.66785864670562e-09,7.667127952602969e-09,0.0,5.680842009424557e-14,5.285184399744198e-17,4.597098833270044e-16
6,lbfgs,1400,4080.959999999999,5963.343999999998,1.8066854686128003e-08,1.0313852167952394e-08,1.7523944679085857e-09,2.476394593753393e-09,6.085063106290415e-09,7.66173815884008e-09,0.0,5.873677929141497e-14,5.779915782669543e-17,4.932980889150689e-16
6,lbfgs,1409,4080.959999999999,5963.343999999998,1.8273593865818713e-08,1.0452090662746413e-08,1.7582022732314726e-09,2.6826785838896894e-09,6.011209805625251e-09,7.73023884373773e-09,0.0,5.893219013337981e-14,6.26675748740351e-17,4.874237254989979e-16
6,lbfgs,1419,4080.959999999999,5963.343999999998,1.815789901854002e-08,1.0375687927446592e-08,1.7533338510025476e-09,2.461052937310816e-09,6.161301139133229e-09,7.690946731587058e-09,0.0,5.876843335647987e-14,5.747718706447491e-17,4.994864929784294e-16
6,lbfgs,1429,4080.959999999999,5963.343999999998,1.8260071360414043e-08,1.0442717717110417e-08,1.7592613258869368e-09,2.674417103609362e-09,6.009039287614119e-09,7.726089283924388e-09,0.0,5.896784147578508e-14,6.247218247874834e-17,4.872466008158187e-16
6,lbfgs,1439,4080.959999999999,5963.343999999998,1.8150170104198316e-08,1.0370380185262757e-08,1.754444030034053e-09,2.4595684167976815e-09,6.156367738431022e-09,7.688525559387006e-09,0.0,5.880580633295807e-14,5.744196205834818e-17,4.990866844185185e-16
6,lbfgs,1449,4080.959999999999,5963.343999999998,1.8251302365579155e-08,1.043662038347893e-08,1.7603594540651598e-09,2.6697359862988974e-09,6.0065249431148716e-09,7.723417622677264e-09,0.0,5.900480529056587e-14,6.236168890580979e-17,4.870434024249834e-16
6,lbfgs,1459,4080.959999999999,5963.343999999998,1.8143692657372074e-08,1.0365880281949506e-08,1.755546061118107e-09,2.458318723538295e-09,6.152015497293104e-09,7.686548015831477e-09,0.0,5.884290328750522e-14,5.741260197692348e-17,4.987341241194999e-16
6,lbfgs,1469,4080.959999999999,5963.343999999998,1.8243860027908283e-08,1.043145240160176e-08,1.761469668832723e-09,2.666067171344902e-09,6.003915561424137e-09,7.721143266840109e-09,0.0,5.904217388891058e-14,6.227520021981068e-17,4.868329578135319e-16
6,lbfgs,1479,4080.959999999999,5963.343999999998,1.8137597511390405e-08,1.0361618724937005e-08,1.7566474016458257e-09,2.457139958005734e-09,6.147831365285446e-09,7.684714426819683e-09,0.0,5.887997524777218e-14,5.738500559961276e-17,4.983952073294536e-16
6,lbfgs,1489,4080.959999999999,5963.343999999998,1.823683691475652e-08,1.0426583627216796e-08,1.7625841716198474e-09,2.6627187534724547e-09,6.001280702124494e-09,7.718988928029957e-09,0.0,5.907968506061906e-14,6.219630991088368e-17,4.866205510596136e-16
6,lbfgs,1499,4080.959999999999,5963.343999999998,1.8131653508383383e-08,1.0357448842551652e-08,1.7577496739123664e-09,2.455990104051462e-09,6.1437090645878225e-09,7.682940306155381e-09,0.0,5.891707689045665e-14,5.735811877395151e-17,4.980612954524583e-16
6,lbfgs,1509,4080.959999999999,5963.343999999998,1.8229990836100937e-08,1.0421841499072914e-08,1.7637005553991824e-09,2.6595004151496867e-09,5.998640528524045e-09,7.71688497747494e-09,0.0,5.911725792119353e-14,6.21205043459254e-17,4.864077254012994e-16
6,lbfgs,1519,4080.959999999999,5963.343999999998,1.81257979688862e-08,1.0353333390144663e-08,1.7588530426770822e-09,2.4548574359104717e-09,6.139622911557108e-09,7.681200219022562e-09,0.0,5.895421383116911e-14,5.733164753425493e-17,4.977303057812419e-16
6,lbfgs,1529,4080.959999999999,5963.343999999998,1.8223255421450424e-08,1.0417176783959196e-08,1.7648179469137894e-09,2.656356822002856e-09,5.996002015042551e-09,7.714814277894872e-09,0.0,5.915486315831025e-14,6.204647068798598e-17,4.861950246503943e-16
6,lbfgs,1539,4080.959999999999,5963.343999999998,1.8120012844619383e-08,1.034926294017567e-08,1.759957343608714e-09,2.453737789198671e-09,6.135567807368284e-09,7.679485544682131e-09,0.0,5.899138059905501e-14,5.730548845041991e-17,4.974018284293263e-16
6,lbfgs,1549,4080.959999999999,5963.343999999998,1.821661100683402e-08,1.0412574206950958e-08,1.765935930072371e-09,2.6532698778519e-09,5.9933683990266874e-09,7.712772440243465e-09,0.0,5.919248682601116e-14,6.197377932581205e-17,4.859827076809628e-16
6,lbfgs,1559,4080.959999999999,5963.343999999998,1.81142920140114e-08,1.0345234902754394e-08,1.7610623579547665e-09,2.4526290146327292e-09,6.131543530166899e-09,7.677792751452839e-09,0.0,5.90285698835997e-14,5.727958895053053e-17,4.970758487611611e-16
6,lbfgs,1569,4080.959999999999,5963.343999999998,1.8210050488940126e-08,1.0408028200050298e-08,1.7670542377155286e-09,2.6502323401861706e-09,5.990741622148598e-09,7.710757929207027e-09,0.0,5.923011998129575e-14,6.190225819424853e-17,4.857709325918902e-16
6,lbfgs,1579,4080.959999999999,5963.343999999998,1.810863261238281e-08,1.034124825647294e-08,1.762167872379012e-09,2.4515296619862876e-09,6.12755072210764e-09,7.67611999606314e-09,0.0,5.906577455113123e-14,5.725391393033064e-17,4.967524213492899e-16
6,lbfgs,1589,4080.959999999999,5963.343999999998,1.8203570242232802e-08,1.0403536142921566e-08,1.7681726590352011e-09,2.647240483957232e-09,5.988122999929133e-09,7.708769739585267e-09,0.0,5.9267755572501e-14,6.183181875049245e-17,4.855598074000145e-16
6,lbfgs,1599,4080.959999999999,5963.343999999998,1.8103032712898014e-08,1.0337302285562486e-08,1.763273688310475e-09,2.4504386581906788e-09,6.123589939061332e-09,7.67446606744626e-09,0.0,5.910298796117979e-14,5.722843752289696e-17,4.964315929938967e-16
6,lbfgs,1609,4080.959999999999,5963.343999999998,1.8197167672745623e-08,1.0399096391689312e-08,1.7692910096989763e-09,2.6442919312826894e-09,5.985513450707646e-09,7.706806921287209e-09,0.0,5.930538743570237e-14,6.176240446477273e-17,4.853494077417394e-16
6,lbfgs,1619,4080.959999999999,5963.343999999998,1.809749069684443e-08,1.0333396309538136e-08,1.7643796211343662e-09,2.4493552018920508e-09,6.11966148651172e-09,7.672830027374512e-09,0.0,5.914020394024403e-14,5.720314042606105e-17,4.961133896041712e-16
6,lbfgs,1629,4080.959999999999,5963.343999999998,1.819084054864353e-08,1.0394707667265197e-08,1.7704091213013339e-09,2.6413849363390226e-09,5.982913609624841e-09,7.704868521566132e-09,0.0,5.934300994059615e-14,6.169397383559598e-17,4.851397859743562e-16
6,lbfgs,1639,4080.959999999999,5963.343999999998,1.8092005076272947e-08,1.0329529641917365e-08,1.7654854982823136e-09,2.4482787016463026e-09,6.11576544198875e-09,7.671211074381312e-09,0.0,5.917741671808267e-14,5.717800838060324e-17,4.957978181835269e-16
6,lbfgs,1649,4080.959999999999,5963.343999999998,1.818458680412608e-08,1.0390368844970035e-08,1.771526837148236e-09,2.6385181024301085e-09,5.98032390539169e-09,7.70295359930078e-09,0.0,5.938061784910023e-14,6.162649366517094e-17,4.849309774349961e-16
6,lbfgs,1659,4080.959999999999,5963.343999999998,1.8086574440160226e-08,1.0325701593453974e-08,1.7665911577828027e-09,2.4472087259915454e-09,6.111901709679627e-09,7.669608486689527e-09,0.0,5.921462087925996e-14,5.715303096357873e-17,4.954848713831925e-16
6,lbfgs,1669,4080.959999999999,5963.343999999998,1.817840448061063e-08,1.0386078877809975e-08,1.7726440103575193e-09,2.6356902503683656e-09,5.977744617084089e-09,7.70106124290237e-09,0.0,5.941820625169161e-14,6.155993592973084e-17,4.847230051132068e-16
6,lbfgs,1679,4080.959999999999,5963.343999999998,1.8081197437012582e-08,1.0321911480370186e-08,1.7676964472594775e-09,2.4461449621739375e-09,6.108070070936771e-09,7.66802159658324e-09,0.0,5.925181132964145e-14,5.712820059815125e-17,4.951745316881049e-16
6,lbfgs,1689,4080.959999999999,5963.343999999998,1.817229170332781e-08,1.0381836764082538e-08,1.7737605028143832e-09,2.632900344161779e-09,5.975175917106377e-09,7.699190579304012e-09,0.0,5.945577053242508e-14,6.149427601256503e-17,4.845158831949909e-16
6,lbfgs,1699,4080.959999999999,5963.343999999998,1.807587276699696e-08,1.0318158629202243e-08,1.7688012232166634e-09,2.4450871830565438e-09,6.104270222929037e-09,7.666449777693159e-09,0.0,5.92889832724931e-14,5.710351176159579e-17,4.948667746149295e-16
6,lbfgs,1709,4080.959999999999,5963.343999999998,1.816624667171189e-08,1.0377641534164355e-08,1.774876184490623e-09,2.6301474468448623e-09,5.972617902828868e-09,7.697340777563329e-09,0.0,5.949330634614556e-14,6.142949165381708e-17,4.843096196761435e-16
6,lbfgs,1719,4080.959999999999,5963.343999999998,1.807059917690725e-08,1.0314442378684215e-08,1.7699053504735225e-09,2.4440352216548455e-09,6.1005018065558476e-09,7.664892438079107e-09,0.0,5.932613218954915e-14,5.707896037623182e-17,4.945615710204437e-16
6,lbfgs,1729,4080.959999999999,5963.343999999998,1.816026765369536e-08,1.0373492244646654e-08,1.7759909329130365e-09,2.6274306921059835e-09,5.970070619627634e-09,7.695511049021595e-09,0.0,5.953080960069583e-14,6.136556227594517e-17,4.8410421826602195e-16
6,lbfgs,1739,4080.959999999999,5963.343999999998,1.806537545812202e-08,1.031076208124067e-08,1.7710087016457206e-09,2.442988952609139e-09,6.096764426985809e-09,7.663349016695083e-09,0.0,5.93632538236615e-14,5.705454336664776e-17,4.942588887986146e-16
6,lbfgs,1749,4080.959999999999,5963.343999999998,1.8154352980131696e-08,1.0369387974731012e-08,1.7771046326790938e-09,2.624749264637025e-09,5.967534077414893e-09,7.69370064533071e-09,0.0,5.956827644070132e-14,6.130246851659746e-17,4.838996797528724e-16
6,lbfgs,1759,4080.959999999999,5963.343999999998,1.8060200443520055e-08,1.0307117102647281e-08,1.7721111566794207e-09,2.4419482785693093e-09,6.093057667398551e-09,7.661818980644198e-09,0.0,5.940034416319916e-14,5.703025833392213e-17,4.939586940169333e-16
6,lbfgs,1769,4080.959999999999,5963.343999999998,1.8148501043106816e-08,1.0365327826071743e-08,1.7782171750357154e-09,2.622102388937252e-09,5.965008262098776e-09,7.691908856922278e-09,0.0,5.960570323346982e-14,6.124019196225624e-17,4.836960029518484e-16
6,lbfgs,1779,4080.959999999999,5963.343999999998,1.8055073005928088e-08,1.0303506822117396e-08,1.7732126023947445e-09,2.4409131207715364e-09,6.089381098951116e-09,7.660301823539842e-09,0.0,5.943739942675938e-14,5.700610333021065e-17,4.936609517400647e-16
6,lbfgs,1789,4080.959999999999,5963.343999999998,1.8142710291201003e-08,1.0361310920942717e-08,1.7793284574455871e-09,2.619489319751055e-09,5.9624931437460744e-09,7.69013501010271e-09,0.0,5.964308655446632e-14,6.117871492085346e-17,4.834931853786752e-16
6,lbfgs,1799,4080.959999999999,5963.343999999998,1.8049992055973532e-08,1.0299930631773533e-08,1.7743129320556733e-09,2.439883412396411e-09,6.085734287321449e-09,7.6587970638869e-09,0.0,5.947441604876263e-14,5.69820766995708e-17,4.933656265711914e-16
6,lbfgs,1809,4080.959999999999,5963.343999999998,1.813697922748915e-08,1.0357336402240177e-08,1.7804383831959092e-09,2.616909336982396e-09,5.959988682061872e-09,7.688378465050655e-09,0.0,5.96804231742102e-14,6.111802030064468e-17,4.832912237028462e-16
6,lbfgs,1819,4080.959999999999,5963.343999999998,1.8044956540322148e-08,1.0296387936192971e-08,1.775412044957841e-09,2.438859094073619e-09,6.08211679716151e-09,7.657304243773868e-09,0.0,5.95113906656456e-14,5.695817697007712e-17,4.930726830205988e-16
6,lbfgs,1829,4080.959999999999,5963.343999999998,1.8131306406719417e-08,1.0353403432889085e-08,1.7815468610161039e-09,2.6143617417352586e-09,5.957494830137723e-09,7.686638613589315e-09,0.0,5.97177100454703e-14,6.105809151587285e-17,4.830901140571556e-16
6,lbfgs,1839,4080.959999999999,5963.343999999998,1.8039965440360786e-08,1.0292878152234164e-08,1.7765098460317946e-09,2.4378401109355394e-09,6.078528195266828e-09,7.655822927729135e-09,0.0,5.954832010256996e-14,5.693440278304311e-17,4.927820857678946e-16
6,lbfgs,1849,4080.959999999999,5963.343999999998,1.8125690433136048e-08,1.0349511195572132e-08,1.7826538047193673e-09,2.611845853904624e-09,5.95501153694814e-09,7.684914877280242e-09,0.0,5.975494429125808e-14,6.099891242926066e-17,4.828898522439676e-16
6,lbfgs,1859,4080.959999999999,5963.343999999998,1.8035017770570143e-08,1.0289400708588796e-08,1.7776062454725567e-09,2.436826410660121e-09,6.074968052456119e-09,7.654352701541713e-09,0.0,5.958520136101253e-14,5.691075284575495e-17,4.924937998179876e-16
6,lbfgs,1869,4080.959999999999,5963.343999999998,1.812012995865249e-08,1.0345658892566274e-08,1.7837591328677255e-09,2.609361010744731e-09,5.952538748953818e-09,7.683206705759928e-09,0.0,5.979212319360774e-14,6.094046731772735e-17,4.826904338677473e-16
6,lbfgs,1879,4080.959999999999,5963.343999999998,1.8030112577280783e-08,1.0285955045560144e-08,1.7787011583882318e-09,2.435817942256931e-09,6.07143594491498e-09,7.652893171238892e-09,0.0,5.962203160699233e-14,5.688722590207511e-17,4.922077906124867e-16
6,lbfgs,1889,4080.959999999999,5963.343999999998,1.811462367897207e-08,1.0341845744136996e-08,1.7848627684353142e-09,2.606906564407525e-09,5.950076411294157e-09,7.681513574466208e-09,0.0,5.982924418229398e-14,6.088274081375657e-17,4.82491854432345e-16
6,lbfgs,1899,4080.959999999999,5963.343999999998,1.802524893697873e-08,1.028254061453353e-08,1.7797945044762276e-09,2.4348146552609812e-09,6.0679314547963205e-09,7.651443961921377e-09,0.0,5.965880816022348e-14,5.686382071268088e-17,4.919240240800163e-16
6,lbfgs,1909,4080.959999999999,5963.343999999998,1.810917033497615e-08,1.0338070990321566e-08,1.7859646385442238e-09,2.6044818835819e-09,5.9476244681954414e-09,7.679834984243186e-09,0.0,5.986630482598688e-14,6.082571794396377e-17,4.822941093763755e-16
6,lbfgs,1919,4080.959999999999,5963.343999999998,1.802042595524597e-08,1.027915687782516e-08,1.7808862077163451e-09,2.4338164993542626e-09,6.064454170754552e-09,7.65000471685494e-09,0.0,5.96955284838324e-14,5.684053604567485e-17,4.916424666806428e-16
6,lbfgs,1929,4080.959999999999,5963.343999999998,1.810376870781931e-08,1.0334333888471565e-08,1.7870646741574138e-09,2.6020863507353257e-09,5.945182863578826e-09,7.678170458893854e-09,0.0,5.990330282196046e-14,6.076938406351165e-17,4.820971941214245e-16
6,lbfgs,1939,4080.959999999999,5963.343999999998,1.8015642766054826e-08,1.0275803308761537e-08,1.781976196077774e-09,2.4328234242584034e-09,6.06100368842536e-09,7.648575096685411e-09,0.0,5.973219017453985e-14,5.681737067379032e-17,4.913630854455029e-16
6,lbfgs,1949,4080.959999999999,5963.343999999998,1.809841761837215e-08,1.033063371357075e-08,1.788162809830958e-09,2.5997193625278625e-09,5.942751541211929e-09,7.676519544305055e-09,0.0,5.994023598779386e-14,6.071372486571624e-17,4.819011040848801e-16
6,lbfgs,1959,4080.959999999999,5963.343999999998,1.801089852992889e-08,1.0272479390959612e-08,1.7830644012631224e-09,2.4318353795375583e-09,6.0575796101589306e-09,7.647154778319423e-09,0.0,5.97687909540861e-14,5.679432336917532e-17,4.910858479555715e-16
6,lbfgs,1969,4080.959999999999,5963.343999999998,1.809311592606545e-08,1.0326969758144761e-08,1.7892589834796807e-09,2.5973803298953906e-09,5.94033044476969e-09,7.674881807381933e-09,0.0,5.997710225352075e-14,6.065872638383627e-17,4.817058346849206e-16
6,lbfgs,1979,4080.959999999999,5963.343999999998,1.800619243322529e-08,1.026918461833697e-08,1.7841507584583921e-09,2.430852314667565e-09,6.054181545211012e-09,7.645743454196523e-09,0.0,5.980532866085331e-14,5.677139290484292e-17,4.908107223574259e-16
6,lbfgs,1989,4080.959999999999,5963.343999999998,1.808786252687612e-08,1.0323341331534888e-08,1.79035313615122e-09,2.5950686774615123e-09,5.937919517922157e-09,7.673256834760107e-09,0.0,6.001389965405972e-14,6.060437497698712e-17,4.81511381347136e-16
6,lbfgs,1999,4080.959999999999,5963.343999999998,1.8001523687420932e-08,1.0265918495110545e-08,1.7852352060984702e-09,2.4298741791914438e-09,6.050809109820632e-09,7.64434083157668e-09,0.0,5.984180124200802e-14,5.674857805818291e-17,4.905376773696772e-16
6,lbfgs,2009,4080.959999999999,5963.343999999998,1.8082656351242097e-08,1.0319747759032553e-08,1.791445211811609e-09,2.592783842841062e-09,5.9355187043798814e-09,7.671644231586093e-09,0.0,6.005062632202989e-14,6.05506573134977e-17,4.813177395075168e-16
6,lbfgs,2019,4080.959999999999,5963.343999999998,1.7996891527548846e-08,1.0262680535172737e-08,1.786317685664669e-09,2.4289009226569688e-09,6.0474619268510994e-09,7.642946631600532e-09,0.0,5.987820674671888e-14,5.672587760908963e-17,4.902666822538671e-16
6,lbfgs,2029,4080.959999999999,5963.343999999998,1.80774963638963e-08,1.0316188382310713e-08,1.7925351571677582e-09,2.5905252773644345e-09,5.93312794777852e-09,7.670043620919844e-09,0.0,6.008728048180584e-14,6.049756038794086e-17,4.811249046032795e-16
6,lbfgs,2039,4080.959999999999,5963.343999999998,1.7992295211741572e-08,1.0259470262217111e-08,1.787398141479698e-09,2.427932494835181e-09,6.044139625902232e-09,7.641560588707043e-09,0.0,5.991454331928663e-14,5.670329034507119e-17,4.899977068235534e-16
6,lbfgs,2049,4080.959999999999,5963.343999999998,1.8072381561773093e-08,1.0312662558501809e-08,1.7936229214830666e-09,2.588292445291707e-09,5.930747191727035e-09,7.668454642563297e-09,0.0,6.012386044333949e-14,6.044507150241106e-17,4.80932872075998e-16
6,lbfgs,2059,4080.959999999999,5963.343999999998,1.7987734020326428e-08,1.0256287209517404e-08,1.7884765205269556e-09,2.426968845803787e-09,6.0408418431866615e-09,7.640182449949804e-09,0.0,5.995080919308943e-14,5.668081506303793e-17,4.897307214342118e-16
6,lbfgs,2069,4080.959999999999,5963.343999999998,1.8067310973231607e-08,1.0309169660121366e-08,1.7947084564180226e-09,2.5860848239703125e-09,5.9283763797330305e-09,7.666876952360047e-09,0.0,6.016036459682074e-14,6.039317827015651e-17,4.807416373653379e-16
6,lbfgs,2079,4080.959999999999,5963.343999999998,1.7983207254786716e-08,1.0253130919602615e-08,1.7895527722835403e-09,2.426009926001602e-09,6.037568221317474e-09,7.63881197428311e-09,0.0,5.998700268498898e-14,5.665845057037243e-17,4.894656969659025e-16
6,lbfgs,2089,4080.959999999999,5963.343999999998,1.806228365637944e-08,1.0305709074343368e-08,1.7957917158724958e-09,2.583901903253854e-09,5.9260154552170186e-09,7.665310221243713e-09,0.0,6.019679140739367e-14,6.034186860172021e-17,4.80551195909561e-16
6,lbfgs,2099,4080.959999999999,5963.343999999998,1.7978714237196155e-08,1.0250000944232397e-08,1.7906268485596388e-09,2.4250556863574973e-09,6.034318409315262e-09,7.63744893202103e-09,0.0,6.00231221899484e-14,5.663619568791247e-17,4.89202604823734e-16
6,lbfgs,2109,4080.959999999999,5963.343999999998,1.80572986976827e-08,1.0302280202490715e-08,1.7968726558430407e-09,2.5817431851381787e-09,5.923664361509496e-09,7.663754134357499e-09,0.0,6.023313941037583e-14,6.029113069624252e-17,4.803615431447774e-16
6,lbfgs,2119,4080.959999999999,5963.343999999998,1.7974254309555696e-08,1.0246896844271966e-08,1.7916987033510866e-09,2.4241060783928473e-09,6.031092062528033e-09,7.6360931042993e-09,0.0,6.005916617609277e-14,5.661404925226454e-17,4.889414169312356e-16
6,lbfgs,2129,4080.959999999999,5963.343999999998,1.8052355212087702e-08,1.0298882460429475e-08,1.7979512343041116e-09,2.5796081843668516e-09,5.921323041758513e-09,7.662208390781654e-09,0.0,6.026940720728065e-14,6.024095305572319e-17,4.801726744976253e-16
6,lbfgs,2139,4080.959999999999,5963.343999999998,1.7969826832381874e-08,1.0243818189059764e-08,1.7927682927149098e-09,2.4231610541313247e-09,6.02788884221353e-09,7.634744282296012e-09,0.0,6.009513318054036e-14,5.659201011335869e-17,4.886821056963422e-16
6,lbfgs,2149,4080.959999999999,5963.343999999998,1.8047452341061232e-08,1.0295515277642992e-08,1.799027411079244e-09,2.577496427581517e-09,5.91899143898223e-09,7.660672702499624e-09,0.0,6.030559346150111e-14,6.019132446483279e-17,4.79984585388754e-16
7,adam,0,5963.343999999998,8598.681599999996,8.357254471049236e-09,6.199321726151166e-09,5.051333301924961e-09,2.875353024212346e-10,8.604531218049701e-10,2.0664405753837224e-09,0.0,1.700077009704668e-13,6.8893750615085845e-18,7.15950615785335e-17
7,adam,24,5963.343999999998,8598.681599999996,7.3021011307030225e-06,6.732662072229014e-06,2.1742947785207805e-08,5.326536794395407e-06,1.3843823300483994e-06,5.693482945173573e-07,0.0,7.358801089650673e-13,1.2529884867353708e-13,1.142848548078095e-13
7,adam,49,5963.343999999998,8598.681599999996,4.885964883982901e-06,3.3207204731393025e-06,8.859263437052033e-09,2.6316303894348904e-06,6.802308202673598e-07,1.5651538829255248e-06,0.0,2.987212913523632e-13,6.212144395212154e-14,5.6151653131265235e-14
7,adam,74,5963.343999999998,8598.681599999996,4.070111984943836e-07,2.7242439500671534e-07,7.448816052096851e-09,2.0876941129593493e-07,5.6206167658683535e-08,1.3449631921316623e-07,0.0,2.5184639306842834e-13,4.935279109608089e-15,4.628354495564976e-15
7,adam,99,5963.343999999998,8598.681599999996,5.7519165089365923e-08,4.3958351648682215e-08,8.186706650267276e-09,2.7482750208871865e-08,8.288894789543074e-09,1.3470337019821005e-08,0.0,2.770438351936834e-13,6.522786341211386e-16,6.813416965377511e-16
7,adam,124,5963.343999999998,8598.681599999996,4.2592119404964285e-08,3.294503585231561e-08,6.6741899589136545e-09,1.988048357647461e-08,6.390362316927344e-09,9.55660859213735e-09,0.0,2.2577441062140036e-13,4.720418898805045e-16,5.258914770185766e-16
7,adam,149,5963.343999999998,8598.681599999996,3.754329144236467e-08,2.875273194516223e-08,5.8286380087552055e-09,1.728437714657324e-08,5.639716789833783e-09,8.700085798511786e-09,0.0,1.9714884079573475e-13,4.104975750344704e-16,4.640865274270406e-16
7,adam,174,5963.343999999998,8598.681599999996,3.287598415161391e-08,2.5259848149009282e-08,5.046838803348926e-09,1.5243714702343734e-08,4.9692946433166215e-09,7.525663311567988e-09,0.0,1.7068242345638783e-13,3.620455435340894e-16,4.090116208358975e-16
7,adam,199,5963.343999999998,8598.681599999996,2.867558711230716e-08,2.1927782370230613e-08,4.416787196856475e-09,1.3186241554614867e-08,4.324753618759271e-09,6.657332907781977e-09,0.0,1.4935521875909058e-13,3.1324207071097717e-16,3.5600438044471163e-16
7,adam,224,5963.343999999998,8598.681599999996,2.5313954924475723e-08,1.9238768761748412e-08,3.99439665033575e-09,1.1522755886473653e-08,3.7216162249390122e-09,5.984715023022248e-09,0.0,1.3504687753191476e-13,2.737738036088097e-16,3.064430811198236e-16
7,adam,249,5963.343999999998,8598.681599999996,2.1934837570683325e-08,1.655834034906653e-08,3.4279812548275484e-09,9.910025543910253e-09,3.2203335503287308e-09,5.286026639852885e-09,0.0,1.1587564635920825e-13,2.3547678151904557e-16,2.6521138177618533e-16
7,adam,274,5963.343999999998,8598.681599999996,1.8965791499663672e-08,1.4292324705381777e-08,3.0317625597854088e-09,8.476778417828784e-09,2.7837837277675842e-09,4.582996626523087e-09,0.0,1.0246909687994917e-13,2.0144633367196814e-16,2.2930802073523634e-16
7,adam,299,5963.343999999998,8598.681599999996,1.6370874043217147e-08,1.2310085852503446e-08,2.6928073670278722e-09,7.220185710833092e-09,2.3970927746424815e-09,3.970318323221543e-09,0.0,9.100117620890112e-14,1.7160309847738594e-16,1.9749739267726447e-16
7,adam,324,5963.343999999998,8598.681599999996,1.411467270036831e-08,1.058046070143396e-08,2.3982016699315844e-09,6.1249134811360386e-09,2.057345550366336e-09,3.44374233249782e-09,0.0,8.10348525725576e-14,1.4558524666710092e-16,1.6954174379502887e-16
7,adam,349,5963.343999999998,8598.681599999996,1.2162203534873397e-08,9.083417487661974e-09,2.145831598563798e-09,5.176899233397631e-09,1.7606866557005448e-09,2.9883164972237672e-09,0.0,7.249846500475516e-14,1.2306132586464024e-16,1.4512598808987657e-16
7,adam,374,5963.343999999998,8598.681599999996,1.0479861641128134e-08,7.79289688405548e-09,1.9280573807093975e-09,4.361553162352558e-09,1.503286340993523e-09,2.596495252564926e-09,0.0,6.513315787472352e-14,1.0368627087064697e-16,1.2393640505848877e-16
7,adam,399,5963.343999999998,8598.681599999996,9.036005168136042e-09,6.6846041362583665e-09,1.7387888665846239e-09,3.6641542100927773e-09,1.2816610595809653e-09,2.26093151403561e-09,0.0,5.87326199738968e-14,8.711164164921284e-17,1.0568774765144045e-16
7,adam,424,5963.343999999998,8598.681599999996,7.754306783043955e-09,5.721888400369248e-09,1.5688049499494234e-09,2.9805935608374634e-09,1.1724898895823618e-09,1.9419487990759445e-09,0.0,5.29892213279116e-14,7.085731096370249e-17,9.667749228441537e-17
7,adam,449,5963.343999999998,8598.681599999996,6.749334283314284e-09,4.96269160367482e-09,1.441891807174537e-09,2.5156331561978055e-09,1.0051666403024777e-09,1.6961730098155566e-09,0.0,4.8697427697432355e-14,5.980608124749852e-17,8.290210255642015e-17
7,adam,474,5963.343999999998,8598.681599999996,5.887599680311841e-09,4.284813957757481e-09,1.300637024783341e-09,2.117003126767858e-09,8.671738062062815e-10,1.5123159388885765e-09,0.0,4.39208278841303e-14,5.033144542752324e-17,7.153592250984905e-17
7,adam,499,5963.343999999998,8598.681599999996,5.149377778972132e-09,3.7161328870930887e-09,1.1829658588236502e-09,1.7808401117452451e-09,7.523269165241935e-10,1.342774971189435e-09,0.0,3.9942364144260863e-14,4.2340822654022584e-17,6.207544824963293e-17
7,adam,524,5963.343999999998,8598.681599999996,4.518134270227443e-09,3.23008681051546e-09,1.074366776979414e-09,1.4982877178593114e-09,6.574323156767347e-10,1.1975773843548667e-09,0.0,3.6271100202506454e-14,3.5624046396267044e-17,5.4257293283501834e-17
7,adam,549,5963.343999999998,8598.681599999996,3.979344289525544e-09,2.8170781054640066e-09,9.753670173140119e-10,1.2619624544399273e-09,5.797486337100678e-10,1.0717959406315496e-09,0.0,3.292480652821523e-14,3.0005921908218465e-17,4.785622579475676e-17
7,adam,574,5963.343999999998,8598.681599999996,3.5202253020135372e-09,2.4673856591104423e-09,8.851261037977684e-10,1.065319447114464e-09,5.169401081982099e-10,9.623692214649893e-10,0.0,2.9875014720006074e-14,2.533102913752334e-17,4.268024159110701e-17
7,adam,599,5963.343999999998,8598.681599999996,3.129564566994089e-09,2.172094581097645e-09,8.02844010471842e-10,9.024961088574545e-10,4.667544617683487e-10,8.669993800451709e-10,0.0,2.709460848955615e-14,2.1460106160180637e-17,3.8544084786833696e-17
7,adam,624,5963.343999999998,8598.681599999996,2.79953002746892e-09,1.9162565786231788e-09,7.230809617861075e-10,7.844132964525658e-10,4.087623203845055e-10,7.928026992140704e-10,0.0,2.4399847112491178e-14,1.865370916383423e-17,3.376264330661357e-17
7,adam,649,5963.343999999998,8598.681599999996,2.51659471912579e-09,1.7058194767660824e-09,6.518333927717606e-10,6.698927266128425e-10,3.840933573814793e-10,7.203043522844087e-10,0.0,2.1993323614910797e-14,1.5930580865820173e-17,3.172979223326129e-17
7,adam,674,5963.343999999998,8598.681599999996,2.2779141336536055e-09,1.5329653659774382e-09,5.903365290710899e-10,5.765478036367676e-10,3.6608103326958076e-10,6.544777258539797e-10,0.0,1.991638727330154e-14,1.3711138124682279e-17,3.02455408346673e-17
7,adam,699,5963.343999999998,8598.681599999996,2.076366005400235e-09,1.3880491287854309e-09,5.344467543590091e-10,5.010850176734307e-10,3.525173567529911e-10,5.978456750726371e-10,0.0,1.8029000307603082e-14,1.1917085834135901e-17,2.9127839114037693e-17
7,adam,724,5963.343999999998,8598.681599999996,1.905961053994816e-09,1.268242087935996e-09,4.85016401335347e-10,4.404550233244931e-10,3.4277066327615577e-10,5.472476024867379e-10,0.0,1.635993991332604e-14,1.0475854688979923e-17,2.8324802292693667e-17
7,adam,749,5963.343999999998,8598.681599999996,1.7616573958572027e-09,1.1687832272588253e-09,4.4098726134871307e-10,3.9186524798963104e-10,3.359307179204811e-10,5.024026459442406e-10,0.0,1.4873419060526653e-14,9.320986273904626e-18,2.7761401059084605e-17
7,adam,774,5963.343999999998,8598.681599999996,1.6392056446015017e-09,1.086242452005452e-09,4.0187673902187595e-10,3.5300635906822227e-10,3.313593539153537e-10,4.624915173936073e-10,0.0,1.3553105988687743e-14,8.397529691616211e-18,2.7385058600633217e-17
7,adam,799,5963.343999999998,8598.681599999996,1.5350276979186747e-09,1.0176759359051593e-09,3.6722110286593183e-10,3.219760870788877e-10,3.2847874596033966e-10,4.2687994340633247e-10,0.0,1.2383307731719943e-14,7.66022590981349e-18,2.714814527349627e-17
7,adam,824,5963.343999999998,8598.681599999996,1.446784636170582e-09,9.589536294399654e-10,3.3545085812184627e-10,3.00281922087597e-10,3.2322084923052207e-10,3.9735901182844216e-10,0.0,1.1310947760694498e-14,7.14387821961369e-18,2.671543502099085e-17
7,adam,849,5963.343999999998,8598.681599999996,1.3684631009762555e-09,9.096367522017959e-10,3.091541253182312e-10,2.7575555308097917e-10,3.247270738025856e-10,3.6835417929773714e-10,0.0,1.0423553688704178e-14,6.561680960443404e-18,2.684065592218046e-17
7,adam,874,5963.343999999998,8598.681599999996,1.3024502521974653e-09,8.698007916089053e-10,2.8574616471902143e-10,2.5820443370223965e-10,3.258501931876443e-10,3.421771514750323e-10,0.0,9.633677354494565e-15,6.1451313435897324e-18,2.6933766420866965e-17
7,adam,899,5963.343999999998,8598.681599999996,1.2460584231236153e-09,8.366158027222887e-10,2.64985907812256e-10,2.4495759579339777e-10,3.26672299116635e-10,3.1897020209721304e-10,0.0,8.933219118714276e-15,5.8307419651627396e-18,2.7001995478753532e-17
7,adam,924,5963.343999999998,8598.681599999996,1.1973919593681674e-09,8.088156907487711e-10,2.467973232150444e-10,2.346716307263904e-10,3.273467368073363e-10,2.9810376467690357e-10,0.0,8.319581358339794e-15,5.586613819517597e-18,2.7058061932281988e-17
7,adam,949,5963.343999999998,8598.681599999996,1.155051726870237e-09,7.853036760408582e-10,2.3093838358326703e-10,2.2646528864920458e-10,3.279000038083866e-10,2.7927548031050744e-10,0.0,7.784581684525595e-15,5.3918373363373424e-18,2.7104118673664168e-17
7,adam,974,5963.343999999998,8598.681599999996,1.1179449350299168e-09,7.652262909973466e-10,2.1716307687714862e-10,2.1980873783431177e-10,3.282544762858862e-10,2.622460230681154e-10,0.0,7.319909191168547e-15,5.2338406878652826e-18,2.713374182267739e-17
7,adam,999,5963.343999999998,8598.681599999996,1.0851916583183073e-09,7.479144681449253e-10,2.052280427298696e-10,2.1431070824310655e-10,3.2837571717194917e-10,2.468045329942858e-10,0.0,6.9173441131701564e-15,5.103336740470557e-18,2.714406764836041e-17
7,adam,1024,5963.343999999998,8598.681599999996,1.0507384319658601e-09,7.319521930271469e-10,2.0334448067732782e-10,2.1057180139849248e-10,3.180359109513266e-10,2.283135537279676e-10,0.0,6.853598001472567e-15,5.015174102189894e-18,2.6290196923757634e-17
7,adam,1049,5963.343999999998,8598.681599999996,1.0228758636294713e-09,7.18137630362363e-10,1.9021554974987632e-10,2.066980515724088e-10,3.212240290400778e-10,2.1426553034345497e-10,0.0,6.410939650210062e-15,4.923100055068775e-18,2.655461544967706e-17
7,adam,1074,5963.343999999998,8598.681599999996,9.982194190787427e-10,7.05094317607335e-10,1.803402109790131e-10,2.0348973693451168e-10,3.212643696938102e-10,2.026523854645434e-10,0.0,6.077970888009581e-15,4.846831874152092e-18,2.655861969982879e-17
7,adam,1099,5963.343999999998,8598.681599999996,9.75957106063949e-10,6.938601639284371e-10,1.7272510402200505e-10,2.003611416640327e-10,3.207739182423993e-10,1.9162421910128436e-10,0.0,5.821202986476622e-15,4.772445403021738e-18,2.65183770647473e-17
7,adam,1124,5963.343999999998,8598.681599999996,9.556341113263945e-10,6.833837766625844e-10,1.663934987993087e-10,1.972604972359701e-10,3.1972978062730554e-10,1.8177761297555806e-10,0.0,5.60772104249106e-15,4.69872115056315e-18,2.643216672591144e-17
7,adam,1149,5963.343999999998,8598.681599999996,9.369279875004373e-10,6.736213272034791e-10,1.6094145104464602e-10,1.943302103353928e-10,3.183496658234402e-10,1.7283394891286323e-10,0.0,5.423908202667649e-15,4.629036287437704e-18,2.631807872923288e-17
7,adam,1174,5963.343999999998,8598.681599999996,9.195849202755034e-10,6.644365556875683e-10,1.5614140101115434e-10,1.9152437550832735e-10,3.167707791680867e-10,1.6467567251923888e-10,0.0,5.262090233305855e-15,4.562293186568886e-18,2.6187494247032902e-17
7,adam,1199,5963.343999999998,8598.681599999996,9.033975967535909e-10,6.557006836990015e-10,1.5186543498877004e-10,1.8881575018870558e-10,3.1501949852152587e-10,1.5722424903893223e-10,0.0,5.117952335483741e-15,4.497843653829626e-18,2.6042610555555266e-17
7,adam,1224,5963.343999999998,8598.681599999996,8.897264074541014e-10,6.464775720724737e-10,1.42016669915174e-10,1.8615171101693286e-10,3.183091911403668e-10,1.527762344863411e-10,0.0,4.785882038153572e-15,4.43468765095275e-18,2.6313054835012208e-17
7,adam,1249,5963.343999999998,8598.681599999996,8.758970075438755e-10,6.383256023894595e-10,1.4128536749870084e-10,1.8268678993589856e-10,3.1435344495486013e-10,1.470988712762777e-10,0.0,4.761214701739901e-15,4.352022389282209e-18,2.5985553302474115e-17
7,adam,1274,5963.343999999998,8598.681599999996,8.627385799411096e-10,6.309479943852049e-10,1.3939132814706562e-10,1.8031400099364273e-10,3.112426652444965e-10,1.413181195525867e-10,0.0,4.697389409152675e-15,4.2953930216196674e-18,2.5728040873697447e-17
7,adam,1299,5963.343999999998,8598.681599999996,8.50131471445965e-10,6.235226658595562e-10,1.3720776422711545e-10,1.7790379334120757e-10,3.084111082912332e-10,1.361364108755242e-10,0.0,4.623827384612232e-15,4.237918979208361e-18,2.549365529243657e-17
7,adam,1324,5963.343999999998,8598.681599999996,8.379884598476138e-10,6.162031540979243e-10,1.3493447838668619e-10,1.7544576424589359e-10,3.0582291146534453e-10,1.313129864571955e-10,0.0,4.547246921640048e-15,4.179317290743034e-18,2.5279342854629014e-17
7,adam,1349,5963.343999999998,8598.681599999996,8.262562449822968e-10,6.089070343264873e-10,1.3273392077689884e-10,1.7295756230404002e-10,3.0321555124554834e-10,1.2687697123634662e-10,0.0,4.473120924736821e-15,4.119999086971165e-18,2.506342697950118e-17
7,adam,1374,5963.343999999998,8598.681599999996,8.148918680507822e-10,6.016303210945875e-10,1.3061745159667538e-10,1.7044961530489072e-10,3.005632541930215e-10,1.2278939172792916e-10,0.0,4.401830462288013e-15,4.060209574510022e-18,2.4843778026516584e-17
7,adam,1399,5963.343999999998,8598.681599999996,8.038593829074731e-10,5.943686357399849e-10,1.2857455265799898e-10,1.6792562943549137e-10,2.978684536464945e-10,1.1901868016701682e-10,0.0,4.3330201327679215e-15,4.0000364157284564e-18,2.4620600940685713e-17
7,lbfgs,1400,5963.343999999998,8598.681599999996,8.082225718236217e-10,5.988764808647201e-10,1.2911194959916754e-10,1.7098067535057147e-10,2.98783855914981e-10,1.1887402756700344e-10,0.0,4.351404977889744e-15,4.072473062201293e-18,2.4696085189389364e-17
7,lbfgs,1409,5963.343999999998,8598.681599999996,8.770082665587258e-10,6.411641042025947e-10,1.2870335418651945e-10,1.723571910786935e-10,3.4010355893738164e-10,1.4537209895213865e-10,0.0,4.337616207113761e-15,4.102545794270465e-18,2.811700985559526e-17
7,lbfgs,1419,5963.343999999998,8598.681599999996,8.074329621899767e-10,5.98681280901259e-10,1.2899207691931387e-10,1.7280108887116064e-10,2.9688811511078453e-10,1.182796179025042e-10,0.0,4.3473629839164246e-15,4.115681361734675e-18,2.453999318816354e-17
7,lbfgs,1429,5963.343999999998,8598.681599999996,8.251379412392557e-10,6.085274342891395e-10,1.2878921075365276e-10,1.6282581345583605e-10,3.169124100796507e-10,1.261384435574639e-10,0.0,4.340516869548774e-15,3.877107827925138e-18,2.6198116605885315e-17
7,lbfgs,1439,5963.343999999998,8598.681599999996,8.071871899956846e-10,5.987399453730239e-10,1.2893043326292827e-10,1.7264644810062423e-10,2.9716306400947147e-10,1.179751812400701e-10,0.0,4.345284676397437e-15,4.111991074728418e-18,2.4562872435896888e-17
7,lbfgs,1449,5963.343999999998,8598.681599999996,8.224701585403881e-10,6.071216541680516e-10,1.2874499232423637e-10,1.6292750372116363e-10,3.154491581226517e-10,1.248764409841117e-10,0.0,4.339026440770544e-15,3.879634798700074e-18,2.6077058035933964e-17
7,lbfgs,1459,5963.343999999998,8598.681599999996,8.070161589943814e-10,5.988671218210169e-10,1.2887495920208962e-10,1.7278580352708778e-10,2.972063590918395e-10,1.176769737946421e-10,0.0,4.343414184872525e-15,4.115322155419807e-18,2.456651786776055e-17
7,lbfgs,1469,5963.343999999998,8598.681599999996,8.217577715717047e-10,6.068914553295038e-10,1.286948386432638e-10,1.630087198683783e-10,3.151878968178617e-10,1.2439425285802612e-10,0.0,4.337335241978334e-15,3.88160527296427e-18,2.605547682894802e-17
7,lbfgs,1479,5963.343999999998,8598.681599999996,8.068529464171894e-10,5.989775865931113e-10,1.2882172949660828e-10,1.7289732394983705e-10,2.97258533146666e-10,1.1740329644929304e-10,0.0,4.341619049608547e-15,4.117991085489272e-18,2.4570890464907293e-17
7,lbfgs,1489,5963.343999999998,8598.681599999996,8.211902024165295e-10,6.067331785378065e-10,1.2864591792494414e-10,1.6306494418364484e-10,3.1502231642921754e-10,1.2398496049863514e-10,0.0,4.335685299559315e-15,3.8829742503362396e-18,2.6041813547770238e-17
7,lbfgs,1499,5963.343999999998,8598.681599999996,8.066944040082593e-10,5.990712571404678e-10,1.2877025452699066e-10,1.7297986693029818e-10,2.9732113568317897e-10,1.1715108349701841e-10,0.0,4.339882808985803e-15,4.1199689483712325e-18,2.4576124338442767e-17
7,lbfgs,1509,5963.343999999998,8598.681599999996,8.206829637540819e-10,6.065976638225665e-10,1.2859840305022759e-10,1.6310339571730087e-10,3.1489586505503796e-10,1.2361323655557967e-10,0.0,4.334082509316577e-15,3.8839166069851976e-18,2.6031388758095667e-17
7,lbfgs,1519,5963.343999999998,8598.681599999996,8.065398142847371e-10,5.991504291707827e-10,1.2872039539252938e-10,1.7303934110061272e-10,2.9739069267764053e-10,1.1691732174727436e-10,0.0,4.338200830074803e-15,4.121396411116687e-18,2.4581932635427995e-17
7,lbfgs,1529,5963.343999999998,8598.681599999996,8.202184263793951e-10,6.064755147969699e-10,1.285522674419598e-10,1.631279401485024e-10,3.1479530720650776e-10,1.2327084821071586e-10,0.0,4.332526024358615e-15,3.884525230337032e-18,2.602310694928517e-17
7,lbfgs,1539,5963.343999999998,8598.681599999996,8.063887174848838e-10,5.99217115965875e-10,1.2867206881086526e-10,1.7308061874724562e-10,2.974644284077642e-10,1.1669953815650694e-10,0.0,4.336570347996797e-15,4.1223896587486054e-18,2.4588085620877073e-17
7,lbfgs,1549,5963.343999999998,8598.681599999996,8.19786756511977e-10,6.063619912822205e-10,1.2850747428259706e-10,1.6314172205086532e-10,3.1471279494875806e-10,1.2295270186235376e-10,0.0,4.331014643639553e-15,3.884875551737236e-18,2.601631835881654e-17
7,lbfgs,1559,5963.343999999998,8598.681599999996,8.062407705745807e-10,5.992730371800392e-10,1.2862520583468895e-10,1.7310765141110954e-10,2.975401799342407e-10,1.1649567003630623e-10,0.0,4.3349890739093864e-15,4.123042949834868e-18,2.4594404212817832e-17
7,lbfgs,1569,5963.343999999998,8598.681599999996,8.193815878989419e-10,6.062543923978659e-10,1.2846398126019822e-10,1.631472887815121e-10,3.146431223561556e-10,1.226551321380636e-10,0.0,4.329546973567577e-15,3.8850286173591555e-18,2.601059192553341e-17
7,lbfgs,1579,5963.343999999998,8598.681599999996,8.060957037948529e-10,5.993196540493527e-10,1.285797440848915e-10,1.7312357167056885e-10,2.9761633829389246e-10,1.1630398639162184e-10,0.0,4.3334549341638044e-15,4.1234310123481756e-18,2.4600755199146347e-17
7,lbfgs,1589,5963.343999999998,8598.681599999996,8.189986166238035e-10,6.061511628846187e-10,1.2842174304423073e-10,1.631466244221394e-10,3.1458279541824863e-10,1.2237539038064937e-10,0.0,4.32812151279144e-15,3.885031950668771e-18,2.6005638328179547e-17
7,lbfgs,1599,5963.343999999998,8598.681599999996,8.059532959888355e-10,5.993582018985496e-10,1.2853562543431305e-10,1.731308240652904e-10,2.976917523989461e-10,1.1612303074085621e-10,0.0,4.3319659932507e-15,4.123612162083387e-18,2.4607043288738016e-17
7,lbfgs,1609,5963.343999999998,8598.681599999996,8.186348221214067e-10,6.060514072722072e-10,1.2838071312961694e-10,1.6314123725569856e-10,3.1452945688689167e-10,1.2211135149522922e-10,0.0,4.326736715468549e-15,3.884921670992537e-18,2.6001262373604556e-17
7,lbfgs,1619,5963.343999999998,8598.681599999996,8.05813359412903e-10,5.993897212423834e-10,1.284927948977324e-10,1.7313130123681963e-10,2.977656251078314e-10,1.1595157482563107e-10,0.0,4.330520417273207e-15,4.123631549659235e-18,2.461320250428124e-17
7,lbfgs,1629,5963.343999999998,8598.681599999996,8.18287991669193e-10,6.059546046843341e-10,1.2834084500928183e-10,1.6313225866926985e-10,3.144815010057825e-10,1.2186132363554249e-10,0.0,4.325391031690497e-15,3.8847248722056095e-18,2.5997331098893065e-17
7,lbfgs,1639,5963.343999999998,8598.681599999996,8.056757302814192e-10,5.994150866660257e-10,1.2845120000052645e-10,1.7312646383035014e-10,2.978374228351491e-10,1.1578858027513851e-10,0.0,4.329116453411412e-15,4.123524020688272e-18,2.4619188695607438e-17
7,lbfgs,1649,5963.343999999998,8598.681599999996,8.179564317372434e-10,6.058604434556973e-10,1.2830209286719874e-10,1.6312053042011938e-10,3.144378201683792e-10,1.2162392493697305e-10,0.0,4.32408293157289e-15,3.8844617161861385e-18,2.5993752794697403e-17
7,lbfgs,1659,5963.343999999998,8598.681599999996,8.055402626846672e-10,5.994350324854856e-10,1.2841079041472318e-10,1.7311743743874508e-10,2.9790680463201727e-10,1.1563316686365249e-10,0.0,4.327752418273864e-15,4.1233164283437764e-18,2.462497366572025e-17
7,lbfgs,1669,5963.343999999998,8598.681599999996,8.176388000259353e-10,6.057687308570243e-10,1.2826441193548254e-10,1.6310667424064199e-10,3.1439764468089965e-10,1.2139800582916995e-10,0.0,4.322810917880412e-15,3.884147100182789e-18,2.599046373668173e-17
7,lbfgs,1679,5963.343999999998,8598.681599999996,8.054068245887547e-10,5.994501751752118e-10,1.283715177399209e-10,1.7310508928969373e-10,2.979735681455972e-10,1.154845860828309e-10,0.0,4.326426691024957e-15,4.123029462694556e-18,2.4630540694933697e-17
7,lbfgs,1689,5963.343999999998,8598.681599999996,8.173339836230804e-10,6.056793308576579e-10,1.2822775878309226e-10,1.6309114757134797e-10,3.143604245032177e-10,1.211825894306015e-10,0.0,4.321573536241724e-15,3.8837919913439766e-18,2.59874183928585e-17
7,lbfgs,1699,5963.343999999998,8598.681599999996,8.052752952098773e-10,5.99461032604677e-10,1.2833333539880073e-10,1.7309008785931498e-10,2.980376093465613e-10,1.1534219927939609e-10,0.0,4.325137710287173e-15,4.122679072744818e-18,2.4635881205357126e-17
7,lbfgs,1709,5963.343999999998,8598.681599999996,8.170410378473625e-10,6.055921379093001e-10,1.2819209141830084e-10,1.630742846958212e-10,3.14325761795178e-10,1.2097683660824892e-10,0.0,4.320369378994242e-15,3.8834044106964325e-18,2.598458383724706e-17
7,lbfgs,1719,5963.343999999998,8598.681599999996,8.051455631693578e-10,5.994680403846573e-10,1.2829619857350645e-10,1.7307294900647152e-10,2.980988928046793e-10,1.1520545946389339e-10,0.0,4.323883972346688e-15,4.122277566929225e-18,2.4640992299058437e-17
7,lbfgs,1729,5963.343999999998,8598.681599999996,8.167591367343438e-10,6.055070567940455e-10,1.2815736939100884e-10,1.6305632891923302e-10,3.1429335848380367e-10,1.2078001661557825e-10,0.0,4.319197088955699e-15,3.882990202928785e-18,2.598193540760222e-17
7,lbfgs,1739,5963.343999999998,8598.681599999996,8.050175251992109e-10,5.994715656190546e-10,1.2826006417818312e-10,1.7305407135101755e-10,2.9815743008985385e-10,1.1507389626443412e-10,0.0,4.322664030517335e-15,4.121834457026353e-18,2.4645874969216322e-17
7,lbfgs,1749,5963.343999999998,8598.681599999996,8.164875451187387e-10,6.054239944372809e-10,1.2812355382729936e-10,1.6303745634254014e-10,3.142629842674413e-10,1.2059148736191605e-10,0.0,4.318055360852591e-15,3.8825536048431164e-18,2.597945405534266e-17
7,lbfgs,1759,5963.343999999998,8598.681599999996,8.048910851334532e-10,5.99471918395558e-10,1.2822489083449515e-10,1.7303376323429772e-10,2.9821326432676505e-10,1.149471034273443e-10,0.0,4.32147649455426e-15,4.1213571012752146e-18,2.4650532820955655e-17
7,lbfgs,1769,5963.343999999998,8598.681599999996,8.162255987748859e-10,6.053428555344983e-10,1.280906074409002e-10,1.6301779382179648e-10,3.142344542718016e-10,1.2041067992610719e-10,0.0,4.316942941923386e-15,3.882097674740047e-18,2.597712449482812e-17
7,lbfgs,1779,5963.343999999998,8598.681599999996,8.047661532198817e-10,5.994693615080845e-10,1.2819063885663516e-10,1.7301226403395783e-10,2.9826645861749147e-10,1.1482472840650196e-10,0.0,4.3203200303462176e-15,4.1208512128102586e-18,2.4654971112540555e-17
7,lbfgs,1789,5963.343999999998,8598.681599999996,8.15972692510712e-10,6.052635419567092e-10,1.2805849452181336e-10,1.6299743218534705e-10,3.142076152495487e-10,1.2023708724506523e-10,0.0,4.3158586317135385e-15,3.881624608349766e-18,2.5974934060132076e-17
7,lbfgs,1799,5963.343999999998,8598.681599999996,8.046426454778614e-10,5.994641184136052e-10,1.281572702241712e-10,1.7298975977654696e-10,2.983170884128871e-10,1.1470646376429972e-10,0.0,4.3191933591631e-15,4.120321232084933e-18,2.465919612362684e-17
7,lbfgs,1809,5963.343999999998,8598.681599999996,8.157282670648701e-10,6.051859505492732e-10,1.280271809296185e-10,1.6297643664576672e-10,3.141823329738879e-10,1.2007025321208222e-10,0.0,4.314801281997499e-15,3.881135987840151e-18,2.5972871660884662e-17
7,lbfgs,1819,5963.343999999998,8598.681599999996,8.045204832366621e-10,5.994563799479903e-10,1.281247485563674e-10,1.7296639560514511e-10,2.983652357864778e-10,1.1459203999413479e-10,0.0,4.3180952569250704e-15,4.119770624267788e-18,2.466321468108255e-17
7,lbfgs,1829,5963.343999999998,8598.681599999996,8.154918079173505e-10,6.051099772735255e-10,1.279966340336867e-10,1.6295485348777256e-10,3.1415848975206623e-10,1.199097673458109e-10,0.0,4.313769794883081e-15,3.880632941546955e-18,2.5970927575964494e-17
7,lbfgs,1839,5963.343999999998,8598.681599999996,8.043995927076892e-10,5.994463098580443e-10,1.2809303907358226e-10,1.7294228511331795e-10,2.9841098567114405e-10,1.1448121956060658e-10,0.0,4.317024553012296e-15,4.119202101892797e-18,2.466703384737358e-17
7,lbfgs,1849,5963.343999999998,8598.681599999996,8.152628334577253e-10,6.050355142433359e-10,1.2796682270540658e-10,1.6293271638167294e-10,3.1413597515625635e-10,1.1975525592195234e-10,0.0,4.312763122651061e-15,3.880116295104792e-18,2.5969092685887322e-17
7,lbfgs,1859,5963.343999999998,8598.681599999996,8.042799046829637e-10,5.994340494681467e-10,1.2806210856344875e-10,1.7291751791885933e-10,2.984544229858386e-10,1.1437379193135468e-10,0.0,4.315980129217072e-15,4.118617805515168e-18,2.4670660682654473e-17
7,lbfgs,1869,5963.343999999998,8598.681599999996,8.150408968481316e-10,6.049624543614851e-10,1.2793771724685095e-10,1.6291004964471858e-10,3.141146874699156e-10,1.196063791998608e-10,0.0,4.311780265431658e-15,3.879586649282824e-18,2.596735859226772e-17
7,lbfgs,1879,5963.343999999998,8598.681599999996,8.041613541143326e-10,5.994197213482622e-10,1.2803192532515026e-10,1.7289216444853547e-10,2.984956315745764e-10,1.1426956948825909e-10,0.0,4.314960917940656e-15,4.118019417853237e-18,2.467410215696727e-17
7,lbfgs,1889,5963.343999999998,8598.681599999996,8.148255832052622e-10,6.048906926282288e-10,1.2790928932791885e-10,1.6288687104337867e-10,3.1409453225693125e-10,1.1946282729597197e-10,0.0,4.31082026915288e-15,3.879044447013294e-18,2.596571749920363e-17
7,lbfgs,1899,5963.343999999998,8598.681599999996,8.040438798945359e-10,5.994034325946889e-10,1.2800245911809195e-10,1.7286628086127042e-10,2.985346926153265e-10,1.1416838402776035e-10,0.0,4.313965900525479e-15,4.117408281217929e-18,2.4677365018523928e-17
7,lbfgs,1909,5963.343999999998,8598.681599999996,8.146165006898274e-10,6.048201233078073e-10,1.2788151196724778e-10,1.6286319480699745e-10,3.1407541653356206e-10,1.1932431410675358e-10,0.0,4.3098822249550524e-15,3.878490045650982e-18,2.596416173071924e-17
7,lbfgs,1919,5963.343999999998,8598.681599999996,8.039274246130972e-10,5.9938527743601e-10,1.2797368111426923e-10,1.7283991230152933e-10,2.9857168402021133e-10,1.1407008391079641e-10,0.0,4.312994105701466e-15,4.1167854751164255e-18,2.468045574408111e-17
7,lbfgs,1929,5963.343999999998,8598.681599999996,8.144132814284245e-10,6.047506426045832e-10,1.2785435946469062e-10,1.6283903273780267e-10,3.1405725040208986e-10,1.1919057555443867e-10,0.0,4.308965266960312e-15,3.87792374347751e-18,2.5962683865897704e-17
7,lbfgs,1939,5963.343999999998,8598.681599999996,8.038119343050102e-10,5.99365339352364e-10,1.2794556384267473e-10,1.7281309518303848e-10,2.986066803266508e-10,1.1397453169222097e-10,0.0,4.312044607754663e-15,4.11615187072932e-18,2.4683380529977248e-17
7,lbfgs,1949,5963.343999999998,8598.681599999996,8.142155839747182e-10,6.046821519398012e-10,1.278278073238026e-10,1.6281439461217667e-10,3.140399500038219e-10,1.1906136877144543e-10,0.0,4.3080685696966736e-15,3.8773457892385136e-18,2.5961276983257766e-17
7,lbfgs,1959,5963.343999999998,8598.681599999996,8.036973582170245e-10,5.993436928641504e-10,1.2791808112743132e-10,1.7278585916445152e-10,2.9863975257226756e-10,1.138816020983823e-10,0.0,4.311116524476548e-15,4.115508178038139e-18,2.4686145281826396e-17
7,lbfgs,1969,5963.343999999998,8598.681599999996,8.140230852428761e-10,6.046145546246374e-10,1.2780183222370783e-10,1.627892898671094e-10,3.140234325338202e-10,1.1893646736076367e-10,0.0,4.307191347182678e-15,3.876756422685709e-18,2.595993424805695e-17
7,lbfgs,1979,5963.343999999998,8598.681599999996,8.035836486056553e-10,5.993204049947297e-10,1.27891208032479e-10,1.7275822858034117e-10,2.9867096838190955e-10,1.1379118036243298e-10,0.0,4.310209015328581e-15,4.114854979960265e-18,2.4688755621769195e-17
7,lbfgs,1989,5963.343999999998,8598.681599999996,8.138354865458593e-10,6.04547760756499e-10,1.2777641192639359e-10,1.6276372692486295e-10,3.1400762190524234e-10,1.188156625379454e-10,0.0,4.306332849826213e-15,3.876155858298667e-18,2.5958649381140432e-17
7,lbfgs,1999,5963.343999999998,8598.681599999996,8.034707605576734e-10,5.992955365406408e-10,1.278649207991878e-10,1.7273022390155737e-10,2.9870039183989566e-10,1.1370316077460329e-10,0.0,4.309321279362679e-15,4.114192767182715e-18,2.4691216877938374e-17
7,lbfgs,2009,5963.343999999998,8598.681599999996,8.136525030003051e-10,6.044816819297436e-10,1.2775152526673289e-10,1.6273771496496733e-10,3.1399244169804337e-10,1.186987578252687e-10,0.0,4.305492364112077e-15,3.875544327939021e-18,2.5957416075251453e-17
7,lbfgs,2019,5963.343999999998,8598.681599999996,8.033586518248893e-10,5.992691430374187e-10,1.2783919679809518e-10,1.7270186238725682e-10,2.9872808385206673e-10,1.1361744555116698e-10,0.0,4.308452553614481e-15,4.1135219537168194e-18,2.4693534114476297e-17
7,lbfgs,2029,5963.343999999998,8598.681599999996,8.134738676573058e-10,6.044162346021519e-10,1.277271520787784e-10,1.6271126331180802e-10,3.1397781921156555e-10,1.1858556981604355e-10,0.0,4.304669210133913e-15,3.874922066127022e-18,2.5956228330480577e-17
7,lbfgs,2039,5963.343999999998,8598.681599999996,8.032472826577844e-10,5.992412756042847e-10,1.2781401447158564e-10,1.7267315886404183e-10,2.9875410226865713e-10,1.1353394382338252e-10,0.0,4.307602111187175e-15,4.112842895484118e-18,2.4695712141749606e-17
7,lbfgs,2049,5963.343999999998,8598.681599999996,8.13299331267256e-10,6.043513407218545e-10,1.2770327313853446e-10,1.6268438136730044e-10,3.1396368621601955e-10,1.1847592731253225e-10,0.0,4.3038627396792405e-15,3.874289308464189e-18,2.5955080516475187e-17
7,lbfgs,2059,5963.343999999998,8598.681599999996,8.031366156435715e-10,5.992119816213694e-10,1.2778935327903187e-10,1.7264412623663378e-10,2.9877850210570376e-10,1.1345257079833025e-10,0.0,4.3067692594154664e-15,4.112155902499235e-18,2.4697755534721303e-17
7,lbfgs,2069,5963.343999999998,8598.681599999996,8.131286599743512e-10,6.042869269734017e-10,1.2767987012008577e-10,1.6265707886053038e-10,3.1394997799278565e-10,1.183696697743785e-10,0.0,4.303072334762842e-15,3.873646297684131e-18,2.5953967293007843e-17
7,lbfgs,2079,5963.343999999998,8598.681599999996,8.030266155567762e-10,5.9918130528355e-10,1.2776519364482725e-10,1.726147758401396e-10,2.988013357985831e-10,1.1337324705565696e-10,0.0,4.305953338124684e-15,4.111461247274611e-18,2.4699668653981112e-17
7,lbfgs,2089,5963.343999999998,8598.681599999996,8.129616344784751e-10,6.042229248174596e-10,1.2765692554735575e-10,1.6262936581718936e-10,3.1393663345291444e-10,1.1826664644079817e-10,0.0,4.302297406010342e-15,3.8729932829668616e-18,2.5952883619795044e-17
7,lbfgs,2099,5963.343999999998,8598.681599999996,8.029172492220285e-10,5.991492880699414e-10,1.2774151690778056e-10,1.725851178033721e-10,2.9882265335878877e-10,1.1329589794087615e-10,0.0,4.305153717933862e-15,4.110759173488387e-18,2.470145565875824e-17
7,lbfgs,2109,5963.343999999998,8598.681599999996,8.127980456192912e-10,6.041592682926657e-10,1.2763442276576275e-10,1.6260125316035626e-10,3.139235923665467e-10,1.1816671411281577e-10,0.0,4.301537391711824e-15,3.8723305344303145e-18,2.5951824527171105e-17
7,lbfgs,2119,5963.343999999998,8598.681599999996,8.028084854213166e-10,5.991159691601615e-10,1.2771830527839913e-10,1.725551614524904e-10,2.9884250242927193e-10,1.1322045305635673e-10,0.0,4.304369798823435e-15,4.110049905611309e-18,2.4703120511528597e-17
7,lbfgs,2129,5963.343999999998,8598.681599999996,8.126377003656375e-10,6.04095897982626e-10,1.2761234587254595e-10,1.6257275148464952e-10,3.139108006254305e-10,1.180697391756618e-10,0.0,4.300791755478263e-15,3.8716583137002615e-18,2.595078555170813e-17
7,lbfgs,2139,5963.343999999998,8598.681599999996,8.027002947528826e-10,5.990813857187273e-10,1.2769554179160894e-10,1.7252491534554262e-10,2.9886092858157576e-10,1.13146845835822e-10,0.0,4.303601008547385e-15,4.109333649734211e-18,2.47046670026497e-17
7,lbfgs,2149,5963.343999999998,8598.681599999996,8.124804166153959e-10,6.040327582260232e-10,1.2759067969309834e-10,1.6254387176141002e-10,3.138982067715148e-10,1.1797559518853404e-10,0.0,4.3000599854501484e-15,3.870976890915824e-18,2.5949762448883244e-17
8,adam,0,8598.681599999996,11598.681599999996,2.8977050328558546e-10,1.483673116281122e-10,4.3241435755110045e-11,8.235162123668798e-11,2.2774254636314204e-11,4.9455770542704085e-11,0.0,1.4574290427149875e-15,1.9607452417793592e-18,1.882766148616265e-18
8,adam,24,8598.681599999996,11598.681599999996,0.00013194901380050785,0.00010026225688049495,1.22254066138991e-07,8.024950941916635e-05,1.989049339518962e-05,3.1686665714479386e-05,0.0,4.045360298792661e-12,1.876160702289641e-12,1.6769076756144872e-12
8,adam,49,8598.681599999996,11598.681599999996,1.427960103291812e-05,8.909967245093512e-06,2.181881556923638e-08,7.056238008613758e-06,1.8319104209105182e-06,5.369542879716878e-06,0.0,7.312676639824979e-13,1.6724591082254116e-13,1.5241653474996638e-13
8,adam,74,8598.681599999996,11598.681599999996,1.6063708337032929e-06,1.3073891797859873e-06,6.52857273811472e-09,1.0246806519525825e-06,2.761799550952902e-07,2.988907967649879e-07,0.0,2.1960433322089735e-13,2.438784591929127e-14,2.287820925655546e-14
8,adam,99,8598.681599999996,11598.681599999996,4.897185179503524e-07,4.672246060450527e-07,3.906240517926412e-09,3.664538762998099e-07,9.686448922731637e-08,2.2403063681157356e-08,0.0,1.3154684236280903e-13,8.736224638116002e-15,8.00295090336431e-15
8,adam,124,8598.681599999996,11598.681599999996,3.633714458324189e-07,3.6068193141464866e-07,3.3442045464962646e-09,2.8271073053031184e-07,7.462699633784054e-08,2.5986671321209923e-09,0.0,1.1260361965008588e-13,6.736102698260829e-15,6.169188137085747e-15
8,adam,149,8598.681599999996,11598.681599999996,2.78276966057482e-07,2.723424338895685e-07,2.5525114152570924e-09,2.1344595585666997e-07,5.634396661764144e-08,5.8436851919058274e-09,0.0,8.595612125939581e-14,5.0859247880984795e-15,4.657425387127538e-15
8,adam,174,8598.681599999996,11598.681599999996,2.1416030649314616e-07,2.1068378278458146e-07,2.0395054015914975e-09,1.6500977158204685e-07,4.363450580094313e-08,3.3856764220119452e-09,0.0,6.868380563229326e-14,3.931467525360011e-15,3.607210789953526e-15
8,adam,199,8598.681599999996,11598.681599999996,1.6495800948167208e-07,1.6264882949375324e-07,1.6259034370403916e-09,1.273014302869056e-07,3.372149576980724e-08,2.218332233267628e-09,0.0,5.475767866124865e-14,3.032820847102244e-15,2.7879493534295747e-15
8,adam,224,8598.681599999996,11598.681599999996,1.19283950722491e-07,1.1761791963729075e-07,1.405953605638402e-09,9.177497014122614e-08,2.4436995890426214e-08,1.5751832217963216e-09,0.0,4.735062575695408e-14,2.186327945939315e-15,2.0205187070494474e-15
8,adam,249,8598.681599999996,11598.681599999996,9.416247314968688e-08,9.288727936349213e-08,1.1200127340261804e-09,7.244860684851348e-08,1.9318659780952466e-08,1.1843459829061339e-09,0.0,3.772207897190561e-14,1.7258257187203843e-15,1.5973784052799082e-15
8,adam,274,8598.681599999996,11598.681599999996,7.384348028127583e-08,7.287696369454074e-08,8.964300789368131e-10,5.679504881121919e-08,1.5185484804384738e-08,8.756686967396587e-10,0.0,3.01933445868212e-14,1.3528731127781102e-15,1.2556503856651408e-15
8,adam,299,8598.681599999996,11598.681599999996,5.748936880699432e-08,5.6755743694691514e-08,7.213317638073922e-10,4.4182662670000015e-08,1.1851749260884103e-08,6.427769582887592e-10,0.0,2.4297004980447506e-14,1.0523983769005687e-15,9.800022221208306e-16
8,adam,324,8598.681599999996,11598.681599999996,4.446910905747703e-08,4.390547179559524e-08,5.869215476388698e-10,3.412857607960602e-08,9.189974168350346e-09,4.727886805729446e-10,0.0,1.9770604665129917e-14,8.128848115005719e-16,7.599063500447001e-16
8,adam,349,8598.681599999996,11598.681599999996,3.4230700925655215e-08,3.3788611122324565e-08,4.854607263764468e-10,2.62128539417712e-08,7.090296454176917e-09,3.512406607731013e-10,0.0,1.635368155068859e-14,6.243214879643761e-16,5.862849989937738e-16
8,adam,374,8598.681599999996,11598.681599999996,2.6284372982479642e-08,2.5927573653436475e-08,4.1002223672332935e-10,2.0062628023676992e-08,5.454923393036151e-09,2.6594952842749256e-10,0.0,1.3813038978424333e-14,4.778213023941909e-16,4.510551066798242e-16
8,adam,399,8598.681599999996,11598.681599999996,2.019851150573019e-08,1.990045213906482e-08,3.5463092302747133e-10,1.534839004042164e-08,4.1974311756157045e-09,2.0720885111002796e-10,0.0,1.1947500466967872e-14,3.6553160953468813e-16,3.4707190791583155e-16
8,adam,424,8598.681599999996,11598.681599999996,1.5873602538785597e-08,1.5608702784258507e-08,3.34024225477106e-10,1.19754446084728e-08,3.299233950308601e-09,1.740482966849068e-10,0.0,1.1253700851909279e-14,2.851997182748884e-16,2.727977667560588e-16
8,adam,449,8598.681599999996,11598.681599999996,1.2387409167585838e-08,1.2160201998587157e-08,3.0594823847172714e-10,9.286286794807286e-09,2.567966965308144e-09,1.3635478757986238e-10,0.0,1.0308112088052632e-14,2.2115266490445972e-16,2.1233069108565933e-16
8,adam,474,8598.681599999996,11598.681599999996,9.844764041010502e-09,9.632689550615777e-09,2.8369343683294567e-10,7.319161803510464e-09,2.029834310272369e-09,1.2122136925215035e-10,0.0,9.5585346702745e-15,1.7430112487632467e-16,1.6783339718586086e-16
8,adam,499,8598.681599999996,11598.681599999996,7.988084662940604e-09,7.78539046563958e-09,2.651651980738435e-10,5.883866394985381e-09,1.636358872580354e-09,1.1184049014057751e-10,0.0,8.934450997680479e-15,1.401172200056748e-16,1.352969425875658e-16
8,adam,524,8598.681599999996,11598.681599999996,6.631830638658467e-09,6.434977614797055e-09,2.494027726887447e-10,4.837086235072014e-09,1.3484886070362964e-09,1.0599884750431705e-10,0.0,8.403507461755378e-15,1.1518653404537522e-16,1.1149287475297623e-16
8,adam,549,8598.681599999996,11598.681599999996,5.6403999631713264e-09,5.44751950043128e-09,2.356200773553226e-10,4.0744485028584836e-09,1.137450920217473e-09,1.0202591219593599e-10,0.0,7.93923304461248e-15,9.70231710849447e-17,9.404198957030048e-17
8,adam,574,8598.681599999996,11598.681599999996,4.912828398225402e-09,4.723117654426367e-09,2.2318027693573297e-10,3.5178304003840295e-09,9.82106977106605e-10,9.885590120335227e-11,0.0,7.520181485884992e-15,8.376640440127718e-17,8.119631331464134e-17
8,adam,599,8598.681599999996,11598.681599999996,4.374075066927086e-09,4.187293410213123e-09,2.1163744288039466e-10,3.108816472240456e-09,8.668394950922716e-10,9.59265956137408e-11,0.0,7.131334351844742e-15,7.402490779458203e-17,7.166445755314088e-17
8,adam,624,8598.681599999996,11598.681599999996,3.7169491208882186e-09,3.5380515620657013e-09,1.930318000623815e-10,2.6089981174013367e-09,7.360216446019827e-10,8.804226437664019e-11,0.0,6.5044704489598535e-15,6.211951827861719e-17,6.08480749547405e-17
8,adam,649,8598.681599999996,11598.681599999996,3.433620350322953e-09,3.2528795606909545e-09,1.8373735698433188e-10,2.4000404755765383e-09,6.691017281300841e-10,8.988533310986927e-11,0.0,6.1913483464455105e-15,5.714305660482665e-17,5.531415770347008e-17
8,adam,674,8598.681599999996,11598.681599999996,3.2152275453624925e-09,3.0380848756052156e-09,1.7474978919278648e-10,2.239826808844753e-09,6.235082775676763e-10,8.62871354247509e-11,0.0,5.888567082521322e-15,5.33269124014111e-17,5.1543667494841343e-17
8,adam,699,8598.681599999996,11598.681599999996,3.038359997866151e-09,2.8647043390307293e-09,1.657646311253683e-10,2.1128438805447843e-09,5.86095827360577e-10,8.280011403677133e-11,0.0,5.585856965265091e-15,5.0302202327164924e-17,4.8449490243381964e-17
8,adam,724,8598.681599999996,11598.681599999996,2.8895764648514335e-09,2.719534649242388e-09,1.5691571988510533e-10,2.007549228362881e-09,5.550697009944016e-10,7.918630869331768e-11,0.0,5.287730063780156e-15,4.779398445764667e-17,4.5883373620691586e-17
8,adam,749,8598.681599999996,11598.681599999996,2.760166170080688e-09,2.593843061431797e-09,1.48324976244312e-10,1.917004107180296e-09,5.285139780071886e-10,7.546767609362584e-11,0.0,4.9982939271556384e-15,4.5637044227422407e-17,4.368694164824402e-17
8,adam,774,8598.681599999996,11598.681599999996,2.644368954676274e-09,2.481753915209133e-09,1.4005683382645738e-10,1.8366396158700917e-09,5.050574655125843e-10,7.175970994904913e-11,0.0,4.719720299067579e-15,4.372260130194019e-17,4.174683386299687e-17
8,adam,799,8598.681599999996,11598.681599999996,2.5384027464618585e-09,2.3794264595375095e-09,1.321455311353194e-10,1.7634466139631641e-09,4.838343144390263e-10,6.81210832007998e-11,0.0,4.453164020193534e-15,4.1979010986383984e-17,3.999146632369732e-17
8,adam,824,8598.681599999996,11598.681599999996,2.4834083261621256e-09,2.328950703340766e-09,1.3089710655015504e-10,1.7260053030017405e-09,4.720482937888704e-10,6.360264328040289e-11,0.0,4.411141724051244e-15,4.108703972369611e-17,3.901624875017142e-17
8,adam,849,8598.681599999996,11598.681599999996,2.383627682273879e-09,2.2322858902771324e-09,1.2289126390000633e-10,1.6560238725066349e-09,4.533707538704912e-10,6.048703948007586e-11,0.0,4.1413837714562415e-15,3.94200436717101e-17,3.7471313557518456e-17
8,adam,874,8598.681599999996,11598.681599999996,2.29188888329215e-09,2.1437804078121116e-09,1.1564606413981358e-10,1.5917738780966079e-09,4.363604655756902e-10,5.7253909184657025e-11,0.0,3.897256091466079e-15,3.7889588745760684e-17,3.606446629597221e-17
8,adam,899,8598.681599999996,11598.681599999996,2.2051664669206464e-09,2.060131735242415e-09,1.0905288418241363e-10,1.5316883697482551e-09,4.193904813117464e-10,5.4180338812647445e-11,0.0,3.675096146709368e-15,3.645844380066948e-17,3.466106505823022e-17
8,adam,924,8598.681599999996,11598.681599999996,2.122520030926528e-09,1.980302063018211e-09,1.0289815123168303e-10,1.4741949744650739e-09,4.0320893732145407e-10,5.1363750142761607e-11,0.0,3.4677076547747527e-15,3.5089104359294385e-17,3.332294389384871e-17
8,adam,949,8598.681599999996,11598.681599999996,2.043472353684671e-09,1.9038873825820485e-09,9.715400803026761e-11,1.4189652084966709e-09,3.8776816605510996e-10,4.873093297328206e-11,0.0,3.2741520946079174e-15,3.3773744258241796e-17,3.20461425709038e-17
8,adam,974,8598.681599999996,11598.681599999996,1.967700411850256e-09,1.830548322753224e-09,9.179765601187519e-11,1.3657791764429466e-09,3.7297149029840223e-10,4.6298234227982596e-11,0.0,3.09366164340202e-15,3.25071225941297e-17,3.0822659623445976e-17
8,adam,999,8598.681599999996,11598.681599999996,1.8949700072038818e-09,1.7600484673707512e-09,8.681443474015458e-11,1.3144755038085104e-09,3.587585288220863e-10,4.4067870378289444e-11,0.0,2.9257426424000845e-15,3.128539027860296e-17,2.964749697479793e-17
8,adam,1024,8598.681599999996,11598.681599999996,1.914862050814647e-09,1.7823210100136496e-09,7.94394915603453e-11,1.3390945184891714e-09,3.63786999964133e-10,4.168753963676803e-11,0.0,2.6772242546709556e-15,3.1870958714915295e-17,3.006206290309959e-17
8,adam,1049,8598.681599999996,11598.681599999996,1.8314489268180609e-09,1.6997226637682722e-09,7.545537809857639e-11,1.2767298405932143e-09,3.475374450764815e-10,4.087291533283861e-11,0.0,2.5429639871544958e-15,3.038593244743916e-17,2.871875813498817e-17
8,adam,1074,8598.681599999996,11598.681599999996,1.7540186637878835e-09,1.6239674119141027e-09,7.178029178963365e-11,1.220643553992797e-09,3.315435661316721e-10,3.9198057453021716e-11,0.0,2.4191204907579913e-15,2.905056790596865e-17,2.7396585179385442e-17
8,adam,1099,8598.681599999996,11598.681599999996,1.68121914610264e-09,1.552794082195872e-09,6.834313927965989e-11,1.167427968319163e-09,3.1702297459704933e-10,3.757202864255998e-11,0.0,2.3032942507974848e-15,2.7783571442211127e-17,2.6196265572898544e-17
8,adam,1124,8598.681599999996,11598.681599999996,1.6123298483161501e-09,1.4853501869780113e-09,6.50956719332747e-11,1.116964638312113e-09,3.032898767326237e-10,3.6126791094461445e-11,0.0,2.193859392035671e-15,2.6582151252323358e-17,2.506108385859039e-17
8,adam,1149,8598.681599999996,11598.681599999996,1.5468986371172866e-09,1.42124979783469e-09,6.205291533476015e-11,1.068948952764637e-09,2.902479297352931e-10,3.479613796732798e-11,0.0,2.091322316772358e-15,2.5439049848556525e-17,2.398306973965448e-17
8,adam,1174,8598.681599999996,11598.681599999996,1.4846202648527369e-09,1.3601796997750328e-09,5.921165861864246e-11,1.0231337328154689e-09,2.7783430834092134e-10,3.3588034818356346e-11,0.0,1.9955748336235222e-15,2.4348374725256175e-17,2.2957026169496314e-17
8,adam,1199,8598.681599999996,11598.681599999996,1.4252723659186383e-09,1.3019300683746666e-09,5.656392357448199e-11,9.793735424394577e-10,2.6599260236072666e-10,3.24899391264366e-11,0.0,1.9063481890389854e-15,2.330665769244385e-17,2.1978285139735554e-17
8,adam,1224,8598.681599999996,11598.681599999996,1.3718426523532996e-09,1.2506808527898384e-09,5.285106703820133e-11,9.409837709807089e-10,2.5684601477092813e-10,3.030962259009866e-11,0.0,1.7812261837278504e-15,2.2392593877687944e-17,2.122242962775473e-17
8,adam,1249,8598.681599999996,11598.681599999996,1.3167888557553176e-09,1.1959035077624497e-09,5.03341627227815e-11,9.00981201773286e-10,2.4458814326638214e-10,3.003335841748589e-11,0.0,1.6964075712499532e-15,2.1440463114542555e-17,2.0209334897795464e-17
8,adam,1274,8598.681599999996,11598.681599999996,1.265530903081341e-09,1.14532061226408e-09,4.812904444224767e-11,8.633039650720402e-10,2.3388760274979213e-10,2.9358484053356006e-11,0.0,1.6220953957091034e-15,2.054365816416e-17,1.932496099113934e-17
8,adam,1299,8598.681599999996,11598.681599999996,1.2168282313675392e-09,1.0972342224941325e-09,4.610714902360032e-11,8.271379420176221e-10,2.239891314529101e-10,2.8742379580587592e-11,0.0,1.5539568457402644e-15,1.96828259690742e-17,1.8506903407190612e-17
8,adam,1324,8598.681599999996,11598.681599999996,1.1704142824055582e-09,1.0514925381795794e-09,4.4242218784083244e-11,7.925495832437142e-10,2.147007361517819e-10,2.8070287585302417e-11,0.0,1.4911076425553963e-15,1.885955669755326e-17,1.773928632401397e-17
8,adam,1349,8598.681599999996,11598.681599999996,1.1261666033101646e-09,1.0078204528293273e-09,4.2503940922524133e-11,7.595311200703922e-10,2.0578539183641092e-10,2.7494862596241297e-11,0.0,1.4325263999739176e-15,1.8073674409714217e-17,1.7002515602214984e-17
8,adam,1374,8598.681599999996,11598.681599999996,1.0839786859007747e-09,9.661608654132858e-10,4.0882748835590146e-11,7.280161669675051e-10,1.9726194961019062e-10,2.6966698051351536e-11,0.0,1.377890715642287e-15,1.73235940849134e-17,1.6298146370288906e-17
8,adam,1399,8598.681599999996,11598.681599999996,1.0437543485307622e-09,9.264247213159992e-10,3.936767447219802e-11,6.979404394327664e-10,1.8911660741103476e-10,2.6478667319328844e-11,0.0,1.3268309947923706e-15,1.6607782943049804e-17,1.5625035626082047e-17
8,lbfgs,1400,8598.681599999996,11598.681599999996,1.062615000060115e-09,9.453058078858215e-10,4.336012212279597e-11,7.11737130932714e-10,1.9020855483031169e-10,2.645823872318037e-11,0.0,1.461384781604403e-15,1.6936161772339976e-17,1.5715245509871186e-17
8,lbfgs,1409,8598.681599999996,11598.681599999996,1.6835061285955212e-09,1.3998399093012553e-09,4.407356228250843e-11,1.0386978878402083e-09,3.1706845917853855e-10,1.9281526568670835e-10,0.0,1.4854251597400787e-15,2.4712541659669455e-17,2.6195761649798566e-17
8,lbfgs,1419,8598.681599999996,11598.681599999996,1.0570802712644194e-09,9.390009892660966e-10,4.3340999393447764e-11,7.051383635823136e-10,1.9052162629033528e-10,2.7228328589389703e-11,0.0,1.460740008126067e-15,1.6779005564923175e-17,1.574118421222935e-17
8,lbfgs,1429,8598.681599999996,11598.681599999996,1.1485498108092272e-09,1.0149083679960238e-09,4.358481163352521e-11,7.548144965986581e-10,2.1650905976384033e-10,4.2790489350001656e-11,0.0,1.4689554582468307e-15,1.7960151569121945e-17,1.788830029669405e-17
8,lbfgs,1439,8598.681599999996,11598.681599999996,1.0561330366485153e-09,9.383610916534591e-10,4.3307927878890635e-11,7.04307202493061e-10,1.907459612815074e-10,2.6920991618545896e-11,0.0,1.459625444236532e-15,1.6759178085180363e-17,1.575971371467013e-17
8,lbfgs,1449,8598.681599999996,11598.681599999996,1.1210557411578499e-09,9.940076786159773e-10,4.34981912797345e-11,7.401022387203094e-10,2.1040724861593333e-10,3.6197109125164615e-11,0.0,1.4660365080467655e-15,1.7610214928138706e-17,1.7384173685656932e-17
8,lbfgs,1459,8598.681599999996,11598.681599999996,1.0556067422597447e-09,9.37811048060071e-10,4.3264859164735954e-11,7.039144338744131e-10,1.9063175502092204e-10,2.6944740858900946e-11,0.0,1.4581740809052996e-15,1.6749805210440713e-17,1.5750256043509816e-17
8,lbfgs,1469,8598.681599999996,11598.681599999996,1.1187365482391301e-09,9.92089637739323e-10,4.344877117154839e-11,7.388714743034838e-10,2.0976939226429072e-10,3.579595711998816e-11,0.0,1.4643711353039944e-15,1.7580914507973228e-17,1.733145023391843e-17
8,lbfgs,1479,8598.681599999996,11598.681599999996,1.0551041639567528e-09,9.37282415147282e-10,4.32215094447507e-11,7.035688486480817e-10,1.9049205705444965e-10,2.6970795504832084e-11,0.0,1.4567132981889562e-15,1.6741557923280543e-17,1.5738690910937604e-17
8,lbfgs,1489,8598.681599999996,11598.681599999996,1.1177023600849388e-09,9.91144019308706e-10,4.340204761831096e-11,7.383159225790398e-10,2.0942604911135524e-10,3.5707387432894326e-11,0.0,1.4627966680942754e-15,1.7567673127413925e-17,1.730305847574234e-17
8,lbfgs,1499,8598.681599999996,11598.681599999996,1.0546063495377645e-09,9.367599337566243e-10,4.317885803564598e-11,7.032253050743786e-10,1.903557706465998e-10,2.6995462512776213e-11,0.0,1.45527608261517e-15,1.6733360015138196e-17,1.5727408224254344e-17
8,lbfgs,1509,8598.681599999996,11598.681599999996,1.1168294183624403e-09,9.903261309108625e-10,4.335648432874085e-11,7.378387291771878e-10,2.0913091740493398e-10,3.5652334144748075e-11,0.0,1.4612613293404247e-15,1.755629590515881e-17,1.727865058357212e-17
8,lbfgs,1519,8598.681599999996,11598.681599999996,1.0541115990961692e-09,9.362401536401825e-10,4.31371422291305e-11,7.028790476397068e-10,1.902239637713453e-10,2.702049222397895e-11,0.0,1.4538704219861238e-15,1.6725098137165182e-17,1.5716496410365477e-17
8,lbfgs,1529,8598.681599999996,11598.681599999996,1.1160107772147308e-09,9.895549618682721e-10,4.331208818657616e-11,7.373847015650442e-10,2.0885817211665174e-10,3.560486207617126e-11,0.0,1.4597653445432465e-15,1.754547025598516e-17,1.725609302659836e-17
8,lbfgs,1539,8598.681599999996,11598.681599999996,1.0536194507889299e-09,9.357229258903192e-10,4.309651370953252e-11,7.025308414067097e-10,1.9009557077407687e-10,2.7045571703004112e-11,0.0,1.4525014217995848e-15,1.6716790496901865e-17,1.5705867394695637e-17
8,lbfgs,1549,8598.681599999996,11598.681599999996,1.1152225522124556e-09,9.888110302692347e-10,4.326895220224338e-11,7.369418746386895e-10,2.0860020342830195e-10,3.556056870949239e-11,0.0,1.4583118430314024e-15,1.7534911641206186e-17,1.7234757057474573e-17
8,lbfgs,1559,8598.681599999996,11598.681599999996,1.0531296702713825e-09,9.35208484377998e-10,4.3057079796979924e-11,7.021817036572255e-10,1.8996970092379239e-10,2.7070232734199745e-11,0.0,1.4511726940344216e-15,1.6708461309731935e-17,1.5695447534065942e-17
8,lbfgs,1569,8598.681599999996,11598.681599999996,1.1144569688795696e-09,9.88087389792447e-10,4.32271542588149e-11,7.365066325654829e-10,2.0835360296814923e-10,3.551862588995436e-11,0.0,1.4569034454878119e-15,1.7524534069451682e-17,1.7214361036372483e-17
8,lbfgs,1579,8598.681599999996,11598.681599999996,1.0526420921471967e-09,9.346969586592858e-10,4.3018910804503464e-11,7.01832280542586e-10,1.8984576731219636e-10,2.7094180365153117e-11,0.0,1.4498866046226533e-15,1.6700125947520584e-17,1.5685188293968255e-17
8,lbfgs,1589,8598.681599999996,11598.681599999996,1.1137106719339708e-09,9.873808521598087e-10,4.318674413972044e-11,7.360776439302326e-10,2.081164640898557e-10,3.547886661354403e-11,0.0,1.4555418265256113e-15,1.751430586632972e-17,1.7194747399564375e-17
8,lbfgs,1599,8598.681599999996,11598.681599999996,1.0521565788765062e-09,9.341883630690607e-10,4.2982046271362954e-11,7.014829255908764e-10,1.897233912068213e-10,2.711726272110876e-11,0.0,1.448644483237295e-15,1.6691792810173893e-17,1.567505834720957e-17
8,lbfgs,1609,8598.681599999996,11598.681599999996,1.1129816836842834e-09,9.86689535753285e-10,4.314774524013423e-11,7.356542595068141e-10,2.0788753100633653e-10,3.5441194806913544e-11,0.0,1.4542277721607697e-15,1.7504211575252754e-17,1.7175812362178803e-17
8,lbfgs,1619,8598.681599999996,11598.681599999996,1.0516730083651974e-09,9.336826425568411e-10,4.294650119514604e-11,7.011338204466794e-10,1.8960232091501573e-10,2.7139412758428477e-11,0.0,1.4474468331215793e-15,1.668346620293204e-17,1.5665036868300886e-17
8,lbfgs,1629,8598.681599999996,11598.681599999996,1.1122685349892557e-09,9.860120925012734e-10,4.311015945512499e-11,7.352360498434347e-10,2.0766588320271374e-10,3.540548940040846e-11,0.0,1.4529613443873456e-15,1.7494240963501277e-17,1.7157479843249054e-17
8,lbfgs,1639,8598.681599999996,11598.681599999996,1.0511912694397868e-09,9.331797072184249e-10,4.291227166592407e-11,7.00785053785775e-10,1.894823817667259e-10,2.7160609207824963e-11,0.0,1.4462935208169927e-15,1.6675148216818965e-17,1.5655109399281444e-17
8,lbfgs,1649,8598.681599999996,11598.681599999996,1.1115699903498272e-09,9.853474320751104e-10,4.307397215733495e-11,7.34822661549093e-10,2.074507983686824e-10,3.537160522362776e-11,0.0,1.4517420488057538e-15,1.7484385606206303e-17,1.7139690140140215e-17
8,lbfgs,1659,8598.681599999996,11598.681599999996,1.0507112600320011e-09,9.326794521106233e-10,4.287933961528428e-11,7.004366657179134e-10,1.8936344677742554e-10,2.718085494421087e-11,0.0,1.445183936096946e-15,1.66668397866639e-17,1.5645265424752014e-17
8,lbfgs,1669,8598.681599999996,11598.681599999996,1.1108849627271053e-09,9.846946207163503e-10,4.3039156516555595e-11,7.344137773877067e-10,2.0724168681208816e-10,3.533938899612267e-11,0.0,1.4505689801000623e-15,1.7474637938248943e-17,1.7122394509102408e-17
8,lbfgs,1679,8598.681599999996,11598.681599999996,1.0502328859727461e-09,9.321817679230105e-10,4.284767667193088e-11,7.000886715062821e-10,1.8924541974479755e-10,2.7200165108915048e-11,0.0,1.4441171218171411e-15,1.6658541256233462e-17,1.5635496974619676e-17
8,lbfgs,1689,8598.681599999996,11598.681599999996,1.1102124588480381e-09,9.840528199699542e-10,4.30056769539965e-11,7.340090931067851e-10,2.070380499091725e-10,3.530868589987846e-11,0.0,1.4494409383757876e-15,1.7464990703667446e-17,1.7105551732016605e-17
8,lbfgs,1699,8598.681599999996,11598.681599999996,1.0497560602510583e-09,9.316865463318958e-10,4.2817247204700655e-11,6.997410740258869e-10,1.8912822510130827e-10,2.72185610146628e-11,0.0,1.4430918764007931e-15,1.66502526750297e-17,1.562579778526752e-17
8,lbfgs,1709,8598.681599999996,11598.681599999996,1.109551586086846e-09,9.834212818539684e-10,4.297349190949501e-11,7.336083274412684e-10,2.0683946250320508e-10,3.527935129106788e-11,0.0,1.4483565223595585e-15,1.7455437193792783e-17,1.7089126661866668e-17
8,lbfgs,1719,8598.681599999996,11598.681599999996,1.0492807023257258e-09,9.311936824726929e-10,4.278801067562835e-11,6.993938701552632e-10,1.8901180164180137e-10,2.723606698482763e-11,0.0,1.442106833087237e-15,1.6641973950529043e-17,1.561616278102676e-17
8,lbfgs,1729,8598.681599999996,11598.681599999996,1.1089015236037928e-09,9.8279932122071e-10,4.294255592070032e-11,7.332112117658985e-10,2.0664555353411124e-10,3.5251249477637756e-11,0.0,1.4473141994250853e-15,1.7445971001254564e-17,1.7073088622199404e-17
8,lbfgs,1739,8598.681599999996,11598.681599999996,1.048806737620508e-09,9.307030760976405e-10,4.27599234471665e-11,6.990470540957041e-10,1.8889609855476985e-10,2.7252708690929382e-11,0.0,1.4411605207966208e-15,1.6633704927214575e-17,1.5606587746075555e-17
8,lbfgs,1749,8598.681599999996,11598.681599999996,1.1082615115416944e-09,9.821863045703476e-10,4.291282121915754e-11,7.32817488753674e-10,2.0645599459751607e-10,3.5224254102234686e-11,0.0,1.4463123593480282e-15,1.743658598810656e-17,1.705741046175209e-17
8,lbfgs,1759,8598.681599999996,11598.681599999996,1.0483340969319945e-09,9.302146320059813e-10,4.2732940146029724e-11,6.987006189961853e-10,1.887810728637663e-10,2.726851213031452e-11,0.0,1.440251410061534e-15,1.662544542523581e-17,1.5597069112900753e-17
8,lbfgs,1769,8598.681599999996,11598.681599999996,1.1076308612282717e-09,9.815816563722383e-10,4.288423894684662e-11,7.324269217329387e-10,2.0627049569245304e-10,3.5198252023222344e-11,0.0,1.4453493552776215e-15,1.7427276508348077e-17,1.7042068203011893e-17
8,lbfgs,1779,8598.681599999996,11598.681599999996,1.0478627161129175e-09,9.297282598756185e-10,4.2707014675646096e-11,6.98354557768637e-10,1.8866668743133533e-10,2.7283503477811922e-11,0.0,1.4393779471233837e-15,1.6617195259796322e-17,1.5587603797263444e-17
8,lbfgs,1789,8598.681599999996,11598.681599999996,1.1070089191421083e-09,9.809848304430103e-10,4.285676001022499e-11,7.320392779968441e-10,2.0608879243594125e-10,3.517313590255629e-11,0.0,1.4444235324980407e-15,1.741803701097566e-17,1.702703998585492e-17
8,lbfgs,1799,8598.681599999996,11598.681599999996,1.0473925356453455e-09,9.292438743031644e-10,4.2682100976178335e-11,6.980088635104966e-10,1.885529098164896e-10,2.7297708618877322e-11,0.0,1.4385385795269424e-15,1.660895425117374e-17,1.5578189103723333e-17
8,lbfgs,1809,8598.681599999996,11598.681599999996,1.1063951032169357e-09,9.80395337507982e-10,4.283033578179827e-11,7.316543512110411e-10,2.0591065051514277e-10,3.514881294864978e-11,0.0,1.4435332520555536e-15,1.7408862572851382e-17,1.7012306435271088e-17
8,lbfgs,1819,8598.681599999996,11598.681599999996,1.046923500230212e-09,9.287613944307701e-10,4.265815356384583e-11,6.976635296075904e-10,1.8843971125933383e-10,2.731115311229352e-11,0.0,1.4377317742814852e-15,1.6600722227135e-17,1.55688226416735e-17
8,lbfgs,1829,8598.681599999996,11598.681599999996,1.1057888519069969e-09,9.798127056229577e-10,4.2804918504612775e-11,7.31271935460756e-10,2.0573585165758896e-10,3.512519355994234e-11,0.0,1.442676904378117e-15,1.739974828146467e-17,1.6997849502235533e-17
8,lbfgs,1839,8598.681599999996,11598.681599999996,1.0464555586309044e-09,9.282807437599482e-10,4.263512792551562e-11,6.9731854988765e-10,1.8832706594678265e-10,2.7323862219935055e-11,0.0,1.4369560311474541e-15,1.659249902656515e-17,1.555950226461841e-17
8,lbfgs,1849,8598.681599999996,11598.681599999996,1.1051896613608746e-09,9.7923650874524e-10,4.2780461678551005e-11,7.308918472986893e-10,2.055641997679996e-10,3.510219992771399e-11,0.0,1.4418529222837713e-15,1.7390689759246995e-17,1.6983652970640464e-17
8,lbfgs,1859,8598.681599999996,11598.681599999996,1.0459886631356401e-09,9.278018499281075e-10,4.261298078757933e-11,6.969739185324093e-10,1.8821495060811877e-10,2.7335860592611356e-11,0.0,1.4362098916891048e-15,1.65842844973327e-17,1.5550226036713545e-17
8,lbfgs,1869,8598.681599999996,11598.681599999996,1.1045970643206644e-09,9.78666350312249e-10,4.275692024931285e-11,7.305139154646442e-10,2.0539551459829197e-10,3.5079761356640673e-11,0.0,1.4410597873421192e-15,1.738168291904978e-17,1.6969701934290924e-17
8,lbfgs,1879,8598.681599999996,11598.681599999996,1.0455227695041588e-09,9.273246443105333e-10,4.2591670292686137e-11,6.966296301162755e-10,1.881033439015717e-10,2.7347172614776322e-11,0.0,1.4354919452237074e-15,1.657607849719582e-17,1.5540992182037482e-17
8,lbfgs,1889,8598.681599999996,11598.681599999996,1.1040106209298528e-09,9.781018561202992e-10,4.2734250750595755e-11,7.301379769187499e-10,2.052296284509535e-10,3.505781219389545e-11,0.0,1.4402960346600791e-15,1.7372723869786956e-17,1.6955982524517678e-17
8,lbfgs,1899,8598.681599999996,11598.681599999996,1.0450578365619446e-09,9.268490619945278e-10,4.257115611871017e-11,6.96285679574575e-10,1.879922263012426e-10,2.7357822024612846e-11,0.0,1.4348008328255018e-15,1.6567880893009117e-17,1.5531799075222582e-17
8,lbfgs,1909,8598.681599999996,11598.681599999996,1.103429939067411e-09,9.775426899571375e-10,4.271241141066341e-11,7.297638888998341e-10,2.0506638964663989e-10,3.503629653070238e-11,0.0,1.43956025646857e-15,1.7363809203173487e-17,1.6942482196604266e-17
8,lbfgs,1919,8598.681599999996,11598.681599999996,1.0445938259843747e-09,9.263750413579942e-10,4.2551399533758114e-11,6.959420621251389e-10,1.8788157969909714e-10,2.7367832119594762e-11,0.0,1.434135249175443e-15,1.655969155883876e-17,1.552264520853422e-17
8,lbfgs,1929,8598.681599999996,11598.681599999996,1.1028546390082683e-09,9.769885262830799e-10,4.269136215024852e-11,7.293915102093075e-10,2.0490565392352382e-10,3.501516018167514e-11,0.0,1.4388511020486206e-15,1.735493554860073e-17,1.6929189019219504e-17
8,lbfgs,1939,8598.681599999996,11598.681599999996,1.0441307021523804e-09,9.259025239591263e-10,4.253236342486557e-11,6.955987733000182e-10,1.8777138723424255e-10,2.7377225722460023e-11,0.0,1.4334939435249936e-15,1.6551510376696553e-17,1.5513529177741184e-17
8,lbfgs,1949,8598.681599999996,11598.681599999996,1.1022843733567594e-09,9.76439065597651e-10,4.2671064618109795e-11,7.290207127792718e-10,2.047472882002696e-10,3.4994355251624737e-11,0.0,1.438167278926659e-15,1.7346099848223868e-17,1.6916091985258806e-17
8,lbfgs,1959,8598.681599999996,11598.681599999996,1.0436684319581764e-09,9.254314543686732e-10,4.251401229622615e-11,6.952558089279854e-10,1.8766163314446157e-10,2.7386025154674766e-11,0.0,1.4328757196339527e-15,1.654333723610243e-17,1.5504449669825814e-17
8,lbfgs,1969,8598.681599999996,11598.681599999996,1.1017188267146154e-09,9.758940341703415e-10,4.2651482176660206e-11,7.286513820094127e-10,2.0459116998426843e-10,3.497384007279211e-11,0.0,1.4375075523880046e-15,1.7337299364952764e-17,1.6903180962926643e-17
8,lbfgs,1979,8598.681599999996,11598.681599999996,1.0432069845333478e-09,9.249617800103925e-10,4.24963122466165e-11,6.949131650814879e-10,1.875523026822882e-10,2.739425212406629e-11,0.0,1.4322794350077052e-15,1.653517203279837e-17,1.5495405456029246e-17
8,lbfgs,1989,8598.681599999996,11598.681599999996,1.1011576999143968e-09,9.753531718180133e-10,4.263257984690953e-11,7.282834084951606e-10,2.0443718347594303e-10,3.495357566087618e-11,0.0,1.4368707436198875e-15,1.7328531485710266e-17,1.6890446373869055e-17
8,lbfgs,1999,8598.681599999996,11598.681599999996,1.0427463311510383e-09,9.244934508923061e-10,4.247923093068627e-11,6.945708380515049e-10,1.8744338191011504e-10,2.7401927895757412e-11,0.0,1.4317039995911616e-15,1.652701466813756e-17,1.5486395374899676e-17
8,lbfgs,2009,8598.681599999996,11598.681599999996,1.1006007248270282e-09,9.748162433320381e-10,4.261432428547919e-11,7.279166965573479e-10,2.0428522248921107e-10,3.493352909543021e-11,0.0,1.4362557289353355e-15,1.731979392426375e-17,1.6877879434419107e-17
8,lbfgs,2019,8598.681599999996,11598.681599999996,1.0422864449992749e-09,9.240264195679732e-10,4.2462737515750664e-11,6.942288243400851e-10,1.8733485771213746e-10,2.7409073104215723e-11,0.0,1.4311483743114332e-15,1.6518865048883824e-17,1.547741833326431e-17
8,lbfgs,2029,8598.681599999996,11598.681599999996,1.1000476433537926e-09,9.742830222078328e-10,4.259668370555442e-11,7.27551152956379e-10,2.0413518554589938e-10,3.491366878232083e-11,0.0,1.4356614371083912e-15,1.7311084452809943e-17,1.6865471750304854e-17
8,lbfgs,2039,8598.681599999996,11598.681599999996,1.0418273011388288e-09,9.23560640905572e-10,4.244680262833589e-11,6.93887120653914e-10,1.872267176233221e-10,2.7415707942034916e-11,0.0,1.4306115692754108e-15,1.6510723087049432e-17,1.546847329207884e-17
8,lbfgs,2049,8598.681599999996,11598.681599999996,1.0994982196248247e-09,9.737533000677038e-10,4.257962783738495e-11,7.271866938996297e-10,2.0398697833068922e-10,3.489396722937722e-11,0.0,1.4350868480420131e-15,1.730240106860675e-17,1.6853215519440004e-17
8,lbfgs,2059,8598.681599999996,11598.681599999996,1.041368876269098e-09,9.230960720333097e-10,4.2431398299494203e-11,6.935457238767648e-10,1.8711894985705073e-10,2.7421851980405985e-11,0.0,1.4300926419261266e-15,1.650258869921748e-17,1.5459559268698147e-17
8,lbfgs,2069,8598.681599999996,11598.681599999996,1.0989522356791791e-09,9.732268832868786e-10,4.2563127861562596e-11,7.268232428837811e-10,2.038405125415348e-10,3.487440010042577e-11,0.0,1.4345309905188615e-15,1.729374194264181e-17,1.684110343693095e-17
8,lbfgs,2079,8598.681599999996,11598.681599999996,1.0409111486700475e-09,9.226326721640858e-10,4.241649790607373e-11,6.932046310646935e-10,1.8701154319331857e-10,2.742752428639442e-11,0.0,1.4295906950629536e-15,1.6494461806417507e-17,1.5450675327622678e-17
8,lbfgs,2089,8598.681599999996,11598.681599999996,1.09840949585866e-09,9.72703596372745e-10,4.254715635413694e-11,7.264607333322418e-10,2.0369570668636627e-10,3.485494722988421e-11,0.0,1.4339929403511756e-15,1.7285105482339232e-17,1.6829128760875653e-17
8,lbfgs,2099,8598.681599999996,11598.681599999996,1.0404540980276781e-09,9.221704024765276e-10,4.2402076111631604e-11,6.928638394086598e-10,1.8690448695623623e-10,2.743274336737482e-11,0.0,1.4291048748498449e-15,1.648634233321921e-17,1.5441820578625933e-17
8,lbfgs,2109,8598.681599999996,11598.681599999996,1.0978698012148214e-09,9.721832621376503e-10,4.2531687195109294e-11,7.260990946178263e-10,2.0355248032471476e-10,3.483558685695947e-11,0.0,1.4334718172967392e-15,1.7276489999142552e-17,1.6817284836628263e-17
8,lbfgs,2119,8598.681599999996,11598.681599999996,1.0399977054385827e-09,9.217092260496716e-10,4.2388108809722315e-11,6.925233462836903e-10,1.8679777095625895e-10,2.7437527240903004e-11,0.0,1.428634368903768e-15,1.647823020889335e-17,1.5432994171968658e-17
8,lbfgs,2129,8598.681599999996,11598.681599999996,1.0973329840643244e-09,9.716657284336229e-10,4.2516695550666823e-11,7.257382713495928e-10,2.0341076153336323e-10,3.481630344628431e-11,0.0,1.4329667844595308e-15,1.7267894167171786e-17,1.6805565713543008e-17
8,lbfgs,2139,8598.681599999996,11598.681599999996,1.0395419531615843e-09,9.212491077656726e-10,4.2374573066196875e-11,6.921831491790051e-10,1.8669138552047072e-10,2.7441893283648163e-11,0.0,1.4281784043498671e-15,1.6470125365729423e-17,1.5424195300889822e-17
8,lbfgs,2149,8598.681599999996,11598.681599999996,1.096798882502345e-09,9.711508483754946e-10,4.250215778115928e-11,7.253782093975091e-10,2.0327048119682618e-10,3.4797081978203675e-11,0.0,1.4324770451885075e-15,1.7259316690852186e-17,1.6793965673274752e-17
9,adam,0,11598.681599999996,14598.681599999996,1.0241633173873669e-10,1.0520367457531665e-11,5.563748897234807e-14,1.0464675251876339e-11,5.471668297894095e-17,3.506789152510554e-12,0.0,1.875068405729422e-18,2.48923032057773e-19,4.5190778894625114e-24
9,adam,24,11598.681599999996,14598.681599999996,3.604155375958064e-05,2.720174335386157e-05,2.971000873386694e-08,2.1386111247252565e-05,5.785922097875139e-06,8.839722552649575e-06,0.0,9.96309964880556e-13,5.04289195050022e-13,4.827022834616276e-13
9,adam,49,11598.681599999996,14598.681599999996,1.8902523796570785e-06,1.1802046881780256e-06,5.788597541453802e-09,9.132342372644222e-07,2.6118185337214955e-07,7.099600290808203e-07,0.0,1.9518844203759543e-13,2.168219014402088e-14,2.1629716700984665e-14
9,adam,74,11598.681599999996,14598.681599999996,1.0445104698451238e-06,8.307115311979911e-07,5.841843994461825e-09,6.562224079276949e-07,1.6864727927583442e-07,2.1371130871004986e-07,0.0,1.9667332097759538e-13,1.5598145454353864e-14,1.3954861877965888e-14
9,adam,99,11598.681599999996,14598.681599999996,4.672735970843098e-07,4.4079009805720326e-07,4.051550548927627e-09,3.4560916738457835e-07,9.112938012369726e-08,2.6395876101564277e-08,0.0,1.3649877236584488e-13,8.223887345077394e-15,7.53122290344635e-15
9,adam,124,11598.681599999996,14598.681599999996,3.632973508557875e-07,3.3675433446671764e-07,3.1731963929309983e-09,2.6378446918311244e-07,6.97966688906742e-08,2.6455397020941545e-08,0.0,1.0690965367692495e-13,6.2758422672321145e-15,5.7692541990277775e-15
9,adam,149,11598.681599999996,14598.681599999996,2.7237293072631226e-07,2.5868180558448097e-07,2.36177909841238e-09,2.0227322457072396e-07,5.404680191534463e-08,1.3603506933844454e-08,0.0,7.958302434901031e-14,4.8135040236130104e-15,4.4666890801968636e-15
9,adam,174,11598.681599999996,14598.681599999996,2.0014490413380311e-07,1.8939808122706546e-07,1.6944256483527558e-09,1.4768857742192447e-07,4.0015078156788224e-08,1.0659204473546776e-08,0.0,5.709745912155543e-14,3.51481768044415e-15,3.306917783261942e-15
9,adam,199,11598.681599999996,14598.681599999996,1.4361287141434627e-07,1.3574461059079054e-07,1.1779322434341376e-09,1.0550658571682639e-07,2.9060092630530012e-08,7.780641010064173e-09,0.0,3.9694321194275284e-14,2.511120656086664e-15,2.401493474555115e-15
9,adam,224,11598.681599999996,14598.681599999996,1.008286472472631e-07,9.555256160735548e-08,7.781362119462435e-10,7.41296805162422e-08,2.0644744879167046e-08,5.1884635816160875e-09,0.0,2.622179154159119e-14,1.7644456305944064e-15,1.705980481416355e-15
9,adam,249,11598.681599999996,14598.681599999996,7.084953927039171e-08,6.683634267005047e-08,5.221396608795554e-10,5.1627862268221526e-08,1.4686340740949382e-08,3.925572021063283e-09,0.0,1.759544245937782e-14,1.2289117876128775e-15,1.2135868603381628e-15
9,adam,274,11598.681599999996,14598.681599999996,4.962367567867042e-08,4.672006028324737e-08,3.5289157064770803e-10,3.59144282681855e-08,1.0452740444414162e-08,2.8159882700295372e-09,0.0,1.189235350183677e-14,8.5490692527305255e-16,8.637471792214135e-16
9,adam,299,11598.681599999996,14598.681599999996,3.497653098333467e-08,3.286477183027207e-08,2.4699666898209933e-10,2.5123519499360964e-08,7.494255661929004e-09,2.0241296601674857e-09,0.0,8.323904799790313e-15,5.980475681747566e-16,6.192825685504018e-16
9,adam,324,11598.681599999996,14598.681599999996,2.508023049120379e-08,2.3509794789588374e-08,1.8501053840989837e-10,1.7865194888638164e-08,5.459589362540311e-09,1.4828041400109987e-09,0.0,6.2350810860793165e-15,4.252664631244803e-16,4.511552313702058e-16
9,adam,349,11598.681599999996,14598.681599999996,1.848674784276001e-08,1.7283254351419502e-08,1.5172081929543454e-10,1.3055406587032045e-08,4.076126945092022e-09,1.1158602112155254e-09,0.0,5.113286713851964e-15,3.107674219829816e-16,3.3683587555213003e-16
9,adam,374,11598.681599999996,14598.681599999996,1.411788124836647e-08,1.316455079618009e-08,1.3565519189592113e-10,9.889848422321432e-09,3.139047181962737e-09,8.656958057191032e-10,0.0,4.57192761243185e-15,2.3540821095141786e-16,2.5939978364183477e-16
9,adam,399,11598.681599999996,14598.681599999996,1.1210766935718028e-08,1.0429713934142048e-08,1.2868132188465513e-10,7.799888074114497e-09,2.5011445381428963e-09,6.934173128739476e-10,0.0,4.3369487173195586e-15,1.8565407784225004e-16,2.0668410473195053e-16
9,adam,424,11598.681599999996,14598.681599999996,8.853229780983738e-09,8.270310862710693e-09,1.2282407296990956e-10,6.1715171985863654e-09,1.9759695911544176e-09,4.952826852225047e-10,0.0,4.139560251314649e-15,1.468881692605199e-16,1.6328696835557398e-16
9,adam,449,11598.681599999996,14598.681599999996,7.643309804422412e-09,7.129406912855515e-09,1.1946156241114992e-10,5.313467282602975e-09,1.69647806784139e-09,4.2626639201911987e-10,0.0,4.026241576068567e-15,1.2646069321405188e-16,1.401884524249695e-16
9,adam,474,11598.681599999996,14598.681599999996,6.763581934132138e-09,6.305265351366623e-09,1.1529714929094017e-10,4.6974938894383736e-09,1.4924743126373098e-09,3.7067993493424144e-10,0.0,3.8858818988221096e-15,1.1179687381554133e-16,1.233270588414733e-16
9,adam,499,11598.681599999996,14598.681599999996,6.087868316989285e-09,5.6774348647230595e-09,1.1052515273450713e-10,4.23068642468836e-09,1.3362232873001926e-09,3.227967472982474e-10,0.0,3.7250400419400585e-15,1.0068449142799003e-16,1.1041263319741774e-16
9,adam,524,11598.681599999996,14598.681599999996,5.54264419561236e-09,5.172368013234311e-09,1.049853416621763e-10,3.856600774310922e-09,1.2107818972612133e-09,2.8263949184400207e-10,0.0,3.538317841036139e-15,9.17797368946628e-17,1.000450521482187e-16
9,adam,549,11598.681599999996,14598.681599999996,5.083394071441374e-09,4.747457317424056e-09,9.8831254359224e-11,3.54266875642929e-09,1.1059573066355425e-09,2.483001310143518e-10,0.0,3.3308921018316605e-15,8.430720089775901e-17,9.138172920794499e-17
9,adam,574,11598.681599999996,14598.681599999996,4.683697754216282e-09,4.377553244847152e-09,9.231181272772097e-11,3.2696568245230124e-09,1.015584607596419e-09,2.185079919189223e-10,0.0,3.1111535962825394e-15,7.78089442878093e-17,8.391306323233536e-17
9,adam,599,11598.681599999996,14598.681599999996,4.328039471176882e-09,4.047965107403295e-09,8.568469523330386e-11,3.0264006599036035e-09,9.358797522663876e-10,1.9243797794525454e-10,0.0,2.8877876524535956e-15,7.20191336291246e-17,7.732625303017299e-17
9,adam,624,11598.681599999996,14598.681599999996,3.819728077998891e-09,3.5564100320446363e-09,8.368543681863164e-11,2.6368499399481194e-09,8.358746552778853e-10,1.756816210135254e-10,0.0,2.820399118779826e-15,6.274907023523569e-17,6.906277559788699e-17
9,adam,649,11598.681599999996,14598.681599999996,3.537457737227308e-09,3.299359270708073e-09,7.830201730341409e-11,2.4539556668343107e-09,7.67101586570348e-10,1.50461988121847e-10,0.0,2.638954318780516e-15,5.839606196618032e-17,6.337916415637974e-17
9,adam,674,11598.681599999996,14598.681599999996,3.290618296486287e-09,3.069417836874256e-09,7.271693445865871e-11,2.287619293761622e-09,7.090816086539754e-10,1.3356400549303892e-10,0.0,2.450713347960328e-15,5.4437180843118523e-17,5.858459515559582e-17
9,adam,699,11598.681599999996,14598.681599999996,3.069966789622834e-09,2.8660763930973823e-09,6.705737778054024e-11,2.1400484116406573e-09,6.589706036761848e-10,1.16254025391831e-10,0.0,2.259964363373931e-15,5.0925010111014436e-17,5.4443658183149055e-17
9,adam,724,11598.681599999996,14598.681599999996,2.870488488482914e-09,2.6808401017355817e-09,6.162673664750959e-11,2.0051708903672674e-09,6.140424747208047e-10,1.0201213633184219e-10,0.0,2.0769315415359127e-15,4.77149795458183e-17,5.0731150296233666e-17
9,adam,749,11598.681599999996,14598.681599999996,2.689277472503965e-09,2.511854541551908e-09,5.656708195351169e-11,1.8817631882590597e-09,5.735242713393367e-10,8.978682386089215e-11,0.0,1.9064034107708786e-15,4.477796393935502e-17,4.7383121365498806e-17
9,adam,774,11598.681599999996,14598.681599999996,2.5244086547220895e-09,2.3576356503124844e-09,5.195150720036671e-11,1.7688445599264896e-09,5.368395831856281e-10,7.913705451327085e-11,0.0,1.7508433964638474e-15,4.2090608858126205e-17,4.435191852412551e-17
9,adam,799,11598.681599999996,14598.681599999996,2.374411375996058e-09,2.216881098408422e-09,4.779881969312963e-11,1.6655586838045878e-09,5.035235949107048e-10,6.989449370536857e-11,0.0,1.610885219468993e-15,3.963252656639785e-17,4.1599109160546746e-17
9,adam,824,11598.681599999996,14598.681599999996,2.37980936549251e-09,2.232542177587685e-09,4.3204062185025474e-11,1.6817654331495857e-09,5.075726822530739e-10,5.96315279772616e-11,0.0,1.456049529047003e-15,4.0017857872774716e-17,4.1933455258477694e-17
9,adam,849,11598.681599999996,14598.681599999996,2.228577415531332e-09,2.086843894587905e-09,4.012802907025876e-11,1.5732138452676496e-09,4.735020202499968e-10,5.409799044942182e-11,0.0,1.3523765018243907e-15,3.743454715875443e-17,3.91184575811477e-17
9,adam,874,11598.681599999996,14598.681599999996,2.0927422147597297e-09,1.9576055527598547e-09,3.724443129223563e-11,1.4772305579924032e-09,4.4313056347521567e-10,4.7501285624612116e-11,0.0,1.2551926039873053e-15,3.5150371680129024e-17,3.6609059140998194e-17
9,adam,899,11598.681599999996,14598.681599999996,1.9708493994888676e-09,1.8420189294522453e-09,3.478422830750566e-11,1.3911855195072284e-09,4.1604918163751124e-10,4.1195264352783403e-11,0.0,1.172277176374113e-15,3.310270650501914e-17,3.437152113325662e-17
9,adam,924,11598.681599999996,14598.681599999996,1.8615161189791833e-09,1.7377240507587278e-09,3.263358884724969e-11,1.3134777731486974e-09,3.9161268876278063e-10,3.615704255122231e-11,0.0,1.0997954935268234e-15,3.12534545607918e-17,3.23525234570037e-17
9,adam,949,11598.681599999996,14598.681599999996,1.763479341087734e-09,1.6439506292791497e-09,3.077817572210953e-11,1.2435464437123088e-09,3.6962600984473153e-10,3.1893872374471854e-11,0.0,1.0372639534900817e-15,2.958926567847841e-17,3.0535941612173804e-17
9,adam,974,11598.681599999996,14598.681599999996,1.675574885005445e-09,1.5596414160332429e-09,2.9175160781618755e-11,1.1806436896323568e-09,3.498225656192673e-10,2.8298821025534713e-11,0.0,9.832391671623755e-16,2.809234132141068e-17,2.889974609307952e-17
9,adam,999,11598.681599999996,14598.681599999996,1.5967282969379906e-09,1.483823027508239e-09,2.779086418736026e-11,1.1240535281314892e-09,3.319786351893895e-10,2.527081815092385e-11,0.0,9.365859526878357e-16,2.674564110054101e-17,2.7425450495477925e-17
9,adam,1024,11598.681599999996,14598.681599999996,1.5675942140405588e-09,1.4569992402760107e-09,2.56922981251944e-11,1.1076644788047312e-09,3.2364246334608504e-10,2.2960866357112194e-11,0.0,8.658664806974876e-16,2.6355220719874507e-17,2.673645529782785e-17
9,adam,1049,11598.681599999996,14598.681599999996,1.493057329700795e-09,1.3821114942458874e-09,2.47520805736413e-11,1.0504632468930413e-09,3.0689616677920467e-10,2.3312066224675362e-11,0.0,8.341771135565448e-16,2.4994039658010848e-17,2.535300785911103e-17
9,adam,1074,11598.681599999996,14598.681599999996,1.4284974814558277e-09,1.3193219167401426e-09,2.388073451418458e-11,1.0028801055959734e-09,2.9256107662998463e-10,2.1542060774004565e-11,0.0,8.048130638637745e-16,2.3861737269155774e-17,2.4168705217483703e-17
9,adam,1099,11598.681599999996,14598.681599999996,1.3711353306281744e-09,1.2639244655788393e-09,2.3175911313383255e-11,9.611739807405418e-10,2.7957457352491426e-10,1.957759352911723e-11,0.0,7.810606648263802e-16,2.2869276811283773e-17,2.3095783284223214e-17
9,adam,1124,11598.681599999996,14598.681599999996,1.3197330734805225e-09,1.2141547578727128e-09,2.2554191112003158e-11,9.237877572649963e-10,2.678128094957134e-10,1.7945269713420065e-11,0.0,7.60109052876424e-16,2.197961159205461e-17,2.21240331254754e-17
9,adam,1149,11598.681599999996,14598.681599999996,1.2734604236485542e-09,1.1692599533015342e-09,2.200059718023609e-11,8.900893601939339e-10,2.5716999592736416e-10,1.6567653533399152e-11,0.0,7.41453307094878e-16,2.1177700550110662e-17,2.1244723076511837e-17
9,adam,1174,11598.681599999996,14598.681599999996,1.2316246424628187e-09,1.1285690360075187e-09,2.149796752097476e-11,8.595613637746388e-10,2.475097047119051e-10,1.5423025225987257e-11,0.0,7.24515059294662e-16,2.045123091851079e-17,2.0446584999789075e-17
9,adam,1199,11598.681599999996,14598.681599999996,1.193624476580285e-09,1.0915321321218742e-09,2.103465325130215e-11,8.317842006287687e-10,2.387132782418033e-10,1.4460005884684539e-11,0.0,7.089017384288319e-16,1.9790219330560227e-17,1.9719816347485344e-17
9,adam,1224,11598.681599999996,14598.681599999996,2.2012132884335925e-09,1.607486031112181e-09,2.3279161603158864e-11,1.2259582879902768e-09,3.582485815187454e-10,5.060951595207719e-10,0.0,7.845110198448172e-16,2.9168144291629324e-17,2.959815556832489e-17
9,adam,1249,11598.681599999996,14598.681599999996,5.180526016793167e-06,3.422661534670332e-06,3.1208948240647766e-09,2.703986611027445e-06,7.155540288188225e-07,1.7577768604545702e-06,0.0,1.055140800761483e-13,6.456353773718267e-14,5.89128269914407e-14
9,adam,1274,11598.681599999996,14598.681599999996,2.617111780006089e-07,2.1064295150993093e-07,5.477359820671077e-10,1.6599462999715834e-07,4.410058553070547e-08,5.098064339582085e-08,0.0,1.8470601949944388e-14,3.953135592885322e-15,3.6405530888810716e-15
9,adam,1299,11598.681599999996,14598.681599999996,2.6743966790921273e-08,1.8813790792540007e-08,1.274701070055737e-10,1.454275138960739e-08,4.143569295927041e-09,7.842590212049937e-09,0.0,4.295573736484363e-15,3.4596011196307907e-16,3.4238912012608466e-16
9,adam,1324,11598.681599999996,14598.681599999996,6.235842860773126e-09,4.6224377674584464e-09,2.8911744607971665e-11,3.469288324230452e-09,1.124237698620023e-09,1.5258138131055387e-09,0.0,9.743655981281732e-16,8.254523964688276e-17,9.288782256915276e-17
9,adam,1349,11598.681599999996,14598.681599999996,1.977993624746824e-09,1.7242243124566847e-09,1.919155226361075e-11,1.2514217037355523e-09,4.536110564575217e-10,1.661752595888195e-10,0.0,6.468136108085514e-16,2.977646854507247e-17,3.7474547997330637e-17
9,adam,1374,11598.681599999996,14598.681599999996,1.2771167138312149e-09,1.1380254561979e-09,2.3433027110685063e-11,8.186405124323341e-10,2.9595191665488074e-10,5.1496249658583e-11,0.0,7.897694205869178e-16,1.9478365387590076e-17,2.4448985806250425e-17
9,adam,1399,11598.681599999996,14598.681599999996,1.0670676520638754e-09,9.348405062634288e-10,2.5429197834270906e-11,6.729548358767662e-10,2.3645647255239174e-10,4.4631932158432135e-11,0.0,8.570440157099102e-16,1.6011779451681447e-17,1.9534055281372637e-17
9,lbfgs,1400,11598.681599999996,14598.681599999996,1.0494620626404768e-09,9.196606362170033e-10,2.5564726881387207e-11,6.607357128785738e-10,2.333601964570423e-10,4.2206211216375287e-11,0.0,8.616115487286615e-16,1.5721249558406028e-17,1.9278192290824223e-17
9,lbfgs,1409,11598.681599999996,14598.681599999996,1.0421312969029766e-09,9.088632945311752e-10,2.5633929992593008e-11,6.5104544490627e-10,2.321839196323122e-10,4.5672787188180386e-11,0.0,8.63943506547721e-16,1.5490579151854038e-17,1.9181235870327817e-17
9,lbfgs,1419,11598.681599999996,14598.681599999996,1.1728790302555279e-09,9.149535823303628e-10,2.580551612619915e-11,6.503408964846632e-10,2.3880716971950056e-10,1.7033023283512323e-10,0.0,8.697244578001947e-16,1.547361766100458e-17,1.9730001177133817e-17
9,lbfgs,1429,11598.681599999996,14598.681599999996,1.040423717219317e-09,9.138963152145216e-10,2.5621568149147713e-11,6.563274398094922e-10,2.3194730725588174e-10,3.89321868565786e-11,0.0,8.635269130465016e-16,1.5616259482637683e-17,1.9161563011206277e-17
9,lbfgs,1439,11598.681599999996,14598.681599999996,1.1615299422821648e-09,9.103637044607606e-10,2.5793723152821485e-11,6.472868961951601e-10,2.3728308511277897e-10,1.6357102275168202e-10,0.0,8.693270080160275e-16,1.540095032575338e-17,1.960401979209566e-17
9,lbfgs,1449,11598.681599999996,14598.681599999996,1.039232310061379e-09,9.127383885577415e-10,2.561657363663647e-11,6.556635400554534e-10,2.3145827486565161e-10,3.889870637834187e-11,0.0,8.633585060527151e-16,1.5600461240250012e-17,1.9121168375180493e-17
9,lbfgs,1459,11598.681599999996,14598.681599999996,1.1575472537562317e-09,9.085229514692005e-10,2.5786610366608823e-11,6.461320198738681e-10,2.3660432122872355e-10,1.614290872394631e-10,0.0,8.690872250212491e-16,1.5373471608325775e-17,1.9547925124808296e-17
9,lbfgs,1469,11598.681599999996,14598.681599999996,1.038077789115922e-09,9.11698864288476e-10,2.5611156298922747e-11,6.550614799322384e-10,2.3102622805731485e-10,3.878370972505545e-11,0.0,8.631758347018326e-16,1.5586135718213034e-17,1.9085480115359358e-17
9,lbfgs,1479,11598.681599999996,14598.681599999996,1.1547387801898078e-09,9.071321092542843e-10,2.57802476619632e-11,6.452811146349656e-10,2.360707469573555e-10,1.6001145591039963e-10,0.0,8.688726987989102e-16,1.5353226156425443e-17,1.9503833094081176e-17
9,lbfgs,1489,11598.681599999996,14598.681599999996,1.0369411332917907e-09,9.106974358207556e-10,2.5605672535459015e-11,6.544773157904612e-10,2.306144474948354e-10,3.864848239153829e-11,0.0,8.629909114288189e-16,1.5572236440572457e-17,1.9051465265539367e-17
9,lbfgs,1499,11598.681599999996,14598.681599999996,1.1522710073867143e-09,9.05879094985825e-10,2.577415160297597e-11,6.445241882760773e-10,2.355807551067718e-10,1.5879669739828567e-10,0.0,8.686671446734427e-16,1.533521696010743e-17,1.9463343291748976e-17
9,lbfgs,1509,11598.681599999996,14598.681599999996,1.0358179955114688e-09,9.097168458031742e-10,2.5600211772828103e-11,6.53904162977479e-10,2.3021247105286714e-10,3.8505934651683205e-11,0.0,8.62806752335216e-16,1.555859931235661e-17,1.9018259672763306e-17
9,lbfgs,1519,11598.681599999996,14598.681599999996,1.1499541271473032e-09,9.046903806020635e-10,2.5768208983259362e-11,6.438123278195221e-10,2.3510984379928195e-10,1.5766853156518565e-10,0.0,8.68466750960237e-16,1.5318280020567068e-17,1.942443018077159e-17
9,lbfgs,1529,11598.681599999996,14598.681599999996,1.0347067183536313e-09,9.087510289899355e-10,2.5594793497365485e-11,6.533394890103085e-10,2.2981674648226143e-10,3.8360474329964743e-11,0.0,8.626240162605829e-16,1.5545163964067067e-17,1.8985570011024514e-17
9,lbfgs,1539,11598.681599999996,14598.681599999996,1.1477187635246829e-09,9.035385205417554e-10,2.5762364844003503e-11,6.431269352563252e-10,2.3464922044142674e-10,1.5658502802543733e-10,0.0,8.682696678738316e-16,1.5301972772964574e-17,1.938636697834844e-17
9,lbfgs,1549,11598.681599999996,14598.681599999996,1.0336064980229203e-09,9.077972274892412e-10,2.558941552335366e-11,6.527819235645423e-10,2.2942588840134522e-10,3.821405552282619e-11,0.0,8.624426313299018e-16,1.5531897738342163e-17,1.895328194091968e-17
9,lbfgs,1559,11598.681599999996,14598.681599999996,1.1455343388468579e-09,9.024111682132128e-10,2.575658385680722e-11,6.424594138425739e-10,2.341951705138316e-10,1.555279556987275e-10,0.0,8.680747066035162e-16,1.5286090658526788e-17,1.934884669771494e-17
9,lbfgs,1569,11598.681599999996,14598.681599999996,1.0325168898904323e-09,9.068540261054661e-10,2.558406870063972e-11,6.52230690659737e-10,2.2903926674508926e-10,3.806764879699082e-11,0.0,8.62262290638668e-16,1.5518782144519734e-17,1.8921343494171302e-17
9,lbfgs,1579,11598.681599999996,14598.681599999996,1.143386631874671e-09,9.013023830992252e-10,2.5750840851958978e-11,6.418055049415093e-10,2.337460373057569e-10,1.5448903386310647e-10,0.0,8.678810202977651e-16,1.527053234864417e-17,1.9311732451818766e-17
9,lbfgs,1589,11598.681599999996,14598.681599999996,1.0314376139023308e-09,9.059206333959378e-10,2.557874199954512e-11,6.516853495111473e-10,2.2865654188524533e-10,3.792176554129519e-11,0.0,8.620826236701135e-16,1.5505806679638842e-17,1.8889726673703624e-17
9,lbfgs,1599,11598.681599999996,14598.681599999996,1.1412688379295516e-09,9.00209169406843e-10,2.5745116648601e-11,6.411629879609671e-10,2.333010647972749e-10,1.534644536329518e-10,0.0,8.676879636460691e-16,1.5255245009793723e-17,1.9274961795813606e-17
9,lbfgs,1609,11598.681599999996,14598.681599999996,1.0303684671851834e-09,9.049965658544862e-10,2.5573424420604547e-11,6.511456420041008e-10,2.2827749942978084e-10,3.777668638847771e-11,0.0,8.619032607045506e-16,1.549296519378548e-17,1.885841381212617e-17
9,lbfgs,1619,11598.681599999996,14598.681599999996,1.1391776124289732e-09,8.991299411984138e-10,2.573939595652222e-11,6.405306385741797e-10,2.3285990666771187e-10,1.5245245636338946e-10,0.0,8.674950222382439e-16,1.5240199513652236e-17,1.9238506140607213e-17
9,lbfgs,1629,11598.681599999996,14598.681599999996,1.0293092839800584e-09,9.040815011318939e-10,2.5568105732648816e-11,6.506114084963623e-10,2.2790198690288274e-10,3.763256792882386e-11,0.0,8.617238577351866e-16,1.5480253884023368e-17,1.8827392345576093e-17
9,lbfgs,1639,11598.681599999996,14598.681599999996,1.1371111953409037e-09,8.980637894253905e-10,2.5733666219364034e-11,6.399077220390279e-10,2.3242240116699858e-10,1.5145219107093315e-10,0.0,8.673017736288036e-16,1.5225378380843393e-17,1.9202352145067823e-17
9,lbfgs,1649,11598.681599999996,14598.681599999996,1.0282599168964605e-09,9.031752041959331e-10,2.55627767450217e-11,6.500825408411587e-10,2.2752988660975276e-10,3.748949780406572e-11,0.0,8.615441056761232e-16,1.5467670175141286e-17,1.8796652575516265e-17
9,lbfgs,1659,11598.681599999996,14598.681599999996,1.1350685925043387e-09,8.970101514908735e-10,2.5727917005054995e-11,6.392937610982256e-10,2.3198847338759286e-10,1.50463226191478e-10,0.0,8.671078668293429e-16,1.5210770258353557e-17,1.9166493639795603e-17
9,lbfgs,1669,11598.681599999996,14598.681599999996,1.0272202282823107e-09,9.022774905164794e-10,2.5557429368465157e-11,6.495589583486975e-10,2.271611027993167e-10,3.7347522892248685e-11,0.0,8.6136373244161865e-16,1.5455212146794754e-17,1.876618661060754e-17
9,lbfgs,1679,11598.681599999996,14598.681599999996,1.1330491468039012e-09,8.959686347253636e-10,2.572213958564293e-11,6.386884101731556e-10,2.3155808496656507e-10,1.4948529727914552e-10,0.0,8.669130081753658e-16,1.519636692616841e-17,1.9130927471131455e-17
9,lbfgs,1689,11598.681599999996,14598.681599999996,1.026190086171798e-09,9.01388205452877e-10,2.5552056582878812e-11,6.490405942340341e-10,2.2679555463596415e-10,3.7206665868217e-11,0.0,8.611825018815296e-16,1.54428782104828e-17,1.873598778773943e-17
9,lbfgs,1699,11598.681599999996,14598.681599999996,1.1310523731007634e-09,8.949389413557821e-10,2.5716326675588845e-11,6.380914005388424e-10,2.3113121414135087e-10,1.4851821696818652e-10,0.0,8.667169525269696e-16,1.5182161992795866e-17,1.9095651853957504e-17
9,lbfgs,1709,11598.681599999996,14598.681599999996,1.0251693623559644e-09,9.00507213128054e-10,2.554665235856562e-11,6.48527388719705e-10,2.2643317204978336e-10,3.706693440008459e-11,0.0,8.610002111449588e-16,1.543066694506781e-17,1.8706050330332604e-17
9,lbfgs,1719,11598.681599999996,14598.681599999996,1.12907786453659e-09,8.939208245591845e-10,2.5710472211311296e-11,6.375025076493846e-10,2.3070784469848873e-10,1.475618252232095e-10,0.0,8.665194958554551e-16,1.5168150117833296e-17,1.9060665459191276e-17
9,lbfgs,1729,11598.681599999996,14598.681599999996,1.024157931400169e-09,8.996343894452057e-10,2.5541211560162886e-11,6.480192849196484e-10,2.2607389296539435e-10,3.6928327150014806e-11,0.0,8.60816687456868e-16,1.5418576998596403e-17,1.8676369120190963e-17
9,lbfgs,1739,11598.681599999996,14598.681599999996,1.1271252698226149e-09,8.929140728488023e-10,2.5704571187698866e-11,6.369215386147049e-10,2.3028796304639866e-10,1.4661598224221712e-10,0.0,8.663204697463886e-16,1.5154326713992846e-17,1.9025967172592587e-17
9,lbfgs,1749,11598.681599999996,14598.681599999996,1.0231556702506082e-09,8.987696186899695e-10,2.5535729844202105e-11,6.475162273170735e-10,2.2571766152869392e-10,3.6790836778566084e-11,0.0,8.606317846773626e-16,1.5406607051925438e-17,1.8646939551542126e-17
9,lbfgs,1759,11598.681599999996,14598.681599999996,1.1251942490278837e-09,8.919184898438885e-10,2.5698619486289155e-11,6.363483168574727e-10,2.2987155350012667e-10,1.4568054447500121e-10,0.0,8.661197356195697e-16,1.5140687582047574e-17,1.899155570546618e-17
9,lbfgs,1769,11598.681599999996,14598.681599999996,1.0221624579344855e-09,8.979127905518275e-10,2.553020356213434e-11,6.470181602935123e-10,2.2536442669618081e-10,3.665445262346022e-11,0.0,8.604453800429661e-16,1.5394755783615846e-17,1.8617757414887456e-17
9,lbfgs,1779,11598.681599999996,14598.681599999996,1.1232844760247652e-09,8.909338916708927e-10,2.5692613753059126e-11,6.357826792773181e-10,2.2945859864051545e-10,1.4475536966748063e-10,0.0,8.659171806187553e-16,1.512722884335604e-17,1.8957429624744893e-17
9,lbfgs,1789,11598.681599999996,14598.681599999996,1.0211781755290765e-09,8.970637991477768e-10,2.552462966836696e-11,6.465250281229152e-10,2.250141413564947e-10,3.6519161644975e-11,0.0,8.602573710750095e-16,1.5383021869725354e-17,1.858881882469255e-17
9,lbfgs,1799,11598.681599999996,14598.681599999996,1.1213956444343416e-09,8.899601066202852e-10,2.568655129309079e-11,6.352244751910825e-10,2.2904908013611183e-10,1.4384032315026799e-10,0.0,8.657127140685503e-16,1.5113946914645205e-17,1.8923587421212664e-17
9,lbfgs,1809,11598.681599999996,14598.681599999996,1.0202027059240976e-09,8.962225412714395e-10,2.5519005639097507e-11,6.460367741672882e-10,2.2466676146505384e-10,3.6384949939205006e-11,0.0,8.600676728505743e-16,1.5371403964622065e-17,1.8560120148102724e-17
9,lbfgs,1819,11598.681599999996,14598.681599999996,1.1195274489813738e-09,8.889969672838118e-10,2.5680429958351878e-11,6.346735602453342e-10,2.2864297708012576e-10,1.4293526705637715e-10,0.0,8.655062636981613e-16,1.5100838363176316e-17,1.889002737218502e-17
9,lbfgs,1829,11598.681599999996,14598.681599999996,1.0192359338798792e-09,8.953889164684823e-10,2.5513329397839498e-11,6.455533414760936e-10,2.2432224559454925e-10,3.6251802720813403e-11,0.0,8.598762154977119e-16,1.535990071522035e-17,1.8531657967937294e-17
9,lbfgs,1839,11598.681599999996,14598.681599999996,1.1176795842588002e-09,8.880443091623475e-10,2.567424806321891e-11,6.341297949233681e-10,2.2824026617576046e-10,1.4204006047787192e-10,0.0,8.652977727990237e-16,1.508789987122408e-17,1.8856747556956568e-17
9,lbfgs,1849,11598.681599999996,14598.681599999996,1.0182777460133261e-09,8.94562826487311e-10,2.5507599252061285e-11,6.450746727433318e-10,2.2398055449191783e-10,3.6119704858299397e-11,0.0,8.596829420644009e-16,1.5348510759940857e-17,1.85034290461964e-17
9,lbfgs,1859,11598.681599999996,14598.681599999996,1.115851762077801e-09,8.871019757344629e-10,2.5668004326354797e-11,6.335930476272865e-10,2.278409237808216e-10,1.411545717473619e-10,0.0,8.650871982696471e-16,1.5075128309405477e-17,1.882374602594362e-17
9,lbfgs,1869,11598.681599999996,14598.681599999996,1.0173280305921988e-09,8.937441744061105e-10,2.5501813838246714e-11,6.446007099387123e-10,2.2364165062915148e-10,3.5988641541238486e-11,0.0,8.594878066704326e-16,1.5337232719921542e-17,1.8475430287036982e-17
9,lbfgs,1879,11598.681599999996,14598.681599999996,1.1140436910728306e-09,8.861698111692314e-10,2.5661697792159458e-11,6.330631893015137e-10,2.2744492407555831e-10,1.4027866533022785e-10,0.0,8.64874507971624e-16,1.5062520608765046e-17,1.8791020649258367e-17
9,lbfgs,1889,11598.681599999996,14598.681599999996,1.0163866777056435e-09,8.929328653423106e-10,2.5495972072496087e-11,6.44131395190218e-10,2.2330549807959657e-10,3.585859774134694e-11,0.0,8.592907728455177e-16,1.5326065220014176e-17,1.8447658726597947e-17
9,lbfgs,1899,11598.681599999996,14598.681599999996,1.1122550951334728e-09,8.852476661733315e-10,2.565532779392246e-11,6.325400971777584e-10,2.2705224120165056e-10,1.3941221440937513e-10,0.0,8.646596794902715e-16,1.5050073849875662e-17,1.875856929360913e-17
9,lbfgs,1909,11598.681599999996,14598.681599999996,1.0154535790366595e-09,8.92128805512657e-10,2.549007311076626e-11,6.436666702321483e-10,2.2297206216974255e-10,3.5729558924878306e-11,0.0,8.590918121916477e-16,1.531500687564484e-17,1.8420111504290133e-17
9,lbfgs,1919,11598.681599999996,14598.681599999996,1.1104856912956014e-09,8.843353903913719e-10,2.564889389023202e-11,6.320236493160398e-10,2.2666284718510014e-10,1.385550863760683e-10,0.0,8.64442697993756e-16,1.5037785132962165e-17,1.872638965059171e-17
9,lbfgs,1929,11598.681599999996,14598.681599999996,1.0145286279188036e-09,8.913319025028371e-10,2.548411631291247e-11,6.43206476835172e-10,2.226413093547527e-10,3.560151083970199e-11,0.0,8.588909031732241e-16,1.5304056303046702e-17,1.8392785852541874e-17
9,lbfgs,1939,11598.681599999996,14598.681599999996,1.1087352169948876e-09,8.834328413049939e-10,2.5642395850496302e-11,6.315137305353048e-10,2.2627671491919285e-10,1.3770716118433804e-10,0.0,8.642235557467253e-16,1.5025651719002366e-17,1.869447948335218e-17
9,lbfgs,1949,11598.681599999996,14598.681599999996,1.013611719276043e-09,8.905420651680451e-10,2.5478101212655868e-11,6.427507568836235e-10,2.223132070717657e-10,3.5474439554591305e-11,0.0,8.586880301065197e-16,1.5293212121099004e-17,1.8365679084707527e-17
9,lbfgs,1959,11598.681599999996,14598.681599999996,1.1070033998758719e-09,8.825398741453476e-10,2.5635833597515948e-11,6.310102253115233e-10,2.2589381523630825e-10,1.36868311247574e-10,0.0,8.640022501765379e-16,1.501367086076324e-17,1.8662836384491307e-17
9,lbfgs,1969,11598.681599999996,14598.681599999996,1.0127027496762387e-09,8.897592039550376e-10,2.5472027491649332e-11,6.422994527739058e-10,2.2198772368948253e-10,3.534833119064987e-11,0.0,8.584831822870107e-16,1.5282472960808704e-17,1.833878859091901e-17
9,lbfgs,1979,11598.681599999996,14598.681599999996,1.1052899770838384e-09,8.816563482366119e-10,2.562920719715723e-11,6.305130220084289e-10,2.255141190310258e-10,1.3603841438688176e-10,0.0,8.637787835263149e-16,1.5001839903459103e-17,1.8631457951622227e-17
9,lbfgs,1989,11598.681599999996,14598.681599999996,1.0118016172229952e-09,8.88983230282684e-10,2.546589495886385e-11,6.418525070042156e-10,2.2166482831960455e-10,3.522317243261361e-11,0.0,8.582763532957491e-16,1.5271837455547643e-17,1.8312111822534868e-17
9,lbfgs,1999,11598.681599999996,14598.681599999996,1.1035946857537894e-09,8.807821237772402e-10,2.5622516827437183e-11,6.300220105541984e-10,2.2513759639560457e-10,1.3521734753881025e-10,0.0,8.635531618141022e-16,1.4990156229478074e-17,1.8600341715899007e-17
9,lbfgs,2009,11598.681599999996,14598.681599999996,1.0109082215467197e-09,8.88214056754466e-10,2.545970353169325e-11,6.414098624460653e-10,2.2134449077670753e-10,3.509895030740775e-11,0.0,8.580675403634802e-16,1.526130424751567e-17,1.8285646288835867e-17
9,lbfgs,2019,11598.681599999996,14598.681599999996,1.1019172804003502e-09,8.799170675201746e-10,2.5615762774412293e-11,6.295370862488448e-10,2.247642184969175e-10,1.3440499846504246e-10,0.0,8.633253946950004e-16,1.4978617348967342e-17,1.8569485297217486e-17
9,lbfgs,2029,11598.681599999996,14598.681599999996,1.010022463684507e-09,8.874515968730755e-10,2.5453453220159125e-11,6.409714621971637e-10,2.2102668145575274e-10,3.497565234943513e-11,0.0,8.578567438390682e-16,1.525087198424101e-17,1.8259389546921044e-17
9,lbfgs,2039,11598.681599999996,14598.681599999996,1.1002575110828631e-09,8.790610455718024e-10,2.5608945397260977e-11,6.290581447418774e-10,2.2439395543266406e-10,1.3360125111853347e-10,0.0,8.630954942852125e-16,1.4967220780345957e-17,1.8538886226964964e-17
9,lbfgs,2049,11598.681599999996,14598.681599999996,1.00914424624125e-09,8.866957658101433e-10,2.5447144112584412e-11,6.405372502794718e-10,2.2071137141808704e-10,3.485326599195804e-11,0.0,8.576439667073045e-16,1.5240539335194224e-17,1.8233339208811335e-17
9,lbfgs,2059,11598.681599999996,14598.681599999996,1.098615131903229e-09,8.782139261722075e-10,2.5602065122243973e-11,6.285850838689348e-10,2.2402677718102876e-10,1.3280599136110045e-10,0.0,8.628634749590183e-16,1.4955964094002895e-17,1.850854202654631e-17
9,lbfgs,2069,11598.681599999996,14598.681599999996,1.008273473223806e-09,8.859464796544793e-10,2.5440776365584327e-11,6.401071710618716e-10,2.2039853222702343e-10,3.473177915302363e-11,0.0,8.574292142520937e-16,1.523030497805059e-17,1.820749292788624e-17
9,lbfgs,2079,11598.681599999996,14598.681599999996,1.096989894497424e-09,8.773755775851557e-10,2.5595122425797953e-11,6.28117802146764e-10,2.2366265301259375e-10,1.320191025649533e-10,0.0,8.626293527795011e-16,1.494484487649239e-17,1.8478450158762114e-17
9,lbfgs,2089,11598.681599999996,14598.681599999996,1.0074100501337679e-09,8.852036557972044e-10,2.5434350194027375e-11,6.396811696198345e-10,2.2008813598334254e-10,3.461117994310415e-11,0.0,8.572124937185713e-16,1.522016760725107e-17,1.8181848401818783e-17
9,lbfgs,2099,11598.681599999996,14598.681599999996,1.095381564905643e-09,8.76545873559285e-10,2.558811783970456e-11,6.27656202463759e-10,2.2330155325582146e-10,1.312404770216492e-10,0.0,8.623931456730105e-16,1.49338608183383e-17,1.8448608173791516e-17
9,lbfgs,2109,11598.681599999996,14598.681599999996,1.006553883779061e-09,8.84467212364626e-10,2.5427865863417167e-11,6.392591913077686e-10,2.1978015519344023e-10,3.449145704381764e-11,0.0,8.569938140566775e-16,1.5210125923826878e-17,1.8156403361697073e-17
9,lbfgs,2119,11598.681599999996,14598.681599999996,1.0937899122179647e-09,8.757246895911858e-10,2.558105193291239e-11,6.272001894789002e-10,2.2294344817937317e-10,1.304700083246767e-10,0.0,8.621548728169374e-16,1.4923009652152626e-17,1.8419013616781593e-17
9,lbfgs,2129,11598.681599999996,14598.681599999996,1.0057048823213723e-09,8.837370686493973e-10,2.5421323681742708e-11,6.3884118215945e-10,2.1947456280820463e-10,3.437259932419777e-11,0.0,8.567731856467992e-16,1.5200178644930446e-17,1.813115557523459e-17
9,lbfgs,2139,11598.681599999996,14598.681599999996,1.0922147092059407e-09,8.74911903124307e-10,2.5573925305244254e-11,6.267496697204864e-10,2.2258830809857634e-10,1.2970759180213844e-10,0.0,8.6191455442788e-16,1.491228915498596e-17,1.838966403665401e-17
9,lbfgs,2149,11598.681599999996,14598.681599999996,1.0048629553050138e-09,8.830131452335611e-10,2.541472399348463e-11,6.384270890114937e-10,2.1917133222858273e-10,3.4254595746513624e-11,0.0,8.565506200980391e-16,1.5190324506775514e-17,1.8106102847233646e-17
10,adam,0,14598.681599999996,17598.681599999996,1.0728339217688956e-10,1.2104173945807257e-11,2.640019771124115e-12,9.372905816447623e-13,8.52686359303838e-12,4.03472464860242e-12,0.0,8.898764966129202e-17,2.2295503860283663e-20,7.042562670786292e-19
10,adam,24,14598.681599999996,17598.681599999996,4.0624029710348625e-05,3.0372888528090896e-05,7.571712417639857e-08,2.454717277206755e-05,5.7499986318469455e-06,1.025105080378446e-05,0.0,2.5984139722716424e-12,5.899955263925593e-13,4.697848440573473e-13
10,adam,49,14598.681599999996,17598.681599999996,1.084193898603855e-06,6.485418014801167e-07,9.184611315972419e-09,5.188605776802836e-07,1.2049661248386073e-07,4.3556193171513714e-07,0.0,3.1046099264988315e-13,1.2357705221295297e-14,9.940832360136184e-15
10,adam,74,14598.681599999996,17598.681599999996,7.73188423525674e-07,5.718098391581496e-07,2.9532824120430147e-09,4.5441163991113176e-07,1.1444491683497483e-07,2.0128845194618534e-07,0.0,9.940255631287604e-14,1.07955977504892e-14,9.468792099641057e-15
10,adam,99,14598.681599999996,17598.681599999996,2.2372530940698798e-07,2.0567268679498083e-07,2.230441902826341e-09,1.6149110798355954e-07,4.195113690859495e-08,1.796249608655315e-08,0.0,7.513930874204076e-14,3.839966125703203e-15,3.4678623503064676e-15
10,adam,124,14598.681599999996,17598.681599999996,1.583688464893554e-07,1.568846605838108e-07,2.0097767863395463e-09,1.2270632955709353e-07,3.216855424037771e-08,1.3940637367715064e-09,0.0,6.773317531675533e-14,2.919516220847531e-15,2.6574590840436822e-15
10,adam,149,14598.681599999996,17598.681599999996,1.377712955666982e-07,1.3663898844346497e-07,1.7873845433299651e-09,1.0685855431325828e-07,2.799304958687672e-08,1.0421892713912935e-09,0.0,6.023885495438232e-14,2.542510199836444e-15,2.31246985028071e-15
10,adam,174,14598.681599999996,17598.681599999996,1.1858851551143613e-07,1.1725865224934049e-07,1.5723863035667875e-09,9.162649767300171e-08,2.4059768272772002e-08,1.2397493967592757e-09,0.0,5.2993138412157886e-14,2.1800298985219205e-15,1.9876094178132264e-15
10,adam,199,14598.681599999996,17598.681599999996,1.0127343476994344e-07,9.999786906519961e-08,1.375413343609295e-09,7.807685133513362e-08,2.0545604386456698e-08,1.1854554253806997e-09,0.0,4.635544020799773e-14,1.8576689583165245e-15,1.69728520042347e-15
10,adam,224,14598.681599999996,17598.681599999996,8.573130288071716e-08,8.444027400054519e-08,1.184483392649514e-09,6.58893331524694e-08,1.7366457455426274e-08,1.2009219092984061e-09,0.0,3.992139205898234e-14,1.5676899352943952e-15,1.4346557183379759e-15
10,adam,249,14598.681599999996,17598.681599999996,7.219782854023302e-08,7.09709425320497e-08,1.0233051604807371e-09,5.533632245788132e-08,1.4611314913687644e-08,1.1367817926900925e-09,0.0,3.4490300261543914e-14,1.3166163525965553e-15,1.2070442436958325e-15
10,adam,274,14598.681599999996,17598.681599999996,6.052916858714222e-08,5.9359661578754026e-08,8.749858907465352e-10,4.623203860246274e-08,1.2252637085544755e-08,1.0794051279187428e-09,0.0,2.949191589372795e-14,1.100010057926799e-15,1.0121841084547663e-15
10,adam,299,14598.681599999996,17598.681599999996,5.055191466920444e-08,4.943322993027273e-08,7.439132619830548e-10,3.844947526886932e-08,1.0239841399420353e-08,1.0285848239349242e-09,0.0,2.5074651676116216e-14,9.148460870661722e-16,8.459008666222656e-16
10,adam,324,14598.681599999996,17598.681599999996,4.210660353392605e-08,4.104384783476783e-08,6.281506571927188e-10,3.187517066571011e-08,8.540526511865006e-09,9.726574227325257e-10,0.0,2.117322544497422e-14,7.584267530612805e-16,7.055158687017597e-16
10,adam,349,14598.681599999996,17598.681599999996,3.5024916774222866e-08,3.402124637981515e-08,5.271503529472918e-10,2.6375734338866888e-08,7.118361688000967e-09,9.135734735205306e-10,0.0,1.7769205188262946e-14,6.275791154839393e-16,5.880279369008766e-16
10,adam,374,14598.681599999996,17598.681599999996,2.9137110594564785e-08,2.8194183988031246e-08,4.398815384731478e-10,2.1816365243631705e-08,5.937937205926393e-09,8.52830801475083e-10,0.0,1.4827877698338976e-14,5.190967865071332e-16,4.905116573276147e-16
10,adam,399,14598.681599999996,17598.681599999996,2.427889452457881e-08,2.3398008818363977e-08,3.652698718231066e-10,1.8067242058144458e-08,4.965496888396414e-09,7.907908185393971e-10,0.0,1.2313062101485516e-14,4.298917161790384e-16,4.1017807012336103e-16
10,adam,424,14598.681599999996,17598.681599999996,2.0038159842660843e-08,1.9392290643794825e-08,3.0970588936296097e-10,1.492523324377161e-08,4.157351510660253e-09,5.557750620406483e-10,0.0,1.0440086000238622e-14,3.551277602927344e-16,3.4343132565081084e-16
10,adam,449,14598.681599999996,17598.681599999996,1.6782080185733103e-08,1.613216192245938e-08,2.560971072004058e-10,1.2387266549287432e-08,3.4887982659715416e-09,5.598247331915946e-10,0.0,8.633085699892256e-15,2.947410018696838e-16,2.881998614267837e-16
10,adam,474,14598.681599999996,17598.681599999996,1.4151633867417212e-08,1.3559694163017687e-08,2.126669657958277e-10,1.0383368103895959e-08,2.9636590933259005e-09,5.018466833836332e-10,0.0,7.169118065914087e-15,2.470592051972135e-16,2.448173648460345e-16
10,adam,499,14598.681599999996,17598.681599999996,1.2029417105492587e-08,1.1475150200058429e-08,1.7641044383652012e-10,8.763634115187584e-09,2.5351056410343236e-09,4.641743251067135e-10,0.0,5.946929012109815e-15,2.085188878419867e-16,2.0941435705057994e-16
10,adam,524,14598.681599999996,17598.681599999996,1.0316495433106344e-08,9.8039064907991e-09,1.468861134830952e-10,7.467381226772148e-09,2.1896391505438572e-09,4.224967540604593e-10,0.0,4.951647085607348e-15,1.7767545679528348e-16,1.8087567749502836e-16
10,adam,549,14598.681599999996,17598.681599999996,8.930217598005758e-09,8.457311281752703e-09,1.2290552452114084e-10,6.425375572440337e-09,1.909030184791225e-09,3.828144862171984e-10,0.0,4.143225921141782e-15,1.5288173199574967e-16,1.5769519192278208e-16
10,adam,574,14598.681599999996,17598.681599999996,7.802602492127518e-09,7.366860843856051e-09,1.0354094869970256e-10,5.583722749503048e-09,1.6795971456533007e-09,3.4565015339076035e-10,0.0,3.490401710393069e-15,1.3285532499597312e-16,1.3874255759503604e-16
10,adam,599,14598.681599999996,17598.681599999996,6.878561155410867e-09,6.477466113910302e-09,8.797109117468412e-11,4.899121307433758e-09,1.49037371530186e-09,3.110038660864894e-10,0.0,2.9654957882551207e-15,1.1656590453473707e-16,1.2311173908833835e-16
10,adam,624,14598.681599999996,17598.681599999996,5.903615543343554e-09,5.506434137229484e-09,7.392271250227128e-11,4.155899221181334e-09,1.2766122035458787e-09,3.0709053501163515e-10,0.0,2.4918984741509167e-15,9.888078255439695e-17,1.0545394202987095e-16
10,adam,649,14598.681599999996,17598.681599999996,5.31433642552178e-09,4.965926448832305e-09,6.446547600911651e-11,3.74275258252246e-09,1.1587083903007286e-09,2.5831939570155306e-10,0.0,2.173063672578843e-15,8.905084992635335e-17,9.571458799341431e-17
10,adam,674,14598.681599999996,17598.681599999996,4.8144412645699884e-09,4.49488152346976e-09,5.6547596121958485e-11,3.384285783792346e-09,1.0540481435554562e-09,2.2946944422634919e-10,0.0,1.9061216034807505e-15,8.05219191842316e-17,8.706939923677948e-17
10,adam,699,14598.681599999996,17598.681599999996,4.38323831860929e-09,4.087345136419465e-09,5.010828301267132e-11,3.074707700098338e-09,9.625291533084554e-10,2.058031636781532e-10,0.0,1.689028448658439e-15,7.315618243502394e-17,7.950992832890193e-17
10,adam,724,14598.681599999996,17598.681599999996,4.006022703504076e-09,3.731265511380494e-09,4.484238310416298e-11,2.8046845002060346e-09,8.817386280702965e-10,1.846674452872141e-10,0.0,1.5114969804247659e-15,6.67315804435747e-17,7.283664051200062e-17
10,adam,749,14598.681599999996,17598.681599999996,3.671855567009833e-09,3.415868736303903e-09,4.046739054410015e-11,2.5658949255764845e-09,8.095064201833184e-10,1.6589734731837772e-10,0.0,1.3640036068430603e-15,6.105011965153038e-17,6.687025292730989e-17
10,adam,774,14598.681599999996,17598.681599999996,3.372563298310961e-09,3.1331965878989242e-09,3.678937290444635e-11,2.352134205899059e-09,7.442730090954189e-10,1.492774809382307e-10,0.0,1.2400100084358778e-15,5.596416683486704e-17,6.148193890833852e-17
10,adam,799,14598.681599999996,17598.681599999996,3.1020525712765148e-09,2.8774000173619123e-09,3.3653050309150486e-11,2.1588681108144347e-09,6.848788562383272e-10,1.3456356743537772e-10,0.0,1.1342809198880423e-15,5.136583440282839e-17,5.657591179870232e-17
10,adam,824,14598.681599999996,17598.681599999996,3.0751008378542532e-09,2.8675604377420098e-09,3.101672973405874e-11,2.145209052638734e-09,6.913346553692171e-10,1.1745167724016804e-10,0.0,1.0454290007089691e-15,5.104093699592878e-17,5.710837256575163e-17
10,adam,849,14598.681599999996,17598.681599999996,2.8045361145673267e-09,2.5801009072656175e-09,2.8321196377323478e-11,1.9309930327352504e-09,6.207866781530437e-10,1.3434674147722589e-10,0.0,9.545567719051642e-16,4.5944258547953553e-17,5.128138232054568e-17
10,adam,874,14598.681599999996,17598.681599999996,2.5626700866094628e-09,2.3562532518941446e-09,2.623149169767422e-11,1.7628588522488593e-09,5.671629079476111e-10,1.1632860167815747e-10,0.0,8.841164522718601e-16,4.194385934859853e-17,4.685191808664537e-17
10,adam,899,14598.681599999996,17598.681599999996,2.343322041582066e-09,2.152179702052251e-09,2.44649010788038e-11,1.6089973745791995e-09,5.187174263942478e-10,1.0105431497740067e-10,0.0,8.245685251905345e-16,3.8282979622776067e-17,4.285017489942787e-17
10,adam,924,14598.681599999996,17598.681599999996,2.143611609757531e-09,1.9639085932307725e-09,2.2879046344342075e-11,1.4671524249232178e-09,4.738771219632128e-10,8.961517855342941e-11,0.0,7.7111435922052755e-16,3.490801530536569e-17,3.9146177096608596e-17
10,adam,949,14598.681599999996,17598.681599999996,1.961293215673973e-09,1.7911040373304176e-09,2.1449110435375873e-11,1.3369767755505039e-09,4.3267815134453786e-10,8.010150664556476e-11,0.0,7.229169993270734e-16,3.181069587481934e-17,3.574291519896321e-17
10,adam,974,14598.681599999996,17598.681599999996,1.7946118309482252e-09,1.6326951959466101e-09,2.0158215677571232e-11,1.217606671128679e-09,3.9493030914035993e-10,7.182911088787719e-11,0.0,6.794070890142546e-16,2.897046763348668e-17,3.2624694931249977e-17
10,adam,999,14598.681599999996,17598.681599999996,1.6421459330869159e-09,1.487372987289592e-09,1.898741686636868e-11,1.1080901189659125e-09,3.6029545145731076e-10,6.468555202845082e-11,0.0,6.399457232963511e-16,2.636468424563287e-17,2.9763595978582355e-17
10,adam,1024,14598.681599999996,17598.681599999996,1.4239652749782387e-09,1.2822854353069044e-09,1.8412509378730904e-11,9.523803933886784e-10,3.1149253253949507e-10,5.1592527048925805e-11,0.0,6.205669743926544e-16,2.265961950124017e-17,2.5731978367569785e-17
10,adam,1049,14598.681599999996,17598.681599999996,1.3064781101581024e-09,1.1654520830283513e-09,1.7408192909979112e-11,8.647119193728369e-10,2.833319707455354e-10,5.0938786831796007e-11,0.0,5.867190322900031e-16,2.0573723996244705e-17,2.340567861254926e-17
10,adam,1074,14598.681599999996,17598.681599999996,1.1999768089790518e-09,1.063704360440502e-09,1.657220239309892e-11,7.879524457124238e-10,2.5917971233497927e-10,4.618527439875808e-11,0.0,5.585427489533427e-16,1.874735707028953e-17,2.1410463982680914e-17
10,adam,1099,14598.681599999996,17598.681599999996,1.1029238633010359e-09,9.700731384512067e-10,1.5743010682552242e-11,7.176157341968398e-10,2.3671439357181476e-10,4.2763610743605953e-11,0.0,5.305962499604815e-16,1.7073811251887455e-17,1.9554608786809958e-17
10,adam,1124,14598.681599999996,17598.681599999996,1.0144492710400748e-09,8.848718269752061e-10,1.4979329335664577e-11,6.536222655397544e-10,2.1627023209978716e-10,3.949038395707087e-11,0.0,5.048577263896393e-16,1.555119399832988e-17,1.786571906563057e-17
10,adam,1149,14598.681599999996,17598.681599999996,9.338661578109123e-10,8.072850565190603e-10,1.4283632192702192e-11,5.954085346443828e-10,1.975928896819754e-10,3.649408867093573e-11,0.0,4.814105843030753e-16,1.416609893134562e-17,1.6322782312186832e-17
10,adam,1174,14598.681599999996,17598.681599999996,8.60559949836237e-10,7.367427021669387e-10,1.3654599531239542e-11,5.425135310292115e-10,1.805745716064877e-10,3.373027591710163e-11,0.0,4.602102879506176e-16,1.2907555119897183e-17,1.4916894625061634e-17
10,adam,1199,14598.681599999996,17598.681599999996,7.939595112212878e-10,6.726538322623812e-10,1.308819672752266e-11,4.944944341114888e-10,1.6507120142336975e-10,3.121874164122424e-11,0.0,4.411208381584623e-16,1.1765026570419609e-17,1.3636154688045484e-17
10,adam,1224,14598.681599999996,17598.681599999996,7.548562650235201e-10,6.370647958681958e-10,1.2503126238921134e-11,4.688185294131883e-10,1.5574314021608643e-10,2.770456444747256e-11,0.0,4.213981421862717e-16,1.1154046875778178e-17,1.2865563026706855e-17
10,adam,1249,14598.681599999996,17598.681599999996,6.967502337270742e-10,5.807147299208161e-10,1.1964129296379746e-11,4.264681526034399e-10,1.4228244802099647e-10,2.5948624324653494e-11,0.0,4.0323264075609913e-16,1.0146412283658352e-17,1.175356726320184e-17
10,adam,1274,14598.681599999996,17598.681599999996,6.443326055198936e-10,5.297286521514686e-10,1.1545640858091197e-11,3.88164941833228e-10,1.3001806946014938e-10,2.4517093385861333e-11,0.0,3.891283731749859e-16,9.235072433341703e-18,1.0740400048045623e-17
10,adam,1299,14598.681599999996,17598.681599999996,5.970596567134822e-10,4.839795576449039e-10,1.1198438178035216e-11,3.5379935656195484e-10,1.1898176290491386e-10,2.2993253957134202e-11,0.0,3.774268412455348e-16,8.41742092722661e-18,9.828686384698983e-18
10,adam,1324,14598.681599999996,17598.681599999996,5.544531392570349e-10,4.4281131949279087e-10,1.0904348883704845e-11,3.228963128315343e-10,1.0901065777755169e-10,2.155498541933966e-11,0.0,3.675153673034076e-16,7.682154397292688e-18,9.004970025373106e-18
10,adam,1349,14598.681599999996,17598.681599999996,5.160779043370005e-10,4.0577482876431794e-10,1.0650630333466413e-11,2.9512925416000205e-10,9.999494427084945e-11,2.0216248330851182e-11,0.0,3.589644947672282e-16,7.021502924662626e-18,8.260179428779573e-18
10,adam,1374,14598.681599999996,17598.681599999996,4.815321724693077e-10,3.7246336643203697e-10,1.0430241516906687e-11,2.701888429507518e-10,9.184428196437848e-11,1.898198269138652e-11,0.0,3.515369090389336e-16,6.428106319639326e-18,7.586851593178667e-18
10,adam,1399,14598.681599999996,17598.681599999996,4.5044496849703817e-10,3.425101784603323e-10,1.0237580032555341e-11,2.4779427623537713e-10,8.447832219239986e-11,1.7847967834543297e-11,0.0,3.4504378979006527e-16,5.895283360638934e-18,6.97834896199487e-18
10,lbfgs,1400,14598.681599999996,17598.681599999996,4.481925264074952e-10,3.403011298182108e-10,1.0434189552407276e-11,2.448790667245488e-10,8.498787354125471e-11,1.7804574381916468e-11,0.0,3.5167050074709635e-16,5.8259209967485415e-18,7.020429453426255e-18
10,lbfgs,1409,14598.681599999996,17598.681599999996,4.4869335791565324e-10,3.4277985718408356e-10,1.041940437057476e-11,2.4767512459328006e-10,8.468532822022876e-11,1.582667852736585e-11,0.0,3.511723293364808e-16,5.8924662969871655e-18,6.99537991691139e-18
10,lbfgs,1419,14598.681599999996,17598.681599999996,4.664335594938336e-10,3.342602326549309e-10,1.0446397561338236e-11,2.388924400341991e-10,8.492139505939357e-11,4.2086504661535115e-11,0.0,3.520818941446028e-16,5.683463446692118e-18,7.015164736617577e-18
10,lbfgs,1429,14598.681599999996,17598.681599999996,4.480073960539319e-10,3.408748096626251e-10,1.0418417419425146e-11,2.4611996272459987e-10,8.43364295186001e-11,1.7045764193361458e-11,0.0,3.5113909191912537e-16,5.855462025684931e-18,6.966575602324889e-18
10,lbfgs,1439,14598.681599999996,17598.681599999996,4.5972958033899047e-10,3.3280884194209255e-10,1.0438620400624273e-11,2.3817567484118325e-10,8.419454670028504e-11,3.6833916220512996e-11,0.0,3.518198507095401e-16,5.66641701680934e-18,6.955075879221447e-18
10,lbfgs,1449,14598.681599999996,17598.681599999996,4.478106458297458e-10,3.4042963463277943e-10,1.0416253775301526e-11,2.4579847670117494e-10,8.421490415630299e-11,1.7294189004138065e-11,0.0,3.5106620502319803e-16,5.8478111642559935e-18,6.956538018081974e-18
10,lbfgs,1459,14598.681599999996,17598.681599999996,4.586392686047014e-10,3.325041276727822e-10,1.0435219660947236e-11,2.380384303760766e-10,8.403047763575833e-11,3.604831875979849e-11,0.0,3.5170527560349995e-16,5.663151373225792e-18,6.941513168305208e-18
10,lbfgs,1469,14598.681599999996,17598.681599999996,4.476715274076002e-10,3.402147846444114e-10,1.0414075236120166e-11,2.456643625765294e-10,8.413634683176184e-11,1.736992057534403e-11,0.0,3.509928147460648e-16,5.84461859449807e-18,6.950047509142539e-18
10,lbfgs,1479,14598.681599999996,17598.681599999996,4.582282014072523e-10,3.3230599718194494e-10,1.0432585380728148e-11,2.3793513672586266e-10,8.393827507535413e-11,3.5835382057944175e-11,0.0,3.5161652560329623e-16,5.660692615010339e-18,6.9338923856755585e-18
10,lbfgs,1489,14598.681599999996,17598.681599999996,4.4754212984275107e-10,3.400448318132299e-10,1.0412040660433324e-11,2.455612916403501e-10,8.407149951244646e-11,1.741047584666951e-11,0.0,3.50924273781646e-16,5.8421647224465125e-18,6.94468923617412e-18
10,lbfgs,1499,14598.681599999996,17598.681599999996,4.5795460622034803e-10,3.3213819077054196e-10,1.0430243546994087e-11,2.3784173696986296e-10,8.386621025368491e-11,3.572959328732732e-11,0.0,3.515376283493963e-16,5.658469141715772e-18,6.9279362755496936e-18
10,lbfgs,1509,14598.681599999996,17598.681599999996,4.474162268400905e-10,3.3989292591588736e-10,1.0410149961862758e-11,2.454682128070748e-10,8.40145631469498e-11,1.7436478746366607e-11,0.0,3.5086057930848703e-16,5.8399486667851035e-18,6.939984403964868e-18
10,lbfgs,1519,14598.681599999996,17598.681599999996,4.5773843993492156e-10,3.3198690174145776e-10,1.042810418735524e-11,2.377538061992214e-10,8.380499135488111e-11,3.566471603593601e-11,0.0,3.5146555222924665e-16,5.6563757790515324e-18,6.922876628687723e-18
10,lbfgs,1529,14598.681599999996,17598.681599999996,4.472922809620669e-10,3.397518788613419e-10,1.0408388517084142e-11,2.453802899996317e-10,8.396320034462607e-11,1.745357992792431e-11,0.0,3.508012386953931e-16,5.8378553518917954e-18,6.935739968587629e-18
10,lbfgs,1539,14598.681599999996,17598.681599999996,4.575552439452391e-10,3.318465133622774e-10,1.0426127606851413e-11,2.376694029760818e-10,8.375098277934421e-11,3.5621908430430074e-11,0.0,3.513989597856571e-16,5.6543663591002794e-18,6.918412913342312e-18
10,lbfgs,1549,14598.681599999996,17598.681599999996,4.471695675069999e-10,3.3961812414072895e-10,1.0406741813207556e-11,2.4529539927179734e-10,8.39159830557241e-11,1.7464621198524205e-11,0.0,3.5074576302976773e-16,5.835834232565271e-18,6.931837976830131e-18
10,lbfgs,1559,14598.681599999996,17598.681599999996,4.573923713905721e-10,3.3171377504672464e-10,1.0424286849673203e-11,2.375874461625432e-10,8.370204203450823e-11,3.5591774196344876e-11,0.0,3.5133694281819396e-16,5.652415166992105e-18,6.9143680346960064e-18
10,lbfgs,1569,14598.681599999996,17598.681599999996,4.470476588553191e-10,3.394894479313713e-10,1.0405196757536337e-11,2.452123310570925e-10,8.387192011674247e-11,1.7471388761270634e-11,0.0,3.506937112484423e-16,5.833856520978787e-18,6.928196558597579e-18
10,lbfgs,1579,14598.681599999996,17598.681599999996,4.5724222503699633e-10,3.315865795696086e-10,1.0422561511352167e-11,2.3750726663562337e-10,8.365675142263302e-11,3.556882332493867e-11,0.0,3.5127881387677663e-16,5.650506285278751e-18,6.910624813464129e-18
10,lbfgs,1589,14598.681599999996,17598.681599999996,4.4692629072553794e-10,3.393643882230728e-10,1.0403741747875627e-11,2.4513035481686716e-10,8.383029165833001e-11,1.7475080344871224e-11,0.0,3.5064469250646763e-16,5.831904828447147e-18,6.924756251492367e-18
10,lbfgs,1599,14598.681599999996,17598.681599999996,4.5710010407367394e-10,3.314634892188787e-10,1.0420935568180517e-11,2.374284187147456e-10,8.361413493595259e-11,3.5549792717418565e-11,0.0,3.5122403312071745e-16,5.6486291102418546e-18,6.9071025819167935e-18
10,lbfgs,1609,14598.681599999996,17598.681599999996,4.4680529800884343e-10,3.3924195262834655e-10,1.0402366589235552e-11,2.4504902413456083e-10,8.379056190455017e-11,1.747652322799793e-11,0.0,3.505983633701911e-16,5.829968527820437e-18,6.921472798787612e-18
10,lbfgs,1619,14598.681599999996,17598.681599999996,4.5696307721122623e-10,3.3134349014906927e-10,1.0419396136183008e-11,2.3735058934555647e-10,8.357350466732975e-11,3.5532764929867446e-11,0.0,3.5117216650043987e-16,5.646776192480162e-18,6.903744486922624e-18
10,lbfgs,1629,14598.681599999996,17598.681599999996,4.466845770885882e-10,3.391214541795694e-10,1.0401062365786692e-11,2.4496806634260884e-10,8.375232547117389e-11,1.7476300761624853e-11,0.0,3.5055442350254453e-16,5.828041127111467e-18,6.9183127140355925e-18
10,lbfgs,1639,14598.681599999996,17598.681599999996,4.5682931205433344e-10,3.3122585007636865e-10,1.0417932658714093e-11,2.372735503089844e-10,8.353436710867012e-11,3.5516639850774275e-11,0.0,3.511228583824625e-16,5.6449421005382526e-18,6.90050974385185e-18
10,lbfgs,1649,14598.681599999996,17598.681599999996,4.4656406270849383e-10,3.390024092234761e-10,1.039982129750012e-11,2.4488731603882077e-10,8.37152718871552e-11,1.747483134273758e-11,0.0,3.5051261083233057e-16,5.826118687412975e-18,6.91525035073426e-18
10,lbfgs,1659,14598.681599999996,17598.681599999996,4.566976621411292e-10,3.311100303668099e-10,1.0416536348175899e-11,2.3719713097423973e-10,8.349636304439429e-11,3.550080965223731e-11,0.0,3.5107581273740743e-16,5.64312277300199e-18,6.897368667802774e-18
10,lbfgs,1669,14598.681599999996,17598.681599999996,4.464437135616557e-10,3.388844718368662e-10,1.039863659802291e-11,2.448066741232355e-10,8.367916111560779e-11,1.7472419587630583e-11,0.0,3.5047269676523376e-16,5.824198848066435e-18,6.9122658804506e-18
10,lbfgs,1679,14598.681599999996,17598.681599999996,4.565674067432521e-10,3.3099562894487753e-10,1.0415199789453091e-11,2.371212016101748e-10,8.345922754524965e-11,3.548495568140909e-11,0.0,3.5103077977739505e-16,5.641315121628528e-18,6.894299366541647e-18
10,lbfgs,1689,14598.681599999996,17598.681599999996,4.46323503351685e-10,3.3876739113978966e-10,1.0397502342821313e-11,2.447260825986553e-10,8.364380619831302e-11,1.746929007986416e-11,0.0,3.5043448174091883e-16,5.8222802269364676e-18,6.909343859283896e-18
10,lbfgs,1699,14598.681599999996,17598.681599999996,4.5643809127109774e-10,3.308823422861633e-10,1.0413916655967213e-11,2.370456624682045e-10,8.342276316199157e-11,3.546892687309211e-11,0.0,3.5098754638837e-16,5.639516771688336e-18,6.891285524696528e-18
10,lbfgs,1709,14598.681599999996,17598.681599999996,4.462034151762136e-10,3.3865098275550994e-10,1.039641335138727e-11,2.446455087830988e-10,8.360906062102387e-11,1.7465610293805818e-11,0.0,3.5039779126404033e-16,5.820362044656016e-18,6.906472184234472e-18
10,lbfgs,1719,14598.681599999996,17598.681599999996,4.563094299264868e-10,3.3076993939465426e-10,1.0412681501939376e-11,2.369704362613603e-10,8.338682163135463e-11,3.545266842511891e-11,0.0,3.5094592913038233e-16,5.637725883049945e-18,6.888314891658682e-18
10,lbfgs,1729,14598.681599999996,17598.681599999996,4.460834380481438e-10,3.385351096897402e-10,1.039536508414417e-11,2.44564935615141e-10,8.357480899045499e-11,1.746150623664378e-11,0.0,3.5036247243064693e-16,5.818443893865917e-18,6.90364132309796e-18
10,lbfgs,1739,14598.681599999996,17598.681599999996,4.5618124082459734e-10,3.3065824311120184e-10,1.0411489602482917e-11,2.3689546281389243e-10,8.335129069482648e-11,3.5436175611815285e-11,0.0,3.509057688496285e-16,5.635941022884714e-18,6.885378192122677e-18
10,lbfgs,1749,14598.681599999996,17598.681599999996,4.459635647340553e-10,3.384196692577027e-10,1.0394353553640388e-11,2.444843556598551e-10,8.354096004420721e-11,1.7457073359735143e-11,0.0,3.5032839093604924e-16,5.816525596523783e-18,6.900843737053158e-18
10,lbfgs,1759,14598.681599999996,17598.681599999996,4.5605340642340026e-10,3.305471167726373e-10,1.041033683179498e-11,2.3682069513392634e-10,8.331608480691595e-11,3.5419467554320245e-11,0.0,3.508669265742914e-16,5.634161072211923e-18,6.882468358147973e-18
10,lbfgs,1769,14598.681599999996,17598.681599999996,4.4584379034359533e-10,3.3830458369417837e-10,1.0393375248842536e-11,2.4440376713824004e-10,8.350744130709576e-11,1.7452384537945206e-11,0.0,3.502954285241059e-16,5.814607109373616e-18,6.8980734392453945e-18
10,lbfgs,1779,14598.681599999996,17598.681599999996,4.559258523351766e-10,3.30436454682833e-10,1.0409219570260377e-11,2.3674609641667766e-10,8.328113869589491e-11,3.540257556104175e-11,0.0,3.508292803845854e-16,5.632385154572472e-18,6.8795799970156395e-18
10,lbfgs,1789,14598.681599999996,17598.681599999996,4.4572411149840665e-10,3.3818979376662626e-10,1.039242707022667e-11,2.4432317166447087e-10,8.34741950319287e-11,1.744749562545747e-11,0.0,3.502634808003896e-16,5.812688470062374e-18,6.895325659463859e-18
10,lbfgs,1799,14598.681599999996,17598.681599999996,4.557985292181013e-10,3.303261746800318e-10,1.040813462632533e-11,2.3667163781963264e-10,8.324640223407386e-11,3.538553245191137e-11,0.0,3.5079272278055856e-16,5.630612583077037e-18,6.876708967297996e-18
10,lbfgs,1809,14598.681599999996,17598.681599999996,4.4560452580653975e-10,3.3807525419122203e-10,1.039150627468019e-11,2.44242572847253e-10,8.344117506928883e-11,1.7442449514146264e-11,0.0,3.5023245537590866e-16,5.810769763826137e-18,6.892596585558932e-18
10,lbfgs,1819,14598.681599999996,17598.681599999996,4.5567140419118243e-10,3.302162127573678e-10,1.0407079175654453e-11,2.3659729670872616e-10,8.321183687298718e-11,3.5368369352802714e-11,0.0,3.507571586322012e-16,5.6288428186560105e-18,6.873852084284619e-18
10,lbfgs,1829,14598.681599999996,17598.681599999996,4.4548503149373843e-10,3.3796093004413644e-10,1.0390610428648805e-11,2.441619752168449e-10,8.340834439864273e-11,1.743727935358416e-11,0.0,3.502022702886633e-16,5.8088510979323975e-18,6.889883159492037e-18
10,lbfgs,1839,14598.681599999996,17598.681599999996,4.555444565430629e-10,3.3010651907850965e-10,1.040605071169623e-11,2.365230553062054e-10,8.317741306060803e-11,3.535111538868958e-11,0.0,3.507225035140042e-16,5.6270754378675705e-18,6.8710069065723445e-18
10,lbfgs,1849,14598.681599999996,17598.681599999996,4.4536562715550957e-10,3.3784679419223447e-10,1.0389737368200535e-11,2.440813836085095e-10,8.337567321552447e-11,1.74320108724128e-11,0.0,3.5017285265828194e-16,5.806932586988315e-18,6.887182919319894e-18
10,lbfgs,1859,14598.681599999996,17598.681599999996,4.554176710500527e-10,3.2999705460167356e-10,1.0405047001514293e-11,2.364488996553759e-10,8.314310794478341e-11,3.533379437766551e-11,0.0,3.506886822169385e-16,5.62531010825457e-18,6.868171546284358e-18
10,lbfgs,1869,14598.681599999996,17598.681599999996,4.452463116967091e-10,3.37732825729172e-10,1.0388885164486083e-11,2.4400080308438603e-10,8.334313748029985e-11,1.7426663881831887e-11,0.0,3.501441375224361e-16,5.805014351064571e-18,6.884493879304756e-18
10,lbfgs,1879,14598.681599999996,17598.681599999996,4.5529103659550277e-10,3.298877887367834e-10,1.0404066051179387e-11,2.3637481879606136e-10,8.31089038895427e-11,3.531642579315727e-11,0.0,3.506556275825576e-16,5.623546568711785e-18,6.865344546484899e-18
10,lbfgs,1889,14598.681599999996,17598.681599999996,4.4512708425477234e-10,3.3761900856282425e-10,1.0388052094542407e-11,2.4392023872070015e-10,8.33107177475817e-11,1.74212536114013e-11,0.0,3.5011606685333756e-16,5.803096510618771e-18,6.881814433213442e-18
10,lbfgs,1899,14598.681599999996,17598.681599999996,4.55164545619918e-10,3.297786975590542e-10,1.0403106076631777e-11,2.363008041247034e-10,8.307478735771903e-11,3.529902600045438e-11,0.0,3.5062327952143947e-16,5.6217846142485296e-18,6.862524788863517e-18
10,lbfgs,1909,14598.681599999996,17598.681599999996,4.450079440015381e-10,3.375053297983473e-10,1.0387236616460478e-11,2.4383969501928726e-10,8.327839816259958e-11,1.741579212780349e-11,0.0,3.5008858872122747e-16,5.8011791724828475e-18,6.879143271414639e-18
10,lbfgs,1919,14598.681599999996,17598.681599999996,4.550381925337329e-10,3.296697622898612e-10,1.040216547757142e-11,2.362268488793229e-10,8.304074793296692e-11,3.528160818861607e-11,0.0,3.50591584133617e-16,5.620024083726376e-18,6.859711412928166e-18
10,lbfgs,1929,14598.681599999996,17598.681599999996,4.4488889026520426e-10,3.373917795730549e-10,1.0386437347134557e-11,2.437591764024428e-10,8.324616582347756e-11,1.7410288621922383e-11,0.0,3.5006165654487055e-16,5.799262441628782e-18,6.876479328189621e-18
10,lbfgs,1939,14598.681599999996,17598.681599999996,4.549119724328896e-10,3.2956096813804594e-10,1.0401242815159152e-11,2.361529477606169e-10,8.30067775622699e-11,3.5264182244742484e-11,0.0,3.5056049295743187e-16,5.618264850837761e-18,6.856903753416818e-18
10,lbfgs,1949,14598.681599999996,17598.681599999996,4.44769922417597e-10,3.3727835008982596e-10,1.038565304376535e-11,2.4367868689120414e-10,8.321401015485646e-11,1.74047502627051e-11,0.0,3.500352284685029e-16,5.7973464135072654e-18,6.873821729992389e-18
10,lbfgs,1959,14598.681599999996,17598.681599999996,4.5478588204708387e-10,3.294523035090727e-10,1.0400336794054825e-11,2.3607909660413355e-10,8.297287011088432e-11,3.524675649306511e-11,0.0,3.5052996236447636e-16,5.616506816298372e-18,6.85410130353746e-18
10,lbfgs,1969,14598.681599999996,17598.681599999996,4.4465103988433967e-10,3.371650351974417e-10,1.038488258752825e-11,2.435982301520035e-10,8.318192245790997e-11,1.739918262699351e-11,0.0,3.500092668117166e-16,5.7954311751525034e-18,6.871169758276995e-18
10,lbfgs,1979,14598.681599999996,17598.681599999996,4.546599177469344e-10,3.2934375919819307e-10,1.0399446244831004e-11,2.3600529215378827e-10,8.293902079957375e-11,3.5229336508950856e-11,0.0,3.504999529672039e-16,5.614749902456403e-18,6.851303668461774e-18
10,lbfgs,1989,14598.681599999996,17598.681599999996,4.445322421453393e-10,3.3705183012590296e-10,1.038412496929201e-11,2.435178095943907e-10,8.314989556222028e-11,1.7393589964693833e-11,0.0,3.4998373758844007e-16,5.793516807503256e-18,6.868522820738873e-18
10,lbfgs,1999,14598.681599999996,17598.681599999996,4.5453407881547324e-10,3.29235328100707e-10,1.0398570112010539e-11,2.3593153183844704e-10,8.290522615024945e-11,3.52119286801317e-11,0.0,3.5047042921601877e-16,5.612994047967957e-18,6.8485105608599545e-18
10,lbfgs,2009,14598.681599999996,17598.681599999996,4.444135286676327e-10,3.369387309130375e-10,1.0383379277445051e-11,2.4343742814250267e-10,8.311792349308978e-11,1.7387975705014717e-11,0.0,3.499586100968963e-16,5.791603379962034e-18,6.865880423836111e-18
10,lbfgs,2019,14598.681599999996,17598.681599999996,4.5440836121833155e-10,3.291270043440484e-10,1.0397707437523516e-11,2.358578136669141e-10,8.287148323961077e-11,3.519453484480469e-11,0.0,3.5044135884199615e-16,5.611239205304793e-18,6.845721739195844e-18
10,lbfgs,2029,14598.681599999996,17598.681599999996,4.442948989980228e-10,3.3682573458722714e-10,1.0382644686838437e-11,2.4335708859975397e-10,8.308600130063472e-11,1.7382342366377464e-11,0.0,3.49933856547185e-16,5.789690959069942e-18,6.863242158667657e-18
10,lbfgs,2039,14598.681599999996,17598.681599999996,4.542827633586846e-10,3.2901878339519815e-10,1.0396857353735332e-11,2.357841360711981e-10,8.283778997026469e-11,3.517715793916419e-11,0.0,3.5041271262209867e-16,5.6094853370142274e-18,6.8429370301690975e-18
10,lbfgs,2049,14598.681599999996,17598.681599999996,4.441763526655831e-10,3.3671283860894557e-10,1.0381920449579966e-11,2.4327679334085664e-10,8.305412481850897e-11,1.7376692017381594e-11,0.0,3.499094517512308e-16,5.787779601176681e-18,6.860607681047276e-18
10,lbfgs,2059,14598.681599999996,17598.681599999996,4.5415728432747343e-10,3.2891066167071345e-10,1.0396019072708092e-11,2.35710497820143e-10,8.280414477786236e-11,3.515980063759389e-11,0.0,3.5038446401746504e-16,5.607732413664856e-18,6.8401563045087765e-18
10,lbfgs,2069,14598.681599999996,17598.681599999996,4.440578892274302e-10,3.366000409575684e-10,1.0381205886490907e-11,2.4319654452287825e-10,8.302229054819925e-11,1.737102623576797e-11,0.0,3.498853728350482e-16,5.785869357460767e-18,6.857976701943876e-18
10,lbfgs,2079,14598.681599999996,17598.681599999996,4.540319216040205e-10,3.28802636168019e-10,1.039519187617449e-11,2.3563689795966066e-10,8.277054633218385e-11,3.514246342199145e-11,0.0,3.5035658883569535e-16,5.605980412426435e-18,6.8373794522629385e-18
10,lbfgs,2089,14598.681599999996,17598.681599999996,4.4393950826147073e-10,3.3648733999170057e-10,1.0380500379802166e-11,2.4311634407883806e-10,8.299049553306034e-11,1.7365346240838323e-11,0.0,3.4986159899274403e-16,5.783960273775987e-18,6.855348977077105e-18
10,lbfgs,2099,14598.681599999996,17598.681599999996,4.539066743602615e-10,3.2869470456309545e-10,1.039437511039034e-11,2.3556333573917033e-10,8.273699371353475e-11,3.5125147788311786e-11,0.0,3.5032906505750164e-16,5.604229315313618e-18,6.834606397397054e-18
10,lbfgs,2109,14598.681599999996,17598.681599999996,4.438212093818004e-10,3.3637473443626535e-10,1.0379803366638136e-11,2.430361937950717e-10,8.295873727455549e-11,1.7359652921764937e-11,0.0,3.4983811126705737e-16,5.782052392491172e-18,6.852724299998571e-18
10,lbfgs,2119,14598.681599999996,17598.681599999996,4.537815408686998e-10,3.285868648870458e-10,1.0393568177792053e-11,2.3548981057706313e-10,8.270348613219059e-11,3.5107853977955324e-11,0.0,3.503018725557119e-16,5.602479108367319e-18,6.831837074598055e-18
10,lbfgs,2129,14598.681599999996,17598.681599999996,4.4370299216482323e-10,3.36262222993727e-10,1.037911433353112e-11,2.429560950515802e-10,8.292701360861568e-11,1.735394715248753e-11,0.0,3.4981489236463267e-16,5.780145746311444e-18,6.850102491882967e-18
10,lbfgs,2139,14598.681599999996,17598.681599999996,4.536565198847265e-10,3.284791155408225e-10,1.0392770532083424e-11,2.3541632201958865e-10,8.267002298915044e-11,3.509058234536057e-11,0.0,3.502749929297918e-16,5.600729780673579e-18,6.8290714343045946e-18
10,lbfgs,2149,14598.681599999996,17598.681599999996,4.4358485624219455e-10,3.3614980475409883e-10,1.0378432810980607e-11,2.4287604923606807e-10,8.289532270705015e-11,1.7348229474648054e-11,0.0,3.497919264727745e-16,5.778240368129005e-18,6.8474834016399454e-18
11,adam,0,17598.681599999996,20000.0,9.833082848909518e-11,5.457455994606761e-12,2.0888681093134445e-12,1.986214547192732e-12,1.3823733381005842e-12,1.8191519982022537e-12,0.0,7.04054135827084e-17,4.724440894303629e-20,1.1416774726934075e-19
11,adam,24,17598.681599999996,20000.0,6.526592714769323e-05,3.3355260375621036e-05,1.1770158516366762e-07,2.688247275858652e-05,6.355086031870847e-06,3.191057651929597e-05,0.0,4.049971702246892e-12,6.482482273036795e-13,5.184958224423246e-13
11,adam,49,17598.681599999996,20000.0,5.573699865961985e-07,5.522178510773303e-07,6.587024034326255e-09,4.0848809890406686e-07,1.3714272813893724e-07,5.062091061114087e-09,0.0,2.2273024435878912e-13,9.707447845426889e-15,1.1358327435171721e-14
11,adam,74,17598.681599999996,20000.0,1.8538137072741435e-07,1.4932381591293564e-07,2.898131990659697e-09,1.200453517974933e-07,2.638033212478266e-08,3.596753924156339e-08,0.0,9.778799589803325e-14,2.8587839246888953e-15,2.1793019865202286e-15
11,adam,99,17598.681599999996,20000.0,1.4767043813861368e-07,1.097959468640091e-07,2.0360095257016573e-09,8.375710757819445e-08,2.4002829760112995e-08,3.7784481838067554e-08,0.0,6.859434903377718e-14,1.9922086587122046e-15,1.9846258447705224e-15
11,adam,124,17598.681599999996,20000.0,7.444638661524651e-08,6.524734456580086e-08,1.6945253865048566e-09,5.001803967727906e-08,1.353477950201695e-08,9.109033860618705e-09,0.0,5.709678636511575e-14,1.1899754126588165e-15,1.118595604964427e-15
11,adam,149,17598.681599999996,20000.0,6.078820465693708e-08,5.683316076560395e-08,1.4925079026375944e-09,4.378772152972152e-08,1.1552931333244834e-08,3.865036621300013e-09,0.0,5.029050447090334e-14,1.041902892893977e-15,9.546661377032044e-16
11,adam,174,17598.681599999996,20000.0,5.230309529616526e-08,4.9831923976058225e-08,1.264398307915371e-09,3.844073161656734e-08,1.012679405157551e-08,2.381164730870155e-09,0.0,4.260486637771674e-14,9.147366814569578e-16,8.367602712061316e-16
11,adam,199,17598.681599999996,20000.0,4.4742989597223183e-08,4.244409306713366e-08,1.0482219233136628e-09,3.271763824936558e-08,8.67823289445442e-09,2.2088903503879877e-09,0.0,3.532071099582061e-14,7.785475437668735e-16,7.170545863438594e-16
11,adam,224,17598.681599999996,20000.0,3.841335065020943e-08,3.6408255745189097e-08,8.796879597414436e-10,2.798801843407866e-08,7.540549351368993e-09,1.915088700039434e-09,0.0,2.964180308929892e-14,6.659739279163199e-16,6.230610787646614e-16
11,adam,249,17598.681599999996,20000.0,3.211158035799758e-08,3.045424962657799e-08,7.043855437129594e-10,2.339470412191597e-08,6.355159960949066e-09,1.5673241855318642e-09,0.0,2.3735270454996745e-14,5.566889275993434e-16,5.251000283840364e-16
11,adam,274,17598.681599999996,20000.0,2.658323608865915e-08,2.5137534560920342e-08,5.587763136578977e-10,1.928764794776061e-08,5.2911102995018326e-09,1.355694402654118e-09,0.0,1.882893095306186e-14,4.589642199113249e-16,4.371755721366634e-16
11,adam,299,17598.681599999996,20000.0,2.1804708485822922e-08,2.0560394414698937e-08,4.3600144587400784e-10,1.5750741519049736e-08,4.37365144977519e-09,1.154306163140108e-09,0.0,1.4691932515179647e-14,3.748051381880545e-16,3.6136672973235674e-16
11,adam,324,17598.681599999996,20000.0,1.773467308616453e-08,1.6674694274688653e-08,3.3511598915373333e-10,1.2749076425405974e-08,3.590501860128947e-09,9.699699633228684e-10,0.0,1.1292492510248317e-14,3.0338122051828116e-16,2.966578503616404e-16
11,adam,349,17598.681599999996,20000.0,1.431693382992492e-08,1.3414998716319207e-08,2.535617647087992e-10,1.0231895202937863e-08,2.9295417486725455e-09,8.119252126981229e-10,0.0,8.544414706321246e-15,2.434847553317367e-16,2.4204646990564825e-16
11,adam,374,17598.681599999996,20000.0,1.1485671770416146e-08,1.07189455306981e-08,1.8919655015914067e-10,8.150952346531938e-09,2.3787966340070202e-09,6.767152160232511e-10,0.0,6.375522103685661e-15,1.9396795222908865e-16,1.9654246903581866e-16
11,adam,399,17598.681599999996,20000.0,9.170507446215218e-09,8.518580364307527e-09,1.3962338331195085e-10,6.453717261942994e-09,1.925239719052582e-09,5.61914905128306e-10,0.0,4.7050560447827744e-15,1.535810481829494e-16,1.5906896801921262e-16
11,adam,424,17598.681599999996,20000.0,7.614345819785957e-09,6.960735386776149e-09,1.0369569094701544e-10,5.251029155490306e-09,1.606010540338828e-09,5.635971115600534e-10,0.0,3.494369208288806e-15,1.2496684523019852e-16,1.3269592264700076e-16
11,adam,449,17598.681599999996,20000.0,6.027983313552002e-09,5.4612834896928625e-09,7.496503178422896e-11,4.096514076763349e-09,1.2898043811452844e-09,4.766853636281368e-10,0.0,2.526216562034007e-15,9.749173019266919e-17,1.065700696603512e-16
11,adam,474,17598.681599999996,20000.0,4.775455572894917e-09,4.300358751025575e-09,5.555824254559334e-11,3.2039945845945043e-09,1.040805923885477e-09,3.8508128222445105e-10,0.0,1.8722623859237365e-15,7.625138385308735e-17,8.599740892208282e-17
11,adam,499,17598.681599999996,20000.0,3.797681245742634e-09,3.3949099587291694e-09,4.3086573829976556e-11,2.5089039683183095e-09,8.429194165808832e-10,3.1275475112893056e-10,0.0,1.4519992335881658e-15,5.970925885821373e-17,6.964755788940913e-17
11,adam,524,17598.681599999996,20000.0,3.0416684694079264e-09,2.6969620110119134e-09,3.561523677188668e-11,1.9746610912634e-09,6.866856829766266e-10,2.5468902346815087e-10,0.0,1.2002373292399574e-15,4.699489677247736e-17,5.673898061356903e-17
11,adam,549,17598.681599999996,20000.0,2.4617822241045328e-09,2.16322840908603e-09,3.169625709703184e-11,1.5675543669933753e-09,5.639777849956227e-10,2.08535585788587e-10,0.0,1.06818390071622e-15,3.7306079091363243e-17,4.660025874472696e-17
11,adam,574,17598.681599999996,20000.0,2.0197020105025735e-09,1.757871612522143e-09,3.0152499991756056e-11,1.2598004015233675e-09,4.679187110070195e-10,1.7181148233650647e-10,0.0,1.0161722532201498e-15,2.998165598281759e-17,3.8663243082365536e-17
11,adam,599,17598.681599999996,20000.0,1.6839417566620066e-09,1.451324566713067e-09,3.007696238893365e-11,1.0284580593098741e-09,3.9278954501425903e-10,1.4259769510558893e-10,0.0,1.013637703267638e-15,2.4475701862277883e-17,3.245546325452164e-17
11,adam,624,17598.681599999996,20000.0,1.398348533719278e-09,1.199073779247397e-09,3.179643042744559e-11,8.427912182166859e-10,3.2448613060326547e-10,1.0925480755115128e-10,0.0,1.0716027095182588e-15,2.0056265993967637e-17,2.681109029684036e-17
11,adam,649,17598.681599999996,20000.0,1.2181787815695074e-09,1.0386732964859067e-09,3.2480779650311844e-11,7.237855663883297e-10,2.824069504472651e-10,8.948519712854409e-11,0.0,1.0946757119011886e-15,1.7223994277760396e-17,2.333410494498413e-17
11,adam,674,17598.681599999996,20000.0,1.0793319260579045e-09,9.13193634636497e-10,3.330914772785579e-11,6.316839376851827e-10,2.4820054922345845e-10,7.611774672627388e-11,0.0,1.1225989271488482e-15,1.5031954781376966e-17,2.0507592654810962e-17
11,adam,699,17598.681599999996,20000.0,9.706233609230233e-10,8.140448331360726e-10,3.394116631893945e-11,5.596590512597749e-10,2.204446155573582e-10,6.655780154690088e-11,0.0,1.1439043123617392e-15,1.3317710405411431e-17,1.8214065973291062e-17
11,adam,724,17598.681599999996,20000.0,8.840638934350844e-10,7.353248923353162e-10,3.43203052972027e-11,5.032685275781951e-10,1.9773605945991838e-10,5.871816041529307e-11,0.0,1.156686411534386e-15,1.1975562894672661e-17,1.6337590486274915e-17
11,adam,749,17598.681599999996,20000.0,8.137918291963388e-10,6.717601485079527e-10,3.4420591858621154e-11,4.584089816196479e-10,1.7893057502968374e-10,5.201078472828877e-11,0.0,1.1600698189293812e-15,1.0907863992585063e-17,1.4783623524796443e-17
11,adam,774,17598.681599999996,20000.0,7.555349404128779e-10,6.191211484059149e-10,3.424205318743768e-11,4.2178293060496096e-10,1.6309616461351623e-10,4.6392892241236424e-11,0.0,1.1540556311411828e-15,1.0036137787738252e-17,1.3475164898635157e-17
11,adam,799,17598.681599999996,20000.0,7.062107642447086e-10,5.745641842405698e-10,3.3809790571995864e-11,3.9118344298490984e-10,1.4957095068366405e-10,4.162572052025763e-11,0.0,1.1394898667422762e-15,9.307861242903847e-18,1.235752715255201e-17
11,adam,824,17598.681599999996,20000.0,6.621676451962455e-10,5.285231627875608e-10,3.29630825401182e-11,3.6016842153009874e-10,1.3539165871734385e-10,4.36237172588915e-11,0.0,1.1109456620556307e-15,8.569862478916564e-18,1.1186040533157066e-17
11,adam,849,17598.681599999996,20000.0,6.257277021945942e-10,4.973857102529434e-10,3.2107804898874694e-11,3.3904513521959445e-10,1.2623277013447428e-10,3.8321348399909824e-11,0.0,1.0821218352856633e-15,8.067113673230445e-18,1.0429160722989987e-17
11,adam,874,17598.681599999996,20000.0,5.934911336109066e-10,4.687315130534934e-10,3.1109513265744043e-11,3.199052035308879e-10,1.1771679625686147e-10,3.473911688650155e-11,0.0,1.0484785558685713e-15,7.611589448751587e-18,9.725427973972588e-18
11,adam,899,17598.681599999996,20000.0,5.644893627316402e-10,4.425303931123438e-10,3.0032456977388354e-11,3.0256092263692544e-10,1.0993701349802999e-10,3.193862055434027e-11,0.0,1.0121800777254259e-15,7.198817611884218e-18,9.082551365871319e-18
11,adam,924,17598.681599999996,20000.0,5.381037170733613e-10,4.1856767569088246e-10,2.8894614272104385e-11,2.867684112812265e-10,1.0290465013755154e-10,2.95158593965735e-11,0.0,9.738330638217857e-16,6.8229901281634395e-18,8.501454125336197e-18
11,adam,949,17598.681599999996,20000.0,5.139114355303035e-10,3.964602351653015e-10,2.7729992407194904e-11,2.7223969082710684e-10,9.649055193099975e-11,2.743119575607088e-11,0.0,9.345834867624049e-16,6.477249193041664e-18,7.971457952851123e-18
11,adam,974,17598.681599999996,20000.0,4.916120860558436e-10,3.759667747728774e-10,2.6565768563742204e-11,2.5877575626739944e-10,9.062524994173575e-11,2.562549212581098e-11,0.0,8.953472450487206e-16,6.156855571837645e-18,7.486818438119791e-18
11,adam,999,17598.681599999996,20000.0,4.709841399381858e-10,3.5690642437697047e-10,2.542154001284514e-11,2.46238009836014e-10,8.524687452811131e-11,2.40580878249528e-11,0.0,8.567848206110205e-16,5.8585084103130176e-18,7.042420416534552e-18
11,adam,1024,17598.681599999996,20000.0,4.3702277521190626e-10,3.2743334843591097e-10,2.4109098476698304e-11,2.2579908875019678e-10,7.75251612090159e-11,1.9570004406969274e-11,0.0,8.125539281589943e-16,5.372159965061163e-18,6.404429225838556e-18
11,adam,1049,17598.681599999996,20000.0,4.197763031509413e-10,3.1071050157156594e-10,2.2987560414635966e-11,2.1501870110723625e-10,7.270424004969374e-11,1.9046594383300642e-11,0.0,7.74757114202179e-16,5.1156493273366e-18,6.006113321146205e-18
11,adam,1074,17598.681599999996,20000.0,4.0374224901213623e-10,2.9537263609463094e-10,2.1975781802192325e-11,2.0469241693128245e-10,6.870443736115618e-11,1.8350618743102697e-11,0.0,7.406586835323339e-16,4.869944042816036e-18,5.6756445132862094e-18
11,adam,1099,17598.681599999996,20000.0,3.8881312692005137e-10,2.8116661698051987e-10,2.1021490123687208e-11,1.9514989214974857e-10,6.499523470708409e-11,1.7627725823114797e-11,0.0,7.084976169928058e-16,4.6428883910515956e-18,5.369185035621238e-18
11,adam,1124,17598.681599999996,20000.0,3.749161948012472e-10,2.678433967539151e-10,2.0133895262605803e-11,1.8618054809394637e-10,6.152895339736296e-11,1.7054220379546304e-11,0.0,6.785841786325927e-16,4.429470908380407e-18,5.082797384001275e-18
11,adam,1149,17598.681599999996,20000.0,3.6198405374736105e-10,2.554319715637798e-10,1.9308449380137337e-11,1.7779841344266964e-10,5.832510874097283e-11,1.6533706876251103e-11,0.0,6.507651789869639e-16,4.230025756547721e-18,4.818093877496187e-18
11,adam,1174,17598.681599999996,20000.0,3.499525987263794e-10,2.4386547049324365e-10,1.8542413932488012e-11,1.6996692596087565e-10,5.535613059987998e-11,1.6068950937378716e-11,0.0,6.249483452942004e-16,4.043682924492935e-18,4.572796544134552e-18
11,adam,1199,17598.681599999996,20000.0,3.387606450055773e-10,2.3308706675085476e-10,1.7832349739792083e-11,1.6265119878976672e-10,5.260351822129596e-11,1.5655594438907313e-11,0.0,6.010177924674242e-16,3.869612291430391e-18,4.3453767469195384e-18
11,adam,1224,17598.681599999996,20000.0,3.4515655286894703e-10,2.374114135134574e-10,1.67769063597474e-11,1.6694309625005034e-10,5.3691410903659674e-11,1.7727335968661364e-11,0.0,5.654475064490238e-16,3.971699586856371e-18,4.4352016710300156e-18
11,adam,1249,17598.681599999996,20000.0,3.3422004449234577e-10,2.2701522075169598e-10,1.6286925998467262e-11,1.5965809524199778e-10,5.1070199511230935e-11,1.718718994379414e-11,0.0,5.489336242701585e-16,3.798357171733527e-18,4.2186474239565404e-18
11,adam,1274,17598.681599999996,20000.0,3.2415955722599083e-10,2.1743383261844074e-10,1.578691043934008e-11,1.5301659290238981e-10,4.863032927671084e-11,1.670826029401463e-11,0.0,5.320820130585149e-16,3.640328976181564e-18,4.017073393546165e-18
11,adam,1299,17598.681599999996,20000.0,3.1485388876189044e-10,2.0869462584326106e-10,1.53133483740559e-11,1.4698793986541503e-10,4.6393337603790124e-11,1.6141967484395316e-11,0.0,5.161218768004134e-16,3.496884216401591e-18,3.832260488730294e-18
11,adam,1324,17598.681599999996,20000.0,3.062226668114737e-10,2.0052034408234362e-10,1.486744759743958e-11,1.4132836594048326e-10,4.432453054442078e-11,1.5685194585594793e-11,0.0,5.010939383214024e-16,3.3622218589128328e-18,3.661343812573576e-18
11,adam,1349,17598.681599999996,20000.0,2.98200861878413e-10,1.9288161334025935e-10,1.4447555976550377e-11,1.3602603956209116e-10,4.24080178016178e-11,1.53022853775589e-11,0.0,4.869425456744448e-16,3.2360603078743237e-18,3.503010116135617e-18
11,adam,1374,17598.681599999996,20000.0,2.9073347554737794e-10,1.8574838906324584e-10,1.4054035323338204e-11,1.310619696827168e-10,4.0632384057190814e-11,1.4968285433946862e-11,0.0,4.73679891860509e-16,3.117947550050665e-18,3.356316153528921e-18
11,adam,1399,17598.681599999996,20000.0,2.837722939127527e-10,1.790812602800333e-10,1.3685611819664528e-11,1.2641093593573342e-10,3.898471252463536e-11,1.46743914368897e-11,0.0,4.612630550037111e-16,3.007283388490691e-18,3.2201946305832683e-18
11,lbfgs,1400,17598.681599999996,20000.0,2.8004513897381244e-10,1.7536506794919672e-10,1.4369154200624595e-11,1.2338137796292168e-10,3.761453578565043e-11,1.4663435110942446e-11,0.0,4.843013423182761e-16,2.93520981503226e-18,3.107037696250884e-18
11,lbfgs,1409,17598.681599999996,20000.0,2.7860751011356766e-10,1.7621585548779888e-10,1.433698410887833e-11,1.246141738892847e-10,3.726469748963584e-11,1.2375018710258717e-11,0.0,4.832172398027404e-16,2.9645485444032768e-18,3.0781188531640425e-18
11,lbfgs,1419,17598.681599999996,20000.0,2.785409985107236e-10,1.758109821960553e-10,1.4327529426241191e-11,1.243135282596291e-10,3.716992451018503e-11,1.2713380402210692e-11,0.0,4.828986165685498e-16,2.957392365323231e-18,3.0702883272694454e-18
11,lbfgs,1429,17598.681599999996,20000.0,2.784831262078198e-10,1.7600690448433014e-10,1.4318869854552858e-11,1.2452241721032067e-10,3.7165617419456615e-11,1.2459585812547913e-11,0.0,4.82606798183224e-16,2.9623615555629784e-18,3.069929108039128e-18
11,lbfgs,1439,17598.681599999996,20000.0,2.784291284006536e-10,1.7569564333125732e-10,1.431016571183671e-11,1.2425864828588384e-10,3.712682933353677e-11,1.2716849161689278e-11,0.0,4.8231347524378475e-16,2.9560830741092984e-18,3.0667237013393184e-18
11,lbfgs,1449,17598.681599999996,20000.0,2.7837750894208723e-10,1.7590375500438624e-10,1.4302039556101421e-11,1.244605091465918e-10,3.714120630169303e-11,1.2457118031639125e-11,0.0,4.820396366925498e-16,2.9608850772006628e-18,3.0679081934950396e-18
