window,stage,step,t0,t1,total,physics,res_S,res_E,res_I,endpoint_physics,bound,orig_mse_S,orig_mse_E,orig_mse_I
0,adam,0,0.0,250.0,2.0370207214077083,1.527765540989273,0.10015118908009016,0.42761435190918295,1.0,0.5092551803297577,0.0,1.2978036600143544e-12,4.6250768302497216e-11,8.999999999999995e-12
0,adam,24,0.0,250.0,0.4686134546246036,0.2402301027807074,0.01589253143010872,0.10691650497295559,0.11742106637764309,0.22838335175338417,0.0,8.69085182715822e-12,7.412640222078136e-12,1.9142058535519186e-12
0,adam,49,0.0,250.0,0.3715939159811129,0.1608625441094711,0.007584908421341077,0.07395259938831261,0.0793250362998174,0.2107313717798025,0.0,2.164081976670603e-12,4.7989000831271026e-12,1.6519758057230851e-12
0,adam,74,0.0,250.0,0.3308608115643001,0.13191938424326055,0.0002932207577366667,0.06566327224183766,0.06596289124368623,0.19894142722795768,0.0,2.385578863976807e-13,4.346793900943937e-12,1.4264249138718689e-12
0,adam,99,0.0,250.0,0.27660220186534834,0.10268119821704398,0.003526753366120001,0.06498896054176848,0.0341654843091555,0.17392100355130702,0.0,8.454015930612465e-13,3.396245263074586e-12,6.924819894023938e-13
0,adam,124,0.0,250.0,0.2164780064893849,0.07752538998412314,0.0018507689197566335,0.052314635102055536,0.023359985962310977,0.13895261640609216,0.0,7.78242033703033e-13,2.4805063235281943e-12,6.156898707168776e-13
0,adam,149,0.0,250.0,0.18507731210917475,0.06527321765237434,0.0013755114405699267,0.033242426370624835,0.030655279841179592,0.11980409435716012,0.0,5.019386714462495e-13,1.886341700211233e-12,1.3739330263059299e-12
0,adam,174,0.0,250.0,0.16365947246646015,0.05393191879841108,0.001849047229741139,0.025127313976956733,0.026955557591713208,0.10972755356797163,0.0,7.094925214595149e-13,1.6515149266253214e-12,1.1723680973962367e-12
0,adam,199,0.0,250.0,0.2041846343310718,0.08655046566727218,0.0020993323150356753,0.05235059461863877,0.03210053873359772,0.11763416856285973,0.0,7.473812668943907e-13,1.7379224444020283e-12,1.7039557157068026e-12
0,adam,224,0.0,250.0,0.14006358284676276,0.04730169304836945,0.0021054120394134565,0.027132796618229246,0.018063484390726754,0.09276188969672723,0.0,7.76083320661311e-13,1.4041232918807277e-12,6.458694764106579e-13
0,adam,249,0.0,250.0,0.1263337640413136,0.042634914650482685,0.0020804717049604845,0.022036591294352547,0.018517851651169655,0.08369884928833503,0.0,7.97020460184514e-13,1.2337520157214975e-12,6.805452310208249e-13
0,adam,274,0.0,250.0,0.14905676147585104,0.061170820226622874,0.0018065716691339328,0.032458726014242184,0.026905522543246758,0.08788594114584049,0.0,6.420069801942043e-13,1.1795060969363024e-12,1.1256041018153306e-12
0,adam,299,0.0,250.0,0.1850428205338695,0.09742082670939503,0.001899211993435745,0.07701617528316643,0.01850543943279285,0.08762199372025152,0.0,8.380711987005279e-13,1.8360161396291527e-12,4.043616631907125e-13
0,adam,324,0.0,250.0,0.12264768614443602,0.045329503955312433,0.0022696411817704604,0.030358133332914292,0.012701729440627679,0.07731818208547814,0.0,1.3910336561141363e-12,1.2131115639901489e-12,3.368122384303238e-13
0,adam,349,0.0,250.0,0.1259260125246953,0.05071879488668739,0.0012304023523979058,0.026320252494348332,0.02316814003994115,0.07520721753371903,0.0,3.0751185001289473e-13,9.53251001332854e-13,7.810181181100987e-13
0,adam,374,0.0,250.0,0.12713677367173545,0.05624560911134004,0.0009619993310134287,0.04480488765359362,0.010478722126732993,0.07089116445554046,0.0,3.1269308379570197e-13,1.1024586200932324e-12,2.8943254329825257e-13
0,adam,399,0.0,250.0,0.11511453946630794,0.04307524150322032,0.0005998240967402,0.022754873674595,0.01972054373188512,0.07203929785829848,0.0,1.5011022258522698e-13,9.084000618717368e-13,5.213083176281622e-13
0,adam,424,0.0,250.0,0.12849030102875986,0.053347445943084854,0.0005288751469438354,0.03231946704670041,0.020499103749440604,0.07514285498080066,0.0,1.0906570338278603e-13,9.092527644025795e-13,5.414217579490507e-13
0,adam,449,0.0,250.0,0.09970282638978706,0.036456741370396506,0.0005440670627044561,0.024979959418300893,0.010932714889391158,0.0632460849142886,0.0,1.222442184552536e-13,8.786108739145868e-13,2.921229426745486e-13
0,adam,474,0.0,250.0,0.07509805481961059,0.024948988449980503,0.0006243937650561158,0.01090087616454789,0.013423718520376497,0.05014906626362719,0.0,1.5469936653897856e-13,6.992491888059174e-13,3.7728418159311655e-13
0,adam,499,0.0,250.0,0.08156376030460702,0.03603392150147573,0.0007566101488650891,0.02557860115777851,0.009698710194832132,0.04552983869580215,0.0,2.1071503360746118e-13,6.493351299215386e-13,2.73306109967946e-13
0,adam,524,0.0,250.0,0.1150495933381313,0.0662929452404727,0.00052417749420812,0.04587876526610873,0.019890002480155856,0.04875664798954929,0.0,9.021062830809424e-14,5.861719725022671e-13,4.0181073049983756e-13
0,adam,549,0.0,250.0,0.3785782998604295,0.28226071263905067,0.0006824935171016561,0.25364678145007813,0.02793143767187091,0.09631758711255861,0.0,1.8252297543567825e-13,6.777401517949712e-13,5.150656374461219e-13
0,adam,574,0.0,250.0,0.1419374673210013,0.07897182915558383,0.0006154497910036626,0.05961501827032161,0.018741361094258554,0.06296563805665469,0.0,1.3767813412867232e-13,5.497743318028801e-13,2.6992957828906434e-13
0,adam,599,0.0,250.0,0.08062880368330742,0.03320130957894261,0.0004150042253160926,0.025951281647674154,0.0068350237059523625,0.04742749399571173,0.0,4.793858973814872e-14,5.419695258234909e-13,1.3367224370860745e-13
0,adam,624,0.0,250.0,0.07508318746196228,0.03043506196575159,0.0003765776498838127,0.023694045542715165,0.006364438773152611,0.04464812538755567,0.0,4.3817646746086334e-14,4.843296503047746e-13,1.1950981832943317e-13
0,adam,649,0.0,250.0,0.17265069696215626,0.09689604832636965,0.0004199820511206594,0.07766929413133261,0.018806772143916375,0.07575464852706686,0.0,6.570697133860414e-14,5.01818948681669e-13,2.419970594961061e-13
0,adam,674,0.0,250.0,0.1286696988479192,0.06710471185547282,0.0004011885207595542,0.050383209605316524,0.016320313729396733,0.06156498688357629,0.0,5.864261984252291e-14,4.757185146881587e-13,2.117148754742355e-13
0,adam,699,0.0,250.0,0.07704934917245145,0.032757195968085,0.0003507030687546793,0.026055681990502542,0.006350810908827777,0.04429215309529688,0.0,3.766289995035679e-14,4.633866487332447e-13,1.1310702118113956e-13
0,adam,724,0.0,250.0,0.07013855102935962,0.02820530323194003,0.0003397589058010275,0.021713323170311834,0.006152221155827169,0.041933247688126764,0.0,3.5468916717375074e-14,4.4632478027274633e-13,1.1369446176618961e-13
0,adam,749,0.0,250.0,0.13136110796125047,0.07014787389168099,0.00038587584031977236,0.05461595868262322,0.015146039368738,0.06121323396003914,0.0,5.6039863251119537e-14,4.4257928456994927e-13,1.8843006518758385e-13
0,adam,774,0.0,250.0,0.11075341973852135,0.056632674935204505,0.00035389026982005306,0.04255860512382488,0.013720179541559574,0.054120744693513696,0.0,4.454151609737821e-14,4.241999093615449e-13,1.7350476738152777e-13
0,adam,799,0.0,250.0,0.07270308049362309,0.03125114221290921,0.0004991209411235487,0.024340489167903625,0.006411532103882033,0.04145193817061411,0.0,6.53435231808144e-14,4.133891355182775e-13,1.0483681171040462e-13
0,adam,824,0.0,250.0,0.07843858447238482,0.034535450543952455,0.001651067751265861,0.026299456405870697,0.0065849263868158975,0.043903133818069484,0.0,2.668315310992156e-13,4.685707342146776e-13,1.1025357715080601e-13
0,adam,849,0.0,250.0,0.07260815286073279,0.030088903795852405,0.00033335889052146507,0.02007215075481934,0.009683394150511603,0.04251924895434137,0.0,2.513632353019128e-14,4.352057011263075e-13,1.3507553954180312e-13
0,adam,874,0.0,250.0,0.06411871869579741,0.025454426907052696,0.000423398660723374,0.015449417813090413,0.009581610433238907,0.03866429167788593,0.0,6.001125153362436e-14,4.203854756860229e-13,1.3384040274232253e-13
0,adam,899,0.0,250.0,0.08957590850575663,0.04623431287900592,0.0003007478094407915,0.03734596781691331,0.008587597252651825,0.04334159551550743,0.0,2.3780909094071298e-14,4.2552876698023597e-13,9.677534216162476e-14
0,adam,924,0.0,250.0,0.08337390424569546,0.04238848576758075,0.00029635658826835927,0.03411751075497015,0.007974618424342236,0.04098541836649195,0.0,2.310010173065198e-14,4.052860194887609e-13,9.452787083916737e-14
0,adam,949,0.0,250.0,0.05945529413063472,0.025026214615872774,0.00032698632281131737,0.015936936610874045,0.008762291682187413,0.034429079402774364,0.0,3.293850258801934e-14,3.704939391635113e-13,1.2018623637369143e-13
0,adam,974,0.0,250.0,0.05708807402504766,0.022140272143522155,0.0003083777193746833,0.013614948309507715,0.008216946114639757,0.03494780176916795,0.0,2.8320870021049173e-14,3.550708887402701e-13,1.1310048948546807e-13
0,adam,999,0.0,250.0,0.07044959102661094,0.03484279083280735,0.00027868480752868017,0.027277177248976634,0.007286928776302033,0.035606800081124795,0.0,2.053253501890368e-14,3.5660522604825407e-13,8.622411956724696e-14
0,adam,1024,0.0,250.0,0.05643067924815466,0.028635628919069657,0.0002638272009881855,0.02202818481347582,0.006343616904605652,0.027795050216189537,0.0,1.9899032998336945e-14,3.559331593648989e-13,8.308418538011931e-14
0,adam,1049,0.0,250.0,0.10347015322320344,0.059705422687845,0.0002704008061108447,0.04940337610800796,0.010031645773726195,0.04376473042224615,0.0,2.4066601967762226e-14,3.43597519339148e-13,1.0609265230489246e-13
0,adam,1074,0.0,250.0,0.08865455040573902,0.05454637800846066,0.0022977620923216157,0.042811614495626024,0.009437001420513022,0.03410817228396391,0.0,3.0982124024143245e-13,3.308084773662273e-13,1.0443639058715994e-13
0,adam,1099,0.0,250.0,0.07383893362512434,0.04279113942658327,0.0009208442466108129,0.03447448701157456,0.007395808168397895,0.031047794085116983,0.0,1.5210381477950232e-13,3.3557879825393374e-13,6.81123216007294e-14
0,adam,1124,0.0,250.0,0.054759025680009385,0.024933116100486562,0.0002818051546899744,0.01881395738163617,0.005837353564160417,0.029825909465883566,0.0,1.9974730857431493e-14,3.1570633576104323e-13,7.086423065356887e-14
0,adam,1149,0.0,250.0,0.09325749646853633,0.05122137843494865,0.0003099762228327626,0.04226528101818773,0.00864612119392816,0.042036117919691036,0.0,3.1536801601193545e-14,3.0533994399245405e-13,8.882608554349746e-14
0,adam,1174,0.0,250.0,0.08482668469167517,0.04816922851683823,0.0003165682446849385,0.039604629239341854,0.008248031032811447,0.03665745606064844,0.0,3.274885570745155e-14,2.9535906904715846e-13,8.637709007263334e-14
0,adam,1199,0.0,250.0,0.05230809497460449,0.025145335031997236,0.00022134385051557394,0.019172091904529526,0.005751899276952134,0.02716275982810877,0.0,1.3789467971151406e-14,2.877376181530059e-13,6.649803443112322e-14
0,adam,1224,0.0,250.0,0.04590557051474621,0.01655523652395636,0.00027133422113239617,0.011357297218513607,0.004926605084310354,0.029350333875988132,0.0,2.0806262891484116e-14,2.3489784134111173e-13,6.134947093109434e-14
0,adam,1249,0.0,250.0,0.08474986521185036,0.03889627845775366,0.0002676618133693335,0.03128835478850503,0.007340261855879301,0.04585358663905214,0.0,2.1028239193874376e-14,2.282547720034951e-13,7.693761386003616e-14
0,adam,1274,0.0,250.0,0.07917321874622667,0.03894585623611786,0.0002560799258933716,0.0317208811800323,0.0069688951301921905,0.04022736239477291,0.0,2.0054422356717694e-14,2.2369341867538646e-13,7.112762472676802e-14
0,adam,1299,0.0,250.0,0.04916728930638169,0.020352620249229465,0.00022736662345772287,0.014361610026316175,0.005763643599455566,0.028814668941530546,0.0,1.4780876460822815e-14,2.1564415251239705e-13,6.052815084889149e-14
0,adam,1324,0.0,250.0,0.042411322056835433,0.01899686870654085,0.00021293088438234197,0.014171511860402192,0.004612425961756317,0.023414453234387813,0.0,1.2223580542030611e-14,2.1151054405025203e-13,5.543197502092927e-14
0,adam,1349,0.0,250.0,0.08052727880466436,0.03554268812677232,0.00023420953404125334,0.028703348798795717,0.006605129793935347,0.04498459056174702,0.0,1.8241303326205295e-14,2.0324839175498677e-13,6.646069248627451e-14
0,adam,1374,0.0,250.0,0.07004111965800723,0.040315910962031465,0.001136954741075308,0.03278881931501735,0.006390136905938809,0.029725208579589768,0.0,1.694735430119873e-13,2.0063768777218652e-13,6.573151690413665e-14
0,adam,1399,0.0,250.0,0.051312372808252744,0.02652289071307458,0.0004322985861388342,0.02059353157164381,0.005497060555291934,0.0247894819785784,0.0,3.738631668943231e-14,1.9826947772781717e-13,5.0229101351383476e-14
0,lbfgs,1400,0.0,250.0,0.04552199304150586,0.019905000394211628,0.0002628036012468868,0.014277138336759471,0.00536505845620527,0.025616992530682305,0.0,1.5853063628711606e-14,2.014392387086123e-13,6.505067539355966e-14
0,lbfgs,1409,0.0,250.0,0.025508356377884657,0.0068444478750603645,0.000244080232475123,0.0028506690204108997,0.0037496986221743417,0.018663908386212055,0.0,1.3984638389771223e-14,1.9732396619602145e-13,6.832167677705065e-14
0,lbfgs,1419,0.0,250.0,0.023488176285892955,0.007276229066959195,0.0004993948405676194,0.0025538335515381655,0.0042230006748534095,0.016211947102218363,0.0,6.073902266167352e-14,1.7039597076547335e-13,8.090105738884279e-14
0,lbfgs,1429,0.0,250.0,0.018715384874166515,0.008796490447209432,0.0006002549935491512,0.0028481425365745336,0.005348092917085746,0.009918894309892113,0.0,3.675664118201604e-14,1.038107513226769e-13,1.1030446391987856e-13
0,lbfgs,1439,0.0,250.0,0.010561045065404003,0.007553174593558693,0.0008208703798016445,0.002079277570217987,0.004653026643539061,0.0030078703539828575,0.0,7.154297880096695e-14,2.6887895197505303e-14,6.571384088673153e-14
0,lbfgs,1449,0.0,250.0,0.0070264475032667025,0.004966883327120826,0.00046700014179184245,0.0008497263727745991,0.0036501568125543843,0.0020595640579357142,0.0,1.7192935038538082e-14,1.2777021999120862e-14,3.137387882062083e-14
0,lbfgs,1459,0.0,250.0,0.004750306867601641,0.0036389909861754676,0.0005012298784800336,0.0007585320965142458,0.002379229011181188,0.0011113157629222365,0.0,3.229566600357546e-14,8.310178422669044e-15,2.4296731350222236e-14
0,lbfgs,1469,0.0,250.0,0.003918775000990716,0.0035190312708562356,0.0004215754094225355,0.0005947152044262484,0.0025027406570074517,0.00039974361127273684,0.0,1.755552948493312e-14,2.1059258382947717e-15,2.6153401443778506e-14
0,lbfgs,1479,0.0,250.0,0.002672721018458694,0.0025478282847968027,0.00039886303735578926,0.00039262899423350646,0.0017563362532075069,0.00012489261452741925,0.0,2.0745588474426845e-14,3.456398439452366e-15,2.4169154175505582e-14
0,lbfgs,1489,0.0,250.0,0.002155584838824305,0.0019333804136788101,0.0003568286836289702,0.0004382966910598067,0.0011382550389900331,0.0002222043058347487,0.0,2.1018660970507595e-14,7.509630776856269e-15,1.6866700159916358e-14
0,lbfgs,1499,0.0,250.0,0.0020397641087282247,0.001829083940805882,0.00030890826318797027,0.0004408652466360144,0.0010793104309818973,0.0002106800485053811,0.0,1.480045186610026e-14,7.31328406943196e-15,1.6251267786899585e-14
0,lbfgs,1509,0.0,250.0,0.0018692977290856896,0.0016779432087567184,0.0003039858127253004,0.00040700818327908623,0.0009669492127523317,0.00019135440088426046,0.0,2.0087939558370016e-14,6.867369144667818e-15,1.4921375321682028e-14
0,lbfgs,1519,0.0,250.0,0.0017814659703224319,0.0015862768351333598,0.0002565346491707164,0.00039423095293987623,0.0009355112330227672,0.0001951890156611588,0.0,1.584997396162658e-14,7.119997925487013e-15,1.4364274314808202e-14
0,lbfgs,1529,0.0,250.0,0.0016637692149427871,0.0015008451297691481,0.0002418513113420833,0.0004082786534965651,0.0008507151649304997,0.00016292396564172924,0.0,1.4296739148327395e-14,7.394460447597272e-15,1.2887561469703909e-14
0,lbfgs,1539,0.0,250.0,0.0016683298397539733,0.0014885975870686824,0.00023282787262071222,0.00038211237310069844,0.0008736573413472718,0.00017973213314618507,0.0,1.353210134477653e-14,6.617865487242418e-15,1.2260273575969046e-14
0,lbfgs,1549,0.0,250.0,0.0015156699734460593,0.0013636807572930578,0.0001878262128170936,0.00046489991647713426,0.00071095462799883,0.0001519890965572748,0.0,9.899982355523598e-15,8.211146206478051e-15,9.549457143631718e-15
0,lbfgs,1559,0.0,250.0,0.0014641069386223653,0.0013317240611210198,0.00015585840699049676,0.00047013664114695943,0.0007057290129835635,0.0001323827579250686,0.0,7.602010944723385e-15,8.171175100856529e-15,9.493466256972535e-15
0,lbfgs,1569,0.0,250.0,0.001407596293604196,0.0013321540656985919,0.00012728375800373474,0.00047727023908781987,0.0007276000686070372,7.544210840874199e-05,0.0,6.470038655602332e-15,8.65838947680364e-15,9.711520915228469e-15
0,lbfgs,1579,0.0,250.0,0.0012921523715027023,0.0012234368500320704,0.00013822599872188366,0.0005370262558276108,0.000548184595482576,6.87154016329016e-05,0.0,7.230631245940029e-15,9.934703751717568e-15,6.77846770659613e-15
0,lbfgs,1589,0.0,250.0,0.0012286933609859632,0.0011630260646149628,0.00010869882981545728,0.0005195302046507666,0.0005347970301487389,6.56671764830234e-05,0.0,6.019800525946617e-15,9.657852456508107e-15,6.723761489702416e-15
0,lbfgs,1599,0.0,250.0,0.0010351251369942259,0.0010103699655363274,8.155007696259103e-05,0.0005671904547844536,0.0003616294337892829,2.475505140172163e-05,0.0,4.7811533830208405e-15,1.1055631046920109e-14,4.1297027958979986e-15
0,lbfgs,1609,0.0,250.0,0.0010266128715148723,0.0009958734740921778,8.199975690459464e-05,0.0005414620043970948,0.00037241171279048826,3.073927733531355e-05,0.0,4.91540229255978e-15,1.045973584136382e-14,4.331290693541592e-15
0,lbfgs,1619,0.0,250.0,0.0009711022566857132,0.0009344414561779011,7.733863772321913e-05,0.0005315781799582867,0.00032552463849639524,3.666068038476981e-05,0.0,4.4845280928797666e-15,1.0102894787674055e-14,3.680909004182131e-15
0,lbfgs,1629,0.0,250.0,0.0009479476457256406,0.000909294317497044,8.452973286019465e-05,0.0005064009407227284,0.00031836364391412086,3.865320814696054e-05,0.0,4.8483437291442164e-15,9.74405767999498e-15,3.636080471517745e-15
0,lbfgs,1639,0.0,250.0,0.0008626646897985485,0.0008429709569836646,9.524023674503685e-05,0.0004324706306276576,0.0003152600896109702,1.9693612783854576e-05,0.0,3.960535102557618e-15,8.399344723825066e-15,3.5530774784082e-15
0,lbfgs,1649,0.0,250.0,0.000765545033326351,0.0007384618538637104,9.860873717231568e-05,0.00036163498110026543,0.0002782181355911293,2.7083059397597895e-05,0.0,4.4525628777720235e-15,7.436726310350141e-15,3.2216470071684606e-15
0,lbfgs,1659,0.0,250.0,0.0007606042715550644,0.0007241608337542163,0.00011295902730914845,0.000343498117308691,0.00026770368913637686,3.6443317584205715e-05,0.0,4.381203577545054e-15,7.042785666432727e-15,2.913664349563203e-15
0,lbfgs,1669,0.0,250.0,0.0007237873615748508,0.0006967580898093649,0.00011643329239520253,0.0003419276559424977,0.00023839714147166465,2.7029151475025358e-05,0.0,4.497861398772312e-15,6.961252695301301e-15,2.5143544522293977e-15
0,lbfgs,1679,0.0,250.0,0.0007162879307672479,0.0006869138593279631,0.00012525116625174048,0.00033878592074160473,0.00022287677233461794,2.9373951101632755e-05,0.0,4.735673818663949e-15,6.745926030553425e-15,2.273197825439563e-15
0,lbfgs,1689,0.0,250.0,0.0007110299734381074,0.0006775234334927192,0.0001194310733047816,0.00032598988693116404,0.0002321024732567736,3.3506419611908135e-05,0.0,4.589213293238271e-15,6.5063963187294946e-15,2.34907903548358e-15
0,lbfgs,1699,0.0,250.0,0.000680159639883414,0.000638860726804764,0.00010991881833299982,0.0002785609959471893,0.0002503809125245749,4.129879287583862e-05,0.0,5.3658852104971e-15,5.443554795395845e-15,2.8666926480724546e-15
0,lbfgs,1709,0.0,250.0,0.0005886598375965371,0.0005170943540270924,0.00010455333152240999,0.000226469956881346,0.00018607106562333644,7.156536332196654e-05,0.0,5.546578660518312e-15,3.8709839953138764e-15,1.9569423233259076e-15
0,lbfgs,1719,0.0,250.0,0.0005436115745332695,0.0004980896655689713,8.851143443036787e-05,0.000194344875959765,0.0002152333551788384,4.552178879305764e-05,0.0,4.6162252755999356e-15,3.0781667490839647e-15,2.247235093096335e-15
0,lbfgs,1729,0.0,250.0,0.0005070882147596183,0.0004676979623638645,9.628343957412693e-05,0.00017370245499728705,0.0001977120677924505,3.93901321730999e-05,0.0,5.589126224472621e-15,2.812708526814045e-15,2.0118989162486615e-15
0,lbfgs,1739,0.0,250.0,0.0004672227742557044,0.0004374110335760237,9.941765942864813e-05,0.00014157620782881517,0.0001964171663185604,2.9811620421564102e-05,0.0,5.448926757114814e-15,2.226013599277196e-15,1.9416094567876063e-15
0,lbfgs,1749,0.0,250.0,0.0004297724431384161,0.0004186265778093447,0.00010329946668280675,0.00012033888204345744,0.0001949882290830805,1.1145745003007767e-05,0.0,5.511292393590745e-15,1.8996098744645655e-15,1.970039573019992e-15
0,lbfgs,1759,0.0,250.0,0.00041287369128192376,0.0003907104029220984,8.391063611347795e-05,0.00010891765100240418,0.00019788211580621631,2.2163168088299475e-05,0.0,4.6176805688913866e-15,1.5982230752990077e-15,2.1099071507686977e-15
0,lbfgs,1769,0.0,250.0,0.000395406127646994,0.0003695688654987953,7.252622450368183e-05,0.00012148259207983597,0.00017556004891527754,2.5837141808849386e-05,0.0,3.921368049194576e-15,1.809428993245903e-15,1.7554567274253755e-15
0,lbfgs,1779,0.0,250.0,0.00030170052473513876,0.00028754968904432746,5.518372397855803e-05,9.981258615164213e-05,0.00013255337891412733,1.4150715084307448e-05,0.0,3.129386583877919e-15,9.681157412432689e-16,1.0215630678259002e-15
0,lbfgs,1789,0.0,250.0,0.0002909780938504411,0.0002807870426855476,5.5233779555976084e-05,9.43426929611911e-05,0.00013121057016838043,1.0190930610368513e-05,0.0,3.175196240503126e-15,1.1352845620594906e-15,1.0149790482403445e-15
0,lbfgs,1799,0.0,250.0,0.00028647073507234944,0.00027337639090529254,5.175491252509547e-05,9.469515687539452e-05,0.00012692632150480254,1.3094223562892124e-05,0.0,2.9239703364267764e-15,1.1775370010193642e-15,9.357104075802083e-16
0,lbfgs,1809,0.0,250.0,0.00028232266121534685,0.0002710101144837623,4.991639531062919e-05,9.314810754106681e-05,0.00012794561163206628,1.1312426078654083e-05,0.0,2.7188951218904517e-15,1.144219914901633e-15,8.914868156831449e-16
0,lbfgs,1819,0.0,250.0,0.0002691225145647687,0.00025693159520186654,4.989759665605317e-05,8.799112053338536e-05,0.00011904287801242801,1.2190798587686122e-05,0.0,2.7339383576259333e-15,1.1388425546842824e-15,7.854188415534348e-16
0,lbfgs,1829,0.0,250.0,0.00025254533066294994,0.00023564240577326201,4.981922350686745e-05,7.72817741991129e-05,0.00010854140806728168,1.6902804043503925e-05,0.0,2.6181063943129638e-15,1.0837084188395254e-15,7.092181937068341e-16
0,lbfgs,1839,0.0,250.0,0.00023325779188615082,0.0002222469231399801,5.7325773308596646e-05,6.925866150753891e-05,9.566248832384454e-05,1.1010747793726584e-05,0.0,3.26910172042692e-15,8.920756006455893e-16,6.622708897867598e-16
0,lbfgs,1849,0.0,250.0,0.00020750379188622139,0.00019857256520189385,4.393008416472731e-05,7.052898731220835e-05,8.411349372495819e-05,8.931105662480208e-06,0.0,2.2220989431728697e-15,1.0663213494278409e-15,6.463145673493917e-16
0,lbfgs,1859,0.0,250.0,0.00019832045427997956,0.00019241236031645401,4.386844450863481e-05,7.415726419727386e-05,7.438665161054535e-05,5.9079729246544215e-06,0.0,2.3300915554956623e-15,1.0175501931321398e-15,5.842806414487524e-16
0,lbfgs,1869,0.0,250.0,0.00019916439223636393,0.00018990003077969114,4.253206472064644e-05,7.06800466389347e-05,7.668791942010997e-05,9.264240342472473e-06,0.0,2.3021828478256534e-15,9.606025431834943e-16,5.172368869034511e-16
0,lbfgs,1879,0.0,250.0,0.00019806906896553005,0.00019311161817423211,5.0789428609121344e-05,6.992135632856752e-05,7.240083323654326e-05,4.957329614760028e-06,0.0,2.7859537736159518e-15,9.366071221362968e-16,5.03841807824458e-16
0,lbfgs,1889,0.0,250.0,0.00017335701868677732,0.00016979305482051218,4.0931502068967704e-05,6.22101779984002e-05,6.665137475314426e-05,3.56384247797442e-06,0.0,2.217608907345929e-15,7.297555909738569e-16,4.2358510148293193e-16
0,lbfgs,1899,0.0,250.0,0.00015869544266779932,0.00015572701968773704,3.5895589697323213e-05,6.26813993443396e-05,5.7150030646074234e-05,2.9683014769390295e-06,0.0,1.8300676654152384e-15,7.809747583618471e-16,3.665699120743621e-16
0,lbfgs,1909,0.0,250.0,0.0001504196974519404,0.0001475564452351295,3.200418522443675e-05,5.878017337404153e-05,5.677208663665121e-05,2.8631307250647346e-06,0.0,1.6442635509724519e-15,7.68842674914461e-16,3.712857585710196e-16
0,lbfgs,1919,0.0,250.0,0.00014559056412881036,0.00014257892440207082,3.30744473248506e-05,5.103205326813424e-05,5.847242380908597e-05,3.0115182283746303e-06,0.0,1.794698957861846e-15,7.165951958669475e-16,3.9362263287654835e-16
0,lbfgs,1929,0.0,250.0,0.00014142171151948032,0.0001388493001152591,3.011100724159249e-05,4.859331104854073e-05,6.0144981825125906e-05,2.572289891253467e-06,0.0,1.5184596859780545e-15,5.732123748983863e-16,4.181329766050787e-16
0,lbfgs,1939,0.0,250.0,0.0001400785350818243,0.00013757658605056126,3.1769296718587e-05,4.5103024902161935e-05,6.070426442981232e-05,2.5018274879951013e-06,0.0,1.6234469108658146e-15,4.737930216816782e-16,4.0789978095928e-16
0,lbfgs,1949,0.0,250.0,0.00013672227595124277,0.00013291496657899608,2.9818846786696872e-05,4.9470946142820936e-05,5.362517364947829e-05,3.8071878211941746e-06,0.0,1.5036866419355105e-15,4.731495741433951e-16,3.6176357998866326e-16
0,lbfgs,1959,0.0,250.0,0.00010896773256333623,9.962816533304125e-05,2.3672613853685147e-05,3.103005083809954e-05,4.4925500641256554e-05,9.339445547657433e-06,0.0,1.2525851626994045e-15,3.8626174485980065e-16,2.8706391406306005e-16
0,lbfgs,1969,0.0,250.0,9.723781155370945e-05,9.48282722386075e-05,1.7574539227663973e-05,3.062059907078223e-05,4.66331339401613e-05,2.4094175497210954e-06,0.0,9.118243189829963e-16,3.683668598440618e-16,3.397909680792603e-16
0,lbfgs,1979,0.0,250.0,9.210064803034076e-05,9.033403945465755e-05,1.6821390124661824e-05,2.599088475932331e-05,4.752176457067243e-05,1.7664867662254728e-06,0.0,9.59688061883358e-16,2.5967296285454875e-16,3.919590712080584e-16
0,lbfgs,1989,0.0,250.0,8.734694886069435e-05,8.607862732475147e-05,1.5709732640235048e-05,2.4749800345470534e-05,4.561909433904589e-05,1.2681996495280137e-06,0.0,9.144191437440505e-16,2.3072365865758796e-16,3.836567207991903e-16
0,lbfgs,1999,0.0,250.0,8.609075067475185e-05,8.530642394105801e-05,1.6336474284135722e-05,2.4340766833128047e-05,4.462918282379423e-05,7.842048072141663e-07,0.0,9.616112633314492e-16,2.2361797799633185e-16,3.605567855986454e-16
0,lbfgs,2009,0.0,250.0,8.498207713847771e-05,8.374200617408122e-05,1.6382013308386386e-05,2.3081203288010287e-05,4.4278789577684544e-05,1.2399490627547996e-06,0.0,9.679567125609222e-16,1.9209492693873388e-16,3.68793672691215e-16
0,lbfgs,2019,0.0,250.0,8.286940799178507e-05,8.118518032975389e-05,1.5693595596075294e-05,2.3164435657201236e-05,4.2327149076477355e-05,1.684105718180394e-06,0.0,9.163387623309223e-16,1.969900219350564e-16,3.603661424807898e-16
1,adam,0,250.0,600.0,0.023439744611972423,0.017579808390078427,0.00017851456010649846,0.004163622879841644,0.013237670950130285,0.005859936130026139,0.0,1.3438892393233367e-14,6.897352202207247e-18,6.808555064854137e-17
1,adam,24,250.0,600.0,0.013339652461850128,0.010695617114048976,4.901818750584867e-06,0.000792170443574539,0.009898544851723852,0.0026440352539956456,0.0,2.4611344166966956e-16,9.696044031356677e-19,2.7766613326750196e-17
1,adam,49,250.0,600.0,0.005873420191014803,0.0042871286179057555,1.3086800397263502e-06,0.0027980989915746927,0.0014877209462913362,0.0015862914726901154,0.0,7.01116684071493e-17,3.105195259961852e-19,1.968601824541333e-18
1,adam,74,250.0,600.0,0.0013635053657777717,0.0010165982078170395,4.527491955011799e-07,0.0002065798407708073,0.000809565617850731,0.00034690705308658643,0.0,2.863582267862335e-17,2.2468502392615325e-20,5.000036845639012e-19
1,adam,99,250.0,600.0,0.0005592652637012463,0.00038561536311513303,4.4975737663547417e-07,0.0003218639127426326,6.330169299586493e-05,0.00017364979313868318,0.0,2.882629150861636e-17,8.371822454048357e-21,6.396842731115492e-20
1,adam,124,250.0,600.0,9.154899610309705e-05,6.475966643095604e-05,1.1910807614888605e-06,3.7490402215054064e-05,2.6078183454413116e-05,2.6789221440566432e-05,0.0,6.76955645884092e-17,1.1395091005829839e-21,2.3243665518707895e-20
1,adam,149,250.0,600.0,0.0006542434826007659,0.00044979930851772165,7.314813949362427e-07,0.0003832916249498541,6.577620217293134e-05,0.00020444406543488797,0.0,4.771980273377156e-17,2.0920451479121816e-21,1.774389881693741e-20
1,adam,174,250.0,600.0,3.2933062004835394e-05,2.247669791526203e-05,1.074270493618582e-06,9.007860557649302e-06,1.2394566863994145e-05,1.0456255519175645e-05,0.0,6.702570059939123e-17,2.3029402317971e-22,1.193844683352895e-20
1,adam,199,250.0,600.0,4.953446036727785e-05,3.234289735502481e-05,1.4632681566236968e-06,2.2673954435677062e-05,8.205674762724054e-06,1.7191454097390402e-05,0.0,8.679019598739385e-17,7.830519231088168e-23,3.2935651764862923e-21
1,adam,224,250.0,600.0,4.6137104434046814e-05,3.3463466443627796e-05,2.715217314116703e-06,8.096699499318217e-06,2.2651549630192878e-05,1.2673529373492362e-05,0.0,1.6548423987583216e-16,1.3242443434293875e-22,1.5617393618233056e-20
1,adam,249,250.0,600.0,1.2966532863506033e-05,8.361679506656651e-06,5.892644857644078e-07,2.54507831934854e-06,5.227336701543704e-06,4.6047446328213656e-06,0.0,3.1502745282703693e-17,8.433553022696225e-24,5.022921366890511e-21
1,adam,274,250.0,600.0,3.7751929838964836e-05,2.732311302232975e-05,2.9804980843609273e-07,2.378471454143308e-05,3.240348672460577e-06,1.0428707847576852e-05,0.0,1.935349876296552e-17,3.507593362539312e-22,2.26885297533952e-21
1,adam,299,250.0,600.0,7.673842259475588e-05,5.432922531299114e-05,9.055378856414506e-07,3.485797375399459e-05,1.8565713673355102e-05,2.2409088474451857e-05,0.0,5.858437100524189e-17,1.726737137458383e-22,9.585280569546871e-21
1,adam,324,250.0,600.0,2.1143006588296617e-05,1.590266863081077e-05,8.258305151998246e-07,1.12886794848303e-05,3.7881586307806464e-06,5.240229042206551e-06,0.0,4.9905910027773337e-17,1.7567643428102342e-22,3.1192037099206713e-21
1,adam,349,250.0,600.0,0.0006672913596909148,0.00044981062790930943,5.234714507971498e-06,0.0004162932492186142,2.8282664182723734e-05,0.00021748062302983905,0.0,2.8968356983876813e-16,2.727904884143552e-21,4.954984978339513e-21
1,adam,374,250.0,600.0,1.5403476726900108e-05,1.1427812827814683e-05,3.307863987930888e-07,5.736924225206935e-06,5.360102203814659e-06,3.975555285455177e-06,0.0,1.7397484614176704e-17,7.698232856042947e-23,4.432019197671269e-21
1,adam,399,250.0,600.0,1.858898051843161e-05,1.392458280341958e-05,3.999812249186709e-07,1.1978209774904185e-05,1.5463918035967226e-06,4.664288925426806e-06,0.0,2.2989614073490577e-17,3.2692134927171655e-22,1.3088789379761313e-21
1,adam,424,250.0,600.0,0.0007401492254809043,0.000499804011981617,4.204343910314618e-07,0.0004535128947671824,4.587068282340319e-05,0.00024034510470183096,0.0,2.3182403268670772e-17,2.3070554767711453e-21,1.2887120734377515e-21
1,adam,449,250.0,600.0,6.947096262979598e-05,4.927693006933308e-05,8.854827019587373e-08,4.1792779921026886e-05,7.395601878110322e-06,2.01939237821189e-05,0.0,5.4541008328312526e-18,4.6019975704975835e-22,3.2216049197413516e-21
1,adam,474,250.0,600.0,0.0005985669814462664,0.00041249676486429987,6.223855570883336e-08,0.00033263250984643473,7.980201646215631e-05,0.00018607010803708108,0.0,4.1386429395303175e-18,1.6249197277209716e-21,1.70866973332112e-20
1,adam,499,250.0,600.0,9.491645243689808e-05,6.243297074933919e-05,1.9201608653559083e-07,5.348025827459059e-05,8.760696388213023e-06,3.2483373199135685e-05,0.0,1.1550079338589076e-17,1.6382289596095479e-22,9.825088179647685e-22
1,adam,524,250.0,600.0,2.843554048480312e-06,2.131071247555843e-06,7.786945486403287e-08,9.493023789747567e-07,1.1038994137170536e-06,7.12374210715257e-07,0.0,4.825270325633955e-18,1.8126986436865887e-22,1.2154638108336077e-21
1,adam,549,250.0,600.0,0.0014678376867093273,0.0009983027268779946,4.606375758901451e-06,0.0009031141734892553,9.058217762983782e-05,0.00046953485123914896,0.0,2.625486282658682e-16,4.846322947333771e-21,1.2120703518808444e-21
1,adam,574,250.0,600.0,9.2858985520165e-05,6.161874406052712e-05,4.599338389096477e-06,5.060207746084126e-05,6.417328210589374e-06,3.124013301933461e-05,0.0,2.3950721801821193e-16,1.589645299408461e-22,1.111975772259404e-21
1,adam,599,250.0,600.0,0.00010538965560187736,7.013072143403718e-05,2.10473382975853e-07,6.510133051465899e-05,4.818917536402333e-06,3.52588257437667e-05,0.0,1.2310779903725501e-17,2.5319636706935514e-22,2.0856361709807775e-21
1,adam,624,250.0,600.0,1.7959371061807652e-05,1.1464640146168708e-05,2.2747686591570357e-08,8.961289866840557e-06,2.4806025927365804e-06,6.494622384610188e-06,0.0,1.2916544033045788e-18,1.6859759836034008e-22,4.500129249519503e-22
1,adam,649,250.0,600.0,0.00011455832595295391,7.621984026193671e-05,8.95214582426495e-08,7.240880469644992e-05,3.721514107244129e-06,3.833837729425129e-05,0.0,4.785469461240207e-18,3.765376563813572e-22,3.666811721211509e-21
1,adam,674,250.0,600.0,0.00019581700088729052,0.00013036742113577203,8.43902814469157e-08,0.00011583882930713318,1.4444201547191948e-05,6.544947128346297e-05,0.0,4.672203633157684e-18,4.467419167778695e-22,4.018898647334778e-22
1,adam,699,250.0,600.0,8.3802696205173e-05,5.540910384504218e-05,4.091192786118905e-08,5.038119381609577e-05,4.9869981010852205e-06,2.8393483949312862e-05,0.0,2.399423391380067e-18,1.9776744935115272e-22,9.327762694483634e-22
1,adam,724,250.0,600.0,0.00033588294026876575,0.00022602033118307685,2.7658364330037715e-08,0.00021694212433566383,9.050548483082977e-06,0.00010986250089438391,0.0,1.6238037312884128e-18,1.503836247511899e-21,5.730014755992472e-21
1,adam,749,250.0,600.0,0.0002704426533466702,0.00018570552099647641,2.9415730080180185e-07,0.00016845501364718223,1.6956350048492378e-05,8.473702408774269e-05,0.0,1.6673414711640875e-17,1.717236079821081e-21,2.1242141037399398e-21
1,adam,774,250.0,600.0,2.860085590180914e-05,1.8856479323127532e-05,1.7500774035379924e-06,1.4467505003773605e-05,2.6388969158159347e-06,9.744268267773427e-06,0.0,1.0009712981776076e-16,1.9020222979677491e-22,3.0492524542117624e-22
1,adam,799,250.0,600.0,0.00019594854994444666,0.0001368887782274589,1.5170579113128719e-05,8.654401239689085e-05,3.517418671743934e-05,5.905966369750156e-05,0.0,7.8196907467626335e-16,4.8217321682660625e-22,1.0686339485605503e-20
1,adam,824,250.0,600.0,7.991435810264234e-05,5.3386455838358386e-05,1.7176945697402732e-07,5.010678823913271e-05,3.107898142251647e-06,2.652779422295463e-05,0.0,9.34980084088438e-18,2.133146590468646e-22,1.92409711860956e-21
1,adam,849,250.0,600.0,0.00024306209395879826,0.00016323743432119763,3.0506004144047915e-07,0.0001470613470502622,1.5871027229494966e-05,7.98245514860189e-05,0.0,1.71133237094531e-17,6.1646487846072425e-22,2.5344061372333274e-22
1,adam,874,250.0,600.0,0.00014473790831132823,9.69468251791415e-05,1.3843113014603884e-08,8.686673092484932e-05,1.0066251141277575e-05,4.7790974987058375e-05,0.0,8.157163257118291e-19,3.6345155045636047e-22,2.2422382084978354e-22
1,adam,899,250.0,600.0,3.072552499337262e-05,2.0303921152810007e-05,4.341182671186353e-09,1.824189168083198e-05,2.057688289306839e-06,1.0421495764622672e-05,0.0,2.537465533656948e-19,1.2046734579695441e-22,6.523530073108533e-22
1,adam,924,250.0,600.0,4.434059166226679e-05,3.239411571397583e-05,1.594236736225466e-08,3.6998747672006147e-06,2.867829857941296e-05,1.1946368078808788e-05,0.0,8.591982481499333e-19,6.341137791200157e-23,1.2831413918157754e-20
1,adam,949,250.0,600.0,4.9192682902608024e-05,3.2734271336136335e-05,8.8446958397713e-09,2.9877539608688308e-05,2.8478870316082535e-06,1.645830374837077e-05,0.0,4.3106876646320243e-19,1.2719936809482756e-22,1.4229977137149019e-21
1,adam,974,250.0,600.0,1.7102563739608014e-05,1.108908285987574e-05,7.756236095216786e-09,8.671998156468334e-06,2.4093284673121892e-06,6.013372936656914e-06,0.0,4.063935743551799e-19,2.471934448834496e-22,6.106867939189876e-23
1,adam,999,250.0,600.0,1.8071910985672765e-06,1.1664172507517647e-06,2.3035666376776553e-09,6.167308730225864e-07,5.473828110915007e-07,6.406659061385071e-07,0.0,1.280712007986639e-19,1.7263675490641495e-22,5.852867035865158e-22
1,adam,1024,250.0,600.0,7.897802348420375e-05,5.3992732480686213e-05,2.9096198094903638e-08,5.084944790503802e-05,3.114188377553291e-06,2.498518321073053e-05,0.0,1.5554167566868547e-18,3.3688003227553215e-22,4.885158705225935e-21
1,adam,1049,250.0,600.0,6.994112544090473e-05,4.8953172267382234e-05,2.420851046445894e-08,3.0760324263143284e-05,1.816863949377449e-05,2.098784545547853e-05,0.0,1.3428911365125735e-18,2.087214840097439e-22,5.889320865007749e-21
1,adam,1074,250.0,600.0,1.800527175886492e-05,1.280219730881842e-05,1.334300441791091e-08,7.925454529736782e-06,4.8633997746637275e-06,5.202966698363407e-06,0.0,7.321210962392612e-19,2.1440949027340614e-22,2.0662440192970682e-21
1,adam,1099,250.0,600.0,0.0001290937083659848,8.782452315876234e-05,5.865178428367935e-08,7.846509814314357e-05,9.300773231335084e-06,4.126907738203435e-05,0.0,3.2206310730206173e-18,1.0019795216365326e-21,1.0598137521669904e-21
1,adam,1124,250.0,600.0,0.00011238036332693756,7.718336225988432e-05,5.137917565457975e-09,6.899745420359949e-05,8.180770138719381e-06,3.519689331310705e-05,0.0,2.497092259904175e-19,9.634722296362396e-22,1.1239219943506268e-21
1,adam,1149,250.0,600.0,1.2777279873445515e-06,8.034919382888048e-07,2.4001641356986493e-08,4.303533716636108e-07,3.4913692526820745e-07,4.741282730686467e-07,0.0,1.3236866772152384e-18,3.5110242501184443e-22,1.5324182116721448e-22
1,adam,1174,250.0,600.0,6.179095853928693e-05,4.7206339658321144e-05,7.242736352636189e-07,7.201480483513251e-07,4.57619179747062e-05,1.4584511420405082e-05,0.0,4.069009338694412e-17,3.8507866835642247e-22,2.2627917877628483e-20
1,adam,1199,250.0,600.0,0.0002217821531722861,0.00015415481767687458,1.9272622323404136e-06,0.00011000857602172628,4.2218979422807886e-05,6.762722826018454e-05,0.0,1.1020110212958281e-16,5.324300293978584e-22,1.0838243194813041e-20
1,adam,1224,250.0,600.0,0.00010753846914353725,7.238226148353406e-05,5.027370734577768e-08,6.705632845773375e-05,5.2756593184545155e-06,3.5156100247286526e-05,0.0,2.6408692692071313e-18,3.865027383553473e-22,4.630288155485359e-22
1,adam,1249,250.0,600.0,3.88032402409015e-06,2.635227977454295e-06,2.0089372585863347e-07,2.055351438808658e-06,3.789828127870035e-07,1.2449885195865973e-06,0.0,1.1516105686498376e-17,3.4591057669864716e-22,2.195744041866925e-22
1,adam,1274,250.0,600.0,2.2727687245117393e-05,1.6690619975090313e-05,7.83592361635885e-08,1.1335474892304314e-05,5.276785846622408e-06,6.0369598859578325e-06,0.0,4.321233759313387e-18,9.017813453685761e-23,4.377332678341885e-21
1,adam,1299,250.0,600.0,0.0002426409719766765,0.00016696645528720556,5.734095902159071e-09,0.00012621999662625234,4.0740724565051065e-05,7.567440936074141e-05,0.0,3.0458247037891754e-19,7.362522010986163e-22,7.216496131367689e-21
1,adam,1324,250.0,600.0,0.00016595880381199392,0.00011576459511969509,7.446086470586438e-08,7.034737603517379e-05,4.534275821981543e-05,5.0194101480096855e-05,0.0,3.783516464773574e-18,2.7745900114571976e-22,1.1293544544299848e-20
1,adam,1349,250.0,600.0,2.1452154643294403e-05,1.4155247412854899e-05,3.305241319653408e-08,1.2923554735095285e-05,1.1986402645630787e-06,7.296799925944978e-06,0.0,1.8711683513001123e-18,1.74235576265644e-22,4.334443204167079e-22
1,adam,1374,250.0,600.0,0.00011780953009576783,8.005132899642652e-05,4.767577979570015e-08,7.501625173743666e-05,4.987401479194164e-06,3.7758093751366635e-05,0.0,2.733060679771996e-18,4.322731483800765e-22,2.7752155556420293e-22
1,adam,1399,250.0,600.0,0.0006199369378904677,0.000422388416138801,3.4401937917846286e-07,0.00039910547259028724,2.2938924169335283e-05,0.00019754841447499488,0.0,1.957323048507269e-17,2.4616540889360028e-21,1.0687903331990583e-21
1,lbfgs,1400,250.0,600.0,0.00038485300599078973,0.0002628934048002484,3.0475880399616044e-07,0.00020792927221210703,5.465937378414519e-05,0.00012195949393910127,0.0,1.6312828046579895e-17,1.0966726840509885e-21,8.280694289572271e-21
1,lbfgs,1409,250.0,600.0,1.1380094567800726e-05,8.928026077905824e-06,2.0178462870505583e-07,3.6220985896566296e-07,8.364031590235105e-06,2.4519612384358258e-06,0.0,1.0766155788658015e-17,1.724844477236282e-23,4.759834025978152e-21
1,lbfgs,1419,250.0,600.0,1.2041926314725162e-06,7.222979224663922e-07,4.8435229422200985e-08,4.177340240935931e-07,2.5612866895059807e-07,4.817874559738129e-07,0.0,2.8416537679908773e-18,3.7678113050434014e-22,1.4393883904559364e-22
1,lbfgs,1429,250.0,600.0,1.0653552405985667e-06,5.921433162308017e-07,1.0994721490481944e-08,4.0375777525702467e-07,1.7739081948329506e-07,4.731046712949714e-07,0.0,5.515150931371079e-19,3.741575657546286e-22,9.884641328010743e-23
1,lbfgs,1439,250.0,600.0,1.0451730215825683e-06,5.714880492555439e-07,5.286249427459405e-09,4.0359085679273815e-07,1.6261094303534637e-07,4.7357771926105727e-07,0.0,3.2615880032903875e-19,3.6737368336632136e-22,9.023694509815376e-23
1,lbfgs,1449,250.0,600.0,9.218498796734322e-07,4.578567890012127e-07,3.4690666073804053e-09,3.1895089243550965e-07,1.3543682995832266e-07,4.6388583781215684e-07,0.0,1.863799369387786e-19,3.249702072757465e-22,5.958683354628524e-23
1,lbfgs,1459,250.0,600.0,9.205578487321409e-07,4.568722479976862e-07,3.1328648442861488e-09,3.176357027092842e-07,1.3610368044411585e-07,4.63578347872219e-07,0.0,1.801885129315751e-19,3.253802810505125e-22,6.041865028237835e-23
1,lbfgs,1469,250.0,600.0,9.198384003735693e-07,4.564331611392324e-07,3.094231856409392e-09,3.172674156953006e-07,1.3607151358752244e-07,4.6329798637570954e-07,0.0,1.7709712123997614e-19,3.2498185267319718e-22,6.025118968773767e-23
1,lbfgs,1479,250.0,600.0,9.192948328666182e-07,4.560737889601909e-07,3.0883820360678407e-09,3.167923134201608e-07,1.3619309350396226e-07,4.631137910493191e-07,0.0,1.772712428772013e-19,3.248826066170269e-22,6.033535881565009e-23
1,lbfgs,1489,250.0,600.0,9.186176522816358e-07,4.556184140365023e-07,3.0889837498420778e-09,3.161373196496324e-07,1.3639211063702785e-07,4.6289198538958247e-07,0.0,1.7804532939159884e-19,3.248228729302027e-22,6.050727060785825e-23
1,lbfgs,1499,250.0,600.0,9.181044721493856e-07,4.5529399964635183e-07,3.054963883579965e-09,3.15845527144773e-07,1.363935086179989e-07,4.6270321964979805e-07,0.0,1.7555717802257788e-19,3.245849508714508e-22,6.043333117035989e-23
1,lbfgs,1509,250.0,600.0,9.17464329359528e-07,4.5490104519630117e-07,3.0167880732312836e-09,3.155346209891498e-07,1.3634963613392012e-07,4.6245603131335865e-07,0.0,1.725259392117295e-19,3.2421164803310197e-22,6.027767788810218e-23
1,lbfgs,1519,250.0,600.0,9.169777805925369e-07,4.545803109524424e-07,3.013619302718602e-09,3.151092150148666e-07,1.3645747663485717e-07,4.622902167916894e-07,0.0,1.7283222595296193e-19,3.241097637603568e-22,6.035625265651261e-23
1,lbfgs,1529,250.0,600.0,9.163701153004919e-07,4.5417342419630177e-07,3.019003344828719e-09,3.145182856745301e-07,1.3663613517694293e-07,4.620894382573241e-07,0.0,1.7385579878573458e-19,3.240374450962208e-22,6.051465603865668e-23
1,lbfgs,1539,250.0,600.0,9.15906923256223e-07,4.538786522559442e-07,2.9860926332009374e-09,3.142650486399769e-07,1.3662751098276637e-07,4.6192101815560253e-07,0.0,1.7146063396653454e-19,3.2380986148030106e-22,6.044407078962708e-23
1,lbfgs,1549,250.0,600.0,9.153277584329528e-07,4.5351972021450404e-07,2.9484546794973445e-09,3.1399767507177097e-07,1.3657359046323574e-07,4.6170078537693146e-07,0.0,1.6849722150197087e-19,3.234581178496017e-22,6.029860233550782e-23
1,lbfgs,1559,250.0,600.0,9.148850679138772e-07,4.532282855971804e-07,2.9475999239248675e-09,3.1361167906876406e-07,1.3666900660449148e-07,4.615495294765912e-07,0.0,1.689133230422459e-19,3.2335413101845977e-22,6.037234453297253e-23
1,lbfgs,1569,250.0,600.0,9.143309350625919e-07,4.5285839142249377e-07,2.9570470199227916e-09,3.1307218452949424e-07,1.3682915987307676e-07,4.613652908015115e-07,0.0,1.70140923906555e-19,3.232713147220023e-22,6.0519088711267e-23
1,lbfgs,1579,250.0,600.0,9.139062561725879e-07,4.525856180654071e-07,2.925137480805536e-09,3.1284873978160916e-07,1.3681174080299243e-07,4.6121338527067397e-07,0.0,1.6783230552459584e-19,3.2305266759609994e-22,6.045139455939964e-23
1,lbfgs,1589,250.0,600.0,9.133741297010147e-07,4.5225172243906407e-07,2.8880718930939478e-09,3.126144558097865e-07,1.3674919473618362e-07,4.6101515442842215e-07,0.0,1.6494052782336249e-19,3.227194219489559e-22,6.031470959516679e-23
1,lbfgs,1599,250.0,600.0,9.129652909088196e-07,4.519825460746209e-07,2.8892244154479435e-09,3.1225984729145434e-07,1.368334743677186e-07,4.60875492002035e-07,0.0,1.6544814065754491e-19,3.226137930747145e-22,6.038427982746747e-23
1,lbfgs,1609,250.0,600.0,9.124525314479027e-07,4.516409279314048e-07,2.9021414838738213e-09,3.117618112076992e-07,1.3697697523983178e-07,4.6070435068583114e-07,0.0,1.668429371529548e-19,3.225222747486203e-22,6.052096374385269e-23
1,lbfgs,1619,250.0,600.0,9.120576385018007e-07,4.5138447113330284e-07,2.8711295081727835e-09,3.1156147826200416e-07,1.3695186336312588e-07,4.6056591453981463e-07,0.0,1.6461440482448566e-19,3.2231135871391213e-22,6.045576274755342e-23
1,lbfgs,1629,250.0,600.0,9.115619430527595e-07,4.510689873536112e-07,2.8346393464565202e-09,3.113524371186772e-07,1.3688191088847754e-07,4.603857028732862e-07,0.0,1.6179535172874003e-19,3.219939734583871e-22,6.032665574694403e-23
1,lbfgs,1639,250.0,600.0,9.111793434039084e-07,4.508167565202978e-07,2.8375411603858284e-09,3.110229325433427e-07,1.3695628281656932e-07,4.602553340590702e-07,0.0,1.6237941445952836e-19,3.218871008891199e-22,6.039262464051389e-23
1,lbfgs,1649,250.0,600.0,9.106987023580199e-07,4.5049678533089326e-07,2.85343620487645e-09,3.105584227705994e-07,1.3708492635541742e-07,4.600946642040604e-07,0.0,1.6391143599155866e-19,3.2178843449882494e-22,6.052062507351447e-23
1,lbfgs,1659,250.0,600.0,9.10326953974587e-07,4.5025244208909433e-07,2.823224391612167e-09,3.103761132897155e-07,1.3705310440776667e-07,4.599672590643252e-07,0.0,1.6175669290510172e-19,3.21584208562436e-22,6.045757692249908e-23
1,lbfgs,1669,250.0,600.0,9.098596132324455e-07,4.499505318392084e-07,2.787292044995642e-09,3.101864519357427e-07,1.3697678785847008e-07,4.5980182857475404e-07,0.0,1.5900958631060555e-19,3.212803982300281e-22,6.033501607585331e-23
1,lbfgs,1679,250.0,600.0,9.09497457633053e-07,4.497112325641431e-07,2.7917248024123708e-09,3.098771045465714e-07,1.370424032151593e-07,4.596789722517088e-07,0.0,1.596576459920881e-19,3.211726302936238e-22,6.039787423107409e-23
1,lbfgs,1689,250.0,600.0,9.090418860215791e-07,4.494078415076015e-07,2.81018707252542e-09,3.094397624614261e-07,1.3715789197365002e-07,4.5952679169822693e-07,0.0,1.613023929091009e-19,3.2106817384692707e-22,6.051837038709495e-23
1,lbfgs,1699,250.0,600.0,9.086882245944204e-07,4.491725242338056e-07,2.7806853214456963e-09,3.0927160821088603e-07,1.3712023070147387e-07,4.594084475466884e-07,0.0,1.5921542836679357e-19,3.2086973320190195e-22,6.045718600731193e-23
1,lbfgs,1709,250.0,600.0,9.08243085072544e-07,4.4888070428509355e-07,2.745280383065683e-09,3.0909698644063655e-07,1.3703843746139127e-07,4.592551279760893e-07,0.0,1.5653825288562606e-19,3.2057750049948166e-22,6.034029438958346e-23
1,lbfgs,1719,250.0,600.0,9.078969586375313e-07,4.486512953670867e-07,2.751058137887477e-09,3.088038767358086e-07,1.3709636049339059e-07,4.5913841046032887e-07,0.0,1.5723996337137853e-19,3.2046914719211046e-22,6.040046103593011e-23
1,lbfgs,1729,250.0,600.0,9.074610836037592e-07,4.4836057857491065e-07,2.771742348609514e-09,3.0838854992487967e-07,1.3720028630142143e-07,4.58993252220159e-07,0.0,1.5897730410950736e-19,3.2036010555960404e-22,6.051445555178806e-23
1,lbfgs,1739,250.0,600.0,9.071216544210132e-07,4.4813204238085727e-07,2.74286844272332e-09,3.082316215950688e-07,1.3715755234306513e-07,4.588823592332248e-07,0.0,1.5695247252061818e-19,3.2016665628899116e-22,6.045489183465331e-23
1,lbfgs,1749,250.0,600.0,9.066940238149888e-07,4.4784786460222503e-07,2.7079534581606742e-09,3.0806887876653717e-07,1.3707103237752717e-07,4.587389064082935e-07,0.0,1.5434244324921508e-19,3.1988423338769394e-22,6.034293188829545e-23
1,lbfgs,1759,250.0,600.0,9.063605600967694e-07,4.476260294486202e-07,2.714916880402617e-09,3.0778887465369415e-07,1.3712223791452344e-07,4.5862727784489053e-07,0.0,1.5508916569768119e-19,3.1977557804610183e-22,6.040076219846292e-23
1,lbfgs,1769,250.0,600.0,9.059402826966118e-07,4.4734493225307034e-07,2.73753055381116e-09,3.0739132598288294e-07,1.3721607571637622e-07,4.584880976416845e-07,0.0,1.569024559368691e-19,3.1966304463174837e-22,6.050909845968587e-23
1,lbfgs,1779,250.0,600.0,9.056121449283258e-07,4.4712157177672686e-07,2.7092104071430203e-09,3.072434220279897e-07,1.3716893934159417e-07,4.5838332035144215e-07,0.0,1.5493452570738876e-19,3.1947388036636776e-22,6.045095413897932e-23
1,lbfgs,1789,250.0,600.0,9.051984416874806e-07,4.468433897423995e-07,2.674745082813206e-09,3.0709032607953655e-07,1.3707831858004974e-07,4.5824779914729413e-07,0.0,1.5238843635096253e-19,3.191996730451591e-22,6.034331557997537e-23
1,lbfgs,1799,250.0,600.0,9.048750708920283e-07,4.466273461376318e-07,2.682756795883941e-09,3.0682089510043705e-07,1.3712369424131083e-07,4.581404719577894e-07,0.0,1.5317291889889624e-19,3.190909845484036e-22,6.03991065926601e-23
1,lbfgs,1809,250.0,600.0,9.044672607846744e-07,4.4635342190357207e-07,2.707049992224773e-09,3.0643756699779353e-07,1.3720880491355378e-07,4.580065860858721e-07,0.0,1.5504829114333704e-19,3.189759837610426e-22,6.050248220952382e-23
1,lbfgs,1819,250.0,600.0,9.041481681120784e-07,4.4613412167706605e-07,2.6792176973163505e-09,3.0629705688459896e-07,1.3715784709515072e-07,4.5790679364143075e-07,0.0,1.5313247377708947e-19,3.18790463296443e-22,6.044559494276525e-23
1,lbfgs,1829,250.0,600.0,9.037456554450391e-07,4.4586092587004786e-07,2.6451620172997246e-09,3.061521272069073e-07,1.3706363664584086e-07,4.577774767836994e-07,0.0,1.506469582587879e-19,3.1852299536689833e-22,6.034178630282799e-23
1,lbfgs,1839,250.0,600.0,9.034304132790393e-07,4.4564927838659214e-07,2.654102804882228e-09,3.058911871238176e-07,1.3710398845789232e-07,4.5767388210230606e-07,0.0,1.5146307701122613e-19,3.18414541546843e-22,6.03957813716725e-23
1,lbfgs,1849,250.0,600.0,9.030326769963532e-07,4.4538049226634344e-07,2.679859659491325e-09,3.055190039880786e-07,1.3718162861877352e-07,4.575449319412205e-07,0.0,1.5338885965803728e-19,3.1829807440661617e-22,6.049475754078406e-23
1,lbfgs,1859,250.0,600.0,9.027209110185112e-07,4.4516451879476776e-07,2.65245744152091e-09,3.0538471435857525e-07,1.3712734699467158e-07,4.574491394365568e-07,0.0,1.5152082719672236e-19,3.1811559919706393e-22,6.043900230282907e-23
1,lbfgs,1869,250.0,600.0,9.023274950339644e-07,4.4489582770546015e-07,2.6187740435631296e-09,3.0524710572181685e-07,1.370299479400802e-07,4.5732441454353754e-07,0.0,1.490925606026765e-19,3.178534542516439e-22,6.033864646751405e-23
1,lbfgs,1879,250.0,600.0,9.020188774813371e-07,4.4468745082862836e-07,2.628539726799189e-09,3.04992902580449e-07,1.3706600852138017e-07,4.5722417386886497e-07,0.0,1.4993510791451818e-19,3.1774551738470866e-22,6.039103810541926e-23
1,lbfgs,1889,250.0,600.0,9.01629382620276e-07,4.4442201446084157e-07,2.6555713162594788e-09,3.0462909689961903e-07,1.3713734624496304e-07,4.5710011537691704e-07,0.0,1.5190134062627968e-19,3.1762861315826674e-22,6.048604441866659e-23
1,lbfgs,1899,250.0,600.0,9.013236262165826e-07,4.4420894144565225e-07,2.628549483391918e-09,3.0450023241267387e-07,1.3708015954958648e-07,4.570074319899749e-07,0.0,1.500772381061496e-19,3.174486034390361e-22,6.043133337962292e-23
1,lbfgs,1909,250.0,600.0,9.009377028500989e-07,4.4394474032035583e-07,2.595205578014238e-09,3.0436967196058236e-07,1.3697986278175924e-07,4.5688570975094676e-07,0.0,1.4770309771671908e-19,3.171903603662541e-22,6.033416768804905e-23
1,lbfgs,1919,250.0,600.0,9.006345556852008e-07,4.437386827282454e-07,2.6057044033408116e-09,3.0412067667583373e-07,1.370123016490708e-07,4.5678862017925586e-07,0.0,1.4856760655369607e-19,3.170832558808069e-22,6.038509860333984e-23
1,lbfgs,1929,250.0,600.0,9.002518976945999e-07,4.4347490625490916e-07,2.6338425367091643e-09,3.037626259272335e-07,1.3707843779096654e-07,4.566697386632913e-07,0.0,1.5056562415697277e-19,3.169670334416275e-22,6.047643263050201e-23
1,lbfgs,1939,250.0,600.0,8.999511385554813e-07,4.43264567020998e-07,2.607159507763792e-09,3.0363871921078155e-07,1.3701868830245267e-07,4.565793187596095e-07,0.0,1.4878208291853228e-19,3.1678890146708394e-22,6.042271678109564e-23
1,lbfgs,1949,250.0,600.0,8.995714777314088e-07,4.4300528994590176e-07,2.574128583066184e-09,3.0351549287509945e-07,1.3691566848773615e-07,4.5645893501273996e-07,0.0,1.4645928674185567e-19,3.16533059276805e-22,6.032859852793764e-23
1,lbfgs,1959,250.0,600.0,8.9927291219295e-07,4.4280069196061423e-07,2.585278989079421e-09,3.032703085841133e-07,1.369451043874215e-07,4.563649674606401e-07,0.0,1.4734188193493334e-19,3.164271591756861e-22,6.037816054985455e-23
1,lbfgs,1969,250.0,600.0,8.988960137726886e-07,4.425368409584004e-07,2.6143705631143635e-09,3.02915370396174e-07,1.3700709999911204e-07,4.562519200438655e-07,0.0,1.4936394250460129e-19,3.163129029152314e-22,6.046598120528319e-23
1,lbfgs,1979,250.0,600.0,8.98599470558454e-07,4.42329304312576e-07,2.5879930532921023e-09,3.0279625781029587e-07,1.3694505344898802e-07,4.5616291347694886e-07,0.0,1.4761809990209245e-19,3.1613602140789117e-22,6.041325410965759e-23
1,lbfgs,1989,250.0,600.0,8.982251290012476e-07,4.4207585906665573e-07,2.555256588676229e-09,3.026812467495217e-07,1.3683935572845777e-07,4.5604201716772455e-07,0.0,1.4534433829007482e-19,3.1588090763163527e-22,6.032217266383648e-23
1,lbfgs,1999,250.0,600.0,8.979304569565578e-07,4.418718761622596e-07,2.5669852387699782e-09,3.024385196983449e-07,1.368663712251447e-07,4.559513280284781e-07,0.0,1.462416068644963e-19,3.157766706267657e-22,6.037040311650441e-23
1,lbfgs,2009,250.0,600.0,8.975584927419175e-07,4.4160602128077783e-07,2.596886812188859e-09,3.0208385212374136e-07,1.3692528234484763e-07,4.5584521869656375e-07,0.0,1.4828054132897436e-19,3.156659273050183e-22,6.045471638977157e-23
1,lbfgs,2019,250.0,600.0,8.972655579193998e-07,4.414015888912121e-07,2.5707902651915827e-09,3.0196967405464604e-07,1.3686112457137446e-07,4.5575671626507726e-07,0.0,1.4657007261174062e-19,3.154895906509642e-22,6.040302060514638e-23
1,lbfgs,2029,250.0,600.0,8.968958144366738e-07,4.411554278954057e-07,2.5383396787986173e-09,3.0186444626102184e-07,1.3675264195558522e-07,4.5563313378018224e-07,0.0,1.443436480814515e-19,3.1523324578065917e-22,6.031511785428252e-23
1,lbfgs,2039,250.0,600.0,8.966044976681905e-07,4.40951153355823e-07,2.5505796558638453e-09,3.0162277284079293e-07,1.3677780085916624e-07,4.555460915523048e-07,0.0,1.4525252162880022e-19,3.1513125682322244e-22,6.036199275715216e-23
1,lbfgs,2049,250.0,600.0,8.962368390937605e-07,4.406809996615057e-07,2.581151887591303e-09,3.01265124862576e-07,1.3683472291133838e-07,4.554485866734052e-07,0.0,1.4730138224329036e-19,3.1502596191094953e-22,6.044262781744158e-23
1,lbfgs,2059,250.0,600.0,8.95947033520603e-07,4.404802247258665e-07,2.555321258468374e-09,3.0115635118763546e-07,1.3676855227976266e-07,4.553595560373279e-07,0.0,1.4562455113214864e-19,3.148493368532788e-22,6.039206473050329e-23
1,lbfgs,2069,250.0,600.0,8.955813426895827e-07,4.4024346986370273e-07,2.523160336652787e-09,3.0106331870522755e-07,1.3665699082182238e-07,4.552306200704666e-07,0.0,1.4344454245508643e-19,3.1458936478818994e-22,6.030766622629908e-23
1,lbfgs,2079,250.0,600.0,8.952929516552317e-07,4.4003784916554766e-07,2.5358493973106562e-09,3.00821140341584e-07,1.36680859426653e-07,4.551478497352696e-07,0.0,1.443621847621948e-19,3.144903876139424e-22,6.035308945063976e-23
1,lbfgs,2089,250.0,600.0,8.949291289782143e-07,4.3976053038832896e-07,2.5669509551805482e-09,3.004565948014488e-07,1.367369846316996e-07,4.5506134583664934e-07,0.0,1.464138680558117e-19,3.143930326472363e-22,6.042966236676238e-23
1,lbfgs,2099,250.0,600.0,8.946420637015869e-07,4.3956425890191035e-07,2.5413819740872376e-09,3.0035407805697925e-07,1.3666879887084386e-07,4.54970552047861e-07,0.0,1.4476960388593316e-19,3.142150941380484e-22,6.038040647717121e-23
1,lbfgs,2109,250.0,600.0,8.94280026040688e-07,4.393398934935307e-07,2.509530079951859e-09,3.0027673689277024e-07,1.365536265208086e-07,4.5483287979731615e-07,0.0,1.4263607298629815e-19,3.1394846517860913e-22,6.030006655001327e-23
1,lbfgs,2119,250.0,600.0,8.939942035015983e-07,4.3913162158368447e-07,2.522608857150818e-09,3.000322126124717e-07,1.36576800114062e-07,4.5475532916904694e-07,0.0,1.4355976577194877e-19,3.1385351276549835e-22,6.034385373071751e-23
1,lbfgs,2129,250.0,600.0,8.936338842806969e-07,4.3884344161141746e-07,2.554089333624887e-09,2.9965585944939056e-07,1.3663349282840202e-07,4.5468318992155143e-07,0.0,1.4560658195431101e-19,3.1376736930509677e-22,6.041571502121534e-23
1,lbfgs,2139,250.0,600.0,8.933492246408161e-07,4.386528789696883e-07,2.528790417277129e-09,2.9956092015143426e-07,1.365631684009769e-07,4.545890929248038e-07,0.0,1.4399459323549085e-19,3.1358681567293275e-22,6.036803407996556e-23
1,lbfgs,2149,250.0,600.0,8.929905739773363e-07,4.3844502745875847e-07,2.4972868563520428e-09,2.995041987704963e-07,1.3644354183191013e-07,4.544382937742168e-07,0.0,1.419088578432929e-19,3.1330960389029207e-22,6.02925993890401e-23
2,adam,0,600.0,1090.0,0.023688840634931412,0.01776663040882351,0.0002773969586373146,0.00436343201467624,0.013125801435509954,0.005922210136274502,0.0,1.0623360113664936e-14,4.414079040622595e-23,4.104247896560258e-22
2,adam,24,600.0,1090.0,0.01762191255052924,0.014745106001808514,1.0068909261723254e-05,0.00207676315101517,0.012658273941531621,0.0028768064570070966,0.0,2.003395748655961e-16,1.9127495042578965e-23,3.3288599824391653e-22
2,adam,49,600.0,1090.0,0.011309488127503329,0.00829638294985072,4.806719523209907e-06,0.004088407413653052,0.004203168816674459,0.003013105081874676,0.0,8.408990362088799e-17,4.7617255116746465e-24,3.424185193325419e-23
2,adam,74,600.0,1090.0,0.00545128321100007,0.004121992342188468,2.111098498756346e-07,0.00043090177738130687,0.003690879454957286,0.0013292907682361937,0.0,4.722901280136457e-18,9.812126073418915e-25,1.465672758858845e-23
2,adam,99,600.0,1090.0,0.0036592166445534586,0.0026418230817075858,2.9028845776021853e-07,0.0007051996874345407,0.0019363331058152849,0.0010173934583701475,0.0,5.6950661927043566e-18,3.323480996826261e-25,5.374760205635512e-24
2,adam,124,600.0,1090.0,0.0009557477121761646,0.0007349210248863424,2.0927276658010533e-07,0.00023938137801205264,0.0004953303741077096,0.00022082658061556708,0.0,3.994445463175183e-18,2.1574128092057527e-25,1.9823759346505786e-24
2,adam,149,600.0,1090.0,0.00046921853228214504,0.0003590735817819953,8.644999428986317e-08,0.00012904710435441587,0.00022994002743328954,0.00011014484247648149,0.0,1.6297617472597071e-18,9.980279362545211e-26,9.034605211698292e-25
2,adam,174,600.0,1090.0,0.004966926613851177,0.003329698932411772,3.2259456483012296e-07,0.0031559803302567617,0.0001733960075901797,0.0016372275724384174,0.0,6.3078096504434426e-18,1.6108816400081964e-25,2.907405957112452e-25
2,adam,199,600.0,1090.0,0.00030216199540741693,0.00022237351832899154,1.39401514815581e-07,8.504495069964503e-05,0.00013718916611453092,7.97883678914839e-05,0.0,2.5830521676661447e-18,1.9283659970982456e-26,3.047037241684328e-25
2,adam,224,600.0,1090.0,0.0001915155529083047,0.00014027247931282718,8.161909407503458e-08,6.835261096652254e-05,7.18382492522296e-05,5.12429638091757e-05,0.0,1.8978549367971512e-18,8.705931558280485e-27,1.4819958652237088e-25
2,adam,249,600.0,1090.0,3.840345784421244e-05,2.981916845459938e-05,8.557881793784128e-08,5.668636414542997e-06,2.4064953222118543e-05,8.58417929697028e-06,0.0,2.2384374613720843e-18,8.35680472349937e-27,8.606382480970945e-26
2,adam,274,600.0,1090.0,0.0005925665392755718,0.00039627685813153776,1.9705906597538466e-07,0.00036722725750242794,2.885254156313445e-05,0.0001962895707376134,0.0,4.37855324445599e-18,1.4712116841968525e-26,3.130676521558807e-26
2,adam,299,600.0,1090.0,0.00014954707941707397,0.00010016992284014828,4.244480959311315e-06,8.443893717552555e-05,1.1486504705311421e-05,4.9377046389662916e-05,0.0,1.113394615292289e-16,7.78582316692853e-27,3.931297660051299e-26
2,adam,324,600.0,1090.0,6.346677859982737e-05,4.65662233336787e-05,2.5947185565866604e-07,3.0269706591198222e-05,1.6037044886821818e-05,1.6900444894984667e-05,0.0,6.2885120869566965e-18,1.726367734634455e-27,3.3152487710361683e-26
2,adam,349,600.0,1090.0,0.0005786611366757182,0.0003986714878076167,1.8179942104647044e-07,0.00035245239054844174,4.603729783812847e-05,0.0001799895382343528,0.0,4.078023080692214e-18,3.1744447124904382e-27,2.782403480874777e-26
2,adam,374,600.0,1090.0,5.763898709031359e-05,3.77523123137603e-05,4.8154895888305024e-08,3.150681614992499e-05,6.197341267946999e-06,1.988656428992943e-05,0.0,9.966733832512822e-19,3.3366406623484635e-27,1.9213760010905267e-26
2,adam,399,600.0,1090.0,8.094313221407538e-06,5.570072796832255e-06,2.210365692958346e-08,1.5870751485253428e-06,3.960893991377329e-06,2.5241297946796406e-06,0.0,4.562376998933507e-19,1.2943001833021231e-27,1.3121587302380282e-26
2,adam,424,600.0,1090.0,8.126564347335597e-05,5.235034860567357e-05,1.2290341627749773e-07,4.514607055177171e-05,7.0813746376243555e-06,2.891518403265861e-05,0.0,3.1366518869074003e-18,1.9426102163763293e-27,5.5411018416703936e-27
2,adam,449,600.0,1090.0,0.00022876703355346334,0.0001580682833495547,5.579495500197368e-08,0.00012944116300489061,2.8571325389662116e-05,7.069863968207967e-05,0.0,1.1965864039158852e-18,1.680986763515609e-27,3.2347754022213586e-26
2,adam,474,600.0,1090.0,5.6978736873255714e-05,3.685284636599978e-05,3.543967391651807e-08,3.204278244466403e-05,4.774624247419229e-06,2.0125779940514856e-05,0.0,8.23933589037731e-19,2.6110326281864884e-27,1.286538118827875e-26
2,adam,499,600.0,1090.0,8.854691335999951e-06,6.693542122979851e-06,3.90773269292602e-08,4.026884565220208e-06,2.627580230830383e-06,2.1610384482038684e-06,0.0,9.292893249545518e-19,4.120725462426558e-28,7.465999659689571e-27
2,adam,524,600.0,1090.0,0.0009863729929118796,0.0006677308637692424,1.5104267362611417e-06,0.0005902401433594463,7.598029367353495e-05,0.00031864201850610204,0.0,4.0323615567421564e-17,5.8030640585184244e-27,3.424925475340948e-26
2,adam,549,600.0,1090.0,6.515046056462811e-05,4.596679326155254e-05,3.871946041918237e-08,3.584292453992763e-05,1.0085149261205735e-05,1.9183556762291645e-05,0.0,7.779326290956941e-19,8.144236479287763e-28,1.7274558538715045e-26
2,adam,574,600.0,1090.0,5.327446770617278e-05,3.410090478297931e-05,1.984646678718077e-08,2.9170687045769916e-05,4.91037127042221e-06,1.9173452214690523e-05,0.0,4.410850503152971e-19,1.2861124632450134e-27,4.107076394473481e-27
2,adam,599,600.0,1090.0,0.0003914261993756745,0.00025816738153908484,4.3601512164974245e-07,0.00023603802845713643,2.1693337960298697e-05,0.0001332587072203348,0.0,8.431631120291722e-18,6.503227886355846e-27,6.785942368750073e-27
2,adam,624,600.0,1090.0,0.00014501527161412257,9.647193469795213e-05,2.3845672783776187e-07,8.809846484288324e-05,8.135013127231118e-06,4.8543226525998405e-05,0.0,6.306301151296234e-18,3.5820482933309405e-27,9.806340023832502e-27
2,adam,649,600.0,1090.0,0.00014846364449487483,9.840014946813608e-05,2.527965060120476e-08,8.801979876014287e-05,1.0355071057392007e-05,5.006338455334105e-05,0.0,6.035058255183601e-19,2.5864186741472054e-27,4.4377700733742105e-27
2,adam,674,600.0,1090.0,0.0003315999230446211,0.00022254199525184958,1.735930103865035e-07,0.00020536272352164727,1.7005678719815804e-05,0.00010905781749814338,0.0,4.768713026513042e-18,6.281995711746088e-27,9.864990238334537e-27
2,adam,699,600.0,1090.0,9.872881496250614e-05,6.909112572836603e-05,8.620885479486002e-08,5.980685812612895e-05,9.198058747442213e-06,2.9637578849438282e-05,0.0,1.8788125367051444e-18,6.367049296106877e-28,1.0129439696548588e-26
2,adam,724,600.0,1090.0,0.00018607065857795529,0.00012899927778408865,3.173142721361436e-07,0.0001074028055072709,2.1279158004681615e-05,5.707127050322869e-05,0.0,8.294801481622356e-18,1.1653619989412031e-27,2.0713217670971717e-26
2,adam,749,600.0,1090.0,3.195649113335825e-05,2.2808534319506072e-05,3.5778852325797184e-07,1.8038943160075548e-05,4.4118026361725504e-06,9.14784643844922e-06,0.0,8.327284993345066e-18,3.9702126749664038e-28,8.417585496306669e-27
2,adam,774,600.0,1090.0,0.00021444339353695195,0.00014843328386183116,7.879161217168908e-07,0.00011656695706912962,3.107841067098465e-05,6.60099994647258e-05,0.0,1.756862878431717e-17,1.582313147195814e-27,3.2931950506361797e-26
2,adam,799,600.0,1090.0,9.753039250898585e-05,6.808719731495016e-05,6.468327955044776e-07,5.489932458568473e-05,1.2541039933760946e-05,2.944308506652149e-05,0.0,1.45818915778821e-17,7.851078787879598e-28,1.6284675892965167e-26
2,adam,824,600.0,1090.0,9.459514551768436e-06,6.8658159491494875e-06,2.51037149105556e-08,5.844801502015596e-06,9.95910732223336e-07,2.593588273358094e-06,0.0,5.41733253465991e-19,1.2046761382365358e-28,2.4172379407642737e-27
2,adam,849,600.0,1090.0,3.110653340570563e-06,1.8677023327890454e-06,1.532930454262849e-08,6.555352474955912e-07,1.1968377807508256e-06,1.2428405665955473e-06,0.0,3.355483949561253e-19,1.7380778448229764e-28,1.740340090052603e-27
2,adam,874,600.0,1090.0,0.0004966063509902906,0.00033484400308794754,4.774794487721472e-07,0.00030586340231745335,2.8503121321721994e-05,0.0001617622373766186,0.0,1.139319869019245e-17,3.622586525007269e-27,8.015902741673742e-27
2,adam,899,600.0,1090.0,2.508170910204418e-05,1.7167597094726442e-05,3.0873868870608344e-07,1.3131590962384131e-05,3.727267443636227e-06,7.914001781734588e-06,0.0,6.766382394264175e-18,2.8972372227515786e-27,2.184793129130686e-26
2,adam,924,600.0,1090.0,0.0001029228938493274,7.049919333117297e-05,1.6814375125037698e-08,6.460155478486014e-05,5.880824171187797e-06,3.242359012648017e-05,0.0,4.1777677674714302e-19,7.229539683283122e-28,4.023612521211012e-27
2,adam,949,600.0,1090.0,3.310536442622687e-05,2.222075254034451e-05,6.103609201121411e-06,1.4336330260851064e-05,1.7808130783720359e-06,1.088450153901555e-05,0.0,1.4613319372942413e-16,1.3149498119009116e-27,7.278090296569584e-27
2,adam,974,600.0,1090.0,0.001113669572385909,0.0007429074858855094,7.255341400705626e-07,0.00067161978077698,7.056217096845885e-05,0.00037076197610321046,0.0,1.7491399230448868e-17,1.319715071633611e-26,2.187748535621182e-27
2,adam,999,600.0,1090.0,0.00013956580776674983,9.543885075414822e-05,2.375670431721055e-06,7.943408725198836e-05,1.3629093070438795e-05,4.41268467318369e-05,0.0,6.037156035221518e-17,8.45019618024073e-28,1.2223313473113233e-26
2,adam,1024,600.0,1090.0,0.0002934923452764715,0.00019984790399333195,3.988093667494314e-07,0.00015224985007406255,4.719924455251997e-05,9.36443312497165e-05,0.0,1.1644394394766721e-17,2.3805694844944447e-27,4.975065615094296e-26
2,adam,1049,600.0,1090.0,2.47311794966282e-06,1.7953852062109922e-06,3.089592929727779e-08,1.0066168604050863e-06,7.578724165086282e-07,6.776225883492854e-07,0.0,6.527665179472963e-19,1.2185141140754985e-28,2.2475730037202794e-27
2,adam,1074,600.0,1090.0,8.893175828872653e-05,6.140750792941034e-05,1.3208867482277127e-07,4.261176045125516e-05,1.8663658803332414e-05,2.7524140325237408e-05,0.0,2.280568018056609e-18,1.3426844885202798e-27,2.807623916620498e-26
2,adam,1099,600.0,1090.0,0.00014400055557044314,9.538079632209294e-05,8.042944195014744e-08,8.401553873718567e-05,1.1284828142957119e-05,4.8619649091370676e-05,0.0,1.742105960235571e-18,1.6361733096357065e-27,7.953563278624997e-28
2,adam,1124,600.0,1090.0,2.2124404860054116e-05,1.5202984800866471e-05,1.4881779385904048e-06,1.1591200025911471e-05,2.123606836364595e-06,6.921310012489507e-06,0.0,3.574893537676565e-17,1.8616090175533476e-27,1.3157027414697883e-26
2,adam,1149,600.0,1090.0,0.0003856802225614983,0.00025788121287392346,9.299225124512463e-07,0.0002303244543162506,2.662683604522165e-05,0.00012779889950887246,0.0,2.306073438358859e-17,4.04945742732298e-27,8.409929591520642e-28
2,adam,1174,600.0,1090.0,5.024879674400481e-05,3.48551955906275e-05,1.670274910288774e-06,2.6378708934196392e-05,6.806211746142336e-06,1.5393491070223727e-05,0.0,4.000370065047511e-17,4.636139311370606e-28,9.760740596107612e-27
2,adam,1199,600.0,1090.0,0.00012835730796956476,8.758476103745051e-05,1.6948552471740515e-07,6.902678865241869e-05,1.8388486860314424e-05,4.0772436895897446e-05,0.0,4.821097958873994e-18,9.59013727234077e-28,1.972295971455534e-26
2,adam,1224,600.0,1090.0,4.638616233179737e-05,3.189112683350815e-05,1.7921188105353024e-08,2.936420006088708e-05,2.50900558451572e-06,1.4494925325899224e-05,0.0,4.485703374825533e-19,3.339842565084583e-28,2.0936835429948213e-27
2,adam,1249,600.0,1090.0,8.530553007358464e-06,6.25953399136634e-06,7.737240251010212e-08,1.6422799129454632e-06,4.539881675910775e-06,2.2709089010668747e-06,0.0,1.5294950255901743e-18,9.3850672907659e-28,1.3928148615039464e-26
2,adam,1274,600.0,1090.0,0.00047418101218044616,0.0003161475964821248,5.5765389914918936e-09,0.00028299826031145427,3.314375963167904e-05,0.0001580333054735436,0.0,1.445592797981204e-19,4.838137381055677e-27,7.569114641802037e-28
2,adam,1299,600.0,1090.0,3.051516888024797e-06,2.285364128598304e-06,8.771256492797414e-08,5.237005720400041e-07,1.6739509916303257e-06,7.660427512285542e-07,0.0,2.1076176925326922e-18,7.342454690939373e-28,8.057925004531229e-27
2,adam,1324,600.0,1090.0,7.916209120364822e-05,5.274703868481531e-05,4.302456995378188e-08,4.924857198157329e-05,3.4554421332882346e-06,2.6414942503593025e-05,0.0,1.1052108157056616e-18,2.0848823069901236e-27,5.365860299942233e-27
2,adam,1349,600.0,1090.0,0.0007876200656177404,0.000527269415096409,9.413935174059865e-08,0.0004793558611181606,4.781941462650772e-05,0.00026035054042197194,0.0,2.5692079182258582e-18,9.259542431534945e-27,1.560773626569598e-27
2,adam,1374,600.0,1090.0,0.00030863963915622294,0.00020821863936123394,1.4711281220531286e-06,0.00018904516802930492,1.770234320987589e-05,0.00010042088969951076,0.0,3.388279696471573e-17,2.3157729415823604e-27,4.139939321218565e-27
2,adam,1399,600.0,1090.0,8.793846634637372e-06,5.748598248576361e-06,6.653056473496213e-07,4.3022440596188956e-06,7.810485416078444e-07,3.045138313285167e-06,0.0,1.5683625765807022e-17,3.355172888461637e-28,1.9477375278572105e-27
2,lbfgs,1400,600.0,1090.0,1.849724844206612e-05,1.2932581400967774e-05,2.4316736685369624e-07,1.0952196579258213e-05,1.7372174548558648e-06,5.564556960840621e-06,0.0,6.387068744193496e-18,1.3223300258692883e-28,2.1409932980423796e-27
2,lbfgs,1409,600.0,1090.0,9.72069516112526e-07,7.289785038947738e-07,2.2597695600659022e-07,4.9031875343034515e-08,4.5396967254514904e-07,2.429809319591882e-07,0.0,5.94387077704387e-18,1.047430484106295e-28,1.5648473123744273e-27
2,lbfgs,1419,600.0,1090.0,6.987713555980357e-07,4.888585718403273e-07,1.1678068277762198e-08,4.40588741198417e-08,4.3312162944272335e-07,2.0980270346781145e-07,0.0,2.785473778655455e-19,9.783991293123166e-29,1.4543238218412453e-27
2,lbfgs,1429,600.0,1090.0,6.378673104591928e-07,4.145061650089014e-07,1.1304679093198174e-08,3.747458291910104e-08,3.657269029966022e-07,2.2325106501757666e-07,0.0,2.6061815909839524e-19,6.284472161573103e-29,9.530741047621982e-28
2,lbfgs,1439,600.0,1090.0,5.995093409198013e-07,3.887831068152336e-07,1.2197924375764798e-08,4.501269647587434e-08,3.3157248596359443e-07,2.106161535585965e-07,0.0,3.0230138384120826e-19,3.727359844476631e-29,6.512891861653495e-28
2,lbfgs,1449,600.0,1090.0,5.994592966458244e-07,3.8912014768197416e-07,1.2213444020056985e-08,4.5385706149750296e-08,3.315209975121669e-07,2.1022906841906508e-07,0.0,3.028737192652298e-19,3.748006375120299e-29,6.548097472813123e-28
2,lbfgs,1459,600.0,1090.0,5.994119667367454e-07,3.888883496317956e-07,1.2201282492296345e-08,4.513208535611461e-08,3.3155498178338466e-07,2.1041353655955484e-07,0.0,3.0244047591686855e-19,3.7411243136305344e-29,6.533939216718315e-28
2,lbfgs,1469,600.0,1090.0,5.993619191344766e-07,3.8848642221158083e-07,1.2182823189493199e-08,4.473798236582149e-08,3.315656166562661e-07,2.107654163761291e-07,0.0,3.0178354274487253e-19,3.722610097026151e-29,6.500609916261853e-28
2,lbfgs,1479,600.0,1090.0,5.993147856505883e-07,3.8864638437865426e-07,1.2193910893028693e-08,4.497346852610575e-08,3.314790049595198e-07,2.1055832072552715e-07,0.0,3.0219829100145713e-19,3.7291766485513813e-29,6.513437875172488e-28
2,lbfgs,1489,600.0,1090.0,5.992647519689919e-07,3.889667400749406e-07,1.221177715475828e-08,4.535488278091269e-08,3.314000801392696e-07,2.1018793134864495e-07,0.0,3.028585021729788e-19,3.746526684075066e-29,6.543989458459564e-28
2,lbfgs,1499,600.0,1090.0,5.992177962516963e-07,3.887412371810141e-07,1.2198789243797435e-08,4.509856150375807e-08,3.3144388643345855e-07,2.1036647852473088e-07,0.0,3.023943951947088e-19,3.7407975060007e-29,6.531459421286153e-28
2,lbfgs,1509,600.0,1090.0,5.991677907362262e-07,3.883546305483086e-07,1.2178144664833296e-08,4.469719615978611e-08,3.314792897236892e-07,2.107030796407642e-07,0.0,3.0165538837436254e-19,3.725297407594749e-29,6.502384793668411e-28
2,lbfgs,1519,600.0,1090.0,5.99120997312517e-07,3.8850932617918984e-07,1.2189990637471544e-08,4.493507775276004e-08,3.313842577889583e-07,2.105015905864745e-07,0.0,3.0209868435572117e-19,3.730812843286232e-29,6.513730547754626e-28
2,lbfgs,1529,600.0,1090.0,5.990710320987481e-07,3.8881570843295094e-07,1.220993958295e-08,4.5323353684500095e-08,3.312824151655009e-07,2.1014524311978977e-07,0.0,3.028367868233314e-19,3.7453998354988914e-29,6.540381919910213e-28
2,lbfgs,1539,600.0,1090.0,5.990243877201184e-07,3.8859552117409315e-07,1.2196217270077514e-08,4.5064877695539236e-08,3.313344262084764e-07,2.10318785999527e-07,0.0,3.0234529343819976e-19,3.7406367817581043e-29,6.529216241201832e-28
2,lbfgs,1549,600.0,1090.0,5.989744727560224e-07,3.882218234014766e-07,1.2173623632308367e-08,4.465764083159168e-08,3.3139055893757655e-07,2.1064256880698789e-07,0.0,3.015331637909913e-19,3.7276631706940444e-29,6.503707329040947e-28
2,lbfgs,1559,600.0,1090.0,5.989279664982467e-07,3.883720674121425e-07,1.21861460187638e-08,4.489743892930439e-08,3.312884824640743e-07,2.1044581853879724e-07,0.0,3.0200190240396527e-19,3.732297211788056e-29,6.513810690765765e-28
2,lbfgs,1569,600.0,1090.0,5.988781103202357e-07,3.886667564927373e-07,1.220796551861435e-08,4.5291279507756936e-08,3.31167511466366e-07,2.1010127328090667e-07,0.0,3.028098625119249e-19,3.7445693550383866e-29,6.537194946011924e-28
2,lbfgs,1579,600.0,1090.0,5.988317327441718e-07,3.8845106516111876e-07,1.2193582695995486e-08,4.503110815915436e-08,3.312263743059689e-07,2.1027058703601603e-07,0.0,3.0229377848556337e-19,3.7406155958252507e-29,6.5271721058073035e-28
2,lbfgs,1589,600.0,1090.0,5.987819422743447e-07,3.8808823628574496e-07,1.2169228369356798e-08,4.461916795103273e-08,3.312998399653554e-07,2.1058362544062206e-07,0.0,3.014156753281422e-19,3.729758511600196e-29,6.5046500062466685e-28
2,lbfgs,1599,600.0,1090.0,5.987356856589647e-07,3.882347215981032e-07,1.218236204302999e-08,4.4860480698148305e-08,3.311918788569249e-07,2.1039088351309338e-07,0.0,3.0190738129937554e-19,3.733653922157445e-29,6.513712558270213e-28
2,lbfgs,1609,600.0,1090.0,5.986859669003406e-07,3.8851963808264056e-07,1.2205884285152341e-08,4.525879442488687e-08,3.3105495937260136e-07,2.1005624827053828e-07,0.0,3.027788327867535e-19,3.7439878958459605e-29,6.534361541495965e-28
2,lbfgs,1619,600.0,1090.0,5.986398244883069e-07,3.883077550048033e-07,1.2190899326599067e-08,4.499731465626827e-08,3.311195410219359e-07,2.1022198893593458e-07,0.0,3.0224037027658565e-19,3.740711681000718e-29,6.525295504375625e-28
2,lbfgs,1629,600.0,1090.0,5.985901822345713e-07,3.8795406800647865e-07,1.216493175094095e-08,4.458165364733936e-08,3.3120748260819833e-07,2.1052603367968264e-07,0.0,3.013019020483281e-19,3.731626371637258e-29,6.505273675331726e-28
2,lbfgs,1639,600.0,1090.0,5.985441485590921e-07,3.880973838572126e-07,1.2178625870702896e-08,4.482414329528184e-08,3.310946146912279e-07,2.1033668415364418e-07,0.0,3.018146382899903e-19,3.734903262873017e-29,6.513464895485227e-28
2,lbfgs,1649,600.0,1090.0,5.984945870312362e-07,3.8837414842398074e-07,1.2203721130502257e-08,4.522601032413425e-08,3.3094441696934424e-07,2.1001035805953542e-07,0.0,3.0274464656826827e-19,3.7436157626983635e-29,6.531825539617088e-28
2,lbfgs,1659,600.0,1090.0,5.984486572215647e-07,3.8816549516802596e-07,1.2188179038027556e-08,4.496354848582346e-08,3.3101376764417497e-07,2.1017308150544337e-07,0.0,3.021855156886645e-19,3.740906359813493e-29,6.523560010448369e-28
2,lbfgs,1669,600.0,1090.0,5.983991797180493e-07,3.878194859122828e-07,1.2160710450905604e-08,4.4544994535799906e-08,3.3111378092557726e-07,2.1046961325691346e-07,0.0,3.011909659414105e-19,3.733302806459113e-29,6.505629406652645e-28
2,lbfgs,1679,600.0,1090.0,5.983533498927921e-07,3.87960133708619e-07,1.2174926445089161e-08,4.478837665006791e-08,3.3099683061346195e-07,2.102831356354659e-07,0.0,3.0172325779358883e-19,3.7360622613047846e-29,6.513091819870428e-28
2,lbfgs,1689,600.0,1090.0,5.983039593825972e-07,3.882301170525359e-07,1.2201497920726317e-08,4.5193020361622406e-08,3.308355987701872e-07,2.0996376178179317e-07,0.0,3.027081245494992e-19,3.7434196769158596e-29,6.5295398548538645e-28
2,lbfgs,1699,600.0,1090.0,5.982582259970923e-07,3.8802420564588677e-07,1.2185432108411648e-08,4.492985216787201e-08,3.3090892136960314e-07,2.1012393980258855e-07,0.0,3.0212960107676744e-19,3.7411839675770166e-29,6.521943463992903e-28
2,lbfgs,1709,600.0,1090.0,5.982089247287216e-07,3.8768463048119767e-07,1.2156544272665403e-08,4.450910434589779e-08,3.3101898186263447e-07,2.1041421369821902e-07,0.0,3.010821068939269e-19,3.734818079684122e-29,6.505760050643254e-28
2,lbfgs,1719,600.0,1090.0,5.981632850150213e-07,3.878230374597948e-07,1.2171254179785604e-08,4.47531388054717e-08,3.308986444745375e-07,2.1023016700604315e-07,0.0,3.016328796672408e-19,3.737145203735189e-29,6.512613561367051e-28
2,lbfgs,1729,600.0,1090.0,5.981140750805887e-07,3.880874020204747e-07,1.2199233729621218e-08,4.5159901943432166e-08,3.307282663474213e-07,2.0991659251130637e-07,0.0,3.0266998158129983e-19,3.743371742640163e-29,6.527465019477517e-28
2,lbfgs,1739,600.0,1090.0,5.980685264238172e-07,3.8788381942245666e-07,1.2182667498368316e-08,4.489626085216202e-08,3.308048910719263e-07,2.1007462645222628e-07,0.0,3.0207296289020187e-19,3.741531368808844e-29,6.520427285701866e-28
2,lbfgs,1749,600.0,1090.0,5.980194093365882e-07,3.875496192907195e-07,1.2152415586566109e-08,4.447391112174176e-08,3.3092329258241163e-07,2.103597094961044e-07,0.0,3.0097466160893625e-19,3.736197583278144e-29,6.505701549399075e-28
2,lbfgs,1759,600.0,1090.0,5.979739497497388e-07,3.8768615023680326e-07,1.2167600695018237e-08,4.4718394599498603e-08,3.308001549422864e-07,2.1017771896327263e-07,0.0,3.015431893050495e-19,3.7381640724756715e-29,6.512047084176828e-28
2,lbfgs,1769,600.0,1090.0,5.979249269894262e-07,3.8794588513367867e-07,1.219694534088736e-08,4.5126719227336024e-08,3.3062222056545525e-07,2.0986896130640758e-07,0.0,3.026308456931577e-19,3.743448581176806e-29,6.525567957641616e-28
2,lbfgs,1779,600.0,1090.0,5.978795545077086e-07,3.87744280363497e-07,1.217989308921239e-08,4.4862803503802236e-08,3.307015837704824e-07,2.1002519359456346e-07,0.0,3.020158966770587e-19,3.741937551747063e-29,6.518995902073867e-28
2,lbfgs,1789,600.0,1090.0,5.978306270757687e-07,3.8741455042172636e-07,1.214830885499186e-08,4.443935487313496e-08,3.3082688669359953e-07,2.103059961038125e-07,0.0,3.008680457860665e-19,3.7374626121297767e-29,6.5054840388960055e-28
2,lbfgs,1799,600.0,1090.0,5.977853402564498e-07,3.8754951770382175e-07,1.2163958594788607e-08,4.468411456123238e-08,3.3070144454780073e-07,2.1012574200248274e-07,0.0,3.0145390926359745e-19,3.739128913193044e-29,6.511406608936356e-28
2,lbfgs,1809,600.0,1090.0,5.977365092072817e-07,3.8780546804090137e-07,1.2194647676486115e-08,4.509352524296617e-08,3.3051729512144907e-07,2.098209606165141e-07,0.0,3.0259127428369877e-19,3.743630605711895e-29,6.523820958268448e-28
2,lbfgs,1819,600.0,1090.0,5.976913065387848e-07,3.8760554146367313e-07,1.2177115885438727e-08,4.482950389335093e-08,3.305989216848835e-07,2.0997568452495255e-07,0.0,3.0195866472947706e-19,3.7423932882242405e-29,6.517636263303415e-28
2,lbfgs,1829,600.0,1090.0,5.976425725192439e-07,3.8727950538570187e-07,1.2144210231409947e-08,4.4405385646220547e-08,3.3072990950807136e-07,2.1025298658284123e-07,0.0,3.0076173905528965e-19,3.738631015216857e-29,6.505132775375288e-28
2,lbfgs,1839,600.0,1090.0,5.975974529366177e-07,3.87413177521656e-07,1.2160321277795097e-08,4.465027399817537e-08,3.3060258224568556e-07,2.100741948643316e-07,0.0,3.0136479215405287e-19,3.7400481434774813e-29,6.510704051156498e-28
2,lbfgs,1849,600.0,1090.0,5.975488167091857e-07,3.876660689997663e-07,1.2192354163048148e-08,4.5060363655744315e-08,3.304133511809738e-07,2.097726671590321e-07,0.0,3.025517679420342e-19,3.743901413685512e-29,6.522200814238402e-28
2,lbfgs,1859,600.0,1090.0,5.97503779013058e-07,3.87467563389686e-07,1.2174342187677777e-08,4.4796381425852126e-08,3.304968397761561e-07,2.0992613507270466e-07,0.0,3.0190150260641395e-19,3.7428908485746047e-29,6.516337438986319e-28
2,lbfgs,1869,600.0,1090.0,5.974552409827444e-07,3.8714455161181476e-07,1.2140107219456978e-08,4.437196190213776e-08,3.3063248249022005e-07,2.102006088197536e-07,0.0,3.006552721531033e-19,3.739717743087487e-29,6.5046689133580115e-28
2,lbfgs,1879,600.0,1090.0,5.974102843665828e-07,3.872771605764059e-07,1.21566827766041e-08,4.461685222920747e-08,3.3050362557059434e-07,2.1002304323905996e-07,0.0,3.0127561459329426e-19,3.740928811969553e-29,6.509949389294959e-28
2,lbfgs,1889,600.0,1090.0,5.973618450985774e-07,3.8752762020142457e-07,1.2190077045943605e-08,4.502727024109062e-08,3.3031027291439036e-07,2.0972414434624888e-07,0.0,3.025127822704368e-19,3.744247277709554e-29,6.520688100863999e-28
2,lbfgs,1899,600.0,1090.0,5.973169685754783e-07,3.873303132677171e-07,1.2171577740658654e-08,4.476345183430901e-08,3.303952836927494e-07,2.0987657475658768e-07,0.0,3.0184462470735223e-19,3.743423762434604e-29,6.515090279101157e-28
2,lbfgs,1909,600.0,1090.0,5.972686283140655e-07,3.870097445625381e-07,1.2135988382593418e-08,4.433904917258821e-08,3.3053470700735644e-07,2.101488031998724e-07,0.0,3.00548215989663e-19,3.740735307918838e-29,6.504110159057299e-28
2,lbfgs,1919,600.0,1090.0,5.972238312510953e-07,3.8714149201613886e-07,1.215303762013588e-08,4.458383194706087e-08,3.304046224489421e-07,2.0997225868335117e-07,0.0,3.0118617203167543e-19,3.741776816027587e-29,6.509150973681926e-28
2,lbfgs,1929,600.0,1090.0,5.971755904319665e-07,3.873900655627871e-07,1.2187827660401105e-08,4.499427412972459e-08,3.302079637726614e-07,2.0967544431776234e-07,0.0,3.02474738068844e-19,3.74465671867208e-29,6.519266571241738e-28
2,lbfgs,1939,600.0,1090.0,5.971308719824769e-07,3.8719376367344594e-07,1.2168827860600192e-08,4.47307277579668e-08,3.3029420805487894e-07,2.098270277573531e-07,0.0,3.0178822906400363e-19,3.7439866181912966e-29,6.5138871297116365e-28
2,lbfgs,1949,600.0,1090.0,5.97082730747469e-07,3.8687512952917753e-07,1.2131843095295278e-08,4.430661894927722e-08,3.3043666748460504e-07,2.1009752066615437e-07,0.0,3.0044017227107097e-19,3.7416941698437395e-29,6.503471318971734e-28
2,lbfgs,1959,600.0,1090.0,5.970380903913691e-07,3.870061921241763e-07,1.2149380715484807e-08,4.4551198690529776e-08,3.3030561271816166e-07,2.0992181771509774e-07,0.0,3.0109627430767e-19,3.742597084410157e-29,6.508315785745494e-28
2,lbfgs,1969,600.0,1090.0,5.969900490959824e-07,3.8725335888882215e-07,1.2185616666424948e-08,4.496139883146281e-08,3.301063433909344e-07,2.0962660965523347e-07,0.0,3.0243803014023867e-19,3.745120148199167e-29,6.517922649321005e-28
2,lbfgs,1979,600.0,1090.0,5.969454860747047e-07,3.870578917928011e-07,1.2166097545489541e-08,4.4698219227363364e-08,3.301935750199482e-07,2.0977751372972288e-07,0.0,3.0173250148311476e-19,3.7445748947762984e-29,6.512721594609719e-28
2,lbfgs,1989,600.0,1090.0,5.96897544801418e-07,3.8674074313750725e-07,1.2127661328074448e-08,4.427464773970816e-08,3.3033843406972464e-07,2.10046721111289e-07,0.0,3.003307653901798e-19,3.742603061506631e-29,6.502764760135868e-28
2,lbfgs,1999,600.0,1090.0,5.968530586617038e-07,3.868712770494868e-07,1.2145707245782848e-08,4.451894039806752e-08,3.3020662940563645e-07,2.0987170105963095e-07,0.0,3.0100574180542723e-19,3.74339373056578e-29,6.507449655513503e-28
2,lbfgs,2009,600.0,1090.0,5.968052177238042e-07,3.8711746236519756e-07,1.2183454254463768e-08,4.492866311723897e-08,3.300053449934948e-07,2.0957767480617293e-07,0.0,3.024030349786206e-19,3.7456295688010794e-29,6.516645005270968e-28
2,lbfgs,2019,600.0,1090.0,5.967608077564598e-07,3.869226787224507e-07,1.2163391571188444e-08,4.46659340666325e-08,3.3009335308462976e-07,2.097280484813271e-07,0.0,3.0167761915003815e-19,3.745184820719716e-29,6.511588335467949e-28
2,lbfgs,2029,600.0,1090.0,5.967130672094575e-07,3.866066146281728e-07,1.2123433461356621e-08,4.424311630677033e-08,3.3024006486004585e-07,2.0999637202817589e-07,0.0,3.002196353990071e-19,3.743469260269329e-29,6.502000796442545e-28
2,lbfgs,2039,600.0,1090.0,5.966687329943766e-07,3.867367594211934e-07,1.2142012581138958e-08,4.4487047041665887e-08,3.301076997983886e-07,2.0982189302010538e-07,0.0,3.0091440210493925e-19,3.7441701812708375e-29,6.506557443995438e-28
2,lbfgs,2049,600.0,1090.0,5.96621093137152e-07,3.869823452961137e-07,1.2181350326426906e-08,4.489608172843982e-08,3.29904913241247e-07,2.0952866728810003e-07,0.0,3.0237011751758437e-19,3.746178322802578e-29,6.515424199475319e-28
2,lbfgs,2059,600.0,1090.0,5.965768339855757e-07,3.867881088895486e-07,1.2160714576067511e-08,4.463387823044782e-08,3.2999351608303326e-07,2.0967864454284503e-07,0.0,3.016237537968004e-19,3.74581325591049e-29,6.510482904370487e-28
2,lbfgs,2069,600.0,1090.0,5.96529294871202e-07,3.864727669230169e-07,1.2119150122013965e-08,4.421200902016165e-08,3.301416077808413e-07,2.099464473945875e-07,0.0,3.001064318296804e-19,3.744298816643534e-29,6.501188012505638e-28
2,lbfgs,2079,600.0,1090.0,5.964851103692274e-07,3.866026488631031e-07,1.2138292200360689e-08,4.445551032408675e-08,3.300088463386557e-07,2.0977238095255362e-07,0.0,3.008220870378292e-19,3.7449292844691957e-29,6.505643196133983e-28
2,lbfgs,2089,600.0,1090.0,5.964376723059374e-07,3.8684798306190677e-07,1.2179314657074344e-08,4.486366596916877e-08,3.2980500243566366e-07,2.0947960869058985e-07,0.0,3.023396371260385e-19,3.7467608819750574e-29,6.514252384300843e-28
2,lbfgs,2099,600.0,1090.0,5.96393561761109e-07,3.8665416956817093e-07,1.2158071136228562e-08,4.460205607999062e-08,3.2989404235195177e-07,2.09629311639257e-07,0.0,3.0157107451084574e-19,3.746457592540327e-29,6.509401603453986e-28
2,lbfgs,2109,600.0,1090.0,5.963462248212093e-07,3.863392175200769e-07,1.2114802038842429e-08,4.418131332398586e-08,3.300431021572486e-07,2.0989692674704448e-07,0.0,2.9999080822594776e-19,3.745096745919941e-29,6.500333535179157e-28
2,lbfgs,2119,600.0,1090.0,5.96302187805788e-07,3.864689524190014e-07,1.2134541621433969e-08,4.442432341951331e-08,3.2991008737805417e-07,2.0972315483272265e-07,0.0,3.007286300724949e-19,3.745673399688612e-29,6.504710268966967e-28
2,lbfgs,2129,600.0,1090.0,5.962549523243607e-07,3.867143562750274e-07,1.2177357040384456e-08,4.4831424228795255e-08,3.297055750058477e-07,2.094305154953918e-07,0.0,3.02311953026048e-19,3.7473726712907284e-29,6.51312305458792e-28
2,lbfgs,2139,600.0,1090.0,5.962109881221372e-07,3.865208504832947e-07,1.2155465833193623e-08,4.457047062033082e-08,3.2979491402977027e-07,2.0958005708466322e-07,0.0,3.0151975025650583e-19,3.747115672277223e-29,6.508341367371747e-28
2,lbfgs,2149,600.0,1090.0,5.961638542094025e-07,3.8620597924375447e-07,1.2110379913498227e-08,4.41510193025325e-08,3.2994458002772375e-07,2.0984779441106827e-07,0.0,2.9987241725010794e-19,3.7458671884964237e-29,6.499443261036948e-28
3,adam,0,1090.0,1776.0,0.02371755985216682,0.017788169819126235,0.00027777764009157517,0.004413565173896684,0.013096827005137977,0.005929389939708742,0.0,4.00355517309124e-15,2.1973682878560347e-30,2.0131357784820342e-29
3,adam,24,1090.0,1776.0,0.02112542347468566,0.01622813799000831,3.918654847917305e-06,0.0020895462060872617,0.014134673129073133,0.0048972853913694875,0.0,2.8652160509559636e-17,9.853785901183825e-31,2.1689650842778648e-29
3,adam,49,1090.0,1776.0,0.012050971507886773,0.009941497385047926,2.8409465232192546e-06,0.0022189598174258956,0.007719696621098812,0.002109474024895489,0.0,2.1692337049795866e-17,3.760503071196874e-31,4.195376826506828e-30
3,adam,74,1090.0,1776.0,0.004420376839127426,0.0031177252742536207,2.3188431708013262e-07,0.0007549465114943585,0.002362546878442182,0.001302651456545845,0.0,1.5165829896359201e-18,6.187564720698453e-32,4.831604855741919e-31
3,adam,99,1090.0,1776.0,0.003026958087953738,0.0022488799172868676,1.2730312219214693e-06,0.0005636415258689553,0.0016839653601959908,0.000778078058755596,0.0,6.584203066144306e-18,7.46429958428781e-32,5.109727560722164e-31
3,adam,124,1090.0,1776.0,0.0011145862401191256,0.0007320250703871271,1.0166025878379385e-06,0.0002495171935941473,0.00048149127420514184,0.0003825610536203352,0.0,6.925873239184444e-18,3.6355989084089173e-32,2.000896355347322e-31
3,adam,149,1090.0,1776.0,0.000493836076728943,0.00030347789342891643,3.3633449905649266e-07,0.0001506882325452968,0.00015245332638456313,0.00019035806512929723,0.0,2.2313871163734773e-18,1.7174595970044374e-32,6.642671648003011e-32
3,adam,174,1090.0,1776.0,0.00023947665476474491,0.0001395685459685382,1.2565594325802633e-07,9.075531434868195e-05,4.8687575676598205e-05,9.990798916466115e-05,0.0,7.983779416881789e-19,1.1961831487628219e-32,2.8909747967225225e-32
3,adam,199,1090.0,1776.0,0.00010928554407208054,7.173667384362683e-05,6.652027696161056e-08,5.9197493621260934e-05,1.2472659945404289e-05,3.754874912177119e-05,0.0,4.415526815422587e-19,8.835465756304893e-33,1.0088545069308598e-32
3,adam,224,1090.0,1776.0,6.007168290174593e-05,5.153243874450364e-05,5.786232729961676e-08,4.528245706430549e-05,6.192119352898531e-06,8.539121895275741e-06,0.0,3.4387430910359854e-19,7.066067906489742e-33,3.233073802497307e-33
3,adam,249,1090.0,1776.0,4.082001778387802e-05,3.931637900662233e-05,5.143922018210051e-08,3.2430674444593327e-05,6.8342653418469045e-06,1.503515798938234e-06,0.0,3.1430373053559964e-19,6.487657611678963e-33,2.294810347298759e-33
3,adam,274,1090.0,1776.0,3.2773403570023766e-05,3.2420068049493955e-05,5.0577621598492615e-08,2.4459235957695522e-05,7.910254470199938e-06,3.532120940652111e-07,0.0,3.2748267091045875e-19,6.33345958596374e-33,2.3709725230721563e-33
3,adam,299,1090.0,1776.0,2.7490541535855773e-05,2.7228389049393312e-05,5.613911394445138e-08,1.9019878834442162e-05,8.152371101006698e-06,2.6202873512628995e-07,0.0,3.865633813022306e-19,6.279205194514073e-33,2.428780396635039e-33
3,adam,324,1090.0,1776.0,2.3019104363905048e-05,2.2731146873141073e-05,6.146531913615435e-08,1.5020315653864372e-05,7.649365900140545e-06,2.8783346431450484e-07,0.0,4.406833935508553e-19,6.257369502375658e-33,2.3895807316038704e-33
3,adam,349,1090.0,1776.0,1.9173881788924973e-05,1.88544871143634e-05,6.180218990511978e-08,1.200814828858154e-05,6.784536635876738e-06,3.192703892094731e-07,0.0,4.555856502536542e-19,6.253869732471239e-33,2.3221317455056606e-33
3,adam,374,1090.0,1776.0,1.598986109688684e-05,1.564560906317012e-05,5.6859045955321554e-08,9.688660684988956e-06,5.900089332225844e-06,3.441275030460392e-07,0.0,4.28160109534771e-19,6.269802977803445e-33,2.2532509714940054e-33
3,adam,399,1090.0,1776.0,1.3414659834626066e-05,1.30605485340391e-05,5.193071585126428e-08,7.903804771851143e-06,5.104813046336692e-06,3.5398654256865177e-07,0.0,4.0148902758144676e-19,6.30323747100431e-33,2.192149416921486e-33
3,adam,424,1090.0,1776.0,1.0859396355407654e-05,1.0563161811017397e-05,4.013989912824679e-08,6.19252883560223e-06,4.33049307628692e-06,2.961095804327166e-07,0.0,3.145835748430986e-19,6.1293812365100545e-33,2.09261690731135e-33
3,adam,449,1090.0,1776.0,9.148539524026386e-06,8.872225353629941e-06,4.494274061990251e-08,5.15989511124628e-06,3.667387501763759e-06,2.7618901557985193e-07,0.0,3.665546311802085e-19,6.156135150404328e-33,2.0460449534299736e-33
3,adam,474,1090.0,1776.0,7.797757372345115e-06,7.572619783512994e-06,4.481928536098834e-08,4.399416178259055e-06,3.1283843198929514e-06,2.250122632123059e-07,0.0,3.6595575813442637e-19,6.202133557576972e-33,2.0126433719252902e-33
3,adam,499,1090.0,1776.0,7.260816370644582e-06,6.965059722518382e-06,4.837213164616623e-07,3.811399278757415e-06,2.6699391272993052e-06,2.9563116916668625e-07,0.0,3.044738773001021e-18,6.238583250459986e-33,1.9886116656761532e-33
3,adam,524,1090.0,1776.0,5.8206184861003185e-06,5.68440322923176e-06,6.253943443164135e-08,3.3326632595569404e-06,2.289200535243178e-06,1.3608963511608928e-07,0.0,4.849047323649137e-19,6.263598785614725e-33,1.9676738715255637e-33
3,adam,549,1090.0,1776.0,5.020840592746409e-06,4.937410895133723e-06,3.6511048550820765e-08,2.9493183142653733e-06,1.9515815323175294e-06,8.33039384758209e-08,0.0,2.9777132500997306e-19,6.282077647984483e-33,1.9554529861655317e-33
3,adam,574,1090.0,1776.0,4.380402205650073e-06,4.3281791629152554e-06,2.610185641384929e-08,2.6168901871544505e-06,1.685187119346956e-06,5.209715408463921e-08,0.0,2.2398015886686996e-19,6.300330719786165e-33,1.943683891676777e-33
3,adam,599,1090.0,1776.0,3.854316559745564e-06,3.823500783119738e-06,1.9939004276957584e-08,2.342242173888459e-06,1.4613196049543216e-06,3.068976495144924e-08,0.0,1.758390170400236e-19,6.315295337470267e-33,1.9346866701785313e-33
3,adam,624,1090.0,1776.0,3.6310124670310565e-06,3.5639476280881917e-06,2.576472152723008e-07,2.163317961891219e-06,1.1429824509246713e-06,6.69386988920245e-08,0.0,1.6693066844618147e-18,6.35753443359169e-33,1.998631679205979e-33
3,adam,649,1090.0,1776.0,2.970569106725971e-06,2.953074371578389e-06,2.4613510149989084e-08,1.9303614696212966e-06,9.98099391807103e-07,1.7368483753048288e-08,0.0,1.9147886962032017e-19,6.374378305865904e-33,1.9917925532197427e-33
3,adam,674,1090.0,1776.0,2.6441484962229488e-06,2.6328993098965405e-06,1.3495090627054142e-08,1.7491504676620222e-06,8.70253751607464e-07,1.1122830438684663e-08,0.0,1.193526395681608e-19,6.384484648733557e-33,1.98653133541293e-33
3,adam,699,1090.0,1776.0,2.3873513512375072e-06,2.376981895175356e-06,1.179175346944564e-08,1.5983327492825879e-06,7.668573924233227e-07,1.0243002838833377e-08,0.0,1.0529651724910487e-19,6.392443076122114e-33,1.9833170001028292e-33
3,adam,724,1090.0,1776.0,2.178941984569349e-06,2.1665479150838814e-06,1.0828377312705022e-08,1.4704191932025273e-06,6.853003445686491e-07,1.2267526716929933e-08,0.0,9.747476220871154e-20,6.399286424804885e-33,1.9813019545880884e-33
3,adam,749,1090.0,1776.0,4.041876582902131e-06,3.6957838968114977e-06,1.7106431045354521e-06,1.3628282088888352e-06,6.223125833872105e-07,3.4596606141527804e-07,0.0,1.1327658342912801e-17,6.405723133131092e-33,1.9772795863324715e-33
3,adam,774,1090.0,1776.0,1.8757981377263483e-06,1.854551198475949e-06,1.5647375403287654e-08,1.2700253899444369e-06,5.688784331282245e-07,2.112024599020519e-08,0.0,1.2358222292697417e-19,6.408555826461013e-33,1.9795121465713826e-33
3,adam,799,1090.0,1776.0,1.752869174067197e-06,1.7279086988080629e-06,9.399204957442978e-09,1.190890848501484e-06,5.27618645349136e-07,2.4833714812156658e-08,0.0,8.522755722971203e-20,6.41230615925511e-33,1.9802859795115892e-33
3,adam,824,1090.0,1776.0,1.7314681531725834e-06,1.6976600949547867e-06,1.2606104446573365e-08,1.1594869161252504e-06,5.255670743829631e-07,3.368124093263399e-08,0.0,1.0593286995706157e-19,6.117794633113576e-33,1.9790053756317177e-33
3,adam,849,1090.0,1776.0,1.6513589025584634e-06,1.6120224135524362e-06,1.083579725386999e-08,1.100688188865071e-06,5.004984274334952e-07,3.920961778798105e-08,0.0,9.268285060787759e-20,6.113221475699531e-33,1.9821583673195294e-33
3,adam,874,1090.0,1776.0,4.16961621276928e-06,3.7065799709764026e-06,2.173479009815088e-06,1.049529929062752e-06,4.835710320985626e-07,4.6290932102095335e-07,0.0,1.4354531255225432e-17,6.114980517680236e-33,1.9789330169057774e-33
3,adam,899,1090.0,1776.0,1.7441542140188769e-06,1.6580706828649757e-06,1.9302486659958115e-07,1.0019480242103312e-06,4.6309779205506333e-07,8.595656852548276e-08,0.0,1.2324016071076047e-18,6.1117469005170304e-33,1.98659747117783e-33
3,adam,924,1090.0,1776.0,1.4667252439498111e-06,1.416528556520216e-06,6.762992151748581e-09,9.606781133436466e-07,4.490874510248207e-07,5.006968012801376e-08,0.0,6.146124201451063e-20,6.113219534912689e-33,1.9862945808687013e-33
3,adam,949,1090.0,1776.0,1.4207592562064628e-06,1.3670462897691738e-06,6.759052771947016e-09,9.239216628823924e-07,4.3636557411483434e-07,5.3585915864921407e-08,0.0,6.075870362752277e-20,6.1127803506766946e-33,1.987405384814225e-33
3,adam,974,1090.0,1776.0,1.378915397574382e-06,1.3225594932717233e-06,5.986321892268443e-09,8.910958650222744e-07,4.254773063571805e-07,5.622881263426346e-08,0.0,5.261128588444716e-20,6.112658825128216e-33,1.988244303949169e-33
3,adam,999,1090.0,1776.0,1.4305150908798294e-06,1.3552430957439532e-06,7.7902633438733e-08,8.617356384335839e-07,4.1560482387163615e-07,7.514486460024013e-08,0.0,5.109826170828526e-19,6.111281999103072e-33,1.990258273032372e-33
3,adam,1024,1090.0,1776.0,1.2833265284846055e-06,1.2096930329117977e-06,1.4070152296007987e-08,7.92713271865488e-07,4.0290960875030174e-07,7.350633744395407e-08,0.0,9.997751956198877e-20,6.268411572946199e-33,1.962364259914372e-33
3,adam,1049,1090.0,1776.0,3.2136221246750474e-06,2.8119598532336408e-06,1.6408265349054832e-06,7.742715849424284e-07,3.968617333857291e-07,4.0153508301692095e-07,0.0,1.0957362068449012e-17,6.263556429068835e-33,1.9589521919633348e-33
3,adam,1074,1090.0,1776.0,1.2700464191258855e-06,1.1869863411758145e-06,4.3098802710819856e-08,7.5789090120849e-07,3.8599663725650473e-07,8.293286486295573e-08,0.0,2.949502380911192e-19,6.255604674030892e-33,1.9660272801582475e-33
3,adam,1099,1090.0,1776.0,1.2123080207198597e-06,1.1350294220985353e-06,1.3026165467551925e-08,7.42564849670283e-07,3.7943840696070043e-07,7.71513582240176e-08,0.0,9.833220934040874e-20,6.254621637302694e-33,1.9661376848899744e-33
3,adam,1124,1090.0,1776.0,1.1910516747840124e-06,1.1134839930234254e-06,1.1450784765045507e-08,7.287468555623491e-07,3.7328635269603067e-07,7.744041412774792e-08,0.0,8.70853493222435e-20,6.253762930540887e-33,1.9664712100510545e-33
3,adam,1149,1090.0,1776.0,4.509498227923947e-06,3.869826104964082e-06,2.7801672096560923e-06,7.166203621476474e-07,3.7303853316034316e-07,6.395448305987973e-07,0.0,1.8932882612944823e-17,6.262504792684109e-33,1.9575292130459074e-33
3,adam,1174,1090.0,1776.0,1.3725300518429043e-06,1.2589975063784537e-06,1.9111080183544714e-07,7.045771419995805e-07,3.63309562543426e-07,1.1340523540876436e-07,0.0,1.2403875330784139e-18,6.255672127208356e-33,1.964374281859874e-33
3,adam,1199,1090.0,1776.0,1.1507483653708135e-06,1.0713680336578484e-06,1.927373982351022e-08,6.94002934475779e-07,3.5809135935855906e-07,7.925299890398235e-08,0.0,1.274742343061827e-19,6.25251923906479e-33,1.9662698950678716e-33
3,adam,1224,1090.0,1776.0,1.0662666089468946e-06,9.891036513270146e-07,4.915554128230697e-09,6.057469733487958e-07,3.7844112384998813e-07,7.703560370433117e-08,0.0,3.676427424213265e-20,6.345029392275774e-33,1.9962623598702753e-33
3,adam,1249,1090.0,1776.0,1.4529984361256441e-06,1.307873557965886e-06,3.356655274437421e-07,5.989808471342491e-07,3.732271833878948e-07,1.449975037834795e-07,0.0,2.1484871193692827e-18,6.338489622780411e-33,1.99832726564791e-33
3,adam,1274,1090.0,1776.0,1.2662921525613327e-06,1.1530129500952804e-06,1.913935774569821e-07,5.912255158567367e-07,3.703938567815615e-07,1.1315181944725219e-07,0.0,1.248435622551736e-18,6.34762220108316e-33,1.9919807135261873e-33
3,adam,1299,1090.0,1776.0,1.0726563971101918e-06,9.897378779354658e-07,3.9176991567460255e-08,5.843771988599192e-07,3.6618368750808636e-07,8.279112088552129e-08,0.0,2.6476637947853797e-19,6.340610307316095e-33,1.9963631184944873e-33
3,adam,1324,1090.0,1776.0,1.0176753353510037e-06,9.432093008241866e-07,2.3916165494030144e-09,5.77661661533913e-07,3.631560227408706e-07,7.433861763047684e-08,0.0,2.0386291674738975e-20,6.342386689542491e-33,1.994774357156639e-33
3,adam,1349,1090.0,1776.0,1.0076284472410578e-06,9.335174342159928e-07,2.115120017007755e-09,5.71347171903754e-07,3.6005514229523107e-07,7.398357727565541e-08,0.0,1.9287171256706345e-20,6.341538512588941e-33,1.9950108450356622e-33
3,adam,1374,1090.0,1776.0,9.981262481729486e-07,9.244387650543583e-07,1.9874726619675076e-09,5.653133152054762e-07,3.571379771869146e-07,7.356002877832793e-08,0.0,1.754039599297649e-20,6.341273189664711e-33,1.9948642643920286e-33
3,adam,1399,1090.0,1776.0,9.89181256622409e-07,9.158024879027563e-07,1.8887444193380016e-09,5.596114771512457e-07,3.543022663321725e-07,7.325129609048395e-08,0.0,1.717851090504932e-20,6.340633479280803e-33,1.994991171337142e-33
3,lbfgs,1400,1090.0,1776.0,9.694387342505713e-07,8.961176674484791e-07,2.107929383112399e-09,5.247394998797137e-07,3.6927023818565304e-07,7.319359344698733e-08,0.0,1.8687130380191912e-20,6.321281973208407e-33,1.9907303666233673e-33
3,lbfgs,1409,1090.0,1776.0,9.681050986196406e-07,8.932900546669358e-07,1.985277393019492e-09,5.245957956169341e-07,3.6670898165698214e-07,7.468757060266328e-08,0.0,1.8076058058525277e-20,6.311225308114065e-33,1.9935483103844868e-33
3,lbfgs,1419,1090.0,1776.0,9.661327181731554e-07,8.917105455283217e-07,2.022983545716898e-09,5.219271399948642e-07,3.6776042198774047e-07,7.429469921716252e-08,0.0,1.8375205843728617e-20,6.300998618155594e-33,1.9935605720424746e-33
3,lbfgs,1429,1090.0,1776.0,9.652872113391162e-07,8.914056972704408e-07,2.00607388293583e-09,5.211130057891811e-07,3.682866175983239e-07,7.375404052833685e-08,0.0,1.818857933894776e-20,6.302880124962384e-33,1.9919769904491222e-33
3,lbfgs,1439,1090.0,1776.0,9.651223572747408e-07,8.912146620730218e-07,1.9927126369878884e-09,5.211535860196486e-07,3.6806836341638533e-07,7.378022163124292e-08,0.0,1.8029957553593346e-20,6.303316465000073e-33,1.9919099446396153e-33
3,lbfgs,1449,1090.0,1776.0,9.649372581893774e-07,8.910906219728023e-07,1.979603996261199e-09,5.212019321929558e-07,3.6790908578358534e-07,7.371916260914101e-08,0.0,1.7883641142651936e-20,6.303530708416824e-33,1.9919140279387322e-33
3,lbfgs,1459,1090.0,1776.0,9.648028331000245e-07,8.910420143881258e-07,1.9770265795455972e-09,5.211356896780845e-07,3.679292981304957e-07,7.3633345069759e-08,0.0,1.786216899810919e-20,6.303707580016041e-33,1.9919472184831975e-33
3,lbfgs,1469,1090.0,1776.0,9.646405914452088e-07,8.909938980952903e-07,1.9761838000669517e-09,5.210195814391248e-07,3.679981328560986e-07,7.351921966221978e-08,0.0,1.7859583418675642e-20,6.303897454853846e-33,1.992024381390658e-33
3,lbfgs,1479,1090.0,1776.0,9.645183567586289e-07,8.909604609289778e-07,1.9708259926959525e-09,5.210264365172543e-07,3.679631984190277e-07,7.343042211514568e-08,0.0,1.7806233427076474e-20,6.303871507731505e-33,1.9920729550373868e-33
3,lbfgs,1489,1090.0,1776.0,9.643692363115252e-07,8.909348546536753e-07,1.9631197903057125e-09,5.210616480740219e-07,3.679100867893477e-07,7.330690791018692e-08,0.0,1.7734275930567344e-20,6.303789253518122e-33,1.992108717627553e-33
3,lbfgs,1499,1090.0,1776.0,9.642551464307827e-07,8.908987273701232e-07,1.962636052557712e-09,5.209756093810708e-07,3.679604819364947e-07,7.322894528078568e-08,0.0,1.7731569735141395e-20,6.303871918566356e-33,1.9921716121623216e-33
3,lbfgs,1509,1090.0,1776.0,9.641158138549937e-07,8.908349508930751e-07,1.963688948374613e-09,5.208319752952214e-07,3.680392866494791e-07,7.315338913931393e-08,0.0,1.7736311818984874e-20,6.304013008230163e-33,1.992287336551869e-33
3,lbfgs,1519,1090.0,1776.0,9.64007839979457e-07,8.908101195319625e-07,1.959256436959297e-09,5.208464813609449e-07,3.680043817340584e-07,7.307024659997217e-08,0.0,1.7696438065628343e-20,6.30395583614251e-33,1.992303189230597e-33
3,lbfgs,1529,1090.0,1776.0,9.63876585404265e-07,8.908077441648158e-07,1.952358694519003e-09,5.209061151148828e-07,3.679492703554141e-07,7.294136736094182e-08,0.0,1.764332579119866e-20,6.303837533163157e-33,1.9922689063565438e-33
3,lbfgs,1539,1090.0,1776.0,9.63773376984992e-07,8.907495175697298e-07,1.9527031438089765e-09,5.208059563813348e-07,3.6799085804458595e-07,7.289638550598785e-08,0.0,1.7639988735996564e-20,6.303925205730624e-33,1.9923498281917837e-33
3,lbfgs,1549,1090.0,1776.0,9.636493159902857e-07,8.906416250630728e-07,1.9553633789186482e-09,5.206312474917607e-07,3.6805501419239347e-07,7.288021697687944e-08,0.0,1.764006444088993e-20,6.304089249898904e-33,1.9925221416437186e-33
3,lbfgs,1559,1090.0,1776.0,9.635497680745233e-07,8.906315539786805e-07,1.9507412612543438e-09,5.206640321465048e-07,3.680167805709212e-07,7.279074012174325e-08,0.0,1.7606841867572516e-20,6.304014595655532e-33,1.9924899996171313e-33
3,lbfgs,1569,1090.0,1776.0,9.634326032678568e-07,8.906756171311069e-07,1.943629539482464e-09,5.207684521381003e-07,3.6796353545352413e-07,7.262951213302591e-08,0.0,1.7570999814476534e-20,6.303857288198427e-33,1.9923528488245416e-33
3,lbfgs,1579,1090.0,1776.0,9.633355994586163e-07,8.90585422886835e-07,1.944557071222567e-09,5.206466447301214e-07,3.6799422108549105e-07,7.262270253821277e-08,0.0,1.756161397453372e-20,6.303963477468562e-33,1.9924746386937453e-33
3,lbfgs,1589,1090.0,1776.0,9.632256128509059e-07,8.904130903806372e-07,1.949896838867491e-09,5.204227991901654e-07,3.6804039435160423e-07,7.268504839673555e-08,0.0,1.755548701878434e-20,6.304174581033503e-33,1.9927546679496786e-33
3,lbfgs,1599,1090.0,1776.0,9.631298012960047e-07,8.904321568555192e-07,1.9439340145847137e-09,5.204849249759802e-07,3.6800329786495427e-07,7.25701703439686e-08,0.0,1.7526206512808706e-20,6.304072988757813e-33,1.992652719951307e-33
3,lbfgs,1609,1090.0,1776.0,9.63028028228113e-07,8.905621309603302e-07,1.9363677269700358e-09,5.206631681317768e-07,3.679625951015833e-07,7.233842314259266e-08,0.0,1.7517804902552054e-20,6.303851870005361e-33,1.9923564952376437e-33
3,lbfgs,1619,1090.0,1776.0,9.629315380858637e-07,8.904206694010533e-07,1.937345950471477e-09,5.205041496960387e-07,3.679791737545432e-07,7.238339453042985e-08,0.0,1.749267072201669e-20,6.303991271224832e-33,1.992554066467664e-33
3,lbfgs,1629,1090.0,1776.0,9.628464118003864e-07,8.903473041158229e-07,1.9370280089974525e-09,5.204331434380801e-07,3.6797713266874523e-07,7.237163350355836e-08,0.0,1.7474932298319564e-20,6.304039725985783e-33,1.992635727650935e-33
3,lbfgs,1639,1090.0,1776.0,9.627401644341786e-07,8.90216293367516e-07,1.9384794574944565e-09,5.203073334290227e-07,3.6797048048099896e-07,7.239639685071622e-08,0.0,1.7451167192348107e-20,6.304137749017468e-33,1.992810763033622e-33
3,lbfgs,1649,1090.0,1776.0,9.626570234814908e-07,8.902151194769391e-07,1.9352460983854885e-09,5.203199537500609e-07,3.6795991962849267e-07,7.231442976387365e-08,0.0,1.7436901426969467e-20,6.304099677549369e-33,1.9927532777230284e-33
3,lbfgs,1659,1090.0,1776.0,9.625552193987206e-07,8.902673008917446e-07,1.9307540391988325e-09,5.20383521585826e-07,3.679530252667198e-07,7.216044423440871e-08,0.0,1.7433707903176835e-20,6.30400635476176e-33,1.9925864716151962e-33
3,lbfgs,1669,1090.0,1776.0,9.624733690738659e-07,8.901679678616165e-07,1.9307460089495216e-09,5.202941938591845e-07,3.6794302799348253e-07,7.217792691355072e-08,0.0,1.740943008178675e-20,6.304073308131553e-33,1.992708349774385e-33
3,lbfgs,1679,1090.0,1776.0,9.623764561548506e-07,8.899819706045268e-07,1.9346299356646266e-09,5.201254395142792e-07,3.6792190115458297e-07,7.226701121729739e-08,0.0,1.7381101106706972e-20,6.30421622016676e-33,1.9929841618402872e-33
3,lbfgs,1689,1090.0,1776.0,9.622949442822705e-07,8.900088520040738e-07,1.9299324199521027e-09,5.201639795060491e-07,3.679149400780725e-07,7.215861792089589e-08,0.0,1.7368595960558674e-20,6.304153887435645e-33,1.9928666022175897e-33
3,lbfgs,1699,1090.0,1776.0,9.622039133454552e-07,8.90139119236296e-07,1.9249416418110086e-09,5.202922175890886e-07,3.679219600053964e-07,7.193731972054848e-08,0.0,1.738947955294878e-20,6.304002627639054e-33,1.9925599045463194e-33
3,lbfgs,1709,1090.0,1776.0,9.621213327701134e-07,8.899956892025111e-07,1.9248045314690226e-09,5.201702798622593e-07,3.679006048087827e-07,7.199816915327578e-08,0.0,1.7349962741254635e-20,6.304100747007406e-33,1.9927519250402814e-33
3,lbfgs,1719,1090.0,1776.0,9.620464760929884e-07,8.899220365115371e-07,1.924371975559896e-09,5.2011223563228e-07,3.678854289036972e-07,7.199696514210996e-08,0.0,1.7330405524736326e-20,6.304138246192829e-33,1.9928252732146436e-33
3,lbfgs,1729,1090.0,1776.0,9.61952211929275e-07,8.897930959844738e-07,1.9254299728606558e-09,5.200084031485975e-07,3.678592628630155e-07,7.203164147279214e-08,0.0,1.7303152539263933e-20,6.30421623788336e-33,1.9929847398026866e-33
3,lbfgs,1739,1090.0,1776.0,9.618785447210363e-07,8.89790994807077e-07,1.9227637222742737e-09,5.200154298363186e-07,3.678528012484842e-07,7.196007541753561e-08,0.0,1.7294202760676786e-20,6.304189917032588e-33,1.9929237694177257e-33
3,lbfgs,1749,1090.0,1776.0,9.617873701685506e-07,8.898369272426463e-07,1.919151754222091e-09,5.200644650517258e-07,3.6785331043669836e-07,7.182296839774717e-08,0.0,1.7298086402317972e-20,6.304118679141599e-33,1.9927602347995183e-33
3,lbfgs,1759,1090.0,1776.0,9.6171439125235e-07,8.897406961042786e-07,1.918963426077149e-09,5.199898587394384e-07,3.6783187393876307e-07,7.184622059525906e-08,0.0,1.727250955214808e-20,6.304173321071903e-33,1.992870861451182e-33
3,lbfgs,1769,1090.0,1776.0,9.616267424513507e-07,8.895629734735772e-07,1.9221188072685965e-09,5.198471717626558e-07,3.677936829036529e-07,7.19362943927486e-08,0.0,1.724078270752957e-20,6.304292420266012e-33,1.993122243299446e-33
3,lbfgs,1779,1090.0,1776.0,9.615537324220284e-07,8.895863600554584e-07,1.9181449826359397e-09,5.198769922517278e-07,3.677912228210947e-07,7.183989775747878e-08,0.0,1.723341886208399e-20,6.304244303481155e-33,1.9930081977487948e-33
3,lbfgs,1789,1090.0,1776.0,9.614704743112159e-07,8.897018750629217e-07,1.9140086598512377e-09,5.199830390628496e-07,3.678048273402209e-07,7.164112460791989e-08,0.0,1.7258328422207123e-20,6.304120778872584e-33,1.9927199966392037e-33
3,lbfgs,1799,1090.0,1776.0,9.613963378895351e-07,8.895668322748886e-07,1.9137288883430824e-09,5.198791527512908e-07,3.6777395063525475e-07,7.17020309499411e-08,0.0,1.72192950597819e-20,6.304203872050563e-33,1.9928944374189257e-33
3,lbfgs,1809,1090.0,1776.0,9.613282691754855e-07,8.894960619993025e-07,1.9133018368656476e-09,5.198283253245283e-07,3.6775443483790853e-07,7.170473248737422e-08,0.0,1.7200802721229826e-20,6.304237380527651e-33,1.9929586412375303e-33
3,lbfgs,1819,1090.0,1776.0,9.612420383953808e-07,8.893739345181783e-07,1.9141341838019743e-09,5.197371037701556e-07,3.677226965642208e-07,7.174062915694881e-08,0.0,1.7174506916184e-20,6.304306791736145e-33,1.993100360927069e-33
3,lbfgs,1829,1090.0,1776.0,9.611747233327094e-07,8.893687508417209e-07,1.9118246422236626e-09,5.197418305058685e-07,3.677150956936287e-07,7.167849774689415e-08,0.0,1.7167506672926165e-20,6.304286104324222e-33,1.9930416243033416e-33
3,lbfgs,1839,1090.0,1776.0,9.610907423813644e-07,8.894054540586375e-07,1.9086627068942658e-09,5.197829831505976e-07,3.677138082011457e-07,7.155781354757613e-08,0.0,1.7172326913320732e-20,6.304226377588749e-33,1.9928891624801503e-33
3,lbfgs,1849,1090.0,1776.0,9.610238057111795e-07,8.893146645370836e-07,1.908459308502018e-09,5.19717040400786e-07,3.676891648277957e-07,7.15816663751365e-08,0.0,1.7148501014017943e-20,6.304275475445192e-33,1.9929873961095496e-33
3,lbfgs,1859,1090.0,1776.0,9.60942466762931e-07,8.891487799928592e-07,1.911084159222933e-09,5.195904688781471e-07,3.6764722695548915e-07,7.166621194004201e-08,0.0,1.71176854542339e-20,6.304382152080817e-33,1.9932124062410422e-33
3,lbfgs,1869,1090.0,1776.0,9.608753518936935e-07,8.891665892552325e-07,1.9076525149922086e-09,5.196154018498792e-07,3.6764353489036115e-07,7.158128778488252e-08,0.0,1.7112403623346475e-20,6.304341793187448e-33,1.9931063880339203e-33
3,lbfgs,1879,1090.0,1776.0,9.607973904434466e-07,8.892652894330785e-07,1.9039549927614018e-09,5.197071812068108e-07,3.676541532335062e-07,7.140462612611576e-08,0.0,1.7135550062455336e-20,6.304234787753416e-33,1.992842325633018e-33
3,lbfgs,1889,1090.0,1776.0,9.607292319666764e-07,8.891400827302481e-07,1.903725477096002e-09,5.196148206543226e-07,3.676215365988295e-07,7.14616743286384e-08,0.0,1.7100077370122505e-20,6.304309653811669e-33,1.9929983499315225e-33
3,lbfgs,1899,1090.0,1776.0,9.606559461631418e-07,8.88903502873059e-07,1.9098757640310473e-09,5.194294463083033e-07,3.675641808007246e-07,7.162496835156291e-08,0.0,1.7065332110783527e-20,6.304478230806451e-33,1.993363375385218e-33
3,lbfgs,1909,1090.0,1776.0,9.605853582824448e-07,8.889574762427658e-07,1.9039724540210465e-09,5.194863357830968e-07,3.6756716800564786e-07,7.150040707788753e-08,0.0,1.705862741689093e-20,6.304404887950165e-33,1.993179895703336e-33
3,lbfgs,1919,1090.0,1776.0,9.605225748199265e-07,8.889490092307251e-07,1.901936987722788e-09,5.194893763805351e-07,3.6755769586246726e-07,7.144609060414425e-08,0.0,1.705260238299865e-20,6.304388018593113e-33,1.993124909117868e-33
3,lbfgs,1929,1090.0,1776.0,9.604436999944736e-07,8.889767121523802e-07,1.899099573323887e-09,5.19524462786738e-07,3.675531497923182e-07,7.133951282670611e-08,0.0,1.7056936422661318e-20,6.304336525300228e-33,1.9929848922817843e-33
3,lbfgs,1939,1090.0,1776.0,9.603811386487859e-07,8.888913047543971e-07,1.898903920109982e-09,5.194646551142552e-07,3.6752774572003193e-07,7.136235885582102e-08,0.0,1.7035290691549528e-20,6.304381919476277e-33,1.993071873765892e-33
3,lbfgs,1949,1090.0,1776.0,9.603043089792267e-07,8.887368649227943e-07,1.9010882503600506e-09,5.193500491432214e-07,3.674857275292128e-07,7.143996898761563e-08,0.0,1.700627989694953e-20,6.304479558703457e-33,1.9932727401585307e-33
3,lbfgs,1959,1090.0,1776.0,9.602415320499313e-07,8.887491787225557e-07,1.8980986139221944e-09,5.193711162068866e-07,3.6747996390174686e-07,7.13648782355467e-08,0.0,1.7002105791702247e-20,6.3044448449541e-33,1.9931754475403533e-33
3,lbfgs,1969,1090.0,1776.0,9.601673640750047e-07,8.888322941267677e-07,1.8947306467343752e-09,5.194513784781218e-07,3.674861850019115e-07,7.120759482641128e-08,0.0,1.7022452909658026e-20,6.304350470616921e-33,1.992935245178648e-33
3,lbfgs,1979,1090.0,1776.0,9.601036806636973e-07,8.887162510167666e-07,1.8945631265362935e-09,5.193677222677723e-07,3.6745396562245805e-07,7.125995450215808e-08,0.0,1.6990743596674766e-20,6.304419166223535e-33,1.993074518645689e-33
3,lbfgs,1989,1090.0,1776.0,9.600332466548361e-07,8.884979254335728e-07,1.899735507039181e-09,5.191997418840581e-07,3.673984480424756e-07,7.140784604653355e-08,0.0,1.6957130398757104e-20,6.304572799294418e-33,1.9934018075753254e-33
3,lbfgs,1999,1090.0,1776.0,9.599675405392533e-07,8.885431223967423e-07,1.8946695569433647e-09,5.192495888071913e-07,3.6739886403260757e-07,7.129694294501231e-08,0.0,1.6952561802430164e-20,6.304508178484878e-33,1.9932349789220812e-33
3,lbfgs,2009,1090.0,1776.0,9.599081602460335e-07,8.885316582924951e-07,1.8928597084674905e-09,5.19250993502817e-07,3.6738780508121054e-07,7.124902673329619e-08,0.0,1.694715216692228e-20,6.304494320115146e-33,1.9931840685665052e-33
3,lbfgs,2019,1090.0,1776.0,9.598331105046382e-07,8.885513067963391e-07,1.890292754173598e-09,5.192806677907634e-07,3.6738034625140217e-07,7.115432845839655e-08,0.0,1.695071423146089e-20,6.304449546651452e-33,1.993056159814077e-33
3,lbfgs,2029,1090.0,1776.0,9.597738772939421e-07,8.884707774447372e-07,1.8900998848388653e-09,5.192256610493132e-07,3.6735501651058516e-07,7.117562457664584e-08,0.0,1.6931088685624515e-20,6.304491829592241e-33,1.993133342998437e-33
3,lbfgs,2039,1090.0,1776.0,9.597004537568612e-07,8.883267124667815e-07,1.8919072957714745e-09,5.191207741461577e-07,3.673140310248523e-07,7.124626598794884e-08,0.0,1.6903963722095768e-20,6.304581733560242e-33,1.9933128537909742e-33
3,lbfgs,2049,1090.0,1776.0,9.596410193014867e-07,8.883340640773487e-07,1.88928658509543e-09,5.191383428016124e-07,3.6730643469064076e-07,7.117947989948752e-08,0.0,1.690048257474432e-20,6.304551652197476e-33,1.993224007481129e-33
3,lbfgs,2059,1090.0,1776.0,9.595697343990724e-07,8.884033761012797e-07,1.8862055285540027e-09,5.192084786059285e-07,3.6730869196679725e-07,7.103888294377737e-08,0.0,1.691808231360813e-20,6.30446791934949e-33,1.9930060094432546e-33
3,lbfgs,2069,1090.0,1776.0,9.595095428830475e-07,8.882955112914149e-07,1.8860801425473142e-09,5.19131934486189e-07,3.6727749666267846e-07,7.108655621516486e-08,0.0,1.6889739979025695e-20,6.30453126380746e-33,1.993130491403029e-33
3,lbfgs,2079,1090.0,1776.0,9.594412792753852e-07,8.880936390359266e-07,1.8904245154553945e-09,5.189785959980273e-07,3.67224618522444e-07,7.122016483367366e-08,0.0,1.685758728112826e-20,6.304671842998373e-33,1.9934241990243533e-33
3,lbfgs,2089,1090.0,1776.0,9.593794272287898e-07,8.881309340647256e-07,1.8860580886538868e-09,5.19022147345954e-07,3.672227286301177e-07,7.112101773597516e-08,0.0,1.6854489935435956e-20,6.304614583652365e-33,1.9932728028517536e-33
3,lbfgs,2099,1090.0,1776.0,9.593227221002164e-07,8.881168369529725e-07,1.8844376565992612e-09,5.190219070492932e-07,3.6721049224708e-07,7.107840969687673e-08,0.0,1.6849510590797838e-20,6.30460321365676e-33,1.9932259388624077e-33
3,lbfgs,2109,1090.0,1776.0,9.592506845119117e-07,8.881294206471479e-07,1.8821049881001204e-09,5.190465795053349e-07,3.6720073615371284e-07,7.099378838533595e-08,0.0,1.6852280242478313e-20,6.304564159256656e-33,1.9931093742245526e-33
3,lbfgs,2119,1090.0,1776.0,9.591940937388212e-07,8.880532599717018e-07,1.8819077943635825e-09,5.189955128166826e-07,3.6717583936065565e-07,7.101335826549118e-08,0.0,1.6834422012925726e-20,6.304603582294544e-33,1.993178060823452e-33
3,lbfgs,2129,1090.0,1776.0,9.59123377732489e-07,8.879185027148043e-07,1.8833915143502884e-09,5.188988555576111e-07,3.671362556428429e-07,7.107739948707454e-08,0.0,1.6809080736314463e-20,6.304686483609101e-33,1.9933387978787877e-33
3,lbfgs,2139,1090.0,1776.0,9.590666216441669e-07,8.879214764998924e-07,1.8810810578641606e-09,5.189131510964225e-07,3.671272443456057e-07,7.101766959158495e-08,0.0,1.68060577482938e-20,6.304660330219753e-33,1.9932578324897327e-33
3,lbfgs,2149,1090.0,1776.0,9.589976507995578e-07,8.879786673929745e-07,1.878257739243324e-09,5.189741623183205e-07,3.671262473354107e-07,7.089150782509716e-08,0.0,1.6821172308061835e-20,6.304585848633686e-33,1.9930601547123002e-33
4,adam,0,1776.0,2736.3999999999996,0.10882984134554337,0.08162238094203475,0.00027777776731620704,0.058808592503994506,0.022536010670724027,0.02720746031401158,0.0,1.0151635548218731e-15,1.960053529613307e-30,2.499999999999994e-31
4,adam,24,1776.0,2736.3999999999996,0.025242810773919173,0.011787491709836753,2.9628825118377627e-05,0.007004646491846519,0.004753216392871856,0.013455318972905398,0.0,4.38435194726996e-17,2.5232280738380424e-31,5.319078939335501e-32
4,adam,49,1776.0,2736.3999999999996,0.019818409859465647,0.006945502301225577,4.432686600558908e-06,0.00416727063471629,0.0027737989799087284,0.012872907464514761,0.0,5.917333079733548e-18,1.6109197208866237e-31,3.060850084029288e-32
4,adam,74,1776.0,2736.3999999999996,0.016975794306371167,0.004738887275184578,2.555329207858854e-06,0.002900348767078064,0.0018359831788986552,0.01223690693367428,0.0,2.8044794719058482e-18,1.121757609761859e-31,2.0182270419634112e-32
4,adam,99,1776.0,2736.3999999999996,0.015436539363016982,0.0039517398961333265,5.558888896640095e-07,0.0025292449586667098,0.0014219390485769533,0.011484799365740482,0.0,7.380982608353247e-19,8.863535836969443e-32,1.7429875859949387e-32
4,adam,124,1776.0,2736.3999999999996,0.013127006817977058,0.0026644995502081645,7.018475260425555e-07,0.0016238236128886061,0.0010399740897935157,0.010462507162995502,0.0,9.391840495908964e-19,7.17772223918942e-32,1.2507326389543174e-32
4,adam,149,1776.0,2736.3999999999996,0.010106403196537972,0.001689631222792048,5.956504537564883e-07,0.0010507426234262198,0.0006382929489120717,0.008416771864804561,0.0,1.1891932391593762e-18,5.370068592556078e-32,9.700870499888247e-33
4,adam,174,1776.0,2736.3999999999996,0.00763834120032474,0.0010006405463137238,7.652020069473704e-07,0.0006635418632903818,0.00033633348101639454,0.006637700540916839,0.0,1.987929490025321e-18,4.400151954701422e-32,6.614299286765882e-33
4,adam,199,1776.0,2736.3999999999996,0.006324868610047721,0.0009375381114466895,5.366409691075249e-07,0.0005595638700961434,0.00037743760038143863,0.005387330381159943,0.0,1.4194929239605838e-18,4.256283574557426e-32,4.3779571636755116e-33
4,adam,224,1776.0,2736.3999999999996,0.004683161042848003,0.0006505253903462523,1.8836651762150924e-07,0.00043265807897195055,0.0002176789448566802,0.00403263553211337,0.0,4.1811445806278057e-19,3.861138293116661e-32,4.8447458196588496e-33
4,adam,249,1776.0,2736.3999999999996,0.003686472431352071,0.0004890545254043642,9.140847494909766e-08,0.00033479522919619635,0.00015416788773321873,0.0031974177829401256,0.0,1.866963513938701e-19,3.543271707184933e-32,4.51642605689066e-33
4,adam,274,1776.0,2736.3999999999996,0.0030823959456170932,0.0004821165786768276,1.0389039734225794e-07,0.00040457224887923305,7.744043940025228e-05,0.0026002792414340525,0.0,1.8025333975364952e-19,3.306513447048253e-32,4.302102998401633e-33
4,adam,299,1776.0,2736.3999999999996,0.002449233522531284,0.00039603587852828423,5.467623957790908e-08,0.00024482585119514437,0.00015115535109356192,0.0020531975168406554,0.0,1.3802931736397863e-19,2.877618598522413e-32,4.026738533063302e-33
4,adam,324,1776.0,2736.3999999999996,0.0019812890795011407,0.00030367684150020644,6.417457208998476e-08,0.00015895956829165025,0.0001446530986364662,0.0016776121092445886,0.0,1.6157516697348625e-19,2.902826339630615e-32,3.4411235314266755e-33
4,adam,349,1776.0,2736.3999999999996,0.0017962154721755177,0.00039189464510156174,5.1561375576785614e-08,0.0003036301674065447,8.821291631944028e-05,0.0014043206967392491,0.0,1.1937213452105325e-19,2.6151968567359795e-32,4.192218278827932e-33
4,adam,374,1776.0,2736.3999999999996,0.001368425275594654,0.0002612823627912717,4.547728101194219e-08,9.86557533008904e-05,0.00016258113220936937,0.0011071427813020105,0.0,1.223892500993468e-19,2.5925485345002033e-32,2.858498976261487e-33
4,adam,399,1776.0,2736.3999999999996,0.0017231335418945856,0.0005199386656626411,2.5596104080792076e-07,0.0002286225659975162,0.00029106013862431694,0.0012031947434621524,0.0,5.706895990321703e-19,3.1897624421195526e-32,1.427142492931262e-33
4,adam,424,1776.0,2736.3999999999996,0.001604961152239704,0.0008875762417994769,2.0614425175468924e-07,0.0006322286937969204,0.0002551414037508018,0.0007173847767963011,0.0,4.0844155279779275e-19,1.74392911251749e-32,3.244152232409549e-33
4,adam,449,1776.0,2736.3999999999996,0.0008342967457796471,0.000188225012214809,7.400233863533482e-08,9.027321684610767e-05,9.7877793030066e-05,0.0006460715995772503,0.0,1.869702682817905e-19,2.021849263645437e-32,3.4759662972863024e-33
4,adam,474,1776.0,2736.3999999999996,0.0006644838706125887,0.00014677228177425316,5.8035349064402865e-08,6.734558585429007e-05,7.936866057089868e-05,0.0005177114538958066,0.0,1.850176207111382e-19,2.1529180113908068e-32,3.106213418100162e-33
4,adam,499,1776.0,2736.3999999999996,0.0005397990866384198,0.00012841364981772412,5.468976459850297e-08,5.4494008381351864e-05,7.386495167177376e-05,0.0004113853008535242,0.0,1.7222289929569331e-19,2.0481076836877434e-32,3.0388491220226837e-33
4,adam,524,1776.0,2736.3999999999996,0.00043813045458662275,0.00010978583867002811,5.184091486127719e-08,4.5436276414509096e-05,6.429772134065774e-05,0.00032834447897297754,0.0,1.6582262194625116e-19,2.0029332485903598e-32,2.9382516304303424e-33
4,adam,549,1776.0,2736.3999999999996,0.0005529601322265917,0.00022013438894933355,8.17139888458213e-08,0.00017740825709112285,4.264441786936486e-05,0.0003328256053752798,0.0,2.060908223781402e-19,1.8658725953700433e-32,3.101778824056339e-33
4,adam,574,1776.0,2736.3999999999996,0.0005147260285044852,0.00022846064439365892,7.267628093928695e-08,6.686488783407228e-05,0.00016152308027864737,0.00028626524552783267,0.0,2.0961503641277006e-19,2.2970955405726897e-32,1.814114387778083e-33
4,adam,599,1776.0,2736.3999999999996,0.0007159683815806389,0.0005112669862161347,1.4678830864440854e-07,0.00029588514979891754,0.00021523504810857274,0.00020470125604916045,0.0,3.4309753986555466e-19,1.5482183416605613e-32,2.231861756070101e-33
4,adam,624,1776.0,2736.3999999999996,0.0002475939261177788,8.748880648725567e-05,5.0882303036285316e-08,3.4574011934226005e-05,5.286391224999338e-05,0.0001601049800610312,0.0,1.127151655934132e-19,1.9858158609823847e-32,3.1480106443239154e-33
4,adam,649,1776.0,2736.3999999999996,0.0001958817965340226,8.378697856313857e-05,2.9372047772237084e-08,3.974619310888592e-05,4.401141340648042e-05,0.00011209467779868717,0.0,8.158101221265595e-20,1.9359824495021336e-32,2.8841614310077923e-33
4,adam,674,1776.0,2736.3999999999996,0.00016016294047176637,7.089803614483105e-05,2.626020879763146e-08,2.7123710476903815e-05,4.37480654591296e-05,8.926476356207139e-05,0.0,7.177011883839101e-20,1.9362161379562122e-32,2.748993255798528e-33
4,adam,699,1776.0,2736.3999999999996,0.00013309056483884336,6.231531716818485e-05,2.1469562337573155e-08,2.5392868320211168e-05,3.690097928563611e-05,7.077510632841385e-05,0.0,5.991238834919055e-20,1.907285581872846e-32,2.7232336386708796e-33
4,adam,724,1776.0,2736.3999999999996,0.00019576112491861847,0.000114045293775239,2.327916607217506e-08,4.375607778028871e-05,7.026593682887811e-05,8.171568927364115e-05,0.0,5.527627352877783e-20,2.1391150867092325e-32,1.986291656624704e-33
4,adam,749,1776.0,2736.3999999999996,0.00010193757383215596,5.718638073937577e-05,1.3973068105753841e-08,1.9856071865810087e-05,3.731633580545993e-05,4.475105073609124e-05,0.0,3.93758494083799e-20,1.8830334803130875e-32,2.4164660360616434e-33
4,adam,774,1776.0,2736.3999999999996,0.00029682260177792515,0.00021435006054814205,8.889863036317372e-08,0.00019677665685814715,1.7484505059631728e-05,8.247239837539721e-05,0.0,1.9127164111978856e-19,1.781669657732027e-32,3.329788136098393e-33
4,adam,799,1776.0,2736.3999999999996,0.0003281512384675855,0.00023020595999151319,1.5082841851007155e-07,0.00015560167827855366,7.445345329444946e-05,9.794513532113391e-05,0.0,2.759402744992976e-19,1.7292422084610052e-32,4.578618203627449e-33
4,adam,824,1776.0,2736.3999999999996,0.0010027056430256145,0.0009501165835030502,1.0023154213744546e-07,0.0006087567308036133,0.00034125962115729954,5.258891568661983e-05,0.0,1.3842832713373913e-19,1.5212873789567744e-32,2.0746465532279177e-33
4,adam,849,1776.0,2736.3999999999996,0.00019521631066300545,0.00010844151435661398,2.6089777631743806e-08,4.382591787468733e-05,6.458950670429491e-05,8.677465270058522e-05,0.0,4.490963952023601e-20,1.8076240574826596e-32,4.122298315415097e-33
4,adam,874,1776.0,2736.3999999999996,8.393498503850587e-05,6.166791838041287e-05,4.782425095792015e-08,2.4928923606808902e-05,3.669117052264606e-05,2.2266922660116478e-05,0.0,7.877615549360561e-20,1.9737719101210498e-32,2.3506183542096902e-33
4,adam,899,1776.0,2736.3999999999996,6.226126965586416e-05,4.425529020182618e-05,2.1990145592189652e-08,1.8479160143776916e-05,2.575413991245708e-05,1.8005835066479014e-05,0.0,4.246229973781189e-20,1.9222103641011874e-32,2.7105709644839906e-33
4,adam,924,1776.0,2736.3999999999996,5.3486087986096716e-05,3.970747695215875e-05,1.1627056711407594e-08,1.819805700622526e-05,2.149779288922208e-05,1.377846627348965e-05,0.0,1.8897186793342647e-20,1.8626448201707046e-32,2.796605204905093e-33
4,adam,949,1776.0,2736.3999999999996,4.7863816318882986e-05,3.664965962879594e-05,4.789331086224907e-09,1.610454877028043e-05,2.054032152742928e-05,1.121401160284112e-05,0.0,1.0012538352769564e-20,1.8673952729704068e-32,2.7384869838191773e-33
4,adam,974,1776.0,2736.3999999999996,4.370625791567236e-05,3.463388768027338e-05,3.224941137262254e-09,1.5207872697539222e-05,1.94227900415969e-05,9.072224852193152e-06,0.0,7.515341837269719e-21,1.8638950182714644e-32,2.716445477709087e-33
4,adam,999,1776.0,2736.3999999999996,4.032686011276934e-05,3.2909133686818166e-05,2.2515991236155942e-09,1.4358803494078935e-05,1.8548078593615617e-05,7.417580774375943e-06,0.0,5.883952162344779e-21,1.862268154542171e-32,2.7025183896175894e-33
4,adam,1024,1776.0,2736.3999999999996,3.855098964481021e-05,3.1921887946895436e-05,1.9942437836718707e-09,1.374426468359368e-05,1.8175629019518084e-05,6.6289557984252075e-06,0.0,5.533550307407604e-21,1.8305411775359202e-32,2.678771495699908e-33
4,adam,1049,1776.0,2736.3999999999996,3.589383078461779e-05,3.0302083862946226e-05,2.209456964238272e-09,1.3222619332187665e-05,1.7077255073794324e-05,5.591600787301658e-06,0.0,5.8529923108776854e-21,1.8321359934018863e-32,2.6753176854619363e-33
4,adam,1074,1776.0,2736.3999999999996,3.3537790793525234e-05,2.8850508844640753e-05,2.8354519346316703e-09,1.2553449565964478e-05,1.6294223826741643e-05,4.687135592473625e-06,0.0,6.765450176246635e-21,1.8319907985580508e-32,2.6760024083041465e-33
4,adam,1099,1776.0,2736.3999999999996,3.1424101595804356e-05,2.7474767375781166e-05,3.6818550736333417e-09,1.195085212871768e-05,1.5520233391989854e-05,3.94918765291884e-06,0.0,8.02403257216558e-21,1.831683453247346e-32,2.6751827189949365e-33
4,adam,1124,1776.0,2736.3999999999996,2.9510240311716138e-05,2.6161671645713322e-05,4.638913002487088e-09,1.1366908320221891e-05,1.4790124412488943e-05,3.3484218993266683e-06,0.0,9.470058072937253e-21,1.831206460360746e-32,2.674261827586546e-33
4,adam,1149,1776.0,2736.3999999999996,2.7763846605283045e-05,2.490721609090363e-05,5.6066936554798574e-09,1.0814731529326452e-05,1.4086877867921702e-05,2.85648355810619e-06,0.0,1.0946066924376276e-20,1.8306779287720355e-32,2.673019420881263e-33
4,adam,1174,1776.0,2736.3999999999996,2.6159941054726882e-05,2.3708004787336726e-05,6.485955768909924e-09,1.0290520831822183e-05,1.3410997999745635e-05,2.451789130513321e-06,0.0,1.2288247716348085e-20,1.8299067645097e-32,2.6723588373269244e-33
4,adam,1199,1776.0,2736.3999999999996,8.011923231101329e-05,6.606103780389425e-05,9.256939724400117e-07,4.7678563008059823e-05,1.745678082339441e-05,1.4058047183870084e-05,0.0,1.7386556247290426e-18,1.7224847703029563e-32,3.4184686078644425e-33
4,adam,1224,1776.0,2736.3999999999996,2.537673298443996e-05,2.258963202025103e-05,7.840613005249814e-08,1.1818544934890348e-05,1.0692680955308183e-05,2.786953495942841e-06,0.0,1.3036672882237556e-19,1.7215334794345128e-32,2.6259729944090794e-33
4,adam,1249,1776.0,2736.3999999999996,0.00014788134370083222,0.00010945662141664101,2.8063270964747324e-08,5.3522123007569056e-05,5.5906435138107204e-05,3.842457469096137e-05,0.0,4.4263142166050703e-20,2.0905977658926795e-32,1.8499501646203576e-33
4,adam,1274,1776.0,2736.3999999999996,0.0001018526503825958,9.68915626587235e-05,2.521862548094246e-08,8.552406143101533e-05,1.1342282602227219e-05,4.960939903945104e-06,0.0,4.535322549525519e-20,1.5258763605209147e-32,2.9862089957531958e-33
4,adam,1299,1776.0,2736.3999999999996,0.00042131756558827006,0.00035812847984992155,2.4064236360945107e-07,9.786368273546359e-05,0.0002600241547508485,6.31889377034044e-05,0.0,4.41161427668319e-19,1.7217386359928075e-32,1.2036120097942759e-33
4,adam,1324,1776.0,2736.3999999999996,0.00022360810602137907,0.00021593418380501755,2.1888596958553798e-07,0.00020791684831629136,7.798449519140658e-06,7.673774064217796e-06,0.0,3.4478480974398735e-19,1.614836021335406e-32,3.881172385762275e-33
4,adam,1349,1776.0,2736.3999999999996,3.297402265794313e-05,2.4145693114603425e-05,8.658680741742615e-09,1.0941267281323877e-05,1.3195767152537806e-05,8.828181224632224e-06,0.0,1.6196200757579332e-20,1.8110293479234932e-32,2.5781888426332107e-33
4,adam,1374,1776.0,2736.3999999999996,8.616359833981061e-05,7.125740703796308e-05,3.292397073725872e-08,1.3290165486889698e-05,5.7934317580336125e-05,1.4906042758303257e-05,0.0,6.448375388457942e-20,1.7828296960724086e-32,1.8547103245744534e-33
4,adam,1399,1776.0,2736.3999999999996,4.784221297792502e-05,4.235848445088438e-05,9.427364036479465e-09,3.097353139527313e-05,1.1375525691574771e-05,5.483579810694653e-06,0.0,1.4990942131046672e-20,1.6157570187878513e-32,3.1579024939283505e-33
4,lbfgs,1400,1776.0,2736.3999999999996,2.9477087266191603e-05,2.5611694210409382e-05,8.899832763543965e-09,9.290548501989063e-06,1.6312245875656775e-05,3.865244337983721e-06,0.0,1.2598959226399562e-20,1.838853373989429e-32,2.2501496542938877e-33
4,lbfgs,1409,1776.0,2736.3999999999996,1.9304651864272488e-05,1.8024725498746476e-05,4.198340658576946e-09,8.943796767687073e-06,9.076730390400824e-06,1.2797776437132343e-06,0.0,6.050847841613771e-21,1.8073851899755718e-32,2.5730471030349727e-33
4,lbfgs,1419,1776.0,2736.3999999999996,1.4795243193647386e-05,1.4414004355803212e-05,6.44886695633685e-09,6.24124196764984e-06,8.166313521197035e-06,3.810900400034868e-07,0.0,8.946919278712514e-21,1.7729190748350333e-32,2.481640259927165e-33
4,lbfgs,1429,1776.0,2736.3999999999996,1.1005986703136335e-05,1.0891870527191868e-05,8.967837427372906e-09,3.99853981609322e-06,6.884362873671276e-06,1.1396724463199892e-07,0.0,2.2967461112985848e-20,1.8215151159963865e-32,2.6029720410154723e-33
4,lbfgs,1439,1776.0,2736.3999999999996,7.989535308824019e-06,7.838551183136833e-06,3.940105739041877e-09,2.7670238962290333e-06,5.067587181168758e-06,1.5083501426937425e-07,0.0,6.2550338267308895e-21,1.806759896252191e-32,2.5362918129533834e-33
4,lbfgs,1449,1776.0,2736.3999999999996,6.182113325980998e-06,6.1082013573116175e-06,7.245477788679234e-09,2.9457350416872715e-06,3.155220837835667e-06,7.376276062900328e-08,0.0,1.2219525462182113e-20,1.801567055239331e-32,2.4889126566420216e-33
4,lbfgs,1459,1776.0,2736.3999999999996,5.060936311993662e-06,5.042599784560448e-06,4.424792362603419e-09,2.3731449681193527e-06,2.6650300240784915e-06,1.8187264256379917e-08,0.0,6.4476304331984195e-21,1.8200846234000896e-32,2.4820563990257722e-33
4,lbfgs,1469,1776.0,2736.3999999999996,4.435973260177562e-06,4.367336216337271e-06,7.741685733454186e-09,1.908357037353448e-06,2.4512374932503693e-06,6.848771874157632e-08,0.0,1.1218153421785196e-20,1.8264277474179837e-32,2.469014898114101e-33
4,lbfgs,1479,1776.0,2736.3999999999996,3.427018696017e-06,3.4171421805908173e-06,3.503781942650486e-09,1.0193650222741324e-06,2.3942733763740346e-06,9.727146711284064e-09,0.0,6.5505229622724584e-21,1.8577392887569977e-32,2.482749182300749e-33
4,lbfgs,1489,1776.0,2736.3999999999996,3.184137104641676e-06,3.1379644590264e-06,1.995601832647287e-09,1.073460925316531e-06,2.062507931877222e-06,4.60232619069271e-08,0.0,3.0382197667101343e-21,1.8569480731011656e-32,2.491219272891174e-33
4,lbfgs,1499,1776.0,2736.3999999999996,2.2514863495882494e-06,2.238901190007605e-06,9.406743814656038e-09,1.4259151248075642e-06,8.035793213853846e-07,1.2435823204225643e-08,0.0,2.288183595849096e-20,1.843148502536504e-32,2.4896062837141188e-33
4,lbfgs,1509,1776.0,2736.3999999999996,1.6386971769510475e-06,1.5721244695464592e-06,4.5226276026926767e-08,9.938805618136885e-07,5.330176317058439e-07,6.642327979916572e-08,0.0,6.190596235539866e-20,1.8419855076004746e-32,2.50515692514139e-33
4,lbfgs,1519,1776.0,2736.3999999999996,1.2142715414717562e-06,1.2026853120187326e-06,8.464661675631103e-08,6.304168675579021e-07,4.876218277045193e-07,1.1436880372447611e-08,0.0,1.2861028356657404e-19,1.8334453283801838e-32,2.4958022274803383e-33
4,lbfgs,1529,1776.0,2736.3999999999996,1.0189602533998208e-06,1.0063751701283007e-06,3.833742934390526e-08,4.782818424905794e-07,4.897558982938161e-07,1.2435751212539547e-08,0.0,6.083393191219592e-20,1.8270191509953638e-32,2.495741301527901e-33
4,lbfgs,1539,1776.0,2736.3999999999996,8.215483790019944e-07,8.079203543151183e-07,8.253111198363233e-09,3.5558600524919395e-07,4.440812378675611e-07,1.34786756121043e-08,0.0,2.388046824570521e-20,1.8184375174463464e-32,2.492220579482972e-33
4,lbfgs,1549,1776.0,2736.3999999999996,7.694074369377505e-07,7.560044693076005e-07,8.287181824106296e-09,3.072927535236573e-07,4.40424533959837e-07,1.3253635828907516e-08,0.0,1.6005027096210693e-20,1.8228881479146732e-32,2.4859726831796603e-33
4,lbfgs,1559,1776.0,2736.3999999999996,6.86214574599508e-07,6.699368744212596e-07,4.547387604819074e-09,3.089587767501884e-07,3.564307100662521e-07,1.6128350360495594e-08,0.0,1.3365747454687731e-20,1.8209999796012264e-32,2.4718585960997458e-33
4,lbfgs,1569,1776.0,2736.3999999999996,6.626077355078931e-07,6.511367090287267e-07,1.8402343522034864e-09,2.8954635370290415e-07,3.5975012097361904e-07,1.1321670813105353e-08,0.0,4.2196984190606795e-21,1.8198187383337995e-32,2.4796997436775315e-33
4,lbfgs,1579,1776.0,2736.3999999999996,6.545227862014671e-07,6.437122865999674e-07,2.49991218630097e-09,2.761465161802598e-07,3.650658582334067e-07,1.0661132548410194e-08,0.0,5.942858068572252e-21,1.8190828103382317e-32,2.4778068129347894e-33
4,lbfgs,1589,1776.0,2736.3999999999996,5.034835918800468e-07,4.900729318570169e-07,1.2274927382845435e-08,1.5956529906826624e-07,3.1823270540590515e-07,1.3261217944592508e-08,0.0,3.6965339780320764e-20,1.8224558169167585e-32,2.486305595019015e-33
4,lbfgs,1599,1776.0,2736.3999999999996,3.8924766660388417e-07,3.7685564143462025e-07,1.1914249510204785e-08,1.1124909712450819e-07,2.5369229479990726e-07,1.2242537494222993e-08,0.0,2.674010089792935e-20,1.8262733214131646e-32,2.4958133431887453e-33
4,lbfgs,1609,1776.0,2736.3999999999996,3.418311588023159e-07,3.3376665137421966e-07,6.225435085629558e-09,1.122025037153967e-07,2.1533871257319342e-07,7.914983663388941e-09,0.0,1.0118150720883933e-20,1.827978875147563e-32,2.4918523956516042e-33
4,lbfgs,1619,1776.0,2736.3999999999996,3.162820105573226e-07,3.0786160204814206e-07,6.264428525182022e-09,1.092859715476743e-07,1.9231120197528575e-07,8.270863689964264e-09,0.0,1.0749705817564025e-20,1.830684373150392e-32,2.4961439944502882e-33
4,lbfgs,1629,1776.0,2736.3999999999996,2.6416915764830597e-07,2.517793721283393e-07,1.12636792529064e-08,6.67663823384421e-08,1.7374931053699082e-07,1.2240241345949612e-08,0.0,2.729221100600835e-20,1.8319653392309716e-32,2.493960075060115e-33
4,lbfgs,1639,1776.0,2736.3999999999996,2.2246302629333935e-07,2.1775489936330557e-07,1.0426976767063885e-08,4.336599781031696e-08,1.6396192478592472e-07,4.558506028701771e-09,0.0,2.3983812979263405e-20,1.8316227272536097e-32,2.492724203408344e-33
4,lbfgs,1649,1776.0,2736.3999999999996,1.907989470018851e-07,1.8962402419335905e-07,1.285419452098834e-08,5.56843081198161e-08,1.210855215525546e-07,1.0252057571487572e-09,0.0,2.5790430654513512e-20,1.829806393703754e-32,2.495318981522364e-33
4,lbfgs,1659,1776.0,2736.3999999999996,1.6453411364397236e-07,1.5863013594478224e-07,2.501577123313051e-09,6.55559930819442e-08,9.057256573952501e-08,5.754221190067473e-09,0.0,6.954925435131272e-21,1.8290100949513331e-32,2.49427388061888e-33
4,lbfgs,1669,1776.0,2736.3999999999996,1.3787361863506629e-07,1.3500482347514411e-07,2.6745600857408004e-09,5.861468721195651e-08,7.37155761774468e-08,2.7190396001820563e-09,0.0,6.701721186419863e-21,1.831457709544489e-32,2.4922160795236854e-33
4,lbfgs,1679,1776.0,2736.3999999999996,1.2748252990970213e-07,1.2597747505792998e-07,2.160738419377355e-09,5.2711903906422425e-08,7.110483273213021e-08,1.355317152657962e-09,0.0,6.6062331263180405e-21,1.8318843492037192e-32,2.49406545050399e-33
4,lbfgs,1689,1776.0,2736.3999999999996,1.1367716526776462e-07,1.1235332315616006e-07,1.6436098493912753e-09,5.541848415222135e-08,5.529122915454744e-08,1.1741131724593335e-09,0.0,3.399060872530615e-21,1.8313039455672282e-32,2.493282038226314e-33
4,lbfgs,1699,1776.0,2736.3999999999996,9.568560169291542e-08,9.248666287368425e-08,1.590438436479908e-09,4.682966194767361e-08,4.4066562489530734e-08,3.0491469857216953e-09,0.0,3.2157001261229255e-21,1.8311802619062303e-32,2.492635512582061e-33
4,lbfgs,1709,1776.0,2736.3999999999996,7.145835576267246e-08,6.838910683729692e-08,2.1680711731132324e-09,3.7531718297821474e-08,2.868931736636221e-08,2.919392409094893e-09,0.0,4.768266672886578e-21,1.834529826932422e-32,2.4936548534007878e-33
4,lbfgs,1719,1776.0,2736.3999999999996,5.80914129057478e-08,5.7038306167915424e-08,2.1821532614162366e-09,2.935552690890299e-08,2.5500625997596194e-08,9.032403973130568e-10,0.0,3.905411770616678e-21,1.8320228234548731e-32,2.492143300944222e-33
4,lbfgs,1729,1776.0,2736.3999999999996,4.1523574025775105e-08,4.100258072210985e-08,1.4183113095640416e-09,2.255508962844207e-08,1.702917978410374e-08,3.7106849818619736e-10,0.0,3.2682795329034663e-21,1.8312212781748737e-32,2.487987302940137e-33
4,lbfgs,1739,1776.0,2736.3999999999996,3.9892789593114785e-08,3.930104194851536e-08,8.639985608772816e-10,2.2147906357209005e-08,1.6289137030429078e-08,4.41840311780127e-10,0.0,2.1729136219916476e-21,1.83141046753624e-32,2.4877566613508313e-33
4,lbfgs,1749,1776.0,2736.3999999999996,3.8789686000477446e-08,3.853116014059418e-08,8.336613559063696e-10,2.1794891999142862e-08,1.5902606785544947e-08,1.0861153598373739e-10,0.0,1.7975836914911994e-21,1.8306890825122843e-32,2.4874088997220703e-33
4,lbfgs,1759,1776.0,2736.3999999999996,3.506950516513894e-08,3.440013349704965e-08,6.508380075658926e-10,1.9756573880408e-08,1.399272160907576e-08,5.193764388810382e-10,0.0,1.4237074819801797e-21,1.831250733211e-32,2.4878028099241512e-33
4,lbfgs,1769,1776.0,2736.3999999999996,3.196020582978693e-08,3.105118915197255e-08,6.106433916084265e-10,1.7817922167296878e-08,1.2622623593067244e-08,7.590186750748562e-10,0.0,1.235544770397925e-21,1.8309696265717636e-32,2.4869588079334728e-33
4,lbfgs,1779,1776.0,2736.3999999999996,2.8163508389064956e-08,2.7664562161088987e-08,7.539599119266164e-10,1.628320321136926e-08,1.0627399037793111e-08,3.489445225413783e-10,0.0,1.4245359231177398e-21,1.8319191555292162e-32,2.4867911233377223e-33
4,lbfgs,1789,1776.0,2736.3999999999996,2.6037935185819746e-08,2.576697544130935e-08,6.486584276111404e-10,1.5948635327173936e-08,9.169681686524275e-09,1.2095516257464493e-10,0.0,1.2486517143008135e-21,1.8310776204271064e-32,2.4874162026989637e-33
4,lbfgs,1799,1776.0,2736.3999999999996,2.4468569422735235e-08,2.4211328920540756e-08,4.746959109337934e-10,1.5079943555006217e-08,8.656689454600746e-09,1.0724958037309693e-10,0.0,8.650073389171143e-22,1.8310578221527403e-32,2.487774830974923e-33
4,lbfgs,1809,1776.0,2736.3999999999996,2.4162461753435684e-08,2.3884978109674466e-08,4.948060224261254e-10,1.4951087971237876e-08,8.439084116010464e-09,1.274936264072891e-10,0.0,8.553945598882543e-22,1.8310599540181623e-32,2.4875090089494296e-33
4,lbfgs,1819,1776.0,2736.3999999999996,2.3023348986994003e-08,2.2677140313753243e-08,6.039913859510481e-10,1.3613965047037575e-08,8.459183880764619e-09,1.9622094201396036e-10,0.0,1.2659678652724176e-21,1.8314385107516267e-32,2.487050647019096e-33
4,lbfgs,1829,1776.0,2736.3999999999996,2.0233285366684555e-08,1.98803924801983e-08,1.0067570115148103e-09,1.026382021839541e-08,8.60981525028808e-09,2.0285806758645504e-10,0.0,2.390714917413842e-21,1.831174790607361e-32,2.4866568343402263e-33
4,lbfgs,1839,1776.0,2736.3999999999996,1.9188311373697297e-08,1.885136367848456e-08,1.1996346854814454e-09,9.774052379164888e-09,7.877676613838226e-09,1.869231476501699e-10,0.0,3.4732167506106964e-21,1.8309204021017842e-32,2.4870095795108352e-33
4,lbfgs,1849,1776.0,2736.3999999999996,1.6925901630507507e-08,1.6679911893888093e-08,6.202461842934116e-10,7.98417160989277e-09,8.075494099701912e-09,9.597207788687639e-11,0.0,1.854865787748142e-21,1.830936622270719e-32,2.486507153616814e-33
4,lbfgs,1859,1776.0,2736.3999999999996,1.6799309252677363e-08,1.6538302661741862e-08,6.077932235093869e-10,7.836507552598504e-09,8.094001885633972e-09,1.1098759198295713e-10,0.0,1.846781476963932e-21,1.8307973228142527e-32,2.486678569547546e-33
4,lbfgs,1869,1776.0,2736.3999999999996,1.6768403216485952e-08,1.6506533349636553e-08,5.985817491178536e-10,7.8253158701985e-09,8.0826357303202e-09,1.1185086886456789e-10,0.0,1.8182728023455704e-21,1.830786869610175e-32,2.4866786656325937e-33
4,lbfgs,1879,1776.0,2736.3999999999996,1.6733215308345064e-08,1.647106060750891e-08,5.854491728748276e-10,7.821356429963315e-09,8.064255004670767e-09,1.1213591498801088e-10,0.0,1.7812601305819534e-21,1.8307728266081152e-32,2.4867293969057234e-33
4,lbfgs,1889,1776.0,2736.3999999999996,1.670348117070782e-08,1.644191556304327e-08,5.791058744412261e-10,7.795383191102396e-09,8.067426497499647e-09,1.1154672626996371e-10,0.0,1.7594321350438186e-21,1.830778459924329e-32,2.4867131213724787e-33
4,lbfgs,1899,1776.0,2736.3999999999996,1.66698673042527e-08,1.6408048351394675e-08,5.751105205407683e-10,7.754407425450634e-09,8.078530405403274e-09,1.117997072037905e-10,0.0,1.7358648019308288e-21,1.8307918428514458e-32,2.4866372808980637e-33
4,lbfgs,1909,1776.0,2736.3999999999996,1.6640508594863912e-08,1.638066059122135e-08,5.636897319026555e-10,7.743370126540704e-09,8.073600732777993e-09,1.0982871976306845e-10,0.0,1.7034621595753447e-21,1.830781541766053e-32,2.4866420881631988e-33
4,lbfgs,1919,1776.0,2736.3999999999996,1.6608832254128025e-08,1.6350797524457665e-08,5.479887467951352e-10,7.738439360236017e-09,8.064369417426512e-09,1.0801569734481467e-10,0.0,1.6613839557115838e-21,1.8307565636923772e-32,2.4867110710189424e-33
4,lbfgs,1929,1776.0,2736.3999999999996,1.657938086725532e-08,1.632124039327982e-08,5.435444239972069e-10,7.712461084461983e-09,8.065234884820632e-09,1.081213442525481e-10,0.0,1.6450325977524528e-21,1.8307699076722078e-32,2.4866905875275358e-33
4,lbfgs,1939,1776.0,2736.3999999999996,1.655286429655531e-08,1.6295243095826395e-08,5.374448729238252e-10,7.692164645073047e-09,8.065633577829525e-09,1.0760194831492201e-10,0.0,1.6235698943695359e-21,1.8307732791300208e-32,2.4866694889442476e-33
4,lbfgs,1949,1776.0,2736.3999999999996,1.6520104929010296e-08,1.6263443054865967e-08,5.31444826557258e-10,7.66431346090951e-09,8.067684767399198e-09,1.0664226598225528e-10,0.0,1.597286366572932e-21,1.830782881694762e-32,2.486601862019867e-33
4,lbfgs,1959,1776.0,2736.3999999999996,1.649406951682787e-08,1.623838658803655e-08,5.22688875290081e-10,7.649951065262228e-09,8.065746647484241e-09,1.0566333595232095e-10,0.0,1.5719217907446187e-21,1.8307752120293309e-32,2.486613379603642e-33
4,lbfgs,1969,1776.0,2736.3999999999996,1.6462754303543244e-08,1.6207195041393336e-08,5.105624186906036e-10,7.63245003191126e-09,8.064182590791472e-09,1.0553993057081793e-10,0.0,1.5394160555644919e-21,1.8307570367664796e-32,2.4866783784798986e-33
4,lbfgs,1979,1776.0,2736.3999999999996,1.6436948880308425e-08,1.6182043519536118e-08,5.055751487592026e-10,7.61307462319633e-09,8.063393747580582e-09,1.0488587267548481e-10,0.0,1.5209629290321865e-21,1.83076577330404e-32,2.4866494390361408e-33
4,lbfgs,1989,1776.0,2736.3999999999996,1.640753646453413e-08,1.6154145831900466e-08,5.026982413237416e-10,7.590281768950387e-09,8.061165821626338e-09,1.0337063522267207e-10,0.0,1.5004697576428043e-21,1.8307892027654599e-32,2.4865479238565047e-33
4,lbfgs,1999,1776.0,2736.3999999999996,1.6381497507290986e-08,1.6129159590438642e-08,4.930317411871737e-10,7.57540829509686e-09,8.060719554154608e-09,1.0231798631598013e-10,0.0,1.4746472071365475e-21,1.8307745985058967e-32,2.486572097734226e-33
4,lbfgs,2009,1776.0,2736.3999999999996,1.6357490804157204e-08,1.610558750944867e-08,4.85819728800852e-10,7.55928002772109e-09,8.06048775292673e-09,1.0188338687485066e-10,0.0,1.4532972607944598e-21,1.8307691488400408e-32,2.486583659505751e-33
4,lbfgs,2019,1776.0,2736.3999999999996,1.6327756766786946e-08,1.6075014697490976e-08,4.75967381199269e-10,7.535984629399877e-09,8.063062686891832e-09,1.0272239784250204e-10,0.0,1.4263063391433736e-21,1.8307561381372985e-32,2.4866406555837483e-33
4,lbfgs,2029,1776.0,2736.3999999999996,1.630407795860822e-08,1.605242174751154e-08,4.708723604739623e-10,7.520523802269779e-09,8.061025584767802e-09,1.0163637039826094e-10,0.0,1.4079407342442202e-21,1.8307615710169458e-32,2.486611221466654e-33
4,lbfgs,2039,1776.0,2736.3999999999996,1.6275866390878782e-08,1.6027070449429565e-08,4.6628222179996e-10,7.506079801971989e-09,8.054708425657615e-09,9.877560194984932e-11,0.0,1.3853104032739375e-21,1.8307772317712447e-32,2.486516753438214e-33
4,lbfgs,2049,1776.0,2736.3999999999996,1.6252184428461764e-08,1.600355134387689e-08,4.5874253063685505e-10,7.488607458197413e-09,8.056201355042619e-09,9.861283652252087e-11,0.0,1.3647010925435265e-21,1.8307674451507178e-32,2.486542998690688e-33
4,lbfgs,2059,1776.0,2736.3999999999996,1.6229829448553125e-08,1.5981362511341547e-08,4.5253599267472893e-10,7.471992700341004e-09,8.056833818325813e-09,9.844670933697105e-11,0.0,1.3460370407056744e-21,1.8307634574014824e-32,2.486553435039661e-33
4,lbfgs,2069,1776.0,2736.3999999999996,1.6201834124050247e-08,1.595208155412851e-08,4.44166074367743e-10,7.446723054265399e-09,8.061192425495366e-09,9.973255194457999e-11,0.0,1.322619746074722e-21,1.8307537923518674e-32,2.4866035409386775e-33
4,lbfgs,2079,1776.0,2736.3999999999996,1.617983743667326e-08,1.593136219327528e-08,4.392484340189812e-10,7.433457337941065e-09,8.058656421315234e-09,9.845505730431729e-11,0.0,1.3052467632709585e-21,1.830757226629035e-32,2.4865755629058713e-33
5,adam,0,2736.3999999999996,4080.959999999999,0.10882851957922662,0.08162138961480953,0.0002777777504471153,0.058807601193638384,0.022536010670724027,0.027207129871603175,0.0,1.4874641585676263e-16,1.9600204898604465e-30,2.499999999999994e-31
5,adam,24,2736.3999999999996,4080.959999999999,0.025775491560829096,0.012274715947520035,9.544357965013652e-05,0.00793500092482669,0.004244271443043209,0.013500775518927519,0.0,1.7593427960692327e-17,2.7879216791421822e-31,4.7508922204565215e-32
5,adam,49,2736.3999999999996,4080.959999999999,0.020310240906456997,0.007373954329943968,2.1984919799920824e-05,0.004744333541082724,0.0026076358690613234,0.01293628647955757,0.0,1.3746814096220518e-18,1.7577206357044671e-31,2.894357583231547e-32
5,adam,74,2736.3999999999996,4080.959999999999,0.017616114415092518,0.005140095169175518,2.2210963748400813e-06,0.003314922692439637,0.0018229513803610406,0.012476019145529087,0.0,2.289359291110002e-19,1.2533913758339861e-31,2.0497271802497538e-32
5,adam,99,2736.3999999999996,4080.959999999999,0.01636434466308404,0.004402664913753593,8.9771048007428e-07,0.002877617611316641,0.0015241495919568783,0.011961679645580132,0.0,1.0394788760776028e-19,1.0102927162934802e-31,1.815036357108802e-32
5,adam,124,2736.3999999999996,4080.959999999999,0.01548393713970366,0.003947000076821035,4.092885324193334e-07,0.0026006772685531723,0.0013459135197354433,0.011536936956448854,0.0,4.387929909173862e-20,8.802496545755036e-32,1.628291438853042e-32
5,adam,149,2736.3999999999996,4080.959999999999,0.014101232449694958,0.0032109761963035385,1.0559902404189127e-06,0.0021118823414856005,0.001098037864577519,0.010890256143997938,0.0,1.8284037164949647e-19,7.659031856111936e-32,1.3577144867952396e-32
5,adam,174,2736.3999999999996,4080.959999999999,0.011700371515393092,0.002023325173367015,2.3288695528277917e-06,0.0012704411743284202,0.000750555129485767,0.009677046228604885,0.0,3.8197435451387712e-19,6.151761810297575e-32,8.922495438575715e-33
5,adam,199,2736.3999999999996,4080.959999999999,0.009762857213672892,0.001448319017847695,3.637304234086036e-07,0.0009474153549854284,0.0005005399324388583,0.008314538079210716,0.0,5.695135380772313e-20,5.149794761530903e-32,7.505876491103031e-33
5,adam,224,2736.3999999999996,4080.959999999999,0.008126743922225097,0.0010307649025151485,1.763648976965581e-07,0.0006864265782465358,0.0003441619593709161,0.0070959788995984645,0.0,4.031135596710706e-20,4.251755093468757e-32,6.357619150284559e-33
5,adam,249,2736.3999999999996,4080.959999999999,0.006908758766869581,0.0008380747848181342,1.9157576371472329e-07,0.0005850706230389276,0.0002528125860154919,0.006070683858675863,0.0,4.491956730299362e-20,3.816260667337531e-32,5.319508191918905e-33
5,adam,274,2736.3999999999996,4080.959999999999,0.005847702260088559,0.0006790918983552855,1.2828313342539026e-07,0.0004638497852122642,0.00021511383000959592,0.0051686102357528406,0.0,3.242174120216443e-20,3.461367590347549e-32,4.845588757654446e-33
5,adam,299,2736.3999999999996,4080.959999999999,0.005303501341843459,0.0007518232677634069,2.0516403251003997e-07,0.0006052851004460132,0.00014633300328488377,0.004551677945628258,0.0,5.04582088273364e-20,3.470965470739508e-32,4.170512153776815e-33
5,adam,324,2736.3999999999996,4080.959999999999,0.004459585349608528,0.0006369826117227108,1.7182231897486002e-07,0.0003481317829692953,0.0002886790064344406,0.0038226026076837298,0.0,5.451853658706728e-20,2.949251433205251e-32,3.625320607458994e-33
5,adam,349,2736.3999999999996,4080.959999999999,0.00377337792526797,0.0004900128713073087,1.4242180791075719e-07,0.00028339322073621284,0.0002064772287631851,0.0032833649220500023,0.0,4.480183831203983e-20,2.8308558371579474e-32,3.779754931070898e-33
5,adam,374,2736.3999999999996,4080.959999999999,0.0032286155833010084,0.00041156657307963077,1.3141247234090588e-07,0.00025294151055346606,0.00015849365005382381,0.002817048876341519,0.0,4.1103077378833916e-20,2.742251962462997e-32,3.634004955507223e-33
5,adam,399,2736.3999999999996,4080.959999999999,0.002772541222756931,0.0003599622066961986,1.38854090192724e-07,0.00021759203768187724,0.00014223131492412862,0.0024125788801824142,0.0,3.8346811756840215e-20,2.601408134553054e-32,3.539395089419818e-33
5,adam,424,2736.3999999999996,4080.959999999999,0.002835373453513329,0.000534159193460183,1.3515603533176766e-07,0.0004059416784961497,0.00012808235892870147,0.0023012141222909423,0.0,3.115643635769726e-20,2.3303201738642272e-32,3.923895464634114e-33
5,adam,449,2736.3999999999996,4080.959999999999,0.002118130893275924,0.0003382908895352474,1.138887718791461e-07,0.00017252877052689898,0.0001656482302364693,0.0017798398647070994,0.0,2.5820971413033387e-20,2.0227960741003585e-32,3.295013859279228e-33
5,adam,474,2736.3999999999996,4080.959999999999,0.0017949940526234712,0.00026298719343217653,1.2424381884139524e-07,0.00013604057618708657,0.0001268223734262486,0.001532006718796129,0.0,3.325159020666134e-20,2.092405349459269e-32,3.130501644625795e-33
5,adam,499,2736.3999999999996,4080.959999999999,0.0015471246272899476,0.00022951051200520924,1.177667954973016e-07,0.00012154759787776956,0.00010784514733194239,0.0013176139734240478,0.0,3.0941917794012e-20,2.0196150482213413e-32,3.1355652385062736e-33
5,adam,524,2736.3999999999996,4080.959999999999,0.0015020212210287976,0.00030555076457470793,1.1438215524138624e-07,0.00012914851257485562,0.00017628786984461093,0.0011964703131074701,0.0,2.593059813508727e-20,2.2730125449146337e-32,1.985382202013515e-33
5,adam,549,2736.3999999999996,4080.959999999999,0.0015781730289308345,0.0006072526451349997,1.6153962137313334e-07,0.0001881240252090161,0.0004189670803046105,0.0009709202391384417,0.0,4.0550642020005115e-20,1.875009371406431e-32,1.2908990270433847e-33
5,adam,574,2736.3999999999996,4080.959999999999,0.0010819923225002354,0.00023041122751377735,1.3496773893395345e-07,0.00011166516533708947,0.00011861109443775392,0.000851580949637796,0.0,3.381777386448466e-20,1.631527452007512e-32,3.183902883157448e-33
5,adam,599,2736.3999999999996,4080.959999999999,0.0008878880029034944,0.00015778655939075608,8.878494248891638e-08,7.364846639321246e-05,8.40493080550547e-05,0.0007301012970229889,0.0,2.6482206727503767e-20,1.84428637415931e-32,2.5002439014109938e-33
5,adam,624,2736.3999999999996,4080.959999999999,0.0007837245401239863,0.00015073309826399607,7.009471349494992e-08,6.089511119105328e-05,8.976789235944785e-05,0.0006329912941660275,0.0,1.6136032412167816e-20,2.151985099538197e-32,2.4408749999164827e-33
5,adam,649,2736.3999999999996,4080.959999999999,0.0006708499312862229,0.0001343217883161588,5.769088084609291e-08,6.38463212268525e-05,7.04177762084602e-05,0.0005365279940547559,0.0,1.1887150362127947e-20,2.0174019741796837e-32,2.610771124206088e-33
5,adam,674,2736.3999999999996,4080.959999999999,0.0007177867885244555,0.00021587700918409305,5.277206567637038e-08,7.549512485950455e-05,0.00014032911225891212,0.0005019096292859811,0.0,9.143972781960027e-21,2.2507321568504108e-32,1.6990204396310896e-33
5,adam,699,2736.3999999999996,4080.959999999999,0.000560921126592341,0.00017794826653915515,4.7035913916610166e-08,0.00010888895291192023,6.90122777133183e-05,0.00038297270905588457,0.0,8.105490579806914e-21,1.8651098784896067e-32,2.2943620862486173e-33
5,adam,724,2736.3999999999996,4080.959999999999,0.0007146995491912832,0.0003548669200350529,4.581447767132026e-08,0.00024181124671596597,0.00011300985884141559,0.00035983247718382574,0.0,1.2310522396251194e-20,1.989810022357227e-32,3.995850063259616e-33
5,adam,749,2736.3999999999996,4080.959999999999,0.0007357216597571357,0.00040818954246690906,1.3265357644245622e-07,0.0001169393849525336,0.000291117503937933,0.0003275319644596439,0.0,1.8510564023214522e-20,1.89349988949151e-32,1.2212528005087136e-33
5,adam,774,2736.3999999999996,4080.959999999999,0.00034862818299251147,9.35656118238183e-05,1.234323784599549e-07,3.508806089546251e-05,5.8354118549895836e-05,0.00025506241761951814,0.0,2.5644686597825787e-20,1.8365248036760754e-32,2.623729128990509e-33
5,adam,799,2736.3999999999996,4080.959999999999,0.0002950212475129887,8.458826374383805e-05,5.4345190612192224e-08,3.951996606463852e-05,4.501395248858732e-05,0.00021043282932794335,0.0,1.4382946931313174e-20,1.9091758790651512e-32,2.2973299862797706e-33
5,adam,824,2736.3999999999996,4080.959999999999,0.0002511166535020261,7.708018078066142e-05,4.176766602031755e-08,3.2049756766783364e-05,4.498865634785774e-05,0.00017403631751857816,0.0,9.799627357700628e-21,1.5510262631510547e-32,2.181273873725002e-33
5,adam,849,2736.3999999999996,4080.959999999999,0.00021901978765692938,7.32787591213567e-05,3.257075956699305e-08,3.0783224968724015e-05,4.2462963393065695e-05,0.00014574087261302063,0.0,7.756478651532798e-21,1.532368970176932e-32,2.158674430038937e-33
5,adam,874,2736.3999999999996,4080.959999999999,0.000191559360636413,6.924244191325695e-05,2.6333994308534237e-08,2.8990488678289354e-05,4.022561924065906e-05,0.00012231676211501408,0.0,6.686892386045787e-21,1.5169215099030684e-32,2.146209290154495e-33
5,adam,899,2736.3999999999996,4080.959999999999,0.00016789818241327487,6.529884971953692e-05,2.2079827184752137e-08,2.7379999570111344e-05,3.789677032224082e-05,0.00010259917542697295,0.0,5.963610482825029e-21,1.506449642485423e-32,2.1353632618176555e-33
5,adam,924,2736.3999999999996,4080.959999999999,0.0001474778513073139,6.152891448829817e-05,1.92701918579002e-08,2.592368171812752e-05,3.558596257831275e-05,8.594877891805653e-05,0.0,5.578069806604348e-21,1.4975416620583118e-32,2.1275401627899612e-33
5,adam,949,2736.3999999999996,4080.959999999999,0.0001298392953813817,5.795390439230992e-05,1.766899872734489e-08,2.4532554879216283e-05,3.340368051436629e-05,7.188523247650504e-05,0.0,5.43221491307355e-21,1.4896193963103286e-32,2.1216677440547885e-33
5,adam,974,2736.3999999999996,4080.959999999999,0.00011461263357091509,5.457534448481277e-05,1.699641953479456e-08,2.3151790355792104e-05,3.140655770948587e-05,6.003712998334222e-05,0.0,5.459936219971e-21,1.484770976425508e-32,2.10584480021858e-33
5,adam,999,2736.3999999999996,4080.959999999999,0.0010822017588356199,0.0008949550486340604,7.512169645936006e-08,0.0007360377362379826,0.0001588421906996185,0.0001872465504420437,0.0,2.5321503809962662e-20,1.6676899759150672e-32,5.864504652013215e-33
5,adam,1024,2736.3999999999996,4080.959999999999,0.00021397699704619327,0.00016278296833599493,6.690578666898025e-08,1.6869786534936425e-05,0.00014584627601438953,5.119386860893627e-05,0.0,1.0767711325276775e-20,1.8270033192196623e-32,1.5474808906368724e-33
5,adam,1049,2736.3999999999996,4080.959999999999,9.941981521595939e-05,5.6686807977891304e-05,2.7140116619172406e-08,3.0202005851350224e-05,2.645766200992191e-05,4.273284654439512e-05,0.0,8.770458713359116e-21,1.8094220425188815e-32,2.038231365176932e-33
5,adam,1074,2736.3999999999996,4080.959999999999,8.139400911359928e-05,4.7929328349986504e-05,2.4442791424516868e-08,1.8578027458859463e-05,2.9326858099702528e-05,3.34645196003134e-05,0.0,8.079033900320548e-21,1.7089617309225757e-32,2.333544516759394e-33
5,adam,1099,2736.3999999999996,4080.959999999999,7.301939671314775e-05,4.5075094013906806e-05,1.859725881716137e-08,1.9918498198077635e-05,2.5137998557012007e-05,2.7944141064860712e-05,0.0,5.7937595994297255e-21,1.720087524793356e-32,2.260971445494535e-33
5,adam,1124,2736.3999999999996,4080.959999999999,6.590290156544125e-05,4.198224403960708e-05,1.965286354387111e-08,1.806672942245981e-05,2.3895861753603396e-05,2.3920495440906242e-05,0.0,5.671497727576794e-21,1.7109921008361507e-32,2.271452461440446e-33
5,adam,1149,2736.3999999999996,4080.959999999999,5.959877341127812e-05,3.9284406088572056e-05,2.1210967971890586e-08,1.708124949775173e-05,2.218194562284843e-05,2.0314204798677002e-05,0.0,6.023311277078419e-21,1.7064652763590762e-32,2.2709692927592825e-33
5,adam,1174,2736.3999999999996,4080.959999999999,5.3979552650202585e-05,3.667928010430309e-05,2.2526270983378318e-08,1.600821818332513e-05,2.0648535649994588e-05,1.7300109596075762e-05,0.0,6.200380902435786e-21,1.7029909541195513e-32,2.265199542707284e-33
5,adam,1199,2736.3999999999996,4080.959999999999,4.89468797708394e-05,3.418756970616559e-05,2.360626157617981e-08,1.4970800256628668e-05,1.9193163187960738e-05,1.4759146701030268e-05,0.0,6.3277980974903924e-21,1.699665884846507e-32,2.261389264636088e-33
5,adam,1224,2736.3999999999996,4080.959999999999,4.418238426441519e-05,3.294116567394538e-05,2.3538644578793404e-08,1.6613510694963184e-05,1.630411633440341e-05,1.1241054827345073e-05,0.0,6.1217110649554946e-21,1.4648905713121838e-32,2.2761310544074188e-33
5,adam,1249,2736.3999999999996,4080.959999999999,7.306090260641942e-05,5.397614247519268e-05,2.737705373508087e-08,2.370388893350531e-05,3.0244876487952286e-05,1.9084596010587657e-05,0.0,7.028790267621123e-21,1.614277171408207e-32,1.7730288063716415e-33
5,adam,1274,2736.3999999999996,4080.959999999999,4.111375397566441e-05,3.126594866304045e-05,2.6566958106537937e-08,1.2115200036831019e-05,1.9124181668102896e-05,9.84764084210978e-06,0.0,6.468169835500178e-21,1.518329171721651e-32,2.002031675834924e-33
5,adam,1299,2736.3999999999996,4080.959999999999,3.414877467858136e-05,2.6875628820748316e-05,2.4893409208039535e-08,1.1023876957373028e-05,1.5826858454167246e-05,7.272981048320301e-06,0.0,5.946589805804756e-21,1.490997300072908e-32,2.0375393707576557e-33
5,adam,1324,2736.3999999999996,4080.959999999999,3.465708350385651e-05,2.850380671721875e-05,3.456173125456798e-08,1.1330347117193945e-05,1.713889786877024e-05,6.153111654346423e-06,0.0,7.57366262939883e-21,1.4825473781887416e-32,1.9382588586172914e-33
5,adam,1349,2736.3999999999996,4080.959999999999,5.201931933807846e-05,4.0560667390308834e-05,4.41034606933483e-08,1.943864682885826e-05,2.1077917100757225e-05,1.1458486502177071e-05,0.0,8.935457269324363e-21,1.5843190738094965e-32,1.839840225560466e-33
5,adam,1374,2736.3999999999996,4080.959999999999,0.00040335423345897153,0.00038880382891137786,5.693691721797482e-07,0.0002735474884721725,0.00011468697126702561,1.4550238719942136e-05,0.0,1.0147319488713276e-19,1.2383082478980768e-32,1.5893555030253573e-33
5,adam,1399,2736.3999999999996,4080.959999999999,0.00015740047377471605,0.00014310099495460325,8.133427448817843e-08,5.952439084694988e-05,8.34952698331652e-05,1.4299312646777176e-05,0.0,1.4539828655793613e-20,1.8636137410363035e-32,1.3250135033773035e-33
5,lbfgs,1400,2736.3999999999996,4080.959999999999,0.0009509623590821087,0.0007195558347250689,8.353257560985249e-08,0.00024325072292369785,0.0004762215792257612,0.00023140635819398432,0.0,1.6924838483868834e-20,2.8418472295743415e-32,1.808648996412887e-33
5,lbfgs,1409,2736.3999999999996,4080.959999999999,3.874512094646111e-05,3.156312602702841e-05,6.434578156729042e-08,2.2109640804056493e-05,9.389139441404628e-06,7.181828739165683e-06,0.0,1.6519580838870146e-20,1.5754941001410264e-32,2.2473129791913412e-33
5,lbfgs,1419,2736.3999999999996,4080.959999999999,2.2833701310507897e-05,2.167498401551918e-05,3.425215882982644e-08,9.61615632147884e-06,1.2024575535210514e-05,1.158551066716836e-06,0.0,7.82701642032152e-21,1.5102576805497028e-32,2.109513973236104e-33
5,lbfgs,1429,2736.3999999999996,4080.959999999999,1.526658501973501e-05,1.3113548401503196e-05,1.176844830911984e-07,5.213117346310023e-06,7.782746572101973e-06,2.1528702780236624e-06,0.0,2.3719763650770233e-20,1.545407379644625e-32,2.180077474513078e-33
5,lbfgs,1439,2736.3999999999996,4080.959999999999,8.505424069661572e-06,7.952490427122349e-06,4.062315874839238e-08,3.1330265809172416e-06,4.778840687456714e-06,5.527669671146424e-07,0.0,6.775827040464498e-21,1.538619199469434e-32,2.2128679007528618e-33
5,lbfgs,1449,2736.3999999999996,4080.959999999999,5.034034216605161e-06,4.933033376317302e-06,2.2969699815087437e-08,2.0114520914899684e-06,2.898611585012246e-06,1.0083393973240701e-07,0.0,5.195977153959467e-21,1.538288373998973e-32,2.157419078997608e-33
5,lbfgs,1459,2736.3999999999996,4080.959999999999,2.671897643782096e-06,2.569304141964396e-06,1.8879116234066637e-08,1.3048888775554753e-06,1.2455361481748539e-06,1.0242631827054825e-07,0.0,3.181933020963675e-21,1.5211061768337757e-32,2.120134848622616e-33
5,lbfgs,1469,2736.3999999999996,4080.959999999999,2.452032712200613e-06,2.3451864734643265e-06,1.7289123072472387e-08,9.66625543508261e-07,1.361271806883593e-06,1.0667911358178153e-07,0.0,2.5043747698912706e-21,1.5355275166388737e-32,2.134948976822377e-33
5,lbfgs,1479,2736.3999999999996,4080.959999999999,2.199434168429509e-06,2.123599423820589e-06,1.7766231009009995e-08,9.277935270331706e-07,1.1780396657784086e-06,7.566754663219741e-08,0.0,3.50881470067986e-21,1.5417479156346745e-32,2.1236384931100408e-33
5,lbfgs,1489,2736.3999999999996,4080.959999999999,1.1608949158221169e-06,1.127367380615556e-06,1.2639685343584249e-08,5.955893062790772e-07,5.191383889928945e-07,3.336018931032121e-08,0.0,2.2695636225572032e-21,1.554124779840187e-32,2.1139879468697884e-33
5,lbfgs,1499,2736.3999999999996,4080.959999999999,7.385218679872095e-07,7.375087601450927e-07,9.903953946709186e-09,3.95280449253149e-07,3.3232435694523453e-07,8.457252353953088e-10,0.0,2.8733280738561056e-21,1.5620945761447283e-32,2.0979964368061278e-33
5,lbfgs,1509,2736.3999999999996,4080.959999999999,6.243098128190586e-07,6.231083949552189e-07,2.266673584121779e-08,2.3815333084463384e-07,3.6228832826936724e-07,1.0340251104957456e-09,0.0,9.707256611379036e-21,1.5643505383579803e-32,2.1019280759321793e-33
5,lbfgs,1519,2736.3999999999996,4080.959999999999,5.379439292004361e-07,5.341191710927601e-07,1.921357644252036e-08,1.847238810700684e-07,3.3018171358017143e-07,3.657346992720437e-09,0.0,5.143278577919374e-21,1.5638823490726695e-32,2.0992602276375146e-33
5,lbfgs,1529,2736.3999999999996,4080.959999999999,4.603585140841927e-07,4.516253998397101e-07,1.4634802539187084e-08,1.6261355401330506e-07,2.74377043287218e-07,8.56572415186716e-09,0.0,1.8594474936633163e-21,1.564382753554557e-32,2.092969646987674e-33
5,lbfgs,1539,2736.3999999999996,4080.959999999999,4.0454770337992004e-07,4.015858122942474e-07,6.150675061086468e-09,1.4655948357387074e-07,2.4887565365929016e-07,2.7945007558144573e-09,0.0,1.4409377264597883e-21,1.562042104052397e-32,2.0980285679512378e-33
5,lbfgs,1549,2736.3999999999996,4080.959999999999,3.1549637374183147e-07,3.1401440420294595e-07,9.630294817774843e-09,1.4230876897669446e-07,1.6207534040847668e-07,1.3145670381736135e-09,0.0,3.2166291162120643e-21,1.5654932415667537e-32,2.1078817503608888e-33
5,lbfgs,1559,2736.3999999999996,4080.959999999999,2.934136780550865e-07,2.925892687795246e-07,6.284795957432274e-09,1.3003230985669645e-07,1.5627216296539594e-07,6.570131652816889e-10,0.0,1.8108570967232228e-21,1.5657776692957374e-32,2.10816938938629e-33
5,lbfgs,1569,2736.3999999999996,4080.959999999999,2.537444434192158e-07,2.5170506349210127e-07,5.428557256043188e-09,9.167158981503991e-08,1.546049164210182e-07,1.871985850091756e-09,0.0,2.143954627449523e-21,1.564820229810085e-32,2.1082121121819807e-33
5,lbfgs,1579,2736.3999999999996,4080.959999999999,2.438560864001737e-07,2.4161611555568776e-07,5.989184154946898e-09,9.191521917788143e-08,1.4371171222285942e-07,2.0725795173333672e-09,0.0,2.483239923458205e-21,1.56379145323834e-32,2.1073792633366538e-33
5,lbfgs,1589,2736.3999999999996,4080.959999999999,2.2457584555186272e-07,2.2270924677388766e-07,6.280633234613841e-09,7.447579088191786e-08,1.4195282265735595e-07,1.699187460907609e-09,0.0,2.045412408320173e-21,1.5642082090383266e-32,2.1057669737461855e-33
5,lbfgs,1599,2736.3999999999996,4080.959999999999,1.9688387254371166e-07,1.9520625493590441e-07,5.703227210322443e-09,5.5076615888688853e-08,1.3442641183689311e-07,1.5102230743825305e-09,0.0,2.5096742009437703e-21,1.5615953508930798e-32,2.106217162066147e-33
5,lbfgs,1609,2736.3999999999996,4080.959999999999,1.7233326595861937e-07,1.687804355288294e-07,4.96751107830512e-09,5.557800402863485e-08,1.0823492042188943e-07,3.3854327140411415e-09,0.0,1.778262395385938e-21,1.5592874963750736e-32,2.1013209092685856e-33
5,lbfgs,1619,2736.3999999999996,4080.959999999999,1.523306413317028e-07,1.5036163377332046e-07,1.8109679580693654e-09,5.633740052154917e-08,9.221326529370193e-08,1.8016045438930205e-09,0.0,5.575870377361099e-22,1.5594679653097557e-32,2.1039993667645543e-33
5,lbfgs,1629,2736.3999999999996,4080.959999999999,1.467136023883218e-07,1.45123273087997e-07,1.8383755222051654e-09,4.9622459339877056e-08,9.366243822591476e-08,1.4229209821169857e-09,0.0,6.728161270645087e-22,1.5603208087162374e-32,2.1044534917822303e-33
5,lbfgs,1639,2736.3999999999996,4080.959999999999,1.4452467183119913e-07,1.429788147614283e-07,1.933567761550425e-09,4.9766906515345686e-08,9.127834048453218e-08,1.37844658392286e-09,0.0,6.668617392237064e-22,1.560801588090014e-32,2.1045553248285565e-33
5,lbfgs,1649,2736.3999999999996,4080.959999999999,1.347002684623463e-07,1.33406214766577e-07,3.16442533882682e-09,5.71539385182538e-08,7.308785090949637e-08,1.126630689744096e-09,0.0,8.837409892655621e-22,1.5591904454115316e-32,2.1031012594342962e-33
5,lbfgs,1659,2736.3999999999996,4080.959999999999,1.0928720345362685e-07,1.0552848484208146e-07,1.286334790610956e-09,4.907733092358146e-08,5.516481912788905e-08,3.5912670506575445e-09,0.0,4.992676100232277e-22,1.5624757483669283e-32,2.100366557878322e-33
5,lbfgs,1669,2736.3999999999996,4080.959999999999,9.863803535996368e-08,9.499768116521876e-08,1.5123672637621086e-09,4.8132717371461975e-08,4.5352596529994675e-08,3.472896610213934e-09,0.0,6.749098808355332e-22,1.5600694102859918e-32,2.103822030377074e-33
5,lbfgs,1679,2736.3999999999996,4080.959999999999,9.519855897539899e-08,9.310049602169278e-08,1.100272657751665e-09,4.5571790284547244e-08,4.642843307939387e-08,1.930601484190943e-09,0.0,4.259197218620033e-22,1.5611264940646423e-32,2.1032979851565918e-33
5,lbfgs,1689,2736.3999999999996,4080.959999999999,8.947524703786468e-08,8.627119476491467e-08,8.749037676635332e-10,4.186201647120283e-08,4.3534274526048316e-08,3.036585120027129e-09,0.0,3.6075034117973546e-22,1.5622542302772413e-32,2.1011561130555263e-33
5,lbfgs,1699,2736.3999999999996,4080.959999999999,8.159421917251828e-08,8.010273755167956e-08,1.5605926212845486e-09,4.140098796804474e-08,3.7141156962350274e-08,1.3240027802160937e-09,0.0,5.115658786136039e-22,1.562484371228967e-32,2.1051003313457884e-33
5,lbfgs,1709,2736.3999999999996,4080.959999999999,7.313936263525829e-08,7.16171827319822e-08,1.5509021879976593e-09,3.6044010572317556e-08,3.402226997166699e-08,1.354686091515728e-09,0.0,5.543031145160756e-22,1.561809678798331e-32,2.1020817255021374e-33
5,lbfgs,1719,2736.3999999999996,4080.959999999999,6.494963673533016e-08,6.441962809950591e-08,1.0879579262459977e-09,3.3608868428156385e-08,2.9722801745103527e-08,3.6250636482448185e-10,0.0,4.3537258893920745e-22,1.563231189938848e-32,2.10102078271122e-33
5,lbfgs,1729,2736.3999999999996,4080.959999999999,6.293689108151999e-08,6.256598964721101e-08,8.296318983069802e-10,3.0386909195721144e-08,3.134944855318288e-08,2.0339284328644603e-10,0.0,3.4439866632111227e-22,1.5632493106619544e-32,2.1009472817364842e-33
5,lbfgs,1739,2736.3999999999996,4080.959999999999,6.153200065830662e-08,6.112470452509605e-08,8.365693061873925e-10,3.002044196997825e-08,3.026769324893041e-08,2.397795395265751e-10,0.0,3.510388459701342e-22,1.56325733486804e-32,2.1008963758310236e-33
5,lbfgs,1749,2736.3999999999996,4080.959999999999,5.797246838490266e-08,5.758843040059745e-08,1.0634020388150889e-09,2.7110411242070437e-08,2.941461711971192e-08,2.165126865593979e-10,0.0,4.543442019855755e-22,1.5634929173328542e-32,2.101349118338828e-33
5,lbfgs,1759,2736.3999999999996,4080.959999999999,5.684610837025953e-08,5.6262832683569364e-08,9.717818436774742e-10,2.5061045027845407e-08,3.023000581204648e-08,4.1575204496349326e-10,0.0,3.834411740743463e-22,1.563233085191006e-32,2.100035796678558e-33
5,lbfgs,1769,2736.3999999999996,4080.959999999999,5.458463349641774e-08,5.393908015949922e-08,9.39979160667311e-10,2.2151029165386323e-08,3.0848071833445585e-08,4.780311026507466e-10,0.0,3.228270048155017e-22,1.5633985108246948e-32,2.1002679390203582e-33
5,lbfgs,1779,2736.3999999999996,4080.959999999999,5.3459733545773994e-08,5.299466847813777e-08,8.260697036235861e-10,2.0874399652570875e-08,3.1294199121943306e-08,2.9753754484461605e-10,0.0,3.6588969982263534e-22,1.5636124902418074e-32,2.0992175316672562e-33
5,lbfgs,1789,2736.3999999999996,4080.959999999999,5.3065681925298554e-08,5.254953292976554e-08,7.861922474211797e-10,2.0247939155662412e-08,3.151540152668195e-08,3.4862054801122537e-10,0.0,3.3204087373062303e-22,1.5632006062484406e-32,2.099206918405755e-33
5,lbfgs,1799,2736.3999999999996,4080.959999999999,5.2792912289640236e-08,5.2302576360196015e-08,7.536068180561157e-10,2.028060784815142e-08,3.126836169398848e-08,3.228056334316225e-10,0.0,3.2577588690925956e-22,1.5631338081716166e-32,2.0991719267315363e-33
5,lbfgs,1809,2736.3999999999996,4080.959999999999,5.2588994798850934e-08,5.2091768408680843e-08,7.113639286679571e-10,2.0094324892307595e-08,3.128607958770529e-08,3.2969473470429356e-10,0.0,3.108821444917207e-22,1.5631143882872499e-32,2.099280988823772e-33
5,lbfgs,1819,2736.3999999999996,4080.959999999999,5.2391765305140176e-08,5.1865711232644276e-08,6.72777909105664e-10,1.988474841933029e-08,3.1308184904208324e-08,3.585216217023928e-10,0.0,2.949854198864833e-22,1.563116298780751e-32,2.0993826305868935e-33
5,lbfgs,1829,2736.3999999999996,4080.959999999999,5.225174536232295e-08,5.174004003295412e-08,6.53341066362506e-10,1.9776978780314212e-08,3.13097201862774e-08,3.4417256937980684e-10,0.0,2.8694794843161674e-22,1.5630948088333652e-32,2.0993736655571708e-33
5,lbfgs,1839,2736.3999999999996,4080.959999999999,5.209049375172876e-08,5.1602236130576485e-08,6.366333824547266e-10,1.9647990154652842e-08,3.1317612593468915e-08,3.2072448355237745e-10,0.0,2.7968949601532093e-22,1.5630613478313533e-32,2.0992949721910764e-33
5,lbfgs,1849,2736.3999999999996,4080.959999999999,5.196808900471668e-08,5.146263272907916e-08,6.177848021800751e-10,1.9513461316781417e-08,3.133138661011767e-08,3.3792291850884977e-10,0.0,2.717189010875696e-22,1.5630734080152183e-32,2.0993083124785513e-33
5,lbfgs,1859,2736.3999999999996,4080.959999999999,5.182867950733927e-08,5.129036383546538e-08,5.972060801591176e-10,1.935292807986878e-08,3.1340229675437484e-08,3.707821672777229e-10,0.0,2.619225430144168e-22,1.5631051765939245e-32,2.0993902604878695e-33
5,lbfgs,1869,2736.3999999999996,4080.959999999999,5.171833405988276e-08,5.119761122172915e-08,5.881110372156121e-10,1.927324068483389e-08,3.133625949967965e-08,3.5318907927318533e-10,0.0,2.5813216911193113e-22,1.5630911328036785e-32,2.0993285906889388e-33
5,lbfgs,1879,2736.3999999999996,4080.959999999999,5.159778953248405e-08,5.110178280971351e-08,5.837699653602983e-10,1.9171344341802438e-08,3.134666850255077e-08,3.2847245313922416e-10,0.0,2.56174611155173e-22,1.563054927521197e-32,2.0991514379126e-33
5,lbfgs,1889,2736.3999999999996,4080.959999999999,5.149557775338156e-08,5.0981831852482647e-08,5.721241818772615e-10,1.9061546499705022e-08,3.1348161170900364e-08,3.4621156945852923e-10,0.0,2.508674481578662e-22,1.5630746453737428e-32,2.0991991847819537e-33
5,lbfgs,1899,2736.3999999999996,4080.959999999999,5.1404582005775714e-08,5.088469735711084e-08,5.651125148550384e-10,1.8974978955324686e-08,3.1344605886931114e-08,3.52350189615911e-10,0.0,2.4731762486988733e-22,1.5630830571857003e-32,2.0992113791862197e-33
5,lbfgs,1909,2736.3999999999996,4080.959999999999,5.1294958493531896e-08,5.076514047763258e-08,5.58035636942494e-10,1.8878945825101268e-08,3.1328159015588816e-08,3.622835014630706e-10,0.0,2.430001637806565e-22,1.5631043150760444e-32,2.099285582500735e-33
5,lbfgs,1919,2736.3999999999996,4080.959999999999,5.121113431343499e-08,5.068466276100351e-08,5.548014359587045e-10,1.8802363977382724e-08,3.132749734766208e-08,3.5893677389266237e-10,0.0,2.4145874571343173e-22,1.563097798270624e-32,2.0992278342108346e-33
5,lbfgs,1929,2736.3999999999996,4080.959999999999,5.1112943102104357e-08,5.058934033433949e-08,5.520988450873444e-10,1.8692093997179906e-08,3.1345147492072234e-08,3.560674856924599e-10,0.0,2.404872851400764e-22,1.563075529916001e-32,2.0990739196237153e-33
5,lbfgs,1939,2736.3999999999996,4080.959999999999,5.1034011712774155e-08,5.0504693039854276e-08,5.492177735713177e-10,1.862445319226568e-08,3.133102207401728e-08,3.617833654998603e-10,0.0,2.3845660487150076e-22,1.5630889033101026e-32,2.0991192755676642e-33
5,lbfgs,1949,2736.3999999999996,4080.959999999999,5.09472712592398e-08,5.040798679978017e-08,5.497157861491732e-10,1.856532800306512e-08,3.1292943010565875e-08,3.7174936908329437e-10,0.0,2.364035214190309e-22,1.563125417477206e-32,2.099291183551736e-33
5,lbfgs,1959,2736.3999999999996,4080.959999999999,5.08704849269867e-08,5.0335748169132304e-08,5.479963096889842e-10,1.8494478396810293e-08,3.129327346263303e-08,3.6720129260492507e-10,0.0,2.3593935953767417e-22,1.5631126787072985e-32,2.099193698809651e-33
5,lbfgs,1969,2736.3999999999996,4080.959999999999,5.080149894084186e-08,5.026590515179976e-08,5.472449461941048e-10,1.8427612095719484e-08,3.1291048109886174e-08,3.6805808525727754e-10,0.0,2.3541818074566087e-22,1.563108751912362e-32,2.0991463669539963e-33
5,lbfgs,1979,2736.3999999999996,4080.959999999999,5.0718570780487486e-08,5.017896991837633e-08,5.451979545358431e-10,1.8327455306410968e-08,3.130631665742952e-08,3.7206471298251964e-10,0.0,2.34799679090833e-22,1.5630920519133907e-32,2.0990210439897416e-33
5,lbfgs,1989,2736.3999999999996,4080.959999999999,5.065250929081092e-08,5.011125008820763e-08,5.462856492172177e-10,1.8278794250719408e-08,3.1286170188271e-08,3.7372302485918016e-10,0.0,2.3442551215842613e-22,1.5631028353648835e-32,2.0990592481860454e-33
5,lbfgs,1999,2736.3999999999996,4080.959999999999,5.0577083233177225e-08,5.0035085583473214e-08,5.527679843215684e-10,1.8242973913765043e-08,3.12393436853866e-08,3.744616441986063e-10,0.0,2.3507050251240514e-22,1.5631331386912962e-32,2.099200228798069e-33
5,lbfgs,2009,2736.3999999999996,4080.959999999999,5.051210877109493e-08,4.9969255207338195e-08,5.514669092564355e-10,1.817761052410289e-08,3.1240177773978864e-08,3.753172341194229e-10,0.0,2.347303209580148e-22,1.5631237468046976e-32,2.0991216356722062e-33
5,lbfgs,2019,2736.3999999999996,4080.959999999999,5.0452315184464736e-08,4.99073492899976e-08,5.51568620239738e-10,1.8120254297203444e-08,3.1235526372554416e-08,3.774293542777643e-10,0.0,2.3460496649170687e-22,1.5631209670136636e-32,2.0990840360389873e-33
5,lbfgs,2029,2736.3999999999996,4080.959999999999,5.0379176578103e-08,4.982821934442779e-08,5.491542528690859e-10,1.8032812841914644e-08,3.124625224964406e-08,3.834203031073708e-10,0.0,2.3390748937294514e-22,1.563107115590802e-32,2.0989829346994388e-33
5,lbfgs,2039,2736.3999999999996,4080.959999999999,5.03211284706086e-08,4.9769997475857555e-08,5.520924103955491e-10,1.7994336333477725e-08,3.1223568731984284e-08,3.835940290540169e-10,0.0,2.3437330091188414e-22,1.5631165706119776e-32,2.099014539830173e-33
5,lbfgs,2049,2736.3999999999996,4080.959999999999,5.025312534248192e-08,4.970458526829052e-08,5.617136921727713e-10,1.7968707203708985e-08,3.117416437240876e-08,3.810032429875029e-10,0.0,2.365026568093428e-22,1.5631433349420398e-32,2.0991305739818334e-33
5,lbfgs,2059,2736.3999999999996,4080.959999999999,5.019552714858214e-08,4.964434809896329e-08,5.601013459542273e-10,1.791085580664332e-08,3.117339094636574e-08,3.836419384500319e-10,0.0,2.3604571021014187e-22,1.5631356272910243e-32,2.0990677101486773e-33
5,lbfgs,2069,2736.3999999999996,4080.959999999999,5.014165313556503e-08,4.958808779161367e-08,5.602488265355745e-10,1.7861402380374673e-08,3.1166436584703425e-08,3.8602804522404516e-10,0.0,2.3599600270966592e-22,1.5631334682793756e-32,2.0990377730281634e-33
5,lbfgs,2079,2736.3999999999996,4080.959999999999,5.007488552041589e-08,4.951507323056531e-08,5.570350568850094e-10,1.778535578911578e-08,3.117268238456452e-08,3.922746431293945e-10,0.0,2.350389634564512e-22,1.5631214553612073e-32,2.098955150726686e-33
5,lbfgs,2089,2736.3999999999996,4080.959999999999,5.002205737218173e-08,4.9462648146732065e-08,5.607042440395343e-10,1.7753121657006137e-08,3.114882224568639e-08,3.91871540041289e-10,0.0,2.3588694676987555e-22,1.563130030930626e-32,2.0989819293296226e-33
5,lbfgs,2099,2736.3999999999996,4080.959999999999,4.9958953204200955e-08,4.940328248487975e-08,5.717161129514876e-10,1.7732462516595844e-08,3.109910385533242e-08,3.881331436293924e-10,0.0,2.3875245974903037e-22,1.5631542768769196e-32,2.0990792577186583e-33
6,adam,0,4080.959999999999,5963.343999999998,0.10882791344156674,0.08162093501217613,0.0002777776729249595,0.05880714666852715,0.022536010670724027,0.027206978337392034,0.0,1.0106348452074424e-17,1.960005340823363e-30,2.499999999999994e-31
6,adam,24,4080.959999999999,5963.343999999998,0.027133107713298656,0.013021729052076865,0.00024823517077249225,0.00905228370601833,0.0037212101752860413,0.014111378567149495,0.0,1.4854228963855565e-18,3.109773883583084e-31,4.159038735260507e-32
6,adam,49,4080.959999999999,5963.343999999998,0.021643769084756584,0.008345595090644123,3.094016176748388e-06,0.005638419266235341,0.0027040818082320335,0.013298173897900735,0.0,2.5691066972696883e-20,2.0301780476562054e-31,2.924359789252201e-32
6,adam,74,4080.959999999999,5963.343999999998,0.01825965065099025,0.005408204965320088,2.906909209500015e-06,0.0035299973380774246,0.0018753007180331634,0.012851445585544711,0.0,2.4057589138395813e-20,1.3162304793369663e-31,1.9975143248539312e-32
6,adam,99,4080.959999999999,5963.343999999998,0.016661373471848203,0.004278309234557335,2.391102204361731e-06,0.0028266747164309635,0.0014492434159220097,0.012383064133078757,0.0,2.2870973072328927e-20,9.885848378240062e-32,1.6403033022816064e-32
6,adam,124,4080.959999999999,5963.343999999998,0.01589220839492133,0.003849007551749527,7.247452154938451e-07,0.0025935105168904517,0.001254772289643581,0.012043200736250393,0.0,5.0956526304590134e-21,8.395961166439304e-32,1.469202194369736e-32
6,adam,149,4080.959999999999,5963.343999999998,0.015467819697587044,0.003663273397890032,4.001234751124859e-07,0.0024952517731741722,0.0011676215012407475,0.011804546190990068,0.0,2.752122713213694e-21,7.521738959084159e-32,1.3732433463902126e-32
6,adam,174,4080.959999999999,5963.343999999998,0.015176110381644042,0.0035687643373688424,2.164437241632071e-07,0.002451857795663731,0.001116690097980948,0.011607345934234431,0.0,1.875029456485388e-21,6.946453001967046e-32,1.3203535461413357e-32
6,adam,199,4080.959999999999,5963.343999999998,0.014902575976681726,0.0034611820282365365,2.8165611016373276e-07,0.0023787105883134253,0.0010821897838129476,0.011441393837252208,0.0,2.8488386262840735e-21,6.545020667922133e-32,1.2886015931397047e-32
6,adam,224,4080.959999999999,5963.343999999998,0.01446310721551965,0.003182929964877133,2.529561270890595e-07,0.0021708059414417744,0.00101187106730827,0.011280177138049527,0.0,2.858169146973281e-21,6.062124825151131e-32,1.2300582677211723e-32
6,adam,249,4080.959999999999,5963.343999999998,0.01352346666527264,0.002588911931904695,7.546529827679598e-07,0.0016690237126027914,0.0009191335663191354,0.010934554618359337,0.0,7.404539090599096e-21,5.639145050692206e-32,1.1551550769452203e-32
6,adam,274,4080.959999999999,5963.343999999998,0.011863727989243521,0.00169661194513698,3.576088281564944e-07,0.0009797566095905783,0.000716497726718245,0.010167115925659694,0.0,2.4253050646883724e-21,4.75421145836429e-32,7.637175936549934e-33
6,adam,299,4080.959999999999,5963.343999999998,0.010374457918019924,0.0012935468056319479,3.5410491134183566e-07,0.0007674481294142724,0.0005257445713063337,0.009080910990915325,0.0,4.166198473374223e-21,4.2263562446347426e-32,6.734504465127447e-33
6,adam,324,4080.959999999999,5963.343999999998,0.009132713708265894,0.0010591238792968995,3.757209175740216e-07,0.0006403048729720305,0.0004184432854072949,0.008073589704090193,0.0,4.152771118686572e-21,3.808485639540491e-32,6.247068081816154e-33
6,adam,349,4080.959999999999,5963.343999999998,0.008077140149588439,0.0008927166859229118,2.8121784904314125e-07,0.0005567197999897148,0.00033571566808415386,0.007184423335278149,0.0,2.904175160257994e-21,3.5226697582109373e-32,5.5842452663673506e-33
6,adam,374,4080.959999999999,5963.343999999998,0.007179146820169572,0.0007809520938442114,2.237645695705627e-07,0.0005125517935547962,0.00026817653571984464,0.006398194594586547,0.0,2.2480467174222812e-21,3.2402881079221207e-32,5.4175956099600946e-33
6,adam,399,4080.959999999999,5963.343999999998,0.00640538814620924,0.0006905591352131756,1.1555362954533323e-07,0.00045095821171679655,0.00023948536986683375,0.005714828876694211,0.0,9.563476182557663e-22,3.0373259791548667e-32,4.606305908543616e-33
6,adam,424,4080.959999999999,5963.343999999998,0.005672586296096019,0.0005644576537830769,1.3355221103573338e-07,0.00036051996813299663,0.00020380413343904457,0.005108128505672834,0.0,2.6784792800220094e-21,2.644683701209297e-32,4.0922988000770754e-33
6,adam,449,4080.959999999999,5963.343999999998,0.005073638377044118,0.0005064230902453476,1.1957003872014395e-07,0.00032489696407287153,0.000181406556133756,0.0045672151477913975,0.0,2.459376933252027e-21,2.541718482372161e-32,3.8338570688004536e-33
6,adam,474,4080.959999999999,5963.343999999998,0.004758281341838619,0.0005539302346602848,8.175811815952537e-08,0.00034783056568248884,0.0002060179108596364,0.0042043509658491575,0.0,1.4816413524404662e-21,2.7527224580443404e-32,2.705517091929898e-33
6,adam,499,4080.959999999999,5963.343999999998,0.004169183486261039,0.0004895735105734161,5.4881685839839464e-08,0.0002810785207042263,0.00020844010818335003,0.003679609832486294,0.0,1.1366414796973991e-21,2.4060333805845105e-32,2.7033718092974376e-33
6,adam,524,4080.959999999999,5963.343999999998,0.0036908768534900777,0.00040227798827382696,4.9293283574996826e-08,0.00024129269008713104,0.0001609360049031209,0.0032885987202975306,0.0,1.4150729848480871e-21,2.227638954107939e-32,3.0475303474743883e-33
6,adam,549,4080.959999999999,5963.343999999998,0.003308459603242439,0.00035867077568923903,4.8811327025604894e-08,0.00022148869554938297,0.00013713326881283048,0.002949788680783893,0.0,1.0263192082326262e-21,2.1550070044386899e-32,3.102499595116365e-33
6,adam,574,4080.959999999999,5963.343999999998,0.002974926613361285,0.00032768704945978827,4.2521904297254173e-08,0.0001979882703615246,0.0001296562571939664,0.0026472394152691372,0.0,6.648805960899128e-22,2.0930340430299687e-32,2.957872605024851e-33
6,adam,599,4080.959999999999,5963.343999999998,0.0028109637566916187,0.0004245161868119948,6.0616258857343e-08,0.0002764265422711133,0.0001480290282820242,0.002386447419544881,0.0,1.3398420620389533e-21,1.8225014932268207e-32,2.9947940417095913e-33
6,adam,624,4080.959999999999,5963.343999999998,0.0024993610761412377,0.00034468401031267904,2.8629901847843998e-08,0.00019356866243108828,0.0001510867179797429,0.002154676914242239,0.0,4.784165833369864e-22,2.2907575508640157e-32,2.9532168121140175e-33
6,adam,649,4080.959999999999,5963.343999999998,0.002223315782800958,0.0002892687206502576,9.567975893437458e-08,0.00017648758639749178,0.00011268545449383144,0.0019340469089480334,0.0,1.319342897094302e-21,2.2792641183886173e-32,2.9474053604594153e-33
6,adam,674,4080.959999999999,5963.343999999998,0.001991450090837153,0.00025684772039207644,1.0301735215276779e-07,0.00015436368763307093,0.00010238101540685272,0.001734602215541541,0.0,1.0172652275459227e-21,2.215862617158913e-32,2.8705213935078593e-33
6,adam,699,4080.959999999999,5963.343999999998,0.0017835844962876075,0.00022921899704561583,9.520738414412361e-08,0.00013433816489553184,9.478562476593988e-05,0.0015543653426453453,0.0,7.740689798217335e-22,2.1511386973710995e-32,2.6786957188038335e-33
6,adam,724,4080.959999999999,5963.343999999998,0.007744250940455209,0.00482870674603405,3.075686783851352e-07,0.003786392355980814,0.001042006821374851,0.0029155440323339298,0.0,2.956120774466834e-21,3.3002155884961075e-32,4.6774174067940034e-33
6,adam,749,4080.959999999999,5963.343999999998,0.009236212762126784,0.006471198324955978,2.3869189068554236e-07,0.004181188884114537,0.0022897707489507543,0.0027650142694918417,0.0,6.720337125138856e-21,2.018747753619918e-32,2.4799012006451892e-33
6,adam,774,4080.959999999999,5963.343999999998,0.008268771805994696,0.005646322718235335,2.942245623682135e-08,0.0037678081392923204,0.0018784851564867778,0.002622448919958557,0.0,8.015700240228124e-22,1.9273421818859054e-32,2.3354299230860013e-33
6,adam,799,4080.959999999999,5963.343999999998,0.007166271356430323,0.004660850144570664,1.117005442706342e-07,0.0033377566649839944,0.0013229817790423987,0.002505421044332945,0.0,3.458516780687501e-21,1.8874894989635366e-32,2.2019571295454413e-33
6,adam,824,4080.959999999999,5963.343999999998,0.006285298242038631,0.0039026306940629484,5.191122734125218e-08,0.0028301409486260324,0.0010724378342095743,0.0023826673804932196,0.0,1.5158906774066612e-21,2.005717829539189e-32,2.0869311572940064e-33
6,adam,849,4080.959999999999,5963.343999999998,0.005562855915438534,0.0032837300254913372,2.497571754601484e-08,0.002432484388924148,0.000851220660849643,0.002279125722400246,0.0,5.627740781486691e-22,2.0783296923534464e-32,2.144142783183369e-33
6,adam,874,4080.959999999999,5963.343999999998,0.0049784099487125266,0.0027874806264219353,1.6062731479705747e-08,0.0020928753308501287,0.0006945892328403271,0.002190929154633169,0.0,3.109557251219231e-22,2.181463275338155e-32,2.191469927927781e-33
6,adam,899,4080.959999999999,5963.343999999998,0.004505980967969835,0.002391655510081717,3.08025614432427e-08,0.0018225750079836835,0.00056904969953659,0.0021143252900877292,0.0,8.007989862219113e-22,2.3088225335791992e-32,2.2141284795732466e-33
6,adam,924,4080.959999999999,5963.343999999998,0.004125726298202311,0.0020809989348419032,7.05249257319221e-08,0.0016176778517761662,0.00046325055814000493,0.002044727195363954,0.0,2.147313202648188e-21,2.430977348062897e-32,2.2400665211461237e-33
6,adam,949,4080.959999999999,5963.343999999998,0.003837597761946256,0.0018606580154434701,6.58849760749788e-08,0.001466674038970609,0.00039391809149678643,0.0019769395782364605,0.0,1.9424167347397858e-21,2.506144931933649e-32,2.3331357662582543e-33
6,adam,974,4080.959999999999,5963.343999999998,0.0036188690600076115,0.0017052462990683026,4.967478540543333e-08,0.0013552168719516812,0.00034997975233121587,0.0019136225923668667,0.0,1.3389257837985532e-21,2.559763867943325e-32,2.4384270582904728e-33
6,adam,999,4080.959999999999,5963.343999999998,0.003442851025248963,0.0015841953510443354,4.5456891275660536e-08,0.0012696239105980753,0.0003145259835549844,0.0018586555053075942,0.0,1.162435655263173e-21,2.6010918079971376e-32,2.4969007624519317e-33
6,adam,1024,4080.959999999999,5963.343999999998,0.0032471855113278274,0.0014377039607369852,4.771107582912671e-08,0.001159608340819131,0.0002780479088420251,0.0018094813813001103,0.0,1.2730043781742495e-21,2.3710441349602343e-32,2.3542363461208353e-33
6,adam,1049,4080.959999999999,5963.343999999998,0.003111114048851331,0.0013530412419356702,4.2223764524277924e-08,0.0010968498546393448,0.0002561491635318011,0.0017580726371673114,0.0,1.095537130881354e-21,2.3612623276342978e-32,2.3938952787132318e-33
6,adam,1074,4080.959999999999,5963.343999999998,0.0029789570366542018,0.0012692680488045405,3.8029939859481295e-08,0.001033975107458347,0.00023525491140633398,0.0017096888176011023,0.0,9.895505343093944e-22,2.3187233372651078e-32,2.3928429147257136e-33
6,adam,1099,4080.959999999999,5963.343999999998,0.00283778919636771,0.0011733151522924866,3.5083278980875085e-08,0.00096009791445289,0.00021318215456061574,0.0016644738732688189,0.0,9.180633638579723e-22,2.232314036774948e-32,2.355520994015594e-33
6,adam,1124,4080.959999999999,5963.343999999998,0.0026729659544288105,0.0010498530842046154,3.1786517388659937e-08,0.0008620242933466862,0.00018779700434054053,0.0016231126987808115,0.0,8.48028843679906e-22,2.1030209168677327e-32,2.3135493510835132e-33
6,adam,1149,4080.959999999999,5963.343999999998,0.002477280779467317,0.0008928171098709166,2.66258492465755e-08,0.0007260379986985624,0.00016675248532310754,0.0015844634974125143,0.0,7.14296901755123e-22,1.9642835326213312e-32,2.2905219564233103e-33
6,adam,1174,4080.959999999999,5963.343999999998,0.0022782113762579697,0.0007338350980772871,2.2114013667695723e-08,0.0005688918073017038,0.00016492117676191576,0.0015443761051857402,0.0,5.494698602959183e-22,1.865777604052017e-32,2.2795816736286784e-33
6,adam,1199,4080.959999999999,5963.343999999998,0.002116936858891145,0.0006178319052004774,1.802641962153624e-08,0.00044503217034872063,0.00017278170843213522,0.001499104779951073,0.0,3.9728911230508035e-22,1.8310567885657964e-32,2.3251484716392234e-33
6,adam,1224,4080.959999999999,5963.343999999998,0.0020367823253796325,0.0005874705634515917,1.760029873542278e-08,0.0004066554955786565,0.00018079746757419972,0.001449311587612795,0.0,3.2867042351814887e-22,2.1646860405621766e-32,2.6708680895717296e-33
6,adam,1249,4080.959999999999,5963.343999999998,0.0019531487032665626,0.0005535897337244991,1.9382377418320995e-07,0.0003775568117048375,0.00017583909824547844,0.0013995587947474187,0.0,2.2985394299908124e-21,2.180849196240028e-32,2.7634384514430973e-33
6,adam,1274,4080.959999999999,5963.343999999998,0.001880867422733358,0.0005304299250788412,2.999711522619569e-08,0.00035971241546135763,0.00017068751250225747,0.0013504373224131852,0.0,3.4001182266602104e-22,2.1881499746341566e-32,2.843652286629659e-33
6,adam,1299,4080.959999999999,5963.343999999998,0.001814416396557378,0.0005119219259650768,9.207814438805455e-09,0.0003446411726275948,0.0001672715455230431,0.0013024942949038793,0.0,1.84375337439412e-22,2.187186061852099e-32,2.8926939054374416e-33
6,adam,1324,4080.959999999999,5963.343999999998,0.0017504161471235606,0.0004945089442009007,1.0613313800564365e-08,0.00032955157394045883,0.00016494675694664132,0.0012559070267805078,0.0,2.0191471370860563e-22,2.1786295942135708e-32,2.9252309398900855e-33
6,adam,1349,4080.959999999999,5963.343999999998,0.0016874252168906883,0.0004768070191302924,2.6544413008162352e-08,0.00031330089421948863,0.00016347958049779565,0.0012106180211528018,0.0,2.304478267996559e-22,2.1652531239943408e-32,2.9482039431235873e-33
6,adam,1374,4080.959999999999,5963.343999999998,0.0016250230909287161,0.00045855833204890646,2.6836838650235088e-08,0.00029604115192251367,0.0001624903432877426,0.0011664645817906641,0.0,2.1224773190821057e-22,2.14982998845628e-32,2.965671839258502e-33
6,adam,1399,4080.959999999999,5963.343999999998,0.0015634404542896824,0.0004401743479432365,1.2169674420097789e-08,0.0002783829469231841,0.00016177923134563226,0.0011232659287587201,0.0,1.7429734527270964e-22,2.133929832089667e-32,2.98062489354785e-33
6,lbfgs,1400,4080.959999999999,5963.343999999998,0.0015349868237812903,0.0004134319606516364,1.330180350956304e-08,0.00026270218750968147,0.00015071647133844536,0.0011215546855216701,0.0,1.4249909996532186e-22,1.9992434351010822e-32,2.8208298697493013e-33
6,lbfgs,1409,4080.959999999999,5963.343999999998,0.00041333040096361935,0.0003207971719139961,4.3516206675263014e-08,0.00011419417638233144,0.00020655947932498943,9.253304871537214e-05,0.0,7.124391461842699e-22,1.5468866411249464e-32,3.3061640273934593e-33
6,lbfgs,1419,4080.959999999999,5963.343999999998,0.00017214489598835637,0.0001421452182583144,3.7607716639648634e-08,7.443031472035155e-05,6.767729582132319e-05,2.999949301677306e-05,0.0,7.600343305947323e-22,1.5033805730690754e-32,2.5073899959852148e-33
6,lbfgs,1429,4080.959999999999,5963.343999999998,8.030736293859467e-05,7.875051539167353e-05,3.932337582155811e-08,3.421453577183083e-05,4.449665624402113e-05,1.5566609719143922e-06,0.0,2.9113873924325113e-22,1.5123912856010989e-32,2.0910090068473824e-33
6,lbfgs,1439,4080.959999999999,5963.343999999998,3.562001923656865e-05,3.399837737518252e-05,1.659875646078133e-07,1.7864586697578575e-05,1.5967803112996128e-05,1.6214545590200803e-06,0.0,1.4990606815704306e-21,1.3211052307761648e-32,1.900241079771954e-33
6,lbfgs,1449,4080.959999999999,5963.343999999998,1.9732074164002983e-05,1.8644360625378856e-05,1.7710939458958708e-07,6.676471062571463e-06,1.1790780168217805e-05,1.0875251374653821e-06,0.0,4.100193870295106e-21,1.3150513695130106e-32,1.803367272356759e-33
6,lbfgs,1459,4080.959999999999,5963.343999999998,1.1361539297186151e-05,1.0491777176788757e-05,2.9695330264230556e-08,3.0341789496546234e-06,7.427902896869902e-06,8.695730760241711e-07,0.0,2.987399015265571e-22,1.303496612425727e-32,1.768566556944198e-33
6,lbfgs,1469,4080.959999999999,5963.343999999998,8.355101133440036e-06,7.808386525328765e-06,3.5713445802934496e-08,3.3227602584080596e-06,4.449912821117771e-06,5.465251912256126e-07,0.0,7.081873094790087e-22,1.2805724439891493e-32,1.720370636675774e-33
6,lbfgs,1479,4080.959999999999,5963.343999999998,5.917803258470427e-06,4.6120896242787585e-06,6.023321056736572e-07,2.0869875653311333e-06,1.9227699532739684e-06,1.3055246904035695e-06,0.0,1.5688745317448574e-20,1.2801739511423758e-32,1.7092515810214325e-33
6,lbfgs,1489,4080.959999999999,5963.343999999998,3.405764786160571e-06,3.2555408222713246e-06,3.493891817304665e-07,2.1335153090231574e-06,7.726363315177006e-07,1.5003509436504563e-07,0.0,8.826738646046696e-21,1.2805428472962674e-32,1.6600828805358377e-33
6,lbfgs,1499,4080.959999999999,5963.343999999998,1.588051933608279e-06,1.4198700460566882e-06,3.229043451395897e-08,9.732532515686054e-07,4.1432635997412384e-07,1.6799304086435115e-07,0.0,7.153683418221368e-22,1.2969497179959994e-32,1.6818466888775538e-33
6,lbfgs,1509,4080.959999999999,5963.343999999998,1.3171320859227057e-06,1.2681068085589038e-06,5.9516259545221575e-09,8.019381844720111e-07,4.602169981323705e-07,4.883636804803976e-08,0.0,7.767176704957585e-23,1.311918360549414e-32,1.6891472470353215e-33
6,lbfgs,1519,4080.959999999999,5963.343999999998,1.1692590819261681e-06,1.116633958670917e-06,3.047152178071254e-09,6.264329002417516e-07,4.871539062510941e-07,5.243608139645408e-08,0.0,4.571386508183071e-23,1.3065696489688595e-32,1.7052692247879723e-33
6,lbfgs,1529,4080.959999999999,5963.343999999998,7.639921209202435e-07,7.357876734447517e-07,5.5750110424207025e-09,2.933969085985622e-07,4.368157538037688e-07,2.801496732969748e-08,0.0,1.128106125499247e-22,1.3156512858990397e-32,1.7072607499934534e-33
6,lbfgs,1539,4080.959999999999,5963.343999999998,7.50392369303461e-07,7.100187653041219e-07,5.683075487375912e-09,2.901266937897148e-07,4.142089960270311e-07,4.01841562875915e-08,0.0,1.1381460373636878e-22,1.3156368471643555e-32,1.7091982577462373e-33
6,lbfgs,1549,4080.959999999999,5963.343999999998,7.066177564461368e-07,6.605932306771459e-07,5.811252643866255e-09,2.318173915073762e-07,4.229645865259034e-07,4.5835019557004296e-08,0.0,1.3831365302597205e-22,1.3157531470063438e-32,1.7080546470113805e-33
6,lbfgs,1559,4080.959999999999,5963.343999999998,6.709448414680965e-07,6.312348061779918e-07,3.1200139430117944e-09,2.1234906818656697e-07,4.157657240484131e-07,3.952044262821757e-08,0.0,6.756168689487435e-23,1.3177097216779481e-32,1.7095131384450493e-33
6,lbfgs,1569,4080.959999999999,5963.343999999998,4.735179082929843e-07,4.1400626761768734e-07,3.607479438015821e-08,2.074534986930353e-07,1.7047797454449383e-07,5.9321492706721394e-08,0.0,5.339052700653865e-22,1.3158128653923995e-32,1.6937701405487923e-33
6,lbfgs,1579,4080.959999999999,5963.343999999998,3.414220125578629e-07,3.2423662145932857e-07,3.908223555535501e-08,1.612616666623411e-07,1.2389271924163242e-07,1.6994388697894124e-08,0.0,8.323900605149254e-22,1.3222260105537e-32,1.7049861094568063e-33
6,lbfgs,1589,4080.959999999999,5963.343999999998,1.945304720036588e-07,1.8977943929556246e-07,3.986666026948629e-08,9.344097122050169e-08,5.6471807805574495e-08,4.559691898933654e-09,0.0,1.2282169562318568e-21,1.320505562432679e-32,1.6874983215125153e-33
6,lbfgs,1599,4080.959999999999,5963.343999999998,1.6872012474608085e-07,1.653931767371878e-07,3.923550904360038e-08,9.361525064207022e-08,3.2542417051517184e-08,3.135570334556579e-09,0.0,1.2347829814125403e-21,1.3218547663767744e-32,1.6849976683820084e-33
6,lbfgs,1609,4080.959999999999,5963.343999999998,1.1326114884951727e-07,1.0263613960005688e-07,3.3316989913895578e-09,7.57243318121144e-08,2.358010879655292e-08,1.0433674308859605e-08,0.0,6.140856698707102e-23,1.3241375827310408e-32,1.686343306498691e-33
6,lbfgs,1619,4080.959999999999,5963.343999999998,8.961638296694216e-08,8.855972961777998e-08,3.483867600836446e-09,6.189498362848119e-08,2.3180878388462348e-08,8.649304000921988e-10,0.0,9.93566357244826e-23,1.324350251291259e-32,1.6876152429485587e-33
6,lbfgs,1629,4080.959999999999,5963.343999999998,8.199260016518607e-08,8.129612377290255e-08,2.6910550565957662e-09,5.7245138434547336e-08,2.1359930281759443e-08,5.046585578238231e-10,0.0,7.288742530634748e-23,1.3266631029885417e-32,1.689430178939393e-33
6,lbfgs,1639,4080.959999999999,5963.343999999998,5.338719848621825e-08,5.2976490752494873e-08,1.2377545414971952e-09,3.5471275196163724e-08,1.626746101483396e-08,2.1887556683897684e-10,0.0,1.4367661172906372e-23,1.3290583004590312e-32,1.6927841677622625e-33
6,lbfgs,1649,4080.959999999999,5963.343999999998,4.9822445422464664e-08,4.9388354876755756e-08,1.0936460352962461e-09,3.21808500572988e-08,1.611385878416071e-08,2.4234055838470256e-10,0.0,8.67908841397123e-24,1.327412948371696e-32,1.693519219782576e-33
6,lbfgs,1659,4080.959999999999,5963.343999999998,4.6520828063424525e-08,4.5665457806751735e-08,1.0628624110994946e-09,2.8820966844025437e-08,1.5781628551626798e-08,6.636059744638305e-10,0.0,8.312355224331141e-24,1.3276559185528266e-32,1.6934034298698804e-33
6,lbfgs,1669,4080.959999999999,5963.343999999998,4.0290462022300704e-08,3.9883951337352136e-08,1.1924233784091134e-09,2.4657507006815243e-08,1.403402095212778e-08,2.146351492027598e-10,0.0,1.3101552279259107e-23,1.3274538706819956e-32,1.691551620543018e-33
6,lbfgs,1679,4080.959999999999,5963.343999999998,3.9339270638949986e-08,3.8884968827819e-08,9.7982846496507e-10,2.4168151853821083e-08,1.3736988509032851e-08,2.6240178715525024e-10,0.0,9.847714833423179e-24,1.3274779564654331e-32,1.6920919320298838e-33
6,lbfgs,1689,4080.959999999999,5963.343999999998,3.740927156063692e-08,3.650517778480872e-08,9.732912024053575e-10,2.3097206369031712e-08,1.2434680213371647e-08,7.121756181692178e-10,0.0,1.1246917189283215e-23,1.3273706021909596e-32,1.6917101536331866e-33
6,lbfgs,1699,4080.959999999999,5963.343999999998,2.699285622712125e-08,2.6610789138069585e-08,9.11859396334259e-10,1.6150853182550155e-08,9.54807655918517e-09,1.9013585152843174e-10,0.0,1.1027265666177293e-23,1.3268963944366177e-32,1.6916137137437405e-33
6,lbfgs,1709,4080.959999999999,5963.343999999998,2.6287904590148735e-08,2.587939335834976e-08,8.119863028476581e-10,1.5773709364573406e-08,9.2936976909287e-09,2.165790940459188e-10,0.0,8.80186060230818e-24,1.3269678748820385e-32,1.690766643718838e-33
6,lbfgs,1719,4080.959999999999,5963.343999999998,2.6256659483262285e-08,2.5852530074776005e-08,8.072115078187212e-10,1.576101446390792e-08,9.284304103049363e-09,2.1219502631804044e-10,0.0,8.75424791275132e-24,1.3269261269010478e-32,1.6907701580974573e-33
6,lbfgs,1729,4080.959999999999,5963.343999999998,2.6234473524254556e-08,2.5830551903383145e-08,8.075911571127798e-10,1.57398858476702e-08,9.283074898600162e-09,2.1198759566373502e-10,0.0,8.776618152513345e-24,1.3269308541603728e-32,1.6907640448003403e-33
6,lbfgs,1739,4080.959999999999,5963.343999999998,2.620818441364049e-08,2.580079579021627e-08,8.093687206247711e-10,1.5708597082524527e-08,9.282829987066975e-09,2.154555620586997e-10,0.0,8.810008046168134e-24,1.3269387938627365e-32,1.690755913009202e-33
6,lbfgs,1749,4080.959999999999,5963.343999999998,2.6187092308299877e-08,2.578272095079645e-08,8.078556774044778e-10,1.5699516681833557e-08,9.275348591558414e-09,2.1243826762365839e-10,0.0,8.785401238420955e-24,1.326933500729625e-32,1.6907501995602738e-33
6,lbfgs,1759,4080.959999999999,5963.343999999998,2.616159358495209e-08,2.5764262633864866e-08,8.049563014832606e-10,1.5692227549543838e-08,9.267078782837767e-09,2.0539742454756376e-10,0.0,8.744876639514486e-24,1.3269314849355892e-32,1.6907524896149997e-33
6,lbfgs,1769,4080.959999999999,5963.343999999998,2.6140647640811863e-08,2.574164417249804e-08,8.055967349742373e-10,1.5676053677503897e-08,9.259993760019904e-09,2.0707013313436268e-10,0.0,8.752578497142464e-24,1.3269309725754817e-32,1.6907534664606094e-33
6,lbfgs,1779,4080.959999999999,5963.343999999998,2.611608548313173e-08,2.5709396017257597e-08,8.081296919218905e-10,1.565063713639378e-08,9.250629188941927e-09,2.1475656983923974e-10,0.0,8.768499099129164e-24,1.3269255878222475e-32,1.6907441110126056e-33
6,lbfgs,1789,4080.959999999999,5963.343999999998,2.609476143256809e-08,2.5692372566344548e-08,8.062463165041377e-10,1.5638270372156966e-08,9.247855877683445e-09,2.1045596695972865e-10,0.0,8.743437573821817e-24,1.3269297511038123e-32,1.6907452603035018e-33
6,lbfgs,1799,4080.959999999999,5963.343999999998,2.6074691776363507e-08,2.5674367904602455e-08,8.053424319238845e-10,1.5625802730991935e-08,9.243222741686636e-09,2.0839094306091557e-10,0.0,8.729930590646781e-24,1.3269322985745108e-32,1.69074827526073e-33
6,lbfgs,1809,4080.959999999999,5963.343999999998,2.6049410782889543e-08,2.56542470593849e-08,8.035159892503858e-10,1.561324136628406e-08,9.237489703850454e-09,2.0323068723788667e-10,0.0,8.713715087668337e-24,1.32693899968398e-32,1.6907605317924354e-33
6,lbfgs,1819,4080.959999999999,5963.343999999998,2.6029261655513304e-08,2.5632691832902637e-08,8.037391379447162e-10,1.559732729096465e-08,9.231625403993272e-09,2.046368170078244e-10,0.0,8.705257417782829e-24,1.3269382159483153e-32,1.6907579470261693e-33
6,lbfgs,1829,4080.959999999999,5963.343999999998,2.6004734990173275e-08,2.5602377498156115e-08,8.050764455438587e-10,1.5572825633225374e-08,9.224475419386885e-09,2.1042451659002028e-10,0.0,8.69105235478786e-24,1.3269329748388088e-32,1.6907435741045157e-33
6,lbfgs,1839,4080.959999999999,5963.343999999998,2.5984240860470728e-08,2.5585197980573082e-08,8.038319193749792e-10,1.5561027476604603e-08,9.220338584593501e-09,2.0710994197223514e-10,0.0,8.680278950045192e-24,1.3269380212340518e-32,1.690750800455335e-33
6,lbfgs,1849,4080.959999999999,5963.343999999998,2.596107584037993e-08,2.5570756737591605e-08,8.011636710738206e-10,1.5554084272345854e-08,9.215508794171929e-09,1.983862881790655e-10,0.0,8.677187152763359e-24,1.3269507054059502e-32,1.69077612489809e-33
6,lbfgs,1859,4080.959999999999,5963.343999999998,2.5939691229132322e-08,2.5546413633728285e-08,8.01755023344189e-10,1.553547974128647e-08,9.209178869097627e-09,2.0134470578746275e-10,0.0,8.662050317464143e-24,1.3269476621076882e-32,1.6907683664211933e-33
6,lbfgs,1869,4080.959999999999,5963.343999999998,2.5919998890006703e-08,2.5525630042207964e-08,8.017915593653783e-10,1.5519661148485e-08,9.204177334357588e-09,2.0243593576293242e-10,0.0,8.64941717775101e-24,1.326947476225209e-32,1.6907652918310873e-33
6,lbfgs,1879,4080.959999999999,5963.343999999998,2.5895751851907902e-08,2.5496707545659206e-08,8.026061867896945e-10,1.5495488234041712e-08,9.198613124827799e-09,2.071112890437123e-10,0.0,8.627603429816944e-24,1.3269437373806705e-32,1.690751322385981e-33
6,lbfgs,1889,4080.959999999999,5963.343999999998,2.58757845228407e-08,2.547953439487698e-08,8.016450157901718e-10,1.5484146305629586e-08,9.193743073457222e-09,2.0431716889407323e-10,0.0,8.620858452402964e-24,1.32694825685504e-32,1.690759292656757e-33
6,lbfgs,1899,4080.959999999999,5963.343999999998,2.5852720550457616e-08,2.546395287440626e-08,7.995465939313447e-10,1.5477349046301576e-08,9.187057234173339e-09,1.9683492461590362e-10,0.0,8.623606923786382e-24,1.3269591707715333e-32,1.6907838127671582e-33
6,lbfgs,1909,4080.959999999999,5963.343999999998,2.5832013796228424e-08,2.5440738898779813e-08,7.998874101383991e-10,1.545882252170178e-08,9.182028966939634e-09,1.993420533320569e-10,0.0,8.605608566142683e-24,1.3269570908670133e-32,1.6907758513041062e-33
6,lbfgs,1919,4080.959999999999,5963.343999999998,2.5812729800416218e-08,2.5420565832207373e-08,7.998326350123404e-10,1.5443269569066696e-08,9.177463628128335e-09,2.0023108495141176e-10,0.0,8.592322658399939e-24,1.3269572769806968e-32,1.6907730752214636e-33
6,lbfgs,1929,4080.959999999999,5963.343999999998,2.5788806682494608e-08,2.5392657126629918e-08,8.003813043150082e-10,1.541956549761904e-08,9.172710324695868e-09,2.0421652371618053e-10,0.0,8.569701247568481e-24,1.3269545103747247e-32,1.690760669742981e-33
6,lbfgs,1939,4080.959999999999,5963.343999999998,2.5769303721630402e-08,2.5375622751006993e-08,7.99569424026368e-10,1.540850220536035e-08,9.167551121620277e-09,2.0174800409125864e-10,0.0,8.563730179234946e-24,1.3269585822754994e-32,1.6907681752582692e-33
6,lbfgs,1949,4080.959999999999,5963.343999999998,2.5746419572266354e-08,2.5359392916113885e-08,7.977929710362092e-10,1.5401589412285795e-08,9.160010532791882e-09,1.9509392699726091e-10,0.0,8.566387000535806e-24,1.3269682273714812e-32,1.6907904461508044e-33
6,lbfgs,1959,4080.959999999999,5963.343999999998,2.5726297922662216e-08,2.5337080166194352e-08,7.979950858050137e-10,1.5383457537778796e-08,9.155627542610545e-09,1.9728492763237839e-10,0.0,8.548718752814813e-24,1.326966759987069e-32,1.6907832666648644e-33
6,lbfgs,1969,4080.959999999999,5963.343999999998,2.5707401753996223e-08,2.5317434098683018e-08,7.978916011359707e-10,1.536822549809057e-08,9.151316999456478e-09,1.9803478062336443e-10,0.0,8.535777768094327e-24,1.326967172084001e-32,1.690780927172615e-33
6,lbfgs,1979,4080.959999999999,5963.343999999998,2.568381565843794e-08,2.5290349553539623e-08,7.982875885006107e-10,1.5345054084580664e-08,9.14700788045835e-09,2.015330663312395e-10,0.0,8.514198003344105e-24,1.3269650405137415e-32,1.6907700943131686e-33
6,lbfgs,1989,4080.959999999999,5963.343999999998,2.5664746972939445e-08,2.527351229734418e-08,7.975651151244679e-10,1.5334193045767757e-08,9.141754136451955e-09,1.993017062093779e-10,0.0,8.50808993633333e-24,1.3269687893747185e-32,1.690776963403647e-33
6,lbfgs,1999,4080.959999999999,5963.343999999998,2.5642078127116842e-08,2.525688054952308e-08,7.959910993229553e-10,1.5327054899546247e-08,9.133834550653878e-09,1.932648520542159e-10,0.0,8.509163801812589e-24,1.3269775566921194e-32,1.6907970265464577e-33
6,lbfgs,2009,4080.959999999999,5963.343999999998,2.562249164634011e-08,2.523534161645105e-08,7.961108258367566e-10,1.5309406708743164e-08,9.12982408187113e-09,1.9521720185651032e-10,0.0,8.492603211603206e-24,1.3269764954067502e-32,1.6907907266183907e-33
6,lbfgs,2019,4080.959999999999,5963.343999999998,2.560396791753813e-08,2.5216171150291243e-08,7.959793533752665e-10,1.5294509641744435e-08,9.12568215517154e-09,1.958638912445146e-10,0.0,8.480229751721608e-24,1.326977055810706e-32,1.6907887810599374e-33
6,lbfgs,2029,4080.959999999999,5963.343999999998,2.5580724720777023e-08,2.5189804603199908e-08,7.962777397145056e-10,1.5271901520394525e-08,9.121625343090876e-09,1.9898707624020913e-10,0.0,8.460078077793776e-24,1.3269753639073478e-32,1.690779287003467e-33
6,lbfgs,2039,4080.959999999999,5963.343999999998,2.5562067594949453e-08,2.5173192864552753e-08,7.956149853422017e-10,1.5261202124377314e-08,9.116375754833236e-09,1.9694175753907476e-10,0.0,8.453636785722779e-24,1.3269788831500184e-32,1.6907855772538564e-33
6,lbfgs,2049,4080.959999999999,5963.343999999998,2.553963706457998e-08,2.5156297787318682e-08,7.941818629661077e-10,1.5253801655380157e-08,9.108314268972418e-09,1.914065453701291e-10,0.0,8.452969428693075e-24,1.3269869894778332e-32,1.690803759190167e-33
6,lbfgs,2059,4080.959999999999,5963.343999999998,2.5520547977741945e-08,2.5135450143334463e-08,7.942489045312998e-10,1.523665731163956e-08,9.104543927163603e-09,1.9316499986792958e-10,0.0,8.437589893870311e-24,1.326986219881911e-32,1.6907982315643595e-33
6,lbfgs,2069,4080.959999999999,5963.343999999998,2.5502383211434285e-08,2.5116721450500643e-08,7.941001526296757e-10,1.5222097171210273e-08,9.100524126660695e-09,1.937288786358244e-10,0.0,8.425793635878024e-24,1.3269868841883752e-32,1.6907966171859638e-33
6,lbfgs,2079,4080.959999999999,5963.343999999998,2.5479485582237817e-08,2.509101334466943e-08,7.943295200571159e-10,1.5200058212913913e-08,9.096625611698399e-09,1.965391913852872e-10,0.0,8.406998189449554e-24,1.3269855441665026e-32,1.6907882257769744e-33
6,lbfgs,2089,4080.959999999999,5963.343999999998,2.5461220742593467e-08,2.5074636159348577e-08,7.937107739302713e-10,1.5189498867815395e-08,9.091426517602912e-09,1.9465160414761983e-10,0.0,8.400250533415088e-24,1.3269888788833352e-32,1.690794025861467e-33
6,lbfgs,2099,4080.959999999999,5963.343999999998,2.543904509050611e-08,2.5057562497359785e-08,7.923845705514589e-10,1.5181828323151574e-08,9.083349603656752e-09,1.8954985017720407e-10,0.0,8.398071107389871e-24,1.3269964394301086e-32,1.690810633818864e-33
6,lbfgs,2109,4080.959999999999,5963.343999999998,2.542042196037538e-08,2.5037348721684346e-08,7.924152822168184e-10,1.51651848985777e-08,9.079748540889827e-09,1.9114039326727484e-10,0.0,8.383753908792742e-24,1.3269959008615745e-32,1.690805756833621e-33
7,adam,0,5963.343999999998,8598.681599999996,0.10882773152997455,0.08162079858030566,0.0002777770890511127,0.05880701082053051,0.022536010670724027,0.027206932860101864,0.0,2.3424032394544723e-19,1.9600008130947782e-30,2.499999999999994e-31
7,adam,24,5963.343999999998,8598.681599999996,0.02684859409156701,0.013082592536098767,0.00019365605538949695,0.008296446950693964,0.004592489530015306,0.013766001464033395,0.0,1.6547818690680476e-20,2.83952320395138e-31,5.122303994515942e-32
7,adam,49,5963.343999999998,8598.681599999996,0.02150824267677951,0.00812155333598621,5.35566139872916e-06,0.005224716331434851,0.0028914813431526287,0.013386689246752279,0.0,6.505329044086401e-22,1.850169563276604e-31,3.1720610915945316e-32
7,adam,74,5963.343999999998,8598.681599999996,0.01835403113774827,0.005298858621249574,3.6542171952363115e-06,0.003547792943760263,0.0017474114602940751,0.013055172418354523,0.0,3.3134497635465277e-22,1.2931527771897266e-31,1.8844603369644276e-32
7,adam,99,5963.343999999998,8598.681599999996,0.016853977599986848,0.00410460914457782,1.0932533187504613e-06,0.002760113108716065,0.0013434027825430046,0.01274936835308508,0.0,7.983581103911333e-23,9.835732130942637e-32,1.5082779922002236e-32
7,adam,124,5963.343999999998,8598.681599999996,0.016022788544893935,0.0035397151281324644,9.991955922335407e-07,0.0024138355723512953,0.0011248803601889355,0.012483073311464555,0.0,7.070789147312773e-23,8.203864154570043e-32,1.3087882090876688e-32
7,adam,149,5963.343999999998,8598.681599999996,0.015549163327292587,0.003265987710454575,7.610887799913718e-07,0.002240268188597189,0.0010249584330773943,0.012283175509571663,0.0,5.0474227889795677e-23,7.220060328906971e-32,1.1987197227782512e-32
7,adam,174,5963.343999999998,8598.681599999996,0.015235654974201322,0.0031174698240385755,6.867754964430996e-07,0.002153156682955987,0.0009636263655861452,0.012118185041500376,0.0,4.1582353532112114e-23,6.56426976297665e-32,1.1309501397472548e-32
7,adam,199,5963.343999999998,8598.681599999996,0.015002452289041074,0.0030264218076636474,5.557419269211466e-07,0.0021047930176498948,0.0009210730480868313,0.011976030371662847,0.0,3.3144218784818365e-23,6.089131482435699e-32,1.0837916096969607e-32
7,adam,224,5963.343999999998,8598.681599999996,0.015040608338762041,0.0031689263210929134,3.9637978994503956e-07,0.002197127005073779,0.0009714029362291896,0.0118716819071336,0.0,2.2930230221864932e-23,6.135079611955648e-32,1.134501754507875e-32
7,adam,249,5963.343999999998,8598.681599999996,0.014879990454813896,0.003114307748427885,2.3416630121783587e-07,0.0021649246364439058,0.0009491489456827613,0.011765682595085458,0.0,1.376620899162282e-23,5.892633088083316e-32,1.1122421733533901e-32
7,adam,274,5963.343999999998,8598.681599999996,0.01469902710317755,0.0030398209490935264,1.983954208840368e-07,0.0021114310741806343,0.000928191479492008,0.011659206041912992,0.0,1.4695552451753714e-23,5.687445172786737e-32,1.0974606038360052e-32
7,adam,299,5963.343999999998,8598.681599999996,0.014449303349130764,0.0028939412137795927,3.6890060135350225e-07,0.0019882707181470938,0.0009053015950311451,0.011555362021994642,0.0,3.9132302800401403e-23,5.510333717783434e-32,1.0837379708699031e-32
7,adam,324,5963.343999999998,8598.681599999996,0.013961082378665496,0.0025477933828241426,3.9129930572380033e-07,0.0016838334246726515,0.0008635686588457675,0.011413288880414804,0.0,8.450406327067152e-23,5.317606654266242e-32,1.0512060210153882e-32
7,adam,349,5963.343999999998,8598.681599999996,0.012939419947929567,0.0019014464503616017,4.793777430937814e-07,0.0011196948924049592,0.0007812721802135487,0.011037973378378668,0.0,8.230557713704495e-23,4.76488951637198e-32,8.840287037436345e-33
7,adam,374,5963.343999999998,8598.681599999996,0.011850752577199102,0.0014776490223246484,2.871821288557236e-07,0.0008587265310793471,0.0006186353091164454,0.010373103432287048,0.0,6.062031285555205e-23,4.244215866669185e-32,7.024596811619864e-33
7,adam,399,5963.343999999998,8598.681599999996,0.010883808593942309,0.001241031123251917,1.7034797429439855e-07,0.0007436216847077562,0.0004972390905698665,0.009642777344599703,0.0,7.67737300154978e-23,3.895362659625002e-32,6.181010559542467e-33
7,adam,424,5963.343999999998,8598.681599999996,0.010034207595044526,0.0010905599692412663,1.7987116251913343e-07,0.0006680892125554947,0.00042229088552325257,0.008943647496074307,0.0,8.095068024672729e-23,3.7443876992785923e-32,5.699115757327811e-33
7,adam,449,5963.343999999998,8598.681599999996,0.009256471019941323,0.0009603853931815772,2.1735307143783927e-07,0.000598765998825075,0.0003614020412850643,0.008296085493421132,0.0,1.0377015153705179e-22,3.485487235016569e-32,5.2217842525363845e-33
7,adam,474,5963.343999999998,8598.681599999996,0.008558935192267223,0.0008601259219704019,2.4815395983648376e-07,0.0005445196394826912,0.0003153581285278742,0.007698809133476093,0.0,1.307347737664483e-22,3.2787409007437404e-32,4.828587308975798e-33
7,adam,499,5963.343999999998,8598.681599999996,0.007925590059245294,0.0007797195306628175,2.5439581898811896e-07,0.0005002047137819477,0.0002792604210618817,0.007145870388409189,0.0,1.4315318028714554e-22,3.1075437850676547e-32,4.50187705707928e-33
7,adam,524,5963.343999999998,8598.681599999996,0.007353357236159398,0.0007158898510753395,2.715939016576589e-07,0.0004730499688046619,0.0002425682883690199,0.006637467241756283,0.0,1.5093223631901326e-22,2.972192994643975e-32,4.2010541389841084e-33
7,adam,549,5963.343999999998,8598.681599999996,0.006824482054380517,0.0006609055205465708,2.3618754975167692e-07,0.0004331542815684227,0.00022751505142839647,0.006163576387762476,0.0,1.434032373113013e-22,2.826760922677884e-32,3.999913236768704e-33
7,adam,574,5963.343999999998,8598.681599999996,0.006334425112437922,0.0006107871312070174,2.1920831720476725e-07,0.00040299371001205255,0.00020757421287776007,0.005723637832417246,0.0,1.3890936980541219e-22,2.716624026240971e-32,3.7997793642162495e-33
7,adam,599,5963.343999999998,8598.681599999996,0.00588452524237651,0.0005679650359147614,2.186957671797739e-07,0.00038991470874952597,0.00017783163139805565,0.005316560054901416,0.0,1.3814556056930715e-22,2.655440509423654e-32,3.480553257384179e-33
7,adam,624,5963.343999999998,8598.681599999996,0.005469328284160078,0.000534504388952262,1.5578286001528816e-07,0.0003649057078492846,0.0001694428982429621,0.004934823741257225,0.0,9.675365842821628e-23,2.5654653593280183e-32,3.351111545431727e-33
7,adam,649,5963.343999999998,8598.681599999996,0.005074644552913387,0.0004932288240802803,1.286074352174305e-07,0.0003356904954468784,0.00015740972119818452,0.00458141557256396,0.0,8.014616390370859e-23,2.474548887464936e-32,3.214775253184177e-33
7,adam,674,5963.343999999998,8598.681599999996,0.00473040108842912,0.00046579441492435665,1.0864799757280887e-07,0.00032564605392836944,0.00014003971299841438,0.00426460651488363,0.0,6.34890536492405e-23,2.3735475428222127e-32,3.1888335380424946e-33
7,adam,699,5963.343999999998,8598.681599999996,0.004383546735128591,0.00042764486808861735,9.125446426747656e-08,0.0002858949117058784,0.00014165870191847144,0.003955901706161642,0.0,4.8794160209457957e-23,2.3192082169589028e-32,2.9060265737691985e-33
7,adam,724,5963.343999999998,8598.681599999996,0.004072684130475672,0.00039827642915879155,7.620992764974246e-08,0.00026598172704804827,0.0001322184921830935,0.003674407538244268,0.0,4.263177320433166e-23,2.205786532467739e-32,2.906149839494449e-33
7,adam,749,5963.343999999998,8598.681599999996,0.003778866162592444,0.00036280048441978915,8.373913766688787e-08,0.00024198983184587757,0.00012072691343624468,0.003416065512924031,0.0,4.3493221436063253e-23,2.1688859063679788e-32,2.6696540064124986e-33
7,adam,774,5963.343999999998,8598.681599999996,0.0037246248532929404,0.0004624709137117443,8.526586433031735e-08,0.00033615567573001983,0.00012622997211739418,0.00326215377211757,0.0,4.824505666811241e-23,2.0135707245697863e-32,3.5615698260120356e-33
7,adam,799,5963.343999999998,8598.681599999996,0.003299044828953237,0.0003349140704988622,7.589761471272847e-08,0.0002169550716039608,0.00011788310128018867,0.002964130589076863,0.0,4.60316229935141e-23,1.9483867354324568e-32,2.7398635618636623e-33
7,adam,824,5963.343999999998,8598.681599999996,0.003035178001452316,0.00028186899152562333,9.180238655567742e-08,0.0001807460962223285,0.00010103109291673917,0.0027533088385585983,0.0,5.255641464274225e-23,1.8467930929737062e-32,2.2593766959390448e-33
7,adam,849,5963.343999999998,8598.681599999996,0.002822947449932247,0.0002600933378879888,9.565182618227186e-08,0.00016558699524962299,9.441069081218351e-05,0.0025628539386158655,0.0,5.981243396073368e-23,1.8010561349581342e-32,2.2345480779349798e-33
7,adam,874,5963.343999999998,8598.681599999996,0.002631649870302501,0.0002454509340755106,1.0057223589285435e-07,0.00015250849077402505,9.28418710655927e-05,0.002386198760782118,0.0,6.208857332158124e-23,1.7738389506725058e-32,2.0848490161768634e-33
7,adam,899,5963.343999999998,8598.681599999996,0.009125218717797083,0.005502286038238998,2.9099987541213195e-07,0.005084959994052697,0.000417035044310889,0.003622932492005846,0.0,1.8048319223370325e-22,2.3246781511958783e-32,4.3949330924837026e-33
7,adam,924,5963.343999999998,8598.681599999996,0.009519368224982587,0.0058320330704610185,7.2972133003417e-07,0.0049419242176116755,0.0008893791315193082,0.0036873349604633395,0.0,5.482110293516397e-22,1.6526846290616457e-32,2.3890413081056315e-33
7,adam,949,5963.343999999998,8598.681599999996,0.009026831924472001,0.005381802065840445,1.7473627668879886e-07,0.004582845696898536,0.0007987816326652204,0.0036450296640194546,0.0,9.449575573377105e-23,1.6705932369056472e-32,2.2311641292527254e-33
7,adam,974,5963.343999999998,8598.681599999996,0.008482406157374825,0.004896502340861725,5.1383804486244116e-08,0.004209872055606112,0.0006865789014511263,0.003585903621700708,0.0,1.847489646017878e-23,1.7207111236416993e-32,2.1436270494230702e-33
7,adam,999,5963.343999999998,8598.681599999996,0.007976827640734974,0.004454061449771736,1.3652103237959216e-08,0.0038422446209431336,0.0006118031767253648,0.0035227659958891413,0.0,4.797104257130795e-24,1.7476033767808788e-32,2.05532375244359e-33
7,adam,1024,5963.343999999998,8598.681599999996,0.007500933849185499,0.004035776318942084,1.82543919893544e-08,0.003492102922620778,0.0005436551419293172,0.0034651573348479583,0.0,9.057969704493937e-24,1.75853780798115e-32,1.990427321214706e-33
7,adam,1049,5963.343999999998,8598.681599999996,0.007075386023917224,0.00366258011308028,3.172946763939883e-08,0.0031663982306492687,0.000496150152963372,0.003412805715080283,0.0,1.6924429319890335e-23,1.7775438305889134e-32,1.8802995410027067e-33
7,adam,1074,5963.343999999998,8598.681599999996,0.006690606857776939,0.0033268066549488363,3.71627830644843e-08,0.0028701978138178613,0.0004565716783479108,0.0033638000067071744,0.0,2.0515187885221523e-23,1.8002999287538617e-32,1.779551853803959e-33
7,adam,1099,5963.343999999998,8598.681599999996,0.006343462563287872,0.0030264512002257707,3.8612032721127573e-08,0.0026050196201427302,0.00042139296805031914,0.0033170111665714853,0.0,2.3046672935847406e-23,1.8309207516812358e-32,1.6955384432755393e-33
7,adam,1124,5963.343999999998,8598.681599999996,0.006031071719508286,0.002759710384268392,4.385235705213683e-08,0.002372022935859976,0.00038764359605136404,0.0032713611383612114,0.0,2.8471987738968023e-23,1.8670260959129597e-32,1.6343626439547465e-33
7,adam,1149,5963.343999999998,8598.681599999996,0.005751010543708024,0.0025242196141054933,5.288271228761924e-08,0.0021693749041369866,0.0003547918272562188,0.0032267907323068373,0.0,3.6078954234588845e-23,1.9076054578704477e-32,1.5973788192735758e-33
7,adam,1174,5963.343999999998,8598.681599999996,0.005501284791929844,0.0023179779015036293,6.105026777782273e-08,0.0019945371824836747,0.00032337966875217684,0.003183306692686212,0.0,4.263291832374371e-23,1.9506403018910314e-32,1.5811289089321135e-33
7,adam,1199,5963.343999999998,8598.681599999996,0.005279590485335584,0.0021387862150879754,6.571862995293841e-08,0.0018440749478940252,0.0002946455485639974,0.003140804072044437,0.0,4.621698076530727e-23,1.9941208663357864e-32,1.5789902052518717e-33
7,adam,1224,5963.343999999998,8598.681599999996,0.005113123801939516,0.0020104727320751224,6.671563206838768e-08,0.0017365031183940944,0.0002739028980489597,0.0031026508712228757,0.0,4.6474642848652615e-23,1.9596659113824456e-32,1.5295924601728694e-33
7,adam,1249,5963.343999999998,8598.681599999996,0.004919143742222963,0.001857266605664981,6.338468455454188e-08,0.0016164801345608588,0.00024072308641956774,0.0030618769373695486,0.0,4.37998765580632e-23,1.958779134861717e-32,1.4907973797006346e-33
7,adam,1274,5963.343999999998,8598.681599999996,0.004728413950281948,0.0017043361268864509,5.996185757164888e-08,0.0014856437525016454,0.00021863241252723377,0.003024077623545386,0.0,4.010035025557847e-23,1.947216654997567e-32,1.4601270679632011e-33
7,adam,1299,5963.343999999998,8598.681599999996,0.004544284568616656,0.0015561001983064064,6.018208379136618e-08,0.0013568212324594603,0.00019921878376315478,0.00298818416974426,0.0,3.873692675447352e-23,1.9283614541127997e-32,1.4429550655105215e-33
7,adam,1324,5963.343999999998,8598.681599999996,0.0043685823532701755,0.0014153910232783892,6.0641214110868e-08,0.0012338533615089597,0.0001814770205553185,0.002953191128677969,0.0,3.813020888413301e-23,1.9004777426989296e-32,1.4524730821887627e-33
7,adam,1349,5963.343999999998,8598.681599999996,0.004204488758498115,0.0012865443801654307,5.845978554975284e-08,0.0011211701665161534,0.00016531575386372757,0.002917944176256522,0.0,3.649944548832613e-23,1.859862362775352e-32,1.4877933930615863e-33
7,adam,1374,5963.343999999998,8598.681599999996,0.004048032749312493,0.001164802114209588,5.313510827925889e-08,0.001010543003588033,0.0001542059755132758,0.002883230432231508,0.0,3.3343858824352173e-23,1.808831666574169e-32,1.5374403390751515e-33
7,adam,1399,5963.343999999998,8598.681599999996,0.0039047245076116507,0.001055717702630715,4.704766040294516e-08,0.0009041262465516502,0.0001515444084186618,0.0028490066013105823,0.0,2.9901839290066603e-23,1.766715578373147e-32,1.594269726556624e-33
7,lbfgs,1400,5963.343999999998,8598.681599999996,0.003919955105405957,0.0010723406699186418,6.172108835703878e-08,0.0009145317864095353,0.0001577471624207494,0.002847614231786132,0.0,4.2264548614997456e-23,2.0578197702815006e-32,1.702647490150884e-33
7,lbfgs,1409,5963.343999999998,8598.681599999996,0.002174403020106521,0.0008089853099380206,7.217077509978994e-08,0.0005401182400062746,0.0002687948991566461,0.0013654175044416274,0.0,3.442440690211277e-23,1.573671754498516e-32,4.535218294325242e-33
7,lbfgs,1419,5963.343999999998,8598.681599999996,0.00023443626246134373,0.0002132701004488131,3.7459869082150284e-07,0.0001415139316132864,7.13815701447052e-05,2.116594366881654e-05,0.0,1.2593873843708131e-22,1.504908282401691e-32,1.9522672924958585e-33
7,lbfgs,1429,5963.343999999998,8598.681599999996,0.00012387554989179154,9.241828313566426e-05,7.991344610942804e-08,4.888706515613589e-05,4.345130453341893e-05,3.145704322620035e-05,0.0,1.185418803591792e-23,1.208450216515531e-32,2.024009733181428e-33
7,lbfgs,1439,5963.343999999998,8598.681599999996,5.539870580676706e-05,5.215964068337358e-05,3.062822770850381e-08,2.3271166271984362e-05,2.8857846183680713e-05,3.2388429480437316e-06,0.0,8.284693862013388e-24,1.2032592576093996e-32,1.5374011755341893e-33
7,lbfgs,1449,5963.343999999998,8598.681599999996,2.9382109343461312e-05,2.8559901461497655e-05,3.711646625757363e-08,1.538755736718395e-05,1.3135227628056134e-05,8.219833660350738e-07,0.0,1.1282742066911225e-23,1.2064952246821285e-32,1.4721195732625309e-33
7,lbfgs,1459,5963.343999999998,8598.681599999996,1.2105838363224768e-05,1.1133200513239438e-05,4.1579988435117723e-08,5.64507817442692e-06,5.446542350377401e-06,9.724103339181914e-07,0.0,1.4369040976416705e-23,1.1216520851386453e-32,1.381445058641367e-33
7,lbfgs,1469,5963.343999999998,8598.681599999996,4.667362268092445e-06,4.334351217290524e-06,3.345108801417391e-08,1.515801135251965e-06,2.7850989940243854e-06,3.3278345596916216e-07,0.0,1.0602499847764277e-23,1.1064046791590149e-32,1.349241471356877e-33
7,lbfgs,1479,5963.343999999998,8598.681599999996,3.621337137747459e-06,3.3362222846027727e-06,2.7099307456295095e-08,1.8044228610911478e-06,1.50470011605533e-06,2.8488680568883785e-07,0.0,8.33560555065575e-24,1.1147274954721194e-32,1.3550988879071179e-33
7,lbfgs,1489,5963.343999999998,8598.681599999996,2.480455461086516e-06,2.2896236325154655e-06,1.753970252437828e-08,1.0473511486800209e-06,1.2247327813110664e-06,1.906034385262425e-07,0.0,5.440783876053051e-24,1.0877936166968479e-32,1.3240227943138089e-33
7,lbfgs,1499,5963.343999999998,8598.681599999996,1.887051419640899e-06,1.839739769967009e-06,1.3567214693313642e-08,9.594950029087077e-07,8.666775523649874e-07,4.708299505264731e-08,0.0,4.300722679362346e-24,1.0909911063492238e-32,1.3422031743691463e-33
7,lbfgs,1509,5963.343999999998,8598.681599999996,1.3448964652472979e-06,1.2422724366136948e-06,9.923294414886839e-09,5.48312940934421e-07,6.840362012643871e-07,1.0239485126871525e-07,0.0,3.098169305542784e-24,1.0885394660148969e-32,1.3414158914830848e-33
7,lbfgs,1519,5963.343999999998,8598.681599999996,1.166879169724631e-06,1.147946965606705e-06,9.382067077009541e-09,5.140952677162546e-07,6.244696308134409e-07,1.870306324923748e-08,0.0,3.3075296643595534e-24,1.0910418876970383e-32,1.3542717917883654e-33
7,lbfgs,1529,5963.343999999998,8598.681599999996,9.073491026169726e-07,8.887078246675156e-07,8.903763093946297e-09,3.405704826591506e-07,5.392335789144188e-07,1.8411995292950902e-08,0.0,3.1667390517109703e-24,1.0903247024346432e-32,1.3449596223022164e-33
7,lbfgs,1539,5963.343999999998,8598.681599999996,8.493095098215464e-07,8.308024643304381e-07,7.659675311039294e-09,3.095240113296728e-07,5.13618777689726e-07,1.827770043872222e-08,0.0,2.9471221889324635e-24,1.0878502626581913e-32,1.3480397428768082e-33
7,lbfgs,1549,5963.343999999998,8598.681599999996,4.960777161964142e-07,4.666105049415642e-07,1.1374037797107894e-08,2.0596761288370567e-07,2.4926885426075066e-07,2.9237773513242714e-08,0.0,5.028802672566709e-24,1.0954848264897101e-32,1.3419559193064889e-33
7,lbfgs,1559,5963.343999999998,8598.681599999996,3.975451771091931e-07,3.903460255286918e-07,9.630890795891111e-09,1.9611612661036717e-07,1.8459900812243353e-07,6.969325588295546e-09,0.0,3.648240629211743e-24,1.0879869708071512e-32,1.3486054683663403e-33
7,lbfgs,1569,5963.343999999998,8598.681599999996,3.5964129624327104e-07,3.5013143600849833e-07,1.124157277969669e-08,1.709511782068085e-07,1.679386850219931e-07,9.279980818825714e-09,0.0,4.600367967747365e-24,1.0898653858816586e-32,1.3493195629116057e-33
7,lbfgs,1579,5963.343999999998,8598.681599999996,3.0905494013565143e-07,3.057960720431476e-07,1.019183257036907e-08,1.3591580322848442e-07,1.596884362442941e-07,3.0288629928832465e-09,0.0,2.6457957901327758e-24,1.0928287083612385e-32,1.357968325496378e-33
7,lbfgs,1589,5963.343999999998,8598.681599999996,2.8417556075717756e-07,2.7826652346676656e-07,6.658932150499646e-09,1.2188433061266792e-07,1.49723260703599e-07,5.679005400116416e-09,0.0,2.382468542780788e-24,1.0943422483425879e-32,1.3578509259979864e-33
7,lbfgs,1599,5963.343999999998,8598.681599999996,2.7448247635486815e-07,2.7090424205398983e-07,4.625678657473093e-09,1.1676165085345392e-07,1.495169125430628e-07,3.348254664789062e-09,0.0,1.6531370131566676e-24,1.0935197140959552e-32,1.3600307673070929e-33
7,lbfgs,1609,5963.343999999998,8598.681599999996,2.527122717609803e-07,2.460999280597892e-07,1.2386968593810942e-08,1.0413101691783201e-07,1.2958194254814626e-07,6.3822199925312286e-09,0.0,7.013667247162452e-24,1.0956146006625284e-32,1.3582523958582623e-33
7,lbfgs,1619,5963.343999999998,8598.681599999996,2.3426718282542896e-07,2.2782771936756527e-07,1.1338961385077987e-08,1.0113334186488156e-07,1.1535541611760574e-07,6.2093278711131646e-09,0.0,5.51619213841681e-24,1.0973920514790361e-32,1.3585853066128625e-33
7,lbfgs,1629,5963.343999999998,8598.681599999996,1.8119985706510498e-07,1.7756508108860136e-07,1.9152339281778304e-09,9.589892611457993e-08,7.97509210458436e-08,3.4041912010128475e-09,0.0,4.953704164509718e-25,1.0977235586535996e-32,1.3614294767071051e-33
7,lbfgs,1639,5963.343999999998,8598.681599999996,1.5704771779422182e-07,1.5433622276012943e-07,2.044193340063786e-09,8.429219207180602e-08,6.799983734825961e-08,2.4809773136653114e-09,0.0,4.578123009299979e-25,1.0978476437859281e-32,1.3556298848426094e-33
7,lbfgs,1649,5963.343999999998,8598.681599999996,1.5290990369188905e-07,1.4998258670249136e-07,2.0484519616058706e-09,7.990015426509663e-08,6.803398047578887e-08,2.6967416627482438e-09,0.0,3.231387950066289e-25,1.0980145999705125e-32,1.3571919318359243e-33
7,lbfgs,1659,5963.343999999998,8598.681599999996,1.4211116341396033e-07,1.4014651976191823e-07,1.9993270672445683e-09,6.70675546967749e-08,7.107963799789876e-08,1.7340477237093328e-09,0.0,2.7353049935835886e-25,1.0988419929838258e-32,1.3549240423503802e-33
7,lbfgs,1669,5963.343999999998,8598.681599999996,1.2961185982642937e-07,1.2601708012304123e-07,1.3614002769152504e-09,5.2639340822979986e-08,7.201633902314601e-08,3.3640995800818344e-09,0.0,2.7631221359171616e-25,1.0981010521807199e-32,1.3545091215874509e-33
7,lbfgs,1679,5963.343999999998,8598.681599999996,1.236571568791011e-07,1.2188436138597036e-07,2.0630918640883432e-09,4.539606027654948e-08,7.442520924533253e-08,1.5420062590629928e-09,0.0,7.124837854993302e-25,1.0986619307382251e-32,1.3548371231698565e-33
7,lbfgs,1689,5963.343999999998,8598.681599999996,1.1915403275315654e-07,1.1772300818481778e-07,2.1012334975056018e-09,4.1090189700227735e-08,7.453158498708444e-08,1.200222712460021e-09,0.0,5.895023953112967e-25,1.0990629648454942e-32,1.3557875338146504e-33
7,lbfgs,1699,5963.343999999998,8598.681599999996,1.1530276574129164e-07,1.1342875391904333e-07,1.9313679759859223e-09,3.987095116699847e-08,7.162643477605894e-08,1.6431336278130212e-09,0.0,3.476430837687587e-25,1.0990820851065009e-32,1.356420583466655e-33
7,lbfgs,1709,5963.343999999998,8598.681599999996,1.1253233395249015e-07,1.1080036684807159e-07,1.1109749064465862e-09,3.66647252134684e-08,7.30246667281566e-08,1.5010832638338287e-09,0.0,1.9084511629563616e-25,1.0988538327804434e-32,1.355743537521233e-33
7,lbfgs,1719,5963.343999999998,8598.681599999996,1.1135773756227663e-07,1.0995119706448409e-07,1.204689161435291e-09,3.664051999114788e-08,7.210598791190092e-08,1.1756596087476853e-09,0.0,2.436061171480232e-25,1.0992042186239335e-32,1.356071046421398e-33
7,lbfgs,1729,5963.343999999998,8598.681599999996,1.085268453525954e-07,1.062592850273817e-07,1.1786254408226601e-09,3.6208373257838376e-08,6.887228632872066e-08,2.036651218711858e-09,0.0,2.15755347298903e-25,1.0991127184051567e-32,1.357639836750873e-33
7,lbfgs,1739,5963.343999999998,8598.681599999996,1.0310911628137464e-07,1.0123809858383674e-07,1.8275598316328249e-09,3.2992615124263376e-08,6.641792362794053e-08,1.6401057901853173e-09,0.0,6.584684590005797e-25,1.0974352445553556e-32,1.3555394472937347e-33
7,lbfgs,1749,5963.343999999998,8598.681599999996,8.518972335932712e-08,8.323132285330617e-08,1.182951907845042e-09,3.1981679176059486e-08,5.0066691769401635e-08,1.72716774678214e-09,0.0,4.349680090366655e-25,1.0976468265223894e-32,1.3567364865901936e-33
7,lbfgs,1759,5963.343999999998,8598.681599999996,8.335209321012455e-08,8.099337258586242e-08,1.1535784489100795e-09,3.2699867848813016e-08,4.713992628813933e-08,2.1275368372033245e-09,0.0,3.5417306253896745e-25,1.0979966098419839e-32,1.3578007005744777e-33
7,lbfgs,1769,5963.343999999998,8598.681599999996,8.138538380289121e-08,7.998681436779482e-08,9.878402938225712e-10,3.3249529521357986e-08,4.5749444552614265e-08,1.1673281755227976e-09,0.0,3.1749997540345026e-25,1.0985521103642455e-32,1.3581480268268582e-33
7,lbfgs,1779,5963.343999999998,8598.681599999996,8.090286503761493e-08,7.960232761087567e-08,8.714332414603271e-10,3.391244885346957e-08,4.481844551594578e-08,1.0692916667820475e-09,0.0,1.8415169591500758e-25,1.0984670038855871e-32,1.3582655037432967e-33
7,lbfgs,1789,5963.343999999998,8598.681599999996,8.077961317297446e-08,7.953670137489278e-08,8.594604993189277e-10,3.3862142413446874e-08,4.4815098462126974e-08,1.0116654644625289e-09,0.0,1.7994215409467574e-25,1.0985023741639159e-32,1.3584106842150755e-33
7,lbfgs,1799,5963.343999999998,8598.681599999996,8.066599013386982e-08,7.939072715042829e-08,8.62897137512038e-10,3.399733584057601e-08,4.453049417234024e-08,1.0440142462585007e-09,0.0,1.6737702077434904e-25,1.0984706199912165e-32,1.3582467981840561e-33
7,lbfgs,1809,5963.343999999998,8598.681599999996,8.055626295055373e-08,7.933252865334226e-08,8.476143582950546e-10,3.388620831719976e-08,4.459870597784744e-08,9.92485704727601e-10,0.0,1.682090975648129e-25,1.0985001875818016e-32,1.3583971796572067e-33
7,lbfgs,1819,5963.343999999998,8598.681599999996,8.04486613323943e-08,7.918978780418791e-08,8.49907334131727e-10,3.397583124454345e-08,4.436404922551274e-08,1.0276228468621558e-09,0.0,1.5939127405221136e-25,1.0984675727920857e-32,1.3582449045692188e-33
7,lbfgs,1829,5963.343999999998,8598.681599999996,8.034244329893774e-08,7.91322014626879e-08,8.329018293577684e-10,3.38436958654631e-08,4.4455603767867025e-08,9.789914467829593e-10,0.0,1.6155049077274953e-25,1.098496203649095e-32,1.3583956896662512e-33
7,lbfgs,1839,5963.343999999998,8598.681599999996,8.023740409680852e-08,7.899079768458855e-08,8.346839095767841e-10,3.391849208168583e-08,4.423762169332593e-08,1.0153540452477862e-09,0.0,1.5410674597151693e-25,1.0984638267763188e-32,1.3582473112648936e-33
7,lbfgs,1849,5963.343999999998,8598.681599999996,8.013335212222917e-08,7.893403812325365e-08,8.173997009518502e-10,3.377991704909352e-08,4.433672137320828e-08,9.680619730550927e-10,0.0,1.5669512001611305e-25,1.0984924743380799e-32,1.3583970022316232e-33
7,lbfgs,1859,5963.343999999998,8598.681599999996,8.003028586160865e-08,7.87939734431268e-08,8.190906726041019e-10,3.384875492756281e-08,4.412612784295989e-08,1.0050584649151144e-09,0.0,1.5000606284565833e-25,1.0984606181997734e-32,1.3582507926472869e-33
7,lbfgs,1869,5963.343999999998,8598.681599999996,7.992810035495086e-08,7.87382854196125e-08,8.021562684119269e-10,3.370848032515323e-08,4.422764882604734e-08,9.585613392151921e-10,0.0,1.5279462532577854e-25,1.0984894473453472e-32,1.3583989818005086e-33
7,lbfgs,1879,5963.343999999998,8598.681599999996,7.982682967054645e-08,7.859966282408863e-08,8.039226469581658e-10,3.3774397382642706e-08,4.402134279448776e-08,9.959113525339571e-10,0.0,1.4665521049099496e-25,1.0984581073480141e-32,1.3582544622531347e-33
7,lbfgs,1889,5963.343999999998,8598.681599999996,7.97263895119385e-08,7.854516944548419e-08,7.875964508574732e-10,3.363417984580008e-08,4.412339314882664e-08,9.499649353806853e-10,0.0,1.49574940669666e-25,1.0984870822146696e-32,1.3584010741298652e-33
7,lbfgs,1899,5963.343999999998,8598.681599999996,7.962682196695024e-08,7.840804170172512e-08,7.894981208498057e-10,3.369837370450363e-08,4.392016987637168e-08,9.875232592215949e-10,0.0,1.4389652934169152e-25,1.0984561795129808e-32,1.3582580859363958e-33
7,lbfgs,1909,5963.343999999998,8598.681599999996,7.952805051977664e-08,7.83547921927915e-08,7.738832882463938e-10,3.355894162573478e-08,4.4021967278810326e-08,9.42001685360374e-10,0.0,1.4692020936919597e-25,1.0984852259012118e-32,1.3584031395202522e-33
7,lbfgs,1919,5963.343999999998,8598.681599999996,7.943011902987692e-08,7.82191740111694e-08,7.759381223923293e-10,3.362194612091634e-08,4.382128976786073e-08,9.79686522158822e-10,0.0,1.4165293011578262e-25,1.0984546793981472e-32,1.3582616166708533e-33
7,lbfgs,1929,5963.343999999998,8598.681599999996,7.933295523196701e-08,7.816717986978265e-08,7.610696042244355e-10,3.3483629050222464e-08,4.392248121533575e-08,9.345172299430263e-10,0.0,1.447652479747211e-25,1.0984837308975062e-32,1.3584051548567075e-33
7,lbfgs,1939,5963.343999999998,8598.681599999996,7.923660288267974e-08,7.80330645081809e-08,7.632783449443568e-10,3.354571011602858e-08,4.372407604720796e-08,9.722784057872951e-10,0.0,1.398747476939456e-25,1.098453476115621e-32,1.3582650593780273e-33
7,lbfgs,1949,5963.343999999998,8598.681599999996,7.914099269935293e-08,7.798231750015747e-08,7.491590476659543e-10,3.340866482371867e-08,4.3824493628772843e-08,9.274155938860185e-10,0.0,1.4306422207850866e-25,1.098482483608384e-32,1.358407128375667e-33
7,lbfgs,1959,5963.343999999998,8598.681599999996,7.904616768174363e-08,7.784968609471199e-08,7.515150969925896e-10,3.346996895265046e-08,4.362820204506894e-08,9.65220162623e-10,0.0,1.3852362734085787e-25,1.0984524737383357e-32,1.3582684303993722e-33
7,lbfgs,1969,5963.343999999998,8598.681599999996,7.89520609840614e-08,7.780016690158758e-08,7.381319678286192e-10,3.333426952939384e-08,4.3727765404365106e-08,9.206330200414126e-10,0.0,1.4178030378549165e-25,1.0984814039019698e-32,1.3584090741182353e-33
7,lbfgs,1979,5963.343999999998,8598.681599999996,7.885871461953218e-08,7.766899342215425e-08,7.406254875911058e-10,3.339488497634514e-08,4.353348295821801e-08,9.584583323577814e-10,0.0,1.375669822534841e-25,1.098451606130783e-32,1.358271745647102e-33
7,lbfgs,1989,5963.343999999998,8598.681599999996,7.876606390687276e-08,7.762067616159764e-08,7.279572569588402e-10,3.326056253324556e-08,4.363215637139324e-08,9.14125240460002e-10,0.0,1.4088173793622857e-25,1.0984804375560197e-32,1.35841100460909e-33
7,lbfgs,1999,5963.343999999998,8598.681599999996,7.867414980789732e-08,7.749093026413192e-08,7.30577023922448e-10,3.3320546840903286e-08,4.3439806399306196e-08,9.519552521598666e-10,0.0,1.3697578356434785e-25,1.0984508290500444e-32,1.3582750177450087e-33
7,lbfgs,2009,5963.343999999998,8598.681599999996,7.858290964619976e-08,7.744378514585255e-08,7.185982209326677e-10,3.31876087127821e-08,4.353757821213778e-08,9.078605669535315e-10,0.0,1.4034009947339935e-25,1.0984795486333123e-32,1.3584129293070232e-33
7,lbfgs,2019,5963.343999999998,8598.681599999996,7.849238333345765e-08,7.73154339741476e-08,7.213325334812141e-10,3.324700212164059e-08,4.33470993190258e-08,9.45683654320318e-10,0.0,1.3672352798511796e-25,1.0984501133416019e-32,1.3582782559411726e-33
7,lbfgs,2029,5963.343999999998,8598.681599999996,7.840251008778508e-08,7.726942900537901e-08,7.100156992858052e-10,3.311544193715786e-08,4.344397136893535e-08,9.018157335061667e-10,0.0,1.4012940195949134e-25,1.0984787135484311e-32,1.358414854813478e-33
7,lbfgs,2039,5963.343999999998,8598.681599999996,7.831332879775174e-08,7.714243839571896e-08,7.128528495291797e-10,3.3174274399023865e-08,4.325531114716592e-08,9.396232962156616e-10,0.0,1.367856807333995e-25,1.0984494399266298e-32,1.3582814667558422e-33
7,lbfgs,2049,5963.343999999998,8598.681599999996,7.822478048830611e-08,7.709754052353915e-08,7.021698106360601e-10,3.304407771487449e-08,4.335129299802859e-08,8.959732128587499e-10,0.0,1.4022558481589427e-25,1.0984779168774215e-32,1.3584167855010117e-33
7,lbfgs,2059,5963.343999999998,8598.681599999996,7.813690306139293e-08,7.69718758249674e-08,7.050983403916435e-10,3.310237278843084e-08,4.3164404696144925e-08,9.33758741831411e-10,0.0,1.3713933913654343e-25,1.0984487963468356e-32,1.3582846546961458e-33
7,lbfgs,2069,5963.343999999998,8598.681599999996,7.804963927226691e-08,7.69280517088962e-08,6.950209589078253e-10,3.297352039621292e-08,4.3259510353775454e-08,8.903194204963794e-10,0.0,1.4060619158805294e-25,1.0984771485294e-32,1.3584187241310972e-33
7,lbfgs,2079,5963.343999999998,8598.681599999996,7.796302607501443e-08,7.680367833935213e-08,6.980297998793101e-10,3.30312975158749e-08,4.307435102359792e-08,9.280778639377626e-10,0.0,1.3776301191942092e-25,1.0984481744600276e-32,1.3582878228518524e-33
7,lbfgs,2089,5963.343999999998,8598.681599999996,7.787700788520052e-08,7.676089486773065e-08,6.88530418386688e-10,3.2903767449472385e-08,4.3168596999871583e-08,8.848434953033795e-10,0.0,1.4125015469622122e-25,1.0984764018804722e-32,1.3584206723480886e-33
7,lbfgs,2099,5963.343999999998,8598.681599999996,7.77916207475477e-08,7.66377786842845e-08,6.916089669130653e-10,3.296104329744404e-08,4.2985126419927394e-08,9.2257082572581e-10,0.0,1.3863646513221805e-25,1.0984475689277802e-32,1.3582909733393453e-33
7,lbfgs,2109,5963.343999999998,8598.681599999996,7.770681067224006e-08,7.65960033120854e-08,6.826606689922331e-10,3.2834812079098645e-08,4.3078530563994526e-08,8.795364700648201e-10,0.0,1.4213764385079053e-25,1.0984756725561834e-32,1.358422631040313e-33
7,lbfgs,2119,5963.343999999998,8598.681599999996,7.762261283140949e-08,7.647411085082521e-08,6.857988223595736e-10,3.2891601437738795e-08,4.289671059072684e-08,9.172293882759759e-10,0.0,1.3974060885699504e-25,1.0984469762312877e-32,1.3582941076171455e-33
7,lbfgs,2129,5963.343999999998,8598.681599999996,7.753897476763772e-08,7.643331181294654e-08,6.773755795394559e-10,3.276664486122278e-08,4.2989291372184304e-08,8.743907077865773e-10,0.0,1.43249953998038e-25,1.09847495764161e-32,1.3584246005942102e-33
7,lbfgs,2139,5963.343999999998,8598.681599999996,7.745593081565723e-08,7.631261043847623e-08,6.805637493070909e-10,3.282296115417435e-08,4.28090855349948e-08,9.120464409058781e-10,0.0,1.4105740974291552e-25,1.0984463940330969e-32,1.3582972267032307e-33
7,lbfgs,2149,5963.343999999998,8598.681599999996,7.737342999104719e-08,7.627275687795558e-08,6.726404973012282e-10,3.269925478103843e-08,4.290086159961593e-08,8.69399520252327e-10,0.0,1.445694188946919e-25,1.098474255169582e-32,1.3584265810672833e-33
8,adam,0,8598.681599999996,11598.681599999996,0.10882768945905066,0.08162076702532103,0.0002777681793192724,0.058806988175277734,0.022536010670724027,0.027206922341773673,0.0,1.205957398690524e-21,1.960000058342697e-30,2.499999999999994e-31
8,adam,24,8598.681599999996,11598.681599999996,0.027273508374739637,0.013231087342960962,0.00013888333757150993,0.008471466055413726,0.004620737949975726,0.014042420938217795,0.0,5.64151834024614e-23,2.8897747362021505e-31,5.139112416747635e-32
8,adam,49,8598.681599999996,11598.681599999996,0.021369976451154408,0.007896007152424847,2.5645231245942224e-05,0.005168912386411323,0.0027014495347675816,0.013473969202271034,0.0,2.5418100704909253e-23,1.8147518804364549e-31,2.9703229208763547e-32
8,adam,74,8598.681599999996,11598.681599999996,0.01870077558292107,0.005511021683677335,5.168414779176917e-06,0.0037522021111248186,0.0017536511577733388,0.013189753799126356,0.0,1.1476273585024762e-24,1.3448698358483531e-31,1.9133134387275984e-32
8,adam,99,8598.681599999996,11598.681599999996,0.017398001927019485,0.0044421398712229665,4.109584120118118e-06,0.0030260020623255656,0.0014120282247772828,0.012955861952069764,0.0,2.043064149715233e-24,1.0704874875289628e-31,1.5743887470478511e-32
8,adam,124,8598.681599999996,11598.681599999996,0.01664814202355232,0.003909232074391064,1.8809576503867832e-06,0.0026767528283062874,0.00123059828843439,0.012738909842754253,0.0,8.227390318492714e-25,9.191155193866481e-32,1.40405253498379e-32
8,adam,149,8598.681599999996,11598.681599999996,0.01619140186979537,0.0036183547726890627,8.195593345074585e-07,0.002476458073542308,0.0011410771398122474,0.012573046988823854,0.0,2.325334615043861e-25,8.272658029418286e-32,1.3075041404443722e-32
8,adam,174,8598.681599999996,11598.681599999996,0.015862048266570356,0.0034242992619564613,8.066444845810894e-07,0.00234137928320786,0.0010821133342640199,0.012437748894892124,0.0,1.5838007010011317e-25,7.648813735327018e-32,1.2457908262009462e-32
8,adam,199,8598.681599999996,11598.681599999996,0.01560790422680457,0.003297278856185225,8.491029816103488e-07,0.0022576138636470336,0.0010388158895565812,0.012310625259627192,0.0,1.5076495739904058e-25,7.163072660010207e-32,1.198997622568559e-32
8,adam,224,8598.681599999996,11598.681599999996,0.01539289835353033,0.0031818587779123488,8.042120809945598e-07,0.0021886972135412262,0.0009923573522901278,0.012211039463532544,0.0,1.3771111431714273e-25,6.673833272543186e-32,1.1525807834396554e-32
8,adam,249,8598.681599999996,11598.681599999996,0.0152301082582813,0.0031188866003661513,7.14840834958982e-07,0.002150599909083912,0.0009675718504472802,0.012111221544894845,0.0,1.2827156458446626e-25,6.379551661604012e-32,1.1244266131228214e-32
8,adam,274,8598.681599999996,11598.681599999996,0.015078233688770312,0.0030651815097699174,5.049107133101748e-07,0.0021177233105100853,0.0009469532885465222,0.012013052065146896,0.0,7.9213908064366e-26,6.134739843394507e-32,1.1047540781180836e-32
8,adam,299,8598.681599999996,11598.681599999996,0.014916837791652038,0.0029969173413356308,3.045657793132801e-07,0.0020694692323635707,0.0009271435431927468,0.011919920335601674,0.0,4.1908702029527e-26,5.925647410086519e-32,1.0877455067525539e-32
8,adam,324,8598.681599999996,11598.681599999996,0.014706327496906929,0.0028808085441544905,2.5812528367696735e-07,0.0019762504421178273,0.0009042999767529861,0.011825518836953272,0.0,7.141828765034727e-26,5.742707150168917e-32,1.0721981108835342e-32
8,adam,349,8598.681599999996,11598.681599999996,0.014314415978221385,0.002614686695182477,3.6252316566979124e-07,0.0017410906437058695,0.0008732335283109376,0.011699729165500395,0.0,1.0943157813854817e-25,5.560409799259696e-32,1.0550217385420233e-32
8,adam,374,8598.681599999996,11598.681599999996,0.013489295801185658,0.00204618007788117,1.3447748192905618e-06,0.001224517579732961,0.0008203177233289187,0.011443115602699177,0.0,3.870220106617189e-25,5.100561697435477e-32,9.151235234020674e-33
8,adam,399,8598.681599999996,11598.681599999996,0.012594372861075502,0.0016766351989201205,3.546777206315479e-07,0.0010028164031187997,0.0006734641180806892,0.010917737538616168,0.0,3.410745659093792e-25,4.647935379815973e-32,7.519253252887897e-33
8,adam,424,8598.681599999996,11598.681599999996,0.011814502637281338,0.001481832901814749,2.272658952672898e-07,0.0009096139478585513,0.0005719916880609305,0.010332669608946366,0.0,2.130093796713332e-25,4.3753836966196213e-32,6.852878915152038e-33
8,adam,449,8598.681599999996,11598.681599999996,0.011104845939310506,0.001330316840985799,2.0802385922315488e-07,0.0008359572920999184,0.0004941515250266574,0.009774528968855924,0.0,2.0953296477135367e-25,4.12798505148043e-32,6.341530148011593e-33
8,adam,474,8598.681599999996,11598.681599999996,0.01044677408858418,0.0012034106081548037,1.6819874818594353e-07,0.00076840014106442,0.0004348422683421977,0.009243363347933967,0.0,1.9750522399311488e-25,3.90782827896153e-32,5.918366027896247e-33
8,adam,499,8598.681599999996,11598.681599999996,0.009832502021490375,0.0010952414363098913,1.3339271691799245e-07,0.0007099917635833622,0.000385116280009611,0.00873726044960344,0.0,1.8255987535888128e-25,3.7131732764230844e-32,5.528346348931828e-33
8,adam,524,8598.681599999996,11598.681599999996,0.009260556946704798,0.0010038819191168816,1.0627289018257509e-07,0.0006595087212001071,0.0003442669250265919,0.008256674889027477,0.0,1.6766358733059892e-25,3.540388369656609e-32,5.181508763433762e-33
8,adam,549,8598.681599999996,11598.681599999996,0.008744384802276474,0.0009312861290566284,8.153959408217895e-08,0.0006239480619037205,0.00030725652755882567,0.007813098532079546,0.0,1.2219403969306813e-25,3.415855411096788e-32,4.752532712532681e-33
8,adam,574,8598.681599999996,11598.681599999996,0.008245673008255981,0.000865934194031014,5.685793818240319e-08,0.0005784598211198325,0.0002874175149729991,0.007379738670980517,0.0,1.086131064527914e-25,3.259412497063237e-32,4.564267261526311e-33
8,adam,599,8598.681599999996,11598.681599999996,0.0077816406462136905,0.0008058997965939389,4.5286813969457985e-08,0.0005451314670248204,0.000260723042755149,0.006975740704273127,0.0,8.18439479275955e-26,3.1364164459159553e-32,4.362434563661403e-33
8,adam,624,8598.681599999996,11598.681599999996,0.007275420705555511,0.0006812872393398476,4.041930352985436e-08,0.00046422272310712206,0.00021702409692919561,0.006594133318638924,0.0,7.620492301506385e-26,2.9078581869820784e-32,3.81542702901753e-33
8,adam,649,8598.681599999996,11598.681599999996,0.00687433392899529,0.0006405201846804967,2.5682531500413184e-08,0.00043230446072538775,0.00020819004142360857,0.006233813594688653,0.0,6.619411840253553e-26,2.778849005535121e-32,3.6289349605454214e-33
8,adam,674,8598.681599999996,11598.681599999996,0.006491226858403944,0.00059676791846779,1.0554734493237533e-08,0.00040613841191197383,0.00019061895182132294,0.005894458788323399,0.0,3.193525995860592e-26,2.673839733943892e-32,3.476266219666691e-33
8,adam,699,8598.681599999996,11598.681599999996,0.006131782888992931,0.000557354780735344,1.8529359701503924e-08,0.00038049578893122385,0.0001768404624444187,0.005574427954595063,0.0,5.790387987995742e-26,2.5955212911173173e-32,3.285394485770197e-33
8,adam,724,8598.681599999996,11598.681599999996,0.0058238613407273114,0.0005455160312278854,2.4114047562036826e-08,0.0003733979981214115,0.0001720939190589119,0.00527834515396458,0.0,3.095045249251566e-26,2.4333285376715043e-32,3.53301735724993e-33
8,adam,749,8598.681599999996,11598.681599999996,0.00548458134745887,0.0004958271019985876,1.6049464156253828e-08,0.0003339132101662045,0.00016189784236822683,0.004988754088081215,0.0,2.828346769621811e-26,2.4089202095032183e-32,3.043698884523124e-33
8,adam,774,8598.681599999996,11598.681599999996,0.005177532511799159,0.00046083957737375124,2.5739238281845676e-08,0.0003145743416681438,0.0001462394964673256,0.004716692775108447,0.0,5.133758699189458e-26,2.3503920647596885e-32,2.9178289498399073e-33
8,adam,799,8598.681599999996,11598.681599999996,0.007642155323457292,0.0019548503624364387,3.498878212803145e-07,0.0017295647025610766,0.0002249357720540817,0.005687304799258063,0.0,7.73269678650659e-25,3.055326515041933e-32,3.0309976940941162e-33
8,adam,824,8598.681599999996,11598.681599999996,0.02241316458533105,0.00770638344141676,4.2662500168295556e-08,0.0023441381896791833,0.005362202589237408,0.014706780975293527,0.0,6.613751496303199e-26,8.045551671198749e-32,1.5814625704496443e-32
8,adam,849,8598.681599999996,11598.681599999996,0.02085761526654787,0.0067639558075218015,3.5825330153541916e-09,0.002243667301120847,0.004520284923867939,0.014093659288904449,0.0,1.9732806362916936e-27,6.298872927475566e-32,1.2133877396584114e-32
8,adam,874,8598.681599999996,11598.681599999996,0.01932724415760775,0.00604469505287514,3.718275563811404e-09,0.002247938665949611,0.0037967526686499653,0.013282548934150623,0.0,2.9127700613652063e-27,5.593433406669275e-32,1.0447166666307834e-32
8,adam,899,8598.681599999996,11598.681599999996,0.017334345038079606,0.005363262745502945,3.16422843678217e-09,0.002187850616871397,0.00317540896440311,0.01197108212149326,0.0,3.0180371572601157e-27,5.039681805493282e-32,9.090988028157802e-33
8,adam,924,8598.681599999996,11598.681599999996,0.009609512390375307,0.00384551351684599,6.00017006534474e-07,0.001650145374655796,0.0021947681251836596,0.005763998700541228,0.0,2.219763853831854e-24,3.2652287212621066e-32,4.490213116990213e-33
8,adam,949,8598.681599999996,11598.681599999996,0.008092901091548437,0.002929520972787806,9.67515912943363e-08,0.0012799345276837044,0.0016494896935128074,0.00516337994416345,0.0,3.166619036799636e-25,2.160181192855839e-32,2.225648867363405e-33
8,adam,974,8598.681599999996,11598.681599999996,0.007513154244515587,0.002454730348402387,4.563314812134811e-08,0.0011093062931415126,0.001345378422112753,0.005058423721450641,0.0,1.3127544186980238e-25,1.9724758458154348e-32,2.160943354585099e-33
8,adam,999,8598.681599999996,11598.681599999996,0.006906662242289171,0.0020008020523387265,3.197082034359612e-08,0.0010347270503212732,0.0009660430311971098,0.00490586001542916,0.0,9.136817939008912e-26,1.932113041560525e-32,2.3942325275148977e-33
8,adam,1024,8598.681599999996,11598.681599999996,0.006375353237944866,0.0015828842132562739,4.242839925711682e-08,0.000806784480940442,0.0007760573039165747,0.004792468850186956,0.0,1.1739141863407466e-25,2.0021398838429902e-32,2.4031809743751388e-33
8,adam,1049,8598.681599999996,11598.681599999996,0.0060166955057466,0.0013128906910582264,4.9618073127724483e-08,0.000579846629619417,0.0007329944433656817,0.004703804640132841,0.0,1.3887564736987396e-25,2.054628039280846e-32,2.2517531144950848e-33
8,adam,1074,8598.681599999996,11598.681599999996,0.005763200924218902,0.0011511459681436856,4.7294007635005115e-08,0.0004743778143249265,0.000676720859811124,0.004612054781391228,0.0,1.314501801698571e-25,2.0345499566453712e-32,2.211100885035458e-33
8,adam,1099,8598.681599999996,11598.681599999996,0.0055410978298278705,0.0010203810293655754,3.968619206680175e-08,0.0004185936028506039,0.0006017477403229047,0.004520716625628786,0.0,1.1001305151259139e-25,1.9526744977342004e-32,2.231961027474854e-33
8,adam,1124,8598.681599999996,11598.681599999996,0.005340614288622852,0.0009080087487086501,3.199176402249857e-08,0.00036851729066371674,0.0005394594662809107,0.004432605364932264,0.0,9.059527990086522e-26,1.8856742820021083e-32,2.2507766012191148e-33
8,adam,1149,8598.681599999996,11598.681599999996,0.005159651440068183,0.0008122409331236347,2.598417432462292e-08,0.00032424431634715844,0.0004879706326021516,0.004347410331801598,0.0,7.53022787145997e-26,1.8307646922987378e-32,2.2703843990982582e-33
8,adam,1174,8598.681599999996,11598.681599999996,0.004997026325022045,0.0007329453298110166,2.138295255199386e-08,0.0002885617670149117,0.000444362179843553,0.004264080819885366,0.0,6.235020507454201e-26,1.7817449714868348e-32,2.3081632445967784e-33
8,adam,1199,8598.681599999996,11598.681599999996,0.004850576198310367,0.0006686301153886601,1.7911592514433064e-08,0.0002597626434417193,0.00040884956035442635,0.004181945907390108,0.0,5.1608468416273546e-26,1.739437984805363e-32,2.3586084796274105e-33
8,adam,1224,8598.681599999996,11598.681599999996,0.004719485100566417,0.0006203911501061624,1.4998215850108053e-08,0.00023134263827922347,0.0003890335136110888,0.004099093774688554,0.0,3.958271844901197e-26,1.6242003273114742e-32,2.3234207977510437e-33
8,adam,1249,8598.681599999996,11598.681599999996,0.0045952883821988935,0.0005786890698786121,1.3555144563255859e-08,0.00021594722504077816,0.00036272828969327066,0.004016599136295387,0.0,3.521536423525833e-26,1.594372106987134e-32,2.3773457075466836e-33
8,adam,1274,8598.681599999996,11598.681599999996,0.004477858507176971,0.000542308462858602,1.2376470932894605e-08,0.00020256874123410765,0.00033972734515356134,0.003935549868038605,0.0,3.13581302833332e-26,1.5698148476205477e-32,2.4147004108973558e-33
8,adam,1299,8598.681599999996,11598.681599999996,0.004365930725752607,0.0005104048369106512,1.1415458233186723e-08,0.00019124066541400587,0.00031915275603841217,0.003855525712303119,0.0,2.8047482278936943e-26,1.5484089230118703e-32,2.442403415617599e-33
8,adam,1324,8598.681599999996,11598.681599999996,0.004258618948395292,0.00048236383837181845,1.066968193854738e-08,0.00018160113266320815,0.00030075203602667177,0.003776254933219206,0.0,2.5396747800277406e-26,1.52912155145812e-32,2.4638494696663775e-33
8,adam,1349,8598.681599999996,11598.681599999996,0.004155267928136731,0.00045766397712724037,1.0104930519618818e-08,0.0001733488864945273,0.00028430498570219346,0.003697603773932709,0.0,2.3353801604980647e-26,1.5114087784794477e-32,2.4808953437168285e-33
8,adam,1374,8598.681599999996,11598.681599999996,0.00405536776034678,0.000435850976244502,9.677546347023461e-09,0.00016625703429536622,0.00026958426440278874,0.0036195166067460646,0.0,2.179919200267816e-26,1.4949373884791614e-32,2.4947124819362647e-33
8,adam,1399,8598.681599999996,11598.681599999996,0.003958503598773059,0.00041652177448234294,9.33943007228345e-09,0.00016012476607925216,0.00025638766897301854,0.00354198164664875,0.0,2.0576197896682592e-26,1.4794984480841728e-32,2.5059051081658714e-33
8,lbfgs,1400,8598.681599999996,11598.681599999996,0.003964025475019148,0.0004251334697300792,9.06918142094839e-09,0.00016552123961552105,0.0002596031609331372,0.0035388918276355505,0.0,2.0247020854389896e-26,1.4993097312216345e-32,2.569103448823363e-33
8,lbfgs,1409,8598.681599999996,11598.681599999996,0.0023041396711723115,0.000594604253477373,1.5934218836250084e-08,0.00022083505599160093,0.0003737532632669358,0.0017095352384488012,0.0,1.688067863878468e-26,1.697557666262014e-32,5.5643599248007774e-33
8,lbfgs,1419,8598.681599999996,11598.681599999996,0.0005950768695165635,0.00034502446899640555,8.867009650326069e-07,0.00025908272798484336,8.505504004652957e-05,0.00025005221405197743,0.0,8.2525662626232195e-25,1.4996664724998052e-32,1.4873841992045365e-33
8,lbfgs,1429,8598.681599999996,11598.681599999996,0.00018947100093487758,0.0001736145869837407,4.5324744220600124e-08,6.515638546185525e-05,0.00010841287677766485,1.5856224063821718e-05,0.0,3.17962150330982e-26,9.371033236147174e-33,1.8601137117146527e-33
8,lbfgs,1439,8598.681599999996,11598.681599999996,0.0001486564961960644,0.00014648052240987962,1.227856847175221e-07,7.076373515032348e-05,7.559400157483863e-05,2.1757769966099234e-06,0.0,9.353144972137854e-26,1.142839311181661e-32,1.9199415901396074e-33
8,lbfgs,1449,8598.681599999996,11598.681599999996,0.00013965818746781655,0.00013936756065688544,2.1419529284193627e-08,5.5020289835449794e-05,8.432585129215144e-05,2.9042983303293626e-07,0.0,3.049534711532761e-26,1.1307031060158142e-32,1.950605769268264e-33
8,lbfgs,1459,8598.681599999996,11598.681599999996,7.145701764458613e-05,6.999440786473109e-05,1.3306127652137797e-07,2.0296499517574904e-05,4.956484707063481e-05,1.4624102936584204e-06,0.0,2.6419315469087054e-25,1.003763301665168e-32,1.567859276769748e-33
8,lbfgs,1469,8598.681599999996,11598.681599999996,5.0310923557454815e-05,4.97252780304874e-05,9.322766115352084e-08,1.8364706863816245e-05,3.126734350551764e-05,5.854503138549458e-07,0.0,3.88700575901825e-26,9.581696002618034e-33,1.4794949058744667e-33
8,lbfgs,1479,8598.681599999996,11598.681599999996,3.886609092728407e-05,3.845064272528598e-05,1.607539060633033e-07,1.3083733242608657e-05,2.5206155576614016e-05,4.152546505275272e-07,0.0,1.650251002619573e-25,8.863533731061402e-33,1.3599971916297934e-33
8,lbfgs,1489,8598.681599999996,11598.681599999996,3.2517883152764455e-05,3.107102710733937e-05,5.5492044418817054e-08,9.69446229140515e-06,2.1321072771515405e-05,1.4466598207810766e-06,0.0,1.0067537268069543e-25,9.459842138037941e-33,1.399968438293778e-33
8,lbfgs,1499,8598.681599999996,11598.681599999996,1.637026328088675e-05,1.605139528872749e-05,3.679294167717884e-08,1.1738304299392343e-05,4.276298047657968e-06,3.186657258769592e-07,0.0,1.1073926183814382e-25,8.931621522511922e-33,1.2531219272138925e-33
8,lbfgs,1509,8598.681599999996,11598.681599999996,1.0776694430020155e-05,9.855332127824452e-06,5.055104916383827e-08,6.776691235658458e-06,3.0280898430021552e-06,9.21155408493758e-07,0.0,1.8292956537427403e-25,8.890081104715354e-33,1.1696551608212376e-33
8,lbfgs,1519,8598.681599999996,11598.681599999996,9.052067885981352e-06,8.894080900681841e-06,2.811069612677704e-08,4.970079583858442e-06,3.895890620696623e-06,1.5777982349082308e-07,0.0,9.314462101901134e-26,8.976425898119503e-33,1.2280367345953897e-33
8,lbfgs,1529,8598.681599999996,11598.681599999996,8.18416238022807e-06,7.586397193128058e-06,1.1162386018164276e-08,3.2989116930598965e-06,4.276323114049998e-06,5.975555465690243e-07,0.0,4.159511356044496e-26,9.098249590276176e-33,1.2322375490075296e-33
8,lbfgs,1539,8598.681599999996,11598.681599999996,6.467552069152984e-06,6.106080156742601e-06,5.2258463414254164e-08,2.8958314712592016e-06,3.1579902220691446e-06,3.6125480063826974e-07,0.0,1.7641897015564811e-25,9.2318657395047e-33,1.2404543296275419e-33
8,lbfgs,1549,8598.681599999996,11598.681599999996,3.7054175550350887e-06,3.590364445058673e-06,9.79934931838285e-09,1.4658118158744525e-06,2.1147532798658376e-06,1.1482592336206635e-07,0.0,2.2129002909468955e-26,9.342138143212053e-33,1.2349722675241197e-33
8,lbfgs,1559,8598.681599999996,11598.681599999996,2.963774299766098e-06,2.7160230430917538e-06,3.4776685930776815e-08,1.5464741540670225e-06,1.1347722030939546e-06,2.4752350003157535e-07,0.0,5.398197353876092e-26,9.313138925624584e-33,1.2204347458474383e-33
8,lbfgs,1569,8598.681599999996,11598.681599999996,2.136897896206235e-06,1.960197589190881e-06,5.128608318534324e-08,9.360889016743584e-07,9.728226043311794e-07,1.7646750319739395e-07,0.0,1.7389253257714997e-25,9.336243457234834e-33,1.2185105426450905e-33
8,lbfgs,1579,8598.681599999996,11598.681599999996,1.5391996704488327e-06,1.4502247756287603e-06,1.127587747508517e-08,3.9232248528800075e-07,1.0466264128656744e-06,8.87319541085376e-08,0.0,3.091540933051671e-26,9.459711682932211e-33,1.221744181961051e-33
8,lbfgs,1589,8598.681599999996,11598.681599999996,1.3480015456529985e-06,1.2657192774998085e-06,1.7580546700047156e-08,3.53853259059383e-07,8.942854717403783e-07,8.203431371768113e-08,0.0,4.6755148037340235e-26,9.445957145309875e-33,1.2272726987324279e-33
8,lbfgs,1599,8598.681599999996,11598.681599999996,1.0585562542396352e-06,1.0197537771713263e-06,7.665163874945595e-09,4.043642665708835e-07,6.077243467254971e-07,3.855496552183633e-08,0.0,2.0015977820115955e-26,9.458778194405165e-33,1.2163616898053166e-33
8,lbfgs,1609,8598.681599999996,11598.681599999996,1.0211786499119953e-06,9.964303751913933e-07,9.461196936380012e-09,3.8391616600514067e-07,6.030530122498726e-07,2.4499376306336596e-08,0.0,2.5231864459827202e-26,9.43423644648423e-33,1.2108550234897087e-33
8,lbfgs,1619,8598.681599999996,11598.681599999996,9.424838893242026e-07,8.817562393880113e-07,8.17703119352471e-09,4.002234139318324e-07,4.733557942626542e-07,6.047434840995388e-08,0.0,2.1974422772992855e-26,9.438832900239949e-33,1.2042845107441436e-33
8,lbfgs,1629,8598.681599999996,11598.681599999996,5.792416279174839e-07,5.634892015382e-07,9.416692684643454e-09,2.594456544977316e-07,2.9462685435582484e-07,1.5500302242354553e-08,0.0,3.145144782447132e-26,9.454188315657625e-33,1.2086796456715773e-33
8,lbfgs,1639,8598.681599999996,11598.681599999996,5.328794672318031e-07,5.154405911728624e-07,4.896823239597318e-09,2.660493727559895e-07,2.4449439517727563e-07,1.7187257713082783e-08,0.0,1.480164205182036e-26,9.47941706148089e-33,1.2067212649182099e-33
8,lbfgs,1649,8598.681599999996,11598.681599999996,3.4661765257211874e-07,3.328239912310817e-07,3.2448328122466134e-08,1.7276566642577208e-07,1.2760999668284347e-07,1.3541617425343148e-08,0.0,9.14579610504191e-26,9.456152785796626e-33,1.1988317979822424e-33
8,lbfgs,1659,8598.681599999996,11598.681599999996,2.888451197385068e-07,2.8186908752669323e-07,1.584606184472741e-08,1.330650224877733e-07,1.329580031941925e-07,6.724859968977075e-09,0.0,4.3004509781762783e-26,9.454737631968255e-33,1.2045044986248501e-33
8,lbfgs,1669,8598.681599999996,11598.681599999996,2.3244511199675628e-07,2.31152142124868e-07,2.940018512967294e-09,1.1295921966937473e-07,1.1525290394252598e-07,1.0396430174167972e-09,0.0,9.024710992073446e-27,9.472246372929275e-33,1.200392950583198e-33
8,lbfgs,1679,8598.681599999996,11598.681599999996,2.0460765548328213e-07,2.0156922493935826e-07,2.697001249791626e-09,1.2300061286957604e-07,7.58716108199906e-08,2.7835303169240085e-09,0.0,7.415608779627062e-27,9.477934355792379e-33,1.2019400517800987e-33
8,lbfgs,1689,8598.681599999996,11598.681599999996,1.871711372281321e-07,1.843899482016491e-07,1.7865949236722387e-09,1.2657698273831047e-07,5.602637053966639e-08,2.5272598992960236e-09,0.0,5.243324932034486e-27,9.459793378740074e-33,1.1996098853925564e-33
8,lbfgs,1699,8598.681599999996,11598.681599999996,1.8713163873577792e-07,1.8438015227423632e-07,1.7825893674655827e-09,1.268176272850057e-07,5.577993562176507e-08,2.49754397016016e-09,0.0,5.25190068367186e-27,9.459358449287014e-33,1.1995094108262902e-33
8,lbfgs,1709,8598.681599999996,11598.681599999996,1.8709688562241403e-07,1.843325933888383e-07,1.7877541249369165e-09,1.2666232761579694e-07,5.5882511648104445e-08,2.5103444254610486e-09,0.0,5.272365169548442e-27,9.459258013366211e-33,1.1995102068208476e-33
8,lbfgs,1719,8598.681599999996,11598.681599999996,1.8706836238700933e-07,1.843129487342731e-07,1.783799639909525e-09,1.267202577443541e-07,5.580889135000951e-08,2.501465289644742e-09,0.0,5.260339451771307e-27,9.45931175946045e-33,1.1995082811949738e-33
8,lbfgs,1729,8598.681599999996,11598.681599999996,1.8703415791892806e-07,1.8430058579154872e-07,1.7756639117745077e-09,1.26898848031239e-07,5.562607384853521e-08,2.4796270352817383e-09,0.0,5.2330660669329275e-27,9.459308495456781e-33,1.1995154651641545e-33
8,lbfgs,1739,8598.681599999996,11598.681599999996,1.8700531601911767e-07,1.8426293099835408e-07,1.7784438889453032e-09,1.2679124349107746e-07,5.5693243618331314e-08,2.488435766843541e-09,0.0,5.244576515951201e-27,9.459280249968193e-33,1.1995121496074658e-33
8,lbfgs,1749,8598.681599999996,11598.681599999996,1.8697202341996393e-07,1.8420073698021203e-07,1.7863026960576195e-09,1.26508860069882e-07,5.5905574214272423e-08,2.5173267974233446e-09,0.0,5.275507917780501e-27,9.459361507768162e-33,1.1994923618286224e-33
8,lbfgs,1759,8598.681599999996,11598.681599999996,1.8694248248478648e-07,1.8418627291028935e-07,1.7809119576006349e-09,1.2661511424463954e-07,5.579024670804918e-08,2.502251497311844e-09,0.0,5.2585563566543655e-27,9.459348849718423e-33,1.1994988346915884e-33
8,lbfgs,1769,8598.681599999996,11598.681599999996,1.869148331637949e-07,1.841649441220151e-07,1.7785061947376528e-09,1.2664885940257258e-07,5.5737578524704886e-08,2.4959306277688637e-09,0.0,5.2516904248854145e-27,9.459323438857867e-33,1.1995022886577793e-33
8,lbfgs,1779,8598.681599999996,11598.681599999996,1.8687994852593603e-07,1.841481025969715e-07,1.7731325976112127e-09,1.267832182249994e-07,5.559175177436089e-08,2.4778898380885073e-09,0.0,5.234075543383529e-27,9.459201526015616e-33,1.1995180933833134e-33
8,lbfgs,1789,8598.681599999996,11598.681599999996,1.8685205806953723e-07,1.8411390974017068e-07,1.7743562268462443e-09,1.2670338279251987e-07,5.5636170720804574e-08,2.4841882947760266e-09,0.0,5.240231070806736e-27,9.459240039173166e-33,1.1995107880443632e-33
8,lbfgs,1799,8598.681599999996,11598.681599999996,1.868178814926286e-07,1.840565506644109e-07,1.7792326270176071e-09,1.2647206875449802e-07,5.5805249282895285e-08,2.507361805528563e-09,0.0,5.260437707772958e-27,9.459417144301367e-33,1.199484658249909e-33
8,lbfgs,1809,8598.681599999996,11598.681599999996,1.8678947160401407e-07,1.8403958021266635e-07,1.7755650881365262e-09,1.2654833220658018e-07,5.571568291794965e-08,2.4959235184333672e-09,0.0,5.2493724618584306e-27,9.459346458076749e-33,1.1994943683316352e-33
8,lbfgs,1819,8598.681599999996,11598.681599999996,1.8675660987213677e-07,1.8404053537388048e-07,1.7662784581566292e-09,1.2682982781570105e-07,5.544442910002282e-08,2.462113499802326e-09,0.0,5.218606953929122e-27,9.459075840927955e-33,1.199531368959221e-33
8,lbfgs,1829,8598.681599999996,11598.681599999996,1.867271403920495e-07,1.839985045554916e-07,1.769258907397682e-09,1.266896167297683e-07,5.553962891832561e-08,2.4746687699592194e-09,0.0,5.230447982511745e-27,9.459174950051397e-33,1.1995153285040165e-33
8,lbfgs,1839,8598.681599999996,11598.681599999996,1.8669957290668813e-07,1.8396575704071625e-07,1.7699535356902458e-09,1.266198206526277e-07,5.5575982852398294e-08,2.479845242457268e-09,0.0,5.234646632717062e-27,9.459222705203759e-33,1.1995076076565364e-33
8,lbfgs,1849,8598.681599999996,11598.681599999996,1.8666519482224135e-07,1.8391169213136396e-07,1.7736582401144519e-09,1.264129148315252e-07,5.572511905972433e-08,2.4995243010641792e-09,0.0,5.250217003599708e-27,9.45940032950728e-33,1.1994819940432355e-33
8,lbfgs,1859,8598.681599999996,11598.681599999996,1.8663723943215377e-07,1.8389333520714806e-07,1.7706472896207303e-09,1.2647693796444012e-07,5.564574995308723e-08,2.489926462490875e-09,0.0,5.2414828577001454e-27,9.459324842190452e-33,1.1994916199846915e-33
8,lbfgs,1869,8598.681599999996,11598.681599999996,1.8660389269256577e-07,1.8388905174668322e-07,1.762841390402914e-09,1.2672578485215782e-07,5.540042550412249e-08,2.460868422168739e-09,0.0,5.216374589693612e-27,9.459066902607719e-33,1.1995261871960765e-33
8,lbfgs,1879,8598.681599999996,11598.681599999996,1.8657512978526628e-07,1.8384990574365252e-07,1.7650545665187503e-09,1.2660125240087705e-07,5.548359877625673e-08,2.4712462204346258e-09,0.0,5.2254519984246294e-27,9.459165674873028e-33,1.1995110508243743e-33
8,lbfgs,1889,8598.681599999996,11598.681599999996,1.8654779560406905e-07,1.8381825372509448e-07,1.7655044382734169e-09,1.265372267881787e-07,5.5515522498642366e-08,2.4755608082504263e-09,0.0,5.228664325544465e-27,9.45921013060301e-33,1.1995039231103474e-33
8,lbfgs,1899,8598.681599999996,11598.681599999996,1.8651334531262316e-07,1.8376705710195693e-07,1.7685524878258937e-09,1.2634806606593415e-07,5.565043854819689e-08,2.492300292411016e-09,0.0,5.241484410985473e-27,9.459369270665588e-33,1.1994808089745262e-33
8,lbfgs,1909,8598.681599999996,11598.681599999996,1.8648571870030464e-07,1.837476295339678e-07,1.7658941781070274e-09,1.264043200247813e-07,5.5577415331079495e-08,2.4841014592726473e-09,0.0,5.234038417147832e-27,9.459300193276769e-33,1.1994894086354112e-33
8,lbfgs,1919,8598.681599999996,11598.681599999996,1.8645209240532639e-07,1.8373900541838297e-07,1.7590024067012445e-09,1.2662818463175901e-07,5.535181837992272e-08,2.4591032886908414e-09,0.0,5.2125093495099436e-27,9.459070424522019e-33,1.1995198078710932e-33
8,lbfgs,1929,8598.681599999996,11598.681599999996,1.8642384126494768e-07,1.8370212504829627e-07,1.7607793567163035e-09,1.2651440110762553e-07,5.542694458395444e-08,2.4677278162437376e-09,0.0,5.2199479338094646e-27,9.459159060326712e-33,1.1995064452306064e-33
8,lbfgs,1939,8598.681599999996,11598.681599999996,1.8639177947069532e-07,1.8363754467896304e-07,1.7683203820970923e-09,1.2615565211812228e-07,5.5713572178743666e-08,2.500234895246226e-09,0.0,5.247174299117746e-27,9.459467487770071e-33,1.1994631906026646e-33
8,lbfgs,1949,8598.681599999996,11598.681599999996,1.8636224358510063e-07,1.8362273878253552e-07,1.7636498146979133e-09,1.2628128631923343e-07,5.557780264860419e-08,2.485507234922001e-09,0.0,5.233354289092345e-27,9.459337367621711e-33,1.1994799700778338e-33
8,lbfgs,1959,8598.681599999996,11598.681599999996,1.8633488652510684e-07,1.836024326989758e-07,1.7612372574061016e-09,1.2633114339237593e-07,5.551005204919377e-08,2.478456156561525e-09,0.0,5.226802195229272e-27,9.459276126307039e-33,1.1994873480762561e-33
8,lbfgs,1969,8598.681599999996,11598.681599999996,1.8630109021348441e-07,1.8359015675502754e-07,1.7550378133507971e-09,1.2653296272570692e-07,5.530215621596984e-08,2.4569388486769304e-09,0.0,5.207934974691586e-27,9.459074261312792e-33,1.1995133331722028e-33
8,lbfgs,1979,8598.681599999996,11598.681599999996,1.862732473535851e-07,1.8355514623966573e-07,1.7565032742885402e-09,1.2642831215733268e-07,5.537033080804451e-08,2.4641022665124483e-09,0.0,5.214192546472162e-27,9.45915197327458e-33,1.1995018693481958e-33
8,lbfgs,1989,8598.681599999996,11598.681599999996,1.8624070743549434e-07,1.8349516386601808e-07,1.763050449367755e-09,1.2610035307788725e-07,5.563176033876308e-08,2.491534597391951e-09,0.0,5.237651337128156e-27,9.459422037158124e-33,1.1994649369854297e-33
8,lbfgs,1999,8598.681599999996,11598.681599999996,1.8621185261393604e-07,1.834787587378585e-07,1.758872357992629e-09,1.2621345513644473e-07,5.550643124342116e-08,2.4790865968458124e-09,0.0,5.225546406856952e-27,9.459307261523467e-33,1.1994790847867168e-33
8,lbfgs,2009,8598.681599999996,11598.681599999996,1.8618472684711763e-07,1.8345773131883557e-07,1.7566557889344527e-09,1.2625754664192687e-07,5.544352888797424e-08,2.472987904298463e-09,0.0,5.219689041819154e-27,9.459253251981601e-33,1.1994852900722749e-33
8,lbfgs,2019,8598.681599999996,11598.681599999996,1.8615083424202205e-07,1.8344241279154074e-07,1.7510277406532584e-09,1.2643925832707234e-07,5.525212672381515e-08,2.4544161344822992e-09,0.0,5.202952703867673e-27,9.45907604843029e-33,1.1995072059234844e-33
8,lbfgs,2029,8598.681599999996,11598.681599999996,1.8612332936304156e-07,1.8340894518587464e-07,1.7522467952599358e-09,1.263428505012451e-07,5.5313847889369595e-08,2.4603749901909786e-09,0.0,5.208281135172024e-27,9.45914394805074e-33,1.199497451155312e-33
8,lbfgs,2039,8598.681599999996,11598.681599999996,1.8609045494089029e-07,1.8335283417650676e-07,1.7579706709526815e-09,1.260430119948336e-07,5.5551851510720496e-08,2.4836025498771016e-09,0.0,5.2286816516612214e-27,9.459380327957363e-33,1.1994662929503948e-33
8,lbfgs,2049,8598.681599999996,11598.681599999996,1.8606214836378413e-07,1.83335134300573e-07,1.7541938997606056e-09,1.2614472104235722e-07,5.543621935845517e-08,2.472997040986125e-09,0.0,5.217952278968265e-27,9.459279232418029e-33,1.199478051133242e-33
8,lbfgs,2059,8598.681599999996,11598.681599999996,1.8603522607006695e-07,1.8331352287803333e-07,1.7521425469846457e-09,1.2618354476370418e-07,5.5377835567344526e-08,2.4676856327598918e-09,0.0,5.212663540685264e-27,9.459231549018933e-33,1.1994831837060673e-33
8,lbfgs,2069,8598.681599999996,11598.681599999996,1.8600129016297686e-07,1.8329567131108818e-07,1.7470032164021117e-09,1.2634687098084718e-07,5.5201797113838884e-08,2.4516029930058846e-09,0.0,5.1976935869822464e-27,9.45907573170608e-33,1.199501471296468e-33
8,lbfgs,2079,8598.681599999996,11598.681599999996,1.8597407179155574e-07,1.8326348402212683e-07,1.7480172873366702e-09,1.2625797177254388e-07,5.52574949622463e-08,2.4565683343345965e-09,0.0,5.202257599484683e-27,9.459135071575909e-33,1.1994932455018724e-33
8,lbfgs,2089,8598.681599999996,11598.681599999996,1.859409659877949e-07,1.8321066890178097e-07,1.7530379711739166e-09,1.2598394332945177e-07,5.5473687601155284e-08,2.4762695329328486e-09,0.0,5.2200998988529796e-27,9.459342258324036e-33,1.199467093055795e-33
8,lbfgs,2099,8598.681599999996,11598.681599999996,1.8591311132179047e-07,1.8319190281262452e-07,1.7496008458476763e-09,1.2607518053928972e-07,5.5367121427487123e-08,2.4671817407212867e-09,0.0,5.2105132961187166e-27,9.459253073165893e-33,1.1994768079673503e-33
9,adam,0,11598.681599999996,14598.681599999996,0.1088274431772659,0.08162058231509065,0.00027758513236072243,0.05880698651200589,0.022536010670724027,0.027206860771696876,0.0,2.990805644579649e-24,1.9600000029068894e-30,2.499999999999994e-31
9,adam,24,11598.681599999996,14598.681599999996,0.02620593919186511,0.012400987499420233,0.00020701218253498665,0.007668414198601614,0.004525561118283632,0.013804951600027635,0.0,1.7520451630573585e-25,2.6210256882617294e-31,5.035417130719983e-32
9,adam,49,11598.681599999996,14598.681599999996,0.0214061514335026,0.007891152663129024,4.275086188416873e-05,0.005077024015523307,0.002771377785721549,0.013514998675773262,0.0,1.2731533988991155e-25,1.783622910854841e-31,3.028228090824867e-32
9,adam,74,11598.681599999996,14598.681599999996,0.018700883449654617,0.005491469635360955,4.39812349025355e-06,0.0036914060090510762,0.0017956655028196252,0.01320941371634754,0.0,4.459905545807333e-27,1.327763305059656e-31,1.9151914330218204e-32
9,adam,99,11598.681599999996,14598.681599999996,0.017436982796314095,0.004439620536168212,4.183987930243098e-06,0.0029606810090375903,0.001474755539200379,0.01299736215881747,0.0,3.6248179044936166e-27,1.0616374667801514e-31,1.5700428948782058e-32
9,adam,124,11598.681599999996,14598.681599999996,0.016739744625245793,0.003951162990049382,1.8525628493139607e-06,0.002647521271328277,0.001301789155871791,0.012788581531210881,0.0,1.4817858716595984e-27,9.221610438207975e-32,1.4337531222788e-32
9,adam,149,11598.681599999996,14598.681599999996,0.01623137334619876,0.0036189466405160105,1.1050532792064984e-06,0.0024720000791026804,0.0011458415081341238,0.012612426599634517,0.0,8.074299964796766e-28,8.315801717791393e-32,1.3129295480977083e-32
9,adam,174,11598.681599999996,14598.681599999996,0.015934020309965907,0.003468057173456633,7.958985477335692e-07,0.0023778986065943466,0.0010893626683145528,0.012465963029002894,0.0,5.80317968623252e-28,7.697646045753338e-32,1.256709896352501e-32
9,adam,199,11598.681599999996,14598.681599999996,0.015711024315845045,0.0033639163794631256,7.601786854869261e-07,0.002312677659141108,0.0010504785416365309,0.012347107827790456,0.0,5.341576239686405e-28,7.24980869392136e-32,1.2144834866791203e-32
9,adam,224,11598.681599999996,14598.681599999996,0.015151917906650625,0.002913557338813276,8.406530856287932e-07,0.002025893730771483,0.0008868229549561641,0.012238360458402363,0.0,5.854821346922843e-28,6.012139876204293e-32,1.0420696605522277e-32
9,adam,249,11598.681599999996,14598.681599999996,0.015012053103455564,0.002872483252731999,8.318428211191337e-07,0.002005608028722138,0.0008660433811887422,0.01213956974058328,0.0,5.193707844981073e-28,5.757539916532206e-32,1.0207142010641528e-32
9,adam,274,11598.681599999996,14598.681599999996,0.014886615219891224,0.002839364449729671,7.935055249955008e-07,0.0019902909136515967,0.000848280030553079,0.012047250659379767,0.0,4.661212180719228e-28,5.541348202743638e-32,1.002241558326638e-32
9,adam,299,11598.681599999996,14598.681599999996,0.014769429386853826,0.002810657739008162,7.097813929488519e-07,0.001977296124091746,0.0008326518335234676,0.01195877153645618,0.0,3.9718511618363783e-28,5.354509377239364e-32,9.870481374118734e-33
9,adam,324,11598.681599999996,14598.681599999996,0.014656228888639104,0.002782948878889966,5.690281133562237e-07,0.001963802452112837,0.0008185773986637726,0.011873279897753082,0.0,2.9467974295364877e-28,5.190099889128593e-32,9.742972351961252e-33
9,adam,349,11598.681599999996,14598.681599999996,0.014543285353963643,0.0027531818547625125,4.044989925480749e-07,0.0019468859445187707,0.0008058914112511937,0.011790103386573972,0.0,1.5488874253366324e-28,5.043721816616287e-32,9.636347535469376e-33
9,adam,374,11598.681599999996,14598.681599999996,0.014420022120162688,0.0027108945301187242,3.0738956393021884e-07,0.0019161346330182785,0.0007944525075365154,0.011709127476732473,0.0,5.137889183848307e-29,4.9138931173576176e-32,9.553343603154038e-33
9,adam,399,11598.681599999996,14598.681599999996,0.01425158198656148,0.002621383157059442,3.838604880109926e-07,0.00183749025859388,0.0007835090379775511,0.011630198715337506,0.0,1.8790777892213225e-28,4.802843819968255e-32,9.51026764499582e-33
9,adam,424,11598.681599999996,14598.681599999996,0.013951613031525692,0.0024209749559358524,2.9191617882861823e-07,0.0016433107586580082,0.0007773722810990157,0.011530637959984477,0.0,2.0402735692226707e-28,4.779336399092099e-32,9.591341770985895e-33
9,adam,449,11598.681599999996,14598.681599999996,0.01331074872082059,0.001948021885135984,6.775010514280542e-07,0.0011638263858142763,0.0007835179982702793,0.011362726717323815,0.0,7.462888282990965e-28,4.5022101493749615e-32,9.2929831593469e-33
9,adam,474,11598.681599999996,14598.681599999996,0.012425912868757768,0.001485506111705114,6.970722729324072e-07,0.0008452002029379565,0.0006396088364942251,0.010940406635601382,0.0,1.6017697262272694e-27,3.99798189618418e-32,7.00621200220573e-33
9,adam,499,11598.681599999996,14598.681599999996,0.011577026212276935,0.0012498897463568822,5.781021663153989e-07,0.000730870964349219,0.0005184406798413478,0.010327136340850826,0.0,1.8823349115021446e-27,3.668696071005398e-32,6.030759609059165e-33
9,adam,524,11598.681599999996,14598.681599999996,0.01082009877802722,0.0010993165073490871,3.766857302638161e-07,0.0006632747068990447,0.00043566511471977855,0.009720782142260725,0.0,1.1290892091269679e-27,3.44147767737362e-32,5.488805303395905e-33
9,adam,549,11598.681599999996,14598.681599999996,0.010136082748988758,0.00098537571169115,2.641415130063079e-07,0.0006071124966349226,0.000377999073543221,0.00915070690579365,0.0,5.998875928681349e-28,3.248851765128058e-32,5.0887701194904875e-33
9,adam,574,11598.681599999996,14598.681599999996,0.009506915095406054,0.0008923412339393835,1.8121407673140817e-07,0.0005597182293359097,0.0003324417905267425,0.008614573726937476,0.0,3.828062257387289e-28,3.081703296803099e-32,4.745797191056624e-33
9,adam,599,11598.681599999996,14598.681599999996,0.008923561788493265,0.0008136141594764341,1.2881647136811323e-07,0.0005192179919487836,0.00029426735105628237,0.008109947491478775,0.0,2.6885235733926194e-28,2.936268252748141e-32,4.429517274764153e-33
9,adam,624,11598.681599999996,14598.681599999996,0.008417211286479391,0.0007818635687811331,9.502727041235403e-08,0.000506359197862289,0.00027540934364843176,0.00763534757722555,0.0,1.8741253806321489e-28,2.8826805754873574e-32,4.3335726755553324e-33
9,adam,649,11598.681599999996,14598.681599999996,0.00791527580996428,0.0007259469877760844,6.116378676278079e-08,0.00047462252622895723,0.00025126329776036443,0.007189328679102903,0.0,7.900143709223206e-29,2.769863427219555e-32,4.076739500058409e-33
9,adam,674,11598.681599999996,14598.681599999996,0.0074452954952017964,0.0006742931349139634,6.102213058262085e-08,0.0004469913809758696,0.0002272407318075112,0.006771002214702976,0.0,1.0578118901715822e-28,2.6638074250283295e-32,3.888510309576449e-33
9,adam,699,11598.681599999996,14598.681599999996,0.007014248135595135,0.0006346494294470416,5.355968851457928e-08,0.00042503893803355527,0.00020955693172497168,0.006379598558247847,0.0,6.801710058372271e-29,2.549503180534108e-32,3.7915172361625845e-33
9,adam,724,11598.681599999996,14598.681599999996,0.006606834614998941,0.0005936287902140998,5.9000466016611675e-08,0.00039910603567345837,0.00019446375407462482,0.0060132056747193114,0.0,8.449735706057951e-29,2.4823430561126187e-32,3.5333967391189537e-33
9,adam,749,11598.681599999996,14598.681599999996,0.006327727657830842,0.0005995912454628445,1.479828018541489e-07,0.0004292964354315251,0.0001701468272294652,0.005728136260341809,0.0,4.429712395180486e-28,2.486981738953035e-32,3.115413948491365e-33
9,adam,774,11598.681599999996,14598.681599999996,0.00591234444185604,0.0005486380448283251,7.91195409186583e-08,0.0003688900660665421,0.0001796688592208644,0.00536370624323431,0.0,1.4664835939100572e-28,2.3637061983546556e-32,3.11530402858279e-33
9,adam,799,11598.681599999996,14598.681599999996,0.005562200592839755,0.0005116136352436215,4.924298524292097e-08,0.0003437393287353176,0.00016782506352306102,0.0050505868019348,0.0,8.195067777095696e-29,2.2982910236144604e-32,3.08347141528367e-33
9,adam,824,11598.681599999996,14598.681599999996,0.005282828946215295,0.0005180044182151191,4.7953912048246843e-08,0.0003473511870744846,0.00017060527722858628,0.004764824370246117,0.0,9.866790747385569e-29,2.340885431413656e-32,3.341990419233926e-33
9,adam,849,11598.681599999996,14598.681599999996,0.004981629650417044,0.0004884121724788224,4.886070679572888e-08,0.0003303353183089272,0.00015802799346309942,0.0044932173180056425,0.0,1.0407605537970352e-28,2.278216008185286e-32,3.2339344800048244e-33
9,adam,874,11598.681599999996,14598.681599999996,0.004696704663346144,0.000459565339573169,5.313624115255415e-08,0.0003122456936581811,0.00014726650967383537,0.004237139161697897,0.0,1.1894988078479872e-28,2.2204698777364966e-32,3.116758061895349e-33
9,adam,899,11598.681599999996,14598.681599999996,0.009679501667203874,0.004151448013969266,5.99422772053122e-07,0.003673758997965338,0.000477089593231875,0.005528053484322441,0.0,1.4409926439574217e-27,3.274806756757145e-32,7.2197829308148e-33
9,adam,924,11598.681599999996,14598.681599999996,0.009494388192935133,0.0041455303895149564,1.3313875708611504e-07,0.0033936901550668426,0.0007517070956910279,0.005348857625567235,0.0,2.5085591199764207e-28,2.3859790849490617e-32,3.350559566263306e-33
9,adam,949,11598.681599999996,14598.681599999996,0.00898251575097418,0.0037344922815390675,1.983359176209238e-07,0.003104730750610145,0.0006295631950113014,0.005248023290211613,0.0,7.804671831604442e-28,2.179378157658634e-32,2.9370842320406777e-33
9,adam,974,11598.681599999996,14598.681599999996,0.008573380174425648,0.003391755791809129,1.539708874183189e-07,0.0028320012447885035,0.0005596005761332071,0.005181624203110511,0.0,6.059414723842193e-28,2.1434589308557546e-32,2.828602431700126e-33
9,adam,999,11598.681599999996,14598.681599999996,0.008213733350328824,0.003092335968803409,9.295678505817666e-08,0.0025677724493937066,0.0005244705626246445,0.0051213972019138855,0.0,4.051178551966814e-28,2.172583009465931e-32,2.71474364610253e-33
9,adam,1024,11598.681599999996,14598.681599999996,0.00789811134326757,0.0028328499288319273,5.531918005263324e-08,0.0023367130238527304,0.0004960815857991441,0.005065261234716195,0.0,1.9369682800273666e-28,2.3244081168754838e-32,2.5484471558800768e-33
9,adam,1049,11598.681599999996,14598.681599999996,0.007615840250453438,0.002613751479302746,3.759938509781341e-08,0.0021448935440923993,0.00046882033582524847,0.005002088591325764,0.0,1.3793388159750448e-28,2.3771616008255426e-32,2.5234247341727564e-33
9,adam,1074,11598.681599999996,14598.681599999996,0.007362206929230372,0.002426320721651259,2.6243209041956628e-08,0.001993324602661231,0.0004329698757809861,0.004935886027652333,0.0,8.640757405783219e-29,2.4166917917671084e-32,2.518778968155392e-33
9,adam,1099,11598.681599999996,14598.681599999996,0.007133238686044734,0.0022637447331232143,1.9406542539911727e-08,0.0018655056828754066,0.000398219643705268,0.004869493772893016,0.0,5.066609616659627e-29,2.4555688347980394e-32,2.520102979408275e-33
9,adam,1124,11598.681599999996,14598.681599999996,0.006925906683067633,0.0021232405592472125,1.6008741979903953e-08,0.0017563787247020942,0.0003668458258031385,0.004802665943683693,0.0,3.098581735219605e-29,2.492996213334493e-32,2.5263222636014366e-33
9,adam,1149,11598.681599999996,14598.681599999996,0.006737316447486281,0.002002235587502715,1.4994760211173194e-08,0.0016633145528849344,0.0003389060398575696,0.004735080679727226,0.0,2.3282611442713907e-29,2.525778037363905e-32,2.5361873523198152e-33
9,adam,1174,11598.681599999996,14598.681599999996,0.006564430920311001,0.0018976914812153726,1.528783266519429e-08,0.0015837685206235707,0.0003139076727591368,0.004666739258704817,0.0,2.1877943322641114e-29,2.5511730012689286e-32,2.5447866090834968e-33
9,adam,1199,11598.681599999996,14598.681599999996,0.006403940826348834,0.0018061276922767989,1.5674904561470413e-08,0.00151524878846809,0.0002908632289041476,0.004597812953527384,0.0,2.2846719589267902e-29,2.5668211375849023e-32,2.54527775732104e-33
9,adam,1224,11598.681599999996,14598.681599999996,0.006219208325445855,0.0016913857836368565,1.4877615017510051e-08,0.0014326975141525514,0.00025867339186928746,0.004527822361076507,0.0,2.969466270171112e-29,2.2492893813220414e-32,2.3862918654172924e-33
9,adam,1249,11598.681599999996,14598.681599999996,0.006072639692312439,0.0016114292600162,1.2971350751229425e-08,0.0013586911862683948,0.00025272510239705387,0.004461210251350133,0.0,3.8719613510617863e-29,2.2717550372756048e-32,2.3678446774061197e-33
9,adam,1274,11598.681599999996,14598.681599999996,0.005936080917098629,0.001544431157203437,9.801309303844296e-09,0.0013020426641613013,0.0002423786917328319,0.004391649578723966,0.0,5.146222722207379e-29,2.281153799191223e-32,2.3664600245690744e-33
9,adam,1299,11598.681599999996,14598.681599999996,0.0058072338861438755,0.001486245441891176,9.573145612467638e-09,0.0012524825902721706,0.00023375327847339298,0.0043209882628449025,0.0,6.747837727349482e-29,2.2900574785876897e-32,2.370048046900693e-33
9,adam,1324,11598.681599999996,14598.681599999996,0.005684325367647344,0.0014350869483194442,1.0919029374492674e-08,0.0012089981718875805,0.00022607785740248916,0.004249238237671511,0.0,8.240038080160486e-29,2.2939592727854628e-32,2.3736187021180686e-33
9,adam,1349,11598.681599999996,14598.681599999996,0.005566072854763532,0.0013895598041594435,1.2580342320876759e-08,0.0011699338338467488,0.00021961338997037393,0.004176512868687649,0.0,9.547414814158929e-29,2.2927839199347425e-32,2.3748219815239543e-33
9,adam,1374,11598.681599999996,14598.681599999996,0.005451412449346522,0.001348447112642883,1.4242334966251236e-08,0.0011346363246978108,0.00021379654561010604,0.0041029651545153745,0.0,1.0683039867779154e-28,2.2856695111555683e-32,2.372347350834213e-33
9,adam,1399,11598.681599999996,14598.681599999996,0.0053393129568901606,0.0013104953027168037,1.576906499657567e-08,0.001102256711115584,0.00020822282253622334,0.004028817471700479,0.0,1.1546007471256036e-28,2.272223910677675e-32,2.364817789933198e-33
9,lbfgs,1400,11598.681599999996,14598.681599999996,0.00533521804923707,0.001309375332301972,1.7472249265775707e-08,0.0011056620606448998,0.00020369579940780644,0.004025842534450538,0.0,1.3757869441792866e-28,2.4510857568768228e-32,2.6825100963849745e-33
9,lbfgs,1409,11598.681599999996,14598.681599999996,0.002827448675720125,0.0012435139949336614,6.04654960469917e-08,0.000652898060474136,0.0005905554689634784,0.0015839344946803526,0.0,2.916823227079471e-28,2.3780309837996927e-32,2.9379141183123164e-33
9,lbfgs,1419,11598.681599999996,14598.681599999996,0.0008922539000770248,0.0006350156954398115,2.302412226809743e-06,0.00035962643530012417,0.0002730868479128775,0.00025723799844830993,0.0,6.292327839121449e-27,1.6809337738891604e-32,4.144899929774331e-33
9,lbfgs,1429,11598.681599999996,14598.681599999996,0.0004916822745516233,0.0003541087660609483,8.36485488451771e-08,0.00025186034166620354,0.00010216477584589959,0.00013757329243688807,0.0,3.630573451155504e-28,1.8092092031505348e-32,1.5972217703849083e-33
9,lbfgs,1439,11598.681599999996,14598.681599999996,0.00025407111669015334,0.00023640408118105605,3.157817586094848e-08,9.963142605280917e-05,0.00013674107695238593,1.766679957828708e-05,0.0,2.4085109657515696e-28,1.4200121094594424e-32,2.44471547777587e-33
9,lbfgs,1449,11598.681599999996,14598.681599999996,0.0001772362831938364,0.00016488249383929193,1.52162493554103e-08,6.493431724579565e-05,9.993296034414086e-05,1.235355013712044e-05,0.0,1.446530589558202e-28,1.1799065792092603e-32,2.358832442530119e-33
9,lbfgs,1459,11598.681599999996,14598.681599999996,0.00010735993332221983,0.00010256214329486371,3.166056798564996e-08,4.617720119128612e-05,5.6353281535591946e-05,4.7975541742469165e-06,0.0,2.610322624394257e-28,1.0689869552203438e-32,1.5410126876955266e-33
9,lbfgs,1469,11598.681599999996,14598.681599999996,6.746743132698969e-05,6.240466862921324e-05,4.903245334222607e-08,2.796126325780013e-05,3.439437291807089e-05,5.062520617470711e-06,0.0,3.1577608687018935e-28,1.1084620311753975e-32,1.536242736091232e-33
9,lbfgs,1479,11598.681599999996,14598.681599999996,4.825223025773969e-05,4.2796820173996e-05,7.559318487161083e-08,1.3509916568132204e-05,2.9211310420992187e-05,5.4551572985677465e-06,0.0,6.437113932907727e-28,9.896103957979285e-33,1.4599705856254116e-33
9,lbfgs,1489,11598.681599999996,14598.681599999996,3.8185703319981134e-05,3.573073182422704e-05,9.16452950788579e-08,9.557512851832352e-06,2.608157367731583e-05,2.454719980565727e-06,0.0,3.4918401799369336e-28,9.883601455009669e-33,1.3598304858214186e-33
9,lbfgs,1499,11598.681599999996,14598.681599999996,2.4162636447951497e-05,2.350708404913247e-05,1.024238039114788e-07,1.0411047463106473e-05,1.2993612782114518e-05,6.552948003491297e-07,0.0,2.7605158690948313e-28,1.0040241200567537e-32,1.1803193439087685e-33
9,lbfgs,1509,11598.681599999996,14598.681599999996,1.2249686534193216e-05,1.1589840756347884e-05,8.822876906401216e-08,5.301825410931248e-06,6.199786576352625e-06,6.59580213312779e-07,0.0,6.642550939278503e-28,1.0370357330881056e-32,1.2838290424408681e-33
9,lbfgs,1519,11598.681599999996,14598.681599999996,5.776628273046279e-06,5.245873370891947e-06,7.227781117503448e-08,3.4688232113184104e-06,1.7047723483985015e-06,5.304925881061141e-07,0.0,3.9059394927877445e-28,1.0077468088447623e-32,1.2397574649242479e-33
9,lbfgs,1529,11598.681599999996,14598.681599999996,4.191781352517126e-06,3.7469521835782107e-06,1.5931371143607555e-08,2.582321590230003e-06,1.1486992222046006e-06,4.445733549441496e-07,0.0,1.1754762532929087e-28,9.843798268148817e-33,1.2508417799006716e-33
9,lbfgs,1539,11598.681599999996,14598.681599999996,2.61632579594313e-06,2.486070235183991e-06,1.2183959202190667e-08,1.39758172326765e-06,1.0763045527141508e-06,1.3000291390635805e-07,0.0,7.343951688738906e-29,9.815086179955452e-33,1.2169775475010067e-33
9,lbfgs,1549,11598.681599999996,14598.681599999996,1.5517127760913708e-06,1.4421512870028367e-06,1.4389394478636407e-08,7.60463712587004e-07,6.672981799371962e-07,1.0931039567904721e-07,0.0,1.03784451869458e-28,9.76743872505836e-33,1.2176704961930161e-33
9,lbfgs,1559,11598.681599999996,14598.681599999996,2.8805714814499987e-06,2.0540399808005867e-06,1.3199075023201657e-07,1.046787723000731e-06,8.752615075678393e-07,8.262789734412216e-07,0.0,9.821257521062527e-28,9.850760433076271e-33,1.2452291022044552e-33
9,lbfgs,1569,11598.681599999996,14598.681599999996,1.1723835638594928e-06,1.1192959779313171e-06,7.572556670257137e-08,4.978661832050436e-07,5.457042280237021e-07,5.283558737525126e-08,0.0,5.558962717874115e-28,9.78790270093729e-33,1.224664856254138e-33
9,lbfgs,1579,11598.681599999996,14598.681599999996,9.714582772252842e-07,9.180308527759483e-07,7.995729136465219e-09,4.048070356693343e-07,5.052280879701487e-07,5.3173856923821484e-08,0.0,5.183452648951303e-29,9.831020193829372e-33,1.2234587421375693e-33
9,lbfgs,1589,11598.681599999996,14598.681599999996,9.049620848964758e-07,8.524023343329647e-07,3.3019536558579116e-09,3.93080821680031e-07,4.5601955899707585e-07,5.2305771082531954e-08,0.0,2.767766307677282e-29,9.849407109817342e-33,1.2296301692495159e-33
9,lbfgs,1599,11598.681599999996,14598.681599999996,7.097392618829013e-07,6.330173345368302e-07,3.1948082000116536e-09,3.267244306152252e-07,3.0309809572159333e-07,7.6464588906817e-08,0.0,2.561389969702374e-29,9.913738410459924e-33,1.248493439798377e-33
9,lbfgs,1609,11598.681599999996,14598.681599999996,5.797398032110744e-07,4.971576971255224e-07,1.9104535911648273e-09,2.5422978377792154e-07,2.41017459756436e-07,8.232360766085306e-08,0.0,1.1998730944552878e-29,9.883716465759047e-33,1.245441146253933e-33
9,lbfgs,1619,11598.681599999996,14598.681599999996,5.27169472356936e-07,4.682204110176665e-07,2.5654507313060018e-09,2.2841949431366368e-07,2.3723546597269686e-07,5.86914843160162e-08,0.0,1.6034634105126885e-29,9.878814054474632e-33,1.2378502520666068e-33
9,lbfgs,1629,11598.681599999996,14598.681599999996,4.6226489900476016e-07,4.2392356900106634e-07,3.0078067168392246e-09,2.4316778559692046e-07,1.7774797668730665e-07,3.8083510566698964e-08,0.0,2.7378916746912036e-29,9.901769813728162e-33,1.2402650103252845e-33
9,lbfgs,1639,11598.681599999996,14598.681599999996,4.0981490523474326e-07,3.91987692739746e-07,2.8903856624548935e-09,2.2157053982423896e-07,1.6752676725305217e-07,1.7569674776341622e-08,0.0,2.6564666168288964e-29,9.890178065357982e-33,1.2384395036771341e-33
9,lbfgs,1649,11598.681599999996,14598.681599999996,3.7559297623071355e-07,3.65909888711038e-07,2.5450594538580197e-09,1.7990654760916484e-07,1.8345828164801513e-07,9.425539204757395e-09,0.0,2.160464267969414e-29,9.896479314112712e-33,1.2392433115453119e-33
9,lbfgs,1659,11598.681599999996,14598.681599999996,3.372980200818197e-07,3.2866357762940163e-07,1.934615999968151e-09,1.670638485095183e-07,1.5966511311991515e-07,8.37748030877567e-09,0.0,1.5531765880798888e-29,9.870183930878156e-33,1.2334462036410571e-33
9,lbfgs,1669,11598.681599999996,14598.681599999996,3.297521737197567e-07,3.253153957011779e-07,1.5267131652917759e-09,1.6359204760411609e-07,1.6019663493177008e-07,4.180181466471725e-09,0.0,1.124427548163593e-29,9.866474628301712e-33,1.234379464700714e-33
9,lbfgs,1679,11598.681599999996,14598.681599999996,3.051376299630631e-07,2.9780059676759764e-07,1.0804551826700245e-09,1.6237104641017136e-07,1.3434909517475625e-07,7.080998392195656e-09,0.0,7.106439873908239e-30,9.871057060024997e-33,1.234338415545807e-33
9,lbfgs,1689,11598.681599999996,14598.681599999996,2.2124104336385506e-07,2.1410291829182926e-07,2.231681084802623e-09,1.1060413507743837e-07,1.0126710212958827e-07,6.882430277680951e-09,0.0,2.0595992432380254e-29,9.824316743061957e-33,1.2365957762499814e-33
9,lbfgs,1699,11598.681599999996,14598.681599999996,2.0864312288283617e-07,2.0382326929927276e-07,2.5292456108111658e-09,1.0389302781909515e-07,9.740099586936646e-08,4.5636388677969905e-09,0.0,2.418776731871339e-29,9.837983060423777e-33,1.2369680974441534e-33
9,lbfgs,1709,11598.681599999996,14598.681599999996,2.0384627408414047e-07,1.9893604998497043e-07,3.285076679162363e-09,1.0304730983654498e-07,9.260366346926309e-08,4.6540632899951986e-09,0.0,3.119867516856896e-29,9.830927881634167e-33,1.2381240972683554e-33
9,lbfgs,1719,11598.681599999996,14598.681599999996,1.9966385482417993e-07,1.9618234891718993e-07,4.0640805708103795e-09,1.0164338753619959e-07,9.047488081017996e-08,3.225270825691159e-09,0.0,3.752044062896898e-29,9.820255536288613e-33,1.23905222169567e-33
9,lbfgs,1729,11598.681599999996,14598.681599999996,1.8062747761528235e-07,1.7664279398474176e-07,4.1298907112999914e-09,8.55528284400448e-08,8.696007483339698e-08,3.726865234092399e-09,0.0,2.2389216848607124e-29,9.853372660048101e-33,1.2399322851981308e-33
9,lbfgs,1739,11598.681599999996,14598.681599999996,1.4104346508823256e-07,1.369757264575528e-07,7.813581817116642e-09,6.870555280098053e-08,6.045659183945565e-08,3.807043876931305e-09,0.0,6.430004678360549e-29,9.841960793520086e-33,1.2394738132280907e-33
9,lbfgs,1749,11598.681599999996,14598.681599999996,1.3544536765844822e-07,1.329612863131709e-07,8.274371645866767e-09,6.478088661713755e-08,5.990602805016659e-08,2.222648700283569e-09,0.0,5.997081107735529e-29,9.834239990039228e-33,1.2420858118184257e-33
9,lbfgs,1759,11598.681599999996,14598.681599999996,1.3435589625433722e-07,1.3151215434336884e-07,8.089086551560525e-09,6.40364061404024e-08,5.938666165140591e-08,2.58213025895717e-09,0.0,6.033826406754463e-29,9.83245577883201e-33,1.242187804073702e-33
9,lbfgs,1769,11598.681599999996,14598.681599999996,1.225113218252946e-07,1.1984999191464272e-07,2.2178954393721827e-09,6.113278740085513e-08,5.649930907441542e-08,2.3985056133459666e-09,0.0,1.2654434751352404e-29,9.842040026287978e-33,1.2430360142760812e-33
9,lbfgs,1779,11598.681599999996,14598.681599999996,1.1088762799213099e-07,1.0888084243449769e-07,1.7921845734499776e-09,5.446179156514775e-08,5.262686629589995e-08,1.7422908057457792e-09,0.0,1.4564169968708375e-29,9.836103279979136e-33,1.2442669107753281e-33
9,lbfgs,1789,11598.681599999996,14598.681599999996,1.093920511225255e-07,1.0774461370934631e-07,2.9337783496287627e-09,5.300788310031467e-08,5.180295225940288e-08,1.382277520182915e-09,0.0,2.598329306947524e-29,9.83725836278017e-33,1.2439822512311961e-33
9,lbfgs,1799,11598.681599999996,14598.681599999996,1.082975469981911e-07,1.0675960240318571e-07,2.7342076909215318e-09,5.18012840069907e-08,5.2224110705273474e-08,1.2723850550276719e-09,0.0,2.400524450704155e-29,9.841819162962422e-33,1.2450151178687546e-33
9,lbfgs,1809,11598.681599999996,14598.681599999996,1.0748681115185697e-07,1.0599784851790204e-07,2.3493658552494036e-09,5.131246953007968e-08,5.2336013132572965e-08,1.223391209202814e-09,0.0,2.0239956365634393e-29,9.843519238719319e-33,1.244191632153383e-33
9,lbfgs,1819,11598.681599999996,14598.681599999996,1.0439844662594983e-07,1.0329173537052807e-07,3.1910860500704208e-09,5.03538147186748e-08,4.9746834601782844e-08,8.408945614728345e-10,0.0,2.7758721050632336e-29,9.847287894814801e-33,1.2433110254088463e-33
9,lbfgs,1829,11598.681599999996,14598.681599999996,8.253128216193763e-08,8.181016056419106e-08,2.2387512018616195e-09,3.9339978453282746e-08,4.0231430909046694e-08,4.543487540958102e-10,0.0,1.3485812979807853e-29,9.853206761328693e-33,1.2395352624625282e-33
9,lbfgs,1839,11598.681599999996,14598.681599999996,7.519408310929726e-08,7.383856545074062e-08,2.2422244673780174e-09,3.303611634515093e-08,3.856022463821167e-08,1.0870517592276777e-09,0.0,1.8773490180388026e-29,9.847610798989836e-33,1.243805461044084e-33
9,lbfgs,1849,11598.681599999996,14598.681599999996,7.496876991331167e-08,7.356788823490511e-08,2.234843140174868e-09,3.24539308850602e-08,3.887911420967004e-08,1.1324271497993828e-09,0.0,1.8975969764985347e-29,9.850013707127938e-33,1.2440494959537992e-33
9,lbfgs,1859,11598.681599999996,14598.681599999996,7.487609947655739e-08,7.362178654797533e-08,2.2453170317316096e-09,3.2558358652065955e-08,3.8818110864177754e-08,9.858751164777825e-10,0.0,1.889591890839635e-29,9.849720221501963e-33,1.2440999872743142e-33
9,lbfgs,1869,11598.681599999996,14598.681599999996,7.478669688969394e-08,7.340369600349642e-08,2.225411607322966e-09,3.2381938586702696e-08,3.879634580947075e-08,1.1145427369016078e-09,0.0,1.8902812883662047e-29,9.849960513206814e-33,1.2440881114593106e-33
9,lbfgs,1879,11598.681599999996,14598.681599999996,7.469916259476397e-08,7.345066489418664e-08,2.232866190761102e-09,3.2478912789715585e-08,3.8738885913709945e-08,9.800523315837657e-10,0.0,1.8785047698958923e-29,9.849658597837372e-33,1.2441394215707274e-33
9,lbfgs,1889,11598.681599999996,14598.681599999996,7.461290363482081e-08,7.323439920964772e-08,2.212835090516989e-09,3.230792709207609e-08,3.871363702705465e-08,1.1100369528742821e-09,0.0,1.8789018705211887e-29,9.849888241792565e-33,1.2441227126861979e-33
9,lbfgs,1899,11598.681599999996,14598.681599999996,7.452758672397395e-08,7.328031516720729e-08,2.219860664497367e-09,3.240394904658478e-08,3.865650545612515e-08,9.7881559422295e-10,0.0,1.8668339981987082e-29,9.849587935559071e-33,1.2441690594043316e-33
9,lbfgs,1909,11598.681599999996,14598.681599999996,7.444302851018283e-08,7.306642273200971e-08,2.2005222606856966e-09,3.2237182611217265e-08,3.862871786010674e-08,1.1081272272177235e-09,0.0,1.8677940244589265e-29,9.849819839825256e-33,1.2441468273602953e-33
9,lbfgs,1919,11598.681599999996,14598.681599999996,7.435908877161217e-08,7.311226629001213e-08,2.207507524085395e-09,3.233293209490719e-08,3.8571826671019534e-08,9.783549416629394e-10,0.0,1.855782825458472e-29,9.849525329438628e-33,1.2441898355431455e-33
9,lbfgs,1929,11598.681599999996,14598.681599999996,7.427568791041523e-08,7.290054506958086e-08,2.1889613653537893e-09,3.21690696627638e-08,3.854251404146326e-08,1.1066525534584437e-09,0.0,1.857363270305776e-29,9.849763010789925e-33,1.2441638733191681e-33
9,lbfgs,1939,11598.681599999996,14598.681599999996,7.419274852842765e-08,7.294644378273063e-08,2.196013759221016e-09,3.2264482519250015e-08,3.8485947504259596e-08,9.778251840714431e-10,0.0,1.8454813840274652e-29,9.849474908677608e-33,1.2442051045064764e-33
9,lbfgs,1949,11598.681599999996,14598.681599999996,7.4110232122076e-08,7.27366198858162e-08,2.178198603630657e-09,3.2102658524231526e-08,3.845576275795401e-08,1.1051098384505172e-09,0.0,1.8476178642826318e-29,9.849718986330287e-33,1.2441766464774922e-33
9,lbfgs,1959,11598.681599999996,14598.681599999996,7.402808865579342e-08,7.278253258729725e-08,2.1853443329092764e-09,3.219762119037171e-08,3.8399567064016266e-08,9.77064177935725e-10,0.0,1.8358727215735018e-29,9.849436842737803e-33,1.2442170208516076e-33
9,lbfgs,1969,11598.681599999996,14598.681599999996,7.394629926465132e-08,7.257438791207859e-08,2.1681565323037623e-09,3.2037309344811e-08,3.836892203496384e-08,1.1033965508704875e-09,0.0,1.8384746722592534e-29,9.84968699973183e-33,1.2441867752456431e-33
9,lbfgs,1979,11598.681599999996,14598.681599999996,7.38648283033588e-08,7.262025306576948e-08,2.175390910810228e-09,3.2131750721373716e-08,3.831311143358554e-08,9.760707546581249e-10,0.0,1.8268525588111655e-29,9.849410084331816e-33,1.2442268084276424e-33
9,lbfgs,1989,11598.681599999996,14598.681599999996,7.378366739130527e-08,7.241362826053969e-08,2.158724483658735e-09,3.1972633241773845e-08,3.82822705351071e-08,1.101511667755451e-09,0.0,1.8298311715625482e-29,9.849665714460283e-33,1.2441951828392873e-33
9,lbfgs,1999,11598.681599999996,14598.681599999996,7.370278986576018e-08,7.245939346295672e-08,2.16603221511599e-09,3.20665207258292e-08,3.822684052201153e-08,9.74879091272672e-10,0.0,1.8183128790460352e-29,9.849393272173677e-33,1.2442351711291011e-33
9,lbfgs,2009,11598.681599999996,14598.681599999996,7.362219286772139e-08,7.225417434891363e-08,2.1497932410283967e-09,3.190840601024677e-08,3.819597509763846e-08,1.0994781663520685e-09,0.0,1.82159095087016e-29,9.849653708336845e-33,1.2442024117275951e-33
9,lbfgs,2019,11598.681599999996,14598.681599999996,7.354185554061899e-08,7.22997992853058e-08,2.157157348728397e-09,3.200173152249266e-08,3.814091041408474e-08,9.7352590570028e-10,0.0,1.8101587036033183e-29,9.849385043700571e-33,1.244242532669348e-33
9,lbfgs,2029,11598.681599999996,14598.681599999996,7.346177879579098e-08,7.209590232233137e-08,2.1412675128206845e-09,3.184450332901259e-08,3.8110131480498094e-08,1.0973230324581127e-09,0.0,1.8136723059508517e-29,9.849649646927109e-33,1.2442087967014167e-33
9,lbfgs,2039,11598.681599999996,14598.681599999996,7.338194505353025e-08,7.214135759524108e-08,2.148672983105273e-09,3.193727372020026e-08,3.805541089193555e-08,9.720438887432966e-10,0.0,1.802312042731762e-29,9.84938414553668e-33,1.2442491616114514e-33
9,lbfgs,2049,11598.681599999996,14598.681599999996,7.330235780567467e-08,7.19387210683218e-08,2.133069023127417e-09,3.17808624241835e-08,3.802478962101088e-08,1.0950700374854028e-09,0.0,1.8060098479797038e-29,9.849652334605588e-33,1.2442145555120345e-33
9,lbfgs,2059,11598.681599999996,14598.681599999996,7.322300171200605e-08,7.198398505088499e-08,2.140503716846449e-09,3.187309211187384e-08,3.79703892221647e-08,9.704597169899648e-10,0.0,1.794711016015381e-29,9.849389466114915e-33,1.244255236799828e-33
9,lbfgs,2069,11598.681599999996,14598.681599999996,7.314388190308423e-08,7.17825616996486e-08,2.125135287725913e-09,3.171745591181858e-08,3.793997050010412e-08,1.0927401015065394e-09,0.0,1.7985524733821886e-29,9.849660728604276e-33,1.2442198360296799e-33
9,lbfgs,2079,11598.681599999996,14598.681599999996,7.306498426767961e-08,7.182761891846852e-08,2.1325899061352924e-09,3.180916319472587e-08,3.788586581760736e-08,9.687949013026054e-10,0.0,1.7873079929205235e-29,9.849400039408464e-33,1.244260882516354e-33
9,lbfgs,2089,11598.681599999996,14598.681599999996,7.298631574159138e-08,7.16273731269778e-08,2.117417315365908e-09,3.1654278663772184e-08,3.785567714783971e-08,1.0903489923406561e-09,0.0,1.7912610981787424e-29,9.849673927707739e-33,1.2442247432790316e-33
9,lbfgs,2099,11598.681599999996,14598.681599999996,7.29078631659358e-08,7.167221259997139e-08,2.124885013221268e-09,3.17454829044694e-08,3.780184468228073e-08,9.67066508255614e-10,0.0,1.7800663013896818e-29,9.849415033370337e-33,1.2442661885938344e-33
9,lbfgs,2109,11598.681599999996,14598.681599999996,7.282963374816396e-08,7.147311576493388e-08,2.1098769256192237e-09,3.159133654824135e-08,3.777190229107331e-08,1.0879107443949829e-09,0.0,1.784106056055371e-29,9.849691163252598e-33,1.2442293539075919e-33
9,lbfgs,2119,11598.681599999996,14598.681599999996,7.275161514640195e-08,7.151772933002569e-08,2.117352656105966e-09,3.1682056407191975e-08,3.771832026672775e-08,9.65288063201078e-10,0.0,1.7729580456409047e-29,9.849433740032238e-33,1.2442712215632207e-33
9,lbfgs,2129,11598.681599999996,14598.681599999996,7.267381550497928e-08,7.131975925260868e-08,2.1024844459113824e-09,3.1528641827504045e-08,3.768863297919326e-08,1.0854353200624362e-09,0.0,1.777064685635536e-29,9.84971178118122e-33,1.2442337256455043e-33
9,lbfgs,2139,11598.681599999996,14598.681599999996,7.259622284470261e-08,7.136414098578778e-08,2.1099645801804703e-09,3.161889466112062e-08,3.763528174448669e-08,9.634703423634267e-10,0.0,1.7659617877257265e-29,9.849455557267952e-33,1.2442760322494787e-33
9,lbfgs,2149,11598.681599999996,14598.681599999996,7.25188456844227e-08,7.116727871228964e-08,2.095216714633229e-09,3.1466208186559535e-08,3.760585381109687e-08,1.0829322859249133e-09,0.0,1.7701198255152357e-29,9.849735230252584e-33,1.2442379025117035e-33
10,adam,0,14598.681599999996,17598.681599999996,0.10882256998337363,0.08161692742089391,0.0002739303210141787,0.0588069864291557,0.022536010670724027,0.0272056424736313,0.0,7.35070824351445e-27,1.9600000001455442e-30,2.499999999999994e-31
10,adam,24,14598.681599999996,17598.681599999996,0.025977578144165077,0.012062468073066986,0.00026705982446843086,0.007185246572049851,0.004610161676548703,0.013915109980132387,0.0,5.846873891841652e-28,2.4543529305645006e-31,5.136461174788145e-32
10,adam,49,14598.681599999996,17598.681599999996,0.02126353241080317,0.007809625168262409,2.5400774048979997e-05,0.0051282540423682466,0.002655970351845182,0.013453907149899559,0.0,1.058437612289703e-28,1.797564391764916e-31,2.91923820081149e-32
10,adam,74,14598.681599999996,17598.681599999996,0.01839274565269856,0.005232259438964684,4.1213527709758985e-06,0.0035411277681895313,0.001687010318004176,0.01316048611727002,0.0,1.4824242118479653e-29,1.2709696762675365e-31,1.8369028153844682e-32
10,adam,99,14598.681599999996,17598.681599999996,0.017060902527680683,0.004156827241925939,2.543817511865003e-06,0.0028206336384580125,0.0013336497859560612,0.012904075185162423,0.0,9.084412426298017e-30,9.924482602348886e-32,1.4868079279734328e-32
10,adam,124,14598.681599999996,17598.681599999996,0.01634129196827327,0.0036703338133770927,1.8713706814140463e-06,0.0025086196857560163,0.0011598427569396623,0.012670958051353544,0.0,5.8254427791688495e-30,8.536713299275782e-32,1.3289443899241388e-32
10,adam,149,14598.681599999996,17598.681599999996,0.015924536066288214,0.0034285014245944707,1.3035164650527786e-06,0.0023479557913690685,0.0010792421167603494,0.01249603453615275,0.0,2.8653325027623595e-30,7.705178912926181e-32,1.2425030036603273e-32
10,adam,174,14598.681599999996,17598.681599999996,0.015643246824239457,0.0032885992485101843,1.1432562832616653e-06,0.0022583149964285607,0.0010291409957983617,0.012354647468763039,0.0,2.032167604261132e-30,7.14086372330392e-32,1.1865165677216151e-32
10,adam,199,14598.681599999996,17598.681599999996,0.01542387019176679,0.0031958920176207105,9.894033685449276e-07,0.002201845457315165,0.0009930571569370006,0.012227978066082763,0.0,1.588795541267896e-30,6.714291490460125e-32,1.145825279971305e-32
10,adam,224,14598.681599999996,17598.681599999996,0.01507701534571226,0.0030128990129653296,8.921216795628536e-07,0.0020761823752298765,0.0009358245160558901,0.012064116223740581,0.0,1.1445744577711457e-30,6.286223846416296e-32,1.0789396684510345e-32
10,adam,249,14598.681599999996,17598.681599999996,0.014862063796553858,0.0029312662562109024,8.011495564419981e-07,0.0020221965428345074,0.0009082685638199531,0.01193079743039963,0.0,8.363815183575078e-31,5.961415389391014e-32,1.0580835497601117e-32
10,adam,274,14598.681599999996,17598.681599999996,0.01463643140895892,0.002819109292809299,9.004685441680608e-07,0.0019366479576835036,0.0008815608665816275,0.011817322005126937,0.0,1.0911027991619724e-30,5.689072223393883e-32,1.0348824015235979e-32
10,adam,299,14598.681599999996,17598.681599999996,0.014356986056552355,0.0026560806700339397,1.2004737882969301e-06,0.0017953390914150012,0.0008595411048306415,0.01170090527402229,0.0,1.9403456227415257e-30,5.465721490847625e-32,1.026717908352304e-32
10,adam,324,14598.681599999996,17598.681599999996,0.013906719713075886,0.002338218783970507,8.811690209477749e-07,0.0014771788321602092,0.0008601587827893498,0.011568500814292117,0.0,1.5739960528671462e-30,5.265261597321619e-32,1.0385218325594191e-32
10,adam,349,14598.681599999996,17598.681599999996,0.013102315720320626,0.001829385988107848,1.0263638506474423e-06,0.0010899053673642802,0.0007384542568929204,0.011272929614354901,0.0,6.685593430194797e-30,4.686718371098533e-32,7.971369033427685e-33
10,adam,374,14598.681599999996,17598.681599999996,0.012217692626705714,0.0014925319246698447,8.823233617095016e-07,0.0008907672863174169,0.0006008823149907181,0.010725160581356705,0.0,7.342263792527026e-30,4.26462096827337e-32,6.835661011057056e-33
10,adam,399,14598.681599999996,17598.681599999996,0.011429174013643933,0.0013058027322388403,4.922227301466489e-07,0.0008036975406041084,0.0005016129689045854,0.010123371157520036,0.0,4.014734734906599e-30,3.970171643762567e-32,6.198293434556667e-33
10,adam,424,14598.681599999996,17598.681599999996,0.010694691853477748,0.0011473386525176973,3.56392621538961e-07,0.000720757150755911,0.0004262251091402473,0.00954735307406702,0.0,3.655210854423034e-30,3.69115093305117e-32,5.6282115466423e-33
10,adam,449,14598.681599999996,17598.681599999996,0.01003864061773184,0.0010305280208789684,3.610931270603943e-07,0.0006575386163728002,0.000372628311379108,0.009008112466948956,0.0,3.6629560527845225e-30,3.4733008969506074e-32,5.234648898941204e-33
10,adam,474,14598.681599999996,17598.681599999996,0.00945711250043913,0.0009439335937859807,5.013813851684275e-07,0.0006166042913329208,0.00032682792106789147,0.008513178773624414,0.0,3.0742439996149057e-30,3.2820526464331496e-32,4.915804063788185e-33
10,adam,499,14598.681599999996,17598.681599999996,0.008873421549926503,0.0008561547508350237,2.7370636800297466e-07,0.0005599053124972688,0.0002959757319697519,0.008017266663222822,0.0,2.3319286251994857e-30,3.1303753794495895e-32,4.5390154923198636e-33
10,adam,524,14598.681599999996,17598.681599999996,0.008349842952362366,0.0007875800511827183,2.6630310162431127e-07,0.0005232414118515779,0.0002640723362295161,0.0075622627625962875,0.0,2.3271918299740375e-30,2.991044428504005e-32,4.287153192438613e-33
10,adam,549,14598.681599999996,17598.681599999996,0.0079047196022341,0.0007416182406728255,2.3831156684276423e-07,0.0004989612785925011,0.00024241865051348167,0.0071631012205294825,0.0,1.9589973499127967e-30,2.9179908974337524e-32,3.84544176331669e-33
10,adam,574,14598.681599999996,17598.681599999996,0.007408661813855418,0.0006824916160427143,2.1715651664532217e-07,0.00046303947839535,0.00021923498113071886,0.006726170054625155,0.0,2.045999449761904e-30,2.762257816083348e-32,3.806126274771933e-33
10,adam,599,14598.681599999996,17598.681599999996,0.007172342185872439,0.0006922287014399177,2.2533569138401527e-07,0.0004723832967007863,0.00021962006904774738,0.0064801133390554625,0.0,1.8651594771914108e-30,2.686698810915988e-32,3.562542427201496e-33
10,adam,624,14598.681599999996,17598.681599999996,0.00659441269598029,0.0006073553395112756,1.5901456648936927e-07,0.0004131639477644327,0.0001940323771803535,0.005987057209317603,0.0,1.543465456065823e-30,2.5699460479481476e-32,3.5918921263430274e-33
10,adam,649,14598.681599999996,17598.681599999996,0.006190771771911844,0.0005482032446123133,1.7737874476338457e-07,0.0003756415393939952,0.00017238432647355471,0.005642568378322937,0.0,1.810869608039767e-30,2.5259979887487624e-32,3.245911259656289e-33
10,adam,674,14598.681599999996,17598.681599999996,0.007962650680900164,0.0014386833483527347,1.3962936294149093e-06,0.0009170817332593928,0.0005202053214639269,0.006523967181542876,0.0,1.9447084940795965e-30,2.506254085811334e-32,5.372108123376077e-33
10,adam,699,14598.681599999996,17598.681599999996,0.01926625910419545,0.005631695267551702,1.4276002140218736e-06,0.0023183469501280277,0.0033119207172096527,0.01363456368043346,0.0,9.840349569651162e-30,7.490898544059991e-32,1.2858837286431452e-32
10,adam,724,14598.681599999996,17598.681599999996,0.018158573348486848,0.004953709124061413,1.0252443796081408e-07,0.0022686858500513126,0.0026849207495721387,0.013204864066541427,0.0,5.902550690188197e-31,5.975665703075974e-32,1.0133789198389942e-32
10,adam,749,14598.681599999996,17598.681599999996,0.016982843280438822,0.004408526159638853,1.8396465658775395e-08,0.0023048990706552126,0.002103608692517981,0.012574316962564813,0.0,1.6504082591128812e-31,5.357484995141089e-32,8.906528784243962e-33
10,adam,774,14598.681599999996,17598.681599999996,0.015973339053275328,0.003988122066280396,1.4293237467858632e-08,0.002292741695828562,0.0016953660772143664,0.011985216828557221,0.0,1.7806870985291242e-31,5.033256645205087e-32,8.32341829236474e-33
10,adam,799,14598.681599999996,17598.681599999996,0.014854797115918103,0.0036086707910004466,2.8486649712410166e-08,0.00219991373817421,0.0014087285661765242,0.01124612616623706,0.0,5.836228968878411e-31,4.793605191504373e-32,7.970514344673098e-33
10,adam,824,14598.681599999996,17598.681599999996,0.010378226192842368,0.0027142119983385475,2.9772674580229733e-07,0.0017429728124077888,0.0009709414591849566,0.007664014035031167,0.0,5.7770917894758844e-30,3.6658964272742787e-32,5.734230932855748e-33
10,adam,849,14598.681599999996,17598.681599999996,0.008019499989704726,0.001848215040849793,4.382888125302965e-07,0.0011723601958070332,0.0006754165562302296,0.0061712847878826185,0.0,1.0304635163095293e-29,2.686730742908671e-32,3.447706758076507e-33
10,adam,874,14598.681599999996,17598.681599999996,0.007310484628637898,0.0014091425272062454,1.947268246406797e-07,0.0008071539756983931,0.0006017938246832117,0.005901341939742632,0.0,2.6204605427452402e-30,2.3967832054961136e-32,2.684271092388073e-33
10,adam,899,14598.681599999996,17598.681599999996,0.006890603183682971,0.0011746299810518343,1.1697388728813934e-07,0.0006085136713869795,0.0005659993357775666,0.005715973040435601,0.0,1.2740570531105587e-30,2.253259617969015e-32,2.4398335191721307e-33
10,adam,924,14598.681599999996,17598.681599999996,0.006591437426308962,0.001032601963995854,8.87206098008584e-08,0.0005079822484503825,0.0005245309949356707,0.005558835299704648,0.0,1.011764651852728e-30,2.110368479218202e-32,2.4666864422571596e-33
10,adam,949,14598.681599999996,17598.681599999996,0.006354175151439147,0.0009359015430199873,8.677521197920835e-08,0.0004438004936681609,0.0004920142741398473,0.005418273445496728,0.0,1.0749081040984985e-30,2.0039024175023386e-32,2.564030185630206e-33
10,adam,974,14598.681599999996,17598.681599999996,0.006147604786218006,0.0008606513959433847,8.362313855866845e-08,0.00039491524537862814,0.0004656525274261978,0.005286953227113582,0.0,1.051029877621154e-30,1.928940605667935e-32,2.6377233358239274e-33
10,adam,999,14598.681599999996,17598.681599999996,0.0059586814845948135,0.0007977084208246261,7.818921159067189e-08,0.00035699779770086235,0.0004406324339121731,0.005160972900411418,0.0,9.50161734659238e-31,1.8643414292848795e-32,2.6983453463655355e-33
10,adam,1024,14598.681599999996,17598.681599999996,0.005769625387465523,0.000730106802312832,7.480183982326773e-08,0.0003123949355559465,0.0004176370649170623,0.005039518421620843,0.0,9.130553096722687e-31,1.7672243057815385e-32,2.723883922784697e-33
10,adam,1049,14598.681599999996,17598.681599999996,0.0056078053114676845,0.0006873627985713337,6.681579800130024e-08,0.00029267676817205945,0.0003946192146012729,0.004920442349201076,0.0,7.438603491051717e-31,1.7174107842261143e-32,2.789156908849522e-33
10,adam,1074,14598.681599999996,17598.681599999996,0.0054520800421783856,0.0006484993082107996,5.981370452658955e-08,0.00027369224731712546,0.00037474724718914766,0.004803580570115699,0.0,5.897144536703615e-31,1.6810460666856562e-32,2.7986093528632746e-33
10,adam,1099,14598.681599999996,17598.681599999996,0.005299595780428314,0.000612010767911326,5.400235655732078e-08,0.00025691240194391287,0.0003550443636108557,0.004687584848503572,0.0,4.5760745228932546e-31,1.6488700727257745e-32,2.781905385079022e-33
10,adam,1124,14598.681599999996,17598.681599999996,0.005149805955580192,0.0005780798208624306,4.9049100940062096e-08,0.00024155984365438872,0.0003364709281071018,0.004571725970527613,0.0,3.464708146896088e-31,1.6174406267281203e-32,2.7532360885295007e-33
10,adam,1149,14598.681599999996,17598.681599999996,0.00500359889756813,0.0005478203335807947,4.554272446602026e-08,0.00022747230423960117,0.0003203024866167275,0.004455778399600063,0.0,2.740318078548505e-31,1.5843042385931195e-32,2.733087574621704e-33
10,adam,1174,14598.681599999996,17598.681599999996,0.004861507782711764,0.0005213438137798414,4.340987730342479e-08,0.00021483431345379987,0.00030646609044873816,0.004340163804330882,0.0,2.399202446231937e-31,1.5500832308894473e-32,2.729725216761036e-33
10,adam,1199,14598.681599999996,17598.681599999996,0.0047234547983880356,0.0004978718303698233,4.192169204017417e-08,0.00020384865446483055,0.0002939812542129526,0.004225582803194146,0.0,2.2667031085446597e-31,1.5174462826337653e-32,2.73620163143528e-33
10,adam,1224,14598.681599999996,17598.681599999996,0.004614350951615761,0.0004998503342709506,4.034998071410727e-08,0.00020815875081943672,0.0002916512334707998,0.004114500452306999,0.0,2.127133787055531e-31,1.7069231251512642e-32,2.833104022182328e-33
10,adam,1249,14598.681599999996,17598.681599999996,0.00448074364256634,0.00047582429343593724,3.876611142530257e-08,0.00019781363139489253,0.0002779718959296194,0.004004919183870532,0.0,2.133026370022284e-31,1.6803710905732892e-32,2.8189973027612148e-33
10,adam,1274,14598.681599999996,17598.681599999996,0.004350658553905218,0.0004551748726732553,3.741378199832976e-08,0.00018918369908543702,0.00026595375980581997,0.003895483515732333,0.0,2.146028914480431e-31,1.6541884383348542e-32,2.8129605643244696e-33
10,adam,1299,14598.681599999996,17598.681599999996,0.004223565644443599,0.0004368900551821283,3.582713625941132e-08,0.00018183750466088048,0.00025501672338498836,0.003786675423508971,0.0,2.1315393526552888e-31,1.6294964900686253e-32,2.8082802149412915e-33
10,adam,1324,14598.681599999996,17598.681599999996,0.004099136609940413,0.00042034145290281613,3.413637122108482e-08,0.00017543878602220868,0.0002448685305093864,0.0036787949910216367,0.0,2.097158663354032e-31,1.606692561379459e-32,2.8013824676140126e-33
10,adam,1349,14598.681599999996,17598.681599999996,0.00397727573323508,0.00040537758051359743,3.243869043045375e-08,0.00016975584913101957,0.00023558929269214743,0.0035718979864316712,0.0,2.056128440276931e-31,1.5852475416301091e-32,2.7927909097922467e-33
10,adam,1374,14598.681599999996,17598.681599999996,0.0038580463920172715,0.0003920401348988735,3.085886756046717e-08,0.0001646777983220906,0.00022733147770922244,0.0034660060905444966,0.0,2.0315879268554178e-31,1.564488583777914e-32,2.784236341028915e-33
10,adam,1399,14598.681599999996,17598.681599999996,0.003741495106304885,0.00038024644251617035,2.9467427939229713e-08,0.0001601425692218382,0.0002200744058663929,0.0033612484969218746,0.0,2.035075171851567e-31,1.5441534323268396e-32,2.7763154731547708e-33
10,lbfgs,1400,14598.681599999996,17598.681599999996,0.003738584329462126,0.0003814993377139213,2.9375751863766362e-08,0.00015999529647808895,0.00022147466548396862,0.0033570848248694937,0.0,2.0702759089820043e-31,1.4250220660967635e-32,2.7040292492040372e-33
10,lbfgs,1409,14598.681599999996,17598.681599999996,0.002230853142344932,0.0005737539366397577,3.1659927612874494e-08,0.0002650575536241666,0.00030866472308797816,0.0016570990371633692,0.0,1.7426426411354503e-31,1.80026360597093e-32,4.601448917274177e-33
10,lbfgs,1419,14598.681599999996,17598.681599999996,0.000666827692988769,0.0003228112162136518,5.136446646573817e-06,0.00020457094030783613,0.00011310382925924182,0.0003440163001620742,0.0,2.3431270224218463e-29,1.4272866988357613e-32,1.2791465174951282e-33
10,lbfgs,1429,14598.681599999996,17598.681599999996,0.00019892479638635693,0.0001819899301352848,2.4163706469722165e-07,8.986685827096582e-05,9.188143479962175e-05,1.693468436286566e-05,0.0,7.03770925680378e-31,1.0429980800815049e-32,2.098043524998105e-33
10,lbfgs,1439,14598.681599999996,17598.681599999996,0.00015555257702185992,0.00015333349262783196,1.6720230267295812e-07,6.46064797960311e-05,8.855981052912791e-05,2.218893245257584e-06,0.0,1.4389589621457228e-30,1.1230821253749473e-32,1.953877429350965e-33
10,lbfgs,1449,14598.681599999996,17598.681599999996,0.00011234244799261687,0.00010666353329257363,2.4294588890863155e-08,4.07466850598438e-05,6.589255364383896e-05,5.678725683468618e-06,0.0,3.0522001245682636e-31,1.0242760778966327e-32,1.835166209481492e-33
10,lbfgs,1459,14598.681599999996,17598.681599999996,5.126184292216937e-05,5.0613016274977884e-05,4.4406326195887935e-08,1.5077798743854354e-05,3.549081120492764e-05,6.486409307975753e-07,0.0,7.1148361447256845e-31,8.828558785410766e-33,1.4340922755005087e-33
10,lbfgs,1469,14598.681599999996,17598.681599999996,3.888645964952576e-05,3.757091963522531e-05,4.548582571907909e-08,6.966018098113134e-06,3.05594157113931e-05,1.3153500829142161e-06,0.0,4.654524672819794e-31,9.561574658025538e-33,1.3450291801910624e-33
10,lbfgs,1479,14598.681599999996,17598.681599999996,1.631097095226355e-05,1.5845291684940773e-05,4.081992044182804e-08,5.016949360728675e-06,1.078752240377027e-05,4.6548628262046866e-07,0.0,3.0863593055220713e-31,8.613616769694588e-33,1.2366581482871621e-33
10,lbfgs,1489,14598.681599999996,17598.681599999996,1.3876486309079112e-05,1.3570163130827344e-05,4.362436139817333e-08,7.133669386045257e-06,6.392869383383913e-06,3.0612978293775415e-07,0.0,3.174221618024169e-31,8.721844359377977e-33,1.2132900503971812e-33
10,lbfgs,1499,14598.681599999996,17598.681599999996,7.395389428601393e-06,7.165094810676777e-06,2.6734142513551386e-08,5.276994358833999e-06,1.861366309329226e-06,2.3009565592209808e-07,0.0,2.852847050592613e-31,8.523911713396409e-33,1.1689758740468208e-33
10,lbfgs,1509,14598.681599999996,17598.681599999996,4.516265797337183e-06,4.1338326555507515e-06,3.5920855122800155e-08,2.754074174651671e-06,1.3438376257762809e-06,3.822291879540954e-07,0.0,4.068963157881643e-31,8.673222640795791e-33,1.1348556436009628e-33
10,lbfgs,1519,14598.681599999996,17598.681599999996,2.6268381723949727e-06,2.4305276063258327e-06,2.3646065023843388e-08,1.902974604802642e-06,5.039069364993471e-07,1.961022817312661e-07,0.0,2.663316075116006e-31,8.766129577383745e-33,1.142515157369204e-33
10,lbfgs,1529,14598.681599999996,17598.681599999996,1.532157318698613e-06,1.4827124060007303e-06,3.042521230473214e-08,9.519106514775517e-07,5.003765422184462e-07,4.9225739512320936e-08,0.0,4.523133352632798e-31,9.051632770484407e-33,1.1422189208023078e-33
10,lbfgs,1539,14598.681599999996,17598.681599999996,1.0512649774315983e-06,1.0342179050269672e-06,2.8120965807875365e-08,7.258840659250725e-07,2.802128732940192e-07,1.6832331513027234e-08,0.0,5.1555210971616465e-31,9.04528765687148e-33,1.1629964813923057e-33
10,lbfgs,1549,14598.681599999996,17598.681599999996,9.320050476104965e-07,9.075216925910048e-07,1.8438336298909107e-08,5.517908050779185e-07,3.3729255121417717e-07,2.4268363403945823e-08,0.0,1.9192633675692497e-31,9.053159086151451e-33,1.1691780170652415e-33
10,lbfgs,1559,14598.681599999996,17598.681599999996,7.80293314038708e-07,7.742900567315761e-07,5.7583730530478995e-08,4.2788385418696923e-07,2.888224720141279e-07,5.786220234619543e-09,0.0,9.877434376987528e-31,9.086070727596844e-33,1.1720326285071315e-33
10,lbfgs,1569,14598.681599999996,17598.681599999996,5.79125518262892e-07,5.624486872967256e-07,1.5181176016181038e-08,2.6216293036736804e-07,2.8510458091317656e-07,1.6456080652849183e-08,0.0,2.6718115317494446e-31,9.119787258935817e-33,1.1711565973285096e-33
10,lbfgs,1579,14598.681599999996,17598.681599999996,5.093416857347448e-07,4.991191254913365e-07,1.1676643273267484e-08,2.3332796580091347e-07,2.541145164171556e-07,1.0000128975416636e-08,0.0,2.023086574968497e-31,9.16614465246572e-33,1.1812346847790566e-33
10,lbfgs,1589,14598.681599999996,17598.681599999996,4.090528777469916e-07,4.0167192075747975e-07,6.731007803305777e-09,1.87714268577986e-07,2.0722664437618794e-07,7.155682820609371e-09,0.0,9.462511411930615e-32,9.149599300736484e-33,1.1735973852521986e-33
10,lbfgs,1599,14598.681599999996,17598.681599999996,3.933000030675963e-07,3.838016736237286e-07,6.3388062697263385e-09,1.8086534868600877e-07,1.965975186679935e-07,9.272619469448012e-09,0.0,9.477466541074265e-32,9.139838635713128e-33,1.1713187297861879e-33
10,lbfgs,1609,14598.681599999996,17598.681599999996,3.534127009250649e-07,3.508823166826226e-07,5.599372016194443e-09,1.4899803317368591e-07,1.9628491149274226e-07,2.302230569243299e-09,0.0,8.411615652572234e-32,9.137013802192946e-33,1.1758964217674145e-33
10,lbfgs,1619,14598.681599999996,17598.681599999996,2.843246014491567e-07,2.8152479939358025e-07,4.726896064947859e-09,1.0536100431832617e-07,1.714368990103062e-07,2.5677312203465637e-09,0.0,5.503709529616146e-32,9.153643428052896e-33,1.1711887979411072e-33
10,lbfgs,1629,14598.681599999996,17598.681599999996,2.7062683896708473e-07,2.6276860222281427e-07,4.555422567923049e-09,9.974462354365954e-08,1.584685561112317e-07,7.62582616527124e-09,0.0,5.706720585772375e-32,9.145090921497912e-33,1.1707238368929583e-33
10,lbfgs,1639,14598.681599999996,17598.681599999996,2.1374675808889043e-07,2.0997635691201112e-07,5.3439838277462e-09,1.0152293556341509e-07,1.0310943752084983e-07,3.5357592929811396e-09,0.0,8.572769313693661e-32,9.12587065955148e-33,1.1707856666940296e-33
10,lbfgs,1649,14598.681599999996,17598.681599999996,1.982450748488084e-07,1.9289852257693502e-07,4.273247655622662e-09,9.488761951401544e-08,9.373765540729691e-08,5.110867287786956e-09,0.0,6.527901287825715e-32,9.144929369878278e-33,1.1674217317720935e-33
10,lbfgs,1659,14598.681599999996,17598.681599999996,1.8917326611302655e-07,1.8607523458960458e-07,3.490083675845408e-09,9.206575802729579e-08,9.051939288646339e-08,2.8610235589358936e-09,0.0,4.817763518927945e-32,9.141341808259812e-33,1.1678460954126048e-33
10,lbfgs,1669,14598.681599999996,17598.681599999996,1.8105825253695702e-07,1.7721799385686866e-07,4.018987109878245e-09,7.622481985208964e-08,9.697418689490078e-08,3.600755796740569e-09,0.0,6.420501478702307e-32,9.143958725588101e-33,1.1700335084129685e-33
10,lbfgs,1679,14598.681599999996,17598.681599999996,1.7311783338208574e-07,1.7135898224768036e-07,4.398145760745901e-09,7.989122779172294e-08,8.70696086952115e-08,1.5190789179148105e-09,0.0,7.199430137904914e-32,9.143235922492187e-33,1.1690820387427208e-33
10,lbfgs,1689,14598.681599999996,17598.681599999996,1.61587337265563e-07,1.5707212330728687e-07,4.132219903596827e-09,6.679075657689424e-08,8.61491468267958e-08,4.274289598409401e-09,0.0,6.507101030670012e-32,9.151145133998775e-33,1.1668123524541729e-33
10,lbfgs,1699,14598.681599999996,17598.681599999996,1.423310142893527e-07,1.3880363087777414e-07,3.16576545517953e-09,5.739856191702829e-08,7.823930350556631e-08,3.283297908905803e-09,0.0,5.163039279927995e-32,9.134990634650522e-33,1.1631187895122018e-33
10,lbfgs,1709,14598.681599999996,17598.681599999996,1.249692232451413e-07,1.2321475197385208e-07,6.135516035644621e-09,5.050970591729689e-08,6.656953002091058e-08,1.5086749066176422e-09,0.0,1.0898292693116104e-31,9.160994203170422e-33,1.1674294809235047e-33
10,lbfgs,1719,14598.681599999996,17598.681599999996,1.0250462975428565e-07,9.928692830720344e-08,3.908706958573682e-09,5.215803580460694e-08,4.322018554402282e-08,2.9723996202123254e-09,0.0,7.422109780363158e-32,9.167524161386576e-33,1.1673827006160989e-33
10,lbfgs,1729,14598.681599999996,17598.681599999996,9.090876328256193e-08,8.725512030886575e-08,3.3851969972043534e-09,5.251978854421301e-08,3.1350134767448394e-08,3.4099707102188398e-09,0.0,5.848359486352348e-32,9.152943628837379e-33,1.1637085288542651e-33
10,lbfgs,1739,14598.681599999996,17598.681599999996,8.496258776799421e-08,8.108809300586395e-08,3.100805214135228e-09,4.44560039312173e-08,3.353128386051143e-08,3.631396614050101e-09,0.0,5.247759442908152e-32,9.152810693463619e-33,1.1651774156251562e-33
10,lbfgs,1749,14598.681599999996,17598.681599999996,7.327544919562459e-08,7.158464222236756e-08,3.1305429668390373e-09,4.286581072608524e-08,2.5588288529443284e-08,1.4470847069770186e-09,0.0,5.289063374211673e-32,9.15301753175024e-33,1.1670458249868533e-33
10,lbfgs,1759,14598.681599999996,17598.681599999996,6.356413265784557e-08,6.284374165078226e-08,2.9556233969648667e-09,3.7212831513782385e-08,2.2675286740035e-08,4.740261049888513e-10,0.0,5.319075547569565e-32,9.164633456904555e-33,1.165471342417819e-33
10,lbfgs,1769,14598.681599999996,17598.681599999996,6.306967667000788e-08,6.243549342978968e-08,2.9494715611697737e-09,3.6314290893261256e-08,2.3171730975358658e-08,3.8766080960970106e-10,0.0,5.312078222738832e-32,9.16374137171686e-33,1.1659796047928542e-33
10,lbfgs,1779,14598.681599999996,17598.681599999996,6.180234047244257e-08,6.090670976984414e-08,2.7219843376491982e-09,3.4949134291118786e-08,2.3235591141076152e-08,6.497400587032108e-10,0.0,4.6261502510939005e-32,9.168381933001107e-33,1.1668897663536688e-33
10,lbfgs,1789,14598.681599999996,17598.681599999996,6.113112264097876e-08,6.030779332024189e-08,2.6993815431648903e-09,3.617182379772625e-08,2.143658797935076e-08,5.778735519553586e-10,0.0,4.431497785995726e-32,9.165599355608255e-33,1.1661861708893369e-33
10,lbfgs,1799,14598.681599999996,17598.681599999996,3.946503836991963e-08,3.800133214463678e-08,1.9656642145082633e-09,2.2818826600823927e-08,1.3216841329304593e-08,1.2154601908638957e-09,0.0,2.6848665123005846e-32,9.184572254022016e-33,1.1667961633015995e-33
10,lbfgs,1809,14598.681599999996,17598.681599999996,3.319722379305044e-08,3.263848117745578e-08,1.6405407095887575e-09,1.726107133752888e-08,1.3736869130338142e-08,3.0752820004703366e-10,0.0,2.48375817461247e-32,9.179455325480747e-33,1.1658394158185547e-33
10,lbfgs,1819,14598.681599999996,17598.681599999996,3.245023671396255e-08,3.194083223684804e-08,1.7846330728814314e-09,1.6877436087919243e-08,1.3278763076047366e-08,2.5830728613930767e-10,0.0,2.810140705789837e-32,9.187932369994185e-33,1.1663694762687275e-33
10,lbfgs,1829,14598.681599999996,17598.681599999996,3.2358032751385115e-08,3.183753216425168e-08,1.7773032413143977e-09,1.674352730616991e-08,1.331670161676737e-08,2.6943186980458605e-10,0.0,2.7879300972294524e-32,9.187848563580438e-33,1.1660133373540669e-33
10,lbfgs,1839,14598.681599999996,17598.681599999996,3.232734685828146e-08,3.180979926528348e-08,1.774721828798756e-09,1.669333638710052e-08,1.3341741049384203e-08,2.6646184679677715e-10,0.0,2.780795947060369e-32,9.187731582965993e-33,1.1659997098425034e-33
10,lbfgs,1849,14598.681599999996,17598.681599999996,3.230320687144e-08,3.178695408937521e-08,1.7714352785405861e-09,1.6661011092104986e-08,1.3354507718729632e-08,2.651543238619609e-10,0.0,2.773304181080105e-32,9.187694254859165e-33,1.1659818034804945e-33
10,lbfgs,1859,14598.681599999996,17598.681599999996,3.228037640657854e-08,3.17670851485926e-08,1.771350735524934e-09,1.6624831003913177e-08,1.3370903409154492e-08,2.621679591731889e-10,0.0,2.7695096882144465e-32,9.187600321197284e-33,1.1659981984127759e-33
10,lbfgs,1869,14598.681599999996,17598.681599999996,3.226027127820637e-08,3.1747211159225595e-08,1.767906445510085e-09,1.660866062957816e-08,1.337064408413735e-08,2.6192758348282956e-10,0.0,2.7622974413475565e-32,9.187618030164504e-33,1.1659876142169402e-33
10,lbfgs,1879,14598.681599999996,17598.681599999996,3.224104798820814e-08,3.172833497629446e-08,1.7650565138998107e-09,1.6593863162614724e-08,1.3369415299779929e-08,2.615704104107675e-10,0.0,2.7558676399805695e-32,9.187631081441679e-33,1.1659839605822525e-33
10,lbfgs,1889,14598.681599999996,17598.681599999996,3.22224222218582e-08,3.171029222918835e-08,1.7627254015702311e-09,1.657937527227325e-08,1.3368191555344872e-08,2.6097664717316405e-10,0.0,2.750075064242974e-32,9.187635953826838e-33,1.1659860322705195e-33
10,lbfgs,1899,14598.681599999996,17598.681599999996,3.220458491567395e-08,3.1693259350086206e-08,1.7610291139958904e-09,1.6564182834602077e-08,1.336804740148824e-08,2.601603576360128e-10,0.0,2.7450361506954833e-32,9.187627281039416e-33,1.1659943432858639e-33
10,lbfgs,1909,14598.681599999996,17598.681599999996,3.218795794834254e-08,3.167788542742424e-08,1.7602858734843407e-09,1.654713624082878e-08,1.3370463313111118e-08,2.5889329855009977e-10,0.0,2.741100569445326e-32,9.187595832368047e-33,1.1660112359662396e-33
10,lbfgs,1919,14598.681599999996,17598.681599999996,3.216927836686124e-08,3.1654625706417594e-08,1.7505986276421784e-09,1.6561060319240495e-08,1.3342966759534922e-08,2.634941627104781e-10,0.0,2.72672134885698e-32,9.187795834729797e-33,1.1659444565198847e-33
10,lbfgs,1929,14598.681599999996,17598.681599999996,3.215133006215986e-08,3.1636326247570496e-08,1.7475866475457437e-09,1.6550888367628175e-08,1.3337851232396579e-08,2.6384000409235577e-10,0.0,2.720457113478043e-32,9.187828009340293e-33,1.1659413340309273e-33
10,lbfgs,1939,14598.681599999996,17598.681599999996,3.213367367231099e-08,3.161811896141224e-08,1.744251444445127e-09,1.65423161824405e-08,1.3331551334526615e-08,2.6438777825214135e-10,0.0,2.713478897787085e-32,9.187862937976469e-33,1.1659348238989634e-33
10,lbfgs,1949,14598.681599999996,17598.681599999996,3.211639304470024e-08,3.159985359625648e-08,1.7403695468519077e-09,1.6536000784778924e-08,1.3323483264625654e-08,2.653721872593596e-10,0.0,2.705834972847128e-32,9.187912303797846e-33,1.1659228171891011e-33
10,lbfgs,1959,14598.681599999996,17598.681599999996,3.21003789133922e-08,3.15818423628925e-08,1.735462703469014e-09,1.6534250906885518e-08,1.3312128752537965e-08,2.673738718165967e-10,0.0,2.696943338714486e-32,9.187990626426199e-33,1.1658998395334711e-33
10,lbfgs,1969,14598.681599999996,17598.681599999996,3.2083059851331433e-08,3.1569510945937365e-08,1.7392558289513059e-09,1.6502313270677572e-08,1.3327941846308489e-08,2.623592927966114e-10,0.0,2.6988702779286436e-32,9.187836050540555e-33,1.1659602779083763e-33
10,lbfgs,1979,14598.681599999996,17598.681599999996,3.206568136143827e-08,3.155263071524365e-08,1.7374118042055794e-09,1.6488629009499822e-08,1.332658990153825e-08,2.6185410642004083e-10,0.0,2.6937272684850814e-32,9.187830222921388e-33,1.1659676320607595e-33
10,lbfgs,1989,14598.681599999996,17598.681599999996,3.2048678309886575e-08,3.1536695652992064e-08,1.7362920072821344e-09,1.647274748123885e-08,1.3327656164471077e-08,2.6077706388492384e-10,0.0,2.6893790550999024e-32,9.18780344824569e-33,1.1659819661774949e-33
10,lbfgs,1999,14598.681599999996,17598.681599999996,3.2033285508189885e-08,3.1523187741478706e-08,1.7367191288193651e-09,1.6452516445758374e-08,1.3333952166900965e-08,2.5887824124007904e-10,0.0,2.686818963279382e-32,9.18773621848829e-33,1.166010313907226e-33
10,lbfgs,2009,14598.681599999996,17598.681599999996,3.2015929618504246e-08,3.150132867567026e-08,1.7280124503239163e-09,1.6464281582743224e-08,1.3309034642603118e-08,2.63402476123888e-10,0.0,2.67397973820002e-32,9.187917673966301e-33,1.1659492328148894e-33
10,lbfgs,2019,14598.681599999996,17598.681599999996,3.1998801637170754e-08,3.1483578631262346e-08,1.7247480994473078e-09,1.6455735300481213e-08,1.3303095231333826e-08,2.6402420611977296e-10,0.0,2.6671871494961584e-32,9.187948910221925e-33,1.1659421444112728e-33
11,adam,0,17598.681599999996,20000.0,0.10873273818128358,0.08154955356872408,0.0002065564729765803,0.05880698642502347,0.022536010670724027,0.027183184522908032,0.0,1.4123086072553809e-29,1.9600000000078207e-30,2.499999999999994e-31
11,adam,24,17598.681599999996,20000.0,0.026673495882790874,0.012914980702374328,9.263984327223445e-05,0.007600971344942258,0.005221369514159835,0.01375851508890454,0.0,1.3716784390445187e-30,2.614882881945271e-31,5.802935940188919e-32
11,adam,49,17598.681599999996,20000.0,0.021184971112653977,0.007794878356979521,1.3068923986327855e-05,0.005055710037151432,0.0027260993958417613,0.013390092661238246,0.0,1.7364396030630458e-31,1.8004377645444252e-31,2.934564448590509e-32
11,adam,74,17598.681599999996,20000.0,0.018374814404675237,0.00535661132247907,4.941974964089386e-06,0.003445123551425332,0.0019065457960896488,0.013018202983222392,0.0,4.714120611473583e-32,1.26579442406036e-31,1.9410402716097535e-32
11,adam,99,17598.681599999996,20000.0,0.017065565872023986,0.004387907927549541,4.91159985446776e-06,0.002802750308225391,0.0015802460194696826,0.012677657841445268,0.0,4.722265881175373e-32,1.000167246151535e-31,1.6064894592531314e-32
11,adam,124,17598.681599999996,20000.0,0.016190025849672066,0.003790002112867753,2.96206727187536e-06,0.0025393547463239017,0.0012476852992719762,0.012400023630773376,0.0,2.0005420007971275e-32,8.666691846179858e-32,1.4051068696204467e-32
11,adam,149,17598.681599999996,20000.0,0.01573164814466862,0.0035748814968134812,1.6378081563897389e-06,0.0024422148189090767,0.001131028869748015,0.012156766539758229,0.0,1.2865319899631291e-32,7.741840174383676e-32,1.3038069918876756e-32
11,adam,174,17598.681599999996,20000.0,0.015436678785819497,0.0034506111072773677,1.7440438403984716e-06,0.0023678562158511935,0.001081010847585776,0.01198606756921803,0.0,1.3952473493681366e-32,7.16581457900666e-32,1.2540894219001615e-32
11,adam,199,17598.681599999996,20000.0,0.015211896652164115,0.0033726468657503143,1.488899675518628e-06,0.0023284763989704416,0.001042681567104354,0.01183924967607654,0.0,1.283201448485131e-32,6.724201643595122e-32,1.2118019735895624e-32
11,adam,224,17598.681599999996,20000.0,0.014820007119718504,0.003050465212569224,1.0709813162309456e-06,0.002168713291083159,0.0008806809401698341,0.011769541796118178,0.0,9.743694728669136e-33,5.504133096707511e-32,1.0512285884306754e-32
11,adam,249,17598.681599999996,20000.0,0.014667396221180757,0.00298982450086326,6.938921990167367e-07,0.0021261613276160668,0.0008629692810481765,0.011677571608725285,0.0,6.672169826850651e-33,5.319252321420243e-32,1.0338130322677095e-32
11,adam,274,17598.681599999996,20000.0,0.014445957403586574,0.002866837070837221,5.370925935386301e-07,0.002017391639125724,0.0008489083391179583,0.011579120220332905,0.0,4.972666815711451e-33,5.177231800735072e-32,1.034667257503709e-32
11,adam,299,17598.681599999996,20000.0,0.01398623278022625,0.002503953307011038,5.003992298459032e-07,0.0016396281885309855,0.0008638247192502064,0.01148227935893556,0.0,5.0426370219925684e-33,5.086291163049542e-32,1.071589372187662e-32
11,adam,324,17598.681599999996,20000.0,0.012984166327447021,0.0018066482525038493,8.193749875516038e-07,0.0010461712663121458,0.0007596576112041519,0.01117751795714987,0.0,1.914880294894612e-32,4.445790296680831e-32,8.264086369542527e-33
11,adam,349,17598.681599999996,20000.0,0.011918692395963784,0.0014419254069898638,3.5492043008590267e-07,0.0008137758529479398,0.000627794633611838,0.010476766867940489,0.0,6.30278514288372e-33,4.050336779659765e-32,7.277421919530645e-33
11,adam,374,17598.681599999996,20000.0,0.010959800112509112,0.0012293173083244265,3.9418032833638926e-07,0.0007208802575937755,0.0005080428704023146,0.0097304826793956,0.0,6.214922881399415e-33,3.748796051339623e-32,6.512914666731267e-33
11,adam,399,17598.681599999996,20000.0,0.010090669128458688,0.0010709874906565558,3.8767197781477063e-07,0.00064543785026503,0.000425161968413711,0.009019681509276333,0.0,6.258275797956354e-33,3.4995157179004597e-32,5.8924338022550415e-33
11,adam,424,17598.681599999996,20000.0,0.009357058153506561,0.0010213467572444544,3.859597677321076e-07,0.0006365368404322444,0.00038442395704447796,0.008335711263923096,0.0,6.547628618878054e-33,3.751374837027086e-32,5.7408883152691284e-33
11,adam,449,17598.681599999996,20000.0,0.00866451449328035,0.0009197505506506739,3.998904519713886e-07,0.0005936115138506404,0.0003257391463480621,0.007744763806756345,0.0,8.557626235691433e-33,3.5939591644702354e-32,4.800987823202511e-33
11,adam,474,17598.681599999996,20000.0,0.007907409048830564,0.0007943418808678918,3.4422790759425887e-07,0.0005103602060295706,0.0002836374469307269,0.007113067029226004,0.0,6.846133786442325e-33,3.2864284583890436e-32,4.615051709896369e-33
11,adam,499,17598.681599999996,20000.0,0.007273868932774908,0.0007074120192120375,2.7634985316585906e-07,0.0004640857789583425,0.00024304989040052912,0.006566456772107233,0.0,5.684795832156492e-33,3.0822900184246094e-32,4.376909095527746e-33
11,adam,524,17598.681599999996,20000.0,0.006940668423381787,0.0007291800972625713,3.70427521586629e-07,0.0004938814532414707,0.00023492821649951403,0.006211488181935454,0.0,9.605665373685098e-33,3.156991618106497e-32,3.3476496760996566e-33
11,adam,549,17598.681599999996,20000.0,0.006236806446183003,0.0006180352286681284,3.9003543040358776e-07,0.000408775875704609,0.00020886931753311589,0.005618771070952679,0.0,8.536382922302069e-33,2.691411370642934e-32,4.18529742955369e-33
11,adam,574,17598.681599999996,20000.0,0.005734915241111712,0.0005437931696090558,2.5852738378421165e-07,0.0003570024286058904,0.00018653221361938124,0.005191121922918912,0.0,7.507975058933687e-33,2.637162523774744e-32,3.6483547866297387e-33
11,adam,599,17598.681599999996,20000.0,0.005298560644424129,0.0004968205828506896,2.057058568945058e-07,0.00032635806520450765,0.00017025681178928746,0.004801739910763594,0.0,6.715504128096017e-33,2.549815991900584e-32,3.398836381499094e-33
11,adam,624,17598.681599999996,20000.0,0.004946902570295438,0.0005090447646968561,1.7396192197729238e-07,0.0003459605928175368,0.000162910209957342,0.004437857652503365,0.0,6.101190791900973e-33,2.686574258575437e-32,3.526287724174989e-33
11,adam,649,17598.681599999996,20000.0,0.019162586857468727,0.006991034803000798,0.0003469186398916112,0.002459580810197348,0.004184535352911838,0.01217155189692031,0.0,3.345584240743715e-30,7.843515954049912e-32,1.4057263582852766e-32
11,adam,674,17598.681599999996,20000.0,0.014581093288716852,0.006769252330508603,3.315593796129757e-05,0.0022635385846526226,0.004472557807894683,0.007811840795868767,0.0,6.663663946979918e-31,5.755086624864561e-32,1.028333315804926e-32
11,adam,699,17598.681599999996,20000.0,0.010196626276198028,0.004661493079497732,1.837439438063202e-06,0.0017797005105521031,0.0028799551295075657,0.005535133031290502,0.0,7.148951116411916e-32,2.9948612628601916e-32,3.7176497849413054e-33
11,adam,724,17598.681599999996,20000.0,0.009199693907020728,0.0039304944337354136,4.875224579793655e-07,0.0016865852168990378,0.0022434216943783966,0.005269199307430419,0.0,2.2270348058475072e-32,2.68098127026841e-32,3.273388067874569e-33
11,adam,749,17598.681599999996,20000.0,0.00835472645265902,0.003308669793041991,4.857162789589381e-07,0.0015517168267477149,0.0017564672500153173,0.0050460564936397586,0.0,2.1286030779218666e-32,2.56125629559778e-32,3.094459564801264e-33
11,adam,774,17598.681599999996,20000.0,0.007652486573556332,0.0028020903229705523,4.758657786327497e-07,0.0014137275568462128,0.001387886900345707,0.004850396084470951,0.0,2.2812104048298828e-32,2.489735915533415e-32,3.0225531572379168e-33
11,adam,799,17598.681599999996,20000.0,0.007073254239121036,0.0023908200905754934,4.420996987833654e-07,0.0012855810827015742,0.0011047969081751361,0.004682433982265046,0.0,2.1644862778813435e-32,2.440016580481196e-32,2.99476567762647e-33
11,adam,824,17598.681599999996,20000.0,0.006573656328118472,0.002033502801113616,5.371429576195354e-07,0.0011582232969580598,0.0008747423611979364,0.004540153360547009,0.0,2.6644700236860584e-32,2.578664860313615e-32,3.0498263963901544e-33
11,adam,849,17598.681599999996,20000.0,0.0061673181021045295,0.0017489496926419447,5.759802072050036e-07,0.0010487443380108514,0.0006996293744238885,0.004418368242805151,0.0,2.9031477581136147e-32,2.52860381193036e-32,3.0248649793302287e-33
11,adam,874,17598.681599999996,20000.0,0.005800649329955331,0.0014908141779381378,6.207007965691752e-07,0.0009284499414444601,0.0005617435356971086,0.004309834985098736,0.0,3.1724546263482027e-32,2.459483593566458e-32,3.0179329055515503e-33
11,adam,899,17598.681599999996,20000.0,0.005456859573726275,0.0012518116845810388,6.694672968950898e-07,0.0007900587986796257,0.00046108341860451785,0.004205047721878584,0.0,3.383006544715486e-32,2.4042236396820716e-32,3.0183815664854252e-33
11,adam,924,17598.681599999996,20000.0,0.005136872403954946,0.0010479962461163368,6.840526515828428e-07,0.0006597793141840991,0.00038753287928065485,0.004088875990147353,0.0,3.3412076323129996e-32,2.3824556317527385e-32,2.9887895892581093e-33
11,adam,949,17598.681599999996,20000.0,0.004848452488105109,0.0008879776223047592,6.46261728734328e-07,0.0005662755529541803,0.00032105580762184456,0.003960474697612774,0.0,3.0381066839204073e-32,2.37921463594993e-32,3.0013439766374997e-33
11,adam,974,17598.681599999996,20000.0,0.004602339278654002,0.0007753244916080422,5.508117293897656e-07,0.0005029676107017614,0.00027180606917689114,0.0038270146183428493,0.0,2.5561226284363884e-32,2.3859283618176201e-32,3.02810758552107e-33
11,adam,999,17598.681599999996,20000.0,0.004392443078327258,0.0006960732893997577,4.6913197433073437e-07,0.0004550986750331244,0.00024050548239230255,0.0036963696197140675,0.0,2.103498728381273e-32,2.3655084368980168e-32,3.0980014021670215e-33
11,adam,1024,17598.681599999996,20000.0,0.00419034917407097,0.000622012666480515,3.9596404600574836e-07,0.0004055797240062946,0.00021603697842821469,0.003568336337860368,0.0,1.7080475440178702e-32,2.0198087867700378e-32,3.0008034229869887e-33
11,adam,1049,17598.681599999996,20000.0,0.004016574472138483,0.0005702859903585753,3.543391479312379e-07,0.0003642451481102758,0.00020568650310036829,0.0034462883115428315,0.0,1.391614250572064e-32,1.9877558318102916e-32,3.103140004348218e-33
11,adam,1074,17598.681599999996,20000.0,0.0038559202919059036,0.0005268144310649856,3.3247560805827806e-07,0.0003271650711061372,0.0001993168843507901,0.003329105690114487,0.0,1.2141982201722741e-32,1.961938737554211e-32,3.1685362667824286e-33
11,adam,1099,17598.681599999996,20000.0,0.003705116643172579,0.0004906598993600902,3.216458574551367e-07,0.00029518494534083424,0.0001951533081618008,0.003214456572603696,0.0,1.0965010225971955e-32,1.9361185343798617e-32,3.211643305096597e-33
11,adam,1124,17598.681599999996,20000.0,0.003562113779612755,0.0004600941862810127,3.155966452757522e-07,0.0002677078628987,0.00019207072673703697,0.0031020194216436546,0.0,1.00293248823533e-32,1.9078665531939554e-32,3.237984040620416e-33
11,adam,1149,17598.681599999996,20000.0,0.0034258348075156815,0.0004336346341807164,3.1036148363933683e-07,0.00024374019748829944,0.00018958407520877765,0.0029922000011692504,0.0,9.114199512498061e-33,1.877023335937959e-32,3.2498845164641754e-33
11,adam,1174,17598.681599999996,20000.0,0.003295913327815912,0.0004106475171604673,3.0396357493983327e-07,0.00022277112782871666,0.00018757242575681086,0.002885265638014195,0.0,8.159401436015878e-33,1.844662916934805e-32,3.249033766280406e-33
11,adam,1199,17598.681599999996,20000.0,0.003172185305296888,0.0003909783018003211,2.955473606617456e-07,0.000204833134333764,0.00018584962010589535,0.002781206830384316,0.0,7.227069309425713e-33,1.8121725052217118e-32,3.2384536618051604e-33
11,adam,1224,17598.681599999996,20000.0,0.003050318180217344,0.0003704024813658376,2.856170471134566e-07,0.00018612545700756415,0.00018399140731115997,0.0026799155252838227,0.0,6.455220901888948e-33,1.786963414898877e-32,3.2014912523404674e-33
11,adam,1249,17598.681599999996,20000.0,0.0029380955772019346,0.00035652013749694464,2.7300032239741926e-07,0.00017368553337117473,0.00018256160380337246,0.002581575265693587,0.0,5.966361815036043e-33,1.751541783107477e-32,3.17674829332702e-33
11,adam,1274,17598.681599999996,20000.0,0.002830856877466991,0.00034506393736006506,2.591114178481779e-07,0.0001636110518074711,0.00018119377413474577,0.0024857927656583754,0.0,5.611602939419762e-33,1.7203931592368777e-32,3.150567368761613e-33
11,adam,1299,17598.681599999996,20000.0,0.0027278218418127376,0.0003355884305520335,2.443313340771632e-07,0.0001557216926278209,0.00017962240659013542,0.0023922332363794144,0.0,5.3145254940416485e-33,1.692605684359447e-32,3.125088431848684e-33
11,adam,1324,17598.681599999996,20000.0,0.0026283875639873623,0.00032754413915454155,2.2981021605742442e-07,0.00014946502223428168,0.00017784930670420242,0.0023008432495205187,0.0,5.047056427832743e-33,1.6677343677519481e-32,3.099027645632292e-33
11,adam,1349,17598.681599999996,20000.0,0.0025321527190466414,0.00032055104090845433,2.1622800460335886e-07,0.00014439312720955865,0.0001759416856942923,0.002211601502393463,0.0,4.788889622839568e-33,1.645202075397115e-32,3.072032127497387e-33
11,adam,1374,17598.681599999996,20000.0,0.0024388617859698136,0.0003143466804726683,2.0389697017949355e-07,0.00014014299831912526,0.00017399978518336352,0.002124514929316148,0.0,4.536343915582505e-33,1.624361981424193e-32,3.0445870373089194e-33
11,adam,1399,17598.681599999996,20000.0,0.002348349930911707,0.00030873148997515975,1.928687156434735e-07,0.00013647220968955216,0.00017206641156996413,0.002039618264313979,0.0,4.293381034156083e-33,1.6047827892944875e-32,3.0170116333161843e-33
11,lbfgs,1400,17598.681599999996,20000.0,0.0023242399696738383,0.00028797133904371946,1.897184333850192e-07,0.00012902388214811348,0.000158757738462221,0.0020362684539897654,0.0,4.607091415468029e-33,1.5591595551312973e-32,2.931060822782472e-33
11,lbfgs,1409,17598.681599999996,20000.0,0.0009016113373832723,0.0004233506295658494,3.066425444052205e-05,6.161821210847371e-05,0.0003310681630168536,0.0004782605282730081,0.0,4.157285500518278e-31,1.2536803594997921e-32,5.27916287914421e-33
11,lbfgs,1419,17598.681599999996,20000.0,0.0004843714770944806,0.0002830873257629003,4.730481586313938e-06,0.00013466164696503615,0.00014369519721155018,0.00020128396933961535,0.0,6.379747325785733e-32,1.5358764720928665e-32,1.295323719909267e-33
11,lbfgs,1429,17598.681599999996,20000.0,0.00018762670263075044,0.00017937977576944786,2.3115766185563197e-07,9.09779597535654e-05,8.817065835402682e-05,8.246742710784637e-06,0.0,3.523638627109833e-33,1.1877209209193813e-32,2.066856852782585e-33
11,lbfgs,1439,17598.681599999996,20000.0,0.00015266240096621888,0.00014697012754204855,2.1191188164773683e-07,6.365472660860453e-05,8.310348905179627e-05,5.692085370540813e-06,0.0,4.41071921856667e-33,1.3045364145139822e-32,2.280327498357393e-33
11,lbfgs,1449,17598.681599999996,20000.0,8.298033750260825e-05,8.083561558037741e-05,2.577820295340544e-07,1.7498360440624346e-05,6.307947311021901e-05,2.144526029671449e-06,0.0,4.2227020722355274e-33,1.2151837842936363e-32,2.0540777796111043e-33
11,lbfgs,1459,17598.681599999996,20000.0,5.585646173461372e-05,5.510242125079194e-05,2.6455816779700337e-07,1.9387428246055353e-05,3.545043483693959e-05,7.538453002348033e-07,0.0,7.215866432994986e-33,1.157228107223687e-32,1.8204653182348835e-33
11,lbfgs,1469,17598.681599999996,20000.0,3.587829294711747e-05,3.533268260689316e-05,2.9027228371986486e-07,1.707657331768009e-05,1.7965837005493203e-05,5.454187272819473e-07,0.0,3.769860763510954e-33,1.0695904112274177e-32,1.675441445994643e-33
11,lbfgs,1479,17598.681599999996,20000.0,2.105273116306693e-05,2.0448168705689187e-05,9.890487008476844e-08,9.290283794232801e-06,1.1058980041371616e-05,6.043728716095081e-07,0.0,2.974879976203575e-33,1.0213100052706119e-32,1.4687640422810433e-33
11,lbfgs,1489,17598.681599999996,20000.0,1.4661944934835025e-05,1.4236357419009727e-05,1.1554898605113619e-07,6.924251409651831e-06,7.196557023306759e-06,4.2539790206513773e-07,0.0,1.551613176041486e-33,1.003137039907195e-32,1.4157420275850838e-33
11,lbfgs,1499,17598.681599999996,20000.0,9.757090482124053e-06,9.387008457915693e-06,6.026335761952052e-08,4.662942107036313e-06,4.66380299325986e-06,3.69890484300574e-07,0.0,1.542909110939949e-33,1.0159691976262743e-32,1.3983145149325604e-33
11,lbfgs,1509,17598.681599999996,20000.0,8.238115241292459e-06,7.922327254186994e-06,4.8273695667287465e-08,3.9912559261584305e-06,3.882797632361276e-06,3.1559606346586484e-07,0.0,1.0894012151431772e-33,1.0132313541766403e-32,1.4176945471617436e-33
11,lbfgs,1519,17598.681599999996,20000.0,2.714686252366469e-06,2.6021075788396364e-06,3.1629453779443107e-08,1.2920973282542578e-06,1.2783807968059355e-06,1.1238386166589291e-07,0.0,8.307581948725786e-34,1.048592358441503e-32,1.4148521205842357e-33
11,lbfgs,1529,17598.681599999996,20000.0,2.4016588648879316e-06,2.353821635368727e-06,2.5519969967529773e-08,1.1467145040251711e-06,1.1815871613760258e-06,4.7642746560858284e-08,0.0,8.28799076589064e-34,1.0555584390241119e-32,1.4209415243671797e-33
11,lbfgs,1539,17598.681599999996,20000.0,1.9982572303199515e-06,1.9501020109248376e-06,2.0990946114548744e-08,7.242955223091584e-07,1.2048155425011305e-06,4.7959606063923e-08,0.0,7.999180072811068e-34,1.0687866924612453e-32,1.4325622530067667e-33
11,lbfgs,1549,17598.681599999996,20000.0,1.5524861485188868e-06,1.512274453098565e-06,1.6686670771591518e-08,7.991116500613866e-07,6.964761322655869e-07,4.0015792212971286e-08,0.0,3.998032765908937e-34,1.0637352779404366e-32,1.430426003725062e-33
11,lbfgs,1559,17598.681599999996,20000.0,8.899857195618225e-07,8.760488585306537e-07,3.057655750399431e-08,4.46673855714522e-07,3.9879844531213733e-07,1.3739354513864244e-08,0.0,1.2965700122492794e-33,1.0689564648120778e-32,1.4231921528544854e-33
11,lbfgs,1569,17598.681599999996,20000.0,8.162352377756762e-07,8.038964327635394e-07,1.3073191995271633e-08,3.8266090589655405e-07,4.0816233487171376e-07,1.2140732627837333e-08,0.0,4.1955045441793595e-34,1.0749524066057446e-32,1.4211721006786443e-33
11,lbfgs,1579,17598.681599999996,20000.0,7.427249265854536e-07,7.375198413860886e-07,1.6335662225372144e-08,3.968321472187221e-07,3.243520319419943e-07,5.007362746737655e-09,0.0,7.090362558210335e-34,1.073309069991038e-32,1.417959271485759e-33
11,lbfgs,1589,17598.681599999996,20000.0,6.700306104910888e-07,6.6658908647469e-07,1.1070069712782756e-08,4.0368722916239855e-07,2.5183178759950866e-07,3.243941932701031e-09,0.0,5.535429495630136e-34,1.0727775043556184e-32,1.4113393551130584e-33
11,lbfgs,1599,17598.681599999996,20000.0,6.063966323894743e-07,6.015240844342064e-07,1.563207265401054e-08,3.546591933759893e-07,2.3123281840420658e-07,4.6747610616036164e-09,0.0,9.070493348635524e-34,1.0756359889837906e-32,1.4104832660634828e-33
11,lbfgs,1609,17598.681599999996,20000.0,5.33167281077942e-07,5.285105258866485e-07,7.855995572412064e-09,3.122708222264992e-07,2.0838370808773733e-07,4.458939567484414e-09,0.0,3.7418802064238714e-34,1.0743012063398309e-32,1.413295984106311e-33
11,lbfgs,1619,17598.681599999996,20000.0,5.024562808656268e-07,4.994633524339065e-07,4.679755998857584e-09,2.842585350594342e-07,2.1052506137561475e-07,2.7947059333408514e-09,0.0,2.4005354892606756e-34,1.0754891802914731e-32,1.4105253473481426e-33
11,lbfgs,1629,17598.681599999996,20000.0,4.10673204517128e-07,4.0232169857019906e-07,6.1744313004042785e-09,2.4372160605733435e-07,1.5242566121246043e-07,8.153224134850428e-09,0.0,2.6975017080664225e-34,1.0756740523748881e-32,1.4110546909428776e-33
11,lbfgs,1639,17598.681599999996,20000.0,3.7222345604073135e-07,3.6761684487190416e-07,2.5101653570836504e-08,1.9722739308828102e-07,1.4528779821278665e-07,4.4073196071676155e-09,0.0,1.4380439610032811e-33,1.0772602234160013e-32,1.4045959564591924e-33
11,lbfgs,1649,17598.681599999996,20000.0,3.614411534253885e-07,3.579422103538692e-07,2.1263960054714406e-08,1.9539965339780876e-07,1.4127859690134607e-07,3.299688126545448e-09,0.0,1.1368429427054854e-33,1.0788816829603704e-32,1.4087624076666555e-33
11,lbfgs,1659,17598.681599999996,20000.0,3.156442699714065e-07,3.054839835374967e-07,1.7060303836628576e-08,1.484606072202193e-07,1.399630724806488e-07,9.960089503899664e-09,0.0,8.707179949459135e-34,1.0817524630705488e-32,1.4156279362352578e-33
11,lbfgs,1669,17598.681599999996,20000.0,2.6356999442536655e-07,2.614501342135298e-07,3.4125231906263826e-09,1.327107537696326e-07,1.2532685725327085e-07,1.9194296721158563e-09,0.0,7.295547706850212e-35,1.081646723233205e-32,1.405742062900811e-33
11,lbfgs,1679,17598.681599999996,20000.0,2.262890687545643e-07,2.245850376511982e-07,4.976329843615788e-09,9.876744065377152e-08,1.2084126715381092e-07,1.5031023471624088e-09,0.0,1.3719671495645744e-34,1.0783733521403509e-32,1.4138714882891639e-33
11,lbfgs,1689,17598.681599999996,20000.0,2.0434344792347283e-07,2.001971722459851e-07,7.756929423403441e-09,8.368678944317849e-08,1.0875345337940318e-07,3.944554605230203e-09,0.0,2.0576239591870296e-34,1.0808272724808943e-32,1.4053091977437474e-33
11,lbfgs,1699,17598.681599999996,20000.0,1.9700830868607246e-07,1.9506722192429105e-07,7.452452386730817e-09,7.745910373219118e-08,1.1015566580536905e-07,1.7391880381921509e-09,0.0,1.9786305306905045e-34,1.0808353109372431e-32,1.4037096545961001e-33
11,lbfgs,1709,17598.681599999996,20000.0,1.848376711136767e-07,1.8114935800797561e-07,5.0930269983237185e-09,7.544105173485967e-08,1.0061527927479224e-07,3.4862363573968883e-09,0.0,1.210558934261343e-34,1.0805884556902879e-32,1.4079761939007245e-33
11,lbfgs,1719,17598.681599999996,20000.0,1.6017120315342213e-07,1.5858666482742333e-07,3.8625313968885865e-09,6.519844298862496e-08,8.952569044190979e-08,1.3817788277732942e-09,0.0,1.5108443199753315e-34,1.080737216656416e-32,1.405443460419914e-33
11,lbfgs,1729,17598.681599999996,20000.0,1.4633219955111058e-07,1.442955296163644e-07,4.452020283196813e-09,5.818196901557668e-08,8.166154031759092e-08,1.834124021478962e-09,0.0,1.2982697239701527e-34,1.0804323502416697e-32,1.402744518795464e-33
11,lbfgs,1739,17598.681599999996,20000.0,1.3354178439733816e-07,1.3122302825088137e-07,6.266853079035906e-09,5.1883211055722076e-08,7.307296411612338e-08,2.1161199613236566e-09,0.0,2.296946042007522e-34,1.0802726892128228e-32,1.4056405876277094e-33
11,lbfgs,1749,17598.681599999996,20000.0,1.2968050485459288e-07,1.2736173875933386e-07,6.0187233137488265e-09,5.063844856982822e-08,7.070456687575682e-08,2.1163209544477434e-09,0.0,2.195914116585693e-34,1.0793234990420717e-32,1.4063152904522526e-33
11,lbfgs,1759,17598.681599999996,20000.0,1.1579513538314533e-07,1.1238910660278854e-07,6.164643358757216e-09,4.260607727449088e-08,6.361838596954045e-08,3.2028230157906885e-09,0.0,2.5311434682959457e-34,1.0809947289728167e-32,1.4083222712758777e-33
11,lbfgs,1769,17598.681599999996,20000.0,1.0402871721942887e-07,9.97927236048819e-08,5.883289882804843e-09,3.7418389281348e-08,5.6491044440729063e-08,4.03235950294154e-09,0.0,2.24571393314808e-34,1.0798918395405331e-32,1.4088107747594474e-33
11,lbfgs,1779,17598.681599999996,20000.0,8.227964659834779e-08,8.079220293342403e-08,2.98763533261324e-09,3.650193330786686e-08,4.130263429294393e-08,1.2831333755443406e-09,0.0,9.365035271134207e-35,1.0812682906063114e-32,1.4082817808009547e-33
11,lbfgs,1789,17598.681599999996,20000.0,7.770022241439872e-08,7.635163225612342e-08,3.0087508773794775e-09,3.593665889623781e-08,3.740622248250614e-08,1.1440021767935526e-09,0.0,1.077020641536715e-34,1.0806516358999227e-32,1.4095582393064795e-33
11,lbfgs,1799,17598.681599999996,20000.0,7.42814332659954e-08,7.2598201148884e-08,2.3693022560989676e-09,3.51262433753544e-08,3.510265551743063e-08,1.4782055555140052e-09,0.0,5.287111166268034e-35,1.081579134673408e-32,1.4094881942203105e-33
11,lbfgs,1809,17598.681599999996,20000.0,7.360854413756745e-08,7.224269182655271e-08,2.3751944464957297e-09,3.4933457576383e-08,3.4934039803673975e-08,1.1608360372725196e-09,0.0,4.97028396797571e-35,1.0817557290695023e-32,1.4097973980093559e-33
11,lbfgs,1819,17598.681599999996,20000.0,7.336195144383198e-08,7.215725342762969e-08,2.3896063582241382e-09,3.482216351867762e-08,3.4945483550727916e-08,9.996813527869138e-10,0.0,4.907286458594361e-35,1.0817508498134701e-32,1.4099297781848886e-33
11,lbfgs,1829,17598.681599999996,20000.0,7.321970287205154e-08,7.205390206122107e-08,2.3974177385740523e-09,3.471114352375769e-08,3.494534079888933e-08,9.607714884134322e-10,0.0,4.857346517988935e-35,1.0817408616248047e-32,1.4099538635955535e-33
11,lbfgs,1839,17598.681599999996,20000.0,7.310069176360526e-08,7.194174009764264e-08,2.398085308365645e-09,3.458915886840102e-08,3.495449592087598e-08,9.539128278331783e-10,0.0,4.824143445875887e-35,1.0817420748898437e-32,1.409934882186612e-33
11,lbfgs,1849,17598.681599999996,20000.0,7.299303641920086e-08,7.183433641264876e-08,2.395539155219083e-09,3.447998843572189e-08,3.4958808821707774e-08,9.536533285852524e-10,0.0,4.797587557325828e-35,1.0817477048326334e-32,1.409913589114221e-33
11,lbfgs,1859,17598.681599999996,20000.0,7.287672833975997e-08,7.17320758714974e-08,2.3899060824805947e-09,3.4400107954932274e-08,3.4942061834084526e-08,9.39595241890784e-10,0.0,4.7632668431315764e-35,1.0817522146025259e-32,1.40989772449376e-33
11,lbfgs,1869,17598.681599999996,20000.0,7.275459940799022e-08,7.160924673926274e-08,2.3845706950662585e-09,3.42973525439356e-08,3.492732350026089e-08,9.40289385823515e-10,0.0,4.733995571415312e-35,1.0817567608020745e-32,1.4098871019440967e-33
11,lbfgs,1879,17598.681599999996,20000.0,7.262712248905837e-08,7.1493092691559e-08,2.374137549967526e-09,3.422474827632084e-08,3.489420686527063e-08,9.289574990807695e-10,0.0,4.6946517834468207e-35,1.0817604521358634e-32,1.4098719276028798e-33
11,lbfgs,1889,17598.681599999996,20000.0,7.252633836431745e-08,7.139394696648253e-08,2.3642992166689938e-09,3.416213906961953e-08,3.4867508680194e-08,9.273127899588073e-10,0.0,4.6642202259493105e-35,1.0817654949827632e-32,1.4098537597601956e-33
11,lbfgs,1899,17598.681599999996,20000.0,7.242768803058556e-08,7.129030048046385e-08,2.3589080197678054e-09,3.4090890632289874e-08,3.484050182840617e-08,9.32307695493553e-10,0.0,4.6445591896311536e-35,1.0817661101195224e-32,1.4098582613508886e-33
11,lbfgs,1909,17598.681599999996,20000.0,7.230510210463055e-08,7.116382032925626e-08,2.353869777232372e-09,3.401167882496272e-08,3.479827172706117e-08,9.362025161882905e-10,0.0,4.624226000672385e-35,1.0817616163793988e-32,1.4098823164530974e-33
11,lbfgs,1919,17598.681599999996,20000.0,7.216273771236078e-08,7.103032330861016e-08,2.3342087463719622e-09,3.395191823915778e-08,3.474419632308042e-08,9.273240425627749e-10,0.0,4.5739502754162264e-35,1.0817706503306185e-32,1.4098425480194274e-33
11,lbfgs,1929,17598.681599999996,20000.0,7.205492011717865e-08,7.092346521216068e-08,2.327722029645816e-09,3.3898775093388105e-08,3.469696808912676e-08,9.263636349069202e-10,0.0,4.5537619482368613e-35,1.0817669246995858e-32,1.4098614180328217e-33
11,lbfgs,1939,17598.681599999996,20000.0,7.196198703046779e-08,7.084408207434524e-08,2.3114437771665237e-09,3.387604766956376e-08,3.465659062761495e-08,9.128042673277383e-10,0.0,4.512737439181446e-35,1.0817725205540914e-32,1.4098236504068519e-33
11,lbfgs,1949,17598.681599999996,20000.0,7.182502030108938e-08,7.070021166639714e-08,2.2845248762456312e-09,3.381188506157177e-08,3.460380172857974e-08,9.196930069882278e-10,0.0,4.4514924743815866e-35,1.0817925666408092e-32,1.4097329235225535e-33
11,lbfgs,1959,17598.681599999996,20000.0,7.173457275633811e-08,7.062093897559196e-08,2.290296685702665e-09,3.377680558641478e-08,3.455383670347452e-08,9.085271767879326e-10,0.0,4.4589112761741083e-35,1.081771346846125e-32,1.4098264141625474e-33
11,lbfgs,1969,17598.681599999996,20000.0,7.163737674012117e-08,7.052751883907569e-08,2.2812097373250335e-09,3.37392241267137e-08,3.450708497503695e-08,9.04748832178775e-10,0.0,4.435962013140857e-35,1.0817696608253659e-32,1.40983008442547e-33
11,lbfgs,1979,17598.681599999996,20000.0,7.147778664264233e-08,7.037168664567953e-08,2.2665549931389253e-09,3.3675968166157516e-08,3.442916348638309e-08,9.009873771239737e-10,0.0,4.4001884159462927e-35,1.0817672317885072e-32,1.4098378045526225e-33
11,lbfgs,1989,17598.681599999996,20000.0,7.132221106407253e-08,7.021790174048852e-08,2.2483961938708566e-09,3.361393432872102e-08,3.435557121789666e-08,8.99190176399271e-10,0.0,4.357567077612923e-35,1.081771061755152e-32,1.4098167186738676e-33
11,lbfgs,1999,17598.681599999996,20000.0,7.123511389513775e-08,7.013399548114973e-08,2.2394678849994875e-09,3.358292216251026e-08,3.4311605433639986e-08,8.959966139850756e-10,0.0,4.3361260044226375e-35,1.0817703792970869e-32,1.4098152575718788e-33
11,lbfgs,2009,17598.681599999996,20000.0,7.114565524786595e-08,7.004721771776199e-08,2.230445795254107e-09,3.355038101175713e-08,3.426639091075076e-08,8.933132085064051e-10,0.0,4.314944640120984e-35,1.0817696314168738e-32,1.409814773611674e-33
11,lbfgs,2019,17598.681599999996,20000.0,7.105760908048269e-08,6.996142595858685e-08,2.2214362025953434e-09,3.351820257894903e-08,3.4221787177042474e-08,8.91056264222347e-10,0.0,4.2940016965370713e-35,1.0817691653144572e-32,1.4098133897111965e-33
11,lbfgs,2029,17598.681599999996,20000.0,7.0948469400293e-08,6.985834922627537e-08,2.212448164007002e-09,3.34826673846828e-08,3.416323367758557e-08,8.849919177860781e-10,0.0,4.2717717804301567e-35,1.0817640113060282e-32,1.4098287075602431e-33
11,lbfgs,2039,17598.681599999996,20000.0,7.077315803764688e-08,6.968434220609328e-08,2.193371695020503e-09,3.341552988407335e-08,3.407544062699943e-08,8.836814323974196e-10,0.0,4.2288788978886817e-35,1.0817664665839437e-32,1.4098141565943274e-33
11,lbfgs,2049,17598.681599999996,20000.0,7.068180898779061e-08,6.959666568821551e-08,2.1849225008726535e-09,3.3384699058019015e-08,3.4027044129323844e-08,8.800070885328519e-10,0.0,4.209240353678957e-35,1.0817641442975619e-32,1.4098196176005762e-33
11,lbfgs,2059,17598.681599999996,20000.0,7.058804848564062e-08,6.950869709443809e-08,2.177617741006839e-09,3.3356241785933084e-08,3.397483756749816e-08,8.742142424351055e-10,0.0,4.1919971862714026e-35,1.0817587279043884e-32,1.4098375084955824e-33
11,lbfgs,2069,17598.681599999996,20000.0,7.050494188161137e-08,6.941944718019644e-08,2.1644709555602543e-09,3.3316102566791254e-08,3.3938873657844935e-08,8.803515752353221e-10,0.0,4.1644087968363845e-35,1.0817686643780396e-32,1.4097968481342687e-33
11,lbfgs,2079,17598.681599999996,20000.0,7.041794392932672e-08,6.933453094488682e-08,2.1558626040620053e-09,3.328525698432467e-08,3.389341135650013e-08,8.782675596551261e-10,0.0,4.1450326168881685e-35,1.0817679635512793e-32,1.4097966743034953e-33
11,lbfgs,2089,17598.681599999996,20000.0,7.03166487961916e-08,6.92338485815728e-08,2.144876519387088e-09,3.3247227667180744e-08,3.3841744395004965e-08,8.776513865005298e-10,0.0,4.120959011549701e-35,1.0817693000883217e-32,1.409788212416328e-33
11,lbfgs,2099,17598.681599999996,20000.0,7.02281474833079e-08,6.915101334107108e-08,2.1380071285626264e-09,3.322043296754872e-08,3.379257324495972e-08,8.719844314321788e-10,0.0,4.104816082501604e-35,1.0817643728088585e-32,1.4098041446694375e-33
11,lbfgs,2109,17598.681599999996,20000.0,7.007361658410044e-08,6.899706447031246e-08,2.121056930081972e-09,3.3162120296915086e-08,3.37138872433154e-08,8.71397020297652e-10,0.0,4.067849726924994e-35,1.0817668448772603e-32,1.4097896310948542e-33
11,lbfgs,2119,17598.681599999996,20000.0,6.989271314715872e-08,6.883412960479501e-08,2.11058874928621e-09,3.311768639971902e-08,3.360585445578977e-08,8.534299863573922e-10,0.0,4.041558548751594e-35,1.08174816607529e-32,1.4098537568253316e-33
11,lbfgs,2129,17598.681599999996,20000.0,6.980210690021798e-08,6.87304953965853e-08,2.093631530652277e-09,3.306464387037429e-08,3.3572219995558743e-08,8.664486060068215e-10,0.0,4.0074647144186636e-35,1.0817665521183231e-32,1.4097817908475983e-33
