window,stage,step,t0,t1,total,physics,res_S,res_E,res_I,endpoint_physics,bound,orig_mse_S,orig_mse_E,orig_mse_I
0,adam,0,0.0,250.0,2.0370608033250868,1.527795602426088,0.10025666883375696,0.4275389335923308,1.0,0.5092652008086961,0.0,1.299170513584679e-12,4.6242611057346566e-11,8.999999999999995e-12
0,adam,24,0.0,250.0,0.4749231130202695,0.24481404884198937,0.008440195226485914,0.12383962436229927,0.11253422925320421,0.23010906408655676,0.0,3.339409029581974e-12,8.077796305679146e-12,1.3867228257208915e-12
0,adam,49,0.0,250.0,0.3625833624937524,0.1493586343090777,0.005135381754626672,0.07314327680046967,0.07107997575398134,0.21322472809151613,0.0,1.8175332194265956e-12,4.639570770542987e-12,1.4047509153641962e-12
0,adam,74,0.0,250.0,0.32556668800836963,0.1259066654909479,0.00037209870361523857,0.0627936882590645,0.06274087852826815,0.19966002242350453,0.0,3.4407522060948945e-13,4.255259470753937e-12,1.3584782622991475e-12
0,adam,99,0.0,250.0,0.2601631029257071,0.08868297727367061,0.0028144251808486427,0.04558775566847061,0.04028079642435136,0.1714801255551053,0.0,1.4962068456529713e-12,3.0879074310604418e-12,1.0151809303567979e-12
0,adam,124,0.0,250.0,0.239414018032867,0.08049053224150644,0.0019268703049155661,0.04880497904837769,0.02975868288821319,0.15892348569351153,0.0,9.562575312553185e-13,2.8594202781025183e-12,7.029777580539713e-13
0,adam,149,0.0,250.0,0.2123752678505499,0.07312927746560136,0.0016851153843525778,0.04934837832764094,0.022095783753607837,0.13924599028532875,0.0,6.209226890580645e-13,2.341319135461064e-12,6.953188053460066e-13
0,adam,174,0.0,250.0,0.23414342056410264,0.0909638604241444,0.001689948815081175,0.05370781605553391,0.03556609555352932,0.1431795600409365,0.0,7.391526557624616e-13,2.4330864752549514e-12,1.5611846114090817e-12
0,adam,199,0.0,250.0,0.17502995390508147,0.05735974652067651,0.0024213357068946935,0.02901158753870569,0.02592682327507613,0.11767020728418516,0.0,7.47360692013478e-13,1.844167561401511e-12,1.0435386488722306e-12
0,adam,224,0.0,250.0,0.15322173921398866,0.04987922351977565,0.0037957826408808377,0.023520415340311275,0.02256302553858354,0.10334251559270458,0.0,1.2336972386100024e-12,1.6117534061163593e-12,8.512983860858529e-13
0,adam,249,0.0,250.0,0.21261019629809572,0.08662709605346158,0.002849106296167347,0.0674999237487503,0.016278066008543934,0.1259831001434076,0.0,6.528940397165008e-13,2.2365412309056273e-12,3.2135217790274144e-13
0,adam,274,0.0,250.0,0.14150793937534117,0.046088303814596374,0.003355360278574818,0.024618564184275715,0.018114379351745844,0.0954196354585191,0.0,7.564694048124723e-13,1.48365973142203e-12,5.960091883199114e-13
0,adam,299,0.0,250.0,0.125982625693175,0.0402385379378704,0.003226497584996915,0.02097589403535021,0.01603614631752327,0.08574408765169796,0.0,6.780752702850587e-13,1.2903995199512974e-12,4.62006820055879e-13
0,adam,324,0.0,250.0,0.1568496064033816,0.06276385091147571,0.00270447955336465,0.036755209987565665,0.02330416137054539,0.0940857553871295,0.0,5.391100947570922e-13,1.210661931642052e-12,6.423970137946105e-13
0,adam,349,0.0,250.0,0.1391878595366109,0.05657070747700628,0.0021740064958495455,0.04193238122630404,0.012464319754852692,0.0826171519536419,0.0,4.570225962408053e-13,1.161485857689898e-12,2.7084513264028247e-13
0,adam,374,0.0,250.0,0.6357026404866157,0.34325256311990726,0.001689189743716687,0.3069142256039061,0.034649147772284505,0.29245007725959615,0.0,3.832861137340535e-13,1.3741496804950246e-12,8.972733884763269e-13
0,adam,399,0.0,250.0,0.36322198141144946,0.20559992656343834,0.0013753675372979231,0.1771978790139792,0.027026680012161203,0.15762205474236593,0.0,4.33706350460151e-13,1.6118610885322267e-12,4.627867706407917e-13
0,adam,424,0.0,250.0,0.18129265938716937,0.07792491723760396,0.0014838447218852694,0.06455304588216294,0.011888026633555746,0.1033677420447859,0.0,6.161463040309623e-13,1.6741695833492405e-12,1.1810859573401417e-13
0,adam,449,0.0,250.0,0.12877584940110537,0.04421971882544917,0.0006315872038364887,0.033549068655705956,0.010039062965906734,0.08455613047065653,0.0,9.204435982581043e-14,1.376876090196745e-12,1.9970376048541686e-13
0,adam,474,0.0,250.0,0.09808224795294075,0.028873347917874246,0.000630414544417829,0.015608107439902569,0.012634825933553848,0.06920889992892154,0.0,1.3352228991443957e-13,1.1168162271087664e-12,2.8436754427647135e-13
0,adam,499,0.0,250.0,0.10909577521144824,0.04078499440862209,0.0006069656359636717,0.024327333440952347,0.015850695331706074,0.06831078069507414,0.0,1.2947940268190362e-13,9.56131989020066e-13,2.958992380266162e-13
0,adam,524,0.0,250.0,0.15735584438363193,0.07902255256897167,0.000535731808160631,0.06404708897567915,0.01443973178513188,0.07833329170603068,0.0,9.280259324072656e-14,9.877616425369721e-13,1.4499779153366974e-13
0,adam,549,0.0,250.0,0.13712574703839717,0.061278557572969385,0.00045412311464749957,0.04801947671837591,0.01280495773994597,0.07584718935643515,0.0,8.098587085576179e-14,9.142218173245816e-13,1.4852233516959073e-13
0,adam,574,0.0,250.0,0.07623855922640604,0.02259052258928785,0.00041435099398049217,0.011232264199212813,0.010943907396094545,0.05364803652781138,0.0,6.866547962841822e-14,8.2371608708555e-13,2.0522332999179204e-13
0,adam,599,0.0,250.0,0.10289501119141153,0.04474163258945897,0.00047016412465627604,0.0308793469497471,0.013392121515055592,0.058153378491227516,0.0,6.833878410387221e-14,7.070251942928859e-13,2.2036960237635265e-13
0,adam,624,0.0,250.0,0.08605246575184489,0.034670012864470356,0.0004930379628950571,0.028052400861488816,0.006124574040086484,0.05138245277593568,0.0,6.001073704331375e-14,6.516553442208745e-13,1.0982725239479786e-13
0,adam,649,0.0,250.0,1.2209965666369207,0.7428675108283711,0.0006566601995457782,0.7127654485556602,0.029445402073165202,0.47812905569715625,0.0,1.3373783067016184e-13,7.668141437154568e-13,2.586912432185747e-13
0,adam,674,0.0,250.0,0.06171394123247329,0.01744563383364523,0.0005968555915778567,0.008666182196147834,0.008182596045919543,0.044268307287402615,0.0,9.817841830237402e-14,6.241229660910107e-13,1.5315744664271867e-13
0,adam,699,0.0,250.0,0.5255503408740938,0.3113277182950115,0.0004398786393732801,0.29081721604711797,0.02007062360852026,0.21422262246644375,0.0,5.2733270962858394e-14,5.799308325095503e-13,1.9818808188243192e-13
0,adam,724,0.0,250.0,3.4753249833675937,1.770355089173069,0.0007247890711628001,1.7361931675112867,0.033437132590619485,1.7049698940816436,0.0,1.2450653407088323e-13,6.66300207156214e-13,1.969271874836233e-13
0,adam,749,0.0,250.0,0.19994858054762887,0.12024146865189272,0.0005377539489073148,0.09432707107498363,0.025376643628001776,0.07970711178386704,0.0,5.246245371156083e-14,8.870957764844988e-13,5.4277921191064653e-14
0,adam,774,0.0,250.0,0.09777987170535071,0.0409636029067565,0.00042488391114398804,0.03267899526438588,0.007859723731226634,0.05681626868704723,0.0,4.137733825884605e-14,6.660249231062987e-13,1.1993891971331607e-13
0,adam,799,0.0,250.0,0.09688259860028468,0.040978847027889176,0.0002795222982196862,0.03309966663034021,0.007599658099329276,0.055903751460286775,0.0,2.257244778606069e-14,6.228103570645594e-13,9.59699030314021e-14
0,adam,824,0.0,250.0,0.07896019801826447,0.02811019819961364,0.00026939834527205185,0.019647733311086824,0.008193066543254768,0.05084999970609977,0.0,2.3395959648287834e-14,5.867065543457923e-13,1.0208641465535207e-13
0,adam,849,0.0,250.0,0.18933633884720805,0.10021693255491648,0.00027464802128525996,0.08777421737243725,0.012168067161193983,0.08911940617927826,0.0,2.4633521055820172e-14,5.651415217358812e-13,1.1404393432401493e-13
0,adam,874,0.0,250.0,0.05735103686697034,0.016252584073629582,0.0002557033219854998,0.011550268759351036,0.004446611992293045,0.04109845267983755,0.0,1.955340604368359e-14,5.361133600300591e-13,8.831722249685132e-14
0,adam,899,0.0,250.0,0.052029118965368056,0.01671129524750984,0.00028626121615967165,0.010613938562872969,0.005811095468477199,0.035317823603175216,0.0,2.3837457021104354e-14,4.507062721491817e-13,1.1185771069993627e-13
0,adam,924,0.0,250.0,0.08402399408603066,0.04588845128341782,0.0003040245242087058,0.036677282242483775,0.00890714451672534,0.0381355426867973,0.0,2.1292399295406552e-14,4.150752281683087e-13,7.723145978922287e-14
0,adam,949,0.0,250.0,0.06528031343360097,0.02636233984190743,0.00031352518194859746,0.02107309759786568,0.004975717062093156,0.03891797347605947,0.0,2.1470374943533606e-14,4.679669763347673e-13,4.507901112709003e-14
0,adam,974,0.0,250.0,0.14651438208008363,0.08985207399656908,0.00029168588970292925,0.08043497430170075,0.009125413805165409,0.056662307968029825,0.0,2.6256084203044253e-14,4.5398263426897574e-13,8.25977183347895e-14
0,adam,999,0.0,250.0,0.09908773813468458,0.04846612437448707,0.00021711700001148787,0.040774117318362654,0.007474890056112932,0.05062161364458439,0.0,1.557482800054745e-14,4.426861419126174e-13,8.172749501465971e-14
0,adam,1024,0.0,250.0,0.07761710123979366,0.03577998586612167,0.00018561984943808217,0.028436587713095433,0.007157778303588153,0.04183711525781958,0.0,1.1208264779352065e-14,4.934678488023302e-13,6.597703067119269e-14
0,adam,1049,0.0,250.0,0.07127804277632399,0.031478278325826343,0.0001649819471363651,0.024959892211539124,0.006353404167150856,0.03979976433439116,0.0,9.967611748250038e-15,4.807444236823902e-13,6.385992235192696e-14
0,adam,1074,0.0,250.0,0.09912013253697988,0.04736171314251361,0.00016083934348866882,0.040283970322681495,0.006916903476343443,0.05175841927808671,0.0,1.141244232857907e-14,4.650891349503471e-13,7.093754700464303e-14
0,adam,1099,0.0,250.0,0.08351648202611991,0.03779328890846088,0.00014911869306886166,0.03146614998635219,0.006178020229039819,0.04572319300097518,0.0,1.0388623381958188e-14,4.5294672219853675e-13,6.8400329113716e-14
0,adam,1124,0.0,250.0,0.07487554678455868,0.034763162616802706,0.00012852453738568609,0.027382638540229848,0.007251999539187176,0.040112384050743334,0.0,7.279025587964342e-15,4.460199871019922e-13,5.960947542586028e-14
0,adam,1149,0.0,250.0,0.06819859751129609,0.030398863747089628,0.00011879586245330366,0.023881546458078037,0.006398521426558287,0.03779973364686576,0.0,6.614339363067601e-15,4.332676057031258e-13,5.826282733452119e-14
0,adam,1174,0.0,250.0,0.08635783691587043,0.040544358526023075,0.00011922233370163928,0.03451274431779459,0.005912391874526849,0.04581347827218068,0.0,7.952499482752744e-15,4.17785192776824e-13,6.370197779501656e-14
0,adam,1199,0.0,250.0,0.07387745548256641,0.03268778416361649,0.00010896159831949185,0.027272004859150007,0.0053068177061469934,0.041189671200940595,0.0,7.0311976071634005e-15,4.057019046288201e-13,6.136823029244865e-14
0,adam,1224,0.0,250.0,0.07030975826276935,0.033339143373543365,9.778921338538116e-05,0.026020927212089824,0.00722042694806816,0.03697061477088241,0.0,5.101040827930786e-15,3.7559926162178765e-13,5.331333050007728e-14
0,adam,1249,0.0,250.0,0.06290058731660016,0.028236412042782197,8.325683590012356e-05,0.021951665959562675,0.006201489247319397,0.0346641751551634,0.0,4.17454536383037e-15,3.644437727799402e-13,5.212838335022166e-14
0,adam,1274,0.0,250.0,0.08496645426095643,0.040863296037704985,8.576972274661918e-05,0.0354255138170081,0.00535201249795027,0.04410315810428709,0.0,5.474734054025715e-15,3.512518604298089e-13,5.650648768507144e-14
0,adam,1299,0.0,250.0,0.0741129215822189,0.033988137475476306,7.71634300666494e-05,0.029043998042426706,0.00486697600298295,0.04012478398745115,0.0,4.796296698296858e-15,3.4127391451560343e-13,5.452880688347403e-14
0,adam,1324,0.0,250.0,0.06319337465833846,0.02958214134520864,6.283614209367067e-05,0.02284567979599195,0.006673625407123018,0.03361123319349651,0.0,3.0405206786197275e-15,3.3550785549972e-13,4.825723342233236e-14
0,adam,1349,0.0,250.0,0.05629891078894054,0.02494838428512099,5.6491275536400437e-05,0.019160108177897383,0.0057317848316872045,0.031350526383851704,0.0,2.6879531578002437e-15,3.253975755175483e-13,4.705615159278433e-14
0,adam,1374,0.0,250.0,0.0858950312612384,0.042714906446376315,6.103337901734253e-05,0.03765336887513519,0.0050005041922237805,0.043180124694566176,0.0,3.934323419351647e-15,3.137072323315878e-13,5.084806992252626e-14
0,adam,1399,0.0,250.0,0.07535670960120247,0.036083458950946855,5.4870765346066655e-05,0.03145984850710709,0.004568739678493696,0.039273250529618185,0.0,3.450743613196909e-15,3.045531802757419e-13,4.908169608862924e-14
0,lbfgs,1400,0.0,250.0,0.057640599381710886,0.02661871804034656,4.998714988265697e-05,0.020374322238717376,0.006194408651746528,0.031021881220702777,0.0,2.322673279861937e-15,3.1838981762505417e-13,4.847555416565951e-14
0,lbfgs,1409,0.0,250.0,0.031069506639178682,0.00726775806980746,4.9814219760238186e-05,0.004291365534823334,0.0029265783152238878,0.023801748448703714,0.0,2.3005581416530537e-15,3.1006879040278676e-13,5.215797087780003e-14
0,lbfgs,1419,0.0,250.0,0.022855236825239718,0.011147129706739076,0.00024256586087036076,0.00467194139938577,0.0062326224464829445,0.011708106997342383,0.0,2.1673045247724777e-14,1.6453260578076718e-13,1.3744126996153966e-13
0,lbfgs,1429,0.0,250.0,0.010442289588769606,0.0063348669079173435,0.00038459398743324544,0.002441069555608192,0.0035092033648759058,0.004107422558727252,0.0,2.1685903441378673e-14,4.4680969580194247e-14,3.74179600747644e-14
0,lbfgs,1439,0.0,250.0,0.005974187645994351,0.00507372462408746,0.0004147147950263608,0.0011130112342147003,0.0035459985948463986,0.000900462899092522,0.0,1.96867498301209e-14,9.020618225394478e-15,3.328131335375614e-14
0,lbfgs,1449,0.0,250.0,0.0027517643048594513,0.002592178714870891,0.00027268508384207916,0.0007735631944590289,0.001545930436569783,0.00015958546668113,0.0,1.5975474219272124e-14,1.0240861755302804e-14,1.6270898939103985e-14
0,lbfgs,1459,0.0,250.0,0.0020739762789294754,0.001928618572623978,0.00024243947564048983,0.00032146198789210004,0.0013647171090913881,0.00014535758267066238,0.0,1.364661206070957e-14,5.9771115217707146e-15,2.2086246685875617e-14
0,lbfgs,1469,0.0,250.0,0.0019064886418320762,0.0016845568475860077,0.00017418459488597303,0.00037088311627259856,0.0011394891364274362,0.00022193167074363896,0.0,1.068531453939017e-14,7.625272360469832e-15,1.8480713950970438e-14
0,lbfgs,1479,0.0,250.0,0.0017062568436721213,0.0013704399952682875,0.00011228412357862865,0.0002622090098516109,0.000995946861838048,0.0003358167247068087,0.0,5.859957779531373e-15,6.169310079573286e-15,1.477883119164918e-14
0,lbfgs,1489,0.0,250.0,0.0014374468003646283,0.0012525919781355504,0.00013172642870267314,0.00029121347155617575,0.0008296520778767016,0.00018485469850008777,0.0,8.411553665512945e-15,7.121437264289558e-15,1.1609240908531108e-14
0,lbfgs,1499,0.0,250.0,0.001282606676146067,0.0011537726591848757,0.00011988301736483908,0.0003720606996347217,0.000661828942185315,0.00012883389302732282,0.0,7.479695193001672e-15,8.714923184621114e-15,9.495131246852233e-15
0,lbfgs,1509,0.0,250.0,0.0010924460191296846,0.0009959718409282255,4.2269644911165484e-05,0.0005602156258152001,0.0003934865702018599,9.647405406113609e-05,0.0,3.361978909135775e-15,1.2552057806687524e-14,5.6244196129688244e-15
0,lbfgs,1519,0.0,250.0,0.00101812144212285,0.0009696490629611432,3.0573549043402736e-05,0.0005338725220669123,0.00040520299185082815,4.8472255139993205e-05,0.0,2.234730318137167e-15,1.1885763229832718e-14,5.412302419124989e-15
0,lbfgs,1529,0.0,250.0,0.0009295521331600018,0.0008420149542583556,3.0278462648867052e-05,0.0005199117760540696,0.000291824715555419,8.75370545992835e-05,0.0,1.2762021888164468e-15,1.1481003235009181e-14,3.5443440761434736e-15
0,lbfgs,1539,0.0,250.0,0.0009082417074355298,0.0008437210611169684,2.5547599509857886e-05,0.000507182691974235,0.0003109907696328755,6.452052216144302e-05,0.0,1.178301249858191e-15,1.1323534026083022e-14,3.911892861638802e-15
0,lbfgs,1549,0.0,250.0,0.0008039565268841644,0.000762267716536718,3.607297893069168e-05,0.0004900243558780837,0.00023617038172794272,4.1688686126813735e-05,0.0,2.1048552944688715e-15,1.0343554272306303e-14,2.6156126883887293e-15
0,lbfgs,1559,0.0,250.0,0.0006816720950992485,0.0006371465748928704,5.868280305035655e-05,0.00035485693900834354,0.0002236068328341704,4.452539604200821e-05,0.0,4.039091371619254e-15,8.409423943968141e-15,2.754473889031291e-15
0,lbfgs,1569,0.0,250.0,0.0006250212035688834,0.0005994832319518614,7.107574335179817e-05,0.00036101210519835645,0.00016739538340170674,2.5537847307216058e-05,0.0,4.010248776391289e-15,8.368816973930884e-15,1.798730945697304e-15
0,lbfgs,1579,0.0,250.0,0.0005593481749357458,0.0005253912103779883,7.32262981600266e-05,0.0002814248486819996,0.0001707400635359621,3.395684024879894e-05,0.0,3.738775134204791e-15,6.020787867086258e-15,1.8392858403290614e-15
0,lbfgs,1589,0.0,250.0,0.00043112971550265385,0.0004050862481703914,8.231428315975989e-05,0.00017508069123190013,0.0001476912737787314,2.604334297269179e-05,0.0,4.007949208411294e-15,4.1590502864387564e-15,1.545879679022935e-15
0,lbfgs,1599,0.0,250.0,0.00040886043431922104,0.00038292705621146704,6.474778664607407e-05,0.0001887502101941256,0.00012942905937126734,2.5933253650081666e-05,0.0,3.688949172475289e-15,4.265635573203138e-15,1.3272000324658963e-15
0,lbfgs,1609,0.0,250.0,0.00032184462155766233,0.000296694926747426,2.5890839459133304e-05,0.00013053684207325701,0.00014026724521503566,2.5149570261699017e-05,0.0,1.3474160570658844e-15,2.749078128902895e-15,1.247513024918726e-15
0,lbfgs,1619,0.0,250.0,0.00030582665338864677,0.00028618569998650637,2.554398991419636e-05,0.0001278498060882039,0.00013279190398410613,1.9640828847162462e-05,0.0,1.3916602296027515e-15,2.696040847229323e-15,1.1607322870159157e-15
0,lbfgs,1629,0.0,250.0,0.00029741140477698914,0.00027712966616281624,2.2735213551449136e-05,0.0001258585946611223,0.0001285358579502448,2.0281614044757828e-05,0.0,1.1196077680644912e-15,2.978656862421771e-15,1.223028756383359e-15
0,lbfgs,1639,0.0,250.0,0.00024254517579286092,0.00023001495177812708,1.7686844600974154e-05,0.00010721863202076433,0.00010510947515638861,1.2530099168482862e-05,0.0,9.771848346435305e-16,2.090198543864391e-15,8.819799813600707e-16
0,lbfgs,1649,0.0,250.0,0.00022570403875885796,0.0002159283439294662,1.2959866821494336e-05,9.769914832728115e-05,0.00010526932878069071,9.775569895536067e-06,0.0,7.798539383389123e-16,1.7117211095325186e-15,9.025471262137995e-16
0,lbfgs,1659,0.0,250.0,0.00017468459999716166,0.00016686968464917705,1.952277625936445e-05,6.024502178538346e-05,8.710188660442915e-05,7.81479012870995e-06,0.0,1.2212924552574009e-15,1.2146223651449123e-15,7.530824654510446e-16
0,lbfgs,1669,0.0,250.0,0.00016494983516452479,0.00015974111376202874,1.7824990930100393e-05,5.450099426186093e-05,8.741512857006744e-05,5.2085961350667365e-06,0.0,1.158548603625156e-15,1.0171408990951738e-15,7.622520177923441e-16
0,lbfgs,1679,0.0,250.0,0.0001631523209564391,0.00015896052011103268,1.8828686501233542e-05,4.9748419667586203e-05,9.038341394221294e-05,4.191675540961049e-06,0.0,1.218016581218161e-15,9.263161141034049e-16,7.812545256353993e-16
0,lbfgs,1689,0.0,250.0,0.00012980965916624778,0.00012363029999720287,6.776401969556965e-06,3.2033128770536744e-05,8.482076925710915e-05,6.179233499128045e-06,0.0,3.1017749434740604e-16,4.803233990425256e-16,7.554962427499734e-16
0,lbfgs,1699,0.0,250.0,0.00012446662172607736,0.00012136637364439275,8.818598619843949e-06,3.1616622505315596e-05,8.09311525192332e-05,3.1001223985510474e-06,0.0,4.0067854129466023e-16,4.665477123646792e-16,7.292238486151009e-16
0,lbfgs,1709,0.0,250.0,0.00012283908013618205,0.0001197616976023706,1.1479615238909031e-05,3.203193733049022e-05,7.625014503297135e-05,3.0772569035323418e-06,0.0,5.592934325899724e-16,5.562100905322579e-16,7.150104887084799e-16
0,lbfgs,1719,0.0,250.0,0.00012139661957932448,0.00011777142536065868,1.0022566355544883e-05,3.003550952844476e-05,7.771334947666903e-05,3.6250685149135773e-06,0.0,4.617082025584457e-16,4.640929152676003e-16,7.46319895941316e-16
0,lbfgs,1729,0.0,250.0,0.00011529458566399152,0.00011345846466140962,9.810434241377163e-06,3.027161247807224e-05,7.337641794196023e-05,1.8359953742552987e-06,0.0,5.072575737646832e-16,5.17546732346814e-16,7.379061184642904e-16
0,lbfgs,1739,0.0,250.0,8.842938147515386e-05,8.442228731522172e-05,5.592852561016167e-06,1.679874524213959e-05,6.203068951206596e-05,4.0069682976402735e-06,0.0,3.2041299474874397e-16,2.636866560086829e-16,6.164718678831053e-16
0,lbfgs,1749,0.0,250.0,8.09960195580929e-05,7.959621370215467e-05,6.416197470685098e-06,1.3072876895105243e-05,6.010713933636434e-05,1.3996799664016297e-06,0.0,3.3685355782993475e-16,2.104633569410217e-16,5.888469788745561e-16
0,lbfgs,1759,0.0,250.0,7.976945071569098e-05,7.853115685720348e-05,6.562123227347655e-06,1.1409778914182852e-05,6.055925471567297e-05,1.238167942282351e-06,0.0,3.550072217993749e-16,1.628510594381097e-16,5.933246700439831e-16
0,lbfgs,1769,0.0,250.0,7.70459180353993e-05,7.558721890519178e-05,7.121332203586636e-06,1.3006256221371523e-05,5.545963048023362e-05,1.4585732655500528e-06,0.0,4.0561951980973406e-16,1.6298010152239167e-16,5.74034239156691e-16
0,lbfgs,1779,0.0,250.0,6.872076319796225e-05,6.699815870280026e-05,6.5286753729432795e-06,9.896383428832618e-06,5.057309990102436e-05,1.7224785482754752e-06,0.0,3.6151229696911713e-16,6.911570256853918e-17,5.517037433728536e-16
0,lbfgs,1789,0.0,250.0,6.236128293146094e-05,6.040243175956788e-05,6.503886427806745e-06,1.0918228675185593e-05,4.298031665657554e-05,1.9587252440670127e-06,0.0,3.267379083387516e-16,8.94845319486945e-17,4.958628900432242e-16
0,lbfgs,1799,0.0,250.0,0.000115140115044591,0.00010441705234611257,2.1273086223234574e-05,2.589627237469075e-05,5.7247693748187236e-05,1.072293637274362e-05,0.0,1.427634323912985e-15,8.111484744696585e-17,5.452141624359544e-16
0,lbfgs,1809,0.0,250.0,5.756654836901852e-05,5.6776778296569885e-05,5.463009085731357e-06,9.655780093008179e-06,4.165798911783035e-05,7.896441236154678e-07,0.0,3.075434187170096e-16,1.0409293157308795e-16,4.850805720551372e-16
0,lbfgs,1819,0.0,250.0,5.556641791096844e-05,5.500746803659571e-05,4.5130227290524004e-06,9.531264441288802e-06,4.096318086625451e-05,5.58823821409078e-07,0.0,2.528091592375626e-16,7.386979575613514e-17,4.757766841869742e-16
0,lbfgs,1829,0.0,250.0,5.415604018665758e-05,5.3602356462864156e-05,4.091292565380443e-06,1.1393083108627775e-05,3.8117980788855935e-05,5.535576609777282e-07,0.0,2.2667291324002274e-16,8.42707042265131e-17,4.4304705067069374e-16
0,lbfgs,1839,0.0,250.0,5.280622315066019e-05,5.228078520926484e-05,3.5179258229170975e-06,1.2078232677831755e-05,3.6684626708515985e-05,5.253118710327702e-07,0.0,1.8972336289708955e-16,7.932544101948392e-17,4.36066399982194e-16
0,lbfgs,1849,0.0,250.0,5.106800141120851e-05,4.982982036246291e-05,3.4991029080345844e-06,1.158249333642732e-05,3.4748224118001006e-05,1.2380549610618625e-06,0.0,1.9846657688613985e-16,7.116925863259408e-17,4.1370558768157328e-16
0,lbfgs,1859,0.0,250.0,4.651663078448404e-05,4.488177521525948e-05,4.023834568599884e-06,9.675177446476378e-06,3.1182763200183214e-05,1.634729496665263e-06,0.0,2.422728494935567e-16,5.172954662395459e-17,3.74326896410432e-16
0,lbfgs,1869,0.0,250.0,4.087606010651108e-05,4.0304931216866515e-05,4.2541796757982785e-06,6.650570096037234e-06,2.9400181445031007e-05,5.710027650973895e-07,0.0,2.6097353302714337e-16,3.2786624751835825e-17,3.535499187874864e-16
0,lbfgs,1879,0.0,250.0,3.796618576082306e-05,3.736891556901474e-05,3.497855068614844e-06,3.7099855169846208e-06,3.0161074983415278e-05,5.971440925472034e-07,0.0,1.9208842551629923e-16,2.756476433415056e-17,3.3463369972497183e-16
0,lbfgs,1889,0.0,250.0,3.7529028581737874e-05,3.70165149720135e-05,2.9907890237732758e-06,4.0646980595379465e-06,2.9961027888702273e-05,5.123874884344474e-07,0.0,1.6080143725353028e-16,3.2829580842334954e-17,3.3463343906067817e-16
0,lbfgs,1899,0.0,250.0,3.9090191385460147e-05,3.8031702321974336e-05,3.5010378504619217e-06,5.244813711520234e-06,2.928585075999218e-05,1.0583629020375397e-06,0.0,1.936693298776311e-16,3.899962836363587e-17,3.2245080699290187e-16
0,lbfgs,1909,0.0,250.0,3.699321122368425e-05,3.661031714825737e-05,2.9826481220116576e-06,4.636504883401311e-06,2.8991164142844395e-05,3.827679484733931e-07,0.0,1.4979541968571422e-16,3.261673150561277e-17,3.266753000237984e-16
0,lbfgs,1919,0.0,250.0,3.663794078937494e-05,3.63795750635036e-05,3.229836990770889e-06,4.292962577954594e-06,2.885677549477812e-05,2.5823958813138085e-07,0.0,1.5502417708391957e-16,3.46981794397713e-17,3.218006739475761e-16
0,lbfgs,1929,0.0,250.0,3.6044451945115306e-05,3.565681240224712e-05,3.1557016222135115e-06,4.308438323064411e-06,2.819267245696919e-05,3.875133839362423e-07,0.0,1.517162994287599e-16,3.816089984744216e-17,3.214989020891743e-16
0,lbfgs,1939,0.0,250.0,3.5720915946587304e-05,3.5345118780232735e-05,3.067788958920995e-06,4.355370935922944e-06,2.7921958885388798e-05,3.756709869462095e-07,0.0,1.4386486673640732e-16,3.6577871617604586e-17,3.2657065685685125e-16
0,lbfgs,1949,0.0,250.0,3.516201116494842e-05,3.449098854213405e-05,2.9208426778984103e-06,4.26438942144968e-06,2.7305756442785963e-05,6.70896456305669e-07,0.0,1.3426213642804127e-16,3.710860150508992e-17,3.231816694200199e-16
0,lbfgs,1959,0.0,250.0,3.4814610130816796e-05,3.425154031185515e-05,2.661463061960779e-06,4.337313771513569e-06,2.7252763478380803e-05,5.629436475913345e-07,0.0,1.202123552916846e-16,4.1123264645202795e-17,3.217329454742273e-16
0,lbfgs,1969,0.0,250.0,3.3936415153169764e-05,3.34465644541483e-05,2.4128671321271426e-06,3.5919441136789733e-06,2.7441753208342187e-05,4.897245568423278e-07,0.0,1.0116404105489757e-16,3.3702203493859356e-17,3.1535902901465986e-16
0,lbfgs,1979,0.0,250.0,3.352258074324909e-05,3.2796623960798986e-05,2.362766908966665e-06,3.4605740324426287e-06,2.6973283019389694e-05,7.25830657600773e-07,0.0,9.64164374149029e-17,3.058194967708026e-17,3.116013523484053e-16
0,lbfgs,1989,0.0,250.0,3.259828523196831e-05,3.219418332781873e-05,2.1318322314209337e-06,4.288013217924e-06,2.5774337878473797e-05,4.0397577489119753e-07,0.0,8.868798280008048e-17,3.133780073364574e-17,2.989608560922685e-16
0,lbfgs,1999,0.0,250.0,3.2068742160842444e-05,3.173109081095064e-05,2.1434228036742292e-06,3.962223687827435e-06,2.5625444319448976e-05,3.375252441678915e-07,0.0,8.675231633229038e-17,3.194307271672719e-17,2.8897619579823633e-16
0,lbfgs,2009,0.0,250.0,3.19231713305706e-05,3.1613304748491264e-05,2.224587067942837e-06,3.934391553586178e-06,2.545432612696225e-05,3.0974049905885447e-07,0.0,9.047674201020256e-17,2.9702785199757495e-17,2.868055700017646e-16
0,lbfgs,2019,0.0,250.0,3.1567274943243145e-05,3.1109471667491004e-05,2.104222965872256e-06,4.4212960847756875e-06,2.458395261684306e-05,4.576771934159248e-07,0.0,7.993153850458042e-17,3.208412066926902e-17,2.75786341264728e-16
0,lbfgs,2029,0.0,250.0,3.1224487724591126e-05,3.0888973590694656e-05,2.195871501913261e-06,4.564963651153235e-06,2.412813843762816e-05,3.3538805209642445e-07,0.0,8.151199500740972e-17,3.3087460924863157e-17,2.7339520878041053e-16
1,adam,0,250.0,600.0,0.023547827539290415,0.017660870586771817,0.00017764366679745607,0.004345615962676318,0.013137610957298044,0.005886956862257276,0.0,1.332726766451552e-14,7.34542654809678e-18,6.867245080308725e-17
1,adam,24,250.0,600.0,0.016858307535729946,0.01400713262253311,1.64372257256741e-05,0.001958938536599304,0.012031756860208132,0.0028511748211213057,0.0,7.677099655528365e-16,3.0247711905088696e-18,5.573481839012866e-17
1,adam,49,250.0,600.0,0.0060400680490669025,0.0046448343680922785,1.6660433939465565e-06,0.0004802161605168813,0.004162952164181451,0.0013952335843512634,0.0,7.89759991141851e-17,4.0988644464084817e-19,5.7707901671812706e-18
1,adam,74,250.0,600.0,0.002750321550835851,0.002089597272460151,9.334754153793923e-07,0.0008485144447997507,0.001240149352245021,0.0006607241771495043,0.0,4.810927283725715e-17,1.680888613869879e-19,1.4490729205433205e-18
1,adam,99,250.0,600.0,0.00040213772215801286,0.00031339800443460817,4.335363263064169e-07,6.447327607485717e-05,0.0002484911920334446,8.873961263737729e-05,0.0,2.833609985156673e-17,2.23804822091937e-20,2.4113897987036033e-19
1,adam,124,250.0,600.0,0.00031233608974967224,0.00022406161636304573,3.972214485408978e-07,0.00011445871596249901,0.00010920567895200583,8.827436696528515e-05,0.0,2.820748133536243e-17,3.678736751651701e-21,7.155785227389102e-20
1,adam,149,250.0,600.0,0.002381807163122282,0.0016069641991842477,3.1341613844529857e-06,0.001431858043267094,0.00017197199453270064,0.0007748428567834511,0.0,1.801462584328539e-16,6.20863510085591e-21,3.3053058967835616e-20
1,adam,174,250.0,600.0,4.843417716374819e-05,3.319514818095912e-05,3.8679579703087445e-07,1.827814178372611e-05,1.4530210600202135e-05,1.523892184741874e-05,0.0,2.6100942316816845e-17,1.8636092416329774e-21,1.6906305936045974e-20
1,adam,199,250.0,600.0,1.97091861697172e-05,1.4531627768311442e-05,5.403150956967841e-07,7.175555025779689e-06,6.8157576468349686e-06,5.177450917021059e-06,0.0,3.335354873999924e-17,3.3431645969798555e-22,6.847774271263098e-21
1,adam,224,250.0,600.0,0.002085899634541114,0.0014152249404860964,8.149462830834765e-07,0.0012979784529128552,0.0001164315412901578,0.0006706745863599097,0.0,4.797012212793209e-17,5.86600875561396e-21,1.2145093438484558e-20
1,adam,249,250.0,600.0,5.536679935711032e-05,4.0129797327344416e-05,1.0816290590463774e-06,2.3891969338050344e-05,1.5156198930247694e-05,1.523689457723183e-05,0.0,6.408544598920721e-17,4.669980736223632e-22,1.1226763682217575e-20
1,adam,274,250.0,600.0,1.2465254714539356e-05,8.515347231779756e-06,1.1945250424659909e-06,3.775951550688228e-06,3.5448706386255365e-06,3.949799802476768e-06,0.0,6.874385469495345e-17,2.661859969711457e-22,2.795640284891462e-21
1,adam,299,250.0,600.0,0.0004617448139178203,0.0003109089667387737,2.2404566240486688e-07,0.00027059024466916386,4.009467640720499e-05,0.00015083573932558083,0.0,1.4421188710924053e-17,1.9898942757781225e-21,5.490646646897301e-22
1,adam,324,250.0,600.0,3.0037310546838997e-05,2.018996235535432e-05,5.578469212897574e-07,1.4399194585919005e-05,5.232920848145557e-06,9.847240646497383e-06,0.0,3.393873124611575e-17,8.651250124825778e-22,7.519952596916316e-21
1,adam,349,250.0,600.0,2.006392638854422e-05,1.4146319525093999e-05,1.2088138215806864e-06,1.047941059888763e-05,2.4580951046256823e-06,5.917499142795237e-06,0.0,6.655997054899245e-17,8.856032337828614e-23,2.4028835114772335e-21
1,adam,374,250.0,600.0,4.7618326144492303e-05,3.318194076756657e-05,3.2252701812612876e-07,3.049827950865957e-05,2.36113424078087e-06,1.443627751002749e-05,0.0,1.8513043329573115e-17,1.3975005762675774e-22,1.3721741926592379e-21
1,adam,399,250.0,600.0,4.3486646849840994e-05,2.9596305574635405e-05,1.3904240715671292e-06,2.295579409170898e-05,5.250087411359294e-06,1.3890233735243172e-05,0.0,8.162139271868794e-17,1.0427455432472685e-21,8.00369279776146e-21
1,adam,424,250.0,600.0,2.91098689518135e-05,1.9045068916762808e-05,2.728437397425553e-07,1.5227212145839776e-05,3.5450130311804763e-06,1.006469236046117e-05,0.0,1.602417544145675e-17,2.349897866437094e-22,1.1515233988280427e-21
1,adam,449,250.0,600.0,3.717394833987349e-06,3.007392125298553e-06,7.412294796883979e-07,1.577645941477652e-06,6.885167041325035e-07,7.098948949232447e-07,0.0,4.275004299927736e-17,2.1734847948328652e-23,6.48614793157547e-22
1,adam,474,250.0,600.0,0.00020601586765978504,0.00014088098801868867,7.089480382106165e-06,0.00012274728341446823,1.1044224222114267e-05,6.513477174821198e-05,0.0,4.1399138590829503e-16,6.313882984174796e-22,1.5845197910598255e-21
1,adam,499,250.0,600.0,0.0001863313834427385,0.00012767413412582913,2.8208999747181963e-06,9.02585349624338e-05,3.459469918867714e-05,5.8657141839765835e-05,0.0,1.631415679422208e-16,5.304455677130539e-22,1.1467431071291806e-20
1,adam,524,250.0,600.0,3.5079801896177696e-05,2.3035070577356566e-05,2.4535334090779454e-07,1.8229150844977217e-05,4.560566391471557e-06,1.204462366220108e-05,0.0,1.3989660209592047e-17,1.5439253876095695e-22,3.660047025669106e-22
1,adam,549,250.0,600.0,1.1111347320373068e-06,9.183101799848365e-07,1.438264908408217e-07,2.6897850396501515e-07,5.055051851789996e-07,1.9271679195899292e-07,0.0,8.760919794063085e-18,1.4642246337918325e-23,4.8733284250822775e-22
1,adam,574,250.0,600.0,0.0019175474180019299,0.001295603995651791,9.231714272091667e-08,0.0011686407938806928,0.00012687088462837732,0.0006219433145929918,0.0,5.510356634723148e-18,8.053790527614879e-21,1.3583318902913029e-21
1,adam,599,250.0,600.0,0.00010925865706690554,7.467022140229224e-05,7.821760820101599e-08,6.161390560989691e-05,1.2978098184194317e-05,3.4588328108621336e-05,0.0,4.802195284664339e-18,2.831537501700182e-22,3.715870336667576e-21
1,adam,624,250.0,600.0,0.0004384974162550706,0.00029947718788789457,1.0013962041704926e-07,0.0002636113422885092,3.576570597896829e-05,0.00013902012074489057,0.0,5.384680170217169e-18,1.2224406723210228e-21,4.144015421993532e-21
1,adam,649,250.0,600.0,6.478021616693331e-05,4.4837524163538465e-05,5.073321995371919e-08,3.941515358311236e-05,5.3716373604723805e-06,1.994258435857751e-05,0.0,3.080079732884229e-18,1.9312393595124274e-22,1.2841338075143717e-21
1,adam,674,250.0,600.0,0.0006764894103690895,0.00046081973461928197,1.1669518349101734e-07,0.00041871735123209255,4.198568820369843e-05,0.0002156695680657449,0.0,7.07925918419575e-18,2.7265213080611202e-21,4.585247003860831e-22
1,adam,699,250.0,600.0,5.79180208930236e-05,4.011444193453339e-05,5.626797788324836e-08,3.4981180862643183e-05,5.076993094006959e-06,1.7803471315067844e-05,0.0,3.2414793629831053e-18,1.7466858810083368e-22,1.1105524440039572e-21
1,adam,724,250.0,600.0,0.0017915754456364042,0.0012241967600418232,8.634298337748133e-08,0.001109794089714467,0.00011431632734397859,0.0005673785779336851,0.0,5.322585754017627e-18,7.30917272308628e-21,1.2369450062731347e-21
1,adam,749,250.0,600.0,4.4628030796626005e-05,3.1131432088142905e-05,9.387200848799288e-07,2.570136737461895e-05,4.4913446286440265e-06,1.3496491224766819e-05,0.0,5.243358809101206e-17,1.213124509699833e-22,1.222313001434725e-21
1,adam,774,250.0,600.0,6.355836352444228e-06,4.528655732094969e-06,2.488472441330516e-07,3.467337305802882e-06,8.124711821590352e-07,1.8270730293216768e-06,0.0,1.328282036241483e-17,2.2920585304286145e-23,3.2011926536051825e-22
1,adam,799,250.0,600.0,0.0004470873351441344,0.00030490023787229677,9.170385393967042e-08,0.00027621095195164033,2.8597582066716773e-05,0.00014218698962439844,0.0,4.8864449231239695e-18,1.5358313794121693e-21,1.2850694791811433e-21
1,adam,824,250.0,600.0,0.00016647128977138322,0.00011466789248441284,4.006372680368818e-06,9.346318718739592e-05,1.7198332616648095e-05,5.1803289900902985e-05,0.0,2.2782591954291047e-16,4.1022127499105214e-22,2.8853702692797736e-21
1,adam,849,250.0,600.0,2.717874073451425e-05,1.8353103834589515e-05,2.716795282261519e-07,1.6619422317249206e-05,1.4620019891141562e-06,8.82552940623124e-06,0.0,1.464753612871336e-17,1.1099898698326849e-22,1.8985541477077285e-22
1,adam,874,250.0,600.0,0.00018466630493506225,0.00012589598973529182,1.8071606399220414e-08,0.00011266836185730932,1.3209556271583272e-05,5.8770207628719205e-05,0.0,1.0285415286684971e-18,5.625601230068507e-22,1.8743005434893316e-22
1,adam,899,250.0,600.0,0.00011379622803081278,7.851629811443879e-05,1.458805303896913e-07,6.59862909751208e-05,1.2384126608928296e-05,3.527982249419647e-05,0.0,8.310654819681266e-18,3.0170856500880547e-22,1.839869388012571e-21
1,adam,924,250.0,600.0,5.445328245711873e-06,4.091279226179788e-06,2.039669187576121e-08,3.6165016871854905e-07,3.709232365585477e-06,1.353941582911199e-06,0.0,1.1211223641924866e-18,6.94917848591977e-23,1.727406375557231e-21
1,adam,949,250.0,600.0,0.00048288847956648977,0.00032944708247267156,5.234689113997451e-08,0.00029642735221528454,3.29673833662471e-05,0.00015344128959645663,0.0,3.0590385722931853e-18,1.637629231823235e-21,4.453539482865603e-22
1,adam,974,250.0,600.0,0.0001089040467670486,7.491159133766323e-05,1.923334001560096e-07,6.76296919764129e-05,7.089565961094328e-06,3.399234799252294e-05,0.0,1.028867299493199e-17,3.97924638047064e-22,4.761653372926179e-22
1,adam,999,250.0,600.0,7.077140127321868e-06,4.849280915908367e-06,3.686380303608009e-07,4.083654132390959e-06,3.9698875315660743e-07,2.227751739465478e-06,0.0,1.976095118819397e-17,1.9086505969716754e-23,7.18530486460321e-23
1,adam,1024,250.0,600.0,0.00012167567167884116,8.929969653160164e-05,1.5996883262004746e-07,7.026622456377702e-05,1.8873503135204574e-05,3.2375868046596924e-05,0.0,7.510089941226723e-18,2.7157117797320265e-21,1.7236612993988106e-20
1,adam,1049,250.0,600.0,8.056243649320502e-05,5.5954442928685435e-05,2.1566242837653336e-06,4.641128979106944e-05,7.386528853850665e-06,2.4607886431615332e-05,0.0,1.200623561529578e-16,2.0503760528869356e-22,9.764764402915449e-22
1,adam,1074,250.0,600.0,2.550036542122145e-06,1.9789120381869144e-06,1.215658645824266e-06,3.339560186464798e-07,4.2929737371616833e-07,5.710172548260459e-07,0.0,6.845839724344281e-17,9.63026170560178e-24,2.005137001548135e-23
1,adam,1099,250.0,600.0,1.2007602302288056e-06,9.158947496443428e-07,1.3707295967167684e-08,6.969538894839985e-07,2.0523356419317661e-07,2.847582149214898e-07,0.0,7.702189240561769e-19,3.6142589875850594e-24,1.7166537324961698e-23
1,adam,1124,250.0,600.0,0.000993661138119366,0.0006790420488574142,1.603415709409474e-06,0.0005942425861322631,8.319604701574164e-05,0.0003146189820524953,0.0,8.437202207434396e-17,2.7927434504872133e-21,5.077159774222154e-21
1,adam,1149,250.0,600.0,0.0002147558466256863,0.00014741866579163926,3.802152480356492e-07,0.00013623363657112639,1.0804813972477242e-05,6.733707368994767e-05,0.0,2.0336338025987317e-17,8.182560851076793e-22,4.1768635583479e-22
1,adam,1174,250.0,600.0,7.214887078493736e-05,4.900610235261841e-05,1.5465506513443277e-08,4.292619414971284e-05,6.064442696392127e-06,2.314266124259669e-05,0.0,8.833293757463245e-19,1.8451961765349247e-22,1.0869507436068201e-22
1,adam,1199,250.0,600.0,2.50933678443322e-05,1.7132347468948208e-05,1.82120305283289e-08,1.5592496492856338e-05,1.5216389455635385e-06,7.960913188591121e-06,0.0,1.0115120632490918e-18,7.387686536392661e-23,1.4203270200446397e-23
1,adam,1224,250.0,600.0,1.7735463541984914e-06,1.255000091978084e-06,5.57162696769692e-09,1.0612151755202745e-06,1.8821328949011244e-07,5.18439045112886e-07,0.0,2.9845824554339845e-19,5.821620944929522e-24,1.3811100872465007e-23
1,adam,1249,250.0,600.0,3.6063789162767655e-05,2.6155169082228253e-05,1.0682664837454495e-07,6.674730524383698e-06,1.937361190947001e-05,9.908513023360024e-06,0.0,5.809057716642083e-18,2.549563531703178e-22,6.339863350908046e-21
1,adam,1274,250.0,600.0,2.322953984240575e-05,1.6280043709920354e-05,9.089201978781373e-07,1.2241026260057344e-05,3.130097251984873e-06,6.949389057751e-06,0.0,4.9614202717101955e-17,5.498402094082792e-23,5.180629394405264e-22
1,adam,1299,250.0,600.0,3.515531329546585e-07,2.792649864651341e-07,6.314968140275035e-08,7.433726993116203e-08,1.4177803513122177e-07,7.218099776970013e-08,0.0,3.28579310698073e-18,1.3139669514239855e-23,2.5554162792088317e-23
1,adam,1324,250.0,600.0,0.0005581041388517818,0.0003782378210815147,8.021821268309983e-07,0.00033883332890342774,3.8602310051255985e-05,0.00017986621063383038,0.0,4.297844174381533e-17,1.829425894404099e-21,1.4839490853737288e-21
1,adam,1349,250.0,600.0,0.0004323491581197348,0.0002927509091190411,1.2900929028980926e-07,0.00026763562276965313,2.4986277059098175e-05,0.00013959814215730063,0.0,5.83316924356053e-18,1.40522799493942e-21,1.4032708871215862e-21
1,adam,1374,250.0,600.0,5.5763724394472834e-05,3.860064937253412e-05,8.295235625311866e-07,3.5677948899345855e-05,2.0931769106570778e-06,1.716296810500141e-05,0.0,4.636770291899584e-17,2.9933901593867395e-22,9.966528778330927e-23
1,adam,1399,250.0,600.0,4.857523838169195e-06,3.3301430741701535e-06,5.976495610710228e-08,2.7724477782393192e-06,4.979303398237318e-07,1.5272738413886052e-06,0.0,3.096236815940507e-18,1.6170270752977175e-23,2.5008389455248728e-23
1,lbfgs,1400,250.0,600.0,5.150938533329389e-06,3.5129936705945445e-06,2.0526316307916394e-08,3.1268683614958577e-06,3.655989927907704e-07,1.6378379388323464e-06,0.0,1.1711151458617739e-18,3.951356401333863e-23,5.017691654754087e-23
1,lbfgs,1409,250.0,600.0,2.3649962812193927e-07,1.9948763527749474e-07,1.964093532037215e-08,4.844311291980543e-08,1.3140358703731716e-07,3.690506894217549e-08,0.0,1.1204911299822358e-18,1.0875069328333173e-23,3.0428756250852776e-23
1,lbfgs,1419,250.0,600.0,2.2182305635695187e-07,1.854475316040033e-07,6.689392327974076e-09,4.8492272560242304e-08,1.3026586671578694e-07,3.626860085663221e-08,0.0,3.575885054550428e-19,1.0566108465123443e-23,3.05945026287165e-23
1,lbfgs,1429,250.0,600.0,2.112561453744388e-07,1.8533087524418155e-07,6.560414035735194e-09,4.439089172932084e-08,1.3437956947912552e-07,2.5818346269478153e-08,0.0,3.496724079117112e-19,8.106643185213742e-24,3.221449129124677e-23
1,lbfgs,1439,250.0,600.0,2.0685134223754946e-07,1.8745965751796797e-07,6.750443536547585e-09,4.1156312553637974e-08,1.3955290142778241e-07,1.9284760882781605e-08,0.0,3.6280731250594515e-19,6.96880308992608e-24,3.595303406150934e-23
1,lbfgs,1449,250.0,600.0,2.068168162877538e-07,1.8738190972800792e-07,6.754731209496327e-09,4.117548640677464e-08,1.3945169211173695e-07,1.9327982722621668e-08,0.0,3.6309289050745115e-19,6.978442806749089e-24,3.589738652941061e-23
1,lbfgs,1459,250.0,600.0,2.0677502243147795e-07,1.8728704472881648e-07,6.768612539410732e-09,4.121068840808058e-08,1.3930774378132517e-07,1.938105386508176e-08,0.0,3.640019530413145e-19,6.991708505444793e-24,3.581560681887759e-23
1,lbfgs,1469,250.0,600.0,2.0674064001448215e-07,1.872883468084174e-07,6.762852617128175e-09,4.116813998079533e-08,1.393573542104939e-07,1.934536936862639e-08,0.0,3.636436467165751e-19,6.982112745666224e-24,3.585616365980116e-23
1,lbfgs,1479,250.0,600.0,2.0669906807234233e-07,1.8728320698748144e-07,6.7479261886641265e-09,4.110536664854595e-08,1.3942991415027135e-07,1.9308937247616772e-08,0.0,3.6269504668823433e-19,6.970140110607909e-24,3.5915410904134664e-23
1,lbfgs,1489,250.0,600.0,2.066648145812054e-07,1.8721116659509304e-07,6.75131605906495e-09,4.112345004382336e-08,1.3933640049220472e-07,1.934672414857009e-08,0.0,3.6292256998619593e-19,6.978372897249057e-24,3.5863987355252375e-23
1,lbfgs,1499,250.0,600.0,2.066234940921479e-07,1.8713514064644646e-07,6.762278187076251e-09,4.115536442227407e-08,1.3921749803709613e-07,1.9381429607792228e-08,0.0,3.6364352090472884e-19,6.986838562143451e-24,3.579608045243832e-23
1,lbfgs,1509,250.0,600.0,2.0658934047235413e-07,1.871287414806297e-07,6.757721889308931e-09,4.1114326412696916e-08,1.3925669317862386e-07,1.935367515391883e-08,0.0,3.6336254270807804e-19,6.97931350943598e-24,3.583078133476983e-23
1,lbfgs,1519,250.0,600.0,2.0654833548727826e-07,1.8709701727332399e-07,6.7466291764131475e-09,4.1057053083423867e-08,1.39293335013487e-07,1.9344394376214386e-08,0.0,3.6266070849688777e-19,6.974345787984717e-24,3.586997968787336e-23
1,lbfgs,1529,250.0,600.0,2.0651422210128505e-07,1.870369100685117e-07,6.748454771633187e-09,4.1072776601846245e-08,1.3921567869503227e-07,1.93703881947907e-08,0.0,3.627874176104597e-19,6.979583555947553e-24,3.582731495675994e-23
1,lbfgs,1539,250.0,600.0,2.0647366922697208e-07,1.8700138149515495e-07,6.7542175303257824e-09,4.109793786009569e-08,1.3914922610473348e-07,1.9365363893655393e-08,0.0,3.6317406359169973e-19,6.9778687839797e-24,3.578854642623013e-23
1,lbfgs,1549,250.0,600.0,2.0643947213224493e-07,1.8697791412873329e-07,6.751844271816887e-09,4.1059755056634995e-08,1.391663148002814e-07,1.9354634165373352e-08,0.0,3.630332065610926e-19,6.974715469026913e-24,3.581087109266883e-23
1,lbfgs,1559,250.0,600.0,2.063996609496737e-07,1.8688892804935442e-07,6.7479123036559774e-09,4.101387098734555e-08,1.3912714475835288e-07,1.9403809061974104e-08,0.0,3.6279144717990965e-19,6.984571113170461e-24,3.5807869841130085e-23
1,lbfgs,1569,250.0,600.0,2.0636512054068413e-07,1.8685365456297592e-07,6.746745970390138e-09,4.10244583022226e-08,1.3908245029036318e-07,1.940454213923729e-08,0.0,3.6272581616929735e-19,6.98346419860912e-24,3.5783445011525097e-23
1,lbfgs,1579,250.0,600.0,2.063266626386114e-07,1.8690480798363967e-07,6.742489348366285e-09,4.1036107795231855e-08,1.3912621084004153e-07,1.931493081671853e-08,0.0,3.6246893547994725e-19,6.960272249918137e-24,3.5806021548281116e-23
1,lbfgs,1589,250.0,600.0,2.0629123375800076e-07,1.868440602326838e-07,6.7443561774710926e-09,4.100321469336855e-08,1.3909648936184415e-07,1.9340249686917624e-08,0.0,3.6260023840876696e-19,6.966312275470234e-24,3.5802159329223626e-23
1,lbfgs,1599,250.0,600.0,2.0625873050847882e-07,1.8678760236322525e-07,6.74434092813327e-09,4.0989285258206644e-08,1.3905397617688535e-07,1.936420430668912e-08,0.0,3.6260890265106463e-19,6.971130225345043e-24,3.578653022484122e-23
1,lbfgs,1609,250.0,600.0,2.0621795493133644e-07,1.8665003767405775e-07,6.747457254743586e-09,4.0980683324813e-08,1.3892189709450116e-07,1.946099341821764e-08,0.0,3.6281896189510346e-19,6.992947051513682e-24,3.572417394573372e-23
1,lbfgs,1619,250.0,600.0,2.0618516856023073e-07,1.8664930642795624e-07,6.744130706481646e-09,4.0969011601067366e-08,1.3893616412040722e-07,1.942893829327205e-08,0.0,3.626164166374207e-19,6.984124873994268e-24,3.573698447518289e-23
1,lbfgs,1629,250.0,600.0,2.0614558879610534e-07,1.8674489046449383e-07,6.733456655318756e-09,4.094249612323003e-08,1.3906893768594504e-07,1.929377449310104e-08,0.0,3.619479928792572e-19,6.949898181224927e-24,3.581678005388464e-23
1,lbfgs,1639,250.0,600.0,2.061120469012863e-07,1.8665362777509327e-07,6.737241032577084e-09,4.093367868469642e-08,1.3898270805781976e-07,1.9351495287359446e-08,0.0,3.622005313680668e-19,6.963257181528693e-24,3.5776706987810383e-23
1,lbfgs,1649,250.0,600.0,2.0608002621544864e-07,1.8659153935939306e-07,6.7383036899078065e-09,4.092545011258602e-08,1.3892778555689925e-07,1.938156301701837e-08,0.0,3.6227832379714788e-19,6.969611023022523e-24,3.575295506656478e-23
1,lbfgs,1659,250.0,600.0,2.0603948925570922e-07,1.8645002853945864e-07,6.7444343539187344e-09,4.092495930974712e-08,1.3878063487579279e-07,1.9482536876672385e-08,0.0,3.6268275911555773e-19,6.992899978605591e-24,3.568021703747743e-23
1,lbfgs,1669,250.0,600.0,2.0600723896690912e-07,1.8645497609284527e-07,6.740172782407727e-09,4.090836118895398e-08,1.3880644212148355e-07,1.944533903457878e-08,0.0,3.62420192572584e-19,6.982793777952282e-24,3.570053134213327e-23
1,lbfgs,1679,250.0,600.0,2.0596775933993884e-07,1.8655200347468062e-07,6.726968106069757e-09,4.087424179307361e-08,1.3895079357553726e-07,1.9308832026295076e-08,0.0,3.615881927803479e-19,6.94793745673383e-24,3.578857730338255e-23
1,lbfgs,1689,250.0,600.0,2.059348700742233e-07,1.8645746969370553e-07,6.731500730382291e-09,4.0870754495410496e-08,1.3885521446791274e-07,1.9370476541203844e-08,0.0,3.618886590266451e-19,6.962235501410853e-24,3.5742104450525506e-23
1,lbfgs,1699,250.0,600.0,2.058974157301486e-07,1.8621014809391174e-07,6.749511935012357e-09,4.08895700187436e-08,1.3857106614015577e-07,1.9580343795882283e-08,0.0,3.6305426211119024e-19,7.01265184845658e-24,3.55933325783465e-23
1,lbfgs,1709,250.0,600.0,2.0586302644461753e-07,1.8625989337987473e-07,6.740154918466881e-09,4.086414886066187e-08,1.3865558960074598e-07,1.9496209224695506e-08,0.0,3.624653814166902e-19,6.990905408557653e-24,3.564607896483073e-23
1,lbfgs,1719,250.0,600.0,2.0583121075750022e-07,1.8626409412526347e-07,6.735602333909588e-09,4.084692936269385e-08,1.3868156242866002e-07,1.9460192792281103e-08,0.0,3.621839086805384e-19,6.981050014414895e-24,3.56667093547748e-23
1,lbfgs,1729,250.0,600.0,2.0579193627840975e-07,1.8635357989166913e-07,6.7217463183738105e-09,4.0812582076771104e-08,1.388192514965242e-07,1.9331432547279966e-08,0.0,3.6130928124853047e-19,6.94793607599874e-24,3.5751408187224515e-23
1,lbfgs,1739,250.0,600.0,2.05759582591604e-07,1.8626199299933802e-07,6.726421565245799e-09,4.080987563935969e-08,1.3872569579473253e-07,1.9390665752462444e-08,0.0,3.616189649416758e-19,6.961670157482428e-24,3.570573482303822e-23
1,lbfgs,1749,250.0,600.0,2.0572208321635358e-07,1.8602690276827873e-07,6.744580410167525e-09,4.0827756001487676e-08,1.3845456635662352e-07,1.9588256607278642e-08,0.0,3.627945309204998e-19,7.009219590491974e-24,3.556365600683916e-23
1,lbfgs,1759,250.0,600.0,2.056884454480212e-07,1.860730442065218e-07,6.735312815397635e-09,4.08026225728992e-08,1.3853510881822497e-07,1.9508477400994164e-08,0.0,3.6221120295723136e-19,6.988543580693667e-24,3.561442178326224e-23
1,lbfgs,1769,250.0,600.0,2.0565703896937516e-07,1.8607525485830267e-07,6.7307750120950625e-09,4.078580217685021e-08,1.385586776693574e-07,1.9474860270649366e-08,0.0,3.61930488609636e-19,6.979269545617974e-24,3.5633722755955265e-23
1,lbfgs,1779,250.0,600.0,2.0561799675654375e-07,1.8615604664648654e-07,6.717121517014555e-09,4.0752908756304004e-08,1.38686016373168e-07,1.9355026270090986e-08,0.0,3.610684204797184e-19,6.94832239067635e-24,3.5712665369363057e-23
1,lbfgs,1789,250.0,600.0,2.0558613953534753e-07,1.8606852782054848e-07,6.7216575017637225e-09,4.0749909510810106e-08,1.3859696080797464e-07,1.941068787450557e-08,0.0,3.613691541745441e-19,6.961185494728477e-24,3.5669384798852755e-23
1,lbfgs,1799,250.0,600.0,2.0554865524821928e-07,1.858466128480668e-07,6.739156394940423e-09,4.076538758562412e-08,1.3834206886750226e-07,1.9595118558923974e-08,0.0,3.625025766814861e-19,7.005520065816889e-24,3.5536152828637697e-23
1,lbfgs,1809,250.0,600.0,2.0551570080046392e-07,1.858880686814433e-07,6.73024639305126e-09,4.074145043620547e-08,1.3841637185218657e-07,1.952070827805978e-08,0.0,3.6194200786376887e-19,6.986188742907208e-24,3.558346440128424e-23
1,lbfgs,1819,250.0,600.0,2.0548468554599104e-07,1.8588819943341494e-07,6.725857625164785e-09,4.072523544014993e-08,1.3843710636810021e-07,1.948956227168654e-08,0.0,3.6167071838030905e-19,6.977536445022384e-24,3.5601143314189574e-23
1,lbfgs,1829,250.0,600.0,2.0544589354683783e-07,1.8596073502910275e-07,6.712768636327524e-09,4.0694082645775987e-08,1.3855388374699924e-07,1.9378234677264035e-08,0.0,3.608446623110264e-19,6.948724996786931e-24,3.5674127602672017e-23
1,lbfgs,1839,250.0,600.0,2.0541450288511334e-07,1.8587726125877533e-07,6.717046477518882e-09,4.0690572352397595e-08,1.3846964242885886e-07,1.943031778555618e-08,0.0,3.611287520780302e-19,6.960697290363048e-24,3.5633466932724177e-23
1,lbfgs,1849,250.0,600.0,2.0537708029127827e-07,1.8566786980172126e-07,6.73356130903339e-09,4.0703499656951495e-08,1.3823080883573637e-07,1.960228664789684e-08,0.0,3.621990584615183e-19,7.001922347152257e-24,3.5509072732255145e-23
1,lbfgs,1859,250.0,600.0,2.053447540167379e-07,1.8570470891582246e-07,6.725113869311406e-09,4.068088076194245e-08,1.382987142845686e-07,1.9533121259499263e-08,0.0,3.6166801760781725e-19,6.983922573328769e-24,3.555278804045732e-23
1,lbfgs,1869,250.0,600.0,2.0531411417761103e-07,1.8570289402533705e-07,6.720926623971085e-09,4.066528015124477e-08,1.383166872501212e-07,1.9504296310918616e-08,0.0,3.614095513403082e-19,6.975866053142992e-24,3.5568873112598196e-23
1,lbfgs,1879,250.0,600.0,2.0527558664663014e-07,1.8576782493751374e-07,6.708536012083727e-09,4.0635821937920436e-08,1.3842346698750957e-07,1.9400837868143255e-08,0.0,3.6062820096869938e-19,6.949063603826457e-24,3.5636195988776364e-23
1,lbfgs,1889,250.0,600.0,2.0524463639487544e-07,1.8568815536746396e-07,6.712514138366648e-09,4.063179004428781e-08,1.3834385118480949e-07,1.9449557186143325e-08,0.0,3.6089294788867978e-19,6.960190055890717e-24,3.559806203472055e-23
1,lbfgs,1899,250.0,600.0,2.0520731458160588e-07,1.854904261470814e-07,6.727944115594166e-09,4.06423232648741e-08,1.3812015876661314e-07,1.9609964592431347e-08,0.0,3.618935863873492e-19,6.998502064240657e-24,3.548201718266676e-23
1,lbfgs,1909,250.0,600.0,2.0517556847473722e-07,1.8552293674808557e-07,6.719987125875926e-09,4.062095963802841e-08,1.3818198998418124e-07,1.9545707884780078e-08,0.0,3.613938862629878e-19,6.981757720948093e-24,3.5522303133332024e-23
1,lbfgs,1919,250.0,600.0,2.0514528976326045e-07,1.8551933411371357e-07,6.7160163421528235e-09,4.060593764947953e-08,1.3819738012208122e-07,1.9519031807726265e-08,0.0,3.6114921647372394e-19,6.974258409578179e-24,3.553689182846114e-23
1,lbfgs,1929,250.0,600.0,2.0510703813318295e-07,1.8557726653404462e-07,6.704354920788556e-09,4.057805631058774e-08,1.3829485530266834e-07,1.9422847757666086e-08,0.0,3.6041458858509584e-19,6.949326764771568e-24,3.559893903134883e-23
1,lbfgs,1939,250.0,600.0,2.0507650506136302e-07,1.8550114391054698e-07,6.708026972891919e-09,4.057354004697273e-08,1.3821957689068233e-07,1.9468437309063555e-08,0.0,3.6065957460363205e-19,6.959663603675392e-24,3.5563173309029196e-23
1,lbfgs,1949,250.0,600.0,2.0503931699561734e-07,1.8531426799654205e-07,6.722371014695398e-09,4.0581892043578334e-08,1.380100049382683e-07,1.9618125156547614e-08,0.0,3.6159044223024963e-19,6.99526574412151e-24,3.54549144829725e-23
1,lbfgs,1959,250.0,600.0,2.05008108890105e-07,1.853427550151868e-07,6.714897791436562e-09,4.056168427514171e-08,1.3806617294860853e-07,1.955843003259113e-08,0.0,3.611216663792942e-19,6.97969159820229e-24,3.5491997217586405e-23
1,lbfgs,1969,250.0,600.0,2.049729797996296e-07,1.8551423589726587e-07,6.6915569416838345e-09,4.051984975794857e-08,1.3830282919763347e-07,1.9351820060892304e-08,0.0,3.596383121943308e-19,6.927588244935837e-24,3.5631320223403815e-23
1,lbfgs,1979,250.0,600.0,2.0494021165741573e-07,1.853889811444072e-07,6.7001952089783844e-09,4.052076752720945e-08,1.3816801840821936e-07,1.94443066710401e-08,0.0,3.6020187504469474e-19,6.949518020238356e-24,3.556234830097843e-23
1,lbfgs,1989,250.0,600.0,2.0491007501683728e-07,1.853161673651924e-07,6.703570213451955e-09,4.0515812397498695e-08,1.3809678475424174e-07,1.9486983809410016e-08,0.0,3.6042767983681107e-19,6.959120529255973e-24,3.552878752693767e-23
1,lbfgs,1999,250.0,600.0,2.0487304845178638e-07,1.851394131796599e-07,6.716869761132801e-09,4.0522192950864706e-08,1.3790035046766238e-07,1.9626711429162757e-08,0.0,3.612914265364832e-19,6.992205109317714e-24,3.5427768249467366e-23
1,lbfgs,2009,250.0,600.0,2.048423411940879e-07,1.8516416197574088e-07,6.709859055412964e-09,4.050304090990942e-08,1.379512620104185e-07,1.9571255375564386e-08,0.0,3.608522174238051e-19,6.97771894707812e-24,3.546187417748085e-23
1,lbfgs,2019,250.0,600.0,2.048071169627424e-07,1.853213823806184e-07,6.688045659113559e-09,4.0463926170449e-08,1.3816941055105584e-07,1.9378810740130434e-08,0.0,3.5946694629495463e-19,6.929256974166122e-24,3.559077145615734e-23
1,lbfgs,2029,250.0,600.0,2.047750722535512e-07,1.852028963259113e-07,6.6960444105237385e-09,4.0463949610442654e-08,1.380429023049449e-07,1.9465252085178057e-08,0.0,3.5998925685102437e-19,6.949643592769115e-24,3.552639954130541e-23
1,lbfgs,2039,250.0,600.0,2.0474531346454656e-07,1.851331743992284e-07,6.699137619683455e-09,4.0458600127355986e-08,1.3797543665218896e-07,1.9505215222602718e-08,0.0,3.601968639733886e-19,6.95856365381373e-24,3.549488884474113e-23
1,lbfgs,2049,250.0,600.0,2.0470847163290275e-07,1.8496587598057128e-07,6.711450508411954e-09,4.0463203423103385e-08,1.3779122204905594e-07,1.963567180893033e-08,0.0,3.609972024359465e-19,6.98930935759554e-24,3.540059767506606e-23
1,lbfgs,2059,250.0,600.0,2.0467823245171478e-07,1.8498714970737357e-07,6.704875729094955e-09,4.044501397649883e-08,1.3783726000177978e-07,1.9584158901103023e-08,0.0,3.6058585648251696e-19,6.97583435317796e-24,3.543194066467836e-23
1,lbfgs,2069,250.0,600.0,2.0464297028315294e-07,1.8513113140515282e-07,6.684499973047177e-09,4.040839158584728e-08,1.3803823984625836e-07,1.9404915035488996e-08,0.0,3.5929287719286706e-19,6.93075822120961e-24,3.555116791165808e-23
1,lbfgs,2079,250.0,600.0,2.0461158625951736e-07,1.8501894837562136e-07,6.691898068034307e-09,4.0407599527444844e-08,1.3791945078014222e-07,1.948571404094346e-08,0.0,3.597764498363141e-19,6.949709703744015e-24,3.549106649335997e-23
1,lbfgs,2089,250.0,600.0,2.0458218863491612e-07,1.8495211944634513e-07,6.694726802190386e-09,4.0401897032164545e-08,1.378554956119902e-07,1.9523145345376813e-08,0.0,3.5996697702200403e-19,6.95799553363914e-24,3.546146177669624e-23
1,lbfgs,2099,250.0,600.0,2.045455509100031e-07,1.8479366346965372e-07,6.706115576428802e-09,4.0404899668158e-08,1.3768264822506692e-07,1.964496359650963e-08,0.0,3.60707926422623e-19,6.986568061666608e-24,3.5373423677539263e-23
1,lbfgs,2109,250.0,600.0,2.0451575081982985e-07,1.8481170574792339e-07,6.69994889310528e-09,4.038758815568671e-08,1.3772416869913138e-07,1.9597121228212794e-08,0.0,3.603226590044135e-19,6.974032877202565e-24,3.5402202840189843e-23
1,lbfgs,2119,250.0,600.0,2.0448049954673756e-07,1.8494338957095852e-07,6.680918607007307e-09,4.0353248718218344e-08,1.3790922224573287e-07,1.9430186132754798e-08,0.0,3.5911602765316636e-19,6.932105105361405e-24,3.551246096527003e-23
1,lbfgs,2129,250.0,600.0,2.0444972123505188e-07,1.8483708025843597e-07,6.687755261606118e-09,4.035171461286468e-08,1.3779761038396519e-07,1.9505717133175233e-08,0.0,3.595633992036277e-19,6.949722039731285e-24,3.545632421086532e-23
1,lbfgs,2139,250.0,600.0,2.0442066974231134e-07,1.8477296065761623e-07,6.690337070797804e-09,4.034569707556039e-08,1.3773692651125803e-07,1.95407852410239e-08,0.0,3.59737979095846e-19,6.957418437467286e-24,3.5428491730514743e-23
1,lbfgs,2149,250.0,600.0,2.0438425215733224e-07,1.8462277801214705e-07,6.700863852800451e-09,4.034725931545543e-08,1.3757465484389117e-07,1.9654550300905826e-08,0.0,3.6042353284648677e-19,6.983971520592304e-24,3.534626567183714e-23
2,adam,0,600.0,1090.0,0.023694186718849486,0.017770639970849364,0.0002773949521279024,0.004372152970273803,0.01312109204844766,0.005923546656949791,0.0,1.0604827378562649e-14,4.4627203682620626e-23,4.138934604693219e-22
2,adam,24,600.0,1090.0,0.01849075736906204,0.015319608899523956,1.365007950962356e-05,0.0020037625735991236,0.013302196246415208,0.00317114837712724,0.0,2.57055828870932e-16,2.0794516652319315e-23,4.1894115514382406e-22
2,adam,49,600.0,1090.0,0.015824431972414326,0.0112841221197293,2.2667680248719517e-05,0.00674821155604551,0.004513242883435071,0.004540309755880031,0.0,4.1226588980492845e-16,8.381468889396299e-24,4.933541451548388e-23
2,adam,74,600.0,1090.0,0.007399634072703918,0.005836418031491939,4.0166724812257106e-07,0.0004982935502061584,0.005337722814037658,0.0015632159412312344,0.0,1.0505871843390717e-17,2.1505907723316674e-24,3.4132737883692794e-23
2,adam,99,600.0,1090.0,0.003876858559628466,0.00299055541700827,3.2758275206446313e-07,0.00043008829196934455,0.002560139542286861,0.000886303036670438,0.0,8.09532715901156e-18,7.203946398922861e-25,1.0549553000227544e-23
2,adam,124,600.0,1090.0,0.0017104230279873602,0.001318211894523232,1.8107950808640514e-07,0.000548206015049709,0.0007698247999654368,0.0003922110245723939,0.0,4.409421801272444e-18,4.526730449486896e-25,3.8985196520217244e-24
2,adam,149,600.0,1090.0,0.0013083145521778179,0.0009474091160959961,2.5660574618891565e-08,0.0006672029839375631,0.00028018047158381404,0.00036090532508343626,0.0,6.774969579844412e-19,2.2504813998047428e-25,1.5574294147126988e-24
2,adam,174,600.0,1090.0,0.0010372910498838868,0.0007484104146166571,7.888745742605632e-08,0.00037026765757371366,0.00037806386958551746,0.00028888052299454447,0.0,1.812382692735318e-18,5.254906632964022e-26,9.019607153945084e-25
2,adam,199,600.0,1090.0,0.0011019721864268936,0.000754816855073579,7.193400030937583e-07,0.0006800806205289824,7.401689454150285e-05,0.00034715521836303217,0.0,1.8124108944225436e-17,7.931309470815917e-26,3.5690256706701586e-25
2,adam,224,600.0,1090.0,9.326369413641431e-05,7.728076446248364e-05,2.2953571973802665e-07,1.53202722174516e-05,6.173095652529401e-05,1.5982816174684875e-05,0.0,5.2666933048876966e-18,2.33023038294913e-26,2.2702717962973984e-25
2,adam,249,600.0,1090.0,0.000649978920104324,0.00045462497733222116,3.0271274805123507e-07,0.00034108928018364385,0.00011323298440052613,0.0001953538288586679,0.0,6.749026506621396e-18,7.103522398823772e-27,1.6874528149039726e-25
2,adam,274,600.0,1090.0,5.010528104798152e-05,4.0303125875607365e-05,4.463054468848448e-08,1.085966061061984e-05,2.9398834720299044e-05,9.802040922423731e-06,0.0,1.1489861360672049e-18,6.345902470839982e-27,8.472766467343338e-26
2,adam,299,600.0,1090.0,0.0013764840052905862,0.0009343548970725987,2.9692834747293975e-06,0.0008581465136124352,7.323909998543415e-05,0.0004421289941339516,0.0,7.701847129727861e-17,3.3554729000154535e-26,5.01126114181003e-26
2,adam,324,600.0,1090.0,7.681104955291939e-05,5.502114680021375e-05,6.534163150410221e-08,3.906388632713512e-05,1.5891918841574527e-05,2.17897886486173e-05,0.0,1.3678849970548391e-18,9.238286456285225e-27,6.209877045250092e-26
2,adam,349,600.0,1090.0,2.714095941016139e-05,2.145267634820666e-05,2.3993820492870273e-08,8.32236831027502e-06,1.310631421743877e-05,5.6881685698952705e-06,0.0,6.359417654208334e-19,2.4450455616479165e-27,3.560371557642067e-26
2,adam,374,600.0,1090.0,0.00017468902493926748,0.0001223659311014005,2.8122886511116723e-08,0.0001038416704134198,1.849613780146957e-05,5.232297901837571e-05,0.0,6.167650314422432e-19,9.069276950591485e-28,2.2808450576556027e-26
2,adam,399,600.0,1090.0,0.0003305248881690581,0.0002303799462957354,5.455186556618521e-07,0.0001849725150953238,4.4861912544749736e-05,0.00010014482745635456,0.0,1.5128674905586292e-17,2.1584795525929e-27,5.219219115211504e-26
2,adam,424,600.0,1090.0,5.695209495728519e-05,3.917188808918963e-05,1.9204856475795778e-07,3.179923451645653e-05,7.180605007975143e-06,1.7780092355369896e-05,0.0,4.279571840088331e-18,4.0592889509197955e-27,2.1667747658000136e-26
2,adam,449,600.0,1090.0,1.3423341178134621e-05,9.406424514610873e-06,2.1009579288299865e-08,5.200961229063378e-06,4.184453706259196e-06,4.016801878023832e-06,0.0,4.772018415273009e-19,1.4346442529403174e-27,1.0235184630207441e-26
2,adam,474,600.0,1090.0,0.0010078019941642197,0.0006887905691250702,1.276227244065246e-05,0.00061509585981478,6.093243686963774e-05,0.0003190113100510446,0.0,2.828886461045081e-16,5.666904303525675e-27,1.8464042879500806e-26
2,adam,499,600.0,1090.0,0.0001258520408017247,8.919552259460285e-05,3.5255207741523904e-07,6.319399223238331e-05,2.5648978284804303e-05,3.6656403802832896e-05,0.0,9.739204417488912e-18,1.654151007331402e-27,3.755505658392756e-26
2,adam,524,600.0,1090.0,2.216328794834492e-05,1.5450248987714333e-05,5.9339325116906985e-08,1.100350435190567e-05,4.387405310691757e-06,6.712924446604159e-06,0.0,1.3321726359772847e-18,2.1677835939900754e-27,1.4184426776445326e-26
2,adam,549,600.0,1090.0,5.266266396371385e-06,3.7580092878697387e-06,1.4262629428348202e-08,1.2175022306248033e-06,2.526244427816587e-06,1.5081423589849857e-06,0.0,3.4744144516893654e-19,6.535737357680048e-28,5.5571155878707605e-27
2,adam,574,600.0,1090.0,0.0026166690398325685,0.0017758389074869012,1.9728835119149947e-07,0.001623785330753297,0.00015185628838241297,0.0008408300175177934,0.0,4.594926788196811e-18,1.680242283242409e-26,2.780699071717131e-26
2,adam,599,600.0,1090.0,1.4740459880314832e-05,1.1843046015217187e-05,2.4099096049348047e-08,2.6379934939179906e-06,9.180953425249847e-06,2.8972994757723836e-06,0.0,5.399105664182485e-19,1.754865881942575e-27,2.3788094420561334e-26
2,adam,624,600.0,1090.0,2.0252928293968616e-05,1.504246334550069e-05,9.666935220661038e-09,1.0397509597287127e-05,4.6352868129929025e-06,5.210350388891904e-06,0.0,2.632297053162759e-19,4.588283833260547e-28,9.178709919688811e-27
2,adam,649,600.0,1090.0,0.0010079003998674297,0.0006891016380909899,1.91208572963823e-07,0.0006283346052591924,6.0575824258833654e-05,0.0003187986470570493,0.0,4.551751545976367e-18,6.152259890389098e-27,1.3436194824812127e-26
2,adam,674,600.0,1090.0,8.226216596810255e-05,5.85360514042064e-05,3.578171576096201e-07,3.9238714849605365e-05,1.8939519396991416e-05,2.3726000269056844e-05,0.0,9.686991544043272e-18,1.3998582687192415e-27,2.817028021917012e-26
2,adam,699,600.0,1090.0,4.5242240667957846e-06,3.3019006013236933e-06,5.8577350475123056e-08,1.2214366304754222e-06,2.021886620373148e-06,1.2222090113956138e-06,0.0,1.4771505753819026e-18,6.775418971890599e-28,5.822228334221428e-27
2,adam,724,600.0,1090.0,0.0018951197722054888,0.0012879630665025739,3.900906747062314e-08,0.0011523298209470487,0.00013559423648805448,0.0006071565911350221,0.0,9.476649177654862e-19,1.9131816600731376e-26,1.8106974557152365e-27
2,adam,749,600.0,1090.0,0.00012086122786466103,8.214522271248746e-05,7.403438360529294e-07,7.651311753655078e-05,4.89176133988375e-06,3.871589090249076e-05,0.0,1.6797622284534227e-17,4.390710125147365e-27,1.4527850565713526e-26
2,adam,774,600.0,1090.0,4.2324277842856e-05,3.003226999712285e-05,1.1442517779146891e-08,2.6010358037695523e-05,4.010469441648178e-06,1.2291893409078715e-05,0.0,3.355053790524848e-19,2.2101081214546154e-28,4.255595200789015e-27
2,adam,799,600.0,1090.0,0.0004765431814014575,0.0003271571876265532,5.116753199365263e-07,0.0002729512101247712,5.3694302181845455e-05,0.00014938587954743725,0.0,1.0599959324671343e-17,2.3888522844094098e-27,3.2895099176538674e-26
2,adam,824,600.0,1090.0,6.459430692281115e-05,4.544405920593851e-05,2.5680011036056127e-08,3.732184284383224e-05,8.096536351070221e-06,1.9150133454254776e-05,0.0,6.650489302952743e-19,3.784753781049369e-28,8.185821402679762e-27
2,adam,849,600.0,1090.0,0.0005295421467126017,0.00036283544690667713,3.358261931480069e-08,0.00033230804516290447,3.0493819124457883e-05,0.0001667065853902371,0.0,8.057357180771689e-19,3.3460960533513345e-27,5.835509508726488e-27
2,adam,874,600.0,1090.0,0.00018286062633753362,0.00012700926624758095,7.411285762856318e-07,9.008789626862211e-05,3.618024140267321e-05,5.585124610923706e-05,0.0,1.7993710316770386e-17,1.733632222280474e-27,3.756545486885492e-26
2,adam,899,600.0,1090.0,5.205942055023399e-06,3.410677035665346e-06,3.6422174603708506e-07,1.581953475487173e-06,1.4645018141410877e-06,1.795150862896355e-06,0.0,8.53707961096103e-18,1.9700328267408945e-28,1.108968974670318e-27
2,adam,924,600.0,1090.0,0.0015294273035330985,0.0010391417150218507,3.653675429754202e-08,0.0009364464511405752,0.00010265872712697809,0.0004902854743144236,0.0,9.097120149743387e-19,1.5554976027212622e-26,1.3283859422845554e-27
2,adam,949,600.0,1090.0,0.00010780045660274128,7.294412687852644e-05,1.0930533805416558e-07,6.851915669796825e-05,4.315664842504028e-06,3.4856215702874764e-05,0.0,2.4210099755485978e-18,2.9273727207403404e-27,6.914216971931678e-27
2,adam,974,600.0,1090.0,0.0011966254715904735,0.0008123125996511651,2.8085308891394933e-08,0.0007290595814879486,8.32249328543252e-05,0.00038431275780066064,0.0,6.702078834124756e-19,1.1632412681708182e-26,1.1072718854251762e-27
2,adam,999,600.0,1090.0,3.7284249864221575e-05,2.5520209034351927e-05,1.271500499714736e-07,2.3203324638973714e-05,2.1897343454067397e-06,1.176392687497364e-05,0.0,3.2452207984318855e-18,1.8181106281508994e-27,7.917870882798946e-27
2,adam,1024,600.0,1090.0,6.0175404798306914e-05,3.977648977440806e-05,2.8039699281065515e-08,3.4057032972925195e-05,5.6914171022018e-06,2.0398800904650844e-05,0.0,6.648353917359816e-19,7.017414796978918e-28,9.210306314079048e-29
2,adam,1049,600.0,1090.0,6.0038682353276276e-05,4.059576102608986e-05,1.7756616645614888e-07,3.822030941658271e-05,2.1978854430509973e-06,1.9442807288691175e-05,0.0,4.641286965260299e-18,2.3663093765008276e-27,7.977260310251664e-27
2,adam,1074,600.0,1090.0,0.0006997503712394245,0.00047161830900976123,4.809535497576136e-08,0.00042405543879306564,4.751477486171984e-05,0.0002281319480908887,0.0,1.2422574074118241e-18,7.150657858838832e-27,6.079941019092976e-28
2,adam,1099,600.0,1090.0,4.427142740108596e-05,3.079853924978829e-05,1.9122124003089817e-06,2.6344077285071948e-05,2.542249564407361e-06,1.3472774296009163e-05,0.0,4.650063017156842e-17,2.5998656699942435e-27,1.2500537583225086e-26
2,adam,1124,600.0,1090.0,0.0008979270633903619,0.0006057310903174332,4.961705824674305e-07,0.0005429866476357932,6.224827209917262e-05,0.0002921958591130821,0.0,1.2049674849547203e-17,9.040401579450507e-27,9.359885220756182e-28
2,adam,1149,600.0,1090.0,2.6600738832187102e-06,2.2143889225423452e-06,1.0952970926727523e-07,3.7126618287665907e-07,1.7335930303984108e-06,4.455710989740872e-07,0.0,2.6019047944321383e-18,5.238349822668164e-28,5.085285487440227e-27
2,adam,1174,600.0,1090.0,7.861731575837009e-05,5.445603469089605e-05,4.3665146406517596e-08,4.021138337304667e-05,1.4200986171442864e-05,2.41611672311076e-05,0.0,9.782365288423496e-19,6.359973861213466e-28,1.4115833883987372e-26
2,adam,1199,600.0,1090.0,2.9454634093906996e-05,1.946707266335513e-05,1.1519173114490399e-08,1.6986531235362428e-05,2.46902225487821e-06,9.987447529925513e-06,0.0,3.0022756655542435e-19,4.695433004961926e-28,3.5922456714934626e-28
2,adam,1224,600.0,1090.0,0.0008359426387284977,0.0005635739133906246,7.187682232858409e-07,0.0005034550489074722,5.940009625986654e-05,0.00027236861141371603,0.0,1.717376101600519e-17,5.523913997107504e-27,1.2262033931660942e-26
2,adam,1249,600.0,1090.0,2.760460883152147e-05,1.8321744795364488e-05,1.6755606355501334e-08,1.6601212267732846e-05,1.7037769212761405e-06,9.282750182215732e-06,0.0,4.0351345371536644e-19,6.253371648897282e-28,1.060609597609368e-27
2,adam,1274,600.0,1090.0,0.0001214367496221788,8.352722684586395e-05,6.099757349903892e-08,7.934832538969314e-05,4.117903882671776e-06,3.790940906597655e-05,0.0,1.6214139531695108e-18,6.455525377192014e-27,2.709213830394854e-26
2,adam,1299,600.0,1090.0,0.00020528834133702584,0.0001394475112006101,1.4049780063976603e-06,0.00012754628283224775,1.0496250361964671e-05,6.584071651720651e-05,0.0,3.4408298381605093e-17,1.601638489709899e-27,1.7109253841803752e-27
2,adam,1324,600.0,1090.0,1.0128661866251463e-05,7.5596664618657075e-06,1.867642174778179e-06,3.7023388535180893e-06,1.98968543356944e-06,2.5688817829646798e-06,0.0,4.4021030568317895e-17,1.1781915990499904e-28,2.5128954557678483e-27
2,adam,1349,600.0,1090.0,0.0007186056065747245,0.0004849549468275659,3.0136494850269346e-07,0.00043761277144164677,4.704081043741644e-05,0.000233650546036684,0.0,7.184728852443478e-18,5.197673888698956e-27,7.020530025848438e-27
2,adam,1374,600.0,1090.0,2.2093380958536377e-06,1.6905467946817839e-06,7.547184946707394e-08,7.460026472354768e-07,8.690722979792333e-07,5.18677714499114e-07,0.0,1.9171009761027295e-18,2.3101798048836177e-28,1.7948329363438512e-27
2,adam,1399,600.0,1090.0,9.949403838245349e-05,6.934480778947202e-05,3.2902878110778674e-07,3.732996807887355e-05,3.168581092949069e-05,3.0149117191367425e-05,0.0,7.430176274497533e-18,2.2054722378432784e-27,4.1209416443401146e-26
2,lbfgs,1400,600.0,1090.0,1.943124935665002e-05,1.542308086915577e-05,3.64333193306333e-07,3.671547733432557e-06,1.138719994241688e-05,4.008055088041654e-06,0.0,9.541763277430748e-18,3.172162487351822e-27,2.97286419140037e-26
2,lbfgs,1409,600.0,1090.0,1.811530638433424e-05,1.4485340441912662e-05,2.3497009337391895e-07,2.4794681457802238e-06,1.1770902202758518e-05,3.629852542928692e-06,0.0,6.191866491118384e-18,2.9799867107869778e-27,2.9266829133393115e-26
2,lbfgs,1419,600.0,1090.0,1.1746417148355377e-06,9.906632984757983e-07,4.137442105533355e-07,5.139540660520611e-08,5.255236813172566e-07,1.8386501401416447e-07,0.0,9.480288034404111e-18,1.853435044965411e-29,3.1565488278711175e-28
2,lbfgs,1429,600.0,1090.0,6.462573967486364e-07,4.869385539425628e-07,1.9792376557864065e-08,3.851250708487591e-08,4.286336702998229e-07,1.5920544031581e-07,0.0,4.1461675625133503e-19,5.7951890367302454e-30,1.2753615686970026e-28
2,lbfgs,1439,600.0,1090.0,6.458543224586005e-07,4.863717404931242e-07,1.9836650518592413e-08,3.820578728513346e-08,4.283293026893983e-07,1.5936917947480992e-07,0.0,4.1515360475632764e-19,5.78658199830142e-30,1.2721339332548248e-28
2,lbfgs,1449,600.0,1090.0,6.453462599360705e-07,4.856667613384712e-07,1.9858279188489254e-08,3.774622201321495e-08,4.2806226013676694e-07,1.5956609610672974e-07,0.0,4.154140948480773e-19,5.794148495684854e-30,1.270270363315121e-28
2,lbfgs,1459,600.0,1090.0,6.449511479461084e-07,4.855208379917204e-07,1.9867869111638973e-08,3.788540864684062e-08,4.277675602332408e-07,1.5931690746316688e-07,0.0,4.155281471609685e-19,5.780128747420095e-30,1.2689670470163571e-28
2,lbfgs,1469,600.0,1090.0,6.444489470482171e-07,4.853460974256073e-07,1.9894877654850477e-08,3.815199150833594e-08,4.2729922826242095e-07,1.5898944713072135e-07,0.0,4.158616207390641e-19,5.7493480958217e-30,1.2658712203583202e-28
2,lbfgs,1479,600.0,1090.0,6.440583318528299e-07,4.848711907466369e-07,1.9871122687761563e-08,3.787690874757658e-08,4.2712315931129874e-07,1.590737386142274e-07,0.0,4.1555412845465247e-19,5.7578233127301654e-30,1.2653284279700817e-28
2,lbfgs,1489,600.0,1090.0,6.435617101988849e-07,4.842469048745379e-07,1.9831787017766476e-08,3.7448547154304175e-08,4.269665707024672e-07,1.5920140283245858e-07,0.0,4.150531283580474e-19,5.7804653659721065e-30,1.2657723262961267e-28
2,lbfgs,1499,600.0,1090.0,6.431753407382219e-07,4.840870947342807e-07,1.985808327572514e-08,3.758272905125548e-08,4.2664628240730007e-07,1.589748435116274e-07,0.0,4.15374933439866e-19,5.7625536200044094e-30,1.2638649257376257e-28
2,lbfgs,1509,600.0,1090.0,6.426842227917711e-07,4.839039549979403e-07,1.990046813459053e-08,3.7843258208187225e-08,4.261602286551626e-07,1.5866686530079372e-07,0.0,4.159033049096648e-19,5.728697549623014e-30,1.2603155043081506e-28
2,lbfgs,1519,600.0,1090.0,6.423020394051333e-07,4.834415112238777e-07,1.9872373275976467e-08,3.7576102510984806e-08,4.259930354369164e-07,1.5874712568815782e-07,0.0,4.155399291576449e-19,5.738436626734631e-30,1.2599096354794151e-28
2,lbfgs,1529,600.0,1090.0,6.4181636277286e-07,4.828299482361562e-07,1.982899171011168e-08,3.7158889038984556e-08,4.2584206748705997e-07,1.5887301204368992e-07,0.0,4.1498770127456643e-19,5.7620635232514724e-30,1.260409936827907e-28
2,lbfgs,1539,600.0,1090.0,6.414383175475291e-07,4.826745408249268e-07,1.985643183742449e-08,3.7293269724928514e-08,4.255248392625738e-07,1.5865037422916443e-07,0.0,4.153240626093152e-19,5.744140025484582e-30,1.2585169260468985e-28
2,lbfgs,1549,600.0,1090.0,6.409580210543515e-07,4.824990423806405e-07,1.9900141078738143e-08,3.755264050088101e-08,4.250462608010213e-07,1.5834557617955992e-07,0.0,4.158698905439695e-19,5.71060702738484e-30,1.2550562829418732e-28
2,lbfgs,1559,600.0,1090.0,6.405840673949571e-07,4.820444536844311e-07,1.9871623223619848e-08,3.729186188026688e-08,4.2488096858054436e-07,1.584262112163127e-07,0.0,4.1550072695538053e-19,5.7206716076423274e-30,1.2546386758379609e-28
2,lbfgs,1569,600.0,1090.0,6.40109090789614e-07,4.814416114707882e-07,1.9827602542892737e-08,3.688436234629916e-08,4.247296465815964e-07,1.5855407682468747e-07,0.0,4.1493992608408165e-19,5.7444580632747536e-30,1.255067150930093e-28
2,lbfgs,1579,600.0,1090.0,6.397391825580679e-07,4.812915081668552e-07,1.985526349087015e-08,3.701921068558128e-08,4.244170339904037e-07,1.5833427189665587e-07,0.0,4.1527946333272815e-19,5.726740185643784e-30,1.2532230682263975e-28
2,lbfgs,1589,600.0,1090.0,6.392694660670292e-07,4.811242567502693e-07,1.9899445540373438e-08,3.7277711781255176e-08,4.2394709942864075e-07,1.5803180682150327e-07,0.0,4.1583198984689543e-19,5.6937026487380085e-30,1.2498779511816698e-28
2,lbfgs,1599,600.0,1090.0,6.389035577605296e-07,4.806771633731961e-07,1.987074414039167e-08,3.702307265805877e-08,4.237833465747457e-07,1.5811299189201215e-07,0.0,4.1546010981802034e-19,5.7040365788349784e-30,1.2494413734043583e-28
2,lbfgs,1609,600.0,1090.0,6.384390424770889e-07,4.800827885700236e-07,1.9826303350056045e-08,3.6624965810127216e-08,4.236315194098403e-07,1.582428514118098e-07,0.0,4.1489347661062935e-19,5.727945515660052e-30,1.249795072480114e-28
2,lbfgs,1619,600.0,1090.0,6.380770889971691e-07,4.799378645757293e-07,1.9854124445089993e-08,3.676025776538224e-08,4.233234823652571e-07,1.5802582192577125e-07,0.0,4.152354403431425e-19,5.7104330852122004e-30,1.2479999927497018e-28
2,lbfgs,1629,600.0,1090.0,6.376177164751522e-07,4.79778570521889e-07,1.9898712261533935e-08,3.701790205830499e-08,4.228619562020501e-07,1.5772574345690782e-07,0.0,4.1579381910923336e-19,5.6778726410590515e-30,1.2447669178022487e-28
2,lbfgs,1639,600.0,1090.0,6.372596733463862e-07,4.793388618902894e-07,1.986984754019367e-08,3.6769247089622226e-08,4.2269976726047353e-07,1.578074089596744e-07,0.0,4.154194822895496e-19,5.688472091954794e-30,1.2443124120887453e-28
2,lbfgs,1649,600.0,1090.0,6.368053859909704e-07,4.787529161505106e-07,1.9825015457617516e-08,3.638028603442596e-08,4.225476146584671e-07,1.579390673440943e-07,0.0,4.14847373731945e-19,5.7125125774212254e-30,1.2445955393904633e-28
2,lbfgs,1659,600.0,1090.0,6.364512091288113e-07,4.786129924286142e-07,1.9852987500176295e-08,3.651598047555764e-08,4.222440244528803e-07,1.5772481420342394e-07,0.0,4.1519164920054505e-19,5.695192980000274e-30,1.2428475955875713e-28
2,lbfgs,1669,600.0,1090.0,6.360019497919645e-07,4.784613263844803e-07,1.9897961425337245e-08,3.6772762212361554e-08,4.217906027467815e-07,1.5742722091003685e-07,0.0,4.157556324966203e-19,5.663081054071887e-30,1.2397215491596345e-28
2,lbfgs,1679,600.0,1090.0,6.356515957222782e-07,4.780289064131749e-07,1.986894030065775e-08,3.652994516732586e-08,4.2163002094519127e-07,1.5750928681158675e-07,0.0,4.153789279153396e-19,5.67394516239959e-30,1.2392505620957918e-28
2,lbfgs,1689,600.0,1090.0,6.352073080938476e-07,4.774513588552911e-07,1.9823733696424994e-08,3.614989536997018e-08,4.21477729788896e-07,1.5764254674108858e-07,0.0,4.148015505624627e-19,5.6981282958634695e-30,1.2394675017948335e-28
2,lbfgs,1699,600.0,1090.0,6.348607337236676e-07,4.773162591309812e-07,1.9851850807230234e-08,3.6285950498015e-08,4.21178457825736e-07,1.574310720948159e-07,0.0,4.1514806379360125e-19,5.6809886600838805e-30,1.2377648037457254e-28
2,lbfgs,1709,600.0,1090.0,6.344213619241893e-07,4.771719018696792e-07,1.9897194738183395e-08,3.6541860794771874e-08,4.207328463367239e-07,1.571360575559774e-07,0.0,4.1571744823474413e-19,5.6492971730342394e-30,1.234740926984775e-28
2,lbfgs,1719,600.0,1090.0,6.340785247591784e-07,4.7674667524688505e-07,1.9868023072145198e-08,3.6304740050107766e-08,4.2057391212463207e-07,1.5721844701368925e-07,0.0,4.1533845159739897e-19,5.6604251122897524e-30,1.2342548480135133e-28
2,lbfgs,1729,600.0,1090.0,6.336440137335438e-07,4.76177490617471e-07,1.9822457288816358e-08,3.59333752903266e-08,4.20421658038328e-07,1.573531206175097e-07,0.0,4.1475599479141646e-19,5.684761431400349e-30,1.2344097648738872e-28
2,lbfgs,1739,600.0,1090.0,6.333048716479299e-07,4.7604704450472317e-07,1.9850714035773588e-08,3.606974966410149e-08,4.201265808048481e-07,1.5714442464424598e-07,0.0,4.151046771308615e-19,5.667789336782834e-30,1.2327505079736315e-28
2,lbfgs,1749,600.0,1090.0,6.328751667597732e-07,4.7590968932674774e-07,1.9896412785906517e-08,3.63247776476921e-08,4.196884988931491e-07,1.5685207493341396e-07,0.0,4.1567927031235143e-19,5.6364913021857045e-30,1.2298241834183086e-28
2,lbfgs,1759,600.0,1090.0,6.325396782156532e-07,4.7549156079849746e-07,1.98670961248574e-08,3.609321576461507e-08,4.19531248909025e-07,1.5693471491747106e-07,0.0,4.1529805349845733e-19,5.647882116236469e-30,1.2293243220221238e-28
2,lbfgs,1769,600.0,1090.0,6.321147256375865e-07,4.749306991297074e-07,1.9821185741887745e-08,3.5730317547436025e-08,4.193791958403836e-07,1.57070624008228e-07,0.0,4.1471069766807534e-19,5.67238147239831e-30,1.2294211502950138e-28
2,lbfgs,1779,600.0,1090.0,6.317828494560906e-07,4.7480474209935753e-07,1.9849576957600432e-08,3.586697019493442e-08,4.190881949468227e-07,1.5686470485668902e-07,0.0,4.15061483542883e-19,5.655564975267488e-30,1.2278036173859343e-28
2,lbfgs,1789,600.0,1090.0,6.313625957657387e-07,4.746740944738097e-07,1.9895616066739984e-08,3.612110328323985e-08,4.186573751238299e-07,1.565750987912452e-07,0.0,4.1564110168695307e-19,5.6246344971044386e-30,1.2249704618257065e-28
2,lbfgs,1799,600.0,1090.0,6.310342913430806e-07,4.742629688839488e-07,1.98661596969235e-08,3.589496682986616e-08,4.185018423571591e-07,1.5665791995837304e-07,0.0,4.152577334442975e-19,5.636287097826056e-30,1.2244580503918123e-28
2,lbfgs,1809,600.0,1090.0,6.306186839148903e-07,4.737103858082961e-07,1.9819918602070753e-08,3.5540324020852664e-08,4.183501431853727e-07,1.5679489560586214e-07,0.0,4.146656509503252e-19,5.660958677904257e-30,1.2245005050189793e-28
2,lbfgs,1819,600.0,1090.0,6.302939109959382e-07,4.7358875897713476e-07,1.984843936173254e-08,3.5677214488780565e-08,4.1806310512662164e-07,1.5659174951768305e-07,0.0,4.1501847761185613e-19,5.644286297144672e-30,1.2229230621858986e-28
2,lbfgs,1829,600.0,1090.0,6.298828975949807e-07,4.734645360343369e-07,1.9894805052879626e-08,3.5930438595508736e-08,4.1763929238594855e-07,1.5630495905889413e-07,0.0,4.156029450698655e-19,5.613698532833553e-30,1.2201789145955787e-28
2,lbfgs,1839,600.0,1090.0,6.295616164903918e-07,4.730603184078813e-07,1.986521401528091e-08,3.570959799653599e-08,4.174855063960644e-07,1.5638789558068444e-07,0.0,4.1521749118594843e-19,5.625611707298765e-30,1.219655112578585e-28
2,lbfgs,1849,600.0,1090.0,6.291551456653519e-07,4.725159654946123e-07,1.9818655440092064e-08,3.536300649063051e-08,4.173343035638897e-07,1.5652577766893373e-07,0.0,4.1462084671945096e-19,5.6504640625827805e-30,1.2196467010519602e-28
2,lbfgs,1859,600.0,1090.0,6.288373170220693e-07,4.723985154138276e-07,1.9847301049171373e-08,3.5500094886766817e-08,4.170511194778894e-07,1.563253991060519e-07,0.0,4.1497565410634334e-19,5.633924763718574e-30,1.218107793301163e-28
2,lbfgs,1869,600.0,1090.0,6.28435337700698e-07,4.722804454559542e-07,1.9893980195588212e-08,3.575239461179607e-08,4.1663407064856994e-07,1.5604148974193475e-07,0.0,4.155648029877002e-19,5.6036558862836996e-30,1.2154487031400736e-28
2,lbfgs,1879,600.0,1090.0,6.2812092272205e-07,4.7188304107635614e-07,1.986425929756379e-08,3.553672400318029e-08,4.1648205777561206e-07,1.5612447914280697e-07,0.0,4.15177326422137e-19,5.615828304108481e-30,1.214914601075802e-28
2,lbfgs,1889,600.0,1090.0,6.277233846015636e-07,4.713468661506805e-07,1.9817395848743227e-08,3.519798641149032e-08,4.1633148389044694e-07,1.5626311594801033e-07,0.0,4.145762773523963e-19,5.640869378975884e-30,1.2148586347343117e-28
2,lbfgs,1899,600.0,1090.0,6.274123448174666e-07,4.7123344460043785e-07,1.9846161831949722e-08,3.53352334405079e-08,4.1605204932798025e-07,1.5606549771377637e-07,0.0,4.1493300796821845e-19,5.624452558451926e-30,1.213356781873473e-28
2,lbfgs,1909,600.0,1090.0,6.270191979610739e-07,4.711212666324197e-07,1.989314192616852e-08,3.558659224471675e-08,4.1564153246153447e-07,1.5578452882479221e-07,0.0,4.1552667779201924e-19,5.5944797196089414e-30,1.2107789979829138e-28
2,lbfgs,1919,600.0,1090.0,6.26711495446695e-07,4.7073058111448367e-07,1.986329575250347e-08,3.537596933643091e-08,4.154913160255493e-07,1.5586751182826998e-07,0.0,4.1513723880133374e-19,5.6069099403063974e-30,1.210235621291553e-28
2,lbfgs,1929,600.0,1090.0,6.263226906758951e-07,4.702025285566326e-07,1.981613944165642e-08,3.5044894688029266e-08,4.1534149442694694e-07,1.5600675961532965e-07,0.0,4.1453193550849657e-19,5.6321471000516105e-30,1.2101352260035723e-28
2,lbfgs,1939,600.0,1090.0,6.260182878231806e-07,4.7009299235307705e-07,1.9845021532562784e-08,3.5182261686411265e-08,4.15065709134103e-07,1.5581189296579504e-07,0.0,4.1489053430707675e-19,5.615842569881899e-30,1.20866901875756e-28
2,lbfgs,1949,600.0,1090.0,6.256337763119765e-07,4.6998645563609966e-07,1.989229065732901e-08,3.5432662054869784e-08,4.1466150292390085e-07,1.5553391817096798e-07,0.0,4.154885716726023e-19,5.586143864158686e-30,1.2061689788520543e-28
2,lbfgs,1959,600.0,1090.0,6.253326360486369e-07,4.696023949920353e-07,1.9862323580487273e-08,3.52269679986259e-08,4.1451310341292216e-07,1.5561683855161245e-07,0.0,4.150972279278391e-19,5.598830344157799e-30,1.2056172914379862e-28
2,lbfgs,1969,600.0,1090.0,6.249523697171022e-07,4.6908240602102e-07,1.9814885852324245e-08,3.4903371459801625e-08,4.1436414870889413e-07,1.5575656119109604e-07,0.0,4.1448781411724836e-19,5.624270401770994e-30,1.2054754177095949e-28
2,lbfgs,1979,600.0,1090.0,6.24654455277622e-07,4.6897661682814873e-07,1.9843879983491272e-08,3.5040820424023884e-08,4.140919164206336e-07,1.5556443594411554e-07,0.0,4.1484822839286594e-19,5.608068375044057e-30,1.2040435140249618e-28
2,lbfgs,1989,600.0,1090.0,6.242783863862223e-07,4.6887548045049523e-07,1.9891426783566978e-08,3.529024401363371e-08,4.1369380965329454e-07,1.5528950342977777e-07,0.0,4.1545048666049404e-19,5.578622805040962e-30,1.2016178347514472e-28
2,lbfgs,1999,600.0,1090.0,6.239836615315658e-07,4.6849795115359055e-07,1.986134297381809e-08,3.508936327938824e-08,4.135472449003842e-07,1.5537230787194437e-07,0.0,4.1505729336271563e-19,5.591563904463886e-30,1.201058742405901e-28
2,lbfgs,2009,600.0,1090.0,6.236117430751208e-07,4.6798596409553104e-07,1.9813634733523194e-08,3.4773065889258394e-08,4.133992634727494e-07,1.5551237647355702e-07,0.0,4.1444390637273583e-19,5.6172131462484494e-30,1.2008781749322566e-28
2,lbfgs,2019,600.0,1090.0,6.233201718631077e-07,4.678837882452051e-07,1.9842737026801955e-08,3.491055950028399e-08,4.131304917181191e-07,1.5532298111150205e-07,0.0,4.148060856517334e-19,5.601104222729129e-30,1.199479296496162e-28
2,lbfgs,2029,600.0,1090.0,6.229523571645212e-07,4.677878207141442e-07,1.989055068238755e-08,3.51589872777648e-08,4.127382827539918e-07,1.5505113394339336e-07,0.0,4.15412424639433e-19,5.5718916656149114e-30,1.197124764024127e-28
2,lbfgs,2039,600.0,1090.0,6.226639041695463e-07,4.674167297549798e-07,1.9860354117223928e-08,3.496280753323857e-08,4.1259356810451734e-07,1.5513377190750028e-07,0.0,4.1501743462838156e-19,5.5850856548420984e-30,1.1965591176388156e-28
2,lbfgs,2049,600.0,1090.0,6.223001472740647e-07,4.669126802940416e-07,1.9812385755918446e-08,3.465363595096658e-08,4.1244665858715653e-07,1.5527406447295036e-07,0.0,4.1440020571612343e-19,5.610949865567462e-30,1.196342484340139e-28
2,lbfgs,2059,600.0,1090.0,6.220147773594603e-07,4.6681398861487196e-07,1.984159251361269e-08,3.4791137597324555e-08,4.121812585039347e-07,1.5508738623715145e-07,0.0,4.147641016585233e-19,5.5949250178667645e-30,1.19497541327893e-28
2,lbfgs,2069,600.0,1090.0,6.216550326291778e-07,4.6672296746412906e-07,1.9889662714762724e-08,3.503854996332397e-08,4.1179475478604234e-07,1.5481866265703692e-07,0.0,4.153743873500705e-19,5.5659261929045715e-30,1.192688974390352e-28
2,lbfgs,2079,600.0,1090.0,6.213727111650806e-07,4.6635822240567644e-07,1.9859357188086204e-08,3.4846961962409606e-08,4.116519032551806e-07,1.5490108625130894e-07,0.0,4.1497765121019285e-19,5.5793712587074646e-30,1.192117573005887e-28
2,lbfgs,2089,600.0,1090.0,6.210169336725976e-07,4.658620438219403e-07,1.9811138607595734e-08,3.454474822985451e-08,4.115061569844901e-07,1.5504148734255112e-07,0.0,4.1435670583091545e-19,5.605455745302291e-30,1.1918673535695687e-28
2,lbfgs,2099,600.0,1090.0,6.207376263084078e-07,4.6576671147404527e-07,1.9840446303761633e-08,3.4682222025698136e-08,4.112440431445855e-07,1.5485751232589577e-07,0.0,4.1472227213337203e-19,5.589506305682875e-30,1.1905309293260643e-28
2,lbfgs,2109,600.0,1090.0,6.203857714317565e-07,4.6568042289233404e-07,1.988876322635219e-08,3.4928598933124144e-08,4.108630607328577e-07,1.5459194603038842e-07,0.0,4.1533637640288076e-19,5.5607027426391095e-30,1.1883096829898265e-28
2,lbfgs,2119,600.0,1090.0,6.201094443152337e-07,4.653219319172804e-07,1.9858352356990755e-08,3.474149640578708e-08,4.1072208315450257e-07,1.5467410988883526e-07,0.0,4.1493794256162337e-19,5.5743969943380475e-30,1.1877332766700067e-28
2,lbfgs,2129,600.0,1090.0,6.197614681320487e-07,4.6483355530839775e-07,1.9809892992807528e-08,3.4446077719796466e-08,4.1057758459579375e-07,1.548145103145178e-07,0.0,4.143134006278393e-19,5.600706609235751e-30,1.187451810630967e-28
2,lbfgs,2139,600.0,1090.0,6.194880876809314e-07,4.64741461626592e-07,1.983929826526931e-08,3.458348852236429e-08,4.1031867483895844e-07,1.5463322354484893e-07,0.0,4.146805929339035e-19,5.584824256543869e-30,1.186144927010025e-28
2,lbfgs,2149,600.0,1090.0,6.191439465619966e-07,4.6465970009963453e-07,1.9887852547891355e-08,3.482880958110677e-08,4.099430379706364e-07,1.5437084395231198e-07,0.0,4.1529839328039946e-19,5.556198265275497e-30,1.1839861164026656e-28
3,adam,0,1090.0,1776.0,0.02371829245752695,0.017788719275962574,0.0002777776376717725,0.004414774102887285,0.013096167535403515,0.005929573091987525,0.0,3.976088918960588e-15,2.2603514614578557e-30,2.0701124791005675e-29
3,adam,24,1090.0,1776.0,0.018323657280383,0.015193417623733645,2.649721317523559e-05,0.0017204374371091217,0.013446482973449287,0.0031302395646756534,0.0,1.425155802750041e-16,7.987981736335446e-31,2.4437090718958328e-29
3,adam,49,1090.0,1776.0,0.005237592764836582,0.0037523755397595336,5.546187765565621e-07,0.0009102664621905257,0.002841554458792451,0.0014852171240836095,0.0,6.261932882422198e-18,1.318427757967359e-31,9.223026995090927e-31
3,adam,74,1090.0,1776.0,0.004283877719408904,0.0029775723217400577,1.6207767243833582e-07,0.0007220204906813873,0.002255389753386232,0.0013063052886071649,0.0,1.2672570419867178e-18,7.690445155258354e-32,6.111638941732934e-31
3,adam,99,1090.0,1776.0,0.0029141752614663835,0.0022151067083472416,6.682286255229434e-07,0.0004539727154518623,0.0017604657642698563,0.0006990684405772259,0.0,5.182103261154619e-18,6.084084223173663e-32,5.369780559027244e-31
3,adam,124,1090.0,1776.0,0.000949394828045809,0.0005765098542802908,1.3231094188777758e-07,0.0001539409050880277,0.00042243663825037534,0.00037288485665695027,0.0,1.0142935275231193e-18,2.5813729763967755e-32,1.834518241774942e-31
3,adam,149,1090.0,1776.0,0.0003411352578945144,0.0002063819269697631,3.965035633040958e-07,0.00010546240133033607,0.00010052302207612295,0.0001347532113857286,0.0,2.814827880276557e-18,1.3077839559997127e-32,5.184377318731713e-32
3,adam,174,1090.0,1776.0,0.00011259482653866298,8.574157869370047e-05,1.0406319282202738e-07,6.809675202847261e-05,1.754076347240583e-05,2.685312638531977e-05,0.0,5.919151342292726e-19,7.769057965654046e-33,9.27984370157026e-33
3,adam,199,1090.0,1776.0,5.364799207914597e-05,5.137436645374203e-05,5.4876321950394466e-08,4.236581126066493e-05,8.953678871126713e-06,2.273502956665585e-06,0.0,3.8726307702216763e-19,5.916263598913022e-33,2.3353460547322844e-33
3,adam,224,1090.0,1776.0,3.670835978557688e-05,3.640183976590527e-05,2.2892653362222917e-08,2.8189149377708693e-05,8.189797734834357e-06,3.0639688646624963e-07,0.0,1.6100086638450489e-19,5.540516714090748e-33,2.360021262951147e-33
3,adam,249,1090.0,1776.0,2.984309619474903e-05,2.9579304378881328e-05,2.9650373270529225e-08,2.1660714955245644e-05,7.888939050365152e-06,2.6366842918085773e-07,0.0,2.3525300590265186e-19,5.4780237175615945e-33,2.3830963816811475e-33
3,adam,274,1090.0,1776.0,2.3735475647076466e-05,2.3492084557867467e-05,4.6304727416004614e-08,1.6586131948607538e-05,6.859647881843926e-06,2.4326745410846014e-07,0.0,3.9579518750355737e-19,5.4710886972039716e-33,2.3250767597352286e-33
3,adam,299,1090.0,1776.0,1.8471378867167497e-05,1.8237868193451727e-05,5.505955558241147e-08,1.2414391474724348e-05,5.768417163144967e-06,2.333867633740021e-07,0.0,4.859039787568267e-19,5.4815168249754886e-33,2.2531269011225283e-33
3,adam,324,1090.0,1776.0,1.4318575930399506e-05,1.409801715109547e-05,5.6312471573451334e-08,9.214575135987562e-06,4.827129543534457e-06,2.2043458623135843e-07,0.0,5.070127795827585e-19,5.534054911558099e-33,2.179701003350684e-33
3,adam,349,1090.0,1776.0,1.1229626820878348e-05,1.103549125786319e-05,5.065254361129391e-08,6.952980115727082e-06,4.031858598524815e-06,1.9401109714962182e-07,0.0,4.583663857172649e-19,5.610183961545896e-33,2.1178668192198588e-33
3,adam,374,1090.0,1776.0,9.00314895693424e-06,8.850983171153021e-06,4.161367626436978e-08,5.449317486767218e-06,3.3600520081214342e-06,1.520410668887078e-07,0.0,3.7122068478534263e-19,5.689006211022061e-33,2.070493281363197e-33
3,adam,399,1090.0,1776.0,7.397096194072301e-06,7.2912450315914765e-06,3.34003320984317e-08,4.456986761921432e-06,2.8008579375716133e-06,1.0572621344749015e-07,0.0,2.888819384462126e-19,5.7565678855412975e-33,2.0369674115220882e-33
3,adam,424,1090.0,1776.0,5.931183323206887e-06,5.860596516378078e-06,2.772993045072876e-08,3.54895176796311e-06,2.283914817964239e-06,7.046164605432328e-08,0.0,2.348952518223038e-19,5.82571496716418e-33,1.9232196397024942e-33
3,adam,449,1090.0,1776.0,5.026582302187781e-06,4.994492281261699e-06,2.4902047335760825e-08,3.0223772670578742e-06,1.9472129668680643e-06,3.1964674456908005e-08,0.0,2.029480404524243e-19,5.819214033358408e-33,1.912935995858751e-33
3,adam,474,1090.0,1776.0,4.3413960052025945e-06,4.325505626680284e-06,2.3112715832074546e-08,2.6518077749632202e-06,1.6505851358849886e-06,1.576486419212074e-08,0.0,1.8095653607652335e-19,5.85735780106239e-33,1.9022654929468624e-33
3,adam,499,1090.0,1776.0,3.7942588140715825e-06,3.787656061888958e-06,2.2201364851966486e-08,2.346198394100242e-06,1.4192563029367496e-06,6.477086831304891e-09,0.0,1.677513105696225e-19,5.873959540818992e-33,1.8967588086055103e-33
3,adam,524,1090.0,1776.0,3.34421878361226e-06,3.342122825994753e-06,2.1700130923387496e-08,2.08453792947449e-06,1.2358847655968751e-06,1.9701553616000466e-09,0.0,1.5955860549356138e-19,5.8852910999828685e-33,1.8947705148455687e-33
3,adam,549,1090.0,1776.0,2.967720913052235e-06,2.9665242921990044e-06,2.1284820858416237e-08,1.8565468743868672e-06,1.0886925969537209e-06,1.0706931027159951e-09,0.0,1.5355944496741367e-19,5.892982100307815e-33,1.8945196306244284e-33
3,adam,574,1090.0,1776.0,2.649982302442507e-06,2.6474832987032367e-06,2.0717555708254878e-08,1.654885352104001e-06,9.718803908909806e-07,2.37296072031393e-09,0.0,1.4760856387124991e-19,5.897927853209957e-33,1.8956021870988426e-33
3,adam,599,1090.0,1776.0,2.3814320301801755e-06,2.375846065308069e-06,1.9925583081892196e-08,1.4777026787727749e-06,8.78217803453402e-07,5.459817064425092e-09,0.0,1.4092282945949196e-19,5.90170802547469e-33,1.8970049557083627e-33
3,adam,624,1090.0,1776.0,2.375347409364976e-06,2.368268409759852e-06,2.0322669754518824e-08,1.310198508920916e-06,1.037747231084417e-06,6.952740276320205e-09,0.0,1.4537539728834546e-19,6.621466474635573e-33,1.9769469633959404e-33
3,adam,649,1090.0,1776.0,2.133836995918116e-06,2.123686024716407e-06,1.9541712225644715e-08,1.161799924003697e-06,9.423443884870652e-07,1.0024603816970606e-08,0.0,1.4057704641237507e-19,6.632878225730328e-33,1.9815583911751804e-33
3,adam,674,1090.0,1776.0,1.9368329371034094e-06,1.9208939693252176e-06,1.849993704080531e-08,1.0303385836604606e-06,8.720554486239514e-07,1.5812508139000852e-08,0.0,1.333990550614273e-19,6.637821737372722e-33,1.9831290089190696e-33
3,adam,699,1090.0,1776.0,1.7774378205836359e-06,1.7560155334940454e-06,1.7215000496220212e-08,9.230420650571256e-07,8.157584679406996e-07,2.1295744575889994e-08,0.0,1.245431145979696e-19,6.639669298870248e-33,1.9851123764855595e-33
3,adam,724,1090.0,1776.0,1.6497245154828322e-06,1.6229102807289728e-06,1.5837354437535834e-08,8.363067594951842e-07,7.707661667962528e-07,2.6687618273068064e-08,0.0,1.1527753099076963e-19,6.641618238040933e-33,1.9872575496824494e-33
3,adam,749,1090.0,1776.0,1.5483861322114655e-06,1.516551378225906e-06,1.4521665200643763e-08,7.673271392044355e-07,7.347025738208269e-07,3.170807168237929e-08,0.0,1.0670906941487891e-19,6.642837258808544e-33,1.9889633726786234e-33
3,adam,774,1090.0,1776.0,1.4684250875551103e-06,1.4330310727821567e-06,1.352604058768064e-08,7.139432702526363e-07,7.055617619418399e-07,3.5267272979642687e-08,0.0,1.0010983744647639e-19,6.643544732943361e-33,1.9915599128026605e-33
3,adam,799,1090.0,1776.0,3.08524823916216e-06,2.7318325418799377e-06,1.3559822427069688e-06,6.832214315790029e-07,6.926288675939658e-07,3.532889089086652e-07,0.0,8.8160160255487e-18,6.72763399162609e-33,1.969231929148457e-33
3,adam,824,1090.0,1776.0,1.4237280438798434e-06,1.3642489394650941e-06,9.90599711609105e-08,6.83068746130715e-07,5.821202221734686e-07,5.9352272460599406e-08,0.0,6.040492009609117e-19,6.447398390013976e-33,1.9986493549799986e-33
3,adam,849,1090.0,1776.0,1.2759079120708749e-06,1.226017120390262e-06,1.0970775667333343e-08,6.49722711862848e-07,5.653236328600806e-07,4.976391723714275e-08,0.0,8.530254712559382e-20,6.482984576875117e-33,1.9920409966932718e-33
3,adam,874,1090.0,1776.0,1.2440127337309678e-06,1.1914029084792674e-06,1.0613794507735312e-08,6.272961035576773e-07,5.534930104138549e-07,5.248291266839265e-08,0.0,8.394164620915645e-20,6.482915459403473e-33,1.9953391854934552e-33
3,adam,899,1090.0,1776.0,1.2170284376666957e-06,1.1623528962907639e-06,9.67122059066606e-09,6.09410593559769e-07,5.432710821403288e-07,5.4548595842701017e-08,0.0,7.844314377068286e-20,6.480696214638494e-33,1.9971108414065746e-33
3,adam,924,1090.0,1776.0,1.1949714190438216e-06,1.1385217697953617e-06,9.481957418866001e-09,5.947084428992982e-07,5.343313694771976e-07,5.6322674820036766e-08,0.0,7.766949191517869e-20,6.479590467555859e-33,1.998392521877434e-33
3,adam,949,1090.0,1776.0,1.1756724457426553e-06,1.117776315911367e-06,9.315235133777262e-09,5.821480574499156e-07,5.263130233276742e-07,5.7769129832072655e-08,0.0,7.722786456880068e-20,6.479353533529803e-33,1.999236309603763e-33
3,adam,974,1090.0,1776.0,1.1582634174768774e-06,1.0992958619743229e-06,9.21693763022724e-09,5.711702362618335e-07,5.189086880822622e-07,5.8840532534796016e-08,0.0,7.711714044707781e-20,6.478820107029265e-33,1.9999869495877876e-33
3,adam,999,1090.0,1776.0,1.1422157291754758e-06,1.0824695319474787e-06,9.154151237957014e-09,5.613405421128045e-07,5.119748385967173e-07,5.961915331829662e-08,0.0,7.7206912265269e-20,6.478263471395576e-33,2.000604221324117e-33
3,adam,1024,1090.0,1776.0,1.087186557150931e-06,1.0283894483516195e-06,9.669722514817984e-09,5.157430259447226e-07,5.029766998920788e-07,5.8670046694458355e-08,0.0,8.074463383360653e-20,6.512029506078776e-33,2.0415630948253138e-33
3,adam,1049,1090.0,1776.0,6.134531946138519e-06,5.1593169426491785e-06,4.053913436697659e-06,5.404206137964203e-07,5.649828921550989e-07,9.750879269115693e-07,0.0,2.716235958461e-17,6.671653277326218e-33,1.9849749602575525e-33
3,adam,1074,1090.0,1776.0,1.4165441177993875e-06,1.2982592034717822e-06,2.875377457799288e-07,5.1611713781e-07,4.946043198818534e-07,1.1815782859814983e-07,0.0,1.7907808511153244e-18,6.445460391298547e-33,2.0676410970552553e-33
3,adam,1099,1090.0,1776.0,1.0692933959557165e-06,1.0035564959321293e-06,2.9055415150159183e-08,4.957067998366012e-07,4.78794280945369e-07,6.560979989151678e-08,0.0,2.0691631565664445e-19,6.533053996039873e-33,2.0356301793198173e-33
3,adam,1124,1090.0,1776.0,1.0324568810149732e-06,9.72415211524445e-07,1.1478008197293582e-08,4.919712079642267e-07,4.6896599536292463e-07,5.99145529828374e-08,0.0,9.390668704240226e-20,6.50728101277522e-33,2.0444900966773777e-33
3,adam,1149,1090.0,1776.0,1.0174505382952974e-06,9.578731999540052e-07,9.666172502295429e-09,4.867601725559951e-07,4.6144685489571486e-07,5.9450205414616224e-08,0.0,8.350353651481104e-20,6.510595935984672e-33,2.0431144968737168e-33
3,adam,1174,1090.0,1776.0,1.0050525579434055e-06,9.456313454191321e-07,9.520227329129433e-09,4.818609747615415e-07,4.542501433284612e-07,5.9294063110721703e-08,0.0,8.338787865602124e-20,6.512250277189658e-33,2.0423181981310127e-33
3,adam,1199,1090.0,1776.0,9.933748633742296e-07,9.341787932501095e-07,9.601051405041602e-09,4.772907386199697e-07,4.472870032250981e-07,5.906890409218974e-08,0.0,8.445748066939309e-20,6.511744393371122e-33,2.042306991725435e-33
3,adam,1224,1090.0,1776.0,1.0793961722926968e-06,1.0152788364813126e-06,4.485458014962883e-08,5.77995885789739e-07,3.924283705419447e-07,6.399015666710203e-08,0.0,2.972557457782861e-19,6.154114024436813e-33,1.971120899907482e-33
3,adam,1249,1090.0,1776.0,1.02681560332694e-06,9.686742168532038e-07,8.917836058377564e-09,5.686178756624999e-07,3.911385051323264e-07,5.801420241098768e-08,0.0,7.942098801212439e-20,6.156678917132825e-33,1.9737092432754914e-33
3,adam,1274,1090.0,1776.0,1.1509232678752668e-06,1.0704512522984247e-06,6.272784451610269e-08,5.80095386856697e-07,4.2762802092562494e-07,8.034482313817093e-08,0.0,4.2538273067422493e-19,6.30083245162713e-33,1.923065328432231e-33
3,adam,1299,1090.0,1776.0,1.015618193915481e-06,9.544504104433345e-07,1.3086369164961383e-08,5.539593240195693e-07,3.874047172588038e-07,6.104057593991346e-08,0.0,1.0643020419866618e-19,6.216577844858933e-33,1.952562167218556e-33
3,adam,1324,1090.0,1776.0,9.959866650083404e-07,9.375807292644255e-07,8.846325525390113e-09,5.48332344842858e-07,3.8040205889617737e-07,5.82787120371385e-08,0.0,7.877309342528768e-20,6.17867266264237e-33,1.966393730749527e-33
3,adam,1349,1090.0,1776.0,9.877180223235086e-07,9.289114782911826e-07,8.763394477999476e-09,5.426493427478975e-07,3.774987410652857e-07,5.867930385329317e-08,0.0,7.853797371285045e-20,6.18095696596176e-33,1.9660366527201356e-33
3,adam,1374,1090.0,1776.0,9.847910518741307e-07,9.240373671929131e-07,1.0974942917052858e-08,5.369411587287561e-07,3.761212655471041e-07,6.062642777640368e-08,0.0,9.336719800972886e-20,6.202519197025253e-33,1.9588691580085845e-33
3,adam,1399,1090.0,1776.0,8.114110212551495e-06,7.325795862126835e-06,6.393903158917723e-07,2.9255168286298823e-06,3.760888717605181e-06,7.881870896502222e-07,0.0,4.4012374303478926e-18,7.32233122398719e-33,1.6673299414250992e-33
3,lbfgs,1400,1090.0,1776.0,1.2614009874816325e-05,1.185409793379666e-05,4.0581842598393684e-07,5.743678147535131e-06,5.704601360277593e-06,7.597846743906276e-07,0.0,2.584668281437432e-18,4.7398713936712516e-33,2.55531148035587e-33
3,lbfgs,1409,1090.0,1776.0,1.107058371227331e-06,1.0344293386350673e-06,1.1629575711671761e-08,5.662808594960096e-07,4.5651890342738594e-07,7.250176594142804e-08,0.0,1.0369246317202061e-19,6.14912591040071e-33,1.996025052219138e-33
3,lbfgs,1419,1090.0,1776.0,1.0217078921479315e-06,9.58595476233097e-07,8.973903247902589e-09,5.548927791394105e-07,3.94728793845784e-07,6.298514989392524e-08,0.0,8.011194784438926e-20,6.118823334648874e-33,1.9690873893404727e-33
3,lbfgs,1429,1090.0,1776.0,1.0061480257920807e-06,9.418695313665662e-07,8.828499877581592e-09,5.461056390149218e-07,3.869353924740628e-07,6.415122870513026e-08,0.0,7.83273430971248e-20,6.101221027158763e-33,1.9598847884280635e-33
3,lbfgs,1439,1090.0,1776.0,1.0053482339483136e-06,9.398234820915689e-07,8.818969916340691e-09,5.447313579635976e-07,3.8627315421163053e-07,6.539748609303831e-08,0.0,7.831797900237536e-20,6.1065303416203305e-33,1.9622294957000548e-33
3,lbfgs,1449,1090.0,1776.0,1.003829135489273e-06,9.413473834588635e-07,8.71458646320635e-09,5.457907016698074e-07,3.8684209532584983e-07,6.235448595486591e-08,0.0,7.747653351497528e-20,6.107582557446025e-33,1.963359086976855e-33
3,lbfgs,1459,1090.0,1776.0,1.0026779245073282e-06,9.422925067758267e-07,8.721747685720928e-09,5.453599100054236e-07,3.882108490846821e-07,6.025815119524713e-08,0.0,7.763012531620241e-20,6.112525151004686e-33,1.9650146226045243e-33
3,lbfgs,1469,1090.0,1776.0,1.0025259348705468e-06,9.424610879099712e-07,8.700838161332611e-09,5.454489695230433e-07,3.883112802255952e-07,5.993758034955671e-08,0.0,7.747460169358608e-20,6.1127806366602e-33,1.9651104724372565e-33
3,lbfgs,1479,1090.0,1776.0,1.0024069846002085e-06,9.423130485808257e-07,8.677922002624593e-09,5.452994153255483e-07,3.883357112526528e-07,5.996666936832792e-08,0.0,7.724128268683454e-20,6.112625057184986e-33,1.96522041115157e-33
3,lbfgs,1489,1090.0,1776.0,1.0023206354232693e-06,9.423403929564777e-07,8.668112632634306e-09,5.452856089140639e-07,3.8838667140977945e-07,5.985297577822068e-08,0.0,7.715127406086075e-20,6.112726388982301e-33,1.965173465604592e-33
3,lbfgs,1499,1090.0,1776.0,1.0022227489961339e-06,9.42425913173878e-07,8.661116033610854e-09,5.453042127257513e-07,3.8846058441451577e-07,5.966956908318375e-08,0.0,7.709411153920261e-20,6.112854205406698e-33,1.9650851035201568e-33
3,lbfgs,1509,1090.0,1776.0,1.0021492238732406e-06,9.42352633450683e-07,8.653026988590427e-09,5.452320462156496e-07,3.8846756024644305e-07,5.966932365415336e-08,0.0,7.700795792127861e-20,6.1128313577971225e-33,1.9651669797932194e-33
3,lbfgs,1519,1090.0,1776.0,1.0020647634553963e-06,9.422143387609509e-07,8.644226983235912e-09,5.451116977814139e-07,3.8845841399630116e-07,5.97231578928998e-08,0.0,7.691219047790751e-20,6.1128628366669157e-33,1.9653065704350985e-33
3,lbfgs,1529,1090.0,1776.0,1.0019993714535659e-06,9.422375070432667e-07,8.64228106481086e-09,5.451010631248439e-07,3.884941628536119e-07,5.963459757790908e-08,0.0,7.689385628526318e-20,6.112858367587956e-33,1.965231238019212e-33
3,lbfgs,1539,1090.0,1776.0,1.0019242278917717e-06,9.423206408320227e-07,8.642413216899437e-09,5.451171388977745e-07,3.885610887173488e-07,5.9476320185151594e-08,0.0,7.689900398979288e-20,6.112692190289706e-33,1.9650800578116005e-33
3,lbfgs,1549,1090.0,1776.0,1.0018640706072108e-06,9.422398508285661e-07,8.638183094797308e-09,5.450545871946781e-07,3.8854708053909075e-07,5.9496952879135864e-08,0.0,7.685232969578911e-20,6.11278398832933e-33,1.9651741104780532e-33
3,lbfgs,1559,1090.0,1776.0,1.0017963421130187e-06,9.420828473091846e-07,8.633110464666807e-09,5.449509999855663e-07,3.8849873685895153e-07,5.9586227876293235e-08,0.0,7.679743491761512e-20,6.113189935040534e-33,1.965364057265849e-33
3,lbfgs,1569,1090.0,1776.0,1.0017392880000566e-06,9.42110855967341e-07,8.633618231357521e-09,5.449422529515844e-07,3.885349847843992e-07,5.950116507800265e-08,0.0,7.680186951569214e-20,6.11300177794326e-33,1.9652578042485367e-33
3,lbfgs,1579,1090.0,1776.0,1.001678846945652e-06,9.422279047006873e-07,8.635741048475084e-09,5.449607898131617e-07,3.8863137383905047e-07,5.932367525172721e-08,0.0,7.68213027094704e-20,6.1122773659276754e-33,1.9650251976338812e-33
3,lbfgs,1589,1090.0,1776.0,1.001622704892206e-06,9.421231893822849e-07,8.63249299471101e-09,5.449012164199643e-07,3.885894799676096e-07,5.937224849530469e-08,0.0,7.678825298604415e-20,6.112616127677544e-33,1.9651462345154615e-33
3,lbfgs,1599,1090.0,1776.0,1.0015731681140123e-06,9.420673672999646e-07,8.631188023456893e-09,5.448604469021398e-07,3.88575732374368e-07,5.9378533777307854e-08,0.0,7.677475036668097e-20,6.11275981797959e-33,1.9651820343821815e-33
3,lbfgs,1609,1090.0,1776.0,1.0015130834425887e-06,9.419599305476158e-07,8.629883283202724e-09,5.447992783414266e-07,3.885307689229865e-07,5.942588583204375e-08,0.0,7.676223241533294e-20,6.113251630885153e-33,1.9652758892200016e-33
3,lbfgs,1619,1090.0,1776.0,1.0014651593403861e-06,9.419617793001946e-07,8.629577880440186e-09,5.44778602635333e-07,3.885535987844214e-07,5.937611295347707e-08,0.0,7.675802103921949e-20,6.113015280901244e-33,1.9652219573006885e-33
3,lbfgs,1629,1090.0,1776.0,1.001410048421221e-06,9.420202362057823e-07,8.629258609725861e-09,5.447657615198542e-07,3.886252160762022e-07,5.926254509550375e-08,0.0,7.67511096528969e-20,6.112236205801912e-33,1.9650843116832885e-33
3,lbfgs,1639,1090.0,1776.0,1.0013624426002639e-06,9.419428598971419e-07,8.628150488591713e-09,5.447256162539621e-07,3.8858909315458807e-07,5.929231556369569e-08,0.0,7.674185918886094e-20,6.112595893435276e-33,1.9651421223670995e-33
3,lbfgs,1649,1090.0,1776.0,1.0013186245694533e-06,9.418951941881171e-07,8.627556967728782e-09,5.446936087594576e-07,3.885740284609307e-07,5.929616322161625e-08,0.0,7.673660943539076e-20,6.1127409964925925e-33,1.9651596187447592e-33
3,lbfgs,1659,1090.0,1776.0,1.0012646487957052e-06,9.418062302826281e-07,8.627330971664438e-09,5.446487288132647e-07,3.885301704976989e-07,5.933115132877153e-08,0.0,7.673650247364125e-20,6.113218647429752e-33,1.9652198527240114e-33
3,lbfgs,1669,1090.0,1776.0,1.0012219872795127e-06,9.41799192884417e-07,8.626621711378227e-09,5.446254423401532e-07,3.885471288328857e-07,5.929552718913974e-08,0.0,7.67286443030297e-20,6.1129871546714667e-33,1.965181426585109e-33
3,lbfgs,1679,1090.0,1776.0,1.0011718163452755e-06,9.418356233711789e-07,8.62552930988018e-09,5.446031737613678e-07,3.8860692029993096e-07,5.920892573809295e-08,0.0,7.671501846113762e-20,6.112251040838351e-33,1.965077795402802e-33
3,lbfgs,1689,1090.0,1776.0,1.001129403711576e-06,9.417696625330893e-07,8.62501981170152e-09,5.445711699826249e-07,3.8857347273876285e-07,5.9232473924223615e-08,0.0,7.671202809174621e-20,6.112587014759942e-33,1.9651141721955584e-33
3,lbfgs,1699,1090.0,1776.0,1.0010898544712994e-06,9.41726313793879e-07,8.624615339644933e-09,5.445434968490829e-07,3.8855820160515117e-07,5.9236273404154895e-08,0.0,7.670911460254759e-20,6.112720942232772e-33,1.9651243231294137e-33
3,lbfgs,1709,1090.0,1776.0,1.0010407304720472e-06,9.416471604095504e-07,8.624640015750395e-09,5.445059602175976e-07,3.885165601762024e-07,5.926630276593546e-08,0.0,7.671193706344662e-20,6.113158676674665e-33,1.9651685125071813e-33
3,lbfgs,1719,1090.0,1776.0,1.0010021465062686e-06,9.416370276686723e-07,8.623813666638368e-09,5.444829333452937e-07,3.8853028065674033e-07,5.923785152084916e-08,0.0,7.670343416199363e-20,6.112945868327969e-33,1.9651364717878223e-33
3,lbfgs,1729,1090.0,1776.0,1.0009560765959833e-06,9.416629163679607e-07,8.622461383430192e-09,5.444584229919904e-07,3.885820319925401e-07,5.916589288336419e-08,0.0,7.668825617279547e-20,6.112276840898611e-33,1.9650503863736094e-33
3,lbfgs,1739,1090.0,1776.0,1.0009177767686275e-06,9.416041128376678e-07,8.622152014498153e-09,5.444306308543311e-07,3.8855132996883864e-07,5.918639656893804e-08,0.0,7.668723549016551e-20,6.1125797653219464e-33,1.9650770187720767e-33
3,lbfgs,1749,1090.0,1776.0,1.0008817302609993e-06,9.415641637176206e-07,8.621794562150101e-09,5.444056376753537e-07,3.8853673148011687e-07,5.919029916332567e-08,0.0,7.668497898492177e-20,6.112700117820691e-33,1.965083324626566e-33
3,lbfgs,1759,1090.0,1776.0,1.0008366666241102e-06,9.414922777974608e-07,8.621838875403888e-09,5.443721672679823e-07,3.8849827165407455e-07,5.9217121424328145e-08,0.0,7.668803872808258e-20,6.113093391844341e-33,1.965117600909691e-33
3,lbfgs,1769,1090.0,1776.0,1.000801473351214e-06,9.414810685929499e-07,8.620992196483831e-09,5.443502567462686e-07,3.8850981965019743e-07,5.9193137336854673e-08,0.0,7.667974748575857e-20,6.11290194950637e-33,1.965089457955516e-33
3,lbfgs,1779,1090.0,1776.0,1.0007589163986944e-06,9.415005564930737e-07,8.619559396242794e-09,5.443259296914242e-07,3.885550674054068e-07,5.913109245790209e-08,0.0,7.666457183120168e-20,6.112302750794985e-33,1.9650154016940237e-33
3,lbfgs,1789,1090.0,1776.0,1.00072405228218e-06,9.414474647331196e-07,8.619316517689351e-09,5.443008227604963e-07,3.8852732545493397e-07,5.914932008467896e-08,0.0,7.666412879438651e-20,6.1125726433895276e-33,1.965036181332467e-33
3,lbfgs,1799,1090.0,1776.0,1.000684977665355e-06,9.413378354774328e-07,8.620433028368408e-09,5.442677438798878e-07,3.8844965856917654e-07,5.921987470426377e-08,0.0,7.667974985623231e-20,6.1134409229023796e-33,1.96511674578494e-33
3,lbfgs,1809,1090.0,1776.0,1.0006494094802198e-06,9.413450458666012e-07,8.618959566718907e-09,5.442470902369531e-07,3.8847899606292926e-07,5.917709611054625e-08,0.0,7.666451033317412e-20,6.113030169957965e-33,1.9650673011797126e-33
3,lbfgs,1819,1090.0,1776.0,1.000617107888738e-06,9.413335167826097e-07,8.618119736115336e-09,5.442264981506844e-07,3.884888988958099e-07,5.9156323584849685e-08,0.0,7.665659449342987e-20,6.112859540067042e-33,1.9650421726557042e-33
3,lbfgs,1829,1090.0,1776.0,1.0005776214936898e-06,9.413483886109549e-07,8.616671207234808e-09,5.442031648976638e-07,3.885285525060564e-07,5.910196533644627e-08,0.0,7.664187536589995e-20,6.1123264847449934e-33,1.9649775521281395e-33
3,lbfgs,1839,1090.0,1776.0,1.000545682619127e-06,9.413002816300417e-07,8.616442333925548e-09,5.441800602720321e-07,3.88503779024084e-07,5.9118133426709814e-08,0.0,7.664148773670093e-20,6.1125658023274654e-33,1.9649941765395054e-33
3,lbfgs,1849,1090.0,1776.0,1.000509034059527e-06,9.412013533929359e-07,8.61739897240682e-09,5.441493402776354e-07,3.8843461414289356e-07,5.9180413085393376e-08,0.0,7.665501699039664e-20,6.113335682761612e-33,1.9650618139416684e-33
3,lbfgs,1859,1090.0,1776.0,1.0004766548446447e-06,9.412064982704606e-07,8.616005348962683e-09,5.441301008420405e-07,3.8846039207945753e-07,5.91428889744626e-08,0.0,7.66410295013263e-20,6.112971713382113e-33,1.9650182867553314e-33
3,lbfgs,1869,1090.0,1776.0,1.0004468513479685e-06,9.411949584288799e-07,8.61517775828972e-09,5.441108154469061e-07,3.884689652236841e-07,5.912462530190515e-08,0.0,7.663346992343267e-20,6.112820338171325e-33,1.964995709042527e-33
3,lbfgs,1879,1090.0,1776.0,1.000410077523334e-06,9.412061689272835e-07,8.613738020577492e-09,5.440887085180048e-07,3.8850372238870116e-07,5.9076640954963346e-08,0.0,7.661931872998626e-20,6.1123478603421744e-33,1.9649388880296523e-33
3,lbfgs,1889,1090.0,1776.0,1.0003806560669308e-06,9.41162517076272e-07,8.613499438855996e-09,5.440672464987309e-07,3.8848177113868514e-07,5.9090871333977195e-08,0.0,7.661876698198324e-20,6.112559574826105e-33,1.9649523248675605e-33
3,lbfgs,1899,1090.0,1776.0,1.0003462113077502e-06,9.410732063624928e-07,8.614285887688911e-09,5.440383913879801e-07,3.884205290868239e-07,5.9145737270141304e-08,0.0,7.663019928220938e-20,6.1132406265263e-33,1.9650096001023286e-33
3,lbfgs,1909,1090.0,1776.0,1.0003165463391694e-06,9.410766672916294e-07,8.612970433943804e-09,5.440205195022132e-07,3.884431773554723e-07,5.9112611354673235e-08,0.0,7.661734793018838e-20,6.112918873244923e-33,1.9649710507289113e-33
3,lbfgs,1919,1090.0,1776.0,1.0002889185645856e-06,9.410652487371148e-07,8.612154368452034e-09,5.440024558492031e-07,3.8845063851945963e-07,5.9096402117790616e-08,0.0,7.661009003371353e-20,6.112784964728944e-33,1.9649506952547304e-33
3,lbfgs,1929,1090.0,1776.0,1.0002545554474873e-06,9.410734197401025e-07,8.610733477999166e-09,5.439815919500033e-07,3.8848109431210003e-07,5.9053867974770937e-08,0.0,7.659651386923943e-20,6.112367127088371e-33,1.9649004750444653e-33
3,lbfgs,1939,1090.0,1776.0,1.0002273164738238e-06,9.410337636443404e-07,8.610473488154123e-09,5.439615484128356e-07,3.8846174174335086e-07,5.906628508170844e-08,0.0,7.659569999135623e-20,6.1125541705783515e-33,1.964911376144408e-33
3,lbfgs,1949,1090.0,1776.0,1.0001948775119036e-06,9.40953125216797e-07,8.611095964430824e-09,5.439343068086725e-07,3.8840772244369366e-07,5.911448452923984e-08,0.0,7.660518443062539e-20,6.113155844954733e-33,1.9649601374461796e-33
3,lbfgs,1959,1090.0,1776.0,1.0001675390070906e-06,9.409551499367714e-07,8.60985024568596e-09,5.439176852194249e-07,3.884276144716606e-07,5.9085121287386624e-08,0.0,7.659331355901735e-20,6.1128718021690775e-33,1.9649258739983668e-33
3,lbfgs,1969,1090.0,1776.0,1.000141816982214e-06,9.409439128561339e-07,8.60904388180501e-09,5.43900739746187e-07,3.884341292281419e-07,5.907063632691085e-08,0.0,7.658630622149211e-20,6.11275355468688e-33,1.9649074789369766e-33
3,lbfgs,1979,1090.0,1776.0,1.000109604015662e-06,9.409495073486242e-07,8.607646531194688e-09,5.438810521491727e-07,3.8846080866825684e-07,5.903282884579949e-08,0.0,7.657328292995344e-20,6.112384604424269e-33,1.964862922007329e-33
3,lbfgs,1989,1090.0,1776.0,1.0000842677018241e-06,9.409134264708252e-07,8.607359372169602e-09,5.438622645303756e-07,3.8844380256828005e-07,5.904357339498908e-08,0.0,7.657216566517544e-20,6.112549724411015e-33,1.964871766070695e-33
3,lbfgs,1999,1090.0,1776.0,1.0000536541261873e-06,9.408405990830851e-07,8.607829609347606e-09,5.438364931657395e-07,3.88396276307998e-07,5.9085787189312445e-08,0.0,7.657988923371114e-20,6.1130807490051684e-33,1.964913427825459e-33
3,lbfgs,2009,1090.0,1776.0,1.0000283217422178e-06,9.408413706482182e-07,8.606644559572014e-09,5.438209831741801e-07,3.88413742914466e-07,5.905968322375836e-08,0.0,7.6568855702368e-20,6.112830273467836e-33,1.964882893864591e-33
3,lbfgs,2019,1090.0,1776.0,1.0000000938284511e-06,9.408878851105146e-07,8.604568721186279e-09,5.438070626860437e-07,3.884762537032846e-07,5.898494082421845e-08,0.0,7.654835191725187e-20,6.112040595999514e-33,1.9647993351619552e-33
3,lbfgs,2029,1090.0,1776.0,9.999739854116037e-07,9.408337282873697e-07,8.604475163304615e-09,5.437864419413496e-07,3.884428111827155e-07,5.901298921698704e-08,0.0,7.654956067188085e-20,6.112400573901337e-33,1.964826591061091e-33
3,lbfgs,2039,1090.0,1776.0,9.999503152289581e-07,9.408008375920908e-07,8.604158448440537e-09,5.437687803907731e-07,3.884278987528771e-07,5.9022209715203996e-08,0.0,7.654812878074044e-20,6.112546273714423e-33,1.9648337451072186e-33
3,lbfgs,2049,1090.0,1776.0,9.999213618929784e-07,9.407350165188072e-07,8.60448959174952e-09,5.43744370603629e-07,3.883861563234287e-07,5.9059077435017746e-08,0.0,7.655427830306399e-20,6.113014679091075e-33,1.9648694183995662e-33
3,lbfgs,2059,1090.0,1776.0,9.998977680332262e-07,9.407346886739958e-07,8.603357432456704e-09,5.437298408467977e-07,3.884014903947414e-07,5.903581140418176e-08,0.0,7.654396311263003e-20,6.1127939550362225e-33,1.9648421549092538e-33
3,lbfgs,2069,1090.0,1776.0,9.998707576189658e-07,9.407739398253516e-07,8.601334663724351e-09,5.437164342455115e-07,3.884561709161158e-07,5.8969549816048525e-08,0.0,7.652442059248178e-20,6.1120979338417176e-33,1.964768321686897e-33
3,lbfgs,2079,1090.0,1776.0,9.9984663252787e-07,9.407253631602657e-07,8.601223157339394e-09,5.436971874678587e-07,3.8842695253506754e-07,5.8994001376731035e-08,0.0,7.652534749820366e-20,6.11241529299471e-33,1.9647916914171087e-33
3,lbfgs,2089,1090.0,1776.0,9.998244268034955e-07,9.406953124603858e-07,8.600876586551424e-09,5.436805426088447e-07,3.884138932649897e-07,5.90018463381479e-08,0.0,7.65236070505164e-20,6.1125438187245885e-33,1.9647974453635643e-33
3,lbfgs,2099,1090.0,1776.0,9.997969819661892e-07,9.40635758991889e-07,8.60108192025845e-09,5.436574053037938e-07,3.8837727176783673e-07,5.903395495212252e-08,0.0,7.652835818073813e-20,6.112956813676335e-33,1.964828029247169e-33
3,lbfgs,2109,1090.0,1776.0,9.99774901578256e-07,9.406344617808808e-07,8.599996303644847e-09,5.436437338801291e-07,3.883907315971069e-07,5.901317175980881e-08,0.0,7.65186646109517e-20,6.112762427059281e-33,1.9648036452158245e-33
3,lbfgs,2119,1090.0,1776.0,9.997490474347986e-07,9.406673979782878e-07,8.598035694696444e-09,5.436308003387089e-07,3.884385619448825e-07,5.895438139729656e-08,0.0,7.650009497847167e-20,6.112149228801097e-33,1.964738294854307e-33
3,lbfgs,2129,1090.0,1776.0,9.997266187005178e-07,9.406237141798008e-07,8.597898064820497e-09,5.436127764506559e-07,3.884130396643245e-07,5.897563644840563e-08,0.0,7.650068320470517e-20,6.112428946807406e-33,1.9647583368921185e-33
3,lbfgs,2139,1090.0,1776.0,9.997057042756183e-07,9.405961852614992e-07,8.597522655008444e-09,5.435970507260872e-07,3.884016118804035e-07,5.898225092802422e-08,0.0,7.649865056980189e-20,6.112542321939667e-33,1.9647629233433498e-33
3,lbfgs,2149,1090.0,1776.0,9.996796288062173e-07,9.405422208148414e-07,8.597614971042796e-09,5.435751014231201e-07,3.883695044206785e-07,5.901013988832678e-08,0.0,7.650216436321168e-20,6.1129063836222254e-33,1.9647891540343643e-33
4,adam,0,1776.0,2736.3999999999996,0.10882983444455163,0.08162237576637321,0.00027777776728238595,0.05880858732836681,0.022536010670724027,0.027207458588791072,0.0,1.0086315876800836e-15,1.9600533571128794e-30,2.499999999999994e-31
4,adam,24,1776.0,2736.3999999999996,0.0258550411645098,0.01234740742004813,6.686566913492686e-05,0.007079901466816898,0.005200640284096306,0.01350763365329414,0.0,8.532126106771279e-17,2.5602552564918647e-31,5.792764845738557e-32
4,adam,49,1776.0,2736.3999999999996,0.0199075135489427,0.007052051649079858,7.4688320304278074e-06,0.0041062313302452575,0.0029383514868041717,0.012855461806058248,0.0,1.0908026570893385e-17,1.5919562059667627e-31,3.134467481106266e-32
4,adam,74,1776.0,2736.3999999999996,0.017589666680561264,0.005283650060131014,4.810533167177142e-06,0.0030664457304232194,0.0022123937965406178,0.012306016523571895,0.0,6.568446716623213e-18,1.1834476585808577e-31,2.196376871161095e-32
4,adam,99,1776.0,2736.3999999999996,0.016296886418521533,0.0045787282829234475,3.0532334664934347e-06,0.002850612020852135,0.0017250630286048192,0.011718158035762406,0.0,4.124419920915211e-18,9.640391611621563e-32,1.9659398798482246e-32
4,adam,124,1776.0,2736.3999999999996,0.015356099528699808,0.004124842271330921,5.634378174760871e-07,0.002685880351186616,0.0014383984823268287,0.011231257154781562,0.0,1.0043656960941776e-18,8.463156196084842e-32,1.7685320899008783e-32
4,adam,149,1776.0,2736.3999999999996,0.013528390689676168,0.0030595088742027326,2.2837029570777166e-07,0.0018786324297576254,0.0011806480741493994,0.010468881709691851,0.0,4.244606833887212e-19,7.33297615651742e-32,1.4150681235999167e-32
4,adam,174,1776.0,2736.3999999999996,0.009824843002719413,0.0016580911324924354,2.360784268713274e-07,0.0009937116648109142,0.00066414338925465,0.008166751759291246,0.0,3.6629789484429306e-19,5.357082426435391e-32,9.319927664138464e-33
4,adam,199,1776.0,2736.3999999999996,0.007083238059020191,0.0008920217414635092,3.636976498381262e-07,0.0005932197619176881,0.00029843828189598295,0.006191216201870031,0.0,8.7720862558259e-19,4.31208566998989e-32,6.204868291375996e-33
4,adam,224,1776.0,2736.3999999999996,0.005645160473221799,0.000822705584323568,2.9101919229595257e-07,0.0006204265996859768,0.00020198796544529529,0.004822454769599469,0.0,6.170800913411522e-19,3.489403620844146e-32,5.623498999302439e-33
4,adam,249,1776.0,2736.3999999999996,0.004220905257564048,0.000533423273870818,2.2502790180694566e-07,0.00035365185206571445,0.00017954639390329658,0.0036874818620827657,0.0,4.1599853118665273e-19,3.156523010378276e-32,4.6981002223532576e-33
4,adam,274,1776.0,2736.3999999999996,0.00326749029725502,0.00041336966075438314,1.434818164692264e-07,0.00025947584167297053,0.00015375033726494337,0.002854120512362893,0.0,2.4059288375382264e-19,2.942701211153133e-32,4.314289530413621e-33
4,adam,299,1776.0,2736.3999999999996,0.0043318205598459475,0.0010224404399978046,2.54986966036097e-07,0.0004191332896379906,0.0006030521633937779,0.003309379993320353,0.0,2.4862802064134463e-19,3.493055352309214e-32,2.3471398249838577e-33
4,adam,324,1776.0,2736.3999999999996,0.0029669125686494534,0.0010182810299383983,1.2707766598704516e-07,0.0006299252271306377,0.00038822872514177357,0.0019486314109874413,0.0,2.5324063065806385e-19,2.098550546401949e-32,4.9202346910125685e-33
4,adam,349,1776.0,2736.3999999999996,0.0018793609572024955,0.0003435302832573659,9.068886483718082e-08,0.0001753799299312866,0.00016805966446124213,0.0015358305456620314,0.0,2.372118890981444e-19,2.471142050040938e-32,3.738782590729264e-33
4,adam,374,1776.0,2736.3999999999996,0.0015211999574135057,0.0002980092577397815,3.636297294202437e-08,0.00015266329898585627,0.00014530959578098324,0.0012231905701903605,0.0,7.221431421775281e-20,2.4136564405607004e-32,3.8988362415374754e-33
4,adam,399,1776.0,2736.3999999999996,0.001247977162825595,0.00027204370058287223,2.5716276777867395e-08,0.00012554146279398945,0.00014647652151210492,0.0009759333315140889,0.0,4.9314565437291223e-20,2.2679486344447944e-32,3.6534874633482366e-33
4,adam,424,1776.0,2736.3999999999996,0.0010437372138858581,0.00025416114379575805,2.3098919244299252e-08,0.0001166902749231272,0.00013744776995338657,0.0007895759381289167,0.0,4.6090936547898154e-20,2.4618308434524063e-32,3.5755735353780615e-33
4,adam,449,1776.0,2736.3999999999996,0.0008560495886059941,0.00022905259227230305,2.0283787758037594e-08,0.00010343696419019501,0.00012559534429435,0.0006269968631802174,0.0,3.837356941200504e-20,2.3852627148664338e-32,3.4588291866750795e-33
4,adam,474,1776.0,2736.3999999999996,0.0007028167519470435,0.00020805856546914173,1.8205877045312552e-08,9.098204557180199e-05,0.00011705831402029442,0.0004947580522022757,0.0,3.24175143428359e-20,2.312026970529912e-32,3.379880162142615e-33
4,adam,499,1776.0,2736.3999999999996,0.0005776752937505821,0.0001886602408313677,1.72359247969304e-08,8.08732108895932e-05,0.00010776979401697755,0.0003890149175882667,0.0,2.823701907008232e-20,2.2510500713073857e-32,3.304563902884446e-33
4,adam,524,1776.0,2736.3999999999996,0.0004752318379150035,0.00017028808081363307,1.7269235734052695e-08,7.199655167576543e-05,9.827425990213359e-05,0.0003049436207797195,0.0,2.5790474239820253e-20,2.1991067023990723e-32,3.236540249565424e-33
4,adam,549,1776.0,2736.3999999999996,0.0003910343944794214,0.0001527129697366196,1.8397636813823687e-08,6.46637615972238e-05,8.803081050258196e-05,0.00023832128748968613,0.0,2.5236400760046915e-20,2.1465696084799784e-32,3.208291301646644e-33
4,adam,574,1776.0,2736.3999999999996,0.0014857583589951364,0.0008661784871296257,4.483431213909488e-07,0.000583276892220894,0.0002824532517873407,0.0006195797335683693,0.0,9.32243453653657e-19,2.2633393272546557e-32,3.1363275510830455e-33
4,adam,599,1776.0,2736.3999999999996,0.00042496120439953133,0.00024356042420154372,1.392351503416379e-07,0.00016696562658360405,7.645556246759804e-05,0.00018140064189481854,0.0,2.361353871781714e-19,1.8886634868344458e-32,4.262315835488614e-33
4,adam,624,1776.0,2736.3999999999996,0.0002814702787455292,0.00014702715883754017,8.596532478141177e-08,7.592015806962743e-05,7.102103544313134e-05,0.00013444298101186115,0.0,1.3614431584976735e-19,1.9454468089485127e-32,3.481060897017869e-33
4,adam,649,1776.0,2736.3999999999996,0.00022209144048280138,0.0001164398670121388,2.1043183192899204e-08,4.3476244840591346e-05,7.294257898835456e-05,0.00010565143392290239,0.0,3.3637717340188723e-20,1.9858730658522852e-32,2.8741607294310655e-33
4,adam,674,1776.0,2736.3999999999996,0.00018388072970315875,0.00010073897793587792,1.801747811669146e-08,4.117629910208532e-05,5.954466135567591e-05,8.314161156570221e-05,0.0,2.6819448651058672e-20,1.9727506029938222e-32,2.8407806921584166e-33
4,adam,699,1776.0,2736.3999999999996,0.00015238991812714135,8.662056118890917e-05,1.81560734661551e-08,3.6067252046563544e-05,5.053515306887947e-05,6.576921610653292e-05,0.0,2.544731940671743e-20,1.935491803606011e-32,2.8517501150210074e-33
4,adam,724,1776.0,2736.3999999999996,0.0001278912614692191,7.554798117960512e-05,1.7198081253310833e-08,3.0715544732250694e-05,4.481523836610112e-05,5.234313886028967e-05,0.0,2.32012006844977e-20,1.9284867734892014e-32,2.723910916508194e-33
4,adam,749,1776.0,2736.3999999999996,0.0002143015582732964,0.00015223173978783707,1.8644895938497082e-07,0.00011005275253415491,4.199253829429719e-05,6.206967647597424e-05,0.0,2.7978666446012e-19,1.7461365532314295e-32,3.69888781714173e-33
4,adam,774,1776.0,2736.3999999999996,0.0007351189780304071,0.000666516946582757,2.1838708089798387e-07,0.00020240396823078134,0.00046389459127107763,6.860188883580323e-05,0.0,4.895140132463956e-19,1.9965910273124426e-32,1.170349391405786e-33
4,adam,799,1776.0,2736.3999999999996,0.0004756608300443314,0.0003289499259872589,5.276926135493374e-07,0.0001842362176815748,0.00014418601569213477,0.00014671076144344872,0.0,8.289446929419538e-19,1.788763020309503e-32,5.7470891454858024e-33
4,adam,824,1776.0,2736.3999999999996,0.00018075236397133973,0.0001626202876128787,1.421714696860103e-07,9.195525551511888e-05,7.052286062807381e-05,1.813193334042555e-05,0.0,2.4842460809114954e-19,1.5527013039116123e-32,2.2931387536059207e-33
4,adam,849,1776.0,2736.3999999999996,8.91852388517403e-05,6.193906278315269e-05,2.924152476221256e-08,2.811352238512346e-05,3.3796298873267016e-05,2.7246032812136976e-05,0.0,5.084117673208486e-20,1.828543491755632e-32,2.7391413303993608e-33
4,adam,874,1776.0,2736.3999999999996,7.127621817842623e-05,5.413435657518872e-05,1.5617616900008116e-08,2.3687192925263135e-05,3.043154603302558e-05,1.7141717977358814e-05,0.0,3.0381724065509895e-20,1.7799228994184375e-32,2.6918127636330012e-33
4,adam,899,1776.0,2736.3999999999996,6.343855038716444e-05,4.947350485250727e-05,1.1022422145362404e-08,2.1991451022228168e-05,2.7471031408133742e-05,1.3964901552570542e-05,0.0,2.149494438959656e-20,1.7891751962995632e-32,2.591382118955682e-33
4,adam,924,1776.0,2736.3999999999996,5.7132027791293465e-05,4.5637300543512315e-05,1.0176038599074392e-08,1.9801012295386022e-05,2.582611220952722e-05,1.1494582942373479e-05,0.0,1.943709710568632e-20,1.779621976825906e-32,2.592075661860649e-33
4,adam,949,1776.0,2736.3999999999996,5.172959504002582e-05,4.2315437405418394e-05,9.908605983515319e-09,1.8550356829267055e-05,2.375517197016782e-05,9.414013028774814e-06,0.0,1.8544288870797342e-20,1.77619738962659e-32,2.572159099118398e-33
4,adam,974,1776.0,2736.3999999999996,4.6978972619105294e-05,3.914191687650321e-05,9.595518911941213e-09,1.7102499130180655e-05,2.202982222741062e-05,7.836910857018082e-06,0.0,1.7632055061856536e-20,1.7724579505138293e-32,2.563361451765524e-33
4,adam,999,1776.0,2736.3999999999996,4.273217564826586e-05,3.6176888712700335e-05,9.265403160251821e-09,1.5832982952715306e-05,2.033464035682478e-05,6.555141786502193e-06,0.0,1.67499056818177e-20,1.7695326535572813e-32,2.5546180777063796e-33
4,adam,1024,1776.0,2736.3999999999996,4.0136968650020034e-05,3.43245172819e-05,9.273184484841304e-09,1.4901911682607183e-05,1.9413332414807972e-05,5.812305953579598e-06,0.0,1.6549476895592234e-20,1.7853152801875856e-32,2.5451716564242136e-33
4,adam,1049,1776.0,2736.3999999999996,3.644318621211358e-05,3.1479419687690946e-05,8.872196885761634e-09,1.3794481923368743e-05,1.7676065567436444e-05,4.963620852729613e-06,0.0,1.5606088596648512e-20,1.7862483061807236e-32,2.5372720991688535e-33
4,adam,1074,1776.0,2736.3999999999996,3.304327267996602e-05,2.8804161214816566e-05,8.763601783609828e-09,1.2642195432396373e-05,1.6153202180636585e-05,4.238965552210297e-06,0.0,1.507787116609505e-20,1.784058694641788e-32,2.530264329596821e-33
4,adam,1099,1776.0,2736.3999999999996,2.9969680032284977e-05,2.6318505741111778e-05,9.020121011211705e-09,1.1730352817034128e-05,1.4579132803066437e-05,3.65102814828098e-06,0.0,1.4940981376533174e-20,1.7755515472492798e-32,2.551402696185126e-33
4,adam,1124,1776.0,2736.3999999999996,3.236178440150942e-05,2.9605665858400717e-05,1.2806711071625493e-07,1.2240312248890579e-05,1.7237286498793884e-05,2.755972176631678e-06,0.0,2.1982819316929044e-19,1.7541641795934982e-32,2.305122758708836e-33
4,adam,1149,1776.0,2736.3999999999996,3.3451494676651484e-05,2.955805655435333e-05,2.276076482057183e-08,1.8441516738186354e-05,1.1093779051346403e-05,3.8932915481770594e-06,0.0,4.0382938169549394e-20,1.7445624815022802e-32,2.4430258850731278e-33
4,adam,1174,1776.0,2736.3999999999996,0.00019849677540996363,0.0001675226943202112,2.2979054721922644e-07,0.00014921114589708405,1.8081757875907927e-05,3.097393427551593e-05,0.0,2.385583614460019e-19,1.554175102401564e-32,2.6857821924853655e-33
4,adam,1199,1776.0,2736.3999999999996,0.0008518529084472373,0.0007915224410297756,6.929986930349269e-08,6.0028084709003384e-05,0.0007314250564514688,6.0330320410131654e-05,0.0,1.4669296279435398e-19,2.5165541300625174e-32,1.2090092841268701e-33
4,adam,1224,1776.0,2736.3999999999996,0.00018298769023307167,0.00015500484192968567,1.7452021543759365e-07,8.124803312785324e-05,7.358228858639484e-05,2.7982701204981633e-05,0.0,3.023563782313012e-19,2.2952119253334174e-32,1.671201456071379e-33
4,adam,1249,1776.0,2736.3999999999996,0.0002897359798950156,0.00021303006936193472,9.758945227456273e-07,7.518455231213692e-05,0.00013686962252705217,7.670576308544911e-05,0.0,1.9059582238324408e-18,1.584707480506217e-32,1.5960362607020614e-33
4,adam,1274,1776.0,2736.3999999999996,2.7604768159994484e-05,2.161251118531254e-05,7.048670804805668e-08,9.813384415755729e-06,1.1728640061508754e-05,5.9921093282714475e-06,0.0,1.109291660631274e-19,1.7146731100185712e-32,2.5325417304739793e-33
4,adam,1299,1776.0,2736.3999999999996,1.867262100451968e-05,1.5979550391331744e-05,4.767012018469945e-08,7.724057107486359e-06,8.207823163660688e-06,2.692922711906674e-06,0.0,7.710630219417428e-20,1.7575758243317122e-32,2.4607580810267525e-33
4,adam,1324,1776.0,2736.3999999999996,1.6024413981222225e-05,1.3855812832992007e-05,1.6602928306821717e-08,6.882714163607495e-06,6.956495741077691e-06,2.1684530141466312e-06,0.0,2.8923838441897736e-20,1.7219673346819834e-32,2.4518210541211657e-33
4,adam,1349,1776.0,2736.3999999999996,1.4231770688445157e-05,1.2319257781091923e-05,4.781969492883371e-09,5.969009698428397e-06,6.345466113170643e-06,1.9123645719029655e-06,0.0,8.012317820432206e-21,1.7245368468863738e-32,2.4428122946273305e-33
4,adam,1374,1776.0,2736.3999999999996,1.2754054388535795e-05,1.109281667819753e-05,3.5950295813593906e-09,5.38896021919805e-06,5.700261429418119e-06,1.6610891886989907e-06,0.0,5.8963531888954594e-21,1.7228500627305286e-32,2.4375545337017584e-33
4,adam,1399,1776.0,2736.3999999999996,1.147095094506535e-05,1.0020613857433373e-05,3.38620811902087e-09,4.886172153064765e-06,5.131055496249587e-06,1.450188389955955e-06,0.0,5.4233498385391474e-21,1.7209208805993445e-32,2.4323579300413333e-33
4,lbfgs,1400,1776.0,2736.3999999999996,1.2775608012446279e-05,1.1332766172820923e-05,3.576203839703675e-09,5.49821518844564e-06,5.83097478053558e-06,1.442693135088003e-06,0.0,6.1285889732658055e-21,1.8604677659770768e-32,2.5906192739861632e-33
4,lbfgs,1409,1776.0,2736.3999999999996,9.234214752277434e-06,7.797596596283238e-06,2.6381348716019263e-08,3.873416934996304e-06,3.8977983125709154e-06,1.436469366975995e-06,0.0,3.905814545095802e-20,1.8734969198696595e-32,2.5112451922309e-33
4,lbfgs,1419,1776.0,2736.3999999999996,4.618888773694777e-06,4.25841588190979e-06,3.763252734487094e-09,1.0259003831711102e-06,3.2287522460041925e-06,3.603238841219882e-07,0.0,4.943183193326015e-21,1.8737065639493812e-32,2.6281552708119363e-33
4,lbfgs,1429,1776.0,2736.3999999999996,3.0270146493959317e-06,2.9784240765728224e-06,3.577179665274432e-09,1.060037655094055e-06,1.914809241813493e-06,4.844143314709104e-08,0.0,5.273408379764149e-21,1.877516729993176e-32,2.6054263032718056e-33
4,lbfgs,1439,1776.0,2736.3999999999996,1.9819688992254736e-06,1.932677590185312e-06,2.810272189340639e-09,1.0110953349188115e-06,9.1877198307716e-07,4.914213869848304e-08,0.0,3.5820346523858145e-21,1.8741916864575484e-32,2.599685091285317e-33
4,lbfgs,1449,1776.0,2736.3999999999996,1.4404327487679112e-06,1.3808126626956825e-06,2.953824482256895e-09,6.908515824327531e-07,6.870072557806725e-07,5.9470822403915535e-08,0.0,4.62587630865517e-21,1.8794075627895881e-32,2.5643978917042785e-33
4,lbfgs,1459,1776.0,2736.3999999999996,1.124944664866284e-06,1.1006861154666692e-06,2.8175681996413093e-09,4.918531932096796e-07,6.060153540573484e-07,2.410927914150048e-08,0.0,3.804682258920174e-21,1.898934869913129e-32,2.5689977640096366e-33
4,lbfgs,1469,1776.0,2736.3999999999996,9.073207403598027e-07,9.059402756330872e-07,3.0411519339984894e-09,3.74744303314501e-07,5.281548203845878e-07,1.231117134472993e-09,0.0,4.129268014130289e-21,1.9027077516904702e-32,2.57550963352493e-33
4,lbfgs,1479,1776.0,2736.3999999999996,8.072820350895461e-07,8.019961466485781e-07,2.7730045655262103e-09,3.1258073695689093e-07,4.866424051261609e-07,5.136512357589045e-09,0.0,5.5749134366358346e-21,1.905963781923623e-32,2.5681928477273847e-33
4,lbfgs,1489,1776.0,2736.3999999999996,7.56388165525597e-07,7.52068305092084e-07,3.0957064714830158e-09,2.333514592203036e-07,5.156211394002974e-07,4.17047131811318e-09,0.0,5.691216024597306e-21,1.906244431881247e-32,2.568749192794738e-33
4,lbfgs,1499,1776.0,2736.3999999999996,6.524177681462192e-07,6.458112356881919e-07,4.823382550892795e-08,2.2033665938658947e-07,3.7724075079267453e-07,6.457106133868688e-09,0.0,1.4595299357281573e-19,1.9058689675049693e-32,2.5664061036226275e-33
4,lbfgs,1509,1776.0,2736.3999999999996,5.107369817339091e-07,4.985194677785734e-07,1.646565338845796e-08,2.3306891934848445e-07,2.4898489504163095e-07,1.2068023714344321e-08,0.0,3.204361384052453e-20,1.908643517258078e-32,2.5811564966923043e-33
4,lbfgs,1519,1776.0,2736.3999999999996,4.699922304413331e-07,4.663306651093268e-07,1.1738505091513568e-08,2.50162661205125e-07,2.0442949881268824e-07,3.5120625812612675e-09,0.0,1.7742619250183292e-20,1.9066593561680016e-32,2.5796944598866228e-33
4,lbfgs,1529,1776.0,2736.3999999999996,4.392480913232707e-07,4.2812716406165917e-07,2.50937889666101e-09,2.1823645952046174e-07,2.0738132564453642e-07,1.0971404094557824e-08,0.0,3.1424819734909033e-21,1.905908120303674e-32,2.5778237999313117e-33
4,lbfgs,1539,1776.0,2736.3999999999996,3.974993756766513e-07,3.8695216298708615e-07,1.0017649555235859e-08,1.91566282663469e-07,1.853682307683813e-07,1.03976803356874e-08,0.0,1.5724320694201493e-20,1.9056237825586476e-32,2.5795612102182063e-33
4,lbfgs,1549,1776.0,2736.3999999999996,3.623186018050215e-07,3.3871529017889565e-07,1.8977636696931224e-08,9.602417647618641e-08,2.2371347700577803e-07,2.345378435276027e-08,0.0,4.650949053853049e-20,1.9053784505600038e-32,2.5775189784592578e-33
4,lbfgs,1559,1776.0,2736.3999999999996,2.864525337828715e-07,2.798728862481968e-07,1.9530701238839698e-09,8.647962662498712e-08,1.914401894993257e-07,6.430087552520754e-09,0.0,3.861641498481035e-21,1.9016094490768392e-32,2.5740832715127594e-33
4,lbfgs,1569,1776.0,2736.3999999999996,2.728777162338038e-07,2.6763133427804517e-07,2.6345708406197055e-09,9.163934750765177e-08,1.733574159297737e-07,5.096811065615832e-09,0.0,5.410078913752554e-21,1.9016003968660798e-32,2.5744927876276685e-33
4,lbfgs,1579,1776.0,2736.3999999999996,2.6260833633866235e-07,2.540560335680925e-07,2.421999906776849e-09,8.607896444687617e-08,1.6555506921443948e-07,8.402730540362913e-09,0.0,5.2758896757583536e-21,1.904193734636206e-32,2.573049785385258e-33
4,lbfgs,1589,1776.0,2736.3999999999996,2.514042616161492e-07,2.436386698856786e-07,1.2370532475146643e-09,8.84883361873392e-08,1.5391328045082473e-07,7.616018274302151e-09,0.0,2.2900406899536006e-21,1.90034277741367e-32,2.5790226738565585e-33
4,lbfgs,1599,1776.0,2736.3999999999996,2.3388546801202618e-07,2.163811339956196e-07,1.7482794941396614e-09,8.697762875863372e-08,1.276552257428462e-07,1.735473841239874e-08,0.0,3.3697156044881617e-21,1.901754989839495e-32,2.574386322038194e-33
4,lbfgs,1609,1776.0,2736.3999999999996,2.159677608140389e-07,2.012101390876127e-07,1.0384844280526338e-09,7.805593584301743e-08,1.2211571881654264e-07,1.4607989845919523e-08,0.0,2.4698218011775306e-21,1.9038527532560173e-32,2.5697740532908214e-33
4,lbfgs,1619,1776.0,2736.3999999999996,2.0795333776054973e-07,1.9214711322152738e-07,1.4942825872022323e-09,7.628028495809385e-08,1.1437254567623129e-07,1.5656580257842104e-08,0.0,2.732598477474524e-21,1.9018865311110768e-32,2.570027103481602e-33
4,lbfgs,1629,1776.0,2736.3999999999996,2.0004322591320018e-07,1.8342099776660283e-07,1.7390824783073393e-09,7.576169054647454e-08,1.0592022474182096e-07,1.6472579266548758e-08,0.0,4.599967119540668e-21,1.9028305459250713e-32,2.5732810496463e-33
4,lbfgs,1639,1776.0,2736.3999999999996,1.8893118188474456e-07,1.747921058003808e-07,8.910790081114931e-10,8.204804881133285e-08,9.185297798093647e-08,1.3989427204374322e-08,0.0,2.2548141434212004e-21,1.9033354648643585e-32,2.5754853580935978e-33
4,lbfgs,1649,1776.0,2736.3999999999996,1.7807839575081402e-07,1.6790180382476603e-07,1.1626311288784355e-09,6.983827697987033e-08,9.690089571601727e-08,1.0026951696547933e-08,0.0,2.503055652473304e-21,1.9044800822996577e-32,2.5762602959825607e-33
4,lbfgs,1659,1776.0,2736.3999999999996,1.7082153343967158e-07,1.5772233866028867e-07,1.5113874921973154e-09,5.9162215295787415e-08,9.704873587230394e-08,1.2949556904317692e-08,0.0,3.639655956849509e-21,1.9032411159427426e-32,2.573984973500552e-33
4,lbfgs,1669,1776.0,2736.3999999999996,1.655046243527577e-07,1.528181648334463e-07,1.363978251445094e-09,5.36479476114081e-08,9.78062389705931e-08,1.253681861596726e-08,0.0,2.4161773856825405e-21,1.904580745928067e-32,2.576171188581841e-33
4,lbfgs,1679,1776.0,2736.3999999999996,1.4819623600907026e-07,1.3929286268934813e-07,5.394972488726714e-09,4.601925997379813e-08,8.787863022682328e-08,8.753714023850694e-09,0.0,7.54167952082213e-21,1.902331842249092e-32,2.576951859404425e-33
4,lbfgs,1689,1776.0,2736.3999999999996,1.4217574302280857e-07,1.3087343695806785e-07,5.531731388100424e-09,4.312337889428832e-08,8.221832667567912e-08,1.1152613621144502e-08,0.0,1.2445035775120054e-20,1.9020541122551298e-32,2.5726288960936768e-33
4,lbfgs,1699,1776.0,2736.3999999999996,1.1536801321564348e-07,1.0300074857351157e-07,2.095654804214294e-09,3.008158525908868e-08,7.082350851020859e-08,1.2217536526107365e-08,0.0,3.417346135297419e-21,1.9028281989786784e-32,2.578468802102867e-33
4,lbfgs,1709,1776.0,2736.3999999999996,9.29895843705909e-08,9.039199579056575e-08,2.6519262467511005e-09,2.3460150808346188e-08,6.427991873546846e-08,2.4478613700666116e-09,0.0,6.69464971435133e-21,1.901645335365873e-32,2.5764975492805185e-33
4,lbfgs,1719,1776.0,2736.3999999999996,8.214948816169205e-08,8.082159025803014e-08,1.2885189376871913e-09,1.986749395106593e-08,5.966557736927701e-08,1.178142238725444e-09,0.0,3.414028794864486e-21,1.9019796001752944e-32,2.5721733125001603e-33
4,lbfgs,1729,1776.0,2736.3999999999996,8.378953261493762e-08,8.097873774094146e-08,1.980544279711122e-09,2.286957715864699e-08,5.6128616302583346e-08,2.6610386240554877e-09,0.0,4.505232013390329e-21,1.9033626481161486e-32,2.577085997555491e-33
4,lbfgs,1739,1776.0,2736.3999999999996,7.271545771478695e-08,7.143756663216247e-08,7.891204441069361e-10,2.146932158962331e-08,4.9179124598432225e-08,1.1281497356994604e-09,0.0,1.944218952017706e-21,1.904001796580288e-32,2.5710815010744228e-33
4,lbfgs,1749,1776.0,2736.3999999999996,6.67431601543877e-08,6.61187316071275e-08,1.4461717700464363e-09,2.1383044773837787e-08,4.328951506324327e-08,4.746809835850607e-10,0.0,3.876153740089187e-21,1.9035822579765758e-32,2.5723008907846503e-33
4,lbfgs,1759,1776.0,2736.3999999999996,6.313525190874704e-08,6.275773505863074e-08,1.592847181333514e-09,2.2103482836122707e-08,3.906140504117452e-08,2.2775672507898617e-10,0.0,4.396239823293679e-21,1.903181490157019e-32,2.570868052984109e-33
4,lbfgs,1769,1776.0,2736.3999999999996,5.912557284554417e-08,5.8740050744878886e-08,9.816577760352188e-10,2.3201370216607645e-08,3.455702275223602e-08,2.3576091629796406e-10,0.0,2.680459896610252e-21,1.9031549231203184e-32,2.570952032050074e-33
4,lbfgs,1779,1776.0,2736.3999999999996,5.7942449080905256e-08,5.749689018775688e-08,1.3874300476060655e-09,2.280058542014447e-08,3.330887472000635e-08,2.958015136157204e-10,0.0,3.750749442759966e-21,1.9026719995904398e-32,2.5704909712912864e-33
4,lbfgs,1789,1776.0,2736.3999999999996,5.0116817007715884e-08,4.968966092334906e-08,9.242586993372555e-10,2.0179902876638973e-08,2.8585499347372832e-08,2.773905976120121e-10,0.0,2.614654008754089e-21,1.9029529812296968e-32,2.568462445113715e-33
4,lbfgs,1799,1776.0,2736.3999999999996,4.747331193637952e-08,4.684759202844531e-08,7.107244671618757e-10,2.0783205757170978e-08,2.5353661804112462e-08,4.759626955817078e-10,0.0,1.7840104230988694e-21,1.9021592900243474e-32,2.5681156308026595e-33
4,lbfgs,1809,1776.0,2736.3999999999996,3.635755418934493e-08,3.561811919075208e-08,8.971075192045854e-10,1.3875431445245346e-08,2.084558022630215e-08,5.896396727813678e-10,0.0,1.930287517760346e-21,1.9044876955538542e-32,2.569025594331632e-33
4,lbfgs,1819,1776.0,2736.3999999999996,3.600842237684254e-08,3.5461644485744466e-08,8.613687160059123e-10,1.3546754031937544e-08,2.105352173780101e-08,3.969804272380091e-10,0.0,1.7341788640098996e-21,1.9044126468610922e-32,2.5676797700857165e-33
4,lbfgs,1829,1776.0,2736.3999999999996,3.592953820314576e-08,3.538707455757203e-08,8.318100890172381e-10,1.3590306721404526e-08,2.096495774715027e-08,3.9266593325426663e-10,0.0,1.7012878995399376e-21,1.9042796392109896e-32,2.567875202936648e-33
4,lbfgs,1839,1776.0,2736.3999999999996,3.600931075859555e-08,3.544468278808944e-08,8.686752373942473e-10,1.3485272191409164e-08,2.109073535928603e-08,4.1482975126198797e-10,0.0,1.747759555728747e-21,1.904535886979904e-32,2.5669321221544603e-33
4,lbfgs,1849,1776.0,2736.3999999999996,3.58083704906335e-08,3.527470320526975e-08,8.142421978697828e-10,1.3571774534654254e-08,2.0888686472745716e-08,3.838693521517611e-10,0.0,1.6684500413283748e-21,1.9043113443583345e-32,2.5677107935732025e-33
4,lbfgs,1859,1776.0,2736.3999999999996,3.5742637919311114e-08,3.520995395483312e-08,7.913288525533667e-10,1.3604148734430114e-08,2.0814476367849644e-08,3.828860682863295e-10,0.0,1.634392418410605e-21,1.904258631024829e-32,2.5678965567959607e-33
4,lbfgs,1869,1776.0,2736.3999999999996,3.581828667797194e-08,3.526214508089655e-08,8.254333907116086e-10,1.3487586730561571e-08,2.0949124959623367e-08,4.063432932186268e-10,0.0,1.6751873782460543e-21,1.9045215637445548e-32,2.5669855982714325e-33
4,lbfgs,1879,1776.0,2736.3999999999996,3.562887501588596e-08,3.510088225435779e-08,7.752373540018794e-10,1.3565775690013252e-08,2.075986921034266e-08,3.781947534460718e-10,0.0,1.6050773648728394e-21,1.9043086644698995e-32,2.5677389046566752e-33
4,lbfgs,1889,1776.0,2736.3999999999996,3.556599616523132e-08,3.503814275033102e-08,7.543757940596822e-10,1.3588928102346249e-08,2.069483885392509e-08,3.780554555509633e-10,0.0,1.5756536531411234e-21,1.9042615582440585e-32,2.5679195030083254e-33
4,lbfgs,1899,1776.0,2736.3999999999996,3.563877646022643e-08,3.5088067095222234e-08,7.869909331576985e-10,1.347046172746791e-08,2.0830614434596627e-08,4.009110098162071e-10,0.0,1.6134240662053396e-21,1.904521797483796e-32,2.5670267968219555e-33
4,lbfgs,1909,1776.0,2736.3999999999996,3.545656212942588e-08,3.4932505621827285e-08,7.401391519555608e-10,1.3543418057719097e-08,2.0648948412152632e-08,3.742584416551305e-10,0.0,1.5501507621573303e-21,1.9043143835735174e-32,2.567763667507742e-33
4,lbfgs,1919,1776.0,2736.3999999999996,3.5395899210065275e-08,3.487160324722814e-08,7.21071341779733e-10,1.3562555376917948e-08,2.0587976528530458e-08,3.744979432569312e-10,0.0,1.5241614842590476e-21,1.904269451893649e-32,2.5679399220748555e-33
4,lbfgs,1929,1776.0,2736.3999999999996,3.546618820896671e-08,3.491990784321038e-08,7.52365644422454e-10,1.3446320927559861e-08,2.072122127122806e-08,3.9648195596665395e-10,0.0,1.558932634874758e-21,1.9045258308025096e-32,2.5670633448477576e-33
4,lbfgs,1939,1776.0,2736.3999999999996,3.5290160136211387e-08,3.476922991848475e-08,7.084539494489572e-10,1.3515341533220045e-08,2.0545434435815752e-08,3.7113209047221735e-10,0.0,1.5013933966911337e-21,1.904322558990042e-32,2.567785939171531e-33
4,lbfgs,1949,1776.0,2736.3999999999996,3.5231472984833863e-08,3.4710076445335714e-08,6.909776691579414e-10,1.3532432421589385e-08,2.0486666354588386e-08,3.715984561188922e-10,0.0,1.4782152438314767e-21,1.9042788307660266e-32,2.5679585027307195e-33
4,lbfgs,1959,1776.0,2736.3999999999996,3.529949377190768e-08,3.47571022863046e-08,7.210461331776495e-10,1.3419812849660172e-08,2.0616243303466777e-08,3.9259301767913577e-10,0.0,1.5101477383603881e-21,1.904531108226376e-32,2.5670971350513554e-33
4,lbfgs,1969,1776.0,2736.3999999999996,3.512908665422977e-08,3.461084440061189e-08,6.797905619910011e-10,1.3485472309204116e-08,2.044558152941677e-08,3.6844406252039277e-10,0.0,1.4576586724410672e-21,1.904331421814449e-32,2.5678066541386247e-33
4,lbfgs,1979,1776.0,2736.3999999999996,3.5072208683253414e-08,3.4553349690813933e-08,6.637413582390819e-10,1.3501281973082254e-08,2.03883263594926e-08,3.6906084372301683e-10,0.0,1.4369086906583047e-21,1.9042885288081235e-32,2.567975981347976e-33
4,lbfgs,1989,1776.0,2736.3999999999996,3.513814037557221e-08,3.459930266271773e-08,6.926597148722309e-10,1.3392661250551304e-08,2.05139816972942e-08,3.890391856890983e-10,0.0,1.4662078118322921e-21,1.9045367683408582e-32,2.5671290406457232e-33
4,lbfgs,1999,1776.0,2736.3999999999996,3.497290695294606e-08,3.445709959642765e-08,6.538205748785004e-10,1.3455273927925522e-08,2.0348005093623627e-08,3.6600910129139027e-10,0.0,1.4182335541039263e-21,1.9043403443908626e-32,2.567826395064208e-33
4,lbfgs,2009,1776.0,2736.3999999999996,3.4917698826611114e-08,3.4401162760459195e-08,6.390537249818887e-10,1.3470131250946492e-08,2.0291977784530816e-08,3.667378525242048e-10,0.0,1.3996204624951338e-21,1.9042981249057148e-32,2.5679927984518485e-33
4,lbfgs,2019,1776.0,2736.3999999999996,3.498169659711997e-08,3.4446178935502256e-08,6.668871571159941e-10,1.3365534065351618e-08,2.0413757713034646e-08,3.857190757860713e-10,0.0,1.4264922146614589e-21,1.9045424901232768e-32,2.5671595283767075e-33
4,lbfgs,2029,1776.0,2736.3999999999996,3.4821250849037164e-08,3.4307716609017755e-08,6.302526565090959e-10,1.342531194894495e-08,2.0252152003563706e-08,3.637359217923615e-10,0.0,1.3825758756226393e-21,1.9043490966697024e-32,2.5678454786571323e-33
4,lbfgs,2039,1776.0,2736.3999999999996,3.476759075776961e-08,3.425323544732338e-08,6.166389961632282e-10,1.3439378338954375e-08,2.0197218112205775e-08,3.645570334233052e-10,0.0,1.3658567978067081e-21,1.9043074674526917e-32,2.5680091841986858e-33
4,lbfgs,2049,1776.0,2736.3999999999996,3.482979157939169e-08,3.4297413290372386e-08,6.434458664382621e-10,1.3338700213611285e-08,2.0315267210322836e-08,3.8257964595254806e-10,0.0,1.3904957011103587e-21,1.9045481474585358e-32,2.567188864021113e-33
4,lbfgs,2059,1776.0,2736.3999999999996,3.467379322576645e-08,3.416241561257328e-08,6.088269879878883e-10,1.339580897731555e-08,2.0157779647269842e-08,3.61579233770757e-10,0.0,1.350236492648822e-21,1.904357597134101e-32,2.5678640704258348e-33
4,lbfgs,2069,1776.0,2736.3999999999996,3.462157341290672e-08,3.410929293103112e-08,5.962514099338316e-10,1.3409176853277212e-08,2.0103864667820078e-08,3.624821434463753e-10,0.0,1.3352022141141937e-21,1.9043165075825125e-32,2.568025253258726e-33
4,lbfgs,2079,1776.0,2736.3999999999996,3.468209894164178e-08,3.415270930200543e-08,6.220852458820851e-10,1.3312270053818518e-08,2.0218354002304826e-08,3.795909411157482e-10,0.0,1.3577886190560856e-21,1.9045536899369226e-32,2.5672172112307527e-33
4,lbfgs,2089,1776.0,2736.3999999999996,3.453024598445275e-08,3.4020931858632433e-08,5.89312889251495e-10,1.3366850591376457e-08,2.006476837800448e-08,3.5951568725110723e-10,0.0,1.3208316839534788e-21,1.9043658223641545e-32,2.5678822581784335e-33
4,lbfgs,2099,1776.0,2736.3999999999996,3.4479370665721633e-08,3.3969078146396234e-08,5.776730908844967e-10,1.33795816054946e-08,2.0011823450017134e-08,3.604941216157734e-10,0.0,1.3072998394409912e-21,1.904325236924756e-32,2.5680410624964786e-33
4,lbfgs,2109,1776.0,2736.3999999999996,3.4538329334290874e-08,3.401179633356739e-08,6.025836692989925e-10,1.3286288203833448e-08,2.012292446043495e-08,3.7673424861820876e-10,0.0,1.3279999723418427e-21,1.9045590982451747e-32,2.56724468095864e-33
4,lbfgs,2119,1776.0,2736.3999999999996,3.439035276109019e-08,3.388302195604939e-08,5.715063538480955e-10,1.3338465707357899e-08,1.99730498948434e-08,3.575323093997632e-10,0.0,1.294029841917893e-21,1.9043737722229198e-32,2.5679000914137525e-33
4,lbfgs,2129,1776.0,2736.3999999999996,3.434073651364306e-08,3.3832356023297716e-08,5.607115343977916e-10,1.3350606424076331e-08,1.9921038064823596e-08,3.585820354550007e-10,0.0,1.2818406299292786e-21,1.9043336631473712e-32,2.568056641069622e-33
5,adam,0,2736.3999999999996,4080.959999999999,0.10882851676687381,0.08162138750653072,0.0002777777503530703,0.058807599085453625,0.022536010670724027,0.02720712916884357,0.0,1.4772801425151075e-16,1.960020419595968e-30,2.499999999999994e-31
5,adam,24,2736.3999999999996,4080.959999999999,0.02544453025282869,0.011965475052964922,7.489094581378831e-05,0.007683302692034826,0.004207281415116308,0.013479055106492126,0.0,1.2690799927303664e-17,2.7133994236625696e-31,4.6923941832716835e-32
5,adam,49,2736.3999999999996,4080.959999999999,0.020122726359701155,0.007226851022392379,1.3077505518270498e-06,0.004411846811594866,0.0028136964602456867,0.012895875241031926,0.0,1.4973620092410042e-19,1.6581239387173715e-31,3.0536943568563874e-32
5,adam,74,2736.3999999999996,4080.959999999999,0.01750870595777405,0.004996253758265405,2.745744185315879e-06,0.0031101850011455716,0.0018833230129345177,0.012512452099509215,0.0,3.40587766788002e-19,1.19296240656872e-31,1.9818562447981398e-32
5,adam,99,2736.3999999999996,4080.959999999999,0.016246210775815062,0.00428496331238398,2.0440996986420827e-06,0.0027824881026287116,0.0015004311100566263,0.011961247359863226,0.0,3.250854186662627e-19,9.481844570752125e-32,1.7803024237231145e-32
5,adam,124,2736.3999999999996,4080.959999999999,0.015578162374112145,0.003953927131093309,5.936078579465012e-07,0.0026334932652703033,0.0013198402579650591,0.011624235136877874,0.0,9.063528174247681e-20,8.286662127089263e-32,1.5920389524500396e-32
5,adam,149,2736.3999999999996,4080.959999999999,0.014902775669440777,0.0036483479652789355,2.936877757663332e-07,0.0024521025500378363,0.0011959517274653328,0.01125442759588892,0.0,4.605246066638924e-20,7.498852246304931e-32,1.4764982741079e-32
5,adam,174,2736.3999999999996,4080.959999999999,0.01354811316114357,0.0029562781997323467,3.3794256827459836e-07,0.0019692350981470527,0.000986705159017019,0.010591834850282887,0.0,5.996306237184344e-20,6.65938977545707e-32,1.27324070062638e-32
5,adam,199,2736.3999999999996,4080.959999999999,0.011356592875815521,0.0018520766283129705,5.253816052449623e-07,0.0011203846775288974,0.0007311665691788282,0.009504516132693057,0.0,1.0653287743149913e-19,5.482132093444259e-32,8.369700830404444e-33
5,adam,224,2736.3999999999996,4080.959999999999,0.009527208903856579,0.0014414935567731528,2.041735503601259e-07,0.0009144138759177485,0.0005268755073050442,0.008085715229092832,0.0,4.492199286394423e-20,5.184685127226489e-32,7.559462481414473e-33
5,adam,249,2736.3999999999996,4080.959999999999,0.007884837114902083,0.0010673881722754216,3.7039968705324344e-07,0.0006906740350516907,0.00037634373753667763,0.006817448820610017,0.0,1.12169900665171e-19,4.501072685458303e-32,6.577790478750773e-33
5,adam,274,2736.3999999999996,4080.959999999999,0.006580056713904952,0.0008370126202466363,3.7275310856044596e-07,0.0005604816081842443,0.00027615825895383156,0.005743043967390851,0.0,1.0735871565291943e-19,4.0648302865885486e-32,5.6931605443364027e-33
5,adam,299,2736.3999999999996,4080.959999999999,0.005549976411261472,0.0006887940211332154,2.2527625115868969e-07,0.00047732910311235207,0.0002112396417697046,0.0048611822600036015,0.0,6.047284761443593e-20,3.7321966428124394e-32,5.0121924268767144e-33
5,adam,324,2736.3999999999996,4080.959999999999,0.00476276872157723,0.0006084308889582669,1.5618911345723538e-07,0.00043345413552535505,0.00017482056431945462,0.004154337699621232,0.0,4.3434786971366364e-20,3.3941443950337606e-32,4.878322341761749e-33
5,adam,349,2736.3999999999996,4080.959999999999,0.004137130010301986,0.0005707187403740266,1.498220300572898e-07,0.00042645294942460704,0.00014411596891936228,0.003566411134369554,0.0,4.472435196994213e-20,3.1661968674964276e-32,4.709937920043886e-33
5,adam,374,2736.3999999999996,4080.959999999999,0.0034855066038204097,0.0004557695675116886,9.111073949321804e-08,0.00030831024994219965,0.00014736820682999572,0.003029736898594615,0.0,3.1920231144551715e-20,2.992097476571554e-32,3.930462709544008e-33
5,adam,399,2736.3999999999996,4080.959999999999,0.002994273872587595,0.00039518588762985275,6.090533047310853e-08,0.00025960379187087564,0.000135521190428504,0.0025990878450278007,0.0,1.8811003690989765e-20,2.868868721232762e-32,3.727287738203398e-33
5,adam,424,2736.3999999999996,4080.959999999999,0.0025897550549425583,0.0003500064804005189,4.902698633663801e-08,0.0002067207086772407,0.00014323674473694156,0.0022397484325874036,0.0,1.540552686806724e-20,2.4102165133728046e-32,3.0664381117655978e-33
5,adam,449,2736.3999999999996,4080.959999999999,0.0022334635901435215,0.00030233467719031405,3.653104222714923e-08,0.00017572477523286433,0.00012657337091522255,0.0019311287692266317,0.0,9.345359544357721e-21,2.298131138346372e-32,3.208347237009811e-33
5,adam,474,2736.3999999999996,4080.959999999999,0.002081696191429854,0.0003817055815297835,5.3913426620023907e-08,0.00020637801394240299,0.00017527365416076046,0.0016999904644031483,0.0,1.7894265884245643e-20,2.267722896822934e-32,2.1360812691373985e-33
5,adam,499,2736.3999999999996,4080.959999999999,0.0017237642068089057,0.0002672844380979669,2.668862590147349e-08,0.0001316623774119908,0.00013559537206007458,0.0014564796219909855,0.0,5.8986447602247514e-21,2.1137524591744079e-32,2.720634878001936e-33
5,adam,524,2736.3999999999996,4080.959999999999,0.0014767072520842088,0.00021866843329366363,2.1826732106386294e-08,0.00011804171617844758,0.00010060489038310965,0.0012580386705795788,0.0,2.526490628189227e-21,2.095112568130085e-32,2.892133189885772e-33
5,adam,549,2736.3999999999996,4080.959999999999,0.0012740966582124073,0.00019177075012806268,2.2626119731706124e-08,0.00010069833104770978,9.104979296062119e-05,0.0010823257583431648,0.0,2.3355692122646135e-21,2.0276397083024838e-32,2.7588509303557086e-33
5,adam,574,2736.3999999999996,4080.959999999999,0.001118491552949043,0.00018525341645576383,2.2534440723783582e-08,9.070817998392708e-05,9.452270203111298e-05,0.0009332379852383175,0.0,2.3886481737374393e-21,2.0125308985996006e-32,2.167579867410948e-33
5,adam,599,2736.3999999999996,4080.959999999999,0.0009622751015191224,0.00015762572969582833,2.1566071164415774e-08,8.74196732791271e-05,7.018449034553683e-05,0.000804649219165167,0.0,2.1353573540915576e-21,1.824286465429728e-32,2.8152336768975767e-33
5,adam,624,2736.3999999999996,4080.959999999999,0.0008255266737914665,0.00014564560560156997,1.6331746141242554e-08,6.888835199936953e-05,7.67409218560592e-05,0.0006798809142133337,0.0,1.754187741397981e-21,2.0384961127222336e-32,2.360133574840777e-33
5,adam,649,2736.3999999999996,4080.959999999999,0.0007528666271934767,0.00014710404115086348,1.8537690459560406e-08,6.670234058305648e-05,8.038316287734744e-05,0.0006057624308430655,0.0,1.986504797177112e-21,2.0715796650079596e-32,2.058403617512312e-33
5,adam,674,2736.3999999999996,4080.959999999999,0.00065572353201578,0.00013946027642396683,1.6180208525427074e-08,8.062351497885649e-05,5.882058123658492e-05,0.0005162630992553064,0.0,1.8461584151286236e-21,1.870390988533274e-32,2.9304728825389253e-33
5,adam,699,2736.3999999999996,4080.959999999999,0.0005385801236652233,0.0001105149326908376,9.476639686129445e-09,5.9532607788858805e-05,5.097284826229267e-05,0.0004280650335392209,0.0,1.4128445616684464e-21,1.9190920872052218e-32,2.2071719679218176e-33
5,adam,724,2736.3999999999996,4080.959999999999,0.00046769788547433225,0.00010264160594689167,9.97017431247165e-09,5.3985382009162265e-05,4.864625376341693e-05,0.00036505612106460457,0.0,1.4321699989739266e-21,1.8134322014717836e-32,2.6629739237460256e-33
5,adam,749,2736.3999999999996,4080.959999999999,0.0010076736526608541,0.0004564673171771345,7.273017756969899e-07,0.00021348187410946652,0.000242258141291971,0.0005512061759291436,0.0,1.7984424842036397e-19,2.1233107640378747e-32,1.247594839111401e-33
5,adam,774,2736.3999999999996,4080.959999999999,0.00042116125718688364,0.00014357281576272374,1.3458455490764191e-08,9.065203186678605e-05,5.290732544044693e-05,0.00027758828113613477,0.0,3.30723908179362e-21,1.6579107550069428e-32,2.74082852827611e-33
5,adam,799,2736.3999999999996,4080.959999999999,0.0006926090173030024,0.0004056466111486834,2.1060891231043434e-08,0.00026709555947214463,0.0001385299907853077,0.00028696224490783157,0.0,5.249675831375821e-21,1.8498253425643416e-32,4.856722038954186e-33
5,adam,824,2736.3999999999996,4080.959999999999,0.00030831330147028754,0.00011409231973765022,8.362518372083879e-09,6.83474718546759e-05,4.5736485364602246e-05,0.00019422081963504285,0.0,2.2539727749971986e-21,1.4822383349772301e-32,2.3946432595379365e-33
5,adam,849,2736.3999999999996,4080.959999999999,0.00022809159999892558,6.488077835732663e-05,7.108793530280652e-09,3.050437121769104e-05,3.436929834610532e-05,0.0001632106587601863,0.0,1.9798562416431177e-21,1.6179148697676066e-32,2.2762853240843018e-33
5,adam,874,2736.3999999999996,4080.959999999999,0.00019480668679481436,5.7769748116782934e-05,4.0283446004560706e-09,2.4576155872430163e-05,3.3189563899752315e-05,0.00013703677505046038,0.0,1.158473318875e-21,1.5811309779077115e-32,2.212808328632101e-33
5,adam,899,2736.3999999999996,4080.959999999999,0.00016801407627083106,5.293619914684821e-05,4.8572672738925e-09,2.2522778003385063e-05,3.0408563876189255e-05,0.00011507771276325245,0.0,1.3265593352677708e-21,1.5715533473598848e-32,2.169356506332725e-33
5,adam,924,2736.3999999999996,4080.959999999999,0.00014521470857458432,4.868839068435585e-05,5.581726456140805e-09,2.0795197164286715e-05,2.7887611793612996e-05,9.652615281779266e-05,0.0,1.5362407171271583e-21,1.5560011680437847e-32,2.1605927199508e-33
5,adam,949,2736.3999999999996,4080.959999999999,0.0001257135488746526,4.484116950729234e-05,6.242544549290452e-09,1.9169252614568317e-05,2.566567434817473e-05,8.087221361130583e-05,0.0,1.7115954480400934e-21,1.5429587412816157e-32,2.149108422967339e-33
5,adam,974,2736.3999999999996,4080.959999999999,0.00010901784907639069,4.132233030479787e-05,6.777412398661422e-09,1.7737613841752974e-05,2.357793905064624e-05,6.76953523587809e-05,0.0,1.8668711895332363e-21,1.5319811991428568e-32,2.137575992598947e-33
5,adam,999,2736.3999999999996,4080.959999999999,0.00011038675269281604,5.104829214841263e-05,7.63609796463941e-09,2.1603886452201736e-05,2.9436769598246253e-05,5.9338293503533035e-05,0.0,2.016482967349458e-21,1.6096780531496256e-32,1.8261426992926448e-33
5,adam,1024,2736.3999999999996,4080.959999999999,8.52359961560303e-05,3.7116187351938076e-05,7.031358203182264e-09,1.4095377005318062e-05,2.301377898841683e-05,4.8119641166953275e-05,0.0,1.9098093325034294e-21,1.457877890945918e-32,1.8818064843727707e-33
5,adam,1049,2736.3999999999996,4080.959999999999,7.654129421931288e-05,3.6294380068444316e-05,7.14894220718722e-09,1.4550035547725157e-05,2.1737195578511975e-05,4.024674594336081e-05,0.0,1.9415461331800325e-21,1.454665089002885e-32,1.8603560482988147e-33
5,adam,1074,2736.3999999999996,4080.959999999999,7.552441006651544e-05,3.924091835096836e-05,7.491941804007907e-09,1.558192705431392e-05,2.3651499354850433e-05,3.628332297071434e-05,0.0,1.9729914562272334e-21,1.4816689015589244e-32,1.7629043454436225e-33
5,adam,1099,2736.3999999999996,4080.959999999999,0.0001447002640419006,9.777420974976046e-05,6.75904920979096e-09,5.7224986310951037e-05,4.054246438959964e-05,4.6925885026390954e-05,0.0,1.9302465349211197e-21,1.335937749702602e-32,3.1839264530626184e-33
5,adam,1124,2736.3999999999996,4080.959999999999,5.594092086159589e-05,3.0067548592294827e-05,5.606832457407214e-09,1.5745195442208698e-05,1.4316746317628723e-05,2.587320251721192e-05,0.0,1.6769053697686222e-21,1.3602446185666488e-32,2.3457123133257376e-33
5,adam,1149,2736.3999999999996,4080.959999999999,4.691370426288931e-05,2.617848607126677e-05,5.291951840330298e-09,1.3783164149754426e-05,1.2390029969672013e-05,2.0735047968257568e-05,0.0,1.648503262541359e-21,1.3680213588832192e-32,2.229480531294114e-33
5,adam,1174,2736.3999999999996,4080.959999999999,4.493725259738413e-05,2.7345472178540716e-05,5.446776840386964e-09,1.1021610801514817e-05,1.6318414600185515e-05,1.759160974889843e-05,0.0,1.6333153599517501e-21,1.442064087326896e-32,1.8420963374114376e-33
5,adam,1199,2736.3999999999996,4080.959999999999,3.639643035233156e-05,2.2763690404144376e-05,6.378552250871705e-09,1.1451350328500322e-05,1.1305961523393183e-05,1.363256884611433e-05,0.0,1.7595241784321207e-21,1.3795709946950815e-32,2.0179903653909127e-33
5,adam,1224,2736.3999999999996,4080.959999999999,7.448757220547443e-05,5.4364261928212074e-05,7.399299815866453e-09,3.81256997626837e-05,1.6231162865712508e-05,2.012313874206408e-05,0.0,2.3659835755385286e-21,1.476115255585228e-32,2.8776444329370324e-33
5,adam,1249,2736.3999999999996,4080.959999999999,3.681365986497574e-05,2.462000237111023e-05,6.6062339033167385e-09,1.2057549772291643e-05,1.255584636491527e-05,1.2193485556972405e-05,0.0,2.132217301866061e-21,1.5080250562068395e-32,2.5370130625098253e-33
5,adam,1274,2736.3999999999996,4080.959999999999,7.676286080355404e-05,6.328064439866377e-05,7.98970351281376e-09,1.5817725519899046e-05,4.745492917525191e-05,1.3482044078674417e-05,0.0,2.445626353641983e-21,1.5698598103530945e-32,1.7136987048337224e-33
5,adam,1299,2736.3999999999996,4080.959999999999,0.0003285092546027965,0.0002637169535271882,7.579925813550641e-09,0.0001622759942863332,0.00010143337931504142,6.479212836281948e-05,0.0,2.2889541751031873e-21,1.511890961232594e-32,4.6993640080362974e-33
5,adam,1324,2736.3999999999996,4080.959999999999,0.00023109520750109333,0.00021219806392836266,7.482697863925505e-08,4.370195373214926e-05,0.00016842128321757415,1.8896970375812435e-05,0.0,1.0341266971760964e-20,1.5038758293393435e-32,1.2429030606693366e-33
5,adam,1349,2736.3999999999996,4080.959999999999,0.0001750351400321408,0.00016579658660875399,6.18254545269421e-08,0.00014930039776950616,1.643436338472086e-05,9.238379792640073e-06,0.0,8.35984276149299e-21,1.5653412137225762e-32,2.9140700240838387e-33
5,adam,1374,2736.3999999999996,4080.959999999999,4.4452098958095184e-05,3.731131127520454e-05,4.073519722647418e-08,2.2988687635387833e-05,1.4281888442590234e-05,7.1406136028874575e-06,0.0,1.2389625028770582e-20,1.4202735161539045e-32,2.3500124216836844e-33
5,adam,1399,2736.3999999999996,4080.959999999999,2.043227378981542e-05,1.5332141823231244e-05,9.774254609231473e-09,8.364159827022756e-06,6.958207741599256e-06,5.099957491386522e-06,0.0,3.7724151418092925e-21,1.544956900795328e-32,2.2247798432711347e-33
5,lbfgs,1400,2736.3999999999996,4080.959999999999,2.3260761988615517e-05,1.7101089434830602e-05,1.1876207920467532e-08,9.713642670279415e-06,7.375570556630719e-06,6.159498061861331e-06,0.0,4.167085054701106e-21,1.3670817407785805e-32,2.1821281666321554e-33
5,lbfgs,1409,2736.3999999999996,4080.959999999999,1.7236175936044856e-05,1.4689097906992105e-05,1.1821338084086546e-08,7.2527875328695805e-06,7.424489036038438e-06,2.546903497175672e-06,0.0,4.580729259153588e-21,1.3590106348886104e-32,2.0540135800764706e-33
5,lbfgs,1419,2736.3999999999996,4080.959999999999,8.43267123727739e-06,8.198346854370783e-06,9.845086337924998e-09,1.9403430526794066e-06,6.2481587153534525e-06,2.3414956407392114e-07,0.0,3.187128860190133e-21,1.3779553329635685e-32,2.0746102688087597e-33
5,lbfgs,1429,2736.3999999999996,4080.959999999999,5.4516177485844706e-06,5.384263363013705e-06,7.84490372821907e-09,1.6180630325285106e-06,3.758355426756975e-06,6.717915803165631e-08,0.0,2.6444680287590987e-21,1.3887227706221493e-32,2.002530727215613e-33
5,lbfgs,1439,2736.3999999999996,4080.959999999999,3.2151029689456836e-06,2.9922790035824396e-06,8.475750118265907e-09,1.286978803781325e-06,1.696824449682849e-06,2.2264857352565047e-07,0.0,3.54898109900744e-21,1.3856147860278222e-32,2.0150643122645858e-33
5,lbfgs,1449,2736.3999999999996,4080.959999999999,2.126821062856097e-06,2.1116187558949545e-06,9.772640875518091e-09,6.516278106236826e-07,1.4502183043957537e-06,1.5026675143228095e-08,0.0,3.9604967593174384e-21,1.3855032305257192e-32,1.9651164309421018e-33
5,lbfgs,1459,2736.3999999999996,4080.959999999999,1.296533850210124e-06,1.2233879193713608e-06,9.294049089912418e-09,4.565232746803123e-07,7.575705956011361e-07,7.297024880217325e-08,0.0,3.1543380920301174e-21,1.4104268955078917e-32,1.988590330054268e-33
5,lbfgs,1469,2736.3999999999996,4080.959999999999,1.0652582019521928e-06,1.02174509455878e-06,6.683305060912597e-09,3.5492455789136815e-07,6.601372316064993e-07,4.3337339111675965e-08,0.0,2.37304451341775e-21,1.4078042824571508e-32,1.987909283825348e-33
5,lbfgs,1479,2736.3999999999996,4080.959999999999,8.115613755308997e-07,7.883189287509063e-07,5.948472934434185e-09,3.465470787219128e-07,4.358233770945593e-07,2.306662994275857e-08,0.0,2.3306885270613132e-21,1.4189844133842693e-32,1.9731394079346238e-33
5,lbfgs,1489,2736.3999999999996,4080.959999999999,5.420647582469945e-07,5.361138654662754e-07,5.76872936273956e-09,2.859411487054552e-07,2.444039873980806e-07,5.775032079217543e-09,0.0,2.4178529564165923e-21,1.418958995259888e-32,1.9935423180568e-33
5,lbfgs,1499,2736.3999999999996,4080.959999999999,4.474809852405989e-07,4.3054242589081174e-07,8.317376735443292e-09,2.4299628131293897e-07,1.7922876784242943e-07,1.6762656962866697e-08,0.0,3.0323297439197936e-21,1.4260345618237516e-32,1.98575421238428e-33
5,lbfgs,1509,2736.3999999999996,4080.959999999999,2.998200979733426e-07,2.9198665955749963e-07,6.018208217336445e-09,1.371510196765406e-07,1.4881743166362263e-07,7.657573326850105e-09,0.0,2.0887222216121297e-21,1.4169435834616424e-32,1.9888454590044306e-33
5,lbfgs,1519,2736.3999999999996,4080.959999999999,2.496145535799223e-07,2.3564129570937463e-07,4.046165894416981e-09,9.998155635509485e-08,1.316135734598628e-07,1.3797361663108506e-08,0.0,1.6283558618625228e-21,1.4140328644668464e-32,1.982550287631957e-33
5,lbfgs,1529,2736.3999999999996,4080.959999999999,2.013781756673315e-07,1.9227724761775361e-07,7.177240557384575e-09,9.711939341094695e-08,8.79806136494221e-08,8.925072780164827e-09,0.0,2.5438036282919347e-21,1.4109193458815914e-32,1.9857679886839546e-33
5,lbfgs,1539,2736.3999999999996,4080.959999999999,1.71940740233555e-07,1.5819853544330995e-07,5.287160328024767e-09,7.950523584274326e-08,7.340613927254191e-08,1.3566324706187124e-08,0.0,2.0579598246722637e-21,1.4121061151409786e-32,1.987908894657842e-33
5,lbfgs,1549,2736.3999999999996,4080.959999999999,1.4673822235615722e-07,1.4234556259303074e-07,4.440055727277471e-09,6.507455698710638e-08,7.283094987864686e-08,4.216795762539428e-09,0.0,1.6724111930980474e-21,1.4110232192266452e-32,1.9928921187356502e-33
5,lbfgs,1559,2736.3999999999996,4080.959999999999,1.3500287195610746e-07,1.2522799363971045e-07,3.3782204990557887e-09,5.992661542243669e-08,6.192315771821798e-08,9.598973715737777e-09,0.0,1.1331256630834452e-21,1.410095686542377e-32,1.989388645473504e-33
5,lbfgs,1569,2736.3999999999996,4080.959999999999,1.0357442608959767e-07,9.969517376205008e-08,1.0072648098378298e-08,4.365092716201568e-08,4.59715985016561e-08,3.7033645531550374e-09,0.0,3.40601698237147e-21,1.410710943825093e-32,1.9911883376726036e-33
5,lbfgs,1579,2736.3999999999996,4080.959999999999,9.286159018347065e-08,9.025505320557264e-08,7.75611820573377e-09,4.023844037521527e-08,4.226049462462361e-08,2.4306229757329355e-09,0.0,2.6002160613976834e-21,1.410565754706497e-32,1.9932475144211074e-33
5,lbfgs,1589,2736.3999999999996,4080.959999999999,8.233998610163833e-08,8.08767032626727e-08,4.192447150122114e-09,3.404354169914309e-08,4.26407144134075e-08,1.2873741838405912e-09,0.0,1.5188938593099247e-21,1.4126968005998215e-32,1.9906342138972372e-33
5,lbfgs,1599,2736.3999999999996,4080.959999999999,7.539405553405571e-08,7.409825000185467e-08,2.0362535327596616e-09,3.336840662531796e-08,3.869358984377706e-08,1.1198904211901602e-09,0.0,6.906573088898998e-22,1.412798050724997e-32,1.9913914958095454e-33
5,lbfgs,1609,2736.3999999999996,4080.959999999999,7.35379932708449e-08,7.23032075781809e-08,2.17022336812372e-09,3.251614980436252e-08,3.761683440569465e-08,1.0588596717240293e-09,0.0,7.597715181894144e-22,1.412526814881649e-32,1.9909087833709604e-33
5,lbfgs,1619,2736.3999999999996,4080.959999999999,7.14644300589711e-08,7.029796273895888e-08,2.0913581952910485e-09,3.07722280651163e-08,3.7434376478551536e-08,9.905431905862636e-10,0.0,7.259823003412973e-22,1.4126907812086295e-32,1.9893817199142e-33
5,lbfgs,1629,2736.3999999999996,4080.959999999999,6.515918167959578e-08,6.373886984316407e-08,2.015317992376268e-09,2.7154741769987625e-08,3.4568810080800176e-08,1.2443661505327942e-09,0.0,6.252857573635892e-22,1.414469485542441e-32,1.991965390524208e-33
5,lbfgs,1639,2736.3999999999996,4080.959999999999,6.017308323762668e-08,5.953379459330837e-08,2.262975150353308e-09,2.338417752960334e-08,3.388664191335173e-08,4.633338212295867e-10,0.0,6.415560270092998e-22,1.4150726753681557e-32,1.9921409258767613e-33
5,lbfgs,1649,2736.3999999999996,4080.959999999999,5.336287999435331e-08,5.2884395882041166e-08,2.009829921623228e-09,1.8595648635919144e-08,3.227891732449879e-08,3.025169672983722e-10,0.0,6.214170373113114e-22,1.4130870731459165e-32,1.989929666136874e-33
5,lbfgs,1659,2736.3999999999996,4080.959999999999,5.273834880166519e-08,5.203359326126597e-08,1.8428307922802042e-09,1.7664179484501588e-08,3.2526582984484176e-08,5.287842690578422e-10,0.0,5.293123534037812e-22,1.413668148015773e-32,1.989865823266928e-33
5,lbfgs,1669,2736.3999999999996,4080.959999999999,5.0884378093957655e-08,5.053871820243394e-08,2.002164296522355e-09,1.7882311749093652e-08,3.0654242156817935e-08,1.6968023518848103e-10,0.0,5.277757542127533e-22,1.4138740636450665e-32,1.9890224054067428e-33
5,lbfgs,1679,2736.3999999999996,4080.959999999999,4.959873876594998e-08,4.89321150433249e-08,2.2344272365385124e-09,1.7804633277851796e-08,2.889305452893459e-08,4.906458585996136e-10,0.0,5.456442204515908e-22,1.4138584487743093e-32,1.9894590839266547e-33
5,lbfgs,1689,2736.3999999999996,4080.959999999999,4.4431807693403046e-08,4.386087820669055e-08,1.7647771112664838e-09,1.8472112211674415e-08,2.3623988883749655e-08,3.949412446309299e-10,0.0,4.811267073176735e-22,1.414156777883039e-32,1.9884192872919846e-33
5,lbfgs,1699,2736.3999999999996,4080.959999999999,4.2896271737920836e-08,4.253681309433577e-08,2.021275115108633e-09,1.8257323838634327e-08,2.225821414059281e-08,1.834631673706243e-10,0.0,6.57862625904433e-22,1.4143083560622503e-32,1.9876384563221462e-33
5,lbfgs,1709,2736.3999999999996,4080.959999999999,4.1048795752203754e-08,4.074712656523136e-08,1.825772203033669e-09,1.7647562122910466e-08,2.1273792239287227e-08,1.2567292326980073e-10,0.0,5.554188672203815e-22,1.4145356886443176e-32,1.9879911946842174e-33
5,lbfgs,1719,2736.3999999999996,4080.959999999999,4.0076681700350064e-08,3.9762693412737855e-08,1.7515297165558046e-09,1.7188691823506356e-08,2.0822471872675693e-08,1.3799209013778506e-10,0.0,5.049817334259059e-22,1.4145629858283577e-32,1.9881057583145595e-33
5,lbfgs,1729,2736.3999999999996,4080.959999999999,3.936705107431569e-08,3.904277424998497e-08,1.7188344625544667e-09,1.6807741351388826e-08,2.0516198436041676e-08,1.4828040067505282e-10,0.0,4.774502342085988e-22,1.41457712827415e-32,1.9881043315050857e-33
5,lbfgs,1739,2736.3999999999996,4080.959999999999,3.879743461140017e-08,3.8466446365880195e-08,1.7005909946402774e-09,1.648877722439403e-08,2.0277078146845885e-08,1.5499151457256479e-10,0.0,4.609362167133888e-22,1.4145891402967896e-32,1.988071828590238e-33
5,lbfgs,1749,2736.3999999999996,4080.959999999999,3.831681592114134e-08,3.7981785978494026e-08,1.6847025970966541e-09,1.6219768824329666e-08,2.0077314557067704e-08,1.5903288663839503e-10,0.0,4.491170323721687e-22,1.4146015213110737e-32,1.988033928228142e-33
5,lbfgs,1759,2736.3999999999996,4080.959999999999,3.789785297638974e-08,3.756062173365134e-08,1.6664240913722247e-09,1.5990310477467604e-08,1.990388716481151e-08,1.6123386222220138e-10,0.0,4.389522227276069e-22,1.414614720939754e-32,1.9879981857240514e-33
5,lbfgs,1769,2736.3999999999996,4080.959999999999,3.7524444736240206e-08,3.718622183254242e-08,1.644583541521952e-09,1.5792190499387307e-08,1.9749447791633155e-08,1.6222520417029112e-10,0.0,4.291639919340015e-22,1.4146286213910782e-32,1.9879663652768568e-33
5,lbfgs,1779,2736.3999999999996,4080.959999999999,3.718654160212439e-08,3.6848067272993695e-08,1.6195303384759633e-09,1.561919826399988e-08,1.960933867051785e-08,1.6247631690731323e-10,0.0,4.193288601062752e-22,1.4146429887096892e-32,1.987938458875975e-33
5,lbfgs,1789,2736.3999999999996,4080.959999999999,3.687751025347712e-08,3.6539182043727076e-08,1.5921191818549572e-09,1.5466669223236072e-08,1.948039363863605e-08,1.6232989079672087e-10,0.0,4.0939705693701173e-22,1.414657604031838e-32,1.9879139960482637e-33
5,lbfgs,1799,2736.3999999999996,4080.959999999999,3.6592715300262454e-08,3.625468705430649e-08,1.5632538846241016e-09,1.5331064112379862e-08,1.9360369057302524e-08,1.6202962567256556e-10,0.0,3.9945707770921895e-22,1.4146722932092724e-32,1.9878924529284958e-33
5,lbfgs,1809,2736.3999999999996,4080.959999999999,3.632873761108096e-08,3.5990995356492334e-08,1.5337110033066173e-09,1.52096508351347e-08,1.9247633518051015e-08,1.617433378765971e-10,0.0,3.896286879908284e-22,1.4146869261035766e-32,1.9878733652048146e-33
5,lbfgs,1819,2736.3999999999996,4080.959999999999,3.608293461374131e-08,3.574535335597581e-08,1.5040937553659319e-09,1.510027989062821e-08,1.914097970998167e-08,1.615820491572685e-10,0.0,3.8001951012511794e-22,1.4147014085227362e-32,1.987856347329392e-33
5,lbfgs,1829,2736.3999999999996,4080.959999999999,3.585318646886906e-08,3.55155717165763e-08,1.4748409269463652e-09,1.5001229005894115e-08,1.9039501783735816e-08,1.616152560732059e-10,0.0,3.7071138157779184e-22,1.4147156737829064e-32,1.987841084906507e-33
5,lbfgs,1839,2736.3999999999996,4080.959999999999,3.5637744451200616e-08,3.529986192623716e-08,1.4462547834567661e-09,1.491109547596487e-08,1.8942511666815527e-08,1.6188274526563692e-10,0.0,3.6175959246636665e-22,1.4147296756847997e-32,1.9878273216534818e-33
5,lbfgs,1849,2736.3999999999996,4080.959999999999,3.543513642199136e-08,3.5096732876946955e-08,1.4185319165817821e-09,1.4828720635876906e-08,1.8849480324488263e-08,1.6240348591923784e-10,0.0,3.531969075698561e-22,1.4147433830929672e-32,1.9878148472196352e-33
5,lbfgs,1859,2736.3999999999996,4080.959999999999,3.524410490366645e-08,3.490492239196136e-08,1.3917906715449166e-09,1.4753135928469734e-08,1.8759995791946708e-08,1.6318217716898006e-10,0.0,3.450387101253524e-22,1.414756775877488e-32,1.987803487276554e-33
5,lbfgs,1869,2736.3999999999996,4080.959999999999,3.506356434184385e-08,3.472334975039174e-08,1.3660933040181136e-09,1.468352361101122e-08,1.86737328353624e-08,1.642139855178363e-10,0.0,3.3728776716947605e-22,1.414769841915226e-32,1.9877930958314178e-33
5,lbfgs,1879,2736.3999999999996,4080.959999999999,3.4892570106959154e-08,3.455108131017634e-08,1.3414629456266876e-09,1.4619187526188426e-08,1.8590430838361227e-08,1.6548792347782575e-10,0.0,3.299381270718939e-22,1.4147825748867947e-32,1.9877835493620912e-33
5,lbfgs,1889,2736.3999999999996,4080.959999999999,3.4730295020481083e-08,3.4387304655406996e-08,1.3178961575757318e-09,1.4559530912769143e-08,1.8509877585062123e-08,1.6698922844996315e-10,0.0,3.2297810093074866e-22,1.414794972662416e-32,1.9877747423566625e-33
5,lbfgs,1899,2736.3999999999996,4080.959999999999,3.4576010955241805e-08,3.4231308542524486e-08,1.2953719982442077e-09,1.4504039234186183e-08,1.8431897310094096e-08,1.6870101685293446e-10,0.0,3.163924472677365e-22,1.4148070361204675e-32,1.987766583910203e-33
5,lbfgs,1909,2736.3999999999996,4080.959999999999,3.442907403457083e-08,3.4082466964757964e-08,1.2738584514163546e-09,1.4452266654764429e-08,1.8356341858577184e-08,1.7060541881334899e-10,0.0,3.101639230455266e-22,1.4148187682834323e-32,1.9877589951111363e-33
5,lbfgs,1919,2736.3999999999996,4080.959999999999,3.42889125019672e-08,3.3940226256013773e-08,1.2533169108069195e-09,1.4403825220043248e-08,1.828308412516361e-08,1.7268434394638633e-10,0.0,3.0427435571418937e-22,1.41483017368625e-32,1.9877519070162732e-33
5,lbfgs,1929,2736.3999999999996,4080.959999999999,3.415501664838733e-08,3.3804094512280126e-08,1.2337052606894299e-09,1.435837608084151e-08,1.8212013170749182e-08,1.7491998723726368e-10,0.0,2.9870536505133473e-22,1.414841257914673e-32,1.987745259065879e-33
5,lbfgs,1939,2736.3999999999996,4080.959999999999,3.127133652986918e-08,3.066579578037593e-08,8.248912226496254e-10,1.4089941848499582e-08,1.5750962709226726e-08,4.2952740085645486e-10,0.0,2.058005706015282e-22,1.415312394997761e-32,1.9875486663226268e-33
5,lbfgs,1949,2736.3999999999996,4080.959999999999,3.0908425589160696e-08,3.027157617713981e-08,8.164401228334028e-10,1.3784514265145947e-08,1.567062178916046e-08,4.6083492199665476e-10,0.0,2.0683010778648588e-22,1.4153770814923755e-32,1.9873068738489862e-33
5,lbfgs,1959,2736.3999999999996,4080.959999999999,3.070367343802434e-08,3.003348916826121e-08,8.172948501829707e-10,1.3520148151405935e-08,1.5696046166672303e-08,4.941690557477987e-10,0.0,2.122373664140556e-22,1.41531876740992e-32,1.9873668788117772e-33
5,lbfgs,1969,2736.3999999999996,4080.959999999999,3.058132250527781e-08,2.991079356093605e-08,8.228246721030865e-10,1.3451257877827189e-08,1.5636711011005774e-08,4.945132447516139e-10,0.0,2.1588617026201016e-22,1.415361266075021e-32,1.987354664474126e-33
5,lbfgs,1979,2736.3999999999996,4080.959999999999,3.049248561529008e-08,2.98164362018047e-08,8.255556974757863e-10,1.338921333992066e-08,1.560166716440825e-08,5.00033360185586e-10,0.0,2.1809098753314827e-22,1.4153799088740698e-32,1.9873723166266766e-33
5,lbfgs,1989,2736.3999999999996,4080.959999999999,3.0400067767898364e-08,2.9716436748641275e-08,8.281459531353274e-10,1.3327305300147929e-08,1.556098549535802e-08,5.076146548076525e-10,0.0,2.1987038325050765e-22,1.4154009452642003e-32,1.987365721713792e-33
5,lbfgs,1999,2736.3999999999996,4080.959999999999,3.0337314523457385e-08,2.964772474351195e-08,8.236228356555274e-10,1.3281430276698984e-08,1.5542671631157435e-08,5.13573167314076e-10,0.0,2.1929123045341472e-22,1.4154010754067172e-32,1.9874003654758143e-33
5,lbfgs,2009,2736.3999999999996,4080.959999999999,3.0268524817908075e-08,2.9573933009613916e-08,8.144545758061422e-10,1.3237587629689885e-08,1.5521890804117887e-08,5.185749110536488e-10,0.0,2.17510785946947e-22,1.4154024290118372e-32,1.9874601247522586e-33
5,lbfgs,2019,2736.3999999999996,4080.959999999999,3.0217875963656284e-08,2.9520902884582115e-08,8.118376300115606e-10,1.3204334207815923e-08,1.5504731046754633e-08,5.209560560246667e-10,0.0,2.169283843157406e-22,1.415404685326517e-32,1.987446719922851e-33
5,lbfgs,2029,2736.3999999999996,4080.959999999999,3.016314690335945e-08,2.9461476091222862e-08,8.117476604909845e-10,1.3161048507788607e-08,1.548867992294327e-08,5.256536163900925e-10,0.0,2.169556838347492e-22,1.4154022473812852e-32,1.987403155592647e-33
5,lbfgs,2039,2736.3999999999996,4080.959999999999,3.011934239986804e-08,2.941433820576594e-08,8.038568928654073e-10,1.3141549182965203e-08,1.546893212993533e-08,5.289868705528429e-10,0.0,2.1483223581360803e-22,1.415406040560947e-32,1.987432745493958e-33
5,lbfgs,2049,2736.3999999999996,4080.959999999999,3.008056898082833e-08,2.9373681837868365e-08,7.981371179151363e-10,1.3121943045091569e-08,1.545360167486166e-08,5.308697150387311e-10,0.0,2.1331053885253296e-22,1.415408088982101e-32,1.987444117407617e-33
6,adam,0,4080.959999999999,5963.343999999998,0.10882791271755317,0.0816209344689523,0.0002777776725685446,0.05880714612565972,0.022536010670724027,0.027206978156317414,0.0,1.003799049243736e-17,1.960005322729932e-30,2.499999999999994e-31
6,adam,24,4080.959999999999,5963.343999999998,0.02572326881076939,0.012029518765101131,0.00015807863204559845,0.007376465872340862,0.004494974260714672,0.013693749951731227,0.0,1.1378421133273676e-18,2.562285445031133e-31,5.006164038314426e-32
6,adam,49,4080.959999999999,5963.343999999998,0.020398129404714332,0.007191629809493912,8.411017844020364e-06,0.004512194159717605,0.002671024631932286,0.013206499498781367,0.0,6.575915429869004e-20,1.6322737883895306e-31,2.9274646436520685e-32
6,adam,74,4080.959999999999,5963.343999999998,0.017909658790111707,0.004998108613254481,5.409660865855164e-06,0.0032283887669631592,0.0017643101854254674,0.012911550077301144,0.0,4.7361414095936294e-20,1.2070197304949703e-31,1.8727340404816674e-32
6,adam,99,4080.959999999999,5963.343999999998,0.016641481911295542,0.004061501200066223,3.3390359984712396e-06,0.002619525297061735,0.0014386368670060163,0.012579980608302267,0.0,2.7607263529012987e-20,9.409800498579984e-32,1.5719803002311883e-32
6,adam,124,4080.959999999999,5963.343999999998,0.015914972323509,0.0036381511603757305,1.2543106877222933e-06,0.0024099462433403384,0.00122695060634767,0.012276821057527261,0.0,6.965024493664401e-21,8.069990583919437e-32,1.4206413236177093e-32
6,adam,149,4080.959999999999,5963.343999999998,0.015447627176814402,0.003432072814400376,7.926086538160486e-07,0.0023422226222168238,0.0010890575835297363,0.012015554254733806,0.0,3.79656096522606e-21,7.153685036159046e-32,1.2953107385276856e-32
6,adam,174,4080.959999999999,5963.343999999998,0.015166410226650596,0.003365611895614656,5.315926836804276e-07,0.0023289041688390427,0.0010361761340919326,0.011800798221899644,0.0,2.5046736864083707e-21,6.569882035292348e-32,1.2466381866220293e-32
6,adam,199,4080.959999999999,5963.343999999998,0.01495225180167022,0.0033276124203798834,4.166399885554731e-07,0.0023288562733968007,0.0009983395069945273,0.011624639271003318,0.0,1.860866907118659e-21,6.147911633447042e-32,1.2071440834852195e-32
6,adam,224,4080.959999999999,5963.343999999998,0.014908641742740068,0.0034791296457534334,4.6994299884655565e-07,0.0024095260095655224,0.0010691336931890644,0.011429511985645733,0.0,2.6011340366282036e-21,6.392542687948238e-32,1.2824957792279257e-32
6,adam,249,4080.959999999999,5963.343999999998,0.014658731441739882,0.0033872420144060982,5.78088365527697e-07,0.0023475304204507628,0.001039133505589808,0.011271489314871957,0.0,4.150897978699628e-21,6.101672510847663e-32,1.258163118961163e-32
6,adam,274,4080.959999999999,5963.343999999998,0.014256007426003588,0.0031530407760598,4.6203160752265985e-07,0.0021552914807523777,0.0009972872636998997,0.011102966536024383,0.0,3.91114399926769e-21,5.85127982585915e-32,1.2264404879728835e-32
6,adam,299,4080.959999999999,5963.343999999998,0.01320059436426064,0.0024576475597033304,8.528621261494154e-07,0.001527067740987453,0.0009297269565897279,0.010742946688053675,0.0,6.326764825776727e-21,5.448001983041159e-32,1.1467915096447112e-32
6,adam,324,4080.959999999999,5963.343999999998,0.011561577899679492,0.001687462171379704,1.42145320959809e-06,0.0009296071334050556,0.0007564335847650505,0.009874115608298314,0.0,1.2301913982093956e-20,4.6312149647908883e-32,8.907524331044579e-33
6,adam,349,4080.959999999999,5963.343999999998,0.010053301951251425,0.001251047403376706,6.693584227006802e-07,0.0007049392141485261,0.0005454388308054792,0.008802254423772837,0.0,8.339599627074469e-21,4.0700583138539766e-32,7.092369436694524e-33
6,adam,374,4080.959999999999,5963.343999999998,0.008734078997775355,0.0009837466173463593,2.4945143346259583e-07,0.000576509111255027,0.00040698805465786976,0.0077503322519102665,0.0,3.3715216404875088e-21,3.655150737217986e-32,6.0723391034125344e-33
6,adam,399,4080.959999999999,5963.343999999998,0.007610286851478024,0.000807533269388406,1.4879382194266825e-07,0.0004919909322656182,0.00031539354330084514,0.00680275344947696,0.0,2.1774487757576287e-21,3.356478828979685e-32,5.318567186593658e-33
6,adam,424,4080.959999999999,5963.343999999998,0.00672179092808854,0.0006948156610815056,1.0334682613731822e-07,0.0004290696004010136,0.0002656427138543547,0.006026975130877463,0.0,1.1993936747381615e-21,3.0880798898886393e-32,4.475147362792626e-33
6,adam,449,4080.959999999999,5963.343999999998,0.005873225189451194,0.0005943480877811384,6.274179756647075e-08,0.00037248347919454034,0.00022180186678903162,0.005278876962573207,0.0,7.134964846599867e-22,2.801556395132139e-32,4.426934109462044e-33
6,adam,474,4080.959999999999,5963.343999999998,0.005185180886755466,0.0005291872832829212,4.3421264697529985e-08,0.000328589804617749,0.00020055405740047468,0.004655993461535666,0.0,4.439892781224993e-22,2.6685380197292296e-32,4.051938871539588e-33
6,adam,499,4080.959999999999,5963.343999999998,0.004661143591383751,0.000500797435459555,4.346750162539281e-08,0.00030444419072468134,0.00019630977723324828,0.004160346011441906,0.0,4.401214510070477e-22,2.5642513602748367e-32,3.519468581258113e-33
6,adam,524,4080.959999999999,5963.343999999998,0.004091512528467652,0.00043985028091996664,3.579400503404621e-08,0.00027109262587990374,0.00016872186103502883,0.0036516621008633164,0.0,4.0631789139627374e-22,2.3989071785370946e-32,3.632670936500221e-33
6,adam,549,4080.959999999999,5963.343999999998,0.003733556918826205,0.0004377350682270675,6.252976889031136e-08,0.000290706878027108,0.00014696566043106917,0.00329582170154516,0.0,5.048768749024096e-22,2.2662456250208986e-32,3.966141023993951e-33
6,adam,574,4080.959999999999,5963.343999999998,0.0032619862354807388,0.0003840087982792235,7.253568130696525e-08,0.0002285380126598931,0.00015539824993802346,0.0028779772859248167,0.0,9.148686897804722e-22,2.2469829064905892e-32,2.911039644349787e-33
6,adam,599,4080.959999999999,5963.343999999998,0.0029005113787973534,0.00033771176901605806,7.335873817902649e-08,0.00020565499728642732,0.00013198341299145168,0.0025627994563764806,0.0,8.334231678298579e-22,2.1111903257702867e-32,3.262815528347229e-33
6,adam,624,4080.959999999999,5963.343999999998,0.0027637330424394734,0.0003805957586746593,1.0386228340269115e-07,0.0001998908475888842,0.00018060104880237237,0.0023831371280448083,0.0,1.0245583779684435e-21,2.304688767387323e-32,2.441457201339895e-33
6,adam,649,4080.959999999999,5963.343999999998,0.01253589120765016,0.00795443659457243,4.517248216942194e-07,0.0034013644643070932,0.0045526204054436425,0.004581454445699732,0.0,8.196185412687665e-21,3.408330828216955e-32,5.4368963423902e-33
6,adam,674,4080.959999999999,5963.343999999998,0.0108832774110334,0.006791182332559077,5.18394127799636e-07,0.003307386665096231,0.0034832772733350468,0.0040920949077847425,0.0,1.0662554483315743e-20,1.9992279375004135e-32,2.6188714452288553e-33
6,adam,699,4080.959999999999,5963.343999999998,0.008173878325804396,0.004429230643162487,5.595984906611304e-07,0.0031209784400533036,0.0013076926046185218,0.0037446475118097775,0.0,5.034263213857943e-21,2.154860812392423e-32,2.6198271315316734e-33
6,adam,724,4080.959999999999,5963.343999999998,0.0069454301224249676,0.0034082396390778705,9.803947104826179e-08,0.0027137274337554443,0.0006944141658513776,0.0035371903124932886,0.0,1.3840670369108475e-21,2.16675593323659e-32,2.6058419594357973e-33
6,adam,749,4080.959999999999,5963.343999999998,0.0061042629683400315,0.0027209571774266506,4.213825839404652e-08,0.002153149374076231,0.0005677656650920259,0.003383305619916163,0.0,6.733814631665107e-22,2.3125439804198818e-32,2.4460531780267256e-33
6,adam,774,4080.959999999999,5963.343999999998,0.005504870631597383,0.0022592403554319673,4.6632456050062886e-08,0.0018331459448640945,0.00042604777811182273,0.003245630105012094,0.0,7.826178839760662e-22,2.4296903623619922e-32,2.3812105653197007e-33
6,adam,799,4080.959999999999,5963.343999999998,0.00507265661057406,0.0019545989333166966,5.995178630300287e-08,0.0016007098409559167,0.00035382914057447676,0.0031180575059388226,0.0,1.1765837339970744e-21,2.5295884845891663e-32,2.365562725435053e-33
6,adam,824,4080.959999999999,5963.343999999998,0.004750763033312935,0.0017537988860716533,6.969207333684262e-08,0.0014489262777023088,0.00030480291629600767,0.002996963975707563,0.0,1.4383306420365725e-21,2.730619691771306e-32,2.6148697787984544e-33
6,adam,849,4080.959999999999,5963.343999999998,0.004457302251953155,0.0015783397636284192,8.650305785955924e-08,0.0013073792587451876,0.0002708740018253721,0.002878962316537025,0.0,1.8547624917415887e-21,2.7216148390741374e-32,2.6134259219364892e-33
6,adam,874,4080.959999999999,5963.343999999998,0.004196481159494201,0.0014295448358161102,9.918189407806817e-08,0.0011878792747726256,0.0002415663791494064,0.0027669361515681046,0.0,2.2178626949149663e-21,2.658325256989662e-32,2.6303907962475036e-33
6,adam,899,4080.959999999999,5963.343999999998,0.003958729058049698,0.001295368249228969,1.0419886565787504e-07,0.0010754242816719216,0.0002198397686913896,0.002663360636293703,0.0,2.3539540895566532e-21,2.57080062330083e-32,2.6404506615398452e-33
6,adam,924,4080.959999999999,5963.343999999998,0.003734506152315039,0.001168251212804069,1.0085439684132482e-07,0.0009632048490599138,0.00020494550934731394,0.00256625476648449,0.0,2.182171126973559e-21,2.476203862711795e-32,2.6246758281143743e-33
6,adam,949,4080.959999999999,5963.343999999998,0.003518222911852554,0.0010451428162700299,9.58520002932341e-08,0.0008521618318176397,0.00019288513245209701,0.002473079921992914,0.0,1.932278981626734e-21,2.3782931095954955e-32,2.6136338019718454e-33
6,adam,974,4080.959999999999,5963.343999999998,0.0033107752649187932,0.0009270919521636627,8.991689082108873e-08,0.0007432843932633546,0.000183717642009487,0.0023836831385509517,0.0,1.7578076067824278e-21,2.2978378725594106e-32,2.6395450744761878e-33
6,adam,999,4080.959999999999,5963.343999999998,0.0031178337990001126,0.0008209036871715944,7.915023918815222e-08,0.0006411349362527208,0.00017968960067968548,0.002296929936977162,0.0,1.548486628362392e-21,2.2492615122252325e-32,2.70318863788024e-33
6,adam,1024,4080.959999999999,5963.343999999998,0.002908696890253515,0.0007021756928744212,6.467827852180101e-08,0.0005300881880647291,0.0001720228265311703,0.002206521021864832,0.0,1.1913390217627045e-21,1.999693235053062e-32,2.7120379621892796e-33
6,adam,1049,4080.959999999999,5963.343999999998,0.0027525326060192563,0.000634912178087141,4.9055951421239e-08,0.00046523793929880455,0.00016962518283691528,0.002117620251772864,0.0,8.75676068117934e-22,1.9864185485519258e-32,2.7926290634699405e-33
6,adam,1074,4080.959999999999,5963.343999999998,0.002608990603802867,0.0005803751978724577,3.8611577857798256e-08,0.0004122521899627048,0.0001680843963318951,0.002028615229138796,0.0,6.891712896783709e-22,1.968459160621779e-32,2.872657309619388e-33
6,adam,1099,4080.959999999999,5963.343999999998,0.0024753111587042793,0.0005359277921255748,3.1922773665344345e-08,0.0003688153023839028,0.00016708056696800673,0.0019393831891550497,0.0,5.916894578722688e-22,1.9509814249298526e-32,2.9358906079868915e-33
6,adam,1124,4080.959999999999,5963.343999999998,0.0023493136125269072,0.0004989625319477171,2.689893892672477e-08,0.0003322271249415395,0.00016670850806725084,0.00185035090251746,0.0,5.203202210656143e-22,1.9335683317994588e-32,2.9851604103368365e-33
6,adam,1149,4080.959999999999,5963.343999999998,0.002229796313990246,0.0004674827430959387,2.28647578557147e-08,0.00030032120500977574,0.0001671386733283072,0.001762313392187833,0.0,4.537701991497985e-22,1.9153355361676666e-32,3.024191283124951e-33
6,adam,1174,4080.959999999999,5963.343999999998,0.0021164139614346673,0.0004403238371860674,1.974591715829407e-08,0.00027231553255224115,0.0001679885587166679,0.0016760899448960839,0.0,3.9351514107502e-22,1.8955580409046293e-32,3.056556814634145e-33
6,adam,1199,4080.959999999999,5963.343999999998,0.0020087685512311317,0.0004164770143043154,1.7471429577123932e-08,0.0002482498578770063,0.00016820968499773196,0.0015922913569360788,0.0,3.4347470552821264e-22,1.874076495707392e-32,3.081146864734337e-33
6,adam,1224,4080.959999999999,5963.343999999998,0.0018847271441195692,0.0003863106207282657,1.5143686663855477e-08,0.00022235442368771256,0.00016394105335388928,0.001498416342745146,0.0,2.7939519827443567e-22,1.8135817432557425e-32,3.04591543632191e-33
6,adam,1249,4080.959999999999,5963.343999999998,0.0017857812127571775,0.00036462771826551734,1.3970727424392022e-08,0.00020538524886051335,0.00015922849867757962,0.001421153313261193,0.0,2.53996061135162e-22,1.8005818553777438e-32,3.035300085317154e-33
6,adam,1274,4080.959999999999,5963.343999999998,0.0016903866823946303,0.00034454318174475683,1.3389716308458378e-08,0.00018885860933956717,0.00015567118268888122,0.0013458433188469144,0.0,2.430690945149629e-22,1.77442205536099e-32,3.0255232710556317e-33
6,adam,1299,4080.959999999999,5963.343999999998,0.0015978204669986403,0.0003247990019102084,1.3582437505064724e-08,0.00017300753024917202,0.0001517778892235313,0.001273021282719192,0.0,2.460716649487999e-22,1.7454418507407018e-32,2.9952358276514867e-33
6,adam,1324,4080.959999999999,5963.343999999998,0.0015081386390308148,0.00030515881925871104,1.4517483307248511e-08,0.00015864382642498008,0.0001465004753504237,0.0012029796368394487,0.0,2.6794751876692906e-22,1.7172857521915914e-32,2.947505132502823e-33
6,adam,1349,4080.959999999999,5963.343999999998,0.0014218350870314562,0.00028655825030670116,1.495519693576469e-08,0.00014549200392086477,0.00014105129118890066,0.001135276653225367,0.0,2.8967395649036723e-22,1.6895934204749214e-32,2.8874343417235037e-33
6,adam,1374,4080.959999999999,5963.343999999998,0.0013393734355725048,0.00026928053543452397,2.0097895621862852e-08,0.0001334677861654196,0.00013579265137348253,0.001070092716066872,0.0,3.44241076836483e-22,1.6612564003448403e-32,2.82225774874662e-33
6,adam,1399,4080.959999999999,5963.343999999998,0.0012606167892445508,0.00025275394223514937,1.1937191821409257e-07,0.00012271589214421088,0.00012991867817272444,0.0010078626623629368,0.0,1.247986610783134e-21,1.6325660534380095e-32,2.758498996875067e-33
6,lbfgs,1400,4080.959999999999,5963.343999999998,0.0012836549729664636,0.00027819919408661415,1.7045121377253351e-07,0.00013050903182299788,0.00014751971104984374,0.0010054555942102233,0.0,1.977456167457034e-21,1.5675963194056078e-32,2.901286652217724e-33
6,lbfgs,1409,4080.959999999999,5963.343999999998,0.0005838262232425309,0.00029178813793879214,5.2398588903910355e-06,6.804818498591422e-05,0.00021850009406248688,0.0002920378992007689,0.0,4.6606164125288946e-20,1.4239420766694486e-32,3.982498563808284e-33
6,lbfgs,1419,4080.959999999999,5963.343999999998,0.00011050042273583747,0.00010822778948767624,2.6160905818823453e-08,5.768628413001576e-05,5.0515344451841656e-05,2.27244264862808e-06,0.0,4.373672712097474e-22,1.3431429343583604e-32,2.130582937707632e-33
6,lbfgs,1429,4080.959999999999,5963.343999999998,4.431662711908079e-05,4.277854037856654e-05,1.8498501921289506e-08,1.2282467369308214e-05,3.0477574507337038e-05,1.5378950459281838e-06,0.0,3.037100068590076e-22,1.2159796781302473e-32,1.993623371289659e-33
6,lbfgs,1439,4080.959999999999,5963.343999999998,2.782173818958775e-05,2.734793127048011e-05,1.32801671202832e-08,1.6926055694642827e-05,1.0408595408717004e-05,4.7361532117824617e-07,0.0,2.62825796647073e-22,1.2219462563303537e-32,1.7903931042595282e-33
6,lbfgs,1449,4080.959999999999,5963.343999999998,8.439436460181592e-06,8.325451490164268e-06,1.35411442392099e-08,4.052175815012737e-06,4.25973453091232e-06,1.1379306355014876e-07,0.0,2.538767116357462e-22,1.1525019065504864e-32,1.6468863276972556e-33
6,lbfgs,1459,4080.959999999999,5963.343999999998,5.951886005768508e-06,5.723979022198419e-06,5.5129929251896065e-09,3.1298018652691337e-06,2.588664164004096e-06,2.2771496244219587e-07,0.0,1.2565299120612878e-22,1.1288629014441513e-32,1.6370831500244665e-33
6,lbfgs,1469,4080.959999999999,5963.343999999998,4.978793925432278e-06,4.832948395573804e-06,5.9395981550985526e-09,2.7947931923756784e-06,2.032215605043027e-06,1.4565356929044197e-07,0.0,1.11792286352604e-22,1.1409199998959546e-32,1.6471838828839547e-33
6,lbfgs,1479,4080.959999999999,5963.343999999998,4.110279712486601e-06,4.017720197744486e-06,4.51663030543433e-09,2.2127483446988196e-06,1.8004552227402324e-06,9.236745483276297e-08,0.0,9.343868784412241e-23,1.1406959911667457e-32,1.6371373493336214e-33
6,lbfgs,1489,4080.959999999999,5963.343999999998,2.983756418741805e-06,2.911190181777239e-06,6.904233067174225e-09,1.8204049606558345e-06,1.0838809880542302e-06,7.237413226088417e-08,0.0,1.5488858683524207e-22,1.14428556505133e-32,1.6109116581336495e-33
6,lbfgs,1499,4080.959999999999,5963.343999999998,1.9733910418996917e-06,1.8956435206133986e-06,1.9772218803302496e-08,1.0699687045641029e-06,8.059025972459932e-07,7.755503113414838e-08,0.0,4.099824335086861e-22,1.1565558849390912e-32,1.6200367685902637e-33
6,lbfgs,1509,4080.959999999999,5963.343999999998,1.7345510463671866e-06,1.6942920122552083e-06,4.7307362428138624e-08,9.286845387795178e-07,7.18300111047552e-07,4.0066328530814784e-08,0.0,1.2511487686170422e-21,1.1659962588235274e-32,1.6234581967473246e-33
6,lbfgs,1519,4080.959999999999,5963.343999999998,1.5642031802403376e-06,1.5392041056290206e-06,8.106523391349246e-09,8.913317855879939e-07,6.397657966496774e-07,2.4806252750275227e-08,0.0,1.8233314801459244e-22,1.1693720594067444e-32,1.629333875758869e-33
6,lbfgs,1529,4080.959999999999,5963.343999999998,1.2706313783598806e-06,1.2612638544605556e-06,3.770161326730769e-08,8.418385930386834e-07,3.817236481545644e-07,9.174282741586872e-09,0.0,9.421052548657209e-22,1.1707860282209572e-32,1.619343705425852e-33
6,lbfgs,1539,4080.959999999999,5963.343999999998,8.84035291766575e-07,8.658579856332666e-07,6.150559470153424e-09,6.147876612787418e-07,2.4491976488437137e-07,1.7983423162084028e-08,0.0,1.4073365244879683e-22,1.1669168179891986e-32,1.617680800984878e-33
6,lbfgs,1549,4080.959999999999,5963.343999999998,7.271473662618576e-07,7.233741705419362e-07,4.459813772918936e-09,5.293139670960707e-07,1.8960038967294646e-07,3.578508960245759e-09,0.0,1.1732717067204523e-22,1.1690600119951235e-32,1.6153339768020094e-33
6,lbfgs,1559,4080.959999999999,5963.343999999998,5.725475188797327e-07,5.574617993238621e-07,7.632584501181875e-09,3.898339525527481e-07,1.5999526226993214e-07,1.4890736216450918e-08,0.0,1.1929238446859573e-22,1.1740597586212554e-32,1.6132811923952046e-33
6,lbfgs,1569,4080.959999999999,5963.343999999998,5.099336002972155e-07,4.798426148215345e-07,6.0506252027250675e-09,2.2136881824365533e-07,2.524231713751541e-07,2.9896454161216374e-08,0.0,8.391061425468049e-23,1.1765989157617559e-32,1.614450071788936e-33
6,lbfgs,1579,4080.959999999999,5963.343999999998,3.405738118130924e-07,3.2288464521859253e-07,4.891800292843759e-09,1.6468612425543795e-07,1.5330672067031083e-07,1.7494101277256386e-08,0.0,7.282824596287102e-23,1.1750281593733767e-32,1.6241360795788675e-33
6,lbfgs,1589,4080.959999999999,5963.343999999998,2.6292384081412676e-07,2.5246803715120333e-07,5.321391925811855e-09,1.1005222093300931e-07,1.3709442429238217e-07,1.0260190357006193e-08,0.0,1.0145845186448994e-22,1.1767443273403154e-32,1.621613120176896e-33
6,lbfgs,1599,4080.959999999999,5963.343999999998,1.906468219124552e-07,1.8653545888206762e-07,5.027731833795454e-09,9.682189385182648e-08,8.468583319644569e-08,3.915291010389778e-09,0.0,6.556774433329033e-23,1.1790384876211694e-32,1.6179271020790678e-33
6,lbfgs,1609,4080.959999999999,5963.343999999998,1.480967196341655e-07,1.4531470675705957e-07,8.086420052028415e-09,7.199273997925887e-08,6.523554672577228e-08,2.5860040856998323e-09,0.0,1.2758835769562464e-22,1.1757541004840723e-32,1.619170202183015e-33
6,lbfgs,1619,4080.959999999999,5963.343999999998,1.39899309063234e-07,1.376278694546578e-07,4.454838176553025e-09,7.034663630575065e-08,6.282639497235411e-08,2.075560289305976e-09,0.0,6.876561265080623e-23,1.1762151776140004e-32,1.616921573215818e-33
6,lbfgs,1629,4080.959999999999,5963.343999999998,1.295284496866359e-07,1.2630233753293939e-07,2.2534350773788942e-09,6.908457081607101e-08,5.4964331639489485e-08,3.030168129073225e-09,0.0,2.933188120130694e-23,1.1756721937759587e-32,1.6199618628559688e-33
6,lbfgs,1639,4080.959999999999,5963.343999999998,1.2232746073265357e-07,1.2008237697526563e-07,2.8344246489308062e-09,6.767659664036476e-08,4.9571355685970054e-08,2.0490754429366505e-09,0.0,5.1276288720063435e-23,1.1753320317137897e-32,1.618404538776301e-33
6,lbfgs,1649,4080.959999999999,5963.343999999998,1.046442595544883e-07,1.028592906335352e-07,1.6147445498498352e-09,6.554818251162258e-08,3.569636357206278e-08,1.5887855960648759e-09,0.0,4.1387597314753935e-23,1.17414412616597e-32,1.6155853166456906e-33
6,lbfgs,1659,4080.959999999999,5963.343999999998,9.914162607484782e-08,9.712760426444659e-08,1.832659862585478e-09,6.173036547098223e-08,3.356457893087888e-08,1.817834357060923e-09,0.0,3.8605365532885557e-23,1.1744797487219316e-32,1.6184905450599565e-33
6,lbfgs,1669,4080.959999999999,5963.343999999998,9.331232830449727e-08,9.208550817947253e-08,1.838490967148787e-09,5.439106736733687e-08,3.5855949844986874e-08,1.030670773853197e-09,0.0,3.854244228811988e-23,1.1757975293688586e-32,1.61754275033949e-33
6,lbfgs,1679,4080.959999999999,5963.343999999998,8.483649800544974e-08,8.282107691025655e-08,2.280101797473412e-09,4.599841575297196e-08,3.454255935981119e-08,1.819279044630359e-09,0.0,5.565378401072432e-23,1.1749568886717393e-32,1.6187470661741468e-33
6,lbfgs,1689,4080.959999999999,5963.343999999998,7.624887528263497e-08,7.44789845723006e-08,1.6219433274858834e-09,4.142262601345325e-08,3.143441523136146e-08,1.5735496997278627e-09,0.0,3.7713066213310926e-23,1.1753040475602391e-32,1.617314973805112e-33
6,lbfgs,1699,4080.959999999999,5963.343999999998,7.532984870954485e-08,7.317882088513527e-08,1.5196969461777242e-09,4.076225785958648e-08,3.089686607937106e-08,1.9546605677705896e-09,0.0,3.6591329969993975e-23,1.175130171149453e-32,1.6178407079152326e-33
6,lbfgs,1709,4080.959999999999,5963.343999999998,7.054617355512571e-08,6.875383629548948e-08,1.7472503631029957e-09,3.942489361269799e-08,2.758169231968849e-08,1.5956959633402227e-09,0.0,3.559616868224584e-23,1.1759298272399422e-32,1.617624255271444e-33
6,lbfgs,1719,4080.959999999999,5963.343999999998,6.129359747805253e-08,6.004525213254233e-08,1.6200207526401829e-09,3.324567986296185e-08,2.5179551516940307e-08,1.0513932360384087e-09,0.0,2.3594467171871435e-23,1.1773842549033309e-32,1.6175178121534455e-33
6,lbfgs,1729,4080.959999999999,5963.343999999998,5.1046686854120945e-08,5.0342537875235125e-08,1.8191243990254472e-09,2.4893452549103556e-08,2.3629960927106126e-08,5.072465202788734e-10,0.0,4.505359159411198e-23,1.1779264979666698e-32,1.619040228554558e-33
6,lbfgs,1739,4080.959999999999,5963.343999999998,4.8164086079099075e-08,4.759674487280632e-08,1.8827085770513822e-09,2.273771673347345e-08,2.2976319562281483e-08,3.7029803059198273e-10,0.0,3.3952232263210793e-23,1.1782697558050803e-32,1.6186443626901188e-33
6,lbfgs,1749,4080.959999999999,5963.343999999998,4.642331932739964e-08,4.5548260030289636e-08,1.5992641013797612e-09,2.1044211536505137e-08,2.2904784392404738e-08,6.780898512425263e-10,0.0,2.694970238058605e-23,1.1779606697539009e-32,1.6192160894004624e-33
6,lbfgs,1759,4080.959999999999,5963.343999999998,4.5868081886453166e-08,4.500286004354455e-08,1.4705501362546954e-09,2.140886876177389e-08,2.2123441145515963e-08,6.682230616029429e-10,0.0,2.949367690474819e-23,1.1780364760096099e-32,1.6199880226971068e-33
6,lbfgs,1769,4080.959999999999,5963.343999999998,4.452086866617555e-08,4.3603813054478493e-08,1.4239157435202406e-09,2.0152345700479136e-08,2.202755161047912e-08,7.199884277004888e-10,0.0,2.8942404149642885e-23,1.1776703078242656e-32,1.619829349243201e-33
6,lbfgs,1779,4080.959999999999,5963.343999999998,4.163277409090847e-08,4.075548198259503e-08,1.5980312411008019e-09,1.9341073540203492e-08,1.981637720129074e-08,6.801274513009212e-10,0.0,2.65211008745073e-23,1.1781943653659181e-32,1.620119156600124e-33
6,lbfgs,1789,4080.959999999999,5963.343999999998,3.999771773642162e-08,3.921709612686766e-08,2.6807559225428386e-09,1.7498595741533832e-08,1.9037744462790985e-08,5.834677300230043e-10,0.0,5.2346097624055086e-23,1.1783749713420361e-32,1.6199211732219612e-33
6,lbfgs,1799,4080.959999999999,5963.343999999998,3.987411545820003e-08,3.907863151627084e-08,2.65716436247578e-09,1.734949559455835e-08,1.9071971559236716e-08,5.983296563821621e-10,0.0,5.0576050722519514e-23,1.1783685682420077e-32,1.61999940280821e-33
6,lbfgs,1809,4080.959999999999,5963.343999999998,3.9758832292598e-08,3.8969955855648893e-08,2.564771728474764e-09,1.7299950755812267e-08,1.910523337136186e-08,5.917255074457218e-10,0.0,4.781461604475317e-23,1.178395072022452e-32,1.619866706861601e-33
6,lbfgs,1819,4080.959999999999,5963.343999999998,3.966780338435999e-08,3.888381509062048e-08,2.562073550489541e-09,1.728879027652201e-08,1.9032951263608922e-08,5.868337024053995e-10,0.0,4.776164443789616e-23,1.1783943925963385e-32,1.619942256388169e-33
6,lbfgs,1829,4080.959999999999,5963.343999999998,3.955492962002096e-08,3.8773669897094e-08,2.560158777396041e-09,1.7274759267149278e-08,1.8938751852548682e-08,5.84099481368222e-10,0.0,4.7879960859536437e-23,1.1783906719006002e-32,1.620073234411363e-33
6,lbfgs,1839,4080.959999999999,5963.343999999998,3.946662171704845e-08,3.868789288704848e-08,2.5444545916123436e-09,1.7228227753565912e-08,1.8915210541870222e-08,5.815685265591157e-10,0.0,4.721132837753373e-23,1.1783976770779167e-32,1.6200200683644767e-33
6,lbfgs,1849,4080.959999999999,5963.343999999998,3.935592153217338e-08,3.85830509081465e-08,2.540087043236183e-09,1.7165254901634494e-08,1.8877708963275816e-08,5.757104283873944e-10,0.0,4.645110482512018e-23,1.1784112732525255e-32,1.6199182293327868e-33
6,lbfgs,1859,4080.959999999999,5963.343999999998,3.926935777768456e-08,3.849974212468374e-08,2.5082047092817994e-09,1.7158992067635888e-08,1.8832545347766047e-08,5.724528872631221e-10,0.0,4.5790598741506054e-23,1.1784086273777345e-32,1.619975611173681e-33
6,lbfgs,1869,4080.959999999999,5963.343999999998,3.916134143863561e-08,3.8390885546165285e-08,2.4365279581667846e-09,1.7159359901909777e-08,1.8794997686088723e-08,5.732899511129814e-10,0.0,4.461604326041058e-23,1.1783973400097498e-32,1.6200874889201053e-33
6,lbfgs,1879,4080.959999999999,5963.343999999998,3.9075850703454375e-08,3.831001275260127e-08,2.4494095194924284e-09,1.710905662903625e-08,1.875154660407259e-08,5.686709049860618e-10,0.0,4.449108927201804e-23,1.1784079519916072e-32,1.620038651608029e-33
6,lbfgs,1889,4080.959999999999,5963.343999999998,3.897136883830756e-08,3.821614375638105e-08,2.519743422473549e-09,1.70355712491337e-08,1.8660829084773803e-08,5.580561068103907e-10,0.0,4.494196665298156e-23,1.1784338495240552e-32,1.6199291641085272e-33
6,lbfgs,1899,4080.959999999999,5963.343999999998,3.8886056450080194e-08,3.8131223542958284e-08,2.4582282382841967e-09,1.7033554031836553e-08,1.8639441272837532e-08,5.57662258543946e-10,0.0,4.3851834306408776e-23,1.1784250008457974e-32,1.6199923234342992e-33
6,lbfgs,1909,4080.959999999999,5963.343999999998,3.878681234159925e-08,3.802312290123705e-08,2.305678974042589e-09,1.7048507477710695e-08,1.866893644948376e-08,5.665174024041079e-10,0.0,4.1590741066473756e-23,1.1783949780331696e-32,1.6201359736757368e-33
6,lbfgs,1919,4080.959999999999,5963.343999999998,3.8700024668947675e-08,3.794526380141754e-08,2.354454785917941e-09,1.6992911734999556e-08,1.8597897280500045e-08,5.575870105228909e-10,0.0,4.1975122970375717e-23,1.1784144895205384e-32,1.620070526508212e-33
6,lbfgs,1929,4080.959999999999,5963.343999999998,3.8619231350924586e-08,3.7869720300268056e-08,2.3649555540834113e-09,1.695958750376742e-08,1.8545177242417228e-08,5.523354869329103e-10,0.0,4.1827834948723896e-23,1.1784232961828782e-32,1.6200511873424274e-33
6,lbfgs,1939,4080.959999999999,5963.343999999998,3.8518023960398426e-08,3.777880698682082e-08,2.4265680576845472e-09,1.6910751567095042e-08,1.844148736204123e-08,5.420387110040836e-10,0.0,4.217281244296772e-23,1.1784453822439406e-32,1.6199940283392917e-33
6,lbfgs,1949,4080.959999999999,5963.343999999998,3.843762842975813e-08,3.7698156664625747e-08,2.374794071525048e-09,1.689392882724629e-08,1.842943376585441e-08,5.422922227476031e-10,0.0,4.128861792661431e-23,1.1784388045210426e-32,1.620029055030246e-33
6,lbfgs,1959,4080.959999999999,5963.343999999998,3.834066144566121e-08,3.759396830612031e-08,2.244147506089372e-09,1.688286916258619e-08,1.846695163744475e-08,5.49512499260713e-10,0.0,3.944128300018884e-23,1.1784143768717834e-32,1.6201199765864888e-33
6,lbfgs,1969,4080.959999999999,5963.343999999998,3.8259495992165115e-08,3.7520995601540145e-08,2.282213058911148e-09,1.684577458422212e-08,1.8393007958406875e-08,5.413178590257776e-10,0.0,3.9631759629446053e-23,1.178430429442976e-32,1.620083063172237e-33
6,lbfgs,1979,4080.959999999999,5963.343999999998,3.8169341044806735e-08,3.744732919572585e-08,2.4343688424606857e-09,1.6788684256979474e-08,1.822427609628569e-08,5.248262470303761e-10,0.0,4.098810749599624e-23,1.1784744728191372e-32,1.6199720764136705e-33
6,lbfgs,1989,4080.959999999999,5963.343999999998,3.808503346112051e-08,3.736001158303901e-08,2.341717209810544e-09,1.677571716327071e-08,1.8242577209957757e-08,5.278351650865218e-10,0.0,3.968662032099032e-23,1.1784575257164732e-32,1.6200318112333163e-33
6,lbfgs,1999,4080.959999999999,5963.343999999998,3.800851543199124e-08,3.72836978732118e-08,2.297299421633088e-09,1.6755706991951874e-08,1.8230691459626842e-08,5.276295282946633e-10,0.0,3.8942402996343023e-23,1.1784523080545048e-32,1.620057627525925e-33
6,lbfgs,2009,4080.959999999999,5963.343999999998,3.791469522365294e-08,3.71848373239983e-08,2.184594018970174e-09,1.6738282772018655e-08,1.8261960533009464e-08,5.326684751125694e-10,0.0,3.7391866585725914e-23,1.1784315806751299e-32,1.6201282639110933e-33
6,lbfgs,2019,4080.959999999999,5963.343999999998,3.783784920410148e-08,3.711489600244143e-08,2.2156488129991705e-09,1.6706669453017108e-08,1.819257773642515e-08,5.257620749081395e-10,0.0,3.748972916969615e-23,1.17844549224405e-32,1.620101903170793e-33
6,lbfgs,2029,4080.959999999999,5963.343999999998,3.774955650570462e-08,3.704015134899765e-08,2.3438692217875505e-09,1.6657366609013763e-08,1.8038915518196337e-08,5.122115215031974e-10,0.0,3.8536935661149516e-23,1.1784841271598247e-32,1.620015189177936e-33
6,lbfgs,2039,4080.959999999999,5963.343999999998,3.7670546822442053e-08,3.695926428844962e-08,2.2649314929071376e-09,1.6641344071526513e-08,1.8052988724015963e-08,5.140876080161728e-10,0.0,3.7456901829354426e-23,1.1784697836686837e-32,1.6200621599547368e-33
6,lbfgs,2049,4080.959999999999,5963.343999999998,3.759751814154238e-08,3.688684292292628e-08,2.2263398055901767e-09,1.662095025790141e-08,1.803955285943469e-08,5.134789050495663e-10,0.0,3.6814912480840794e-23,1.1784655006280328e-32,1.620083560140429e-33
6,lbfgs,2059,4080.959999999999,5963.343999999998,3.7506961015391016e-08,3.679290878832443e-08,2.1282902685755843e-09,1.660210868261806e-08,1.8062509837130788e-08,5.168542410741431e-10,0.0,3.548731899386204e-23,1.1784474580304095e-32,1.6201430502951496e-33
6,lbfgs,2069,4080.959999999999,5963.343999999998,3.743390198948927e-08,3.672572234024172e-08,2.1540052873564155e-09,1.657278223795085e-08,1.7998934814934452e-08,5.109801342559532e-10,0.0,3.5532668964642036e-23,1.1784598249882179e-32,1.6201222330200605e-33
6,lbfgs,2079,4080.959999999999,5963.343999999998,3.7347954816631396e-08,3.665099113462962e-08,2.2639944294746674e-09,1.6526214346658534e-08,1.7860782358496418e-08,4.997620899675688e-10,0.0,3.63768907342992e-23,1.1784945424224829e-32,1.6200497122428203e-33
6,lbfgs,2089,4080.959999999999,5963.343999999998,3.727339976624702e-08,3.657540496449194e-08,2.195849529648988e-09,1.6509846265563762e-08,1.7869709169279188e-08,5.00791779438237e-10,0.0,3.545682791658341e-23,1.1784821211722061e-32,1.6200893371843878e-33
6,lbfgs,2099,4080.959999999999,5963.343999999998,3.72035623809303e-08,3.6506505781337775e-08,2.1616179219523155e-09,1.648998215393296e-08,1.7854905705452498e-08,4.998521642153692e-10,0.0,3.489023293891205e-23,1.178478398423444e-32,1.6201080985827237e-33
7,adam,0,5963.343999999998,8598.681599999996,0.10882773138336961,0.08162079846890807,0.0002777770859796334,0.058807010712204406,0.022536010670724027,0.027206932822969366,0.0,2.321649548797366e-19,1.960000809484339e-30,2.499999999999994e-31
7,adam,24,5963.343999999998,8598.681599999996,0.02673793678673881,0.012923273941534887,9.877293152007104e-05,0.008242313294740755,0.004582187715274061,0.013814662752008907,0.0,8.809504852147257e-21,2.8254061311801825e-31,5.095953133639966e-32
7,adam,49,5963.343999999998,8598.681599999996,0.021057399957215554,0.007644944779030449,5.9286569830999245e-06,0.004827552923002077,0.0028114631990452726,0.013412455082121117,0.0,7.801548263000551e-22,1.7119369345466552e-31,3.0657430445955765e-32
7,adam,74,5963.343999999998,8598.681599999996,0.01843988022509852,0.0053207702359260745,5.616568790369672e-06,0.0035185805394777076,0.0017965731276579973,0.013119109889774834,0.0,4.119167076926802e-22,1.2886486222527868e-31,1.873051597427265e-32
7,adam,99,5963.343999999998,8598.681599999996,0.01710048773505028,0.004253508792079459,2.561957296748601e-06,0.002790252950464883,0.0014606938843178268,0.012846978840157704,0.0,2.203218997371304e-22,1.0103718817763997e-31,1.5356520582915142e-32
7,adam,124,5963.343999999998,8598.681599999996,0.016342854278970174,0.0037477232383619163,1.6015465746605313e-06,0.0024978366621642603,0.0012482850296229955,0.01259513093521615,0.0,1.0711037441477218e-22,8.665891863614987e-32,1.3929359334925115e-32
7,adam,149,5963.343999999998,8598.681599999996,0.015827415243863812,0.0034252128366240135,7.8117619710832e-07,0.0023377889897349853,0.00108664267069192,0.01240220229991462,0.0,5.685753853128658e-23,7.725471000122957e-32,1.257031544999692e-32
7,adam,174,5963.343999999998,8598.681599999996,0.01551316546162438,0.003271848173632994,5.538142347565872e-07,0.0022435899581005757,0.001027704401297662,0.01224131717940191,0.0,3.229464219215586e-23,7.100341049677335e-32,1.1991017717358734e-32
7,adam,199,5963.343999999998,8598.681599999996,0.01526290900643672,0.0031614545338658913,5.693833532057994e-07,0.0021763389713079506,0.000984546179204735,0.012101454362965532,0.0,2.6013182649040543e-23,6.633107416560114e-32,1.156900328255538e-32
7,adam,224,5963.343999999998,8598.681599999996,0.014981979545947037,0.003025846656935699,4.3100883765294e-07,0.0020868628369997456,0.0009385528110983003,0.011956132778433166,0.0,1.8863736893536267e-23,6.196748212565733e-32,1.1112294801743268e-32
7,adam,249,5963.343999999998,8598.681599999996,0.014780477035064334,0.002948726792669079,5.316971570478068e-07,0.0020374073842004204,0.0009107877113116109,0.011831750130839576,0.0,3.0037047194078784e-23,5.882610113145777e-32,1.0875289951864626e-32
7,adam,274,5963.343999999998,8598.681599999996,0.014568083876134771,0.0028497111653379274,6.718594238610612e-07,0.0019612229226541743,0.0008878163832598922,0.011718372598163919,0.0,6.399086288601142e-23,5.628232569039239e-32,1.0687481733971417e-32
7,adam,299,5963.343999999998,8598.681599999996,0.014294912453783655,0.0026987815999779336,1.520196693626431e-07,0.0018341266976385098,0.0008645028826700611,0.011596130739784652,0.0,1.7005864764329986e-23,5.411212912143769e-32,1.0542491665287355e-32
7,adam,324,5963.343999999998,8598.681599999996,0.013789017858574969,0.002371945513295726,2.5370363226976183e-07,0.0015473827314173953,0.0008243090782460608,0.011417072229232278,0.0,3.9476366027765976e-23,5.14808687136935e-32,1.016018600356259e-32
7,adam,349,5963.343999999998,8598.681599999996,0.01287688798459027,0.0018190656663767684,2.0569969137281122e-07,0.0010885726417594753,0.0007302873249259202,0.01105782219936162,0.0,5.193079545938263e-23,4.598136328928995e-32,7.84665748746328e-33
7,adam,374,5963.343999999998,8598.681599999996,0.011957871963768834,0.0014841418192145903,4.1670256087320673e-07,0.0008923501290727892,0.0005913749875809278,0.01047373002306793,0.0,1.5507108191722192e-22,4.250464050836222e-32,6.89944731993259e-33
7,adam,399,5963.343999999998,8598.681599999996,0.011118043539855777,0.0012846564616739913,3.639666693433873e-07,0.0007879108654422642,0.0004963816295623836,0.009833386953393895,0.0,9.452991562176879e-23,3.935839423734708e-32,6.26414658157028e-33
7,adam,424,5963.343999999998,8598.681599999996,0.010383698000534762,0.0012094886776545994,2.826067491920984e-07,0.0007668744669462831,0.00044233160395912405,0.009174209194568158,0.0,6.258054726018156e-23,4.023634911632414e-32,5.924471758214358e-33
7,adam,449,5963.343999999998,8598.681599999996,0.009609931790678906,0.0010602355457399763,1.863989509089569e-07,0.0006862187127848913,0.00037383043400417604,0.008549696113222222,0.0,4.400237469424105e-23,3.743400443571264e-32,5.352983296496472e-33
7,adam,474,5963.343999999998,8598.681599999996,0.008902473161052384,0.0009356670372588641,1.343052362696931e-07,0.0006185220282712456,0.0003170107037513488,0.007966805988783193,0.0,2.8086166671405044e-23,3.5104174119540234e-32,4.902495577159812e-33
7,adam,499,5963.343999999998,8598.681599999996,0.008253658445819857,0.000828752246690297,1.0416174057678738e-07,0.0005608306768698829,0.0002678174080798373,0.007424906060907159,0.0,1.6684427414344868e-23,3.3143549305122673e-32,4.521513073913425e-33
7,adam,524,5963.343999999998,8598.681599999996,0.0077745772979761355,0.0008093416740877874,8.53954159129703e-08,0.0005994753367876218,0.00020978094188425268,0.006965235482838173,0.0,9.940348943538847e-24,3.1835671354972526e-32,4.1984724490643285e-33
7,adam,549,5963.343999999998,8598.681599999996,0.00716092838698246,0.0006881485209476606,6.033340323876842e-08,0.00047970536226007483,0.00020838282528434708,0.006472779722880943,0.0,1.0970702703877403e-23,2.9776162510902573e-32,3.9617701414745043e-33
7,adam,574,5963.343999999998,8598.681599999996,0.006646958613896154,0.0006081925600457526,4.9298031875813005e-08,0.000427961173326847,0.00018018208868702978,0.0060387659083320005,0.0,9.084681133853797e-24,2.8580518881591043e-32,3.755527373494145e-33
7,adam,599,5963.343999999998,8598.681599999996,0.006186258542639756,0.0005512939339887548,4.8643399364676634e-08,0.0003902518818799133,0.00016099340870947683,0.005634964460573384,0.0,7.060796930457556e-24,2.724223012432251e-32,3.51732637521935e-33
7,adam,624,5963.343999999998,8598.681599999996,0.005945872671189509,0.0006613521843248679,8.699572762391406e-08,0.0005173017512578671,0.00014396343733937692,0.005284520336396242,0.0,7.3119435629125e-24,2.639040686351903e-32,3.987464103845027e-33
7,adam,649,5963.343999999998,8598.681599999996,0.0055010529802782555,0.0005816460182995215,3.6950457732341384e-08,0.00037594560359369535,0.0002056634642480938,0.004919406809719835,0.0,5.425086490483442e-24,2.551893326918661e-32,2.779269232415003e-33
7,adam,674,5963.343999999998,8598.681599999996,0.005060058279197217,0.0004590849019058545,3.868880391264498e-08,0.0003313294533976494,0.00012771675970429244,0.004600973223218265,0.0,1.018567140200787e-23,2.462995856169934e-32,3.1338320548786876e-33
7,adam,699,5963.343999999998,8598.681599999996,0.004709038911721677,0.000414242902443488,3.230849131225918e-08,0.000299992811346773,0.00011421778260540273,0.004294795852873873,0.0,5.954937359401081e-24,2.384691235357611e-32,3.033077483594621e-33
7,adam,724,5963.343999999998,8598.681599999996,0.004388222257380877,0.0003814199504495324,3.0411335915560286e-08,0.00027369472287937463,0.00010769481623424223,0.0040068021483015874,0.0,3.820510077659927e-24,2.295958905102285e-32,2.844553740752471e-33
7,adam,749,5963.343999999998,8598.681599999996,0.004292370213189234,0.0005258002875485632,5.4373809169487696e-08,0.0003168433446115761,0.00020890256912781756,0.0037665697649576376,0.0,1.2340320917543082e-23,2.623979783557146e-32,1.6074919163279033e-33
7,adam,774,5963.343999999998,8598.681599999996,0.0038827829194967075,0.00038470660914975946,3.4291138480733195e-08,0.000256099827883731,0.00012857249012754773,0.003498076147996391,0.0,9.820875453065352e-24,2.1193548874044676e-32,2.4294082356168286e-33
7,adam,799,5963.343999999998,8598.681599999996,0.0036478963812658282,0.0003641879799015571,3.394931218494911e-08,0.00024724892548569507,0.00011690510510367708,0.0032837082370492806,0.0,5.6632667071891616e-24,2.0722143954221677e-32,3.263940751242483e-33
7,adam,824,5963.343999999998,8598.681599999996,0.003352993257074885,0.00030413168015802904,2.179412517818651e-08,0.00021102815296757463,9.308173306527623e-05,0.0030488614106863685,0.0,5.036646671495526e-24,2.2442267296787916e-32,2.314903671986747e-33
7,adam,849,5963.343999999998,8598.681599999996,0.003120794366234267,0.00027755772749291525,1.8659037427946344e-08,0.00019778866516288773,7.975040329259957e-05,0.0028432364706132366,0.0,5.520725763942923e-24,2.1603323705477115e-32,2.3848643742731935e-33
7,adam,874,5963.343999999998,8598.681599999996,0.0030205693240979562,0.00032980848806233177,2.024103493643473e-08,0.0002066261534304577,0.0001231620935969376,0.0026907606660435067,0.0,6.436887674771955e-24,2.3177941405227434e-32,1.804203617198499e-33
7,adam,899,5963.343999999998,8598.681599999996,0.002726867808873819,0.00024724994968789815,2.6554413386367114e-08,0.0001799693987630498,6.725399651146197e-05,0.0024796176874791625,0.0,9.932810427641827e-24,2.016393047899976e-32,2.2807378301108832e-33
7,adam,924,5963.343999999998,8598.681599999996,0.002596343475243116,0.00027635354219416794,2.9754777791114104e-08,0.00016102720733061587,0.00011529658008576095,0.0023199897594199654,0.0,8.678507575299912e-24,2.0906535208858303e-32,1.5329607832228619e-33
7,adam,949,5963.343999999998,8598.681599999996,0.0023582003008810943,0.0002014433820203557,3.813616417135358e-08,0.0001376595293574909,6.374571649869346e-05,0.0021567567434611014,0.0,1.1964177354071928e-23,1.920115669303227e-32,2.2226375480420476e-33
7,adam,974,5963.343999999998,8598.681599999996,0.008510996906826544,0.005050230009910707,9.878225698427674e-08,0.002917806316496104,0.002132324911157619,0.0034607667116170544,0.0,5.755112073790911e-23,2.4540297405624826e-32,2.4054369438791938e-33
7,adam,999,5963.343999999998,8598.681599999996,0.009409972202249605,0.0058435905459389235,3.291094011026194e-07,0.0031369634281643347,0.0027062980083734857,0.003566381463890435,0.0,1.7843507028388703e-22,1.8269846835370086e-32,1.9710258475296715e-33
7,adam,1024,5963.343999999998,8598.681599999996,0.00787037872814156,0.004582186116804474,8.725434557612696e-07,0.003303938382592505,0.0012773751907562084,0.003288192418617123,0.0,1.999838677458535e-22,1.5234101065689904e-32,1.549641041427707e-33
7,adam,1049,5963.343999999998,8598.681599999996,0.007037711559817101,0.003926236192284081,4.70861981374725e-08,0.003050037785381183,0.0008761513207047602,0.003111475174266728,0.0,3.0182929325133173e-23,1.5667742421927552e-32,1.602603964986127e-33
7,adam,1074,5963.343999999998,8598.681599999996,0.006385408383851,0.00340390629490663,2.2275971145464837e-08,0.0026914769289908985,0.000712407089944586,0.0029815018951710077,0.0,1.146625395560189e-23,1.619610262501978e-32,1.6375956062239445e-33
7,adam,1099,5963.343999999998,8598.681599999996,0.005843670267321343,0.0029623278435955054,9.04505855098665e-09,0.0023721779334169215,0.0005901408651200329,0.0028813422294494905,0.0,2.7718879830800893e-24,1.6650221920916117e-32,1.6448630835557932e-33
7,adam,1124,5963.343999999998,8598.681599999996,0.0053864617138448,0.0025878047544827818,1.2457561701540962e-08,0.002093035393246607,0.000494756903674473,0.002798656764560176,0.0,2.2399991870576382e-24,1.709316452996936e-32,1.628967211262143e-33
7,adam,1149,5963.343999999998,8598.681599999996,0.004995226145961212,0.0022681370942396694,2.2468161101954045e-08,0.0018564231653437919,0.0004116914607347754,0.0027270888563727925,0.0,3.505094336341538e-24,1.7455513981086355e-32,1.6027863901813637e-33
7,adam,1174,5963.343999999998,8598.681599999996,0.004657864636280215,0.0019937660467097204,2.6902166513820153e-08,0.0016474864260120267,0.00034625271853117967,0.0026640983936283415,0.0,4.7397373145856605e-24,1.7810137141588016e-32,1.5824702482623788e-33
7,adam,1199,5963.343999999998,8598.681599999996,0.004369936079068297,0.0017618731158493368,2.2662091495422e-08,0.0014664772661907531,0.0002953731875670881,0.0026080627666303026,0.0,5.381308910217109e-24,1.8166210298261043e-32,1.5800532050931174e-33
7,adam,1224,5963.343999999998,8598.681599999996,0.004134478593074091,0.001580582731999906,1.863289456293073e-08,0.0013139007661741597,0.0002666633329311835,0.0025538956638220755,0.0,5.440674775176134e-24,1.7586173374130438e-32,1.579004622946104e-33
7,adam,1249,5963.343999999998,8598.681599999996,0.003925877097164762,0.0014186029041285094,3.1085410313648606e-08,0.001187264750410553,0.00023130706830764251,0.002507273995135204,0.0,8.748714870179276e-24,1.786627348956994e-32,1.521556326671127e-33
7,adam,1274,5963.343999999998,8598.681599999996,0.0037485343508601235,0.0012878483124427434,3.291477735325224e-08,0.0010898934058159216,0.00019792199184946832,0.002460685839839115,0.0,9.262457231618875e-24,1.797050799944484e-32,1.4869642966007806e-33
7,adam,1299,5963.343999999998,8598.681599999996,0.003596760458793713,0.0011810537079798092,2.3165985235970656e-08,0.0010131540278701975,0.00016787651412437568,0.0024157065515194244,0.0,6.0277677834966294e-24,1.8049678497050032e-32,1.4830979854563827e-33
7,adam,1324,5963.343999999998,8598.681599999996,0.003463222002276364,0.001089348813301735,1.679878137538963e-08,0.0009434284388478257,0.00014590357567253402,0.0023738729889224296,0.0,4.980556791533691e-24,1.7986557730298386e-32,1.4896772310113221e-33
7,adam,1349,5963.343999999998,8598.681599999996,0.0033438066613320286,0.0010094691242585453,1.2667753487132784e-08,0.0008756325686509299,0.00013382388785412823,0.0023343373362230803,0.0,4.3785737571776935e-24,1.7900740104666878e-32,1.5158244345842803e-33
7,adam,1374,5963.343999999998,8598.681599999996,0.0032368866634236663,0.0009411749139123679,1.0143188158242661e-08,0.0008138246176123609,0.00012734015311184884,0.00229571154785319,0.0,3.8155717235208215e-24,1.7816965369176718e-32,1.5503770287311363e-33
7,adam,1399,5963.343999999998,8598.681599999996,0.00313886380669316,0.0008819567924865197,8.664271331692348e-09,0.0007589629467535167,0.0001229851814616714,0.002256906811763704,0.0,3.430862871803508e-24,1.7682464676840906e-32,1.5814346387303425e-33
7,lbfgs,1400,5963.343999999998,8598.681599999996,0.0031537775237787244,0.0008984310649717098,9.41816559833692e-09,0.0007635145528342931,0.0001349070939718184,0.0022553462563333656,0.0,3.7462176410636294e-24,1.825589224951126e-32,1.5958315139665678e-33
7,lbfgs,1409,5963.343999999998,8598.681599999996,0.0009664877898297409,0.0006592927695776352,1.591319420735476e-08,0.0003048701953313969,0.000354406661052031,0.0003071948124030326,0.0,4.930699153682098e-24,1.3397457247630774e-32,4.5081121038516186e-33
7,lbfgs,1419,5963.343999999998,8598.681599999996,0.0004167056968737521,0.00038548155684461617,7.081720641939802e-07,0.0002639466129987215,0.0001208267717817007,3.1223925056720504e-05,0.0,1.2367661775574892e-22,1.4893783437402814e-32,2.2950270563311157e-33
7,lbfgs,1429,5963.343999999998,8598.681599999996,0.00032630939192204554,0.0002866852720052691,9.900641899621708e-07,0.00016565666774568665,0.00012003854006962032,3.962390336116092e-05,0.0,1.8295875646358785e-22,1.2523415420449009e-32,2.113343414353672e-33
7,lbfgs,1439,5963.343999999998,8598.681599999996,0.00021985904334154716,0.00021315508706205562,6.13979943670551e-08,0.00011139619348029426,0.0001016974955873943,6.703737677639746e-06,0.0,1.8102687090459296e-23,1.317061410972914e-32,2.299627195676954e-33
7,lbfgs,1449,5963.343999999998,8598.681599999996,0.00011808075892597982,9.688850845233123e-05,1.5476866846284282e-07,3.263307068525928e-05,6.410066909860912e-05,2.119203094927923e-05,0.0,2.9443493092808825e-23,1.156324132943277e-32,1.730063737768806e-33
7,lbfgs,1459,5963.343999999998,8598.681599999996,2.685822552686292e-05,2.2803729851245018e-05,2.7787080445431167e-07,1.1644183621041882e-05,1.0881675425748827e-05,4.054275567881664e-06,0.0,1.3253142476142083e-22,9.79698846597177e-33,1.396138365653144e-33
7,lbfgs,1469,5963.343999999998,8598.681599999996,1.4954186247943664e-05,1.4855297196767287e-05,1.3275105221851557e-07,1.0092285923003368e-05,4.630260221545404e-06,9.866771881531951e-08,0.0,7.048636106346089e-23,1.0165735042713334e-32,1.3763723256878125e-33
7,lbfgs,1479,5963.343999999998,8598.681599999996,5.113426654683199e-06,4.970976626142365e-06,1.3440494821570415e-07,1.621058474584182e-06,3.2155132033424784e-06,1.4222555324072768e-07,0.0,9.173137891416588e-23,9.97313871546096e-33,1.3440290948581555e-33
7,lbfgs,1489,5963.343999999998,8598.681599999996,3.4755243930010184e-06,3.3536459032650922e-06,9.31673211151737e-09,1.3957657957063765e-06,1.9485633754471983e-06,1.2165338931115424e-07,0.0,5.765902615746419e-24,9.972021344698566e-33,1.3032012995967593e-33
7,lbfgs,1499,5963.343999999998,8598.681599999996,2.9021253880956066e-06,2.6588516622726017e-06,8.99195246062892e-09,1.1920959437918979e-06,1.4577637660200748e-06,2.4304825289339986e-07,0.0,6.668305326624299e-24,1.0010058812338402e-32,1.2853985699979194e-33
7,lbfgs,1509,5963.343999999998,8598.681599999996,2.2818661963938956e-06,2.250532115627634e-06,9.400885311582819e-09,8.177465372002557e-07,1.4233846931157956e-06,3.110929361070423e-08,0.0,6.121386409859666e-24,9.990442983272286e-33,1.318747345890209e-33
7,lbfgs,1519,5963.343999999998,8598.681599999996,2.0917772170904295e-06,2.0606001390607378e-06,1.1935597957673904e-08,9.427195200387102e-07,1.1059450210643536e-06,3.095195473042033e-08,0.0,6.168815826684702e-24,1.0075169321366096e-32,1.2858369472817161e-33
7,lbfgs,1529,5963.343999999998,8598.681599999996,1.58266587062749e-06,1.5483488653175063e-06,1.4621950343161068e-08,5.431345791451126e-07,9.905923358292325e-07,3.4090407482495355e-08,0.0,1.1276127735569686e-23,1.0113389080183841e-32,1.3141330348297174e-33
7,lbfgs,1539,5963.343999999998,8598.681599999996,1.3143662665825697e-06,1.2567840441899837e-06,6.097598160385457e-08,4.82382461738501e-07,7.13425600847628e-07,5.735567291594357e-08,0.0,3.8777413998415075e-23,1.0116108495280427e-32,1.310858059058297e-33
7,lbfgs,1549,5963.343999999998,8598.681599999996,8.361163801328619e-07,8.149259474380602e-07,4.895884787110096e-08,2.2188300651099105e-07,5.440840930559681e-07,2.0961543245815095e-08,0.0,3.578901744642259e-23,1.0128086873196536e-32,1.3056088050015648e-33
7,lbfgs,1559,5963.343999999998,8598.681599999996,6.93834776067838e-07,6.73253036452757e-07,1.3346142886439893e-08,2.3819017905709588e-07,4.2171671450922126e-07,2.0353011171199084e-08,0.0,7.127853909280416e-24,1.0115854979047254e-32,1.2992779292714924e-33
7,lbfgs,1569,5963.343999999998,8598.681599999996,6.537402851013518e-07,6.267472782913705e-07,6.620410123961392e-09,2.0831109132905401e-07,4.1181577683835506e-07,2.6763515940430878e-08,0.0,3.948965083517542e-24,1.0132810530472112e-32,1.2892458815884317e-33
7,lbfgs,1579,5963.343999999998,8598.681599999996,5.206453272415477e-07,4.968817199616078e-07,2.9220011200736968e-08,1.7760044765278223e-07,2.900612611080886e-07,2.353332115687678e-08,0.0,1.8210797758424804e-23,1.0189813969524852e-32,1.2981180823377928e-33
7,lbfgs,1589,5963.343999999998,8598.681599999996,4.876131794684702e-07,4.741555859247341e-07,2.5052405657660234e-08,1.5737665526473156e-07,2.9172652500234234e-07,1.322726152731085e-08,0.0,1.6506648478591804e-23,1.0212217955528175e-32,1.2942937333609715e-33
7,lbfgs,1599,5963.343999999998,8598.681599999996,3.6208990603170287e-07,3.514252868250348e-07,1.1270248429577018e-08,1.8543272135997017e-07,1.547223170354876e-07,1.0433399280733458e-08,0.0,6.966191733115454e-24,1.0239273406169004e-32,1.2984367280926427e-33
7,lbfgs,1609,5963.343999999998,8598.681599999996,3.3575771736507376e-07,3.2850745105103086e-07,4.535221911822746e-09,2.071899935538192e-07,1.1678223558538893e-07,7.017546309182194e-09,0.0,3.196632782050682e-24,1.0253687245994898e-32,1.2884311790863496e-33
7,lbfgs,1619,5963.343999999998,8598.681599999996,2.4474822855826215e-07,2.3633833696096866e-07,1.3935163830111347e-09,1.5126695485784627e-07,8.367786572011126e-08,8.17731330500869e-09,0.0,7.943584500303453e-25,1.0222723339400234e-32,1.2915313764550094e-33
7,lbfgs,1629,5963.343999999998,8598.681599999996,2.0412510198123166e-07,2.0270762205732343e-07,6.495170719076988e-10,1.0195262914027964e-07,1.001054758451361e-07,1.1859666548680883e-09,0.0,4.284943447847041e-25,1.0214846073507028e-32,1.2895383443378211e-33
7,lbfgs,1639,5963.343999999998,8598.681599999996,2.010204024560637e-07,1.991262856948877e-07,6.015696944929638e-10,1.047135039467619e-07,9.381121205363284e-08,1.6625120827016821e-09,0.0,3.3673732171660764e-25,1.0215554612982102e-32,1.2907149440213921e-33
7,lbfgs,1649,5963.343999999998,8598.681599999996,1.664743694144166e-07,1.6414413440738351e-07,7.972051574915254e-10,7.92533001699565e-08,8.409362907993547e-08,2.097903994048196e-09,0.0,5.387005212938963e-25,1.0212976561311772e-32,1.2934388823924022e-33
7,lbfgs,1659,5963.343999999998,8598.681599999996,1.246212246622644e-07,1.221768538855042e-07,1.3556395297444236e-09,4.802986356495668e-08,7.279135079080308e-08,2.212549812957305e-09,0.0,9.40715141076864e-25,1.0213657903188569e-32,1.2980425026209288e-33
7,lbfgs,1669,5963.343999999998,8598.681599999996,1.2049988849574966e-07,1.1787721031341231e-07,1.2903797208067236e-09,4.5350856485997774e-08,7.123597410660781e-08,2.3908675670512593e-09,0.0,8.382472890025477e-25,1.021945941334334e-32,1.2987265533173396e-33
7,lbfgs,1679,5963.343999999998,8598.681599999996,1.0262589927747926e-07,1.0039174611210314e-07,4.641240444888559e-10,5.141529295179845e-08,4.8512329115815834e-08,2.0018645878320063e-09,0.0,3.0009136415318887e-25,1.0200584086734138e-32,1.299104599835268e-33
7,lbfgs,1689,5963.343999999998,8598.681599999996,1.0178666501936342e-07,9.946041028701592e-08,3.45428603199245e-10,5.084762065576147e-08,4.8267361028055204e-08,2.093992645428456e-09,0.0,2.0533889241632676e-25,1.0201895317071462e-32,1.2985094242156045e-33
7,lbfgs,1699,5963.343999999998,8598.681599999996,1.015574116402597e-07,9.926639973975387e-08,3.3453759269506893e-10,5.08440509364323e-08,4.808781121062649e-08,2.0587441142113185e-09,0.0,1.9230989743416349e-25,1.0200660740051873e-32,1.2982020996983848e-33
7,lbfgs,1709,5963.343999999998,8598.681599999996,1.0137635895174781e-07,9.911776605506627e-08,3.494666390280963e-10,5.0801184221452574e-08,4.79671151945856e-08,2.026313867317805e-09,0.0,1.9835062056173187e-25,1.0200667969508682e-32,1.2980656932219008e-33
7,lbfgs,1719,5963.343999999998,8598.681599999996,1.0121699896135015e-07,9.894070490937227e-08,3.3765231662609154e-10,5.0693381922819495e-08,4.790967066992669e-08,2.0440143501415025e-09,0.0,1.9204349808999838e-25,1.0200865938884468e-32,1.2981484912174035e-33
7,lbfgs,1729,5963.343999999998,8598.681599999996,1.0104104435878472e-07,9.873028028983903e-08,3.2604214514875513e-10,5.04907118589694e-08,4.7913526285720865e-08,2.0784876249458263e-09,0.0,1.8834450576603677e-25,1.0200865233725943e-32,1.2983173460854023e-33
7,lbfgs,1739,5963.343999999998,8598.681599999996,1.0087963970171678e-07,9.859888543447474e-08,3.2914155858464055e-10,5.0477670231600464e-08,4.779207364428963e-08,2.0484719889113592e-09,0.0,1.8834061489776989e-25,1.0200797323855682e-32,1.2982250058517085e-33
7,lbfgs,1749,5963.343999999998,8598.681599999996,1.0073174390128181e-07,9.846144985985646e-08,3.3059484108998576e-10,5.043114496928294e-08,4.7699710049483536e-08,2.0380074672160957e-09,0.0,1.885404717614213e-25,1.020086105235092e-32,1.2981999810123037e-33
7,lbfgs,1759,5963.343999999998,8598.681599999996,1.0054517175626957e-07,9.82916585516811e-08,3.3625145029932544e-10,5.041667149839106e-08,4.7538735602990716e-08,2.0212189312992557e-09,0.0,1.9013006891097223e-25,1.0201140113434814e-32,1.298136787656615e-33
7,lbfgs,1769,5963.343999999998,8598.681599999996,1.0039704941514995e-07,9.814016955799715e-08,3.320942293382791e-10,5.031314081761875e-08,4.7494934511040125e-08,2.0245840928928118e-09,0.0,1.882550679646794e-25,1.0201133404983648e-32,1.2981716496534598e-33
7,lbfgs,1779,5963.343999999998,8598.681599999996,1.0021395925513471e-07,9.794819163592092e-08,3.2582095052359795e-10,5.012714868478693e-08,4.749522200061038e-08,2.033472536062907e-09,0.0,1.8662817335901834e-25,1.0200867254994149e-32,1.2982587204443517e-33
7,lbfgs,1789,5963.343999999998,8598.681599999996,1.0006468473853019e-07,9.781167643770703e-08,3.2760877602674713e-10,5.0101983715254035e-08,4.738208394642625e-08,2.0207082284280747e-09,0.0,1.8666355445491607e-25,1.0200984557135478e-32,1.2982195362751086e-33
7,lbfgs,1799,5963.343999999998,8598.681599999996,9.988689376760158e-08,9.765332894607629e-08,3.3560535657904517e-10,5.015025255791612e-08,4.716747103158112e-08,2.0012548959677913e-09,0.0,1.879127110083216e-25,1.0201471297480633e-32,1.2981119823637445e-33
7,lbfgs,1809,5963.343999999998,8598.681599999996,9.973482552519014e-08,9.749631507863138e-08,3.299654469155715e-10,5.001982211799823e-08,4.7146527513717585e-08,2.006200076470762e-09,0.0,1.858904021612822e-25,1.0201398296998189e-32,1.2981634860752884e-33
7,lbfgs,1819,5963.343999999998,8598.681599999996,9.956562714290095e-08,9.731489667725554e-08,3.2389136458966065e-10,4.977119090438534e-08,4.7219814408280544e-08,2.0184238260956476e-09,0.0,1.8649755736453523e-25,1.0200843156670685e-32,1.298316126404594e-33
7,lbfgs,1829,5963.343999999998,8598.681599999996,9.940777625763593e-08,9.717237934682549e-08,3.251540369565476e-10,4.977290275227641e-08,4.707432255759253e-08,2.00308384540081e-09,0.0,1.8552980885739578e-25,1.0201063193675618e-32,1.2982478286884705e-33
7,lbfgs,1839,5963.343999999998,8598.681599999996,9.926275378298214e-08,9.703392815589509e-08,3.255202439936157e-10,4.97347096570724e-08,4.6973698254829065e-08,1.9965081925324178e-09,0.0,1.8484057953802697e-25,1.0201215998721085e-32,1.298223094635908e-33
7,lbfgs,1849,5963.343999999998,8598.681599999996,9.908417130609513e-08,9.68620724388445e-08,3.2815744564501784e-10,4.973947636794838e-08,4.67944386252511e-08,1.9897735204993154e-09,0.0,1.8306957189609211e-25,1.0201714994866696e-32,1.2981421072596055e-33
7,lbfgs,1859,5963.343999999998,8598.681599999996,9.893752773900754e-08,9.671753333576307e-08,3.2564792906704986e-10,4.9631756324769325e-08,4.6760129081926695e-08,1.987667853690601e-09,0.0,1.82823728465551e-25,1.0201601422360636e-32,1.2981796616881433e-33
7,lbfgs,1869,5963.343999999998,8598.681599999996,9.87651669741599e-08,9.654777806456879e-08,3.2395342870929315e-10,4.944156216367823e-08,4.678226247218127e-08,1.9850635890006904e-09,0.0,1.8585034478057407e-25,1.0201062874341921e-32,1.2982962235065646e-33
7,lbfgs,1879,5963.343999999998,8598.681599999996,9.8614833577188e-08,9.640440969650616e-08,3.235914870924077e-10,4.941834884099491e-08,4.666246936841885e-08,1.9780932591519345e-09,0.0,1.8402284884678324e-25,1.0201305973448507e-32,1.2982481368256826e-33
7,lbfgs,1889,5963.343999999998,8598.681599999996,9.847292698488121e-08,9.626646231292034e-08,3.2321244519797136e-10,4.9370826231015124e-08,4.657242363670725e-08,1.974130174706057e-09,0.0,1.8292592545819172e-25,1.0201452417060551e-32,1.29822900889814e-33
7,lbfgs,1899,5963.343999999998,8598.681599999996,9.829512564932811e-08,9.608997971830478e-08,3.2331673985064373e-10,4.934461979702956e-08,4.642204318142457e-08,1.9728049228744394e-09,0.0,1.7980809946416654e-25,1.0201895408207102e-32,1.2981620491834421e-33
7,lbfgs,1909,5963.343999999998,8598.681599999996,9.815230634042894e-08,9.595189578777528e-08,3.2220394491224134e-10,4.9253176457800265e-08,4.637651538506277e-08,1.968067764082311e-09,0.0,1.8032763663373079e-25,1.0201791539886394e-32,1.2981925257040665e-33
7,lbfgs,1919,5963.343999999998,8598.681599999996,9.797921916290647e-08,9.578801678541084e-08,3.229088825286598e-10,4.910390727443579e-08,4.6361200628446386e-08,1.958859072395217e-09,0.0,1.846296679567133e-25,1.0201329034215774e-32,1.2982903974246708e-33
7,lbfgs,1929,5963.343999999998,8598.681599999996,9.783401365345043e-08,9.56460631934795e-08,3.2163758510812536e-10,4.9064161494264295e-08,4.6260264114107074e-08,1.955602677992053e-09,0.0,1.8230434470922305e-25,1.0201553181783094e-32,1.2982515425417362e-33
7,lbfgs,1939,5963.343999999998,8598.681599999996,9.766867513653054e-08,9.547447198497572e-08,3.211223570420468e-10,4.90686044669262e-08,4.608474516100748e-08,1.9618472840051664e-09,0.0,1.7557963975844114e-25,1.0202262137952408e-32,1.2981233724904544e-33
7,lbfgs,1949,5963.343999999998,8598.681599999996,9.751837373808445e-08,9.533196931958972e-08,3.196582636184204e-10,4.896276353077315e-08,4.6049547525198143e-08,1.9540475739358904e-09,0.0,1.7731417110440742e-25,1.0202063663183168e-32,1.2981780965175774e-33
7,lbfgs,1959,5963.343999999998,8598.681599999996,9.737870117931927e-08,9.519811467018808e-08,3.192724739092994e-10,4.888276866211078e-08,4.5996073534168004e-08,1.9482274897285985e-09,0.0,1.7818945569392956e-25,1.0201978685798906e-32,1.298204218351776e-33
7,lbfgs,1969,5963.343999999998,8598.681599999996,9.720598995659797e-08,9.503754779416587e-08,3.2125531676495305e-10,4.876242479306662e-08,4.595386768433429e-08,1.9360814453977605e-09,0.0,1.8302910221462716e-25,1.0201597920414455e-32,1.2982882880746394e-33
7,lbfgs,1979,5963.343999999998,8598.681599999996,9.706479578581081e-08,9.489785156698328e-08,3.1953862226097456e-10,4.8711537237814844e-08,4.5866775706907474e-08,1.934579601263678e-09,0.0,1.80507061851876e-25,1.0201793833682338e-32,1.2982559135967214e-33
7,lbfgs,1989,5963.343999999998,8598.681599999996,9.6898024773282e-08,9.47219326228843e-08,3.1692980531071036e-10,4.867827915109922e-08,4.572672366647438e-08,1.943720980179548e-09,0.0,1.730532062625232e-25,1.0202401188961007e-32,1.2981442694910379e-33
7,lbfgs,1999,5963.343999999998,8598.681599999996,9.675330150838568e-08,9.458627349916182e-08,3.1668207117488697e-10,4.859195886402808e-08,4.567763256395885e-08,1.9346551917137738e-09,0.0,1.7528651494295393e-25,1.0202232548795415e-32,1.2981922443751506e-33
7,lbfgs,2009,5963.343999999998,8598.681599999996,9.661635317565387e-08,9.445549675789359e-08,3.166955252849577e-10,4.8519868157313035e-08,4.561893307529559e-08,1.9284811936709635e-09,0.0,1.763060107800549e-25,1.0202165749199603e-32,1.2982151428607882e-33
7,lbfgs,2019,5963.343999999998,8598.681599999996,9.644465711878077e-08,9.429707627082798e-08,3.1929247328519726e-10,4.8419181633147506e-08,4.5558602164395275e-08,1.915203187469197e-09,0.0,1.81228635765267e-25,1.0201854877068702e-32,1.2982888214345133e-33
7,lbfgs,2029,5963.343999999998,8598.681599999996,9.63067816472159e-08,9.415985779753406e-08,3.174127582348314e-10,4.836153472442429e-08,4.5480910314874936e-08,1.9145426502375004e-09,0.0,1.787078728495e-25,1.0202026097518708e-32,1.298260630967141e-33
7,lbfgs,2039,5963.343999999998,8598.681599999996,9.613973457301399e-08,9.398288806076759e-08,3.137356550173375e-10,4.830304278204447e-08,4.536610962370579e-08,1.924459771595428e-09,0.0,1.7117767666373258e-25,1.020254265047123e-32,1.2981630788626435e-33
7,lbfgs,2049,5963.343999999998,8598.681599999996,9.599943522160165e-08,9.385188935225814e-08,3.141546204039349e-10,4.822996485694514e-08,4.5307769874909067e-08,1.9151570667349335e-09,0.0,1.7356703318028368e-25,1.0202403307064195e-32,1.298205376085572e-33
7,lbfgs,2059,5963.343999999998,8598.681599999996,9.584017079530458e-08,9.371344637431637e-08,3.21553510447929e-10,4.81418508391709e-08,4.525004202469755e-08,1.894334169420661e-09,0.0,1.8439837352169146e-25,1.020183065557086e-32,1.2983473551031136e-33
7,lbfgs,2069,5963.343999999998,8598.681599999996,9.569463726288357e-08,9.35666581784067e-08,3.1720654379026267e-10,4.8076532235128495e-08,4.517291939948794e-08,1.895584821057759e-09,0.0,1.7935673283763837e-25,1.0202100492409706e-32,1.2982901694739935e-33
7,lbfgs,2079,5963.343999999998,8598.681599999996,9.555963152807762e-08,9.343198054188876e-08,3.1531857831530077e-10,4.801465871348667e-08,4.510200325008679e-08,1.8952534309230312e-09,0.0,1.7694736412266578e-25,1.0202249775283368e-32,1.2982656291978947e-33
7,lbfgs,2089,5963.343999999998,8598.681599999996,9.539303765534387e-08,9.32557375026492e-08,3.1118130249446675e-10,4.7939689670332704e-08,4.500486652982203e-08,1.9048977032333717e-09,0.0,1.6971062357188272e-25,1.0202690502727626e-32,1.2981799282978478e-33
7,lbfgs,2099,5963.343999999998,8598.681599999996,9.525640039817101e-08,9.31281640526854e-08,3.119455877502466e-10,4.7875559691052836e-08,4.494065877388231e-08,1.895831585145286e-09,0.0,1.720634988906628e-25,1.0202575996826565e-32,1.2982177022931549e-33
7,lbfgs,2109,5963.343999999998,8598.681599999996,9.509584917435183e-08,9.298835825308276e-08,3.1915990155370573e-10,4.780783236521225e-08,4.48613659863168e-08,1.87508391548088e-09,0.0,1.8216198264795924e-25,1.0202102249977904e-32,1.298341661986391e-33
7,lbfgs,2119,5963.343999999998,8598.681599999996,9.495548585185612e-08,9.284624501186444e-08,3.150978783034486e-10,4.773582963149669e-08,4.4795317502064304e-08,1.8768302315141314e-09,0.0,1.7748823631366239e-25,1.0202335263763988e-32,1.2982920767961739e-33
8,adam,0,8598.681599999996,11598.681599999996,0.10882768938623195,0.08162076697071341,0.0002777681331109261,0.05880698816687845,0.022536010670724027,0.02720692232357112,0.0,1.1944291124238332e-21,1.9600000580627522e-30,2.499999999999994e-31
8,adam,24,8598.681599999996,11598.681599999996,0.026705732099209616,0.012760258521487176,0.00016969541302253358,0.007739283581642485,0.00485127952682216,0.013945473483970149,0.0,5.929991502693174e-23,2.6478109596304105e-31,5.391640467472364e-32
8,adam,49,8598.681599999996,11598.681599999996,0.021199723588360184,0.007764736073967432,2.9260265752022165e-05,0.005178499556843859,0.0025569762513715515,0.013434987417953013,0.0,3.926172473995928e-23,1.819114539779862e-31,2.7968839754306786e-32
8,adam,74,8598.681599999996,11598.681599999996,0.018596834370439137,0.00541760747291716,4.614838442574724e-06,0.003659652356266344,0.001753340278208241,0.013179226797078218,0.0,6.888621064989491e-25,1.3145503155100068e-31,1.8938123153189875e-32
8,adam,99,8598.681599999996,11598.681599999996,0.01735360196808114,0.004395138314138868,2.559300549053436e-06,0.002966974928548551,0.0014256040850412642,0.012958463549786426,0.0,5.108413682439179e-25,1.0576962910026721e-31,1.575122490342907e-32
8,adam,124,8598.681599999996,11598.681599999996,0.016590229477593508,0.003856463399091835,9.681820592502613e-07,0.0026339928212625045,0.0012215023957700803,0.012733765971407593,0.0,2.2010235110778847e-25,9.109416962094993e-32,1.4004748335749927e-32
8,adam,149,8598.681599999996,11598.681599999996,0.016147259049269516,0.0035819053210229706,8.238501238080294e-07,0.0024525097232877945,0.0011285717476113679,0.012565353619125646,0.0,2.838366650828152e-25,8.202004905635743e-32,1.301784483471591e-32
8,adam,174,8598.681599999996,11598.681599999996,0.01584651851788011,0.003411869447714787,9.196795470844466e-07,0.002338157587205651,0.001072792180962052,0.012434648959687244,0.0,3.677434851532923e-25,7.59903629410516e-32,1.2400570129280395e-32
8,adam,199,8598.681599999996,11598.681599999996,0.01562126275765987,0.0033050448015346477,9.284537729385296e-07,0.0022706384398421937,0.0010334779079195155,0.012316217844600956,0.0,3.7318286760682504e-25,7.139275572127909e-32,1.1950988276088484e-32
8,adam,224,8598.681599999996,11598.681599999996,0.015093039479296372,0.002879404140521561,8.732032241753306e-07,0.0020001680370672773,0.0008783629002301083,0.012213635226479698,0.0,3.08497306987402e-25,5.940073774168917e-32,1.0320315026444288e-32
8,adam,249,8598.681599999996,11598.681599999996,0.01494999746289684,0.002833043692455707,7.544998621887026e-07,0.0019751331504453654,0.0008571560421481523,0.012116953657554051,0.0,2.318329332998915e-25,5.685195279749612e-32,1.0082456541535715e-32
8,adam,274,8598.681599999996,11598.681599999996,0.01481554340602707,0.0027915348405229655,6.105455382081921e-07,0.0019518828518012,0.0008390414431835575,0.012024008452101949,0.0,1.3846373494252794e-25,5.469372478848427e-32,9.898126353066222e-33
8,adam,299,8598.681599999996,11598.681599999996,0.014678327032962513,0.002743362941968786,4.251470320256831e-07,0.0019206149399566578,0.0008223228549801025,0.011934963977048664,0.0,5.809696361181957e-26,5.282252249930774e-32,9.745337709747858e-33
8,adam,324,8598.681599999996,11598.681599999996,0.014526983736611666,0.002679397676710115,2.3998350311864863e-07,0.0018735013448950893,0.0008056563483119071,0.01184758594524069,0.0,3.167422058003144e-26,5.117194274275095e-32,9.623273304253282e-33
8,adam,349,8598.681599999996,11598.681599999996,0.014342767443952874,0.002583168201896825,1.8656822746396797e-07,0.0017942545163909724,0.0007887271172783885,0.0117595991263404,0.0,5.312596944246408e-26,4.970117663903689e-32,9.531356661896202e-33
8,adam,374,8598.681599999996,11598.681599999996,0.014054431298071268,0.0023948435848955025,7.671494742188621e-07,0.0016238216277057432,0.0007702548077155403,0.011659587595811259,0.0,4.002046527182831e-25,4.8298947021878573e-32,9.44147902393121e-33
8,adam,399,8598.681599999996,11598.681599999996,0.0134867165675122,0.0019963794946753948,1.0969175229549772e-06,0.0012385781139684403,0.0007567044631839994,0.01149033695285368,0.0,1.0294261257329599e-24,4.5683576919070967e-32,9.084176452759316e-33
8,adam,424,8598.681599999996,11598.681599999996,0.01288249806622535,0.001765477277834611,1.9690740449307272e-07,0.0010315194929830954,0.0007337608774470222,0.0111170206656779,0.0,2.6664064786036955e-25,4.637116222880533e-32,8.11408885716218e-33
8,adam,449,8598.681599999996,11598.681599999996,0.012094765151650446,0.0014953893102670171,1.9284802013936275e-07,0.0008867418224331907,0.0006084546398136871,0.010599375715756802,0.0,3.4590495382330833e-25,4.283215459772059e-32,6.960049138572808e-33
8,adam,474,8598.681599999996,11598.681599999996,0.011383209593988619,0.0013257801039078545,1.6754127751061095e-07,0.0008017353893871039,0.00052387717324324,0.010057429361412759,0.0,3.8823993321219996e-25,4.011137495169762e-32,6.412181856543518e-33
8,adam,499,8598.681599999996,11598.681599999996,0.01073346402669745,0.0011959400948792912,1.7353595895003542e-07,0.0007366918533890698,0.0004590747055312712,0.009537523800155679,0.0,4.804392748646315e-25,3.797529114163445e-32,5.9702522433540655e-33
8,adam,524,8598.681599999996,11598.681599999996,0.010127390521727868,0.001087502506569049,1.58688357571777e-07,0.0006806216661108093,0.0004067221521006679,0.009039887880542923,0.0,4.294340995058872e-25,3.61083687276147e-32,5.5857944808221226e-33
8,adam,549,8598.681599999996,11598.681599999996,0.009558376128646056,0.0009954125567049553,1.7400775418608045e-07,0.0006335118147039632,0.0003617267342468062,0.008562963434427103,0.0,4.741671364699857e-25,3.4499192588254676e-32,5.23305345979967e-33
8,adam,574,8598.681599999996,11598.681599999996,0.009022400981535415,0.0009161044334949219,1.9322677354849617e-07,0.0005914412411349269,0.00032446996558644655,0.008106296407714679,0.0,5.318932841685635e-25,3.3039400698136823e-32,4.930660291469933e-33
8,adam,599,8598.681599999996,11598.681599999996,0.008518100797209629,0.0008474886355184627,1.7378468478005788e-07,0.0005536080792626274,0.0002937067715710553,0.007670612018618941,0.0,4.476822925081258e-25,3.1694044858100666e-32,4.661974283950424e-33
8,adam,624,8598.681599999996,11598.681599999996,0.007998220863043535,0.0007276158079809732,1.5867463311851624e-07,0.0004816469412518357,0.000245810192096019,0.00727060490952246,0.0,4.0605354056899994e-25,2.7206769826502187e-32,4.374534586870218e-33
8,adam,649,8598.681599999996,11598.681599999996,0.007551137677458432,0.0006722018955136391,1.3596900047700575e-07,0.00043962727213988067,0.0002324386543732815,0.006878935634322118,0.0,3.2310317996593933e-25,2.658700649808738e-32,3.873575256129431e-33
8,adam,674,8598.681599999996,11598.681599999996,0.007141747019103646,0.0006313467302914621,1.2286493206916111e-07,0.00041496556863799796,0.00021625829672139495,0.0065104001391002525,0.0,2.6945179702894037e-25,2.560751332769955e-32,3.751190099300593e-33
8,adam,699,8598.681599999996,11598.681599999996,0.006757747134147576,0.000596183801109859,1.1682985642953098e-07,0.00039380221992785214,0.00020226475132557737,0.006161563181233474,0.0,2.4895867762126576e-25,2.480885740610801e-32,3.603368215610463e-33
8,adam,724,8598.681599999996,11598.681599999996,0.006394899163829466,0.0005645050609923431,1.1199916363943555e-07,0.00037393240227942136,0.00019046065954928228,0.005830393948970197,0.0,2.405997456412551e-25,2.408949528560694e-32,3.463599953316314e-33
8,adam,749,8598.681599999996,11598.681599999996,0.006113344706774256,0.0005596180717939159,1.0587060790406824e-07,0.0003977947101801696,0.0001617174910058422,0.0055537264790719845,0.0,2.285231606413349e-25,2.3635023763188426e-32,3.364166919020634e-33
8,adam,774,8598.681599999996,11598.681599999996,0.005732923276711678,0.0005102846501595689,9.232438595635415e-08,0.00034413893567857316,0.0001660533900950394,0.005222638468897596,0.0,2.104022733452732e-25,2.2746332955091052e-32,3.233532158101654e-33
8,adam,799,8598.681599999996,11598.681599999996,0.005421592568029421,0.0004832188503768114,8.091952720036902e-08,0.00032308929359693554,0.00016004863725267547,0.0049383735581471,0.0,1.8008401831712316e-25,2.224643876861427e-32,3.098733526758632e-33
8,adam,824,8598.681599999996,11598.681599999996,0.005132901605165218,0.0004647426711808128,6.825548209521788e-08,0.0003097248660479682,0.00015494954965074938,0.004668158772485388,0.0,1.4615160868634594e-25,2.2258480866620612e-32,3.054561876738056e-33
8,adam,849,8598.681599999996,11598.681599999996,0.00485978437980136,0.00044529557000567456,5.6679578868214707e-08,0.00031294162673093696,0.00013229726369586934,0.004414488646334396,0.0,1.34051840429459e-25,2.179102708792686e-32,2.937237961117987e-33
8,adam,874,8598.681599999996,11598.681599999996,0.004592043649104685,0.0004194305172978381,5.3264014102209816e-08,0.00027277335275109756,0.00014660390053263835,0.004172612966605614,0.0,1.3234842830466906e-25,2.1100027389182434e-32,2.8097926543865718e-33
8,adam,899,8598.681599999996,11598.681599999996,0.004338279018839281,0.00039404571076795294,4.9049030993750066e-08,0.0002598181631596561,0.00013417849857730305,0.003944233140944301,0.0,1.2022642808968845e-25,2.0623836231463177e-32,2.734702883914947e-33
8,adam,924,8598.681599999996,11598.681599999996,0.00412933733512295,0.00039442894292599515,4.315192931557262e-08,0.00025514811476106753,0.00013923767623561203,0.0037349082231983408,0.0,1.1062073182877742e-25,1.9217875529694072e-32,2.868699636552755e-33
8,adam,949,8598.681599999996,11598.681599999996,0.0038787564702245205,0.0003545269679017676,3.8606861434072246e-08,0.0002349292618552353,0.00011955909918509822,0.003524229331677149,0.0,1.0338609804907172e-25,1.9317888253076092e-32,2.6396275016033215e-33
8,adam,974,8598.681599999996,11598.681599999996,0.0036609097116688887,0.00033102892317232583,3.724916710995329e-08,0.0002179042741219301,0.00011308739988328577,0.0033298806160322442,0.0,1.0091031402837632e-25,1.9095647288460168e-32,2.504373779349437e-33
8,adam,999,8598.681599999996,11598.681599999996,0.007221598645435656,0.0020177189970218374,3.2804893730356166e-07,0.001398059633994502,0.0006193313140900317,0.005203879472698225,0.0,2.7532221160082503e-25,4.406799100652582e-32,4.060654055206345e-33
8,adam,1024,8598.681599999996,11598.681599999996,0.022321052160762567,0.0074056657704756924,5.4777251499796574e-08,0.0023591153018473416,0.005046495691376851,0.014915386204358533,0.0,3.54939301258339e-26,7.807926479907507e-32,1.512243381897785e-32
8,adam,1049,8598.681599999996,11598.681599999996,0.020524879105396757,0.006361723521699249,3.0580350633143223e-09,0.002273467530001632,0.004088252933662553,0.01416315539608813,0.0,1.6739111411491665e-27,6.16296756816592e-32,1.1613722376409447e-32
8,adam,1074,8598.681599999996,11598.681599999996,0.01919365238975255,0.005677039890524864,4.112625641945576e-09,0.0023372050040454547,0.0033398307738537673,0.013516612311207493,0.0,5.113147131358207e-27,5.540969825147276e-32,1.0116676591060768e-32
8,adam,1099,8598.681599999996,11598.681599999996,0.01815158417906337,0.005152464497354438,8.004865273286435e-09,0.002379403871528763,0.0027730526209604014,0.012999119493434588,0.0,7.88948726180237e-27,5.205848726251442e-32,9.259926103661014e-33
8,adam,1124,8598.681599999996,11598.681599999996,0.017276952428786668,0.0047202626202535675,1.0902353667469614e-08,0.002396170721259948,0.002324080996639952,0.012556689620025076,0.0,8.748131244452276e-27,4.987411951864287e-32,8.709324495149768e-33
8,adam,1149,8598.681599999996,11598.681599999996,0.016499413611866836,0.004343626823055813,1.5130493205524728e-08,0.0023773032138869666,0.001966308478675641,0.012155786600049486,0.0,1.0561224681126631e-26,4.8368556295262314e-32,8.365775171958456e-33
8,adam,1174,8598.681599999996,11598.681599999996,0.015730296923604753,0.0039781277864213834,2.3084542750110508e-08,0.0022939577697585855,0.0016841469321200481,0.011752168948098404,0.0,1.8475577693838997e-26,4.7282360982223585e-32,8.164380328738091e-33
8,adam,1199,8598.681599999996,11598.681599999996,0.014470821697532471,0.003540290409543602,3.918198394634537e-08,0.0020879449486473616,0.0014523062789122936,0.01093053109844216,0.0,3.4096397683380766e-26,4.5912087291884745e-32,7.920727467034562e-33
8,adam,1224,8598.681599999996,11598.681599999996,0.005895190756421317,0.0017851882099729841,2.4897477625077395e-07,0.001178230598605725,0.0006067086365910083,0.004110002353139566,0.0,8.570804738496745e-25,2.0223903262903265e-32,3.443416184982058e-33
8,adam,1249,8598.681599999996,11598.681599999996,0.005034775912338168,0.0012510283006850636,1.2272001377105668e-07,0.0005864586574070513,0.0006644469232642412,0.0037837474165073695,0.0,3.8155218566507033e-25,1.7530994005624848e-32,2.5640104358160787e-33
8,adam,1274,8598.681599999996,11598.681599999996,0.0046106297468907894,0.0009222192374357305,6.215126189710983e-08,0.00038225343117631437,0.0005399036549975191,0.003688410314143837,0.0,1.3848424926260217e-25,1.636244463296575e-32,2.6982705736271583e-33
8,adam,1299,8598.681599999996,11598.681599999996,0.004310112924739809,0.0007276199776896895,4.248887144098487e-08,0.0002765505672578809,0.0004510269215603676,0.0035824927518276965,0.0,5.225076396090078e-26,1.6351954674708437e-32,2.8818168530460465e-33
8,adam,1324,8598.681599999996,11598.681599999996,0.003997354525537008,0.0005165093504119612,9.480724763945353e-08,0.00026285402420012885,0.00025356051896419286,0.003480844979996007,0.0,1.7417009987956382e-25,1.7213487299102584e-32,2.7438488956480063e-33
8,adam,1349,8598.681599999996,11598.681599999996,0.003817694607065552,0.00042853504171221876,1.547855623219039e-07,0.00024321198577308896,0.0001851682703768079,0.0033891593700527112,0.0,2.3754265630470798e-25,1.7682160069633138e-32,2.8658121260791334e-33
8,adam,1374,8598.681599999996,11598.681599999996,0.0037065819933591905,0.00039894228790299745,1.29264488824927e-07,0.00022588917091534533,0.00017292385249882718,0.0033076395099218177,0.0,1.6934734630879577e-25,1.776617814430773e-32,2.989448111219655e-33
8,adam,1399,8598.681599999996,11598.681599999996,0.003613030991653018,0.0003786653251457618,8.896568081466306e-08,0.00021389771613621562,0.0001646786433287315,0.003234365470763292,0.0,1.1096364125653908e-25,1.771915200445531e-32,2.9587645703657937e-33
8,lbfgs,1400,8598.681599999996,11598.681599999996,0.003611266536427557,0.00037976672312690083,8.681612320529385e-08,0.00021019517802896287,0.0001694847289747327,0.00323149961754915,0.0,1.1232130895407909e-25,1.6329451801789217e-32,2.9049238102016315e-33
8,lbfgs,1409,8598.681599999996,11598.681599999996,0.001407876543731526,0.0005888804020343703,1.81544120096646e-07,0.00022557733558990127,0.00036312152232437233,0.000818995940662035,0.0,7.409625203857547e-26,1.5255274284032962e-32,1.7824333951063776e-33
8,lbfgs,1419,8598.681599999996,11598.681599999996,0.0004687898734736209,0.00032300340217395997,4.814178119476539e-08,0.00026056028596229726,6.239497443046797e-05,0.00014578626600330767,0.0,7.537029303696806e-26,1.5330281026989293e-32,1.3095994218228402e-33
8,lbfgs,1429,8598.681599999996,11598.681599999996,0.0001839908328332795,0.00017961266603648633,1.0508456440985359e-07,7.159684523078883e-05,0.00010791073624128766,4.377959092575473e-06,0.0,1.0621863758437095e-25,9.85283340990775e-33,1.9368468568546432e-33
8,lbfgs,1439,8598.681599999996,11598.681599999996,0.00015026826776178814,0.00014724842201343407,6.625306351349842e-08,6.585553992136123e-05,8.132662902855936e-05,3.0196307713843287e-06,0.0,1.5425644425657965e-25,1.1292503130717573e-32,1.9654914167546407e-33
8,lbfgs,1449,8598.681599999996,11598.681599999996,9.761620288484492e-05,9.197931242863196e-05,3.446566514374544e-08,4.322218065405731e-05,4.872266610943091e-05,5.636655570483631e-06,0.0,8.561749474450118e-26,1.0390314379688407e-32,1.797745383849162e-33
8,lbfgs,1459,8598.681599999996,11598.681599999996,7.766042854244362e-05,7.733190408515956e-05,4.245585230091844e-08,3.807722899584663e-05,3.9212219237012e-05,3.2829089264370495e-07,0.0,9.12888298706635e-26,1.0365799548711317e-32,1.642125043931664e-33
8,lbfgs,1469,8598.681599999996,11598.681599999996,6.761685719608002e-05,6.664316016284099e-05,2.1619982809834002e-08,2.8091749235002083e-05,3.852979094502907e-05,9.734629269871083e-07,0.0,6.984192169196595e-26,9.961518956972402e-33,1.5668759408145676e-33
8,lbfgs,1479,8598.681599999996,11598.681599999996,5.5693145185023234e-05,5.457230783804079e-05,7.313556329603226e-08,1.9571764842649124e-05,3.4927407432095636e-05,1.120610496635692e-06,0.0,1.4055559890686907e-25,9.963739470008106e-33,1.585888977569161e-33
8,lbfgs,1489,8598.681599999996,11598.681599999996,3.711325456289793e-05,3.501800311070109e-05,1.4524418584601673e-07,2.1623379558019264e-05,1.3249379366835809e-05,2.0950260854078734e-06,0.0,4.419215112558997e-25,9.479153927767042e-33,1.2675738108698058e-33
8,lbfgs,1499,8598.681599999996,11598.681599999996,1.9939963226323237e-05,1.9558172248720863e-05,9.454076457101731e-08,8.698795340242595e-06,1.0764836143907251e-05,3.8156613558569126e-07,0.0,2.268909895256221e-25,8.649622007765006e-33,1.2916808773772e-33
8,lbfgs,1509,8598.681599999996,11598.681599999996,1.7057726392058475e-05,1.6710128762049113e-05,8.873109991855657e-09,7.716125406343581e-06,8.985130245713675e-06,3.473752805947793e-07,0.0,1.7336851225883298e-26,8.482410935274796e-33,1.3070894557235524e-33
8,lbfgs,1519,8598.681599999996,11598.681599999996,1.28633061694594e-05,1.2584150101356244e-05,3.6284991597753656e-08,7.685032409761476e-06,4.862832699997015e-06,2.789361800529478e-07,0.0,1.091343071545931e-25,8.531275852670554e-33,1.207148328852871e-33
8,lbfgs,1529,8598.681599999996,11598.681599999996,1.0458646301379284e-05,1.0231574294648755e-05,1.998409534283584e-08,6.1504476121877e-06,4.061142587118219e-06,2.2685289477023513e-07,0.0,4.2670692736134344e-26,8.50395542550712e-33,1.178279243278074e-33
8,lbfgs,1539,8598.681599999996,11598.681599999996,5.185043848684006e-06,5.166068375699159e-06,1.6680065931427455e-07,1.4442510454676957e-06,3.555016670917189e-06,1.8755626546311154e-08,0.0,5.381294822235506e-25,8.92047490914729e-33,1.2297854151944403e-33
8,lbfgs,1549,8598.681599999996,11598.681599999996,4.308599753391453e-06,4.19210595361856e-06,8.085198396896451e-08,1.5140325803410882e-06,2.5972213893085075e-06,1.1627388608813884e-07,0.0,3.016952635670009e-25,8.952001623841199e-33,1.2308946771889727e-33
8,lbfgs,1559,8598.681599999996,11598.681599999996,2.98691423798267e-06,2.9742463038153312e-06,3.223367277497721e-08,1.04292616320915e-06,1.8990864678312043e-06,1.2446365082147795e-08,0.0,1.1034779530167518e-25,9.029362325788078e-33,1.2071351910745352e-33
8,lbfgs,1569,8598.681599999996,11598.681599999996,2.4087559047057286e-06,2.3846721763421718e-06,1.4148803425288066e-08,8.444498327675528e-07,1.5260735401493309e-06,2.3862800895545352e-08,0.0,4.358977671026641e-26,9.058278736041976e-33,1.196445896348799e-33
8,lbfgs,1579,8598.681599999996,11598.681599999996,1.985939215229652e-06,1.973079234515764e-06,1.1711080663852216e-08,6.832482396856975e-07,1.2781199141662145e-06,1.2639315862343757e-08,0.0,2.196036406643682e-26,8.952384161324287e-33,1.2064728357089292e-33
8,lbfgs,1589,8598.681599999996,11598.681599999996,1.6058074018702033e-06,1.595974626328491e-06,1.632919572470309e-08,7.070261647274019e-07,8.726192658763858e-07,9.611560229471721e-09,0.0,5.0395859271738914e-26,8.985349190758209e-33,1.2022701241647539e-33
8,lbfgs,1599,8598.681599999996,11598.681599999996,1.4203238006252494e-06,1.3874323324267528e-06,1.5276919730234114e-08,6.961246345614779e-07,6.760307781350408e-07,3.266915768970106e-08,0.0,4.5811544740675667e-26,8.919576259836458e-33,1.2052902084676936e-33
8,lbfgs,1609,8598.681599999996,11598.681599999996,1.2674112651986888e-06,1.252521662737686e-06,1.5638647743666607e-08,6.37589015386873e-07,5.992939996071465e-07,1.4666813076829117e-08,0.0,4.391829993979067e-26,9.003403057933483e-33,1.207510194167794e-33
8,lbfgs,1619,8598.681599999996,11598.681599999996,1.0046622759222176e-06,9.872150811119678e-07,7.667382929572264e-09,5.511357288270745e-07,4.2841196935532096e-07,1.722336210438085e-08,0.0,1.8159436110244107e-26,8.975537718729198e-33,1.1987597624966267e-33
8,lbfgs,1629,8598.681599999996,11598.681599999996,9.021276247044405e-07,8.844399783331774e-07,1.4541112555509534e-08,4.653638145006082e-07,4.045350512770596e-07,1.746373508698219e-08,0.0,4.965588542875095e-26,8.962869500326614e-33,1.1916628306025675e-33
8,lbfgs,1639,8598.681599999996,11598.681599999996,7.641280273440513e-07,7.464829860223778e-07,1.1286887232515751e-08,3.664813202679127e-07,3.687147785219493e-07,1.741961179284461e-08,0.0,2.770597612223199e-26,8.987919430238081e-33,1.2098688561500793e-33
8,lbfgs,1649,8598.681599999996,11598.681599999996,5.838501854850416e-07,5.662114240918724e-07,3.110017951077221e-08,2.366961712898683e-07,2.9841507329123186e-07,1.7408988557521463e-08,0.0,1.2014573747509707e-25,9.039212100217313e-33,1.2010248453631042e-33
8,lbfgs,1659,8598.681599999996,11598.681599999996,5.539805410629707e-07,5.401439553532201e-07,1.3070421178899593e-08,2.466688977378134e-07,2.804046364365071e-07,1.3606334192065636e-08,0.0,4.659505447961946e-26,9.017353992511413e-33,1.2072978217512245e-33
8,lbfgs,1669,8598.681599999996,11598.681599999996,5.083689175326736e-07,4.978971316432565e-07,5.187660775477787e-09,2.066380014289942e-07,2.860714694387845e-07,1.0241625838227215e-08,0.0,1.330015446870921e-26,9.011524686070695e-33,1.2107736519552056e-33
8,lbfgs,1679,8598.681599999996,11598.681599999996,4.54569608901913e-07,4.415575545996909e-07,2.6734150005564147e-09,1.6247617581403244e-07,2.764079637851021e-07,1.2778645377293435e-08,0.0,7.56013035932419e-27,9.020252936356047e-33,1.2062059447356498e-33
8,lbfgs,1689,8598.681599999996,11598.681599999996,3.916724059697557e-07,3.80410050132862e-07,9.69106883749342e-09,1.2904819460327399e-07,2.416707866920946e-07,1.1025977907154264e-08,0.0,2.9205023224623546e-26,9.02607278849874e-33,1.212396457790952e-33
8,lbfgs,1699,8598.681599999996,11598.681599999996,3.380690673501751e-07,3.2883115671779644e-07,5.3986702915316574e-09,1.1828112737935048e-07,2.051513590469143e-07,8.995482606602502e-09,0.0,8.720978464784958e-27,9.027135828575082e-33,1.2136755485024672e-33
8,lbfgs,1709,8598.681599999996,11598.681599999996,3.0655539354122465e-07,2.9440152510061705e-07,4.977537669242463e-09,1.1630614679619003e-07,1.7311784063518453e-07,1.1909047553310644e-08,0.0,6.307140989249837e-27,9.043927687932191e-33,1.2117430712224094e-33
8,lbfgs,1719,8598.681599999996,11598.681599999996,2.691660125310882e-07,2.590198436121694e-07,6.991806237599093e-09,1.1841021560777262e-07,1.3361782176679768e-07,9.898637121317351e-09,0.0,1.1762541481100344e-26,9.052022300675797e-33,1.2159301636371735e-33
8,lbfgs,1729,8598.681599999996,11598.681599999996,2.315845019523314e-07,2.2225006456574277e-07,3.6722533275810134e-09,1.1175805121689854e-07,1.0681976002126322e-07,9.085314857227122e-09,0.0,3.153744665048543e-27,9.041156009845646e-33,1.211258219403132e-33
8,lbfgs,1739,8598.681599999996,11598.681599999996,1.9258749444758552e-07,1.9040454304102567e-07,4.771856438776476e-09,1.0043538083658942e-07,8.519730576565978e-08,1.9310786521598694e-09,0.0,9.81966004923426e-27,9.035284022948742e-33,1.2080639673363933e-33
8,lbfgs,1749,8598.681599999996,11598.681599999996,1.765867464126921e-07,1.7314190861343414e-07,3.6577759278342973e-09,8.316967713937986e-08,8.631445554621999e-08,3.192300140849225e-09,0.0,5.063164549101104e-27,9.028931125360194e-33,1.2090153132125813e-33
8,lbfgs,1759,8598.681599999996,11598.681599999996,1.5348893415670994e-07,1.4700672304872148e-07,3.5428783051968238e-09,8.936276367803176e-08,5.41010810654929e-08,6.226982328551448e-09,0.0,7.548650971184664e-27,9.008533564569971e-33,1.2082033243069056e-33
8,lbfgs,1769,8598.681599999996,11598.681599999996,1.3094216560844163e-07,1.2502548240184638e-07,4.2668715325180645e-09,6.785166790981749e-08,5.290694295951083e-08,5.661556243496068e-09,0.0,1.2608609000464653e-26,9.028148688930295e-33,1.2070045674828698e-33
8,lbfgs,1779,8598.681599999996,11598.681599999996,1.0475615698839885e-07,1.0166119348176015e-07,2.0268390574552334e-09,5.6075045571665e-08,4.355930885263992e-08,2.8402689783127813e-09,0.0,4.490991399141287e-27,9.01154448486279e-33,1.2103134421893434e-33
8,lbfgs,1789,8598.681599999996,11598.681599999996,1.0150030901458072e-07,9.896541216629753e-08,2.308330093111636e-09,5.469801671791776e-08,4.1959065355268134e-08,2.280100445841039e-09,0.0,5.254049073319623e-27,9.015799947746279e-33,1.209550786435225e-33
8,lbfgs,1799,8598.681599999996,11598.681599999996,1.0076962983673342e-07,9.84678585469558e-08,2.0358844158193494e-09,5.416607907958338e-08,4.226589505155306e-08,2.0469883955535883e-09,0.0,4.365830950500927e-27,9.014571452418089e-33,1.2096258547217317e-33
8,lbfgs,1809,8598.681599999996,11598.681599999996,9.866708176299471e-08,9.61588618344169e-08,1.9794569222754296e-09,5.2491705381916766e-08,4.1687699530224714e-08,2.253220314370803e-09,0.0,3.408241823131764e-27,9.021806749888074e-33,1.2079612426360087e-33
8,lbfgs,1819,8598.681599999996,11598.681599999996,8.822685549046754e-08,8.524220603616124e-08,3.6315090573948045e-09,4.4791048588808365e-08,3.681964838995807e-08,2.7265713917120288e-09,0.0,7.434357762353257e-27,9.016274241422062e-33,1.2076292527041468e-33
8,lbfgs,1829,8598.681599999996,11598.681599999996,8.654276416180604e-08,8.441762293415144e-08,4.710461807328758e-09,4.3986239669008004e-08,3.572092145781468e-08,1.866114476622977e-09,0.0,9.94927922497452e-27,9.016043812539199e-33,1.2087776533232755e-33
8,lbfgs,1839,8598.681599999996,11598.681599999996,8.176159551721461e-08,8.042020000371642e-08,4.697412642854757e-09,4.123358085291457e-08,3.44892065079471e-08,1.0803888480248028e-09,0.0,1.3562735922424373e-26,9.01406686643741e-33,1.2092112901646526e-33
8,lbfgs,1849,8598.681599999996,11598.681599999996,7.937504359108785e-08,7.838833844254579e-08,2.9551050266528436e-09,4.097508417185061e-08,3.4458149244042336e-08,7.266328915454417e-10,0.0,6.924200984444512e-27,9.013049529587217e-33,1.2085329152227465e-33
8,lbfgs,1859,8598.681599999996,11598.681599999996,7.237882616362451e-08,7.112211386710366e-08,1.529218112355746e-09,3.40734155949715e-08,3.5519480159776417e-08,9.953237556890116e-10,0.0,1.8321080983271168e-27,9.025868231802517e-33,1.2082952629156979e-33
8,lbfgs,1869,8598.681599999996,11598.681599999996,5.6508348198591114e-08,5.529969989853789e-08,9.049793019072812e-10,2.648818818793219e-08,2.7906532408698422e-08,9.444311928800216e-10,0.0,1.4973099990174235e-27,9.024639719400324e-33,1.2045456573212361e-33
8,lbfgs,1879,8598.681599999996,11598.681599999996,5.2969961803406067e-08,5.1350333477798603e-08,1.4608947308367473e-09,2.442259556764656e-08,2.5466843179315292e-08,1.3536935210306967e-09,0.0,3.565060919814085e-27,9.01804601344066e-33,1.2054963314554055e-33
8,lbfgs,1889,8598.681599999996,11598.681599999996,5.199712646939686e-08,5.011183097735947e-08,1.251602811356654e-09,2.352606291010299e-08,2.533416525589983e-08,1.6184264833944465e-09,0.0,2.5451815711038936e-27,9.019239844734492e-33,1.2050676397113763e-33
8,lbfgs,1899,8598.681599999996,11598.681599999996,5.0408017899102226e-08,4.914543450703868e-08,1.0932739691955817e-09,2.2418280571171068e-08,2.5633879966672027e-08,9.949742205166528e-10,0.0,1.8942922273167326e-27,9.022166099472212e-33,1.2055566553298898e-33
8,lbfgs,1909,8598.681599999996,11598.681599999996,5.017366677407859e-08,4.895981907726791e-08,1.0459741686768312e-09,2.2205173303069135e-08,2.5708671605521943e-08,9.461535881773265e-10,0.0,1.7405347504037433e-27,9.023651644796755e-33,1.205060162364804e-33
8,lbfgs,1919,8598.681599999996,11598.681599999996,5.009506957164095e-08,4.890061714324788e-08,1.0248175363169746e-09,2.2191906497224613e-08,2.5683893109706287e-08,9.267728661803805e-10,0.0,1.6082213961280897e-27,9.023392440601424e-33,1.2049305620783969e-33
8,lbfgs,1929,8598.681599999996,11598.681599999996,5.0039360046739885e-08,4.877871940905032e-08,1.007561139854831e-09,2.2117673865915616e-08,2.5653484403279874e-08,9.929231503267366e-10,0.0,1.5797354239560227e-27,9.023562978443594e-33,1.2050764340406019e-33
8,lbfgs,1939,8598.681599999996,11598.681599999996,4.99965064924569e-08,4.8753904273853835e-08,1.001643757777836e-09,2.2114944065251734e-08,2.5637316450824265e-08,9.748960381150853e-10,0.0,1.5152111625606678e-27,9.023397589641445e-33,1.204977912932307e-33
8,lbfgs,1949,8598.681599999996,11598.681599999996,4.996128886994099e-08,4.866865648880827e-08,9.901362466244605e-10,2.2060896640437388e-08,2.561762360174642e-08,1.0248971815473668e-09,0.0,1.5010192003829848e-27,9.023531655912565e-33,1.205091332970098e-33
8,lbfgs,1959,8598.681599999996,11598.681599999996,4.99308214608904e-08,4.865886984499148e-08,9.901630122160504e-10,2.2062528445866254e-08,2.560617838690917e-08,1.0042280243794958e-09,0.0,1.4664778751537098e-27,9.023394599151422e-33,1.2050056524795616e-33
8,lbfgs,1969,8598.681599999996,11598.681599999996,4.99033906735517e-08,4.859013985985214e-08,9.81097736579967e-10,2.2018367341838496e-08,2.5590674781433673e-08,1.0455035587900698e-09,0.0,1.4589462043136001e-27,9.023516414974769e-33,1.2051034932111015e-33
8,lbfgs,1979,8598.681599999996,11598.681599999996,4.987798511672768e-08,4.85875760997945e-08,9.83770765936157e-10,2.2023050408019653e-08,2.558075492583869e-08,1.0226748038612618e-09,0.0,1.4385742791294843e-27,9.023397338382376e-33,1.2050231203394582e-33
8,lbfgs,1989,8598.681599999996,11598.681599999996,4.9853954819053936e-08,4.852715880733197e-08,9.758145138452399e-10,2.1984423935921974e-08,2.5566920357564755e-08,1.0590416261437648e-09,0.0,1.4343496154958933e-27,9.023515746962542e-33,1.2051132437799452e-33
8,lbfgs,1999,8598.681599999996,11598.681599999996,4.983090715283792e-08,4.852860284104765e-08,9.798082767567364e-10,2.199134105404702e-08,2.5557453510243893e-08,1.0345645762874622e-09,0.0,1.4213740166265372e-27,9.023407507666815e-33,1.2050352718227912e-33
8,lbfgs,2009,8598.681599999996,11598.681599999996,4.980856530529271e-08,4.8472816933976724e-08,9.723982373051106e-10,2.1956071471039877e-08,2.5544347225631738e-08,1.0679908864698328e-09,0.0,1.4189294050038388e-27,9.023524939242233e-33,1.2051212856831909e-33
8,lbfgs,2019,8598.681599999996,11598.681599999996,4.9786764483690785e-08,4.847669274269491e-08,9.771045339196789e-10,2.1964585460608296e-08,2.553500274816693e-08,1.0423303378096252e-09,0.0,1.4101109269251616e-27,9.023423011440808e-33,1.2050444993400557e-33
8,lbfgs,2029,8598.681599999996,11598.681599999996,4.9765371788407234e-08,4.842372101531514e-08,9.699924201271504e-10,2.1931472966629756e-08,2.5522255628558233e-08,1.0738933668504238e-09,0.0,1.4087098737368182e-27,9.023539937729028e-33,1.2051281187449829e-33
8,lbfgs,2039,8598.681599999996,11598.681599999996,4.9744313852006304e-08,4.8429165378234535e-08,9.751013883953801e-10,2.1941108633839187e-08,2.5512955355999968e-08,1.0474083117618063e-09,0.0,1.4023525473001132e-27,9.023441591025723e-33,1.2050519899510402e-33
8,lbfgs,2049,8598.681599999996,11598.681599999996,4.972351826580484e-08,4.8378028541472793e-08,9.681707243032166e-10,2.1909444837749347e-08,2.550041297942023e-08,1.077734844511252e-09,0.0,1.4016161140772965e-27,9.02355800430523e-33,1.2051340964945158e-33
8,lbfgs,2059,8598.681599999996,11598.681599999996,4.970295153381232e-08,4.838453629874921e-08,9.73512209090921e-10,2.1919863792000803e-08,2.5491160297657484e-08,1.0506785016451579e-09,0.0,1.396769700243674e-27,9.023461627185209e-33,1.2050583896634973e-33
8,lbfgs,2069,8598.681599999996,11598.681599999996,4.968256896783108e-08,4.8334664626626585e-08,9.667039324723956e-10,2.1889208816239268e-08,2.5478751877914924e-08,1.0801538480259122e-09,0.0,1.3964882530481874e-27,9.023577471485707e-33,1.2051394772904757e-33
8,lbfgs,2079,8598.681599999996,11598.681599999996,4.966235595345897e-08,4.834192653379084e-08,9.721795174550436e-10,2.1900176007402708e-08,2.546957100893309e-08,1.052697754681925e-09,0.0,1.3925933289237413e-27,9.02348212653497e-33,1.2050640837547322e-33
8,lbfgs,2089,8598.681599999996,11598.681599999996,4.964228163889737e-08,4.8292966711205977e-08,9.65460999845256e-10,2.18702464033945e-08,2.5457259307966225e-08,1.0815702234301567e-09,0.0,1.392641741706559e-27,9.023597392440557e-33,1.2051444503702567e-33
8,lbfgs,2099,8598.681599999996,11598.681599999996,4.962234107163177e-08,4.8300786331174287e-08,9.710117165123195e-10,2.188160006236701e-08,2.544817455229496e-08,1.0538293698113662e-09,0.0,1.3893567814163999e-27,9.023502542080658e-33,1.205069316991598e-33
8,lbfgs,2109,8598.681599999996,11598.681599999996,4.960251088357792e-08,4.8252507489843746e-08,9.643633722383727e-10,2.185220786909083e-08,2.5435936248514546e-08,1.0822655293244918e-09,0.0,1.3896547052609135e-27,9.023617266550299e-33,1.2051491524374582e-33
8,lbfgs,2119,8598.681599999996,11598.681599999996,4.958279141694588e-08,4.8260755657587076e-08,9.6995306586644e-10,2.186383654045682e-08,2.5426966051263813e-08,1.0543175963643278e-09,0.0,1.3867654937411891e-27,9.023522607734598e-33,1.205074250434194e-33
8,lbfgs,2129,8598.681599999996,11598.681599999996,4.956316365406393e-08,4.8213000362141376e-08,9.6336225916521e-10,2.183485410047568e-08,2.5414784002500485e-08,1.0824330503971181e-09,0.0,1.3872578875666862e-27,9.023636855158195e-33,1.2051536804962812e-33
8,lbfgs,2139,8598.681599999996,11598.681599999996,4.9543631010550876e-08,4.822158921526994e-08,9.689684654869117e-10,2.184668037604098e-08,2.540594037374205e-08,1.054331516743128e-09,0.0,1.3846272832640177e-27,9.023542220916201e-33,1.205078991810493e-33
8,lbfgs,2149,8598.681599999996,11598.681599999996,4.95241771659746e-08,4.8174246316185465e-08,9.624265622325042e-10,2.181801913570734e-08,2.539380061824562e-08,1.082208810035015e-09,0.0,1.3852744233005675e-27,9.023656066341364e-33,1.205158102142605e-33
9,adam,0,11598.681599999996,14598.681599999996,0.10882744139758395,0.08162058098189609,0.0002775837997779089,0.05880698651139415,0.022536010670724027,0.027206860327298684,0.0,2.9498333015093686e-24,1.9600000028865e-30,2.499999999999994e-31
9,adam,24,11598.681599999996,14598.681599999996,0.026271991568279675,0.012450077652828642,0.00017657293009736398,0.00811501133120743,0.004158493391523849,0.01382191382535559,0.0,1.3210664405355004e-25,2.766738841227248e-31,4.636735324951508e-32
9,adam,49,11598.681599999996,14598.681599999996,0.021301856906734955,0.007912132807776329,9.72961814053973e-06,0.005202029474718034,0.0027003737149177555,0.013389724006682134,0.0,2.706834498635609e-26,1.8258064370069998e-31,2.973934756503142e-32
9,adam,74,11598.681599999996,14598.681599999996,0.01847277798221016,0.005370021815626616,3.5831578437566566e-06,0.0036515303288378524,0.001714908328945007,0.013102756070720254,0.0,1.1674686684231657e-27,1.3191918457532863e-31,1.8681360058733846e-32
9,adam,99,11598.681599999996,14598.681599999996,0.017081042959803335,0.004236561000541418,1.6676986676269017e-06,0.002857636401378817,0.0013772569004949747,0.012844481859683855,0.0,6.245368729485009e-28,1.021672160891891e-31,1.5411876056357236e-32
9,adam,124,11598.681599999996,14598.681599999996,0.016340549754470485,0.003716429785621928,1.2286140806324107e-06,0.002517420776258684,0.0011977803952826116,0.012624119866478366,0.0,4.286623410028448e-28,8.748875811024545e-32,1.3718956847457884e-32
9,adam,149,11598.681599999996,14598.681599999996,0.015865267258701278,0.003424081385761088,7.950393981280924e-07,0.002328584542705149,0.0010947018036578107,0.012441185768592182,0.0,3.430944664198458e-28,7.821196507379298e-32,1.2637766394967314e-32
9,adam,174,11598.681599999996,14598.681599999996,0.01554630477250934,0.003259659032500347,6.549239286108512e-07,0.002221817364273766,0.00103718674429797,0.012286645634196729,0.0,2.926781857862668e-28,7.193503015787782e-32,1.2017766184803773e-32
9,adam,199,11598.681599999996,14598.681599999996,0.015297523039496145,0.0031474423362458466,6.091151966763745e-07,0.002151249402846289,0.0009955838182028813,0.01215008059624841,0.0,2.7709076931807623e-28,6.727166000631299e-32,1.1579826682818374e-32
9,adam,224,11598.681599999996,14598.681599999996,0.014848485248034013,0.0027846210370332204,5.390304296821185e-07,0.0019425509668220542,0.0008415310397814841,0.012063864103025844,0.0,2.9007503851339993e-28,5.561137169079539e-32,1.0035877622449569e-32
9,adam,249,11598.681599999996,14598.681599999996,0.014676552192405674,0.0027143324767741166,4.236909577092193e-07,0.001895012752590883,0.0008188960332255245,0.011962219606762858,0.0,2.8269536935026893e-28,5.332192770680735e-32,9.80744385988671e-33
9,adam,274,11598.681599999996,14598.681599999996,0.014472337954254006,0.00262156357551778,2.9978964506763764e-07,0.0018224817710010052,0.0007987820148717073,0.01185077426882568,0.0,3.0684882598580264e-28,5.14315554584358e-32,9.711588408561908e-33
9,adam,299,11598.681599999996,14598.681599999996,0.014146043557701453,0.002417402882461658,3.045158650954774e-07,0.0016367789645000547,0.0007803194020965079,0.011728640563819693,0.0,4.834614485891034e-28,4.979227699311537e-32,9.6845158203684e-33
9,adam,324,11598.681599999996,14598.681599999996,0.013455666874099258,0.0019452036156303457,7.28845343390325e-07,0.0011764129432378007,0.0007680618270491545,0.0115104631444289,0.0,1.297841317397856e-27,4.6400822528191777e-32,8.978039517042182e-33
9,adam,349,11598.681599999996,14598.681599999996,0.012589068068397196,0.0015764079392165788,3.6392407771377805e-07,0.0009413351718029138,0.0006347088433359514,0.01101266001233607,0.0,6.8813443221646355e-28,4.1668118357892167e-32,7.165168136002294e-33
9,adam,374,11598.681599999996,14598.681599999996,0.01178489479656828,0.0013486018031981066,4.038850573763717e-07,0.0008207770305079195,0.0005274208876328107,0.01043629287314874,0.0,9.914979144127987e-28,3.8349639390119597e-32,6.204933104830406e-33
9,adam,399,11598.681599999996,14598.681599999996,0.011044487221553745,0.0011910247979122798,3.8206288508940756e-07,0.0007383359897571765,0.0004523067452700138,0.009853462300022363,0.0,1.1724795495325196e-27,3.581309293325099e-32,5.6012750767582176e-33
9,adam,424,11598.681599999996,14598.681599999996,0.01039669673332708,0.0011065522964171196,3.6445627834130046e-07,0.0006946202192013082,0.0004115676209374701,0.009290144310056822,0.0,1.2785870694443478e-27,3.494684335028519e-32,5.364515858697757e-33
9,adam,449,11598.681599999996,14598.681599999996,0.009761874623257864,0.0010071121144380368,3.2681453262085014e-07,0.0006393175603550245,0.0003674677395503914,0.008754762378906362,0.0,1.129238764942912e-27,3.312669594689924e-32,5.0042349653039376e-33
9,adam,474,11598.681599999996,14598.681599999996,0.009166961576521115,0.0009211656767888156,2.829416283953428e-07,0.0005913477703244872,0.00032953496483593297,0.008245795766805427,0.0,8.552202651389022e-28,3.157020064029636e-32,4.6920950337003126e-33
9,adam,499,11598.681599999996,14598.681599999996,0.00860660355892958,0.0008465248675179175,2.468567632411742e-07,0.0005493297524497378,0.0002969482583049385,0.007760078555456018,0.0,6.457727751968639e-28,3.0180197392170073e-32,4.416020575194312e-33
9,adam,524,11598.681599999996,14598.681599999996,0.008080834988466776,0.0007824968374174776,2.188609068118076e-07,0.0005124272662619966,0.0002698507102486692,0.007298338012127252,0.0,5.572655256113912e-28,2.891533376636446e-32,4.177241947530288e-33
9,adam,549,11598.681599999996,14598.681599999996,0.007589138089461932,0.0007272117033911024,1.8946285562798261e-07,0.00047996367189013004,0.00024705856864534433,0.00686192624432816,0.0,4.955095905694336e-28,2.7790075794278735e-32,3.9644551400789216e-33
9,adam,574,11598.681599999996,14598.681599999996,0.00712872297644991,0.0006784372408384661,1.6020224854126233e-07,0.0004506813117186537,0.00022759572687127113,0.006450285591187397,0.0,4.4854640386806705e-28,2.6785344005243125e-32,3.773044530901327e-33
9,adam,599,11598.681599999996,14598.681599999996,0.006707055861554224,0.0006363990048422832,1.23310311129893e-07,0.00043551060912782604,0.00020076508540332723,0.006070656709792102,0.0,3.7557436992429017e-28,2.606751884783142e-32,3.544021702537022e-33
9,adam,624,11598.681599999996,14598.681599999996,0.0063037579637160845,0.0005995532508498957,8.708747100367499e-08,0.00039774045481968414,0.00020172570855920793,0.005704204563978459,0.0,4.0775573365482095e-28,2.5104346518610895e-32,3.3246392037038664e-33
9,adam,649,11598.681599999996,14598.681599999996,0.005925330311851313,0.0005634754659404506,1.121692838055801e-07,0.00037555346723572113,0.0001878098294209239,0.005361854694945884,0.0,4.512610836344523e-28,2.4268519113480462e-32,3.265130626139339e-33
9,adam,674,11598.681599999996,14598.681599999996,0.005572057851124113,0.0005312777699761988,9.739660790297031e-08,0.0003541990404636162,0.00017698133290467962,0.005040779928008243,0.0,4.339216084703076e-28,2.3632964481535652e-32,3.139493221827785e-33
9,adam,699,11598.681599999996,14598.681599999996,0.00524363892790954,0.0005065216940657669,9.61775092288097e-08,0.0003421889993650073,0.0001642365171915308,0.004737117078587101,0.0,3.2173454453658483e-28,2.2960131738918326e-32,3.021229971010903e-33
9,adam,724,11598.681599999996,14598.681599999996,0.00493119578135567,0.0004781831495821415,5.335571003587553e-08,0.00031428209018271344,0.0001638477036893922,0.004453012474557006,0.0,2.2922271904643714e-28,2.2352040272534797e-32,2.9201417755367e-33
9,adam,749,11598.681599999996,14598.681599999996,0.004632754020760367,0.00045136585012213416,5.3288473434740126e-08,0.00029896596604938203,0.0001523465955993174,0.004181388011285834,0.0,2.280222203384813e-28,2.176375584953237e-32,2.8463573279355147e-33
9,adam,774,11598.681599999996,14598.681599999996,0.004354069912655588,0.0004276543513896929,4.565004449140003e-08,0.00028253155516327357,0.000145077146181928,0.003926415399782568,0.0,1.9943405138307283e-28,2.1221999615811339e-32,2.7590563338701907e-33
9,adam,799,11598.681599999996,14598.681599999996,0.0041125150507394966,0.00042141297774042456,1.0219075494343891e-07,0.000283091343021889,0.0001382194439635921,0.0036911019095136905,0.0,2.3838095600105697e-28,2.017732204804383e-32,2.8953801432020505e-33
9,adam,824,11598.681599999996,14598.681599999996,0.0038447475827036157,0.0003813609021454965,3.00191236325404e-08,0.00023825571501757782,0.00014307516800428618,0.0034633865152491027,0.0,1.8458213550438822e-28,1.9369482140517886e-32,2.6427640602924197e-33
9,adam,849,11598.681599999996,14598.681599999996,0.003614496550051814,0.0003608800622110439,3.091174262059366e-08,0.00022663675489854862,0.00013421239556987463,0.003253616320567813,0.0,1.9728408574983724e-28,1.896941077623287e-32,2.55509423061844e-33
9,adam,874,11598.681599999996,14598.681599999996,0.003396336785330626,0.00034162101874322546,3.414336230858388e-08,0.00021310290258067378,0.00012848397280024307,0.003054715597362479,0.0,2.195467942086291e-28,1.8490434887502764e-32,2.5030295541702357e-33
9,adam,899,11598.681599999996,14598.681599999996,0.003188836025680336,0.0003212028563594583,4.18895881621873e-08,0.0001992809288655454,0.00012188003790575071,0.0028676329981342907,0.0,2.4780056014551457e-28,1.8106422508744253e-32,2.4219719946489385e-33
9,adam,924,11598.681599999996,14598.681599999996,0.0030702302612830162,0.00037486174759755487,2.473075430841033e-07,0.0002189017426185874,0.00015571269743588337,0.0026953683406508414,0.0,2.0932485077330084e-27,1.5654621785394292e-32,3.203226998186711e-33
9,adam,949,11598.681599999996,14598.681599999996,0.0028269678234949607,0.00029712016524642895,1.1548103423396516e-07,0.00017662361831053812,0.00012038106590165685,0.002529847483642505,0.0,3.9973750544467797e-28,1.724763533195903e-32,2.1306551806919013e-33
9,adam,974,11598.681599999996,14598.681599999996,0.002643351946494106,0.00027064690727201856,8.810142212651472e-08,0.00016738517470756865,0.00010317363114232339,0.0023727048628307077,0.0,3.732099329275982e-28,1.6930225594532374e-32,2.2106693045940188e-33
9,adam,999,11598.681599999996,14598.681599999996,0.002476589290705734,0.00025258548983202346,1.1756056998216009e-07,0.0001536289912790416,9.883893798299968e-05,0.002224003622701312,0.0,3.2770119044683796e-28,1.6497685951471634e-32,2.1975586301712787e-33
9,adam,1024,11598.681599999996,14598.681599999996,0.00232495962573915,0.00024212277478752962,1.2974706708453636e-07,0.00014562775049977618,9.63652772206689e-05,0.0020828366709909362,0.0,3.059233192184113e-28,1.6127838528595095e-32,2.192037618979974e-33
9,adam,1049,11598.681599999996,14598.681599999996,0.002179023541942738,0.00022826561685040735,1.3147115677975334e-07,0.00013595022676187222,9.218391893175538e-05,0.0019507577434032715,0.0,2.7972527575075006e-28,1.5701108347192562e-32,2.115973512795082e-33
9,adam,1074,11598.681599999996,14598.681599999996,0.0020423585111583576,0.00021596605351495934,1.2623680519256487e-07,0.00012735673640884443,8.848308030092232e-05,0.0018263922742804955,0.0,2.3959747000846626e-28,1.5346568280978146e-32,2.0537871723642198e-33
9,adam,1099,11598.681599999996,14598.681599999996,0.0019136841478334101,0.0002045258363604093,1.1452843826247111e-07,0.00011925915974348365,8.515214817866319e-05,0.0017091581264804389,0.0,1.9983860825160323e-28,1.5022060302898017e-32,2.004168175796981e-33
9,adam,1124,11598.681599999996,14598.681599999996,0.0017920093243164272,0.00019336134251239545,1.0338868587826961e-07,0.00011160828374601675,8.164967008050044e-05,0.0015986477952081044,0.0,1.6726807633477505e-28,1.472718294689009e-32,1.961596509826668e-33
9,adam,1149,11598.681599999996,14598.681599999996,0.0025387537314136553,0.000784849182605466,1.2199689155229266e-06,0.0006889961327280935,9.463308096184964e-05,0.0017539043609048196,0.0,7.435937150724223e-27,2.3676039191552718e-32,1.6120481007807965e-33
9,adam,1174,11598.681599999996,14598.681599999996,0.005424175571550484,0.0032934882928322695,1.6937588800378155e-06,0.002362060552177209,0.0009297339817750229,0.002130687082569909,0.0,9.479996315980237e-27,1.793842901499823e-32,1.762015232774124e-33
9,adam,1199,11598.681599999996,14598.681599999996,0.004977594453521224,0.0028375908902007405,3.367277518879085e-07,0.001955164423925495,0.0008820897385233574,0.002140003366648682,0.0,2.254832513920316e-27,1.7965816484679593e-32,1.305498797566477e-33
9,adam,1224,11598.681599999996,14598.681599999996,0.0045176764154591376,0.002452808629812242,9.128174608597183e-08,0.0017518612279038058,0.0007008561201623503,0.002064867589022012,0.0,5.422473775805601e-28,1.9366342260762302e-32,1.1836465627310617e-33
9,adam,1249,11598.681599999996,14598.681599999996,0.00411572611935461,0.002124769332239608,6.870839945645984e-08,0.0015820175083266167,0.0005426831155135349,0.0019909565904140656,0.0,3.2264289666413206e-28,1.8394631649318172e-32,1.0771433598275425e-33
9,adam,1274,11598.681599999996,14598.681599999996,0.003774038968956953,0.0018442714971486536,8.891783147644571e-08,0.0014043540290002313,0.0004398285503169459,0.0019297672748455274,0.0,3.6929041652764656e-28,1.782234941317568e-32,1.056868976607806e-33
9,adam,1299,11598.681599999996,14598.681599999996,0.0034837897494226396,0.0016080320923857914,1.1754894636038515e-07,0.0012468794159302859,0.0003610351275091451,0.0018757574596560604,0.0,3.923827628254447e-28,1.7425810123781148e-32,1.0701272263498448e-33
9,adam,1324,11598.681599999996,14598.681599999996,0.0032335681900599058,0.001406242265220027,1.5347403885731476e-07,0.0011066394676137379,0.0002994493235674318,0.0018273257269347774,0.0,4.031650131519388e-28,1.7119983196025308e-32,1.0997097420538976e-33
9,adam,1349,11598.681599999996,14598.681599999996,0.003017119069017675,0.0012331925505782513,1.8795208638030883e-07,0.0009794232580062504,0.00025358134048562067,0.0017839263199357107,0.0,4.0199716785656424e-28,1.6891312131026538e-32,1.1370413703883066e-33
9,adam,1374,11598.681599999996,14598.681599999996,0.0028293784016058064,0.0010845921213498645,2.056667423097559e-07,0.000865341888480325,0.00021904456612722978,0.0017447860810969964,0.0,3.8841659300905915e-28,1.672808868298397e-32,1.1789091657913754e-33
9,adam,1399,11598.681599999996,14598.681599999996,0.002666695793782171,0.0009576792905117593,1.964247265276734e-07,0.0007642775309030447,0.00019320533488218704,0.0017090163034105524,0.0,3.640230088652246e-28,1.6640069729334175e-32,1.2224378032062824e-33
9,lbfgs,1400,11598.681599999996,14598.681599999996,0.002659855434188753,0.0009522160232023736,1.990644498653144e-07,0.0007615670608592573,0.0001904498978932509,0.001707639211097698,0.0,3.6401816177269757e-28,1.5376019673313232e-32,1.223210694311324e-33
9,lbfgs,1409,11598.681599999996,14598.681599999996,0.0009792804614616895,0.00046822330290250953,7.38006020397835e-05,0.00021995062042383403,0.000174472080438892,0.0005110569547135702,0.0,2.0685660642731795e-25,1.0260050144636436e-32,2.7786288102942718e-33
9,lbfgs,1419,11598.681599999996,14598.681599999996,0.00015232399915839515,0.0001410430722791189,7.318601463650812e-07,7.87978017328173e-05,6.151341039993652e-05,1.1280715732590097e-05,0.0,1.4910787042803282e-27,1.060117303614493e-32,1.793501980804975e-33
9,lbfgs,1429,11598.681599999996,14598.681599999996,6.887331020151716e-05,6.628406739603509e-05,1.9338798993342047e-06,2.7453560283942037e-05,3.689662721275884e-05,2.5890300531511693e-06,0.0,9.910222324237145e-27,1.049514167888341e-32,1.7083463154241645e-33
9,lbfgs,1439,11598.681599999996,14598.681599999996,2.524321919362637e-05,2.3856898852227712e-05,1.0022026390730482e-06,1.1888510556317032e-05,1.0966185656837634e-05,1.3861068785395997e-06,0.0,6.530309683556565e-27,9.83391934012677e-33,1.3594775903122306e-33
9,lbfgs,1449,11598.681599999996,14598.681599999996,9.919642034246784e-06,9.557801735611694e-06,3.769048832161714e-07,4.4280926517659775e-06,4.752804200629546e-06,3.616250708681766e-07,0.0,2.2119241130563625e-27,9.472087253368423e-33,1.3049636778469462e-33
9,lbfgs,1459,11598.681599999996,14598.681599999996,5.43806551945909e-06,5.24486689605462e-06,9.011431868364659e-08,2.941014859651858e-06,2.2137377177191157e-06,1.9298203116102595e-07,0.0,2.6742692381010303e-28,9.496611899922691e-33,1.2410380654112703e-33
9,lbfgs,1469,11598.681599999996,14598.681599999996,3.735770875504969e-06,3.4871777353170856e-06,2.1097673205384907e-07,2.2129165889372433e-06,1.0632844143259932e-06,2.4837536027585667e-07,0.0,1.612662905688303e-27,9.640475926751867e-33,1.2619810226309456e-33
9,lbfgs,1479,11598.681599999996,14598.681599999996,1.8169459606460828e-06,1.7028523091646022e-06,5.496735264320446e-08,1.1267434198876888e-06,5.21141536633709e-07,1.1387355192279637e-07,0.0,2.0832374356518974e-28,9.747887467261506e-33,1.2442922889065755e-33
9,lbfgs,1489,11598.681599999996,14598.681599999996,7.218338790593281e-07,6.85699923496206e-07,3.2859643905644715e-08,2.6559460069898535e-07,3.872456788915759e-07,3.5912544068174246e-08,0.0,1.0802400724350855e-28,9.98989691833575e-33,1.2518570748511158e-33
9,lbfgs,1499,11598.681599999996,14598.681599999996,6.648154391233935e-07,6.512807903057516e-07,2.7590804950443616e-08,2.508014752226817e-07,3.728885101326263e-07,1.3312470192956937e-08,0.0,1.0765984005726797e-28,1.000833348061504e-32,1.2539040399077059e-33
9,lbfgs,1509,11598.681599999996,14598.681599999996,5.487560858484738e-07,5.340960602207707e-07,8.746243154662807e-09,2.375348034600636e-07,2.878150136060442e-07,1.443673895961793e-08,0.0,4.528844232178186e-29,1.0047094784529448e-32,1.2537047846258358e-33
9,lbfgs,1519,11598.681599999996,14598.681599999996,4.6624748238352493e-07,4.599403633077471e-07,4.008767925157121e-09,2.503093425575777e-07,2.056222528250122e-07,6.084231341210356e-09,0.0,2.125697958827632e-29,1.0020806567167737e-32,1.2543097421577748e-33
9,lbfgs,1529,11598.681599999996,14598.681599999996,4.085361686225387e-07,4.0427567639398314e-07,3.701836769555572e-09,2.323034254371268e-07,1.6827041418730075e-07,4.036676066357635e-09,0.0,1.6303534081820516e-29,1.0027585101742765e-32,1.2508528800147919e-33
9,lbfgs,1539,11598.681599999996,14598.681599999996,3.3019527391271626e-07,3.2053367925859813e-07,2.0265365620064226e-08,2.072882995543815e-07,9.298001408415238e-08,9.437039342728428e-09,0.0,1.5548153372758889e-28,1.0005364701040055e-32,1.2524101333389864e-33
9,lbfgs,1549,11598.681599999996,14598.681599999996,2.777532841782681e-07,2.7266512942111734e-07,1.2460147756986143e-08,1.7582840435511786e-07,8.43765773090133e-08,4.8631482405181705e-09,0.0,5.339202008327746e-29,1.0021680230445078e-32,1.2461224111805534e-33
9,lbfgs,1559,11598.681599999996,14598.681599999996,1.993859743341563e-07,1.904006399655281e-07,2.582636121388232e-08,1.1358156498222238e-07,5.099271376942339e-08,8.759342043192039e-09,0.0,1.4603947364814726e-28,1.00263330263328e-32,1.2514792397123748e-33
9,lbfgs,1569,11598.681599999996,14598.681599999996,1.6430080300770142e-07,1.6082685480874006e-07,1.955933154189593e-08,9.057488313555214e-08,5.0692640131291987e-08,3.247205192823515e-09,0.0,1.0632401732906612e-28,1.0066353727275572e-32,1.2507978059561839e-33
9,lbfgs,1579,11598.681599999996,14598.681599999996,1.5234170211522216e-07,1.5124633913959904e-07,3.3018547631080445e-08,7.445913978031054e-08,4.3768651728208046e-08,8.673631550553268e-10,0.0,1.7701886681266998e-28,1.0076373014799693e-32,1.2501656900867551e-33
9,lbfgs,1589,11598.681599999996,14598.681599999996,1.263172398336638e-07,1.2212159129826226e-07,2.2274677880229157e-08,5.117708999438814e-08,4.8669823423644956e-08,3.966051079368214e-09,0.0,1.296174152921813e-28,1.0083366978816891e-32,1.2486164556973706e-33
9,lbfgs,1599,11598.681599999996,14598.681599999996,9.48396881465795e-08,9.294103275776512e-08,1.2125766099977083e-08,2.7069245214289328e-08,5.37460214434987e-08,1.6676964231062091e-09,0.0,7.492947138828758e-29,1.0093511343573698e-32,1.2501923989807019e-33
9,lbfgs,1609,11598.681599999996,14598.681599999996,8.467312476927808e-08,8.250351844348528e-08,8.437355769657565e-09,3.280734048914537e-08,4.1258822184682354e-08,1.9391029303415587e-09,0.0,4.5964547497541304e-29,1.009273416885325e-32,1.2536125521263496e-33
9,lbfgs,1619,11598.681599999996,14598.681599999996,6.769572502890857e-08,6.406524033305178e-08,6.3182062024498015e-09,2.457515068012244e-08,3.317188345047954e-08,3.400773605205461e-09,0.0,3.018842662281973e-29,1.0070241146581875e-32,1.2539084253870602e-33
9,lbfgs,1629,11598.681599999996,14598.681599999996,5.4819711631567453e-08,5.206460282380342e-08,4.347160873186933e-09,1.4692995885565958e-08,3.302444606505053e-08,2.52584826262824e-09,0.0,1.5469821882999346e-29,1.0071234124099028e-32,1.2521247455815549e-33
9,lbfgs,1639,11598.681599999996,14598.681599999996,5.0609676883079676e-08,4.8140222790964194e-08,5.827554823365711e-09,1.2638951200999991e-08,2.9673716766598494e-08,2.239724600406862e-09,0.0,3.295279934348512e-29,1.0080444140072196e-32,1.2519518423889283e-33
9,lbfgs,1649,11598.681599999996,14598.681599999996,4.364707541947746e-08,4.233766643236514e-08,6.709129001516206e-09,1.04804415037748e-08,2.5148095927074135e-08,1.079132720779119e-09,0.0,4.7312455956994716e-29,1.0077195507858671e-32,1.253624271208466e-33
9,lbfgs,1659,11598.681599999996,14598.681599999996,4.244551673320999e-08,4.1185312959256675e-08,6.101514865970637e-09,1.0283769923789275e-08,2.4800028169496765e-08,1.0296188630653863e-09,0.0,4.08311817793922e-29,1.0080826415662417e-32,1.2523945501033294e-33
9,lbfgs,1669,11598.681599999996,14598.681599999996,3.965893059543894e-08,3.771686696137656e-08,4.962168312542231e-09,9.327830249915176e-09,2.3426868398919153e-08,1.7114256387916312e-09,0.0,3.3979885493852533e-29,1.0086672220598386e-32,1.2527917686521393e-33
9,lbfgs,1679,11598.681599999996,14598.681599999996,2.864795321038242e-08,2.7253917272248966e-08,1.9615790375534893e-09,7.649402021834721e-09,1.7642936212860757e-08,1.1633055697162776e-09,0.0,8.06502378341135e-30,1.007496133786938e-32,1.25247062907676e-33
9,lbfgs,1689,11598.681599999996,14598.681599999996,2.58784632022339e-08,2.481352522953621e-08,1.5072698039092873e-09,7.2088846128989526e-09,1.609737081272797e-08,8.33910509492255e-10,0.0,3.2216101358728556e-30,1.0081066109751345e-32,1.2539814125801362e-33
9,lbfgs,1699,11598.681599999996,14598.681599999996,2.4856473281821175e-08,2.3924346770816487e-08,1.4232681150246121e-09,6.953030850339832e-09,1.5548047805452043e-08,7.014183323853932e-10,0.0,3.163158763476975e-30,1.0080463510449076e-32,1.2538632255667624e-33
9,lbfgs,1709,11598.681599999996,14598.681599999996,2.4545084069623464e-08,2.3487438401529078e-08,1.449441154861925e-09,7.0199726969017095e-09,1.501802454976544e-08,8.27079602294398e-10,0.0,3.465516934876007e-30,1.0080583319666392e-32,1.2536036206476358e-33
9,lbfgs,1719,11598.681599999996,14598.681599999996,2.4393192034924148e-08,2.3252164055215353e-08,1.3940551926309335e-09,6.993052703055819e-09,1.4865056159528601e-08,9.105002086895222e-10,0.0,3.3817270564985446e-30,1.0079300401435093e-32,1.2535381714735362e-33
9,lbfgs,1729,11598.681599999996,14598.681599999996,2.4263303065672414e-08,2.312025222173327e-08,1.3778462422637706e-09,7.023571051422607e-09,1.4718834928046892e-08,9.125433974025191e-10,0.0,3.40251566870882e-30,1.0079234082440064e-32,1.2533388319015352e-33
9,lbfgs,1739,11598.681599999996,14598.681599999996,2.4163364483607505e-08,2.3041140066616646e-08,1.3762714815057984e-09,6.993734083876612e-09,1.4671134501234236e-08,8.917086771346499e-10,0.0,3.3756747279754936e-30,1.0079150135127612e-32,1.2534073154790851e-33
9,lbfgs,1749,11598.681599999996,14598.681599999996,2.4043127356365316e-08,2.2954576330974762e-08,1.3733390993317022e-09,6.930940293569794e-09,1.4650296938073267e-08,8.580262293519452e-10,0.0,3.3044001416369746e-30,1.007885707180457e-32,1.2535965707010132e-33
9,lbfgs,1759,11598.681599999996,14598.681599999996,2.3947899248820668e-08,2.2861227279065654e-08,1.3683867872390194e-09,6.936716798200849e-09,1.4556123693625785e-08,8.561461434427963e-10,0.0,3.317678806346212e-30,1.0078967224881673e-32,1.2535215309342044e-33
9,lbfgs,1769,11598.681599999996,14598.681599999996,2.3836930003709112e-08,2.2734712572624748e-08,1.3665679450970765e-09,6.97852294712177e-09,1.4389621680405901e-08,8.716894674808709e-10,0.0,3.396845961199912e-30,1.0079384157491216e-32,1.2533044071411583e-33
9,lbfgs,1779,11598.681599999996,14598.681599999996,2.374459682740149e-08,2.266586417675072e-08,1.3609094104824457e-09,6.945736559392974e-09,1.4359218206875302e-08,8.482022776246399e-10,0.0,3.341097565028723e-30,1.0079138976916471e-32,1.2533954546622316e-33
9,lbfgs,1789,11598.681599999996,14598.681599999996,2.3658770271383324e-08,2.2594795520038924e-08,1.3565300528788405e-09,6.925723228095744e-09,1.4312542239064337e-08,8.334419278872527e-10,0.0,3.3129629042885165e-30,1.0079026706615513e-32,1.2534351138004188e-33
9,lbfgs,1799,11598.681599999996,14598.681599999996,2.3553004941192717e-08,2.2515885045057664e-08,1.349480300094131e-09,6.882834328174905e-09,1.4283570416788628e-08,8.065848723732908e-10,0.0,3.2489363690429855e-30,1.0078705008797583e-32,1.2535514701474369e-33
9,lbfgs,1809,11598.681599999996,14598.681599999996,2.3470921315509215e-08,2.2436284411330483e-08,1.3466664165572295e-09,6.885789256620949e-09,1.4203828738152304e-08,8.040988030733881e-10,0.0,3.260348185229779e-30,1.0078816546292502e-32,1.2535038236546787e-33
9,lbfgs,1819,11598.681599999996,14598.681599999996,2.3373066299508545e-08,2.232766177320443e-08,1.3479293054398378e-09,6.914988878506177e-09,1.4064743589258416e-08,8.148602680292915e-10,0.0,3.328564017354931e-30,1.007923102536922e-32,1.2533584682180633e-33
9,lbfgs,1829,11598.681599999996,14598.681599999996,2.3293462706804612e-08,2.22674170632555e-08,1.3418964084629907e-09,6.890717630829603e-09,1.4034803023962908e-08,7.955005525221264e-10,0.0,3.279894357995582e-30,1.0079003333818836e-32,1.2534221719558924e-33
9,lbfgs,1839,11598.681599999996,14598.681599999996,2.3205463196221075e-08,2.221797939428082e-08,1.3305722814610947e-09,6.832356772772412e-09,1.4055050340047314e-08,7.569414295476711e-10,0.0,3.158638975867252e-30,1.0078306706058156e-32,1.2536161286044769e-33
9,lbfgs,1849,11598.681599999996,14598.681599999996,2.3126017301986605e-08,2.2134935064234385e-08,1.3292743845008061e-09,6.8441097285159376e-09,1.396155095121764e-08,7.605348668740771e-10,0.0,3.1942631404763115e-30,1.0078587602586573e-32,1.2535326879414468e-33
9,lbfgs,1859,11598.681599999996,14598.681599999996,2.3054483307674247e-08,2.206625604329304e-08,1.3275031667617586e-09,6.846659619885182e-09,1.3892093256646102e-08,7.576764244691707e-10,0.0,3.2056709472080085e-30,1.0078692328078324e-32,1.2534981095574757e-33
9,lbfgs,1869,11598.681599999996,14598.681599999996,2.296851756640775e-08,2.197277269834524e-08,1.3305046668885366e-09,6.870419676324234e-09,1.3771848355132468e-08,7.651868405435975e-10,0.0,3.270986497711103e-30,1.0079078968980752e-32,1.2533891740128654e-33
9,lbfgs,1879,11598.681599999996,14598.681599999996,2.2899185299680358e-08,2.1919739256334457e-08,1.3243005447846199e-09,6.8514469629961256e-09,1.374399174855371e-08,7.488876848276452e-10,0.0,3.22521651728545e-30,1.0078871639395974e-32,1.2534383403975735e-33
9,lbfgs,1889,11598.681599999996,14598.681599999996,2.282150069291561e-08,2.187383118363996e-08,1.3112954081339041e-09,6.8043808485827665e-09,1.375815492692329e-08,7.171148868873779e-10,0.0,3.1076783963479723e-30,1.007823705141681e-32,1.2535905440428528e-33
9,lbfgs,1899,11598.681599999996,14598.681599999996,2.275247232771654e-08,2.1802713032248786e-08,1.3113928020020796e-09,6.81524000137307e-09,1.3676080228873636e-08,7.191995047899404e-10,0.0,3.1431793863832147e-30,1.0078489562928352e-32,1.2535244320984405e-33
9,lbfgs,1909,11598.681599999996,14598.681599999996,2.268986977469279e-08,2.1743137634298233e-08,1.3102568746002896e-09,6.8182493373341884e-09,1.3614631422363754e-08,7.161688761391972e-10,0.0,3.154707988200308e-30,1.00785846683023e-32,1.2534972732481822e-33
9,lbfgs,1919,11598.681599999996,14598.681599999996,2.2614272175714954e-08,2.1662382767239117e-08,1.3141976507280612e-09,6.839610540663324e-09,1.350857457584773e-08,7.213188974856008e-10,0.0,3.217712821760078e-30,1.0078935177298582e-32,1.2534098849631116e-33
9,lbfgs,1929,11598.681599999996,14598.681599999996,2.2553619475681275e-08,2.1615574335810265e-08,1.3080322531008207e-09,6.8243031151065475e-09,1.3483238967602898e-08,7.074744385173131e-10,0.0,3.174367851777551e-30,1.0078749015943475e-32,1.2534500381571576e-33
9,lbfgs,1939,11598.681599999996,14598.681599999996,2.2485012472599733e-08,2.157338560395654e-08,1.2944261891366654e-09,6.7846355717298425e-09,1.3494323843090029e-08,6.810600814432461e-10,0.0,3.0618752731693357e-30,1.0078178724686008e-32,1.253575612902519e-33
9,lbfgs,1949,11598.681599999996,14598.681599999996,2.2424741181592962e-08,2.1512092023167586e-08,1.295334920127311e-09,6.795414245081134e-09,1.3421342857959141e-08,6.820773402285131e-10,0.0,3.0962689447153107e-30,1.0078403757224233e-32,1.2535209782274832e-33
9,lbfgs,1959,11598.681599999996,14598.681599999996,2.236978399957644e-08,2.146021526565333e-08,1.2945911172214133e-09,6.799109081177027e-09,1.3366515067254887e-08,6.78993562760501e-10,0.0,3.1074596767052082e-30,1.0078488998092485e-32,1.2534986461433552e-33
9,lbfgs,1969,11598.681599999996,14598.681599999996,2.2303164160962327e-08,2.1390199230011984e-08,1.2989408774909135e-09,6.819274002479501e-09,1.3271984350041568e-08,6.823827476829565e-10,0.0,3.1669144610586846e-30,1.007880366687794e-32,1.2534257707659372e-33
9,lbfgs,1979,11598.681599999996,14598.681599999996,2.224992601509596e-08,2.1348793833175533e-08,1.2929660938879955e-09,6.806741922440464e-09,1.3249085816847074e-08,6.705498637070708e-10,0.0,3.1263620600796413e-30,1.007863716781162e-32,1.253459665921478e-33
9,lbfgs,1989,11598.681599999996,14598.681599999996,2.218923177954947e-08,2.1310178560136725e-08,1.2794071286605926e-09,6.7725212495927294e-09,1.3258250181883402e-08,6.484747014255017e-10,0.0,3.02069675050717e-30,1.0078126705974779e-32,1.2535661665388522e-33
9,lbfgs,1999,11598.681599999996,14598.681599999996,2.2136769414044605e-08,2.1257303866805234e-08,1.2809006971289047e-09,6.78376612682413e-09,1.31926370428522e-08,6.488821840286674e-10,0.0,3.0540838578708956e-30,1.0078331954897252e-32,1.2535188961439054e-33
9,lbfgs,2009,11598.681599999996,14598.681599999996,2.208841832508735e-08,2.121208504561907e-08,1.2803302660198485e-09,6.787939566508373e-09,1.3143815213090849e-08,6.45746766710175e-10,0.0,3.0639715336448314e-30,1.0078405248997598e-32,1.2535006784862511e-33
9,lbfgs,2019,11598.681599999996,14598.681599999996,2.202943837616972e-08,2.1151358098766705e-08,1.2845060474756974e-09,6.8066834032907984e-09,1.306016864800021e-08,6.474872314735062e-10,0.0,3.1168121557890813e-30,1.0078677722877791e-32,1.2534405396730013e-33
9,lbfgs,2029,11598.681599999996,14598.681599999996,2.1982651092002893e-08,2.1114570769874624e-08,1.2789200020305956e-09,6.7966563973655845e-09,1.3038994370478443e-08,6.374870968030346e-10,0.0,3.08026447141167e-30,1.0078532985578484e-32,1.253468817532903e-33
9,lbfgs,2039,11598.681599999996,14598.681599999996,2.1928585377830376e-08,2.1078708055260253e-08,1.2660909917490736e-09,6.76765514020389e-09,1.304496192330729e-08,6.192874828963542e-10,0.0,2.9850661806362704e-30,1.0078089553231964e-32,1.2535577830834584e-33
9,lbfgs,2049,11598.681599999996,14598.681599999996,2.188233090435348e-08,2.1032923941653716e-08,1.2675532329021633e-09,6.7783126222973564e-09,1.2987058086454197e-08,6.18812679151221e-10,0.0,3.0138116661613553e-30,1.007826204750423e-32,1.2535193937362809e-33
9,lbfgs,2059,11598.681599999996,14598.681599999996,2.1839628270596927e-08,2.099327700279554e-08,1.267121304736074e-09,6.783047853992223e-09,1.2943107844067245e-08,6.157540123668558e-10,0.0,3.02273282757863e-30,1.0078327413855974e-32,1.2535038400639986e-33
9,lbfgs,2069,11598.681599999996,14598.681599999996,2.1787380114246977e-08,2.0940270185377962e-08,1.2711826115162014e-09,6.801232031352899e-09,1.2867855542508861e-08,6.165065241226418e-10,0.0,3.0706876557337023e-30,1.0078571202746766e-32,1.2534520130583915e-33
9,lbfgs,2079,11598.681599999996,14598.681599999996,2.17460482351343e-08,2.0907551668900757e-08,1.2659198921789391e-09,6.793006921763857e-09,1.2848624854957962e-08,6.078929760243926e-10,0.0,3.0371790274258303e-30,1.0078441773551195e-32,1.2534765800193901e-33
9,lbfgs,2089,11598.681599999996,14598.681599999996,2.169799094957202e-08,2.0874798799027512e-08,1.2536989263349585e-09,6.767593783511467e-09,1.2853506089181087e-08,5.925916957160957e-10,0.0,2.949919570458704e-30,1.0078044915537024e-32,1.253553932199484e-33
9,lbfgs,2099,11598.681599999996,14598.681599999996,2.1657165328564788e-08,2.0834859400387907e-08,1.2552313753941942e-09,6.778276596877493e-09,1.2801351428116221e-08,5.917013033217698e-10,0.0,2.975954850844925e-30,1.0078198695830537e-32,1.2535207686838397e-33
10,adam,0,14598.681599999996,17598.681599999996,0.10882252027113962,0.08161689013499634,0.0002738930351711219,0.05880698642910119,0.022536010670724027,0.027205630044998774,0.0,7.208810529496442e-27,1.960000000143727e-30,2.499999999999994e-31
10,adam,24,14598.681599999996,17598.681599999996,0.02653149623882276,0.012769996822409518,0.0001769522747395789,0.008260740048147985,0.004332304499521953,0.013761499323444478,0.0,3.3028370618583563e-28,2.8203878701491324e-31,4.82273266733051e-32
10,adam,49,14598.681599999996,17598.681599999996,0.02119405386759706,0.007736433131481924,1.7515235658957488e-05,0.005030113100292549,0.002688804795530418,0.013457620640378335,0.0,9.454854732670537e-29,1.7682414179741837e-31,2.9673280322016116e-32
10,adam,74,14598.681599999996,17598.681599999996,0.018345956401207866,0.005199727223958769,5.136760521452605e-06,0.0035493778545913047,0.0016452126088460127,0.01314622907738444,0.0,3.986379816813659e-30,1.270134704003629e-31,1.824949698526196e-32
10,adam,99,14598.681599999996,17598.681599999996,0.017093080373493327,0.00419053601562846,9.674541363798307e-07,0.002873024604947651,0.0013165439565444293,0.012902544254192417,0.0,1.8401263806589064e-30,1.0056754814198267e-31,1.501481895559709e-32
10,adam,124,14598.681599999996,17598.681599999996,0.016443916652952625,0.0037523592674214676,5.474937665024857e-07,0.002574742488845113,0.0011770692848098521,0.012691557279258704,0.0,1.3442410105581374e-30,8.676638144789614e-32,1.3480407177489607e-32
10,adam,149,14598.681599999996,17598.681599999996,0.01604437571084059,0.0035043159688300917,5.576027676380082e-07,0.0024054913266267778,0.0010982670394356759,0.01254005963407448,0.0,1.4148771083758628e-30,7.864724943443032e-32,1.2565191298735626e-32
10,adam,174,14598.681599999996,17598.681599999996,0.01575027893727877,0.0033456782732735457,6.364988407823591e-07,0.0023022439781931374,0.0010427977962396257,0.012404600554810517,0.0,1.668384255437814e-30,7.288238010088119e-32,1.1994150266018768e-32
10,adam,199,14598.681599999996,17598.681599999996,0.015523758951763847,0.0032466713207463947,6.175996936465024e-07,0.002242976807502175,0.0010030769135505732,0.012277087520709806,0.0,1.6465579270748662e-30,6.836933588720458e-32,1.1563517194918933e-32
10,adam,224,14598.681599999996,17598.681599999996,0.015234817915943989,0.003081804408651573,5.821722533037637e-07,0.002148487270153433,0.0009327349662448362,0.01215301339603854,0.0,1.424826926542522e-30,6.248180555979659e-32,1.0812584887643879e-32
10,adam,249,14598.681599999996,17598.681599999996,0.01508160963672923,0.0030391469268426894,6.014933779412324e-07,0.002128377602289912,0.0009101678311748365,0.012042462597765938,0.0,1.4941250080763407e-30,5.972715030587799e-32,1.0584265376856948e-32
10,adam,274,14598.681599999996,17598.681599999996,0.014946050924422239,0.003007413222072435,5.215440492891789e-07,0.002115627087727592,0.0008912645902955543,0.01193863758937832,0.0,1.580181666550609e-30,5.740652408553887e-32,1.0386669728048888e-32
10,adam,299,14598.681599999996,17598.681599999996,0.014817749261373159,0.0029808623494102723,4.486961042840931e-07,0.0021058585253786867,0.0008745551279273014,0.011836886798130912,0.0,1.8406967726536435e-30,5.542318399358563e-32,1.0226897902354258e-32
10,adam,324,14598.681599999996,17598.681599999996,0.014679601417541531,0.0029451010372594177,5.488109399839464e-07,0.0020870342444404577,0.000857517981878976,0.011734500265501475,0.0,2.6924639720359e-30,5.368697038220505e-32,1.0081769903123266e-32
10,adam,349,14598.681599999996,17598.681599999996,0.014496455250396376,0.0028728965980569206,1.1147628955375806e-06,0.002036044483743359,0.0008357373514180239,0.011623558536322928,0.0,5.0330451833624545e-30,5.209882844421416e-32,9.917391661510406e-33
10,adam,374,14598.681599999996,17598.681599999996,0.014181251293167543,0.0026970222555308208,1.3521595353429848e-06,0.0018969421487547023,0.0007987279472407756,0.011484228919705916,0.0,6.237473209189281e-30,5.049459153922342e-32,9.648753520495832e-33
10,adam,399,14598.681599999996,17598.681599999996,0.013609220051441603,0.0023443732772324873,3.2849774587127417e-07,0.0016171647253163373,0.0007268800541702786,0.011264846653260921,0.0,8.52223455845272e-31,4.8386034549972643e-32,9.115579803215639e-33
10,adam,424,14598.681599999996,17598.681599999996,0.012698210276140822,0.0018054248081183267,6.239936418536767e-07,0.001148526910385827,0.0006562739040906461,0.0108927853432786,0.0,1.4190117988096879e-30,4.468409885991367e-32,8.171090226951572e-33
10,adam,449,14598.681599999996,17598.681599999996,0.011790202148958023,0.0014098361123002314,2.0184235142592492e-07,0.0008462712270567787,0.0005633630428920267,0.010380365908908831,0.0,1.3417193430085527e-30,3.989483954322054e-32,6.348677935855088e-33
10,adam,474,14598.681599999996,17598.681599999996,0.01099700338351831,0.0012162697968355306,1.6747238902065105e-07,0.0007360759133626902,0.0004800264110838199,0.009780733455772768,0.0,1.46752050010687e-30,3.687246326362196e-32,5.496576321888824e-33
10,adam,499,14598.681599999996,17598.681599999996,0.010260638605280648,0.001070017112903514,1.7862288975810136e-07,0.000658238533731824,0.0004115999562819318,0.009190621358184119,0.0,1.4680171890695424e-30,3.4359148849827425e-32,5.060019766989029e-33
10,adam,524,14598.681599999996,17598.681599999996,0.009589498997489182,0.0009549533625260564,1.5076903052355357e-07,0.000598572489787351,0.00035623010370818177,0.00863454549749518,0.0,9.388905957459258e-31,3.2342032439776804e-32,4.673093261960787e-33
10,adam,549,14598.681599999996,17598.681599999996,0.008977101323967927,0.0008632904708154451,1.236272634970298e-07,0.0005495335361702259,0.0003136333073817222,0.008113810712571102,0.0,5.980899503957586e-31,3.066368995007974e-32,4.3581377745668474e-33
10,adam,574,14598.681599999996,17598.681599999996,0.008426355111510948,0.0007905398436139196,1.1088299989184547e-07,0.0005090659076704662,0.0002813630529435616,0.007635815124460213,0.0,4.71069483685186e-31,2.9370852036389805e-32,4.022109298096124e-33
10,adam,599,14598.681599999996,17598.681599999996,0.007896476390668653,0.0007245750408836689,1.0122923912720753e-07,0.00047229237997331163,0.00025218143167123015,0.007171901203747315,0.0,4.522428655214698e-31,2.7943897757816565e-32,3.856095830641401e-33
10,adam,624,14598.681599999996,17598.681599999996,0.007481769729808872,0.0007331252177476182,8.793013006573053e-08,0.0004823648304188563,0.0002506724571986961,0.006748644363389217,0.0,4.503867562853087e-31,2.8635436717760733e-32,4.050622494590045e-33
10,adam,649,14598.681599999996,17598.681599999996,0.007022710347625032,0.0006826068882159896,8.511512476802184e-08,0.00045571174345055874,0.0002268100296406628,0.006340103308312115,0.0,3.7250585874096994e-31,2.771600831457508e-32,3.8035830774564375e-33
10,adam,674,14598.681599999996,17598.681599999996,0.006590669081970999,0.0006319896043650548,6.909628310537073e-08,0.0004281975661111255,0.00020372294197082392,0.005958679324118915,0.0,3.3127381047457536e-31,2.667676105731462e-32,3.7111810545801786e-33
10,adam,699,14598.681599999996,17598.681599999996,0.006205999477018972,0.0005915447035167868,6.740348365507596e-08,0.0004092575959268953,0.00018221970410623633,0.005614454617578971,0.0,3.010947635813382e-31,2.574459662909873e-32,3.6187039243100515e-33
10,adam,724,14598.681599999996,17598.681599999996,0.0058353240040174515,0.0005667830162167682,8.496915742003374e-08,0.00037523678931593866,0.00019146125774340952,0.005268540829830372,0.0,6.236046105716656e-31,2.5733587361360615e-32,3.0707913870877492e-33
10,adam,749,14598.681599999996,17598.681599999996,0.005454098480235444,0.0005054795070836681,8.211017167505349e-08,0.0003509628235511256,0.0001544345733608675,0.004948618813093292,0.0,2.8558421750385685e-31,2.4348376306586128e-32,3.204201805508073e-33
10,adam,774,14598.681599999996,17598.681599999996,0.005111550331270317,0.0004613168020268916,9.858505712473107e-08,0.0003260113408179191,0.00013520687615184776,0.00465023336697383,0.0,4.821906844432504e-31,2.3552869121634668e-32,3.1432118479002696e-33
10,adam,799,14598.681599999996,17598.681599999996,0.004792122632959485,0.00042266624197901526,9.171447568534812e-08,0.0003020123175670175,0.00012056220993631241,0.004369456226438636,0.0,4.349377601100915e-31,2.2882898052856168e-32,2.9850315729950594e-33
10,adam,824,14598.681599999996,17598.681599999996,0.00502783494108319,0.0008654682186588698,4.577997986213449e-07,0.000640311506639039,0.00022469891222120941,0.004162366555473336,0.0,5.4316004096352016e-30,2.497317581616711e-32,4.66917112475175e-33
10,adam,849,14598.681599999996,17598.681599999996,0.00438997210340222,0.0004928610812328725,1.4394139072344135e-07,0.0002903003568141653,0.00020241678302798376,0.0038971108536039896,0.0,6.2867422586896945e-31,2.1499293908256567e-32,2.116975670065466e-33
10,adam,874,14598.681599999996,17598.681599999996,0.004056854928471405,0.0003970587218178888,8.749152606873548e-08,0.0002642528663086239,0.0001327183639831962,0.0036597960363540963,0.0,5.6063549881221e-31,2.053806014597452e-32,2.384577351008566e-33
10,adam,899,14598.681599999996,17598.681599999996,0.0037860195123226815,0.00034178140091491594,6.562261819237944e-08,0.00023253630315953167,0.00010917947513719189,0.0034442379394233613,0.0,3.2916213926934834e-31,2.016077206320471e-32,2.506126296305926e-33
10,adam,924,14598.681599999996,17598.681599999996,0.003548139619246168,0.0003099258758508732,5.516526160335464e-08,0.0002160028437024093,9.386786688686051e-05,0.0032382135696576602,0.0,2.366340007652881e-31,1.988258535109612e-32,2.46052008981532e-33
10,adam,949,14598.681599999996,17598.681599999996,0.0033292609480896646,0.0002851671268737778,4.633342688241435e-08,0.00020039574650906306,8.472504693783231e-05,0.003044093645722678,0.0,2.579860401397327e-31,1.9471075329741943e-32,2.403540583649151e-33
10,adam,974,14598.681599999996,17598.681599999996,0.0031250040323123267,0.00026427137956105176,3.8968128078335886e-08,0.00018606261274106012,7.816979869191331e-05,0.00286073247551368,0.0,2.428038261350602e-31,1.902066124008899e-32,2.334756000627304e-33
10,adam,999,14598.681599999996,17598.681599999996,0.0029333099245055,0.00024579306353001156,3.2964050437329205e-08,0.00017287778397106875,7.288231550850547e-05,0.002687516682012465,0.0,2.1983546679269e-31,1.8568538571248292e-32,2.2636431290123617e-33
10,adam,1024,14598.681599999996,17598.681599999996,0.0027477271749557436,0.00022218344350533243,2.912539611249404e-08,0.00015371525461405614,6.84390634951638e-05,0.0025255435508053006,0.0,1.8879601754754488e-31,1.8641195830511137e-32,2.0773945551141125e-33
10,adam,1049,14598.681599999996,17598.681599999996,0.0025783969857788563,0.00020633074173761714,2.5882921851645815e-08,0.00014238489350344998,6.391996531231552e-05,0.0023720660617130543,0.0,1.7628655162302665e-31,1.8239395038295957e-32,2.0144103845557093e-33
10,adam,1074,14598.681599999996,17598.681599999996,0.00241859844149419,0.000191772085064134,2.3527284066945984e-08,0.00013138801365870256,6.03605441213645e-05,0.002226826172411636,0.0,1.7504898987485687e-31,1.781864901065923e-32,1.955449419080174e-33
10,adam,1099,14598.681599999996,17598.681599999996,0.0022677328308512035,0.0001780771726601712,2.2344309137388454e-08,0.00012111294342016545,5.694188493086836e-05,0.002089655472479847,0.0,1.7880625840797615e-31,1.7413063291038902e-32,1.8981577090711008e-33
10,adam,1124,14598.681599999996,17598.681599999996,0.0021253369913055518,0.00016525748763848383,2.2086531871051034e-08,0.00011154821141559576,5.368718969101701e-05,0.001960079316261083,0.0,1.8767233887350585e-31,1.7024747004718896e-32,1.8435691433384912e-33
10,adam,1149,14598.681599999996,17598.681599999996,0.001990996730376645,0.00015334648299541526,2.233616184947808e-08,0.00010263609982464483,5.0688047008920966e-05,0.0018376500582818263,0.0,2.0080597925422086e-31,1.6651458099549246e-32,1.792382603657085e-33
10,adam,1174,14598.681599999996,17598.681599999996,0.001864310903747046,0.00014230680543063416,2.2731852785308433e-08,9.436091108244549e-05,4.792316249540338e-05,0.0017220039075313807,0.0,2.161482781665331e-31,1.629429116563095e-32,1.7444856588746647e-33
10,adam,1199,14598.681599999996,17598.681599999996,0.0017448774055476618,0.00013207435287113643,2.300432769566906e-08,8.668782575762373e-05,4.536352278581702e-05,0.0016128028602204853,0.0,2.3076619695295635e-31,1.59536227300738e-32,1.699842347550402e-33
10,adam,1224,14598.681599999996,17598.681599999996,0.0016255168327025122,0.00011869103803240622,2.2363015883071348e-08,7.706584168077375e-05,4.16028333357494e-05,0.0015068256005707787,0.0,2.3908187131396534e-31,1.4378683038076706e-32,1.6941948829014096e-33
10,adam,1249,14598.681599999996,17598.681599999996,0.0015200019565129303,0.00010987917670674671,2.200968709537435e-08,7.101448580212278e-05,3.884268121752856e-05,0.0014101225841433977,0.0,2.4456040177841126e-31,1.4159197792701863e-32,1.637429375239495e-33
10,adam,1274,14598.681599999996,17598.681599999996,0.0014263008562268521,0.00010671599135850403,2.2196783261704617e-08,6.686788150326719e-05,3.982591307197515e-05,0.0013195846676795299,0.0,2.5740447406895825e-31,1.4207004135110957e-32,1.4516655270902251e-33
10,adam,1299,14598.681599999996,17598.681599999996,0.0013276106082052085,9.519119666760133e-05,2.1022407731525968e-08,5.892240633774267e-05,3.624776792212713e-05,0.0012324192128679082,0.0,2.6028362855990404e-31,1.3610669633102175e-32,1.5395980716436808e-33
10,adam,1324,14598.681599999996,17598.681599999996,0.0012405356925266238,8.893532405516672e-05,2.1412870190864405e-08,5.506912789657125e-05,3.384478328840461e-05,0.001151600168308845,0.0,2.7284536691560844e-31,1.35211507212336e-32,1.4419028395120517e-33
10,adam,1349,14598.681599999996,17598.681599999996,0.0011610693681872375,8.591171230301637e-05,2.1775456038789313e-08,5.337653852742529e-05,3.2513398319552294e-05,0.001075157454293905,0.0,2.712903280700112e-31,1.2868244689895326e-32,1.653845595364954e-33
10,adam,1374,14598.681599999996,17598.681599999996,0.0010835943022512791,8.011912601010756e-05,2.1838485559916286e-08,4.67199929859459e-05,3.337729453860175e-05,0.0010034749732336572,0.0,2.8949215270831716e-31,1.3229297831666e-32,1.3104114809691821e-33
10,adam,1399,14598.681599999996,17598.681599999996,0.001009159951295147,7.362347956802515e-05,2.1018757106162176e-08,4.183860558782431e-05,3.176385522309468e-05,0.00093553626734482,0.0,2.881764903227988e-31,1.2938914583835893e-32,1.3315388082659651e-33
10,lbfgs,1400,14598.681599999996,17598.681599999996,0.001002957417220084,6.990919324301021e-05,2.0856064677909623e-08,4.391853022971562e-05,2.5969806948616694e-05,0.0009330480195342902,0.0,2.6622947086711823e-31,1.1098257089284043e-32,1.5187435753855403e-33
10,lbfgs,1409,14598.681599999996,17598.681599999996,0.0008223551482781314,0.0001127041978555858,3.8727131438299646e-08,5.260469003833273e-05,6.0060780685814766e-05,0.0007096507452673042,0.0,3.293570578071166e-31,9.410909784949429e-33,1.7937342450305628e-33
10,lbfgs,1419,14598.681599999996,17598.681599999996,7.320480908314574e-05,6.552840859236456e-05,6.941682941376223e-08,3.7936385406552197e-05,2.752260635639861e-05,7.676189984984498e-06,0.0,6.757070940001946e-31,7.39637413702079e-33,1.194608753553022e-33
10,lbfgs,1429,14598.681599999996,17598.681599999996,3.380638151310553e-05,2.987704979975575e-05,6.147673783327135e-08,1.583593853084739e-05,1.397963453107509e-05,3.929120891945878e-06,0.0,1.03772613364293e-30,7.631698669415273e-33,1.2318030247796774e-33
10,lbfgs,1439,14598.681599999996,17598.681599999996,1.6261678281610212e-05,1.6015694381807955e-05,3.5002368028166085e-08,1.0234078712923775e-05,5.746613300856012e-06,2.457726027087143e-07,0.0,4.2478467519690894e-31,8.300316956045598e-33,1.1433060918220382e-33
10,lbfgs,1449,14598.681599999996,17598.681599999996,1.163898395107374e-05,1.1427350001316882e-05,4.037381432330521e-08,5.833752371446243e-06,5.553223815547333e-06,2.1142209677725162e-07,0.0,3.6819277744367806e-31,8.368131782035705e-33,1.2533904541102026e-33
10,lbfgs,1459,14598.681599999996,17598.681599999996,5.5106856270365724e-06,5.404239343546368e-06,2.102095405489547e-08,2.7650336678128925e-06,2.6181847216785807e-06,1.0623356868854102e-07,0.0,2.285353373927519e-31,8.306299644913894e-33,1.1910431849557828e-33
10,lbfgs,1469,14598.681599999996,17598.681599999996,4.22366358227663e-06,4.079774244892427e-06,1.436295878864953e-08,2.6325751358933293e-06,1.4328361502104482e-06,1.436766234805822e-07,0.0,1.4258030851205906e-31,8.353790383187395e-33,1.173753147250014e-33
10,lbfgs,1479,14598.681599999996,17598.681599999996,3.2160706950429836e-06,3.190226106654936e-06,1.5118565140964326e-08,1.7143663994103157e-06,1.4607411421036559e-06,2.5631611566393312e-08,0.0,1.750483608772433e-31,8.284758114547187e-33,1.1792567703970531e-33
10,lbfgs,1489,14598.681599999996,17598.681599999996,2.908447288021014e-06,2.7983782153475224e-06,3.840553336714865e-08,1.1231977137333293e-06,1.6367749682470443e-06,1.0985592578096994e-07,0.0,5.5088905850968705e-31,8.43261053794236e-33,1.1561221219929447e-33
10,lbfgs,1499,14598.681599999996,17598.681599999996,2.105323102907963e-06,2.0663552203437823e-06,2.0297099870414718e-08,9.223034708504771e-07,1.1237546496228905e-06,3.875454136579036e-08,0.0,2.5433176108896397e-31,8.363227914908315e-33,1.1862763505994781e-33
10,lbfgs,1509,14598.681599999996,17598.681599999996,1.7015875171091655e-06,1.5794603984523846e-06,1.5102428797501696e-08,5.649737019180718e-07,9.993842677368112e-07,1.2191363261002326e-07,0.0,1.4568924192936385e-31,8.428380434781095e-33,1.156848085891922e-33
10,lbfgs,1519,14598.681599999996,17598.681599999996,9.8990828224759e-07,9.676519649179716e-07,1.6031109778230266e-08,4.793728440874304e-07,4.7224801105231095e-07,2.204223492050316e-08,0.0,1.633758247756913e-31,8.432775308143397e-33,1.1575972826404974e-33
10,lbfgs,1529,14598.681599999996,17598.681599999996,8.557425941759184e-07,8.192188169843255e-07,1.63962408233419e-08,4.827983341259454e-07,3.2002424203503827e-07,3.630972001215653e-08,0.0,2.503802818668513e-31,8.425057866112017e-33,1.1579199722332036e-33
10,lbfgs,1539,14598.681599999996,17598.681599999996,7.740845334435232e-07,7.608990525359715e-07,2.3607336869473023e-08,4.6120631545395287e-07,2.760854002125456e-07,1.2971249741720521e-08,0.0,2.6482538482504152e-31,8.446242582456188e-33,1.1576002724036627e-33
10,lbfgs,1549,14598.681599999996,17598.681599999996,5.74014578142494e-07,5.460267694202142e-07,3.791933671961489e-08,2.7071647122903436e-07,2.3739096147156495e-07,2.777344299899948e-08,0.0,3.2511241363209036e-31,8.487802020234904e-33,1.1531810709496349e-33
10,lbfgs,1559,14598.681599999996,17598.681599999996,4.841894472675699e-07,4.734294863338802e-07,3.5830132737995157e-08,2.3327717859156875e-07,2.0432217500431626e-07,1.0545456749942468e-08,0.0,5.020857264018618e-31,8.486008676544964e-33,1.1500810625124565e-33
10,lbfgs,1569,14598.681599999996,17598.681599999996,3.509362515174994e-07,3.446079729003883e-07,7.674643008462942e-09,1.6278967677053937e-07,1.74143653121386e-07,6.113571781821726e-09,0.0,6.294410011400758e-32,8.525824168078512e-33,1.1554934211708398e-33
10,lbfgs,1579,14598.681599999996,17598.681599999996,3.1726487808239824e-07,3.0772924485688116e-07,1.1120031316145584e-08,1.2583474434940126e-07,1.707744691913343e-07,9.320796320582263e-09,0.0,1.2743094954863767e-31,8.548012206601832e-33,1.1517241983842953e-33
10,lbfgs,1589,14598.681599999996,17598.681599999996,2.837202987214938e-07,2.752277801603463e-07,6.9161795767432305e-09,1.040799748786232e-07,1.6423162570497988e-07,8.277652366832893e-09,0.0,3.9860309759183715e-32,8.530804475143843e-33,1.1517731452529016e-33
10,lbfgs,1599,14598.681599999996,17598.681599999996,2.6618346903001573e-07,2.590349089119645e-07,7.456099675335512e-09,9.170409236080901e-08,1.5987471687581997e-07,6.933609239569347e-09,0.0,4.364792823323421e-32,8.541428180242545e-33,1.1507043394412736e-33
10,lbfgs,1609,14598.681599999996,17598.681599999996,2.526433654089917e-07,2.4716666626997834e-07,7.168658106641828e-09,8.654618564079733e-08,1.5345182252253916e-07,5.261719200685078e-09,0.0,5.714648410303055e-32,8.537143462376924e-33,1.149068952283494e-33
10,lbfgs,1619,14598.681599999996,17598.681599999996,2.2715247663868052e-07,2.250760607320612e-07,5.462739843777676e-09,9.048078966135908e-08,1.2913253122692446e-07,1.8613377691917826e-09,0.0,4.444266782724028e-32,8.532664306523575e-33,1.1480655248298461e-33
10,lbfgs,1629,14598.681599999996,17598.681599999996,2.1532608379176899e-07,2.109707664339681e-07,6.112555235658599e-09,8.17745956701725e-08,1.23083615528137e-07,4.140191776388825e-09,0.0,5.137166149003846e-32,8.535306619251774e-33,1.14589673417252e-33
10,lbfgs,1639,14598.681599999996,17598.681599999996,1.9389478236283075e-07,1.8789558527392954e-07,4.903972108084493e-09,7.758856562130774e-08,1.054030475445373e-07,5.783840188792896e-09,0.0,4.081375124550234e-32,8.555885992907815e-33,1.1451244871791989e-33
10,lbfgs,1649,14598.681599999996,17598.681599999996,1.7840566248832424e-07,1.768313416255831e-07,4.7218346811743224e-09,8.436567684436023e-08,8.774383010004854e-08,1.3588683362455773e-09,0.0,3.729496620417959e-32,8.559234576412475e-33,1.1449749066709506e-33
10,lbfgs,1659,14598.681599999996,17598.681599999996,1.722593862096628e-07,1.7199298285412818e-07,5.731376408193493e-09,8.086922084196433e-08,8.539238560397037e-08,5.0923027126336574e-11,0.0,4.093419513525059e-32,8.552223131612445e-33,1.143699238384162e-33
10,lbfgs,1669,14598.681599999996,17598.681599999996,1.646961670976987e-07,1.6308972824846772e-07,5.542608162896254e-09,7.263997845199471e-08,8.490714163357676e-08,1.39098686881373e-09,0.0,3.3953396735078784e-32,8.548553827305881e-33,1.145080098248365e-33
10,lbfgs,1679,14598.681599999996,17598.681599999996,1.5244169036090422e-07,1.496543651202419e-07,6.948626160129942e-09,6.353538451774822e-08,7.917035444236375e-08,2.571754063972e-09,0.0,8.102778107790304e-32,8.564713903608499e-33,1.144647292697693e-33
10,lbfgs,1689,14598.681599999996,17598.681599999996,1.2358949569288598e-07,1.2232885876211908e-07,3.890522088538889e-09,4.585772907791479e-08,7.258060759566541e-08,1.0446478100302147e-09,0.0,4.0681068017231855e-32,8.576565322979276e-33,1.1447493012459685e-33
10,lbfgs,1699,14598.681599999996,17598.681599999996,1.1731841506756618e-07,1.1698689260398854e-07,3.792583881149413e-09,4.133881344450236e-08,7.185549527833677e-08,1.1544463755834346e-10,0.0,3.4085763956636237e-32,8.5926609296477e-33,1.1448378911537954e-33
10,lbfgs,1709,14598.681599999996,17598.681599999996,1.1565322779776656e-07,1.1524119959280874e-07,3.5812089454767638e-09,4.1113342856612336e-08,7.054664779071964e-08,1.9591774214367368e-10,0.0,2.9871435590843846e-32,8.595208315644508e-33,1.1445942627338045e-33
10,lbfgs,1719,14598.681599999996,17598.681599999996,1.0888632100733548e-07,1.0732322646047018e-07,2.9168204787586425e-09,3.395458470942149e-08,7.045182127229006e-08,1.3467662615861265e-09,0.0,2.2562196331928153e-32,8.587131736155186e-33,1.1450904701397358e-33
10,lbfgs,1729,14598.681599999996,17598.681599999996,1.047578942284457e-07,1.0372692275199209e-07,3.1697935784355697e-09,3.136227806891907e-08,6.919485110463745e-08,8.146194407833011e-10,0.0,3.0966734458970326e-32,8.597863195836835e-33,1.1446904471156996e-33
10,lbfgs,1739,14598.681599999996,17598.681599999996,9.952776609620346e-08,9.869900690803597e-08,4.113454828612766e-09,2.7948173701650424e-08,6.663737837777277e-08,6.124656901028713e-10,0.0,5.05287923256768e-32,8.58791666672827e-33,1.1449182458696045e-33
10,lbfgs,1749,14598.681599999996,17598.681599999996,9.692232325344543e-08,9.622606938370697e-08,3.5985878275766418e-09,2.6395714051630928e-08,6.623176750449941e-08,4.798790864310202e-10,0.0,5.312965612585354e-32,8.584205117602989e-33,1.1448942105498413e-33
10,lbfgs,1759,14598.681599999996,17598.681599999996,9.200342116168778e-08,9.135686105687796e-08,4.108114204169102e-09,2.5166164027284607e-08,6.208258282542426e-08,4.300799964002961e-10,0.0,3.6937817703469194e-32,8.589045697192324e-33,1.1430344644636151e-33
10,lbfgs,1769,14598.681599999996,17598.681599999996,8.914873993394643e-08,8.867087437767016e-08,4.2902222390255305e-09,2.3280114536002228e-08,6.110053760264241e-08,2.6137615000891793e-10,0.0,4.0969494941828964e-32,8.582412253811982e-33,1.142886591515399e-33
10,lbfgs,1779,14598.681599999996,17598.681599999996,8.766304919192381e-08,8.71218558122516e-08,4.432790532113086e-09,2.2106708637879608e-08,6.058235664225891e-08,3.2469707195599605e-10,0.0,4.563108832258256e-32,8.583096034666596e-33,1.1436737113841611e-33
10,lbfgs,1789,14598.681599999996,17598.681599999996,8.038290533733579e-08,7.927559544585704e-08,3.0667906983305143e-09,2.0538251344891294e-08,5.5670553402635235e-08,8.906558108108162e-10,0.0,3.8728551514896084e-32,8.585259073146214e-33,1.1414029970558052e-33
10,lbfgs,1799,14598.681599999996,17598.681599999996,7.446494632950492e-08,7.321995612303262e-08,2.129915726482422e-09,2.064466348771646e-08,5.044537690883374e-08,1.0283584872129564e-09,0.0,2.4774757765735774e-32,8.577753299496985e-33,1.141367730672649e-33
10,lbfgs,1809,14598.681599999996,17598.681599999996,7.056698614343129e-08,6.994680153274103e-08,2.581659294044812e-09,2.1817108196550307e-08,4.554803404214592e-08,4.034262568343753e-10,0.0,3.302691273378255e-32,8.575758721459355e-33,1.1415778620955182e-33
10,lbfgs,1819,14598.681599999996,17598.681599999996,6.786133183169307e-08,6.745981981871306e-08,2.110572935865083e-09,2.1798380641757722e-08,4.3550866241090254e-08,1.8454905412364076e-10,0.0,2.4448300134594284e-32,8.583736534164274e-33,1.1418613697812416e-33
10,lbfgs,1829,14598.681599999996,17598.681599999996,6.664529471058661e-08,6.603532515217967e-08,2.0259969048438415e-09,2.2083038897490173e-08,4.192628934984565e-08,3.930466348734825e-10,0.0,2.2447447586694488e-32,8.587291327141215e-33,1.1423051087866372e-33
10,lbfgs,1839,14598.681599999996,17598.681599999996,6.128599683852115e-08,6.101188289333505e-08,1.0676053458444553e-09,2.482399199800904e-08,3.512028554948155e-08,5.714511797179318e-11,0.0,1.5247287830865284e-32,8.593627816385508e-33,1.1438874375404388e-33
10,lbfgs,1849,14598.681599999996,17598.681599999996,6.072505739037749e-08,6.045710723283364e-08,9.760637088732423e-10,2.4797589083512316e-08,3.468345444044807e-08,5.0985642072213987e-11,0.0,1.4462096470529377e-32,8.591545827848676e-33,1.1437282735338257e-33
10,lbfgs,1859,14598.681599999996,17598.681599999996,6.031593445639283e-08,6.00368888004013e-08,9.581465309764196e-10,2.4326276801005472e-08,3.475246546841941e-08,6.20836226591716e-11,0.0,1.5334979509684155e-32,8.592029558359444e-33,1.1442870599881556e-33
10,lbfgs,1869,14598.681599999996,17598.681599999996,6.020952909228329e-08,5.992558333329828e-08,9.72056330991564e-10,2.4279437238853827e-08,3.4674089763452886e-08,6.698133335281837e-11,0.0,1.5728898019138666e-32,8.592459097592568e-33,1.1443698691088245e-33
10,lbfgs,1879,14598.681599999996,17598.681599999996,6.067322068068852e-08,6.017486080880265e-08,9.888259102869078e-10,2.431018055016677e-08,3.487585434834897e-08,2.81396898096838e-10,0.0,1.544256301161501e-32,8.591513044315054e-33,1.1438579990628365e-33
10,lbfgs,1889,14598.681599999996,17598.681599999996,6.005671056326935e-08,5.976890594525093e-08,9.70371835750295e-10,2.4182013713482912e-08,3.4616520396017725e-08,7.083631436376718e-11,0.0,1.5842201953929466e-32,8.59245303773989e-33,1.1442987080579236e-33
10,lbfgs,1899,14598.681599999996,17598.681599999996,5.997984902673098e-08,5.969438997915533e-08,9.804607900031389e-10,2.4148091830781354e-08,3.456583735837084e-08,6.848747739387687e-11,0.0,1.6098897947917903e-32,8.592573130755812e-33,1.1443487921733388e-33
10,lbfgs,1909,14598.681599999996,17598.681599999996,6.037043195633416e-08,5.989463259866932e-08,9.811045463774639e-10,2.4156482918402514e-08,3.475704513388934e-08,2.5882896198481176e-10,0.0,1.5555881749312382e-32,8.591591255763068e-33,1.1438789203422482e-33
10,lbfgs,1919,14598.681599999996,17598.681599999996,5.985020072337708e-08,5.956246385712436e-08,9.749304121274192e-10,2.405908650419685e-08,3.452844694080009e-08,7.076160874049199e-11,0.0,1.6089423231765332e-32,8.592423634328548e-33,1.1442821523640724e-33
10,lbfgs,1929,14598.681599999996,17598.681599999996,5.978143037384793e-08,5.9497370962490115e-08,9.841638697915893e-10,2.4030840375390282e-08,3.448236671730824e-08,6.708127926515768e-11,0.0,1.6317298786150112e-32,8.592507816012049e-33,1.1443306009210857e-33
10,lbfgs,1939,14598.681599999996,17598.681599999996,6.013368046879993e-08,5.967117474100936e-08,9.78372855858513e-10,2.402927880056613e-08,3.4663523084584706e-08,2.455289882878546e-10,0.0,1.566672542022006e-32,8.591557447091714e-33,1.1438847668470225e-33
10,lbfgs,1949,14598.681599999996,17598.681599999996,5.966231484625731e-08,5.9375544983918185e-08,9.777417114817656e-10,2.3951750065803023e-08,3.44460532066334e-08,6.97886506486307e-11,0.0,1.626916461205231e-32,8.59234902219978e-33,1.1442677305376543e-33
10,lbfgs,1959,14598.681599999996,17598.681599999996,5.959807541871275e-08,5.9315284358478673e-08,9.867102021438613e-10,2.3929490737673654e-08,3.439908341866116e-08,6.580736343648988e-11,0.0,1.6487061901586336e-32,8.592430420876998e-33,1.1443150792047449e-33
10,lbfgs,1969,14598.681599999996,17598.681599999996,5.993091468923794e-08,5.9475405827390936e-08,9.7757027029895e-10,2.3923884789223547e-08,3.457395076786844e-08,2.385268089319809e-10,0.0,1.5767384552173432e-32,8.59150571473931e-33,1.1438827891898852e-33
10,lbfgs,1979,14598.681599999996,17598.681599999996,5.948526402896263e-08,5.9199218124712866e-08,9.79933647514859e-10,2.3858455290100374e-08,3.4360829187097634e-08,6.905965763436711e-11,0.0,1.6417562764203456e-32,8.59227916963046e-33,1.1442546397213456e-33
10,lbfgs,1989,14598.681599999996,17598.681599999996,5.942379871272293e-08,5.9141834558308275e-08,9.887279816795105e-10,2.384060613368956e-08,3.43125004429392e-08,6.497573805730176e-11,0.0,1.662950318510718e-32,8.592362438708326e-33,1.1443013077480941e-33
10,lbfgs,1999,14598.681599999996,17598.681599999996,5.974320640159586e-08,5.929267127683476e-08,9.773968478216165e-10,2.383247055192238e-08,3.448280387709076e-08,2.33548561874946e-10,0.0,1.5857286845035706e-32,8.591457373326902e-33,1.1438787134068908e-33
10,lbfgs,2009,14598.681599999996,17598.681599999996,5.931504726956294e-08,5.902946171040347e-08,9.817286840112048e-10,2.3775292612067186e-08,3.4272440414325086e-08,6.8595015005779e-11,0.0,1.654394374357518e-32,8.592219207294876e-33,1.1442428217950687e-33
10,lbfgs,2019,14598.681599999996,17598.681599999996,5.925545287051312e-08,5.89739991376339e-08,9.904090307781883e-10,2.3760556680031297e-08,3.422303342682441e-08,6.446126488052562e-11,0.0,1.6751996211957948e-32,8.592304996974431e-33,1.1442892722943824e-33
10,lbfgs,2029,14598.681599999996,17598.681599999996,5.956421924395058e-08,5.911773111988647e-08,9.77463728328835e-10,2.3750391068135936e-08,3.43898763234217e-08,2.2949767459940087e-10,0.0,1.593694246958919e-32,8.591415029273416e-33,1.14387416199586e-33
10,lbfgs,2039,14598.681599999996,17598.681599999996,5.914944708406565e-08,5.886413544211876e-08,9.831847939969882e-10,2.3699151416257945e-08,3.418179923186383e-08,6.831737772784406e-11,0.0,1.665251344406273e-32,8.592167937640635e-33,1.14423220919954e-33
10,lbfgs,2049,14598.681599999996,17598.681599999996,5.909120489067395e-08,5.8810042731996114e-08,9.917729331268947e-10,2.3686588120433894e-08,3.4131681678435326e-08,6.416616148087536e-11,0.0,1.6857780365879335e-32,8.592256038841267e-33,1.144278660348245e-33
10,lbfgs,2059,14598.681599999996,17598.681599999996,5.939183435421651e-08,5.894857055030808e-08,9.776510632014857e-10,2.3674850314043352e-08,3.429606917306324e-08,2.262699548716592e-10,0.0,1.6006966518231213e-32,8.59137740269721e-33,1.143869327970282e-33
10,lbfgs,2069,14598.681599999996,17598.681599999996,5.8987212750343566e-08,5.87020485445247e-08,9.843510997688925e-10,2.3627880044001945e-08,3.408981740075386e-08,6.816667178166087e-11,0.0,1.6746296180509965e-32,8.592123625667971e-33,1.1442226928686282e-33
10,lbfgs,2079,14598.681599999996,17598.681599999996,5.892992512287556e-08,5.8648919118622526e-08,9.928079427394923e-10,2.3616743830223618e-08,3.4039367345659414e-08,6.400688807691507e-11,0.0,1.694853388996907e-32,8.59221309766722e-33,1.1442689528494401e-33
10,lbfgs,2089,14598.681599999996,17598.681599999996,5.9226660403939745e-08,5.878513414248386e-08,9.779943961999408e-10,2.3604364802012525e-08,3.4202774944271396e-08,2.2452940133485285e-10,0.0,1.6067403787176702e-32,8.591341337472162e-33,1.143863368175705e-33
10,lbfgs,2099,14598.681599999996,17598.681599999996,5.882760929231127e-08,5.8542507788274704e-08,9.852695496389999e-10,2.3560036403839206e-08,3.39972018347965e-08,6.810105117070787e-11,0.0,1.6827860907734345e-32,8.592084870298169e-33,1.1442141552464345e-33
10,lbfgs,2109,14598.681599999996,17598.681599999996,5.877113060063891e-08,5.8490162773100214e-08,9.93617545379055e-10,2.354991862574689e-08,3.394662660197427e-08,6.396591007240725e-11,0.0,1.7027912790502738e-32,8.592175560361995e-33,1.1442603379923126e-33
11,adam,0,17598.681599999996,20000.0,0.10873177418045253,0.08154883056704873,0.0002058334713162255,0.058806986425008485,0.022536010670724027,0.02718294352234958,0.0,1.3769843382203637e-29,1.9600000000073198e-30,2.499999999999994e-31
11,adam,24,17598.681599999996,20000.0,0.02799411855659823,0.013798511609218748,2.3579836126734532e-05,0.00858882976748318,0.005186102005608833,0.014195606854916549,0.0,4.200053074158382e-31,2.9438217621453824e-31,5.75841192221516e-32
11,adam,49,17598.681599999996,20000.0,0.020685874270149895,0.007380164828808291,2.1767710829102045e-05,0.00474826431495713,0.0026101328030220593,0.013305709345243463,0.0,6.428102362976401e-31,1.693175761739325e-31,2.8424808663751404e-32
11,adam,74,17598.681599999996,20000.0,0.01809692797036892,0.005112174624508124,1.449729673013529e-06,0.0033568850505873576,0.0017538398442477523,0.012984753245715984,0.0,5.8896911923425235e-33,1.2332903948043067e-31,1.863385342918344e-32
11,adam,99,17598.681599999996,20000.0,0.016840717552459993,0.004157733654420727,2.466663434059844e-06,0.0027202848536759996,0.0014349821373106674,0.01268298379417974,0.0,1.6314811534163875e-32,9.818698343588031e-32,1.5644458576742772e-32
11,adam,124,17598.681599999996,20000.0,0.016068016871615395,0.003645343649350143,1.6366221938245689e-06,0.002441402084772338,0.0012023049423839807,0.012422673115567872,0.0,1.3398018628693256e-32,8.433416035252729e-32,1.3847524148238387e-32
11,adam,149,17598.681599999996,20000.0,0.015595090537331362,0.0033892558753410218,1.0856961391369298e-06,0.002305629049853611,0.0010825411293482743,0.012205834553270394,0.0,1.0318733384276198e-32,7.491658772360442e-32,1.2672303868660128e-32
11,adam,174,17598.681599999996,20000.0,0.015266635060953842,0.003241892796389499,1.019838082039041e-06,0.0022176103193451402,0.00102326263896232,0.012024742154463005,0.0,1.018909525895914e-32,6.871968939904464e-32,1.2092245086968648e-32
11,adam,199,17598.681599999996,20000.0,0.015003047534542204,0.003136809348957491,6.832580428886955e-07,0.0021583990406289417,0.0009777270502856605,0.011866238074380605,0.0,7.984909422395781e-33,6.403054987186168e-32,1.1629338313422194e-32
11,adam,224,17598.681599999996,20000.0,0.014832461362348061,0.0031215835217738167,3.393364485776353e-07,0.002136444324854224,0.0009847998604710147,0.011710877728413505,0.0,4.80601884887988e-33,6.304957206413665e-32,1.173377334278989e-32
11,adam,249,17598.681599999996,20000.0,0.014520011018712368,0.0029502608883333267,3.1207196456950635e-07,0.0019861117492260306,0.0009638370671427264,0.011569750017075763,0.0,4.3393083824714575e-33,6.017247459322968e-32,1.1640413118668311e-32
11,adam,274,17598.681599999996,20000.0,0.014095327883254108,0.0026773568216023787,3.822483838346484e-07,0.0017218454539933493,0.0009551291192251948,0.011417970946618033,0.0,4.603277754901498e-33,5.761810000033668e-32,1.1645655201651827e-32
11,adam,299,17598.681599999996,20000.0,0.01319854388437208,0.002041616185197094,8.912861991117547e-07,0.0011660507102714184,0.0008746741887265639,0.011156927581322877,0.0,1.239074525538536e-32,5.157516590357473e-32,9.363587459861353e-33
11,adam,324,17598.681599999996,20000.0,0.012108331514769173,0.00164810684857379,5.270092429852081e-07,0.0009416732713880735,0.0007059065679427313,0.010460224544999529,0.0,1.316987282888034e-32,4.5806817471963405e-32,8.011165001432738e-33
11,adam,349,17598.681599999996,20000.0,0.011100508983592319,0.0013813353850036921,2.487932997606755e-07,0.0008174245873542315,0.0005636620043496999,0.009719173473898193,0.0,6.713881458409799e-33,4.220257438569963e-32,6.993007683131202e-33
11,adam,374,17598.681599999996,20000.0,0.010215389619814857,0.0012085123819614025,1.1826304336998499e-07,0.0007379644014473536,0.0004704297174706789,0.009006877109864574,0.0,2.000073466056752e-33,3.9527314071442305e-32,6.361047837385117e-33
11,adam,399,17598.681599999996,20000.0,0.00941661123921639,0.0010737235763810932,8.67022375762258e-08,0.0006671091549653148,0.0004065277191782022,0.008342887531725808,0.0,1.3110876738777794e-33,3.714159007869399e-32,5.882478946934757e-33
11,adam,424,17598.681599999996,20000.0,0.00868350088794218,0.000968507459505379,8.745502879844335e-08,0.0006181648512734668,0.0003502551532031137,0.007714993294163892,0.0,1.3363430543247468e-33,3.6122767101207613e-32,5.405627852442628e-33
11,adam,449,17598.681599999996,20000.0,0.008002398507786309,0.0008711407755478992,9.025999778524092e-08,0.0005621532835145138,0.00030889723203560013,0.00713125759495413,0.0,1.1590616942182358e-33,3.4085874124451875e-32,4.992089113716492e-33
11,adam,474,17598.681599999996,20000.0,0.007387638389092809,0.0007932393979182021,9.695467975157964e-08,0.0005159198603508544,0.00027722258288759614,0.006594398851054859,0.0,1.2405528900135544e-33,3.2375076495943806e-32,4.6426228693511245e-33
11,adam,499,17598.681599999996,20000.0,0.0068299614630005605,0.0007281289434065097,1.0052732006674847e-07,0.0004767790919252692,0.00025124932416117375,0.006101832376793241,0.0,1.3868590390942925e-33,3.0966382824558633e-32,4.349191333902794e-33
11,adam,524,17598.681599999996,20000.0,0.006318580314144722,0.0006705295164106544,1.0160102793018596e-07,0.00044260902559942975,0.0002278188897832944,0.005648050652290566,0.0,1.5630782500708495e-33,2.978724273272619e-32,4.093546168368732e-33
11,adam,549,17598.681599999996,20000.0,0.005929548018785145,0.0006537090271746882,1.3145897415499234e-07,0.0004276924219596955,0.00022588514624083771,0.005275838843468525,0.0,2.193096192413038e-33,2.9685905952586583e-32,3.5281497981033154e-33
11,adam,574,17598.681599999996,20000.0,0.005428276794375149,0.0005849317378949757,1.3800397956873482e-07,0.0003926743585096527,0.0001921193754057542,0.004843344905928722,0.0,2.274102802937954e-33,2.710368328832168e-32,3.8643861005301394e-33
11,adam,599,17598.681599999996,20000.0,0.005016182910272795,0.0005356486775771768,8.829906492070689e-08,0.00035704448850001447,0.00017851589001224163,0.004480534079774521,0.0,2.014349083257596e-33,2.673744515875688e-32,3.4635392806008603e-33
11,adam,624,17598.681599999996,20000.0,0.004615865294046758,0.00047017007157765863,8.139531598531146e-08,0.0003120672712084655,0.0001580214050532078,0.004145695067200549,0.0,1.8870745919891282e-33,2.2999239610474202e-32,3.2908548567228635e-33
11,adam,649,17598.681599999996,20000.0,0.0042813190910115494,0.0004416056484003691,7.758108881668292e-08,0.00028947791111401665,0.0001520501561975358,0.0038397132851938696,0.0,1.891166334838714e-33,2.2362654477210595e-32,3.1845186920802734e-33
11,adam,674,17598.681599999996,20000.0,0.004420155961441605,0.0006952087325717784,1.391439211173682e-07,0.0004228118974677218,0.0002722576911829392,0.003724947069399723,0.0,4.3984146215761466e-33,2.928201870818248e-32,1.7504636463276767e-33
11,adam,699,17598.681599999996,20000.0,0.00372557456921855,0.0004148049373961342,1.8249047711457317e-07,0.00026783533421275894,0.00014678711270626064,0.003310769470921113,0.0,2.0689669696985295e-33,2.0310120269467953e-32,2.894411358860647e-33
11,adam,724,17598.681599999996,20000.0,0.003436185169474113,0.0003692581449903835,7.071500134427976e-08,0.00023845347143323724,0.00013073395855580196,0.003066926861730528,0.0,2.0134136043494613e-33,2.0423819033015747e-32,2.771490169360812e-33
11,adam,749,17598.681599999996,20000.0,0.003182440804366709,0.0003386885118177309,6.619128072247859e-08,0.00021734334797639439,0.00012127897256061405,0.002843752127992228,0.0,1.574196545040286e-33,2.0196704405805123e-32,2.7284009420815077e-33
11,adam,774,17598.681599999996,20000.0,0.0029449496639652644,0.0003091089324780574,6.464425138757038e-08,0.0001992366331575389,0.00010980765506913094,0.002635840565085286,0.0,1.7119170436880873e-33,1.9579680321285097e-32,2.696364225482722e-33
11,adam,799,17598.681599999996,20000.0,0.0027318662238068354,0.00028559612710156435,6.321362952228033e-08,0.00018025632041342393,0.0001052765930586181,0.0024462699283939156,0.0,1.8104773827385147e-33,1.9494510975475152e-32,2.356215590274668e-33
11,adam,824,17598.681599999996,20000.0,0.008368537648248929,0.004996489817468326,0.0002630957224278732,0.003124322009554974,0.001609072085485479,0.0033720476498983448,0.0,3.245010311055312e-30,2.0352891458445928e-32,2.3552444191972368e-33
11,adam,849,17598.681599999996,20000.0,0.008572159878909434,0.0051022578597728655,4.774456947287418e-06,0.003347565325684829,0.0017499180771407493,0.0034699018343611805,0.0,9.162683122452776e-32,1.5846373005947387e-32,1.806498585630971e-33
11,adam,874,17598.681599999996,20000.0,0.007925308787412138,0.0044917281663950275,3.919507020519485e-06,0.003294946673477352,0.0011928619858971562,0.0034335804358678096,0.0,6.870249709721052e-32,1.5893803687944225e-32,1.71714873372282e-33
11,adam,899,17598.681599999996,20000.0,0.0073849963499074784,0.0040302154793667045,1.2733966238694633e-06,0.0030405409486158825,0.0009884011341269525,0.0033547806848502645,0.0,5.262069691687524e-32,1.6231417377871037e-32,1.7835658362340968e-33
11,adam,924,17598.681599999996,20000.0,0.006919738653977113,0.0036187529722014763,1.0516067470537134e-06,0.0027702500931374666,0.0008474512723169559,0.003300985495572525,0.0,5.314995828192516e-32,1.6556166120766298e-32,1.7718014912023497e-33
11,adam,949,17598.681599999996,20000.0,0.00650866802412695,0.003256005786183344,1.0628049246176823e-06,0.0025156417661846855,0.0007393012150740405,0.0032526620512035413,0.0,4.951344708018023e-32,1.68253481598677e-32,1.7722691612121718e-33
11,adam,974,17598.681599999996,20000.0,0.0061425194874563625,0.0029333381939228116,1.0858354923976782e-06,0.0022876929276316876,0.0006445594307987263,0.0032091811062420913,0.0,4.598162013653277e-32,1.7074074999637154e-32,1.7800547673943643e-33
11,adam,999,17598.681599999996,20000.0,0.005815698188205197,0.002646871086532585,1.1860184963940246e-06,0.002082415794721222,0.0005632692733149693,0.003168826913805899,0.0,4.3096187360238996e-32,1.7333790281663874e-32,1.77746558161387e-33
11,adam,1024,17598.681599999996,20000.0,0.005568448224669647,0.0024411240976199705,1.2234518211027028e-06,0.0019428414955607327,0.0004970591502381351,0.0031273239385729255,0.0,3.551251933678523e-32,1.7573600310647089e-32,1.7824050516421953e-33
11,adam,1049,17598.681599999996,20000.0,0.005301678105192189,0.002208615397474873,1.4000095339622679e-06,0.001775900763604563,0.0004313146243363475,0.003093062518658342,0.0,3.428171278681617e-32,1.7786103678873648e-32,1.7656923548199688e-33
11,adam,1074,17598.681599999996,20000.0,0.005062774683857317,0.0020029068714513985,1.5967395884387865e-06,0.001622870654174626,0.00037843947768833377,0.0030598676227560624,0.0,3.363431604687623e-32,1.8009552975807456e-32,1.7446678702883956e-33
11,adam,1099,17598.681599999996,20000.0,0.004848771970621346,0.0018222493552374056,1.8308277290171253e-06,0.0014868371767242747,0.00033358135078411394,0.003026522425137875,0.0,3.351291364657507e-32,1.8229754732980592e-32,1.725390936594274e-33
11,adam,1124,17598.681599999996,20000.0,0.004656692468494657,0.0016640437609924915,2.0657432145401896e-06,0.0013675779259200256,0.00029440009185792583,0.002992648516657464,0.0,3.4188419532961654e-32,1.8448759772552208e-32,1.7093882647728043e-33
11,adam,1149,17598.681599999996,20000.0,0.004483451478565204,0.0015257720795301814,2.229805807325956e-06,0.0012631223207486978,0.0002604199529741578,0.0029576792075829248,0.0,3.592918920245046e-32,1.8646657682234338e-32,1.6986190081675365e-33
11,adam,1174,17598.681599999996,20000.0,0.004325901304339014,0.0014043358315849804,2.2523497607228313e-06,0.0011707995111011557,0.00023128397072310174,0.002921565280675942,0.0,3.896037841448182e-32,1.88090989664465e-32,1.6927888063050994e-33
11,adam,1199,17598.681599999996,20000.0,0.004181012220414049,0.0012964862525300803,2.135664942711892e-06,0.001087602700448437,0.00020674788713893156,0.0028845257751503868,0.0,4.296872844755832e-32,1.8919175131440148e-32,1.692437185225934e-33
11,adam,1224,17598.681599999996,20000.0,0.004041266394525042,0.0011955960845756552,2.015101333320179e-06,0.0010011035876132104,0.00019247739562912463,0.002845670116490335,0.0,4.860097319363095e-32,1.9516138302574557e-32,1.786577489448164e-33
11,adam,1249,17598.681599999996,20000.0,0.003915579843250339,0.0011092578436133337,1.8280454434518685e-06,0.0009312818382540215,0.00017614795991586024,0.002806321805377229,0.0,5.140419168485054e-32,1.9540704325312588e-32,1.7969079913874704e-33
11,adam,1274,17598.681599999996,20000.0,0.003797094685779562,0.0010306681392808375,1.6697737211123023e-06,0.0008646597579247464,0.00016433860763497886,0.002766426351411755,0.0,5.198228902563985e-32,1.9533550877935212e-32,1.812789449770626e-33
11,adam,1299,17598.681599999996,20000.0,0.003685209926227519,0.0009586053857885007,1.5423515361620435e-06,0.0008003975392397112,0.00015666549501262755,0.00272660434450744,0.0,5.113730598853355e-32,1.9500166782219735e-32,1.8361177263161692e-33
11,adam,1324,17598.681599999996,20000.0,0.0035799396545019833,0.0008934075108701709,1.4524091379726169e-06,0.0007398875149892908,0.00015206758674290736,0.00268653194685372,0.0,4.995241593304473e-32,1.9472594838307363e-32,1.8631644503295253e-33
11,adam,1349,17598.681599999996,20000.0,0.003481167417593334,0.0008352284132528546,1.3902732599924614e-06,0.0006848865009701294,0.00014895163902273276,0.002645938806725687,0.0,4.8616606084009973e-32,1.9459760101947357e-32,1.8927184159825925e-33
11,adam,1374,17598.681599999996,20000.0,0.0033884128686188274,0.0007837774136159748,1.3445652815679053e-06,0.0006361332646853329,0.00014629958364907405,0.002604635256567235,0.0,4.709543843331922e-32,1.946048775534537e-32,1.9235759105012125e-33
11,adam,1399,17598.681599999996,20000.0,0.0033010495996963064,0.0007384510364365502,1.307867462338038e-06,0.0005932800628071989,0.00014386310616701324,0.0025625983640217218,0.0,4.53920139548334e-32,1.9467911446404158e-32,1.9550236150204928e-33
11,lbfgs,1400,17598.681599999996,20000.0,0.003314761776709723,0.0007538597049774045,1.3482589532979514e-06,0.000601029730960021,0.00015148171506408566,0.0025609018724625943,0.0,4.6921997775073363e-32,2.1455717622246342e-32,2.0863094263373973e-33
11,lbfgs,1409,17598.681599999996,20000.0,0.0007634625059038437,0.0004126237097497493,9.144775422032646e-07,0.00015187953822578995,0.0002598296939817561,0.0003508385924859035,0.0,3.4275758797700365e-32,1.624668867054071e-32,2.8071228611525263e-33
11,lbfgs,1419,17598.681599999996,20000.0,0.0002890805695900324,0.00027924756795750475,1.3441983816103003e-06,0.00014665790101999878,0.00013124546855589566,9.83279055069827e-06,0.0,7.855311955560493e-33,1.608894214496873e-32,2.3908837405200546e-33
11,lbfgs,1429,17598.681599999996,20000.0,0.00023201925126753022,0.00022101881423790487,5.363824262468859e-07,0.00010217527115931191,0.00011830716065234607,1.1000224893683955e-05,0.0,1.537615393816923e-32,1.426849163769708e-32,2.5739817371891003e-33
11,lbfgs,1439,17598.681599999996,20000.0,0.00012210685940095185,0.00011311723889642283,3.251919519702857e-07,4.5794610705580116e-05,6.699743623887243e-05,8.989407458718072e-06,0.0,8.339881141452983e-33,1.397584728320636e-32,1.790061250497054e-33
11,lbfgs,1449,17598.681599999996,20000.0,4.571729768287438e-05,4.245857222557131e-05,3.287931463681574e-07,1.3375892017617337e-05,2.875388706158581e-05,3.258512275017069e-06,0.0,8.574033145851944e-33,1.1857255309605598e-32,1.7660265482490436e-33
11,lbfgs,1459,17598.681599999996,20000.0,2.6651178956968252e-05,2.6105151143635478e-05,3.29622606871817e-07,8.662707203358277e-06,1.7112821333405386e-05,5.458134649390006e-07,0.0,5.0544690857545125e-33,1.1772643829714614e-32,1.5350040918750712e-33
11,lbfgs,1469,17598.681599999996,20000.0,1.690063235894412e-05,1.6454891013117863e-05,1.5844791582940603e-07,4.681406376058208e-06,1.161503672123025e-05,4.455274322434949e-07,0.0,3.8925540443430407e-33,1.1949725990909754e-32,1.4751976941014547e-33
11,lbfgs,1479,17598.681599999996,20000.0,6.732101990010816e-06,6.347753065639902e-06,3.1192550146384133e-07,3.2699522039701517e-06,2.765875360205909e-06,3.841352606649114e-07,0.0,2.295579875068659e-33,1.135262255729083e-32,1.4341920551669339e-33
11,lbfgs,1489,17598.681599999996,20000.0,3.404838240506909e-06,3.306266805403032e-06,8.631470455740451e-08,1.6016081407650352e-06,1.6183439600805923e-06,9.835801435073425e-08,0.0,2.2439856409553776e-33,1.1588787212326894e-32,1.4644425496115901e-33
11,lbfgs,1499,17598.681599999996,20000.0,2.2929265510910653e-06,2.204717602378641e-06,5.289130379802516e-08,1.3941788386896684e-06,7.576474598909473e-07,8.799553096120783e-08,0.0,2.557851733366356e-33,1.1663193553212976e-32,1.487508651192341e-33
11,lbfgs,1509,17598.681599999996,20000.0,1.6954447858149806e-06,1.6717058471879729e-06,1.1497812053425309e-08,8.594471597668847e-07,8.007608753676628e-07,2.3525618823262446e-08,0.0,4.789543505890233e-34,1.1760376251276167e-32,1.5048010189463344e-33
11,lbfgs,1519,17598.681599999996,20000.0,1.3387122095415631e-06,1.2458684892285258e-06,4.6442286937666755e-08,4.974400684693525e-07,7.019861338215066e-07,9.263010646965452e-08,0.0,2.1429846974852866e-33,1.174382303447448e-32,1.4958286044260901e-33
11,lbfgs,1529,17598.681599999996,20000.0,1.0913039653331411e-06,1.0324679181113888e-06,7.007647324639841e-08,3.227650994511415e-07,6.396263454138488e-07,5.862233675267029e-08,0.0,3.681098031346238e-33,1.1760414081359086e-32,1.5076892138194102e-33
11,lbfgs,1539,17598.681599999996,20000.0,9.284913662886715e-07,8.634784693537682e-07,1.2762167161183373e-08,3.0944071600188295e-07,5.412755861907018e-07,6.479901557088333e-08,0.0,6.011621897779561e-34,1.1770218770875231e-32,1.508729880524533e-33
11,lbfgs,1549,17598.681599999996,20000.0,8.471937386724273e-07,7.529164204387317e-07,5.856626471663871e-09,3.3277488191993025e-07,4.142849120471376e-07,9.406344092446369e-08,0.0,2.4437193690251503e-34,1.1784084400555334e-32,1.512281789167178e-33
11,lbfgs,1559,17598.681599999996,20000.0,7.392709242553202e-07,7.03145546319637e-07,1.1250975911927908e-08,3.737385176071524e-07,3.1815605280055674e-07,3.5911266522285957e-08,0.0,5.144286853298037e-34,1.1781334381279958e-32,1.5095644752487285e-33
11,lbfgs,1569,17598.681599999996,20000.0,6.685576494762184e-07,6.363010821170744e-07,1.129068111436019e-08,3.122450920727871e-07,3.127653089299272e-07,3.2042348943967505e-08,0.0,5.878348180407778e-34,1.1794815617263793e-32,1.5150431931219221e-33
11,lbfgs,1579,17598.681599999996,20000.0,6.204992965897028e-07,6.026024186724788e-07,8.976264828500087e-09,3.025917193367652e-07,2.910344345072135e-07,1.768252359101353e-08,0.0,3.662969155219071e-34,1.1783367853524965e-32,1.5122663900156303e-33
11,lbfgs,1589,17598.681599999996,20000.0,5.116741695496983e-07,4.873703536436244e-07,2.0967804673512497e-08,2.143708856514828e-07,2.5203166331862903e-07,2.4089065365165035e-08,0.0,5.5410754383180675e-34,1.179734866370963e-32,1.5039027469229362e-33
11,lbfgs,1599,17598.681599999996,20000.0,4.637070164085021e-07,4.559025134815996e-07,8.860143222881927e-09,1.8336602192670553e-07,2.636763483320121e-07,7.589664164125184e-09,0.0,1.3533503926711911e-34,1.1805550043952046e-32,1.5143085559292777e-33
11,lbfgs,1609,17598.681599999996,20000.0,4.1799412977503763e-07,4.0374085068378085e-07,3.520768868667037e-09,1.5796605694953202e-07,2.422540248655818e-07,1.403809303135388e-08,0.0,7.947707554965793e-35,1.180869618348826e-32,1.5093232168854011e-33
11,lbfgs,1619,17598.681599999996,20000.0,3.4225746960404204e-07,3.2581094838907217e-07,1.031412700974063e-08,1.2158596187761314e-07,1.939108595017184e-07,1.6231209340681444e-08,0.0,2.6517462000378977e-34,1.1799840755872908e-32,1.5105238919131979e-33
11,lbfgs,1629,17598.681599999996,20000.0,2.8094752453198296e-07,2.674371051985081e-07,1.190385723662227e-08,1.1858656332045128e-07,1.3694668464143453e-07,1.3294863597844212e-08,0.0,3.5134724711300036e-34,1.180402038756258e-32,1.502665948358208e-33
11,lbfgs,1639,17598.681599999996,20000.0,1.7326343825590227e-07,1.6687947525184642e-07,8.321674159293054e-09,5.682870582406915e-08,1.0172909526848423e-07,6.168146439262128e-09,0.0,4.595218192457009e-34,1.1861387354205475e-32,1.5060908915461404e-33
11,lbfgs,1649,17598.681599999996,20000.0,1.3699791547440105e-07,1.33238592128688e-07,5.841728560891137e-09,4.643230270516199e-08,8.096456086263486e-08,3.5434817708357796e-09,0.0,2.677257831882715e-34,1.1857687011723872e-32,1.5065264994436737e-33
11,lbfgs,1659,17598.681599999996,20000.0,1.2398615432589596e-07,1.2220866287844683e-07,3.1690058686370313e-09,4.295093878100943e-08,7.608871822880036e-08,1.5614760870359172e-09,0.0,1.3358365392679374e-34,1.1844279856809918e-32,1.5030660653306106e-33
11,lbfgs,1669,17598.681599999996,20000.0,1.091811306551426e-07,1.0576336990163451e-07,2.4719840512765238e-09,3.9224557677554866e-08,6.406682817280312e-08,3.2017317991421657e-09,0.0,6.83528910866139e-35,1.1844002168618769e-32,1.5037031434365626e-33
11,lbfgs,1679,17598.681599999996,20000.0,1.0562119910851566e-07,1.0380578306529216e-07,2.1750209439890515e-09,3.9230794650085276e-08,6.239996747121784e-08,1.5993353965672726e-09,0.0,9.978090179277472e-35,1.185057511520778e-32,1.5035477035279976e-33
11,lbfgs,1689,17598.681599999996,20000.0,1.0526152329055272e-07,1.0344147311215084e-07,2.0784202401168163e-09,3.935592530117931e-08,6.200712757085471e-08,1.6039747114399313e-09,0.0,9.759795984203565e-35,1.1851421392862518e-32,1.5035297379642238e-33
11,lbfgs,1699,17598.681599999996,20000.0,1.0504375637888631e-07,1.03130401823248e-07,2.011893498371847e-09,3.917777532848572e-08,6.194073299639042e-08,1.6972796743345874e-09,0.0,9.335975788768167e-35,1.185192866611981e-32,1.5036922326587727e-33
11,lbfgs,1709,17598.681599999996,20000.0,9.521943514140256e-08,9.261593448333972e-08,1.589627693164935e-09,3.3337202550440054e-08,5.768910423973474e-08,2.387355897194515e-09,0.0,6.428729304302588e-35,1.1869001431569781e-32,1.504996392573432e-33
11,lbfgs,1719,17598.681599999996,20000.0,8.703053012487137e-08,8.610529633395765e-08,3.22296019715361e-09,2.9659312932239153e-08,5.322302320456488e-08,7.089813697234751e-10,0.0,1.3366759654723107e-34,1.186842564870284e-32,1.504933412529908e-33
11,lbfgs,1729,17598.681599999996,20000.0,8.638518385465924e-08,8.523201750719261e-08,3.1735372457888865e-09,2.8955583010869803e-08,5.310289725053392e-08,9.36907971505005e-10,0.0,1.3228404786065143e-34,1.1870536485302911e-32,1.5050069192815326e-33
11,lbfgs,1739,17598.681599999996,20000.0,8.603386880718909e-08,8.482352400212785e-08,3.145546138535457e-09,2.853710281433805e-08,5.3140875049254346e-08,9.940820625319492e-10,0.0,1.2880866558495503e-34,1.1870494310583764e-32,1.5050610041032276e-33
11,lbfgs,1749,17598.681599999996,20000.0,8.572227282005765e-08,8.449653468511172e-08,3.1148288481571406e-09,2.823788239984692e-08,5.314382343710766e-08,1.0094721061718517e-09,0.0,1.2565750416948947e-34,1.1870396615263728e-32,1.505112158576908e-33
11,lbfgs,1759,17598.681599999996,20000.0,8.54631037529013e-08,8.421842617430071e-08,3.0691854075932157e-09,2.802084524839778e-08,5.312839551830972e-08,1.0284093871204192e-09,0.0,1.221037454990097e-34,1.1870668511553568e-32,1.5050978242861477e-33
11,lbfgs,1769,17598.681599999996,20000.0,8.523746124917461e-08,8.397926303573215e-08,3.023057961197867e-09,2.7826985139778846e-08,5.312921993475543e-08,1.0419278181171115e-09,0.0,1.1831901682181738e-34,1.1871071681637524e-32,1.505075885825311e-33
11,lbfgs,1779,17598.681599999996,20000.0,8.489734205106168e-08,8.364297514986135e-08,3.0092718923374034e-09,2.748348547098378e-08,5.315021778654016e-08,1.038092359963701e-09,0.0,1.16674080452504e-34,1.1871021553912957e-32,1.505232381483086e-33
11,lbfgs,1789,17598.681599999996,20000.0,8.466657769570142e-08,8.339070178608346e-08,2.872516663817309e-09,2.7469643952003417e-08,5.304854117026274e-08,1.059602863986597e-09,0.0,1.0891649575639076e-34,1.1871719423526501e-32,1.5050293438626853e-33
11,lbfgs,1799,17598.681599999996,20000.0,8.448062506431915e-08,8.323030205399078e-08,2.8977365401753754e-09,2.727905490747739e-08,5.3053510606338e-08,1.0340471701017258e-09,0.0,1.101108503086621e-34,1.1871485279590998e-32,1.5051744583646386e-33
11,lbfgs,1809,17598.681599999996,20000.0,8.4273723112324e-08,8.303474756826837e-08,2.8886825754820643e-09,2.7099853596346698e-08,5.3046211396439605e-08,1.0226972984846892e-09,0.0,1.0944238589664509e-34,1.1871477925559594e-32,1.5052643436857775e-33
11,lbfgs,1819,17598.681599999996,20000.0,8.410760250963221e-08,8.28683537026976e-08,2.8166363444145634e-09,2.7088270917995396e-08,5.296344644028764e-08,1.022971247585789e-09,0.0,1.0549123969130426e-34,1.1871822146633196e-32,1.505154726836752e-33
11,lbfgs,1829,17598.681599999996,20000.0,8.392136578975453e-08,8.26919323284632e-08,2.7848470898658863e-09,2.699271245418971e-08,5.291437278440761e-08,1.0131549063732094e-09,0.0,1.0369733119831285e-34,1.1871940184755606e-32,1.505157113688831e-33
11,lbfgs,1839,17598.681599999996,20000.0,8.374042925422124e-08,8.252441716891623e-08,2.7408144102112576e-09,2.6959790087028467e-08,5.282381267167651e-08,9.99733594401369e-10,0.0,1.0130182394210405e-34,1.1872100839278248e-32,1.5050993739090545e-33
11,lbfgs,1849,17598.681599999996,20000.0,8.359899562116698e-08,8.238458897879826e-08,2.7466580520637092e-09,2.677039497926686e-08,5.286753594746769e-08,9.981252260137482e-10,0.0,1.0152218395199006e-34,1.1872083897250175e-32,1.5052260512236957e-33
11,lbfgs,1859,17598.681599999996,20000.0,8.343745373969796e-08,8.223179455600001e-08,2.7205589341837914e-09,2.6687060050444328e-08,5.282417557137189e-08,9.893768179949953e-10,0.0,1.0008328420233288e-34,1.1872184937691308e-32,1.5052308313315722e-33
11,lbfgs,1869,17598.681599999996,20000.0,8.322779327532024e-08,8.20272867947195e-08,2.7039967509344543e-09,2.6497971656554786e-08,5.282531838723025e-08,9.8422135852212e-10,0.0,9.907301465966328e-35,1.1872270399574925e-32,1.5053206041659672e-33
11,lbfgs,1879,17598.681599999996,20000.0,8.306315724424585e-08,8.187918467984317e-08,2.6523692813052808e-09,2.6527224103214255e-08,5.269959129532363e-08,9.676885489641938e-10,0.0,9.63821092560594e-35,1.1872454871746063e-32,1.5052064389980685e-33
11,lbfgs,1889,17598.681599999996,20000.0,8.290180633217021e-08,8.172737148540904e-08,2.6246701404011445e-09,2.645477185563408e-08,5.2647929489373805e-08,9.58150036396404e-10,0.0,9.489650437139093e-35,1.1872563303191507e-32,1.505200404592062e-33
11,lbfgs,1899,17598.681599999996,20000.0,8.276623271340728e-08,8.159195443704896e-08,2.623485601555259e-09,2.6292429916560306e-08,5.26760389189334e-08,9.57990881249751e-10,0.0,9.471155677656955e-35,1.1872593851109244e-32,1.5053022331413038e-33
11,lbfgs,1909,17598.681599999996,20000.0,8.260550976609441e-08,8.143884171611289e-08,2.600783590843704e-09,2.6198147971572064e-08,5.2639910153697124e-08,9.503794092602756e-10,0.0,9.347613169354645e-35,1.1872689820812141e-32,1.5053205899627311e-33
11,lbfgs,1919,17598.681599999996,20000.0,8.242321048068225e-08,8.125293767835353e-08,2.6073088195277236e-09,2.5934518497195005e-08,5.27111103616308e-08,9.539796785729963e-10,0.0,9.358687698948721e-35,1.1872710754670536e-32,1.5055102331358776e-33
11,lbfgs,1929,17598.681599999996,20000.0,8.225828307532029e-08,8.111923050134987e-08,2.52274491300952e-09,2.6137406078361465e-08,5.245907950997888e-08,9.227639302612702e-10,0.0,8.940681968281731e-35,1.1872983225850583e-32,1.5052080995733987e-33
11,lbfgs,1939,17598.681599999996,20000.0,8.209114621672699e-08,8.095290139617452e-08,2.518841966719126e-09,2.5949281857995135e-08,5.248477757146026e-08,9.219531291581528e-10,0.0,8.90832276644998e-35,1.1873029023349374e-32,1.5053241422966537e-33
11,lbfgs,1949,17598.681599999996,20000.0,8.194178630380844e-08,8.081579201469171e-08,2.4849156895122548e-09,2.592876758868938e-08,5.2402108736490075e-08,9.097026858943751e-10,0.0,8.732022574010741e-35,1.1873159320236383e-32,1.5052693985879049e-33
11,lbfgs,1959,17598.681599999996,20000.0,8.172389265510608e-08,8.060588132740194e-08,2.4613742298370592e-09,2.577400881421535e-08,5.237049828334954e-08,9.017174264556025e-10,0.0,8.601534777725261e-35,1.1873273881744997e-32,1.5053255727057462e-33
11,lbfgs,1969,17598.681599999996,20000.0,8.152716694054375e-08,8.041846966091429e-08,2.434915210340251e-09,2.5662210028494677e-08,5.2321344422079356e-08,8.924018149114066e-10,0.0,8.457702134963826e-35,1.1873393980184974e-32,1.505346703432566e-33
11,lbfgs,1979,17598.681599999996,20000.0,7.967937773000539e-08,7.876248730854027e-08,1.9200473037109715e-09,2.5756813932828614e-08,5.108562607200068e-08,7.006014996183738e-10,0.0,5.841359228803023e-35,1.1875702253630466e-32,1.5041663077026868e-33
11,lbfgs,1989,17598.681599999996,20000.0,6.893283134962386e-08,6.856431652884968e-08,1.7309749059895978e-09,1.9634189646198566e-08,4.7199151976661516e-08,1.5202674062339818e-10,0.0,6.487531386162701e-35,1.1890062146828232e-32,1.5067645575051362e-33
11,lbfgs,1999,17598.681599999996,20000.0,4.864544825334898e-08,4.7030207857681853e-08,2.833883405959077e-09,2.1683323918979856e-08,2.251300053274292e-08,1.3984464338678358e-09,0.0,8.022635405940561e-35,1.1877953221945547e-32,1.5040837235836624e-33
11,lbfgs,2009,17598.681599999996,20000.0,4.077189666160707e-08,3.9988965133646546e-08,3.088684757471012e-09,1.914777965448861e-08,1.7752500721686924e-08,5.661192865430937e-10,0.0,4.7812676791611173e-35,1.1880190782969466e-32,1.5030434340230442e-33
11,lbfgs,2019,17598.681599999996,20000.0,4.0137076614536996e-08,3.911488046253253e-08,3.581010933222002e-09,1.908847160031838e-08,1.644539792899215e-08,8.053769519397966e-10,0.0,5.400326000826564e-35,1.1881848142745603e-32,1.5033162000026698e-33
11,lbfgs,2029,17598.681599999996,20000.0,3.995320752503131e-08,3.884987498958999e-08,3.3730478082729288e-09,1.888118275323666e-08,1.65956444280804e-08,8.865280775753905e-10,0.0,5.166918646292313e-35,1.1882352228285256e-32,1.5036061453696458e-33
11,lbfgs,2039,17598.681599999996,20000.0,3.9829547882745714e-08,3.871411410911713e-08,3.280119800827627e-09,1.881271923062093e-08,1.6621275077668576e-08,8.986310203988088e-10,0.0,5.093140884956714e-35,1.1882670544123415e-32,1.5036482834457187e-33
11,lbfgs,2049,17598.681599999996,20000.0,3.971934287664432e-08,3.860378939964098e-08,3.209081652780667e-09,1.877707310860976e-08,1.6617634638250552e-08,8.987500053705363e-10,0.0,5.03305577833244e-35,1.1882795297750569e-32,1.5036503962344496e-33
11,lbfgs,2059,17598.681599999996,20000.0,3.961774101596527e-08,3.8484280927990516e-08,3.1436779137877577e-09,1.8746543704475035e-08,1.6594059309727724e-08,9.16657602525698e-10,0.0,4.969524357751575e-35,1.1882981047049135e-32,1.5035783340153888e-33
11,lbfgs,2069,17598.681599999996,20000.0,3.952203999431302e-08,3.8397448728825324e-08,3.1070571240005497e-09,1.8729965378052965e-08,1.6560426226771807e-08,9.077859878126996e-10,0.0,4.948680457120319e-35,1.1882818635781329e-32,1.5036506883539158e-33
11,lbfgs,2079,17598.681599999996,20000.0,3.9438878076430874e-08,3.831343145491357e-08,3.0588799684147007e-09,1.871069001659653e-08,1.654386146990234e-08,9.08640905161458e-10,0.0,4.900163092402741e-35,1.1882853644078635e-32,1.5036242357385266e-33
11,lbfgs,2089,17598.681599999996,20000.0,3.925631628770686e-08,3.81392243584094e-08,2.9770633291863035e-09,1.867760335314077e-08,1.6484557676082325e-08,9.002828785495841e-10,0.0,4.829530857043881e-35,1.1882714218809823e-32,1.5036668805368098e-33
11,lbfgs,2099,17598.681599999996,20000.0,3.907549672343558e-08,3.794021329429052e-08,2.8558591913300957e-09,1.8630439240112582e-08,1.645391486284784e-08,9.184767370211722e-10,0.0,4.691364609295009e-35,1.1882988925910406e-32,1.503484856177189e-33
11,lbfgs,2109,17598.681599999996,20000.0,3.899415425761424e-08,3.7877892051572596e-08,2.840811612805558e-09,1.8623709974288204e-08,1.6413370464478833e-08,8.994516161294642e-10,0.0,4.686639977406146e-35,1.1882771022012197e-32,1.5035917699395504e-33
11,lbfgs,2119,17598.681599999996,20000.0,3.881389135812082e-08,3.7692857006958445e-08,2.7530062440200907e-09,1.8587269440077807e-08,1.635258132286055e-08,9.042230460483463e-10,0.0,4.599597200586014e-35,1.1882757738623609e-32,1.5035504923330171e-33
11,lbfgs,2129,17598.681599999996,20000.0,3.866397512887918e-08,3.7527558596522505e-08,2.6029454204172624e-09,1.854099971487272e-08,1.6383613461232523e-08,9.196103317812549e-10,0.0,4.393412218177385e-35,1.188344327499801e-32,1.5031945298224712e-33
11,lbfgs,2139,17598.681599999996,20000.0,3.854823157080324e-08,3.744932005666632e-08,2.6443937922240822e-09,1.8544336575985387e-08,1.6260589688456852e-08,8.82095250474588e-10,0.0,4.488087949053367e-35,1.1882618934125286e-32,1.5035931374130537e-33
11,lbfgs,2149,17598.681599999996,20000.0,3.837756309617827e-08,3.727947423930347e-08,2.5567235671145668e-09,1.8508072307150405e-08,1.6214678365038497e-08,8.812721041790198e-10,0.0,4.389748681132792e-35,1.1882697877104287e-32,1.5035209427875754e-33
