window,stage,step,t0,t1,total,physics,res_S,res_E,res_I,endpoint_physics,bound,orig_mse_S,orig_mse_E,orig_mse_I
0,adam,0,0.0,250.0,2.0370608033234614,1.527795602426088,0.10025666883375696,0.4275389335923308,1.0,0.5092652008086961,0.0,1.299170513584679e-12,4.6242611057346566e-11,8.999999999999995e-12
0,adam,24,0.0,250.0,0.4684612112990207,0.24013968414149592,0.015911673501695294,0.10681693246950671,0.1174110781702939,0.22832152706701314,0.0,8.706235237514699e-12,7.409379711342185e-12,1.90703390893952e-12
0,adam,49,0.0,250.0,0.3715865003105186,0.16084314909959066,0.007579634865243973,0.07392785570978741,0.07933565852455927,0.21074335111909123,0.0,2.1613812102265843e-12,4.7968892869019534e-12,1.6473218268664962e-12
0,adam,74,0.0,250.0,0.3308425260789225,0.1318774047096972,0.00029251370261703795,0.06563477453487745,0.0659501164722027,0.19896512127614527,0.0,2.3809725405380876e-13,4.344460223964803e-12,1.420785146410486e-12
0,adam,99,0.0,250.0,0.2931719106987443,0.11429492321674614,0.003551025711993882,0.07741876958452262,0.03332512792022963,0.1788769873850057,0.0,8.353672962898586e-13,3.738310792711045e-12,6.339413368349433e-13
0,adam,124,0.0,250.0,0.2120100852785341,0.06913619920757834,0.0015729256819428006,0.03620451853319993,0.03135875499243561,0.1428738859726793,0.0,6.78742255887665e-13,2.3563126926838125e-12,9.534540159062415e-13
0,adam,149,0.0,250.0,0.1726606773341982,0.05676112719666096,0.001840977642222322,0.029378564495932187,0.025541585058506455,0.11589955003736872,0.0,7.790921413953247e-13,1.7652707859176857e-12,1.027709402288471e-12
0,adam,174,0.0,250.0,0.21646367585841836,0.06738448307855172,0.00274610511359904,0.03753987220737123,0.02709850575758144,0.14907919268123956,0.0,1.4352064410174358e-12,2.2426179883411523e-12,8.215510277358794e-13
0,adam,199,0.0,250.0,0.19866536438644905,0.060928953995717045,0.0008263341824713914,0.03425643053927435,0.025846189273971303,0.13773641029281125,0.0,1.859999450371414e-13,2.3015071096965535e-12,7.868190629849909e-13
0,adam,224,0.0,250.0,0.15548350838137845,0.052299062929225995,0.0023842219340913674,0.02826924165281009,0.02164559934232454,0.10318444535248468,0.0,6.476009557813231e-13,1.6635324060760292e-12,8.781535070777138e-13
0,adam,249,0.0,250.0,0.13528919895188252,0.045428753007462096,0.00247717825601942,0.02222564175852086,0.020725932992921813,0.0898604458434999,0.0,9.378773442162315e-13,1.3879075324580004e-12,8.468710792634589e-13
0,adam,274,0.0,250.0,0.17804654966689298,0.07692116289582494,0.0022220268191213096,0.05928125676867937,0.015417879308024273,0.10112538666888936,0.0,8.439782032348899e-13,1.718671650074438e-12,4.493915018248858e-13
0,adam,299,0.0,250.0,1.4424720469994352,0.8895809577368394,0.002571301989935261,0.8344899549039374,0.052519700842966796,0.5528910891603466,0.0,1.4832108341245869e-12,4.364983731591536e-12,4.19491230011543e-12
0,adam,324,0.0,250.0,0.22648048748831381,0.0733145817292985,0.0024633590862263837,0.04561679938808375,0.02523442325498836,0.15316590565840432,0.0,1.3646503352484493e-12,1.779748203454134e-12,7.102819269798349e-13
0,adam,349,0.0,250.0,0.13436045657015983,0.04087472120048444,0.0010445359332707177,0.018828490730518465,0.021001694536695256,0.09348573526906832,0.0,1.7788739522491993e-13,1.4295205383381101e-12,6.642067262485169e-13
0,adam,374,0.0,250.0,0.11213756380339812,0.03842658761467205,0.0013775250196752515,0.016714352440043153,0.020334710154953643,0.07371097608658082,0.0,3.892360337797265e-13,1.1408020333467398e-12,7.761386030788908e-13
0,adam,399,0.0,250.0,0.1168158007062052,0.04592698293552015,0.0011472660607314401,0.03275591209880551,0.012023804775983202,0.07088881766698812,0.0,4.861216955219551e-13,1.1287742341705163e-12,4.0210547061481336e-13
0,adam,424,0.0,250.0,0.09459465198752397,0.034911001189731075,0.0009401780293845132,0.021700870242872684,0.012269952917473875,0.059683650693101505,0.0,3.6995757704475633e-13,9.292894196600982e-13,4.100947610713343e-13
0,adam,449,0.0,250.0,0.10780509594161934,0.044706241711558445,0.0007480869674644445,0.033169670996728885,0.010788483747365117,0.0630988541249156,0.0,2.675851941174309e-13,9.400814045064484e-13,3.201523312311429e-13
0,adam,474,0.0,250.0,0.08798561457075224,0.0336062415839941,0.0005347031665977039,0.015222128356383029,0.017849410061013364,0.05437937288111771,0.0,1.3314663277491704e-13,7.754644366918695e-13,4.897152303254871e-13
0,adam,499,0.0,250.0,2.7759882985078925,1.795449554484731,0.001751744175018209,1.7495965694717663,0.04410124083794665,0.9805387439168837,0.0,1.080177371823259e-12,2.4275290333100068e-12,1.9969163066431136e-12
0,adam,524,0.0,250.0,0.11557100799516201,0.03733794125145069,0.0018753687058300828,0.02529797479132633,0.010164597754294277,0.07823306663954503,0.0,1.1605674196652217e-12,1.3404589504250997e-12,1.3344086799402867e-13
0,adam,549,0.0,250.0,0.08583700476876585,0.02762609832593539,0.0013460695417836408,0.012872132696177046,0.013407896087974705,0.058210906338333764,0.0,3.058800816651985e-13,8.382807471858148e-13,3.389139879916012e-13
0,adam,574,0.0,250.0,0.07123229386453864,0.023066464311455884,0.0009983828493527807,0.009655082153943405,0.012412999308159698,0.048165829447184415,0.0,1.917490180262346e-13,6.701264049424178e-13,2.954272445379521e-13
0,adam,599,0.0,250.0,0.11423890062675765,0.047865264453986284,0.0005253001459994859,0.04082280130996854,0.006517162998018262,0.06637363606667664,0.0,8.126398799256939e-14,7.892205850008105e-13,9.737992367520196e-14
0,adam,624,0.0,250.0,0.13229471982657282,0.07049276105439772,0.0004048220745269348,0.062003872967176264,0.00808406601269452,0.061801958665929475,0.0,5.778318516897731e-14,7.329256386723919e-13,1.1275613535977767e-13
0,adam,649,0.0,250.0,0.10449924133213917,0.0420474339908357,0.0003748786575044419,0.02617063869832931,0.015501916635001944,0.062451807234803196,0.0,5.569269078823472e-14,6.052968943737702e-13,2.2842414575868465e-13
0,adam,674,0.0,250.0,0.21174982896477743,0.1362780457999107,0.0003908306549375378,0.10491370544662094,0.030973509698352233,0.07547178305802706,0.0,5.350421209732426e-14,7.882316857755996e-13,1.3029591134933017e-13
0,adam,699,0.0,250.0,0.21410845336124634,0.1046706834233718,0.0003258187272434517,0.07958628368551511,0.024758581010613227,0.10943776983140792,0.0,3.255687198094719e-14,7.933642616392894e-13,7.425074240370075e-14
0,adam,724,0.0,250.0,0.09708179478561914,0.03524207141758629,0.0003903823347881836,0.021615832056349826,0.013235857026448281,0.06183972326194873,0.0,7.194764745947879e-14,7.190881155077221e-13,1.416894311978186e-13
0,adam,749,0.0,250.0,0.06314562876103108,0.018111621213196167,0.0004143684335052629,0.007518309464626682,0.010178943315064222,0.04503400744101116,0.0,5.620019671964316e-14,5.634463540756515e-13,2.189781965039196e-13
0,adam,774,0.0,250.0,0.07459478069607567,0.03048944156481323,0.00031758632005168683,0.018113488177783542,0.012058367066978,0.044105339023240785,0.0,4.215172780996591e-14,4.903677951536084e-13,1.987199991534732e-13
0,adam,799,0.0,250.0,0.1190802766664564,0.06007108038953289,0.0003459727672367259,0.04543661561345083,0.014288492008845338,0.059009196167912725,0.0,4.7236995864093043e-14,4.459271642664394e-13,1.9913361680009344e-13
0,adam,824,0.0,250.0,0.7449340545191632,0.4957951042981691,0.0006589132475679687,0.4667652901431119,0.028370900907489213,0.2491389501117267,0.0,1.429095048022245e-13,6.604452042878428e-13,3.086849203223336e-13
0,adam,849,0.0,250.0,0.05116341155143772,0.015250371874629912,0.0005303489768992295,0.007541863604315968,0.007178159293414715,0.03591303956757525,0.0,9.093576272567924e-14,5.070527695250352e-13,1.316333565211659e-13
0,adam,874,0.0,250.0,0.048081685211755876,0.017002357814781027,0.0003674840517181279,0.01050606311333556,0.006128810649727339,0.031079327286621296,0.0,4.477130141613004e-14,4.1261103116528284e-13,1.537177225536e-13
0,adam,899,0.0,250.0,0.04612630483590068,0.01736731537255396,0.0003631688811345205,0.009626568947169985,0.007377577544249456,0.028758989351896965,0.0,3.766364914229821e-14,3.583871116197585e-13,1.3192685785748302e-13
0,adam,924,0.0,250.0,1.4379969148061367,1.352940469877825,0.0032068285594581123,0.23632868585381314,1.1134049554645538,0.08505644481762865,0.0,3.764541386843919e-13,1.0801698417823513e-12,1.5034708377705282e-13
0,adam,949,0.0,250.0,0.1281029945659198,0.040427844522077296,0.000980854968821489,0.03294295810225207,0.006504031451003734,0.08767514993456775,0.0,1.2547138464610025e-13,7.736911543868979e-13,4.513903096635869e-14
0,adam,974,0.0,250.0,0.06952142064905516,0.022997509513088352,0.0005217131257478531,0.013869701635733409,0.00860609475160709,0.046523911026268544,0.0,5.4670473571581846e-14,4.720821220652249e-13,1.7197806835515084e-13
0,adam,999,0.0,250.0,0.05882020054744553,0.023062272161457873,0.0002611866801988175,0.017766796377967253,0.005034289103291802,0.0357579282753397,0.0,1.982525538572407e-14,4.151823433761802e-13,9.63843529889298e-14
0,adam,1024,0.0,250.0,0.044447223764983265,0.015327061110178012,0.00024636730165121436,0.011283689613120651,0.0037970041954061466,0.029120162543566603,0.0,1.7152156048888242e-14,3.979994557939348e-13,7.916138130702231e-14
0,adam,1049,0.0,250.0,0.057483195259154136,0.020002844751589248,0.0002595258147744614,0.014814150671510177,0.00492916826530461,0.037480350396930394,0.0,1.9387323204500302e-14,5.267538814178349e-13,4.4645920496888654e-14
0,adam,1074,0.0,250.0,0.052526905528402064,0.016822859791644523,0.0003963030750487717,0.010468007815922269,0.005958548900673485,0.03570404562554124,0.0,3.842356239838708e-14,3.8944567160008826e-13,1.1774398816542055e-13
0,adam,1099,0.0,250.0,0.14352447768757465,0.08053936186615512,0.0002176213408206451,0.06128434027667324,0.019037400248661247,0.06298511570948633,0.0,1.1778008051599155e-14,3.8449795826775136e-13,7.214006751389852e-14
0,adam,1124,0.0,250.0,0.07991899401192452,0.038330197980480624,0.00022702415257500063,0.031439365734649206,0.0066638080932564184,0.04158879591955782,0.0,1.5594761828330217e-14,3.8732262012296225e-13,6.354686379849928e-14
0,adam,1149,0.0,250.0,0.0361759509197089,0.009081051736620901,0.0002096645889364005,0.004741492390244293,0.004129894757440207,0.027094899070978205,0.0,1.1865749490823851e-14,3.5890489935028857e-13,8.039877788076055e-14
0,adam,1174,0.0,250.0,0.032812943738840986,0.00857348012723513,0.00020455822091635533,0.004157609223661475,0.004211312682657299,0.024239463498885363,0.0,1.205810557038272e-14,3.1678527479627987e-13,8.548216710736718e-14
0,adam,1199,0.0,250.0,0.03559267150519125,0.013112705401389608,0.0002136510122381986,0.0080111792954167,0.004887875093734708,0.022479965990223977,0.0,1.4061097525385172e-14,2.7205866522756076e-13,9.033416711079067e-14
0,adam,1224,0.0,250.0,0.04153363115338625,0.018582306844260633,0.00023370848074654487,0.014058695949876554,0.004289902413637535,0.022951324194636132,0.0,1.3414356673278823e-14,2.0712931967932299e-13,6.789132599872262e-14
0,adam,1249,0.0,250.0,0.27749407852929414,0.16998129534955198,0.0002843306969435983,0.15874102563219833,0.010955939020410055,0.10751278306453715,0.0,2.3426783778776025e-14,1.962008848420809e-13,8.379993785843812e-14
0,adam,1274,0.0,250.0,0.02835492008850388,0.007937492827199159,0.0002661540184915233,0.004447634830543164,0.0032237039781644705,0.02041742714597098,0.0,1.9521445411959573e-14,1.92365912815942e-13,5.191624726769684e-14
0,adam,1299,0.0,250.0,0.05515831925399573,0.025794717697394654,0.00022138173202502194,0.020600646481845283,0.004972689483524348,0.029363601441256038,0.0,1.436084959070468e-14,1.9585206003262762e-13,5.516275584504885e-14
0,adam,1324,0.0,250.0,0.06310355488649222,0.03403749496229204,0.00019104867864415902,0.02708669873522968,0.0067597475484182015,0.02906605980882059,0.0,1.0260708323634567e-14,2.029095520035038e-13,4.9962225330656444e-14
0,adam,1349,0.0,250.0,0.04782279826935467,0.023514254911597053,0.00017129326845237533,0.018542616610688987,0.004800345032455691,0.024308543242314545,0.0,8.507511624969285e-15,2.002291216901083e-13,4.9938122177273255e-14
0,adam,1374,0.0,250.0,0.10153403963998621,0.0579135310413825,0.0001812837889109039,0.05105525607485777,0.006676991177613821,0.043620508483063085,0.0,1.173190996580066e-14,1.9674891037905057e-13,5.821524349172057e-14
0,adam,1399,0.0,250.0,0.08975131818292481,0.05021101745432485,0.00017009674113763917,0.043864390414047424,0.006176530299139786,0.03954030061289169,0.0,1.0967893892695041e-14,1.9270517841273843e-13,5.702135084166444e-14
0,lbfgs,1400,0.0,250.0,0.043940193812426774,0.020999088838276215,0.0001566471421263782,0.015727471435755015,0.005114970260394821,0.02294110485841894,0.0,6.8488789920358445e-15,1.989069236807405e-13,6.357030900617517e-14
0,lbfgs,1409,0.0,250.0,0.02398163362550336,0.006325726818895435,0.00016388055185167832,0.002745526892645288,0.003416319374398469,0.017655906690875783,0.0,7.719956194412147e-15,1.9481485099446588e-13,6.622320255249711e-14
0,lbfgs,1419,0.0,250.0,0.01933068435362079,0.008132368648516745,0.0002817490433445546,0.0028939880531935053,0.0049566315519786845,0.011198315589047133,0.0,2.6806118444607055e-14,1.2229626163405338e-13,1.1025558677725478e-13
0,lbfgs,1429,0.0,250.0,0.01577205360321268,0.00814813444047532,0.0003863782467141739,0.002398974338360625,0.005362781855400521,0.007623919046418512,0.0,2.4977658624180256e-14,8.090117916638163e-14,1.0846253281299552e-13
0,lbfgs,1439,0.0,250.0,0.006090730314177381,0.00454005286421918,0.00042597749341543814,0.000741278378689488,0.0033727969921142536,0.0015506773325706308,0.0,1.4283647808283383e-14,8.742464172752268e-15,2.8333035433983787e-14
0,lbfgs,1449,0.0,250.0,0.0035205607817325128,0.002827396364619898,0.00046163140607418453,0.0005570504387845663,0.0018087145197611472,0.000693164299289585,0.0,3.396908362524674e-14,5.19342784143339e-15,2.0508169030632688e-14
0,lbfgs,1459,0.0,250.0,0.00249079569567468,0.0022774928058251474,0.0004441544919013602,0.0003155301869063504,0.0015178081270174368,0.00021330277156295042,0.0,2.6004901683119122e-14,3.67358203120943e-15,2.1176278773099634e-14
0,lbfgs,1469,0.0,250.0,0.002157957392078814,0.0019487626778446105,0.0003396623017861866,0.0003359183376643843,0.0012731820383940396,0.00020919459590042664,0.0,1.805009256533189e-14,5.312119190025459e-15,2.0064180792119216e-14
0,lbfgs,1479,0.0,250.0,0.002038894160403348,0.0017621787703052368,0.0003178296659191103,0.00037327805731188506,0.0010710710470742415,0.00027671527154880137,0.0,1.7648956534699477e-14,6.267678779824464e-15,1.6187335742020637e-14
0,lbfgs,1489,0.0,250.0,0.0019444699666136078,0.0017463218912591562,0.00023553178926705387,0.00042767772078079557,0.0010831123812113069,0.00019814795698263398,0.0,1.277761637691049e-14,6.7317979116507355e-15,1.7211137962058583e-14
0,lbfgs,1499,0.0,250.0,0.0017624659411872969,0.0014865524039962446,0.0002383734464404849,0.00046616695419804453,0.0007820120033577152,0.0002759134185166283,0.0,1.5871762444237493e-14,8.03377069181074e-15,1.1701059935085714e-14
0,lbfgs,1509,0.0,250.0,0.001555177887708368,0.0014489240264258403,0.00022014507935088344,0.00041136711179276113,0.0008174118352821957,0.00010625374264708279,0.0,1.310924263643148e-14,6.806198758777404e-15,1.1659372489635767e-14
0,lbfgs,1519,0.0,250.0,0.0013273481792774097,0.001229466518943669,0.00018819638799842173,0.0005296589041638491,0.0005116112267813982,9.788154140700927e-05,0.0,1.0534958202568506e-14,9.685218408087742e-15,7.413930982762415e-15
0,lbfgs,1529,0.0,250.0,0.0010964263927892763,0.001035616852511563,9.008964810945914e-05,0.0005595068559996015,0.00038602034840250226,6.080942124557804e-05,0.0,3.8738001705936746e-15,1.0544565707266614e-14,4.8966706621939474e-15
0,lbfgs,1539,0.0,250.0,0.001073672880453599,0.001034884567857072,9.244153412704022e-05,0.0005490958445421921,0.00039334718918783955,3.878819357362942e-05,0.0,4.507277746083727e-15,1.0444912771885426e-14,4.9569309974707105e-15
0,lbfgs,1549,0.0,250.0,0.0009755888639660144,0.0009410771858558221,9.300470032603346e-05,0.0005065875770061138,0.00034148490852367483,3.4511558976703936e-05,0.0,5.4894119678777155e-15,9.955041471872842e-15,4.188896329656983e-15
0,lbfgs,1559,0.0,250.0,0.0009250521165771685,0.0008906221112062196,8.887003568474446e-05,0.0005357593640953495,0.00026599271142612564,3.442988616777966e-05,0.0,5.155673505992377e-15,1.0750216738652355e-14,3.1050846032992044e-15
0,lbfgs,1569,0.0,250.0,0.0008101106273666636,0.0007727810334162723,6.952373469523487e-05,0.00044150219990276353,0.00026175509881827395,3.7329474700643046e-05,0.0,2.8761045455164013e-15,8.547343364519536e-15,2.8552202421193973e-15
0,lbfgs,1579,0.0,250.0,0.0007922772511179448,0.0007534747167086672,7.41565898859144e-05,0.0004350559133686497,0.0002442622134541031,3.88024151048496e-05,0.0,2.952407633058872e-15,8.41729776107439e-15,2.675790794388395e-15
0,lbfgs,1589,0.0,250.0,0.0007286002458436904,0.0007071058848989008,0.0001022620590287186,0.00037635297279770805,0.0002284908530724741,2.14942415794097e-05,0.0,4.273175233883062e-15,6.767505710461089e-15,2.4313694054971887e-15
0,lbfgs,1599,0.0,250.0,0.0006633725377461803,0.0006339063077299666,8.297612714037e-05,0.0003317283375987469,0.00021920184299084966,2.9466110693953534e-05,0.0,2.57767049361667e-15,6.099265838003755e-15,2.4027509105265387e-15
0,lbfgs,1609,0.0,250.0,0.0006370820956245957,0.0005908952502036338,8.475856938668472e-05,0.00031689424452431043,0.00018924243629263866,4.618672604737705e-05,0.0,3.0147729695109647e-15,5.572355018912385e-15,1.93388135427239e-15
0,lbfgs,1619,0.0,250.0,0.0005950269405221885,0.000558537282461426,7.269165648557071e-05,0.00026668463525644483,0.00021916099071941044,3.648953887256658e-05,0.0,3.579420937940551e-15,5.233386638234568e-15,2.5490189272428948e-15
0,lbfgs,1629,0.0,250.0,0.0004513625307528597,0.0004205522970774045,8.317177436571088e-05,0.0001717049420798636,0.00016567558063183003,3.081011439354295e-05,0.0,4.171170675603497e-15,3.032252214189908e-15,1.5176207218145442e-15
0,lbfgs,1639,0.0,250.0,0.0004451552202699191,0.00041501180200787706,8.468866864578261e-05,0.00016823324640264354,0.00016208988695945087,3.0143298963175856e-05,0.0,4.269277445318675e-15,2.8528933130736414e-15,1.4878832737894951e-15
0,lbfgs,1649,0.0,250.0,0.0004082980947436524,0.0003875518654770734,8.801738411670263e-05,0.0001354298490569668,0.00016410463230340396,2.0746109836583565e-05,0.0,4.553262218623069e-15,2.301584762245945e-15,1.3998468559008614e-15
0,lbfgs,1659,0.0,250.0,0.00040524346232999656,0.0003864785640083579,8.716403130495806e-05,0.0001363888013038133,0.00016292573139958656,1.8764778896249394e-05,0.0,4.506745623190507e-15,2.4667508641743087e-15,1.3977464465029636e-15
0,lbfgs,1669,0.0,250.0,0.0003822343323892117,0.00037387157508442833,7.090989966307987e-05,0.00012387516245761628,0.00017908651296373216,8.362637863070488e-06,0.0,3.3328834932585426e-15,2.032861745266211e-15,1.607786450508395e-15
0,lbfgs,1679,0.0,250.0,0.00031375390181897085,0.00028661170671366403,5.5668896048677825e-05,0.00010748096354936323,0.00012346184711562296,2.7142075424274874e-05,0.0,3.2891821139109025e-15,1.0890547685534409e-15,1.0198065904722485e-15
0,lbfgs,1689,0.0,250.0,0.0002551408830443501,0.00024894960169872615,4.3052690610680554e-05,8.849603361043055e-05,0.00011740087747761507,6.1911616687786736e-06,0.0,2.4734556725414445e-15,1.1598268764558252e-15,1.1820347422268762e-15
0,lbfgs,1699,0.0,250.0,0.00023172075324926774,0.00022376103764466072,3.941526527460625e-05,7.48248664211466e-05,0.00010952090594890786,7.959595780806516e-06,0.0,2.3943647810488837e-15,9.766219416334627e-16,9.784186129084026e-16
0,lbfgs,1709,0.0,250.0,0.00022776670698619822,0.00021772236134433005,3.818286348009813e-05,7.15640568523851e-05,0.00010797544101184684,1.0044225833459669e-05,0.0,2.2668453814006693e-15,1.0777820499297967e-15,9.6165781714442e-16
0,lbfgs,1719,0.0,250.0,0.00016228872349930283,0.0001580500688614235,2.912205343397851e-05,5.751990262529397e-05,7.140811280215102e-05,4.238534470904771e-06,0.0,1.4281412719561973e-15,8.878541273846751e-16,5.727669676052618e-16
0,lbfgs,1729,0.0,250.0,0.00015717369602312686,0.00015271302806880288,3.0094653641083408e-05,5.3150023465199616e-05,6.946835096251986e-05,4.460547825254421e-06,0.0,1.3628865296351703e-15,7.534126872349022e-16,5.580442474975875e-16
0,lbfgs,1739,0.0,250.0,0.00015544294075208237,0.00015034718565037946,3.0655495528648974e-05,5.3346624926332525e-05,6.634506519539797e-05,5.095634935760734e-06,0.0,1.4122741412949296e-15,7.194613717067768e-16,5.514233464231281e-16
0,lbfgs,1749,0.0,250.0,0.00011509088160399153,0.00010631420508649034,2.6671849004716637e-05,3.4994495952869455e-05,4.464786012890425e-05,8.776556018387813e-06,0.0,1.1954627219381362e-15,5.258954866997908e-16,3.918868562540318e-16
0,lbfgs,1759,0.0,250.0,8.721258800989684e-05,8.584938943254829e-05,1.4975189732624316e-05,2.9464658561085847e-05,4.140954113883813e-05,1.3630776934852525e-06,0.0,8.891471665346429e-16,3.888355965289691e-16,4.1403272088463946e-16
0,lbfgs,1769,0.0,250.0,8.47506894950269e-05,8.329547962752786e-05,1.3297452041035722e-05,2.8317218429879537e-05,4.16808091566126e-05,1.4550889619532891e-06,0.0,8.131944858318816e-16,4.0165519591579674e-16,4.0526954409964875e-16
0,lbfgs,1779,0.0,250.0,8.349443201857067e-05,8.134977810027571e-05,1.3065730127158888e-05,2.783683388543574e-05,4.044721408768108e-05,2.1445329523936578e-06,0.0,7.903029892525099e-16,3.747305538420584e-16,3.875045249042079e-16
0,lbfgs,1789,0.0,250.0,8.093557404623767e-05,7.865926512588952e-05,1.2773856874504222e-05,2.8180155736212122e-05,3.770525251517318e-05,2.2761879165316717e-06,0.0,7.5963783980706e-16,4.345894896045096e-16,3.4541882381795447e-16
0,lbfgs,1799,0.0,250.0,7.687173376300073e-05,7.352208873702274e-05,9.849288938822458e-06,2.7604372359335198e-05,3.606842743886508e-05,3.349523896344114e-06,0.0,6.224650461393971e-16,4.46466609043111e-16,3.4739985119614936e-16
0,lbfgs,1809,0.0,250.0,7.142606735095404e-05,6.942107726198865e-05,9.771469962056228e-06,2.7196647776612087e-05,3.245295952332033e-05,2.004868991726469e-06,0.0,6.002492742855546e-16,4.463598392188238e-16,3.298349748867792e-16
0,lbfgs,1819,0.0,250.0,6.898940329277861e-05,6.668165782381141e-05,9.284705896872044e-06,2.4332772301745938e-05,3.306417962519343e-05,2.307624347278982e-06,0.0,5.698822171630823e-16,3.908503576786493e-16,3.3004289104516803e-16
0,lbfgs,1829,0.0,250.0,6.783378914474799e-05,6.628912549327555e-05,8.696453148883146e-06,2.5614729755631912e-05,3.197794258876049e-05,1.5445424375721598e-06,0.0,5.488620993031382e-16,3.342578937550976e-16,3.2265913931363304e-16
0,lbfgs,1839,0.0,250.0,6.332231526805168e-05,6.300587104793006e-05,8.750832604804166e-06,1.9500822652885903e-05,3.4754215790239986e-05,3.163229677612794e-07,0.0,5.670723539271332e-16,2.381400401524022e-16,3.5363333636537937e-16
0,lbfgs,1849,0.0,250.0,6.199692307565158e-05,6.171995412907541e-05,8.389315075820759e-06,1.7606291142780864e-05,3.572434791047379e-05,2.768476826237712e-07,0.0,5.291697611466699e-16,2.243376795844296e-16,3.632892023690484e-16
0,lbfgs,1859,0.0,250.0,6.124127490807594e-05,6.0735006154480795e-05,9.101960592368806e-06,1.6639848499234284e-05,3.49931970628777e-05,5.061475072266805e-07,0.0,5.538509287907292e-16,2.1322823578022575e-16,3.6333190020012793e-16
0,lbfgs,1869,0.0,250.0,6.075692676488389e-05,6.004470081592982e-05,8.92009847820113e-06,1.591678692368325e-05,3.520781541404544e-05,7.12104703662405e-07,0.0,5.556000423853553e-16,1.9805099469570536e-16,3.609207235704102e-16
0,lbfgs,1879,0.0,250.0,6.0448342038606756e-05,5.993409096170781e-05,8.90588258232006e-06,1.5870412726018417e-05,3.515779565336933e-05,5.141298669572877e-07,0.0,5.559331978241041e-16,2.0774069523925172e-16,3.6229709705227343e-16
0,lbfgs,1889,0.0,250.0,6.032471807241982e-05,5.976547295117051e-05,8.692832254760634e-06,1.58495434867895e-05,3.5223097209620377e-05,5.591239047155962e-07,0.0,5.417462973856631e-16,2.0825633937361392e-16,3.620331455533335e-16
0,lbfgs,1899,0.0,250.0,5.999518870817877e-05,5.950221625591575e-05,8.6706097952976e-06,1.546450948740069e-05,3.536709697321746e-05,4.928512537516062e-07,0.0,5.392344237520137e-16,2.0557144533405113e-16,3.678805672707866e-16
0,lbfgs,1909,0.0,250.0,5.9533066794871664e-05,5.871205384598033e-05,8.27550715261234e-06,1.5438514016314488e-05,3.49980326770535e-05,8.208917623218741e-07,0.0,5.00250509345161e-16,2.1981198152925691e-16,3.610141831357532e-16
0,lbfgs,1919,0.0,250.0,5.8530406239852796e-05,5.760606146932973e-05,7.401175587977282e-06,1.7980247443097364e-05,3.2224638438255084e-05,9.242236523783805e-07,0.0,4.3052642984065184e-16,2.2878221457525805e-16,3.3352522176380033e-16
0,lbfgs,1929,0.0,250.0,5.42104190106369e-05,5.283057390454501e-05,7.878682518487655e-06,1.345463034063848e-05,3.1497261045418876e-05,1.3797241191029774e-06,0.0,4.4025219949923953e-16,2.333845156832478e-16,3.111108863533339e-16
0,lbfgs,1939,0.0,250.0,5.1916144664447063e-05,5.07368633384293e-05,6.73633441260342e-06,1.3041304111692832e-05,3.095922481413305e-05,1.1791603386102857e-06,0.0,3.7603087781477134e-16,2.337503947698115e-16,3.139337711330018e-16
0,lbfgs,1949,0.0,250.0,4.952954407555066e-05,4.897123430992044e-05,6.4420287643074925e-06,1.2064338324171977e-05,3.046486722144097e-05,5.581888580984186e-07,0.0,3.528723221027031e-16,2.1241241353569212e-16,3.1536705263547983e-16
0,lbfgs,1959,0.0,250.0,4.454303739973048e-05,4.429175342152707e-05,6.323773055245404e-06,7.892113977597056e-06,3.0075866388684607e-05,2.5116297162476876e-07,0.0,4.1058103694577785e-16,1.2028594986319376e-16,3.1124793804933947e-16
0,lbfgs,1969,0.0,250.0,4.215382132328478e-05,4.138278810468209e-05,6.171358855021404e-06,6.155948141916305e-06,2.9055481107744384e-05,7.709121687515765e-07,0.0,3.944525779002521e-16,6.715392096355763e-17,3.018624122044286e-16
0,lbfgs,1979,0.0,250.0,4.002270196561874e-05,3.91626337981026e-05,6.952964790875423e-06,4.291445211990673e-06,2.7918223795236502e-05,8.599471328742768e-07,0.0,4.536739681335393e-16,4.59445903676469e-17,2.961705747793734e-16
0,lbfgs,1989,0.0,250.0,3.924371217371632e-05,3.84363406834604e-05,6.6613171786672345e-06,4.684967693507196e-06,2.7090055811285975e-05,8.072504444464055e-07,0.0,4.2379474089982885e-16,3.289425145509836e-17,2.9289133502325307e-16
0,lbfgs,1999,0.0,250.0,3.840713750002567e-05,3.7611486619692576e-05,6.419819411745846e-06,4.08195435912743e-06,2.71097128488193e-05,7.955298213026491e-07,0.0,4.078519928440216e-16,2.6093038177625263e-17,2.8845495651332436e-16
0,lbfgs,2009,0.0,250.0,3.5688042036971554e-05,3.516300925583465e-05,5.94332280293947e-06,3.5503324828028555e-06,2.5669353970092323e-05,5.249117317919536e-07,0.0,3.706699683952861e-16,2.816648672924077e-17,2.558078527321146e-16
0,lbfgs,2019,0.0,250.0,3.3370232212009774e-05,3.275075347327682e-05,5.639020557968281e-06,3.583211361813419e-06,2.352852155349512e-05,6.193577229198755e-07,0.0,3.382576181398894e-16,2.859104141384764e-17,2.542247262340994e-16
1,adam,0,250.0,600.0,0.023610221234965787,0.01770766585732345,0.00017786823522397512,0.004446302667672139,0.013083494954427335,0.00590255528577448,0.0,1.340676158772519e-14,7.529100018109029e-18,6.836444911364898e-17
1,adam,24,250.0,600.0,0.013159281295794694,0.010528910134482499,4.804092857729471e-06,0.0008752254073450504,0.00964888063427972,0.0026303710674840694,0.0,2.4047703447670395e-16,1.06929681471289e-18,2.7039000073328518e-17
1,adam,49,250.0,600.0,0.0047479941688350746,0.0034218452256061876,9.277348009450419e-07,0.0024326323951677736,0.000988285095637469,0.001326148841720112,0.0,4.5061163814524544e-17,2.3232081671840943e-19,1.2998217604460013e-18
1,adam,74,250.0,600.0,0.00041425636677673957,0.00032516153560222216,4.49159513261713e-07,2.9875307190701117e-05,0.0002948370688982593,8.909472505784327e-05,0.0,2.8113642225072446e-17,1.8948420546833737e-20,2.104104999226966e-19
1,adam,99,250.0,600.0,0.00038924416257818406,0.0002739457879231146,2.0561898712047762e-06,0.00016407600746667428,0.00010781359058523553,0.0001152982669020588,0.0,1.1987045339030174e-16,3.0707794074587174e-21,4.675159350419408e-20
1,adam,124,250.0,600.0,0.00034477404939264796,0.0002299007470142396,3.651506834553605e-07,0.00020486583463079296,2.4669761699991293e-05,0.00011487319403261331,0.0,2.5115489384472174e-17,4.113934786432603e-21,8.352430242341287e-21
1,adam,149,250.0,600.0,0.0003271436691028331,0.00022526922146493973,8.875067942353332e-07,0.0001863419145861436,3.803980008456079e-05,0.00010187433908182346,0.0,5.611372162663304e-17,1.1907722739159516e-21,1.112919898254495e-20
1,adam,174,250.0,600.0,0.00017933912105803126,0.00012402538102328431,6.559560858389993e-07,0.00010509012310351157,1.827930183393375e-05,5.5313631262736376e-05,0.0,4.114005040661185e-17,7.191246283513374e-22,5.756158883134764e-21
1,adam,199,250.0,600.0,5.72813781783049e-05,4.037285803438914e-05,1.3230027708114385e-06,1.8733377419886625e-05,2.0316477843691075e-05,1.6908411607676794e-05,0.0,8.117005633013021e-17,1.0506683170106352e-21,1.1379426181512608e-20
1,adam,224,250.0,600.0,8.513860368464222e-05,5.622808168338198e-05,4.4500246252207576e-07,4.756674235751263e-05,8.21633686334727e-06,2.8910413232787347e-05,0.0,2.7875390565824573e-17,9.992048404425924e-22,1.5268627665538171e-21
1,adam,249,250.0,600.0,0.0005252449678346116,0.0003609236383239536,8.531126350118599e-07,0.0003140913620189681,4.597916366997367e-05,0.0001643212207081919,0.0,5.470844703562909e-17,1.431666547589219e-21,7.257146377726335e-21
1,adam,274,250.0,600.0,3.845001311825956e-05,2.5644799293672563e-05,3.810467091344338e-07,2.0569941075818414e-05,4.693811508719716e-06,1.2805105289104917e-05,0.0,2.2320096215812873e-17,1.2404426889395006e-21,4.846579339008778e-21
1,adam,299,250.0,600.0,2.5259056557254292e-05,1.615014689940542e-05,4.981074727250256e-06,7.194487256061275e-06,3.974584916093889e-06,9.108800874961546e-06,0.0,2.628430132847099e-16,2.788277647536167e-22,2.995663826335244e-22
1,adam,324,250.0,600.0,0.00039431941866346676,0.00026554052097468953,2.6810924501568223e-07,0.00023374024420156687,3.1532167528106956e-05,0.00012877878877866016,0.0,1.7794054780479706e-17,1.9339098359367326e-21,2.9418357232871064e-22
1,adam,349,250.0,600.0,9.410189017912856e-06,6.080846318530326e-06,1.727023687391181e-07,2.263792260662128e-06,3.6443516891290795e-06,3.329233964136623e-06,0.0,1.0996346243242209e-17,6.893141187439413e-22,3.519264946652744e-21
1,adam,374,250.0,600.0,0.0008842673781010963,0.0006003318711594937,3.825737368556561e-07,0.0005329800389490208,6.696925847361723e-05,0.0002839353980643976,0.0,2.3125275072308013e-17,3.842033229933297e-21,6.757957068431081e-22
1,adam,399,250.0,600.0,5.49891686382335e-06,3.421751665685949e-06,1.398121305174853e-07,1.6205715921814748e-06,1.6613679429869891e-06,2.077056441201758e-06,0.0,8.282785482445465e-18,4.267274309069439e-22,1.6479589379573458e-21
1,adam,424,250.0,600.0,0.0009164581910308231,0.000626793253336961,1.3843605910747436e-07,0.0005649341058380055,6.172071143984804e-05,0.00028966482887255715,0.0,8.342796867795696e-18,2.534834105754417e-21,4.391947776439505e-21
1,adam,449,250.0,600.0,3.13737397817474e-05,2.247156096276079e-05,2.3027556368756294e-06,1.6600383396094217e-05,3.5684219297909406e-06,8.902070078478138e-06,0.0,1.3360988700777105e-16,2.2084212613251147e-22,1.2454121588965828e-21
1,adam,474,250.0,600.0,0.0001033508478260603,7.133387470301655e-05,1.6984348572699923e-07,5.551145148611946e-05,1.5652579731170095e-05,3.201686444862967e-05,0.0,9.43223214883413e-18,4.272425985433359e-22,3.762615078005045e-21
1,adam,499,250.0,600.0,5.5925282767277886e-05,3.8994067861595635e-05,2.740862949815631e-07,3.563725169057094e-05,3.0827298760431382e-06,1.6931106136374382e-05,0.0,1.4990076773349516e-17,2.102978790106145e-22,4.256165674107436e-22
1,adam,524,250.0,600.0,0.00028769484248553496,0.00019613390633410984,6.29932763057348e-08,0.0001891053486504887,6.965564407315387e-06,9.156082768300484e-05,0.0,3.6349328095206666e-18,3.0610876521388716e-21,3.8352122535947424e-21
1,adam,549,250.0,600.0,3.286592254765564e-05,2.315748607348138e-05,3.061817018602333e-08,2.175203807326219e-05,1.3748298300331685e-06,9.708327891527781e-06,0.0,1.9665985258898633e-18,1.4646311942109814e-22,1.6521828828781797e-22
1,adam,574,250.0,600.0,0.00025975827417617646,0.0001788075743504546,2.0937488289280324e-08,0.0001618702195296014,1.6916417332563956e-05,8.095059116272643e-05,0.0,1.2775319974465506e-18,7.56559511358593e-22,1.0497977506650047e-21
1,adam,599,250.0,600.0,0.00015553238681590933,0.00010532814116353483,4.02705848298407e-07,9.76813317947149e-05,7.244103520521532e-06,5.020413714612435e-05,0.0,2.34316560155039e-17,1.1925348218577679e-21,4.76217823870237e-22
1,adam,624,250.0,600.0,9.493745734290661e-06,6.750427053110934e-06,2.8752921795046e-07,5.821468956753519e-06,6.414288784069544e-07,2.7432100798374823e-06,0.0,1.6420444306528677e-17,1.0231497071979649e-22,1.3557837716716396e-22
1,adam,649,250.0,600.0,0.0008371679941147792,0.0005662050114111063,4.682931193308977e-06,0.0005156060686321585,4.5916011585638826e-05,0.00027096287410683333,0.0,2.5145593006899603e-16,4.3500581657289646e-21,5.523388146232418e-22
1,adam,674,250.0,600.0,0.00015886141384544304,0.0001086156255133993,1.757957364079872e-06,9.797750399828679e-05,8.880164151032627e-06,5.0245679790557894e-05,0.0,1.0127020398197274e-16,5.067485487892672e-22,4.474589606460916e-22
1,adam,699,250.0,600.0,7.249435120149698e-05,4.966386613444681e-05,2.252752187572295e-07,4.310457899948714e-05,6.334011916202443e-06,2.2830376541402665e-05,0.0,1.2876908371558645e-17,2.570269465256821e-22,6.838114182480867e-22
1,adam,724,250.0,600.0,7.617798826293939e-05,5.2068687256258796e-05,1.185260555127746e-08,3.574904163899831e-05,1.630779301170921e-05,2.4109192634987808e-05,0.0,6.959245182328762e-19,4.364571358166642e-22,3.935016984749552e-21
1,adam,749,250.0,600.0,1.0487398349474083e-05,7.434448362322296e-06,8.793230028325914e-09,6.7686852181927225e-06,6.569699141012478e-07,3.0528415128163717e-06,0.0,5.091439405583479e-19,8.125683446657591e-23,4.287928267797899e-23
1,adam,774,250.0,600.0,0.00032403523971443723,0.00021959593724369566,4.6139032329241135e-08,0.00016757463302254075,5.1975165188825675e-05,0.00010443919417274945,0.0,2.587425276061703e-18,9.375432799372463e-22,8.703891895470756e-21
1,adam,799,250.0,600.0,5.302527065994329e-05,3.5410333746239387e-05,7.614169630039826e-09,3.0221539385878146e-05,5.181180190731195e-06,1.761482853223499e-05,0.0,4.063960372569061e-19,2.851456798358985e-22,1.2315266103680215e-22
1,adam,824,250.0,600.0,2.0503808359293903e-06,1.5432943326234293e-06,1.3030022906749487e-08,3.592169089161159e-07,1.171047400800564e-06,5.069782114567192e-07,0.0,6.515745558897e-19,1.886478325484134e-22,4.949432385257891e-22
1,adam,849,250.0,600.0,9.760308511438648e-05,6.708543079861183e-05,1.1600948016088124e-08,6.475721615914975e-05,2.3166136914459957e-06,3.0517546172369588e-05,0.0,5.685467857248035e-19,1.2503437456937334e-21,1.6329637616704148e-21
1,adam,874,250.0,600.0,3.456008040696907e-05,2.39187416276449e-05,1.1596320245455846e-08,1.5671011236463992e-05,8.236134070935452e-06,1.0641230622878693e-05,0.0,6.731131469995625e-19,2.1764648339828987e-22,1.6376371917879835e-21
1,adam,899,250.0,600.0,0.0002495640541659159,0.00016992796223999008,1.0004779185390351e-08,0.00014912413472165266,2.079382273915203e-05,7.963598370797362e-05,0.0,5.820936145224303e-19,6.956820700004069e-22,1.1853747965378816e-21
1,adam,924,250.0,600.0,6.077479295736352e-05,4.1736542386651625e-05,5.193952764498345e-09,3.844300228128924e-05,3.288346152597894e-06,1.903814231987061e-05,0.0,2.5254596019871952e-19,2.0124270173049766e-22,9.230732137210823e-23
1,adam,949,250.0,600.0,2.0145012124815218e-05,1.3940844738104518e-05,8.754773548455899e-08,1.1290884449629487e-05,2.562412552990473e-06,6.204059239116577e-06,0.0,4.600897917300398e-18,9.951612743779838e-23,2.870086548723053e-22
1,adam,974,250.0,600.0,2.0056652307638117e-05,1.500026366951076e-05,2.7751595099252604e-08,9.693351460020689e-06,5.279160614390819e-06,5.056280678346753e-06,0.0,1.4094098239804905e-18,8.210888451391588e-22,3.3426882531092816e-21
1,adam,999,250.0,600.0,3.164605652920668e-05,2.1955607441772625e-05,3.228671969041366e-07,1.7674329781122715e-05,3.9584104637457715e-06,9.690341078232361e-06,0.0,1.8037794310226726e-17,1.1397891307709632e-22,4.2254291206516657e-22
1,adam,1024,250.0,600.0,8.462928580780306e-05,5.7681129439561905e-05,1.481049050507066e-07,5.178262173440777e-05,5.750402800103423e-06,2.6948048283503054e-05,0.0,8.077703694240478e-18,2.372705618221111e-22,1.996258615019785e-22
1,adam,1049,250.0,600.0,0.00023557921728716737,0.0001597749595765941,1.2861389461583531e-06,0.0001449992704394483,1.3489550190987454e-05,7.580414963480233e-05,0.0,6.908465252177906e-17,7.125779281585289e-22,3.4063079054781652e-22
1,adam,1074,250.0,600.0,0.00024757240452262405,0.00016716225007453757,5.237177293180635e-07,0.00014618128891226803,2.0457243432951474e-05,8.041004654277344e-05,0.0,2.9565065461688746e-17,1.0007307701235265e-21,5.168393714146924e-22
1,adam,1099,250.0,600.0,4.035033372525322e-05,2.790242203476179e-05,3.821484584853292e-07,2.5658465867764603e-05,1.8618077085118596e-06,1.244780374719205e-05,0.0,2.1443312660550612e-17,1.212350119754294e-22,1.1651620069381315e-22
1,adam,1124,250.0,600.0,0.00010590124810860656,7.191528859084015e-05,1.5932133488325512e-07,6.556560396543063e-05,6.1903632905262595e-06,3.398585155771649e-05,0.0,8.644146804062325e-18,3.0754495591566594e-22,1.9529382100259552e-22
1,adam,1149,250.0,600.0,0.00023384179013077487,0.00015778367144986575,8.706414989172227e-07,0.00013533091398312266,2.1582115967825865e-05,7.605801079694644e-05,0.0,4.6671225776604783e-17,8.204059361374455e-22,9.704158885162112e-22
1,adam,1174,250.0,600.0,6.061509607007822e-05,4.1959368852592874e-05,5.359696199945544e-06,3.477985227675692e-05,1.8198203758904091e-06,1.8655619436773427e-05,0.0,3.1000996324476293e-16,1.7029453521273714e-22,1.9078945814815472e-22
1,adam,1199,250.0,600.0,1.8225098783925195e-05,1.2161537739624133e-05,3.487232770807331e-08,1.0290300833927701e-05,1.8363645779883594e-06,6.063453213546014e-06,0.0,1.939953157954101e-18,1.0852111490192164e-22,2.1771430407300195e-22
1,adam,1224,250.0,600.0,0.00017713811552313828,0.00012135011557009095,2.3619620634588962e-07,0.00011287861290159624,8.235306462148822e-06,5.578789220896973e-05,0.0,1.2821879033922375e-17,1.1081068410521427e-21,5.2386708072013804e-23
1,adam,1249,250.0,600.0,2.7165886418206396e-05,1.9427042312805138e-05,7.940652335511343e-09,1.7195148961515026e-05,2.2239526989545997e-06,7.738736417561332e-06,0.0,3.98917797086423e-19,6.390298441030835e-22,1.4491295303991459e-21
1,adam,1274,250.0,600.0,7.209832652865e-05,4.916854856277163e-05,1.480927618949453e-08,4.2197867481977394e-05,6.955871804604741e-06,2.2929670250797324e-05,0.0,7.8430154047917475e-19,1.8041482297219483e-22,4.5891499957860875e-22
1,adam,1299,250.0,600.0,0.00016372335321675023,0.00011124623760861728,1.6047238137492973e-08,0.00010092109105373988,1.03090993167399e-05,5.2477007894019334e-05,0.0,8.644950267566107e-19,4.877228941251155e-22,3.9887891962421746e-22
1,adam,1324,250.0,600.0,0.00037961007116981663,0.0002578317076189527,3.1331548375107065e-08,0.00022899663726928777,2.880373880128988e-05,0.00012177825586142311,0.0,1.4839034806020302e-18,1.0778795690824122e-21,1.1804553486580798e-21
1,adam,1349,250.0,600.0,7.981596058142547e-07,6.048641255919093e-07,8.859687775994788e-09,3.1093546708135616e-07,2.850689707345583e-07,1.931878251326798e-07,0.0,4.1749585463416125e-19,1.8404264413064796e-23,1.3417699783994614e-22
1,adam,1374,250.0,600.0,0.0006791502706010801,0.0004599391864782017,4.10952037488581e-09,0.0004020907221364187,5.784435482140815e-05,0.0002192109764827941,0.0,2.2487889857296003e-19,1.8255103309236926e-21,2.8298926100809078e-21
1,adam,1399,250.0,600.0,0.0001545691013344804,0.00011043400469483989,2.5710590526442894e-07,0.00010324946968149139,6.927429108084081e-06,4.413498927080762e-05,0.0,1.3264312712754551e-17,2.6927151669636164e-21,6.611253794425276e-21
1,lbfgs,1400,250.0,600.0,5.308108438426422e-05,4.144128533078436e-05,4.264791435544118e-07,1.9527237094549636e-05,2.1487569092680318e-05,1.1639691710633233e-05,0.0,2.4425953626051782e-17,2.0823633869096238e-21,1.1711104229758735e-20
1,lbfgs,1409,250.0,600.0,4.2307537672302826e-05,3.366624776157023e-05,3.6385689451706156e-07,5.567953536071542e-06,2.773443733098163e-05,8.64118256786936e-06,0.0,2.0864087989959387e-17,1.728632726744486e-21,1.2315314427244321e-20
1,lbfgs,1419,250.0,600.0,8.096416444014833e-06,6.547877691677182e-06,3.3875654357967383e-06,1.454931200167824e-06,1.7053810557126196e-06,1.5484314069554018e-06,0.0,1.7848013734372381e-16,1.5312787829621523e-22,3.574894287042346e-22
1,lbfgs,1429,250.0,600.0,6.14105777135684e-07,4.4981927831968227e-07,1.1936282784215957e-08,7.159253514607325e-08,3.6629046038939307e-07,1.6417915268059547e-07,0.0,6.579471070837226e-19,8.714985305175514e-24,2.4688683280459425e-22
1,lbfgs,1439,250.0,600.0,5.733942849649977e-07,3.9061886070989056e-07,1.0890386604068785e-08,6.743806333180843e-08,3.1229041077401336e-07,1.826680781054327e-07,0.0,6.174678844304067e-19,9.96799357314082e-24,2.6266044753090977e-22
1,lbfgs,1449,250.0,600.0,5.357856431666771e-07,3.6381801947914155e-07,1.1158660840527384e-08,5.813335579442469e-08,2.945260028441895e-07,1.7186027753568696e-07,0.0,6.073723122114149e-19,1.1375949062180153e-23,2.655890153240458e-22
1,lbfgs,1459,250.0,600.0,5.357674125723655e-07,3.63858852261164e-07,1.115199477517322e-08,5.8006678011943463e-08,2.947001794740473e-07,1.7180121415943982e-07,0.0,6.070968341710947e-19,1.1367732036509565e-23,2.6549332672655426e-22
1,lbfgs,1469,250.0,600.0,5.357458096986098e-07,3.6394363979918134e-07,1.1147078334524084e-08,5.773473462340475e-08,2.950618268412525e-07,1.7169482374781084e-07,0.0,6.069130994270325e-19,1.1346727251065272e-23,2.653272698498563e-22
1,lbfgs,1479,250.0,600.0,5.357277408354885e-07,3.638853164489924e-07,1.1141596542563649e-08,5.7844238671111955e-08,2.9489948123531676e-07,1.7173507823481443e-07,0.0,6.066137804161354e-19,1.1354653492094791e-23,2.653984619023266e-22
1,lbfgs,1489,250.0,600.0,5.357060664472144e-07,3.637796197212923e-07,1.1132961616910542e-08,5.8083449028066264e-08,2.945632090763155e-07,1.7181910057411756e-07,0.0,6.061350412040142e-19,1.1373383836589819e-23,2.655386660229322e-22
1,lbfgs,1499,250.0,600.0,5.356881088627426e-07,3.638060216667347e-07,1.1130987522074918e-08,5.796897426209772e-08,2.947060598825621e-07,1.7177474104426152e-07,0.0,6.060207917995278e-19,1.136514331215361e-23,2.654701232552704e-22
1,lbfgs,1509,250.0,600.0,5.35666382917882e-07,3.6387189166036014e-07,1.1129469277457881e-08,5.773626848448639e-08,2.950061538984159e-07,1.7168714510588994e-07,0.0,6.059400829331444e-19,1.1347207583655321e-23,2.653354177792482e-22
1,lbfgs,1519,250.0,600.0,5.356485124867178e-07,3.6381960036067517e-07,1.1123137132039558e-08,5.783197207071195e-08,2.9486449115792365e-07,1.717215659743554e-07,0.0,6.0561709996188025e-19,1.1353961481967456e-23,2.653971151145747e-22
1,lbfgs,1529,250.0,600.0,5.356267511532032e-07,3.637251753252202e-07,1.1113871054630296e-08,5.803426303650651e-08,2.945770412340834e-07,1.7179422967618714e-07,0.0,6.051327256452746e-19,1.1369147565467015e-23,2.6552006044252553e-22
1,lbfgs,1539,250.0,600.0,5.356089500090635e-07,3.6374793373840365e-07,1.1112075726612322e-08,5.793274786662112e-08,2.947031101451702e-07,1.7175367011891756e-07,0.0,6.0501929116138865e-19,1.1362158290911417e-23,2.654572648269435e-22
1,lbfgs,1549,250.0,600.0,5.355871656109633e-07,3.6380467097698814e-07,1.1110716157091698e-08,5.773253529954028e-08,2.9496141952035616e-07,1.7167514848233679e-07,0.0,6.049299440004573e-19,1.1347459735441621e-23,2.6533582207049943e-22
1,lbfgs,1559,250.0,600.0,5.355694201711633e-07,3.637556233537092e-07,1.1104357988524278e-08,5.781705636043856e-08,2.948342090047463e-07,1.7170645066576393e-07,0.0,6.046112651754748e-19,1.1353093098206724e-23,2.6539297397348806e-22
1,lbfgs,1569,250.0,600.0,5.355476220769938e-07,3.6366890431344133e-07,1.1095063351565169e-08,5.7990814830966704e-08,2.9458302613090947e-07,1.7177137161176254e-07,0.0,6.041388407282043e-19,1.1365427146960304e-23,2.655046284372468e-22
1,lbfgs,1579,250.0,600.0,5.35529922007656e-07,3.6368909690828386e-07,1.1093292003675088e-08,5.789926707964423e-08,2.9469653782496456e-07,1.7173347894763267e-07,0.0,6.040220615113473e-19,1.135942824753483e-23,2.6544575114383216e-22
1,lbfgs,1589,250.0,600.0,5.355081173282952e-07,3.6373901127878704e-07,1.1091969956140386e-08,5.772386646004133e-08,2.949231748626053e-07,1.7166175989786495e-07,0.0,6.039232483761107e-19,1.1347213716937684e-23,2.6533415641687387e-22
1,lbfgs,1599,250.0,600.0,5.354904547678233e-07,3.636923996806745e-07,1.1085617789118437e-08,5.77998478567103e-08,2.9480693403484574e-07,1.716907089354566e-07,0.0,6.036088031044799e-19,1.135198989100698e-23,2.653878998479814e-22
1,lbfgs,1609,250.0,600.0,5.354686489087737e-07,3.636115986287139e-07,1.1076326361789625e-08,5.795190881637785e-08,2.945833634505464e-07,1.7174970412827464e-07,0.0,6.031463997713725e-19,1.1362158276844989e-23,2.654909210843396e-22
1,lbfgs,1619,250.0,600.0,5.354510178708515e-07,3.6362981704678444e-07,1.1074569742741718e-08,5.7867941961259665e-08,2.946873053427831e-07,1.7171385467232994e-07,0.0,6.030270046814165e-19,1.1356910901383579e-23,2.654350492420642e-22
1,lbfgs,1629,250.0,600.0,5.354292149302838e-07,3.636744920647985e-07,1.1073270918019982e-08,5.7711423036898005e-08,2.948897981098805e-07,1.7164737671383851e-07,0.0,6.029208844197389e-19,1.1346578745841006e-23,2.653310436076273e-22
1,lbfgs,1639,250.0,600.0,5.354116108595819e-07,3.636297509769425e-07,1.1066929313805505e-08,5.77809012947043e-08,2.9478192036843273e-07,1.7167451373094567e-07,0.0,6.02609910977913e-19,1.1350705413162017e-23,2.6538215806295853e-22
1,lbfgs,1649,250.0,600.0,5.353898139510541e-07,3.635535315270724e-07,1.1057650864256263e-08,5.7916473182994106e-08,2.94579407479822e-07,1.7172893627220012e-07,0.0,6.0215554919637495e-19,1.1359234835095043e-23,2.6547850965544855e-22
1,lbfgs,1659,250.0,600.0,5.353722333754757e-07,3.6357022383145716e-07,1.105590563141797e-08,5.783827300084501e-08,2.946760451991942e-07,1.7169466339228332e-07,0.0,6.020342240335603e-19,1.1354556280369826e-23,2.6542496332869675e-22
1,lbfgs,1669,250.0,600.0,5.353504448547947e-07,3.636108575348921e-07,1.105462190686262e-08,5.769612073096603e-08,2.9486011489706345e-07,1.716322411682532e-07,0.0,6.019225325097027e-19,1.1345648328729906e-23,2.653268352820714e-22
1,lbfgs,1679,250.0,600.0,5.353328851308167e-07,3.635675610891671e-07,1.1048293620124265e-08,5.776064839725213e-08,2.947586190717907e-07,1.7165797788995458e-07,0.0,6.016144277804708e-19,1.1349283622751939e-23,2.6537591249391977e-22
1,lbfgs,1689,250.0,600.0,5.353111067866145e-07,3.634949023116202e-07,1.1039034873144963e-08,5.788368957485347e-08,2.945721778636218e-07,1.7170885832321566e-07,0.0,6.01166579867937e-19,1.135657430280359e-23,2.6546709039826176e-22
1,lbfgs,1699,250.0,600.0,5.352935658959245e-07,3.6351041292071096e-07,1.1037298686706146e-08,5.7809879044359424e-08,2.946632351896454e-07,1.716758068234798e-07,0.0,6.0104385247546215e-19,1.1352325811191035e-23,2.654153514027292e-22
1,lbfgs,1709,250.0,600.0,5.352717990764852e-07,3.6354791717489056e-07,1.1036024155454803e-08,5.767865869013306e-08,2.948332343293027e-07,1.71616535749943e-07,0.0,6.0092791593564885e-19,1.1344493959706196e-23,2.653217949700141e-22
1,lbfgs,1719,250.0,600.0,5.352542754812657e-07,3.6350574269033054e-07,1.1029711189962118e-08,5.773941813614802e-08,2.947366133642204e-07,1.7164118663923936e-07,0.0,6.006222192380665e-19,1.1347758059447649e-23,2.653692865650861e-22
1,lbfgs,1729,250.0,600.0,5.352325212090272e-07,3.634358636624737e-07,1.1020477014296285e-08,5.78529367466397e-08,2.945624499015377e-07,1.7168931139477713e-07,0.0,6.001797169461602e-19,1.1354113920293565e-23,2.654564329345223e-22
1,lbfgs,1739,250.0,600.0,5.35215013731723e-07,3.634504572061806e-07,1.1018748174872627e-08,5.778247039473312e-08,2.9464923863657485e-07,1.7165721037380983e-07,0.0,6.000559907695696e-19,1.1350190155325521e-23,2.6540610562989593e-22
1,lbfgs,1749,250.0,600.0,5.351932727724815e-07,3.634855272679506e-07,1.101747853892336e-08,5.7659569632097364e-08,2.948084790969299e-07,1.716003993528775e-07,0.0,5.999368220619489e-19,1.1343170034998431e-23,2.6531612310901306e-22
1,lbfgs,1759,250.0,600.0,5.351757805145476e-07,3.634442295628881e-07,1.101118234225953e-08,5.77174608659692e-08,2.947155863546594e-07,1.7162420479996312e-07,0.0,5.9963318118520875e-19,1.1346154230854308e-23,2.6536237415822815e-22
1,lbfgs,1769,250.0,600.0,5.351540534478415e-07,3.633765325237702e-07,1.1001976214661694e-08,5.782374296521281e-08,2.945508133438957e-07,1.7167017477229692e-07,0.0,5.991951297675781e-19,1.1351805996328917e-23,2.6544636195584537e-22
1,lbfgs,1779,250.0,600.0,5.351365757179692e-07,3.6339041224387946e-07,1.1000253501458831e-08,5.775582684180978e-08,2.946343319006108e-07,1.7163881732235813e-07,0.0,5.990707134672245e-19,1.1348127011669258e-23,2.6539714393407403e-22
1,lbfgs,1789,250.0,600.0,5.351148629726531e-07,3.6342357909764815e-07,1.0998985685188815e-08,5.763925921715036e-08,2.94785334195309e-07,1.715839377233503e-07,0.0,5.989490876912841e-19,1.1341717924137376e-23,2.6530997226747347e-22
1,lbfgs,1799,250.0,600.0,5.350973992422353e-07,3.6338297140343803e-07,1.0992707279938665e-08,5.7694967040387875e-08,2.9469529708311145e-07,1.7160708168710022e-07,0.0,5.986472325735618e-19,1.1344491530278451e-23,2.653552467233532e-22
1,lbfgs,1809,250.0,600.0,5.350757011418561e-07,3.6331699831016813e-07,1.0983531624041547e-08,5.779574987828861e-08,2.9453771680783794e-07,1.716513566799151e-07,0.0,5.982129450404639e-19,1.1349614289391586e-23,2.6543674400527262e-22
1,lbfgs,1819,250.0,600.0,5.350582510006059e-07,3.633303203345907e-07,1.0981814176537011e-08,5.7729780952619314e-08,2.9461872520543435e-07,1.7162058451428442e-07,0.0,5.980880751713361e-19,1.1346119428787962e-23,2.6538840382119763e-22
1,lbfgs,1829,250.0,600.0,5.35036567779359e-07,3.633619902573346e-07,1.0980546031978382e-08,5.761803621814797e-08,2.9476340800720825e-07,1.7156723137036874e-07,0.0,5.979645870165404e-19,1.1340169083195766e-23,2.653034586021167e-22
1,lbfgs,1839,250.0,600.0,5.350191309125092e-07,3.6332192993960074e-07,1.097428611696553e-08,5.7672081500414814e-08,2.946755623222204e-07,1.7158985482121114e-07,0.0,5.9766430985823425e-19,1.1342784699962381e-23,2.653479586488866e-22
1,lbfgs,1849,250.0,600.0,5.349974627458996e-07,3.632573292930467e-07,1.0965142561366521e-08,5.776868517193781e-08,2.9452350155974236e-07,1.716327873010814e-07,0.0,5.972332570865532e-19,1.1347511258260988e-23,2.6542747745172674e-22
1,lbfgs,1859,250.0,600.0,5.349800389059184e-07,3.6327021365676735e-07,1.0963429790009332e-08,5.7704205390491844e-08,2.946025784762662e-07,1.7160247909742104e-07,0.0,5.971081153577523e-19,1.1344154521703492e-23,2.6537983768976675e-22
1,lbfgs,1869,250.0,600.0,5.349583859156362e-07,3.633006981700378e-07,1.0962159870608915e-08,5.7596135572214294e-08,2.947424027272146e-07,1.7155034159394198e-07,0.0,5.969832225154539e-19,1.1338547425464911e-23,2.6529667056957363e-22
1,lbfgs,1879,250.0,600.0,5.349409749114423e-07,3.6326107600732114e-07,1.0955918899249193e-08,5.764891436429443e-08,2.946562427437775e-07,1.715725527524235e-07,0.0,5.966843627603447e-19,1.1341044944610533e-23,2.6534055134514963e-22
1,lbfgs,1889,250.0,600.0,5.349193371874289e-07,3.631975775456028e-07,1.094680847425371e-08,5.7742341855481235e-08,2.9450842721586785e-07,1.7161441349005563e-07,0.0,5.962561356431327e-19,1.1345475973712772e-23,2.6541848486979406e-22
1,lbfgs,1899,250.0,600.0,5.349019388656174e-07,3.6321011666726824e-07,1.0945099992706094e-08,5.7679003290160375e-08,2.945860133844018e-07,1.715844760466197e-07,0.0,5.961308620297114e-19,1.1342222496758601e-23,2.653714092657501e-22
1,lbfgs,1909,250.0,600.0,5.348803164645144e-07,3.632396552356282e-07,1.0943827379973712e-08,5.7573735977509805e-08,2.947220918781447e-07,1.715333150772292e-07,0.0,5.960049180750991e-19,1.1336871126397127e-23,2.6528967555312016e-22
1,lbfgs,1919,250.0,600.0,5.348629307056372e-07,3.6320038734518694e-07,1.0937605620552378e-08,5.762554932382701e-08,2.9463723240080753e-07,1.7155519720875238e-07,0.0,5.957073510476213e-19,1.1339280778420994e-23,2.6533305634903415e-22
1,lbfgs,1929,250.0,600.0,5.348413236680851e-07,3.6313778275392445e-07,1.0928528908298197e-08,5.771656255377391e-08,2.9449269129185235e-07,1.7159619476239097e-07,0.0,5.952816317867718e-19,1.1343492531982356e-23,2.654097072451947e-22
1,lbfgs,1939,250.0,600.0,5.348239503731037e-07,3.631500479372596e-07,1.0926824482080419e-08,5.7654100946280843e-08,2.9456912250889836e-07,1.7156655628411528e-07,0.0,5.951563344949304e-19,1.1340315910341901e-23,2.6536309089178084e-22
1,lbfgs,1949,250.0,600.0,5.348023587181621e-07,3.631788251835386e-07,1.0925548652759085e-08,5.755097331080632e-08,2.947023032199732e-07,1.7151618738296594e-07,0.0,5.950296137947511e-19,1.1335153997122539e-23,2.6528252490326944e-22
1,lbfgs,1959,250.0,600.0,5.347849978091218e-07,3.6313984692717675e-07,1.0919346234888701e-08,5.760204996248204e-08,2.94618450729806e-07,1.7153780473024708e-07,0.0,5.947332421098354e-19,1.133749866963054e-23,2.6532549768667794e-22
1,lbfgs,1969,250.0,600.0,5.347634215489122e-07,3.6307797514528934e-07,1.0910303483849008e-08,5.769122758795321e-08,2.9447644407348714e-07,1.715781002518541e-07,0.0,5.943097824427519e-19,1.1341548849140312e-23,2.6540109956888944e-22
1,lbfgs,1979,250.0,600.0,5.347460729583889e-07,3.6309002155465e-07,1.0908602991284504e-08,5.762944225902821e-08,2.945519763043373e-07,1.7154870525201037e-07,0.0,5.94184545475481e-19,1.1338429105378035e-23,2.6535486146529645e-22
1,lbfgs,1989,250.0,600.0,5.347245120902859e-07,3.6311818032432966e-07,1.0907323715892519e-08,5.7527950855542433e-08,2.946829057528947e-07,1.7149898561429843e-07,0.0,5.940572620629046e-19,1.1333406529733984e-23,2.6527525777220633e-22
1,lbfgs,1999,250.0,600.0,5.347071757643269e-07,3.6307944170107205e-07,1.0901140666043066e-08,5.757846456554258e-08,2.945998364694864e-07,1.7152038791155678e-07,0.0,5.937620091191378e-19,1.133570353072064e-23,2.653178936695846e-22
1,lbfgs,2009,250.0,600.0,5.346856302840493e-07,3.630181777304598e-07,1.0892131878163184e-08,5.7666245925796725e-08,2.944597999264999e-07,1.7156010640182134e-07,0.0,5.933406137999706e-19,1.1339635744781455e-23,2.6539262748728223e-22
1,lbfgs,2019,250.0,600.0,5.346683061734719e-07,3.6303004819329493e-07,1.089043528070565e-08,5.760498451379743e-08,2.9453462839879183e-07,1.715309118284489e-07,0.0,5.93215502698525e-19,1.1336557782940096e-23,2.653467048710964e-22
1,lbfgs,2029,250.0,600.0,5.346467760659367e-07,3.630576994754646e-07,1.0889152546116862e-08,5.750474709195038e-08,2.9466379983739735e-07,1.71481730438814e-07,0.0,5.930878245869911e-19,1.1331636692383028e-23,2.6526790403010458e-22
1,lbfgs,2039,250.0,600.0,5.346294641307025e-07,3.630191616322939e-07,1.088298881478269e-08,5.75548297803366e-08,2.945813430371746e-07,1.715029563467105e-07,0.0,5.927936296346507e-19,1.1333899091241536e-23,2.6531025826106953e-22
1,lbfgs,2049,250.0,600.0,5.346079493823005e-07,3.6295840801883977e-07,1.0874013811945e-08,5.764154830853531e-08,2.9444284589835947e-07,1.7154219521169316e-07,0.0,5.923741439078121e-19,1.1337746245578674e-23,2.653842647546327e-22
1,lbfgs,2059,250.0,600.0,5.345906495839536e-07,3.629701359285509e-07,1.0872321131668437e-08,5.7580695171922664e-08,2.945171196249598e-07,1.7151316750367512e-07,0.0,5.922492101131282e-19,1.133469867659152e-23,2.653386087887864e-22
1,lbfgs,2069,250.0,600.0,5.34569150172241e-07,3.6299736639241007e-07,1.0871035082090137e-08,5.748142162677854e-08,2.9464490968354136e-07,1.714644376281725e-07,0.0,5.921212701438935e-19,1.1329850534071236e-23,2.652604864827913e-22
1,lbfgs,2079,250.0,600.0,5.34551862478855e-07,3.6295899897950173e-07,1.0864890564545868e-08,5.753117340208295e-08,2.945629350128729e-07,1.714855173476552e-07,0.0,5.918280845518732e-19,1.1332088181375073e-23,2.653026021153295e-22
1,lbfgs,2089,250.0,600.0,5.345303783848932e-07,3.6289867932724295e-07,1.08559490389237e-08,5.761708202949104e-08,2.9442564825882824e-07,1.7152435290588318e-07,0.0,5.914103846390032e-19,1.1335875055915703e-23,2.6537599129584565e-22
1,lbfgs,2099,250.0,600.0,5.345131027640921e-07,3.6291029085714774e-07,1.0854260341422055e-08,5.755654943343071e-08,2.94499481082295e-07,1.7149546575521704e-07,0.0,5.912856688020197e-19,1.1332849304778913e-23,2.653305637865883e-22
1,lbfgs,2109,250.0,600.0,5.344916339615155e-07,3.629371685810523e-07,1.0852971233603839e-08,5.745801971182239e-08,2.946261776356261e-07,1.7144711922880456e-07,0.0,5.911575728828089e-19,1.1328052644814829e-23,2.6525302255960226e-22
1,lbfgs,2119,250.0,600.0,5.344743703861566e-07,3.628989477448458e-07,1.0846845785689307e-08,5.7507516493492286e-08,2.9454458546566425e-07,1.714680764896127e-07,0.0,5.908653573032187e-19,1.133027294761334e-23,2.652949333677517e-22
1,lbfgs,2129,250.0,600.0,5.344529168527294e-07,3.6283900177877635e-07,1.0837937338081419e-08,5.7592806962661484e-08,2.9440825747803345e-07,1.7150656892218652e-07,0.0,5.904493431883371e-19,1.1334018155204208e-23,2.6536779173209774e-22
1,lbfgs,2139,250.0,600.0,5.344356652941967e-07,3.6285051757045103e-07,1.0836252719486325e-08,5.7532528381131803e-08,2.944817364698329e-07,1.714778015720187e-07,0.0,5.90324877681913e-19,1.133100778253379e-23,2.653225626313168e-22
1,lbfgs,2149,250.0,600.0,5.344142270012945e-07,3.6287709639736627e-07,1.083496088870851e-08,5.743457567749976e-08,2.94607559831158e-07,1.7142978445226946e-07,0.0,5.90196711033823e-19,1.1326246505446842e-23,2.6524552559599394e-22
2,adam,0,600.0,1090.0,0.023697969226599412,0.017773476852574507,0.00027739231226589197,0.004378300590514492,0.013117783949794124,0.005924492284191503,0.0,1.0623869230445999e-14,4.539642149762089e-23,4.2027489280143665e-22
2,adam,24,600.0,1090.0,0.01762142725499273,0.014743930760176709,1.0189075117967199e-05,0.002075180712437196,0.012658560972621545,0.002877496403099486,0.0,2.0195013088415275e-16,1.9597959916736367e-23,3.410411753895589e-22
2,adam,49,600.0,1090.0,0.008518145501385953,0.006505280077536725,4.244420097161726e-06,0.0014365213801890968,0.0050645142772504665,0.0020128653279261853,0.0,7.520468945158534e-17,3.380078184643562e-24,3.628873658012022e-23
2,adam,74,600.0,1090.0,0.003963743042026975,0.003023470916395237,7.91518500092715e-07,0.00025469350065613326,0.002767985897239011,0.0009402720239171646,0.0,1.6963565626658486e-17,7.872550275732299e-25,1.0685787134605937e-23
2,adam,99,600.0,1090.0,0.002505889903245733,0.0018236985758498876,3.0117057558611367e-07,0.0011651912265532337,0.0006582061787210678,0.0006821912223751767,0.0,6.5091128594966375e-18,4.879623055070941e-25,3.4990291290087406e-24
2,adam,124,600.0,1090.0,0.0006760521654907113,0.0005287275374722728,1.2159954498526927e-07,8.875251308155347e-05,0.00043985342484573415,0.0001473245210996342,0.0,2.4499708091604723e-18,1.5758381342231929e-25,1.5937798436908198e-24
2,adam,149,600.0,1090.0,0.00047261169456736874,0.00035676859014408994,6.887610160740795e-08,6.19282265196103e-05,0.0002947714875228722,0.00011584299631109262,0.0,1.392172077004859e-18,5.927490045557213e-26,7.823587617865291e-25
2,adam,174,600.0,1090.0,0.00023123747870099925,0.00017651332927160694,6.565973175552952e-07,2.9899006520706565e-05,0.00014595772543334507,5.4724040548073925e-05,0.0,1.6230460272622965e-17,3.0462571554313623e-26,3.908636123327485e-25
2,adam,199,600.0,1090.0,0.0001590008843638279,0.0001192219088412047,7.9243776023082e-07,3.5606265617737885e-05,8.2823205463236e-05,3.977886609906476e-05,0.0,1.828309285683797e-17,1.4656780752094723e-26,2.0376500573708087e-25
2,adam,224,600.0,1090.0,0.00011460513050791242,8.893784875282256e-05,5.107561255977364e-07,2.1861171348924205e-05,6.656592127830062e-05,2.5667172618038665e-05,0.0,1.3551365683580144e-17,1.3050253667263153e-26,1.7238598849138156e-25
2,adam,249,600.0,1090.0,0.00012185371352793197,8.397662447679182e-05,5.3344373502215086e-08,6.429572723357693e-05,1.9627552869712678e-05,3.7876979638302866e-05,0.0,1.096247202986841e-18,1.369525485023993e-26,9.024796646021287e-26
2,adam,274,600.0,1090.0,1.8704421795801133e-05,1.4771964652221394e-05,3.722712119073883e-08,1.4472505236638742e-06,1.328748700736678e-05,3.9323472476788906e-06,0.0,8.032161460108215e-19,4.427496443390193e-27,4.588526860933597e-26
2,adam,299,600.0,1090.0,0.0001767414920396372,0.000117205867909127,1.4481118399989155e-06,0.000104028680299414,1.1729075769714078e-05,5.953551386539759e-05,0.0,3.482162955272372e-17,5.605588876948612e-27,1.6330085176201968e-26
2,adam,324,600.0,1090.0,0.00011933589424798245,8.650499082781958e-05,2.411918770036087e-06,5.533544455883688e-05,2.8757627498946622e-05,3.2830793533148495e-05,0.0,5.864301853936831e-17,3.0259256462683248e-27,5.313942200133482e-26
2,adam,349,600.0,1090.0,1.9217891807884087e-05,1.5002137459702019e-05,4.5715263641091726e-08,5.101117706025139e-06,9.855304490035788e-06,4.215644342919629e-06,0.0,1.056325488138501e-18,2.2147197969933476e-27,2.8438454956016315e-26
2,adam,374,600.0,1090.0,1.0699147178710898e-05,8.334357135923768e-06,6.22055462551419e-08,3.5733458288803484e-06,4.698805760788278e-06,2.3646797666211103e-06,0.0,1.2704732923345008e-18,1.0520392016969303e-27,1.346118521545649e-26
2,adam,399,600.0,1090.0,0.00018332681158922707,0.0001278750330698635,9.649169101243646e-08,0.00011420290729315787,1.3575634085693194e-05,5.545166803048259e-05,0.0,2.0738865860565745e-18,1.1523802719419764e-27,1.1031300333056902e-26
2,adam,424,600.0,1090.0,4.875705688409248e-05,3.48394436048571e-05,2.0445806047318415e-08,2.8350065383799796e-05,6.4689324150099895e-06,1.3917502752183228e-05,0.0,4.2590846763462713e-19,6.902314183163126e-28,1.1375549494720926e-26
2,adam,449,600.0,1090.0,0.002076613483098949,0.001395767072320241,3.458082570033647e-08,0.0012704723506724537,0.00012526014082208693,0.0006808463002068416,0.0,8.559839107247485e-19,1.4146598978048974e-26,3.011899615621808e-26
2,adam,474,600.0,1090.0,7.780612982884392e-05,5.489254183310235e-05,4.310833359832136e-08,4.185504271269337e-05,1.2994390786810651e-05,2.291347768651453e-05,0.0,8.009295870005138e-19,1.2385288788237879e-27,2.1977231500227013e-26
2,adam,499,600.0,1090.0,6.713050337857194e-06,5.186393580962515e-06,2.6076345208597678e-08,2.304424298416772e-06,2.8558929373371447e-06,1.526546298563341e-06,0.0,5.563969630601729e-19,7.4697992692907585e-28,9.234615075745063e-27
2,adam,524,600.0,1090.0,0.00030019843319372633,0.00019743585611510585,6.473485152118033e-07,0.0001795687845570218,1.7219723042872254e-05,0.00010276246663000462,0.0,1.4734017138122948e-17,5.6326657210733695e-27,6.272215916463459e-27
2,adam,549,600.0,1090.0,5.6575654036412187e-05,3.667632475339255e-05,2.3808196271738605e-08,3.271848775941293e-05,3.934028797707881e-06,1.9899218980643382e-05,0.0,5.480611562691891e-19,2.807962280092143e-27,1.1672667275040996e-26
2,adam,574,600.0,1090.0,6.134149702994584e-05,4.291323037147457e-05,2.291096782772046e-08,3.740730779143752e-05,5.483011612209322e-06,1.8428156198302838e-05,0.0,4.971847373681372e-19,5.4633973744874055e-28,7.500405801612396e-27
2,adam,599,600.0,1090.0,0.0002257104206992487,0.00015457971342130937,7.231179019410066e-07,0.00012874856975749252,2.510802576187584e-05,7.113059702277569e-05,0.0,1.9676847858881413e-17,1.6145863751986618e-27,2.4903307040185546e-26
2,adam,624,600.0,1090.0,0.0002602746160529144,0.00017410104975409504,1.660878224330685e-06,0.0001576638355030869,1.4776336026677448e-05,8.617345611274207e-05,0.0,3.8474108190898697e-17,5.086510992560176e-27,7.10392767113295e-27
2,adam,649,600.0,1090.0,0.0005189098654214314,0.00035628990599354806,1.9787530076435867e-08,0.00031966166603183645,3.660845243163514e-05,0.0001626198491779894,0.0,4.480342318732503e-19,3.064573901248642e-27,1.5688173534889506e-26
2,adam,674,600.0,1090.0,7.623475377887702e-05,5.0809114154564864e-05,2.8682630832214625e-07,4.6137460464752904e-05,4.384827381489819e-06,2.5425529528455303e-05,0.0,6.4059262334264644e-18,3.348637706162178e-27,1.3114335380843553e-26
2,adam,699,600.0,1090.0,0.0005430439087148818,0.0003650986840065418,2.83452523375001e-07,0.0003264677115927948,3.834751989037196e-05,0.00017794511445144958,0.0,7.250664393604565e-18,6.536944506389954e-27,1.7728303609778018e-27
2,adam,724,600.0,1090.0,6.430960350668904e-05,4.565066447235126e-05,8.437743168384246e-08,2.925506662048308e-05,1.6311220420184336e-05,1.8658829075555082e-05,0.0,2.3755316721703742e-18,1.7359808649347665e-27,2.958036392192963e-26
2,adam,749,600.0,1090.0,3.8046744316856963e-06,2.893820345879048e-06,1.978938532055666e-07,1.3112806988864565e-06,1.3846457937870247e-06,9.107439553223553e-07,0.0,5.3088587039922716e-18,3.5209564353656425e-28,4.156599884172483e-27
2,adam,774,600.0,1090.0,7.119626613873444e-05,5.010194385403985e-05,1.1445286301853016e-07,3.5109248047922106e-05,1.4878242943099215e-05,2.109421225725136e-05,0.0,2.562568759678634e-18,1.3318889669759928e-27,2.3851293048610532e-26
2,adam,799,600.0,1090.0,3.51885790201626e-06,2.6079694675253156e-06,2.769125725506925e-07,2.4848733109443716e-07,2.082569563880186e-06,9.107784152087843e-07,0.0,7.17227466497393e-18,8.75170227447723e-28,8.423922055334656e-27
2,adam,824,600.0,1090.0,6.796002866381791e-06,4.124842104691593e-06,8.88780031435005e-08,2.3135263388167443e-06,1.7224377627313488e-06,2.671050566081362e-06,0.0,2.1522398937012755e-18,2.698047602165776e-28,1.1271838957930244e-27
2,adam,849,600.0,1090.0,3.7210578619267465e-06,2.2387351213791845e-06,1.7465480216700167e-08,1.1034737642459818e-06,1.1177958769165023e-06,1.4822124469246879e-06,0.0,4.150562951641197e-19,2.5747383721367087e-28,1.401103500448375e-27
2,adam,874,600.0,1090.0,0.0001922541832311757,0.00012834006176847695,4.743681664531096e-06,0.00011805185701108953,5.54452309285632e-06,6.391401135775271e-05,0.0,1.1907656903844096e-16,6.98901496977712e-27,2.0271397189274133e-26
2,adam,899,600.0,1090.0,8.582198746503597e-05,5.6713895110666256e-05,2.6108622604069436e-06,4.917759166344943e-05,4.925441186809883e-06,2.9107982297913137e-05,0.0,6.860204168041682e-17,2.1996054206054474e-27,4.453320460562351e-27
2,adam,924,600.0,1090.0,0.00020555994493076145,0.00013538992788871617,6.24958474744752e-08,0.00011866749908525939,1.6659932955982306e-05,7.016990685462117e-05,0.0,1.5050082704241002e-18,2.4178729901288177e-27,4.934923935072187e-28
2,adam,949,600.0,1090.0,5.251252923938346e-05,3.6375225205432214e-05,2.8236319225804377e-08,2.5444858537918955e-05,1.0902130348287455e-05,1.6137193999410654e-05,0.0,6.20980860101653e-19,1.0534765840171527e-27,1.8794850772967004e-26
2,adam,974,600.0,1090.0,0.0005575177007517482,0.00037547211260235557,9.92641378316982e-09,0.0003433999947719777,3.206219141659466e-05,0.0001820454779738949,0.0,2.480748358987981e-19,4.13382798842092e-27,7.715138565443071e-27
2,adam,999,600.0,1090.0,0.00011164132440221388,7.386549874239333e-05,1.7322194094538105e-08,6.939787997034186e-05,4.45029657795693e-06,3.7775715647496446e-05,0.0,4.322602804956546e-19,3.567163961681274e-27,8.744883762960422e-27
2,adam,1024,600.0,1090.0,1.717329059015511e-05,1.2750510953290239e-05,1.6929977238265535e-07,3.1837779229647325e-06,9.39743325794285e-06,4.422669761150961e-06,0.0,3.031391135642742e-18,4.141613937680268e-27,3.7725756866512094e-26
2,adam,1049,600.0,1090.0,0.00011598584556408477,7.935734222998267e-05,1.3663173902373385e-07,7.115156901622167e-05,8.069141474737265e-06,3.662839353962391e-05,0.0,3.4853091934624136e-18,7.36593375479803e-28,6.358266538753455e-27
2,adam,1074,600.0,1090.0,8.305922545893513e-06,5.23762685362994e-06,5.285255737520021e-08,3.839558724289162e-06,1.3452155719655774e-06,3.068185803068754e-06,0.0,9.992680503407191e-19,4.386122551312664e-28,1.9061944533535174e-27
2,adam,1099,600.0,1090.0,0.00010214396551264848,6.99022030299127e-05,8.328000200777797e-09,6.371241044566159e-05,6.181464584050331e-06,3.2241652485181416e-05,0.0,2.323997583503192e-19,6.659057536734498e-28,3.576094795103076e-27
2,adam,1124,600.0,1090.0,0.00013013779092723717,8.771838145455317e-05,5.87208801011092e-08,8.37756616960695e-05,3.883998878382553e-06,4.241929963812274e-05,0.0,1.228168016078954e-18,5.4129096999585196e-27,1.820868820898363e-26
2,adam,1149,600.0,1090.0,0.0005482673365531878,0.00036829419606895265,1.3999032478138305e-06,0.0003390296389947701,2.7864653826368707e-05,0.00017997303059179724,0.0,3.341894810761997e-17,8.561293661255277e-27,4.868555793795217e-27
2,adam,1174,600.0,1090.0,2.8347609292774974e-05,1.904382251582519e-05,2.6428941492959122e-06,1.3913866494499598e-05,2.4870618720296814e-06,9.303676835284944e-06,0.0,6.961683063447359e-17,5.8877233606004935e-28,1.0757093726348658e-27
2,adam,1199,600.0,1090.0,6.449843661986372e-05,4.461964482911069e-05,3.4925209159179747e-06,3.788975567041557e-05,3.2373682427771476e-06,1.987868197130725e-05,0.0,8.469754715276949e-17,4.683963303693926e-27,2.3985064776039348e-26
2,adam,1224,600.0,1090.0,6.470209468644824e-05,4.412100984158795e-05,1.4467269527326299e-07,4.100662402340139e-05,2.969713122913301e-06,2.0580974871763037e-05,0.0,3.3754542952576722e-18,4.713878987447957e-28,1.595501881186749e-27
2,adam,1249,600.0,1090.0,6.713520805731635e-06,4.696603459615842e-06,6.08659206960183e-08,4.08746054910008e-06,5.48276989819744e-07,2.0168072992166327e-06,0.0,1.5663639187470705e-18,1.1762783417342518e-28,1.4181574945087195e-27
2,adam,1274,600.0,1090.0,0.0004265638186623419,0.0002873017657583218,2.2794639626641135e-06,0.0002067952562080145,7.822704558764314e-05,0.00013926194307307564,0.0,6.122438081841894e-17,4.229233434975523e-27,8.482085851843868e-26
2,adam,1299,600.0,1090.0,3.229779373210499e-05,2.1337318211312026e-05,6.472703633084769e-07,1.8443366999898237e-05,2.2466808481053095e-06,1.0960365632718502e-05,0.0,1.511690561315601e-17,8.76805658861953e-28,1.7105679417090043e-27
2,adam,1324,600.0,1090.0,6.731794905185114e-07,4.244641737357181e-07,3.3433865554567975e-08,5.1754520991792395e-08,3.392757871893577e-07,2.4860534483247404e-07,0.0,8.583198001495038e-19,1.150768768068535e-28,7.426247971896754e-28
2,adam,1349,600.0,1090.0,0.0015091429276064814,0.001013093859373022,2.127116649295033e-08,0.0009130146512998534,0.00010005793690667569,0.0004960489582092172,0.0,4.1204879326433033e-19,1.680922848646002e-26,2.615248127049211e-27
2,adam,1374,600.0,1090.0,0.0004495708963271112,0.00030040449644211744,3.5752552434050287e-07,0.00026674368827613384,3.330328264164309e-05,0.00014916629009645944,0.0,1.0001720308326517e-17,4.7817754277007026e-27,7.736965512287421e-28
2,adam,1399,600.0,1090.0,8.654334823695735e-06,5.989288315177668e-06,9.685583616950746e-08,4.799613483965091e-06,1.0928189950430692e-06,2.664936726387277e-06,0.0,2.078233729051618e-18,1.646653709908576e-28,2.2953232146246345e-27
2,lbfgs,1400,600.0,1090.0,1.3633622218235308e-05,9.020272855890441e-06,8.446957730073176e-08,7.85328870311575e-06,1.0825145754739597e-06,4.6132395748589515e-06,0.0,2.0997693389021902e-18,4.31090760287911e-28,1.0773091341923416e-27
2,lbfgs,1409,600.0,1090.0,7.78639633197312e-07,5.510264364230973e-07,8.199937162945033e-08,5.80447317192311e-08,4.109823330744158e-07,2.2750340928791743e-07,0.0,2.03669333168818e-18,1.8224131026106474e-28,1.4619835692820572e-27
2,lbfgs,1419,600.0,1090.0,6.86320232807909e-07,4.675070580328101e-07,2.332965515772905e-08,5.500865681142603e-08,3.89168746063655e-07,2.1870338725948542e-07,0.0,4.666065552185091e-19,1.7046259387481264e-28,1.3376910650300463e-27
2,lbfgs,1429,600.0,1090.0,6.090975707078591e-07,3.9502904973574304e-07,2.4141712482505598e-08,7.089227595448502e-08,2.999950612987524e-07,2.139587332556092e-07,0.0,4.627126268336153e-19,9.497747503114797e-29,7.118892806479373e-28
2,lbfgs,1439,600.0,1090.0,5.863084579249384e-07,3.6826944085648206e-07,2.3325709472041208e-08,4.688261685832589e-08,2.9806111452611496e-07,2.179292292983554e-07,0.0,4.740055236506568e-19,8.290694093978772e-29,5.7006538619483455e-28
2,lbfgs,1449,600.0,1090.0,5.862624326929717e-07,3.6830814431534744e-07,2.3339898351838243e-08,4.6713341830126986e-08,2.9825490413338224e-07,2.1784450060853874e-07,0.0,4.7458955072801365e-19,8.327659465434162e-29,5.728473821031577e-28
2,lbfgs,1459,600.0,1090.0,5.862240089585224e-07,3.682620406090898e-07,2.3327053857018842e-08,4.681497933255283e-08,2.981200074195181e-07,2.1785218057972706e-07,0.0,4.741217576648634e-19,8.312739324380788e-29,5.717159128670373e-28
2,lbfgs,1469,600.0,1090.0,5.861780064179794e-07,3.6816454353283936e-07,2.3307612974394394e-08,4.6979182996567547e-08,2.9787774756187745e-07,2.1790367511415085e-07,0.0,4.734106610094292e-19,8.279592445950601e-29,5.691206220048145e-28
2,lbfgs,1479,600.0,1090.0,5.861397777647203e-07,3.681498315172037e-07,2.331734086755853e-08,4.6869357508274666e-08,2.979631331413705e-07,2.178801584768245e-07,0.0,4.738266232661878e-19,8.294135954240678e-29,5.701088261563551e-28
2,lbfgs,1489,600.0,1090.0,5.860938185506684e-07,3.681694720958277e-07,2.3333926909987515e-08,4.6698308141941015e-08,2.9813723704389915e-07,2.1781455868496395e-07,0.0,4.745106923361937e-19,8.325606720606774e-29,5.724129140047087e-28
2,lbfgs,1499,600.0,1090.0,5.860557620942868e-07,3.6813015206229125e-07,2.332020967491593e-08,4.680057360514948e-08,2.980093687822258e-07,2.1781582226156818e-07,0.0,4.74006802853585e-19,8.312592674424797e-29,5.714474348204923e-28
2,lbfgs,1509,600.0,1090.0,5.860098627069297e-07,3.680490403212023e-07,2.3298419607114242e-08,4.696578211617183e-08,2.977848385979162e-07,2.1785103461419378e-07,0.0,4.731970575984227e-19,8.284300124438033e-29,5.692734809437077e-28
2,lbfgs,1519,600.0,1090.0,5.859719600686911e-07,3.680290628625922e-07,2.3308973044982428e-08,4.68558801721007e-08,2.9786420964550906e-07,2.1783310943480106e-07,0.0,4.736479417139492e-19,8.29716373340416e-29,5.701160603817489e-28
2,lbfgs,1529,600.0,1090.0,5.859261338261364e-07,3.6803514077427176e-07,2.3328058647213323e-08,4.6684791069981796e-08,2.9802229105707664e-07,2.1778120528122615e-07,0.0,4.74435033156162e-19,8.324335709958294e-29,5.720488305078576e-28
2,lbfgs,1539,600.0,1090.0,5.85888370118729e-07,3.6800063110173414e-07,2.3313418939333065e-08,4.678705299754993e-08,2.979001591648511e-07,2.177779512458598e-07,0.0,4.738934907241341e-19,8.312811126664159e-29,5.7121215123087e-28
2,lbfgs,1549,600.0,1090.0,5.858426280612534e-07,3.679308112072805e-07,2.3289066881395577e-08,4.6951440307637254e-08,2.976903040182477e-07,2.1780202908186905e-07,0.0,4.729774197272165e-19,8.288305419406203e-29,5.69363858894047e-28
2,lbfgs,1559,600.0,1090.0,5.858049909303796e-07,3.6790733479688154e-07,2.3300529316412853e-08,4.6842122086855476e-08,2.977646833936132e-07,2.1778786836158255e-07,0.0,4.734663363760869e-19,8.299859624220024e-29,5.700940735663785e-28
2,lbfgs,1569,600.0,1090.0,5.857593425251905e-07,3.679048030734119e-07,2.332247954422923e-08,4.667296975825917e-08,2.9790935377092347e-07,2.1774475168040224e-07,0.0,4.743700573080722e-19,8.32369205289066e-29,5.717421490966184e-28
2,lbfgs,1579,600.0,1090.0,5.857218214187301e-07,3.678733209676754e-07,2.330676833220457e-08,4.677450454975819e-08,2.977920480857127e-07,2.1773871267922352e-07,0.0,4.737853366091287e-19,8.313322421227469e-29,5.710039922705923e-28
2,lbfgs,1589,600.0,1090.0,5.856762753377265e-07,3.6781002214159335e-07,2.32793568854797e-08,4.6935886407484146e-08,2.9759477884862947e-07,2.1775646542343823e-07,0.0,4.727436168507167e-19,8.291741903618179e-29,5.694027758812969e-28
2,lbfgs,1599,600.0,1090.0,5.856388607097059e-07,3.677847244053195e-07,2.3291913211100357e-08,4.6827953720802204e-08,2.9766485747341695e-07,2.1774434853184382e-07,0.0,4.732778822969831e-19,8.302286383316858e-29,5.700480379273319e-28
2,lbfgs,1609,600.0,1090.0,5.855934255332389e-07,3.6777839873606235e-07,2.3317434151781395e-08,4.666318553514837e-08,2.977977790491326e-07,2.1770523902508226e-07,0.0,4.74325496594374e-19,8.323559387602532e-29,5.714834989276755e-28
2,lbfgs,1619,600.0,1090.0,5.855561081508403e-07,3.6774819762423027e-07,2.3300371480860815e-08,4.6763092633244686e-08,2.9768473351012476e-07,2.176981227540924e-07,0.0,4.736869055751955e-19,8.314072123199518e-29,5.708185828927631e-28
2,lbfgs,1629,600.0,1090.0,5.855107932877727e-07,3.676865618966311e-07,2.3269027675999677e-08,4.691866052545881e-08,2.9749887369517264e-07,2.1771444361783812e-07,0.0,4.72484910324665e-19,8.29470854916127e-29,5.693978906744641e-28
2,lbfgs,1639,600.0,1090.0,5.854735633335856e-07,3.676611743192917e-07,2.3282996147485244e-08,4.681315572662773e-08,2.9756502244517874e-07,2.1770260124111612e-07,0.0,4.730773701826604e-19,8.304490443097379e-29,5.699815374014892e-28
2,lbfgs,1649,600.0,1090.0,5.854283800535134e-07,3.676561917879018e-07,2.3313260421449603e-08,4.66560012474823e-08,2.976869301189699e-07,2.1766240049281637e-07,0.0,4.743146783619828e-19,8.323853805173143e-29,5.712667547643829e-28
2,lbfgs,1659,600.0,1090.0,5.853912261532111e-07,3.676253878984857e-07,2.329438471006515e-08,4.6753087513691634e-08,2.975779156747289e-07,2.176560504815294e-07,0.0,4.736044342299763e-19,8.315021042256132e-29,5.706530751706325e-28
2,lbfgs,1669,600.0,1090.0,5.85346189072889e-07,3.675599893699778e-07,2.3257720073603397e-08,4.6899039856900713e-08,2.974032294394737e-07,2.1767641192898403e-07,0.0,4.721865530277155e-19,8.297273994145913e-29,5.693537242652736e-28
2,lbfgs,1679,600.0,1090.0,5.853090969000069e-07,3.675364668993867e-07,2.3273600366145144e-08,4.679738365191469e-08,2.974654828813269e-07,2.1766284222680042e-07,0.0,4.728576082222292e-19,8.306503912891456e-29,5.698966713185749e-28
2,lbfgs,1689,600.0,1090.0,5.852642259269697e-07,3.675388492725064e-07,2.3310441261283e-08,4.665229189325501e-08,2.975761161179684e-07,2.1761558888098284e-07,0.0,4.743564886407632e-19,8.324520630507378e-29,5.710889362230677e-28
2,lbfgs,1699,600.0,1090.0,5.85227176410025e-07,3.675052060816688e-07,2.3289029927116478e-08,4.674490877698597e-08,2.974712673775664e-07,2.1761218255448955e-07,0.0,4.735467255148191e-19,8.31614375385228e-29,5.70506105435206e-28
2,lbfgs,1709,600.0,1090.0,5.851824996078443e-07,3.674294453574804e-07,2.324493279893143e-08,4.687592797495456e-08,2.9730858458359443e-07,2.176432664757986e-07,0.0,4.718278520008539e-19,8.299478515431081e-29,5.692716117833483e-28
2,lbfgs,1719,600.0,1090.0,5.851454662856509e-07,3.6741017985408444e-07,2.326347507101585e-08,4.6780115112580386e-08,2.973665896704882e-07,2.1762549865709796e-07,0.0,4.726084374361521e-19,8.308345489495315e-29,5.697940286720717e-28
2,lbfgs,1729,600.0,1090.0,5.851010239014616e-07,3.6742757802013297e-07,2.3309682841370823e-08,4.66533806725498e-08,2.9746451450621233e-07,2.1756365810717818e-07,0.0,4.744782970267988e-19,8.325533592607991e-29,5.709504028842351e-28
2,lbfgs,1739,600.0,1090.0,5.85063969234487e-07,3.6738821599082504e-07,2.3284628537041974e-08,4.673919028617033e-08,2.9736439716761276e-07,2.1756596546913212e-07,0.0,4.735264601116505e-19,8.317428246184689e-29,5.7037789126737415e-28
2,lbfgs,1749,600.0,1090.0,5.850198196335954e-07,3.672935186508059e-07,2.322996318497647e-08,4.684769163622854e-08,2.972158638296009e-07,2.176165132075713e-07,0.0,4.713795048594709e-19,8.30133353741529e-29,5.691493351146596e-28
2,lbfgs,1759,600.0,1090.0,5.849826895608284e-07,3.6728161699067383e-07,2.325226316484253e-08,4.6760571641977914e-08,2.9726878218385336e-07,2.1759128479503063e-07,0.0,4.72315338457176e-19,8.310020195249159e-29,5.69672510097296e-28
2,lbfgs,1769,600.0,1090.0,5.849389178049613e-07,3.6732434790813227e-07,2.3312036595226158e-08,4.6661241828440386e-08,2.973510694844657e-07,2.1750478212202483e-07,0.0,4.747204051053498e-19,8.326896669038915e-29,5.708554102196077e-28
2,lbfgs,1779,600.0,1090.0,5.849016338992648e-07,3.672753298856618e-07,2.328165260022982e-08,4.67368765909186e-08,2.972568006945134e-07,2.175165162384179e-07,0.0,4.735621467152974e-19,8.318876833423038e-29,5.70270499635519e-28
2,lbfgs,1789,600.0,1090.0,5.84858364347996e-07,3.6715005549618654e-07,2.321183284967774e-08,4.6811922346550975e-08,2.971263002999578e-07,2.1759852107592178e-07,0.0,4.708000177119512e-19,8.302818239557774e-29,5.689803500954773e-28
2,lbfgs,1799,600.0,1090.0,5.848208122860635e-07,3.671497055906314e-07,2.3239455545511545e-08,4.673760395514826e-08,2.971726460899716e-07,2.1756131891964515e-07,0.0,4.7195747081464975e-19,8.311517733215238e-29,5.695289562581812e-28
2,lbfgs,1809,600.0,1090.0,5.84778226993123e-07,3.6723225040104686e-07,2.331909466255208e-08,4.667880248606471e-08,2.9723435325243004e-07,2.1743618881663763e-07,0.0,4.751429611966733e-19,8.328649204600806e-29,5.708131375923523e-28
2,lbfgs,1819,600.0,1090.0,5.847402397348509e-07,3.671679627095653e-07,2.3280803443947906e-08,4.673936557494021e-08,2.971477936906772e-07,2.1746248924945464e-07,0.0,4.736810635804055e-19,8.32050862250751e-29,5.70188339328891e-28
2,lbfgs,1829,600.0,1090.0,5.84698605430295e-07,3.669959051471303e-07,2.3189204726010477e-08,4.676509065118265e-08,2.970416097699372e-07,2.1759291250658688e-07,0.0,4.700311025054394e-19,8.303872475944833e-29,5.68752469465013e-28
2,lbfgs,1839,600.0,1090.0,5.846599385498411e-07,3.670128498032183e-07,2.322433019422509e-08,4.670952437873287e-08,2.970789952302603e-07,2.1753730097016327e-07,0.0,4.715049532664392e-19,8.312809081913269e-29,5.693575159279595e-28
2,lbfgs,1849,600.0,1090.0,5.846244673828926e-07,3.670122108201414e-07,2.323814344330816e-08,4.670736670371491e-08,2.9706670067311834e-07,2.1750246878624135e-07,0.0,4.72096153549402e-19,8.315851944477463e-29,5.695643186105692e-28
2,lbfgs,1859,600.0,1090.0,5.845799417154296e-07,3.6706827202642165e-07,2.3283135099527606e-08,4.674871948792328e-08,2.970364174389708e-07,2.1740188191254284e-07,0.0,4.739237664074283e-19,8.322364019700095e-29,5.701389613711431e-28
2,lbfgs,1869,600.0,1090.0,5.845443001635031e-07,3.6700989652311383e-07,2.3262266302919687e-08,4.67402644565793e-08,2.970073657636149e-07,2.1742461586368356e-07,0.0,4.731348722486238e-19,8.319869641390643e-29,5.698599189793625e-28
2,lbfgs,1879,600.0,1090.0,5.845002978682943e-07,3.6686872885144746e-07,2.320587556901455e-08,4.66738632932296e-08,2.969889899892033e-07,2.1752178123970202e-07,0.0,4.709151924033592e-19,8.313840724310245e-29,5.691486515840071e-28
2,lbfgs,1889,600.0,1090.0,5.844643661052447e-07,3.6688066948927885e-07,2.3225253478257234e-08,4.6684698748668315e-08,2.969707172623533e-07,2.1747390883878604e-07,0.0,4.717351033897878e-19,8.317132218188125e-29,5.694023875143045e-28
2,lbfgs,1899,600.0,1090.0,5.844210785867259e-07,3.669795349141186e-07,2.3290253217896387e-08,4.6767977861105687e-08,2.969213038351165e-07,2.1733175589552393e-07,0.0,4.743511322560038e-19,8.324512038121925e-29,5.701342947761765e-28
2,lbfgs,1909,600.0,1090.0,5.843846811030176e-07,3.669048710126439e-07,2.326153081726574e-08,4.674386950072431e-08,2.9689947069465384e-07,2.1737002231303026e-07,0.0,4.732581377211818e-19,8.321684517193495e-29,5.69795832532798e-28
2,lbfgs,1919,600.0,1090.0,5.843423890772225e-07,3.6671403309448695e-07,2.3182705239709082e-08,4.662701709558135e-08,2.969043107591965e-07,2.1751856820488792e-07,0.0,4.701281646543383e-19,8.314525568404307e-29,5.688876282177818e-28
2,lbfgs,1929,600.0,1090.0,5.843052687253223e-07,3.6674422567226336e-07,2.3209966956175862e-08,4.6656828489457397e-08,2.968774302266301e-07,2.1745125527520096e-07,0.0,4.712762821816688e-19,8.318245562965298e-29,5.692157274910117e-28
2,lbfgs,1939,600.0,1090.0,5.84270228804569e-07,3.667466671817497e-07,2.322187980175894e-08,4.66762682665752e-08,2.968485191134156e-07,2.1741377384487427e-07,0.0,4.717907869936573e-19,8.319842490967058e-29,5.693418454552778e-28
2,lbfgs,1949,600.0,1090.0,5.8422616378679e-07,3.668075254204677e-07,2.3264059087938942e-08,4.675447255293315e-08,2.967889937795956e-07,2.173088505883518e-07,0.0,4.73508592834071e-19,8.323689284408781e-29,5.697619091047571e-28
2,lbfgs,1959,600.0,1090.0,5.841909384174178e-07,3.6674648320693145e-07,2.3245214029322318e-08,4.672445644433948e-08,2.9677681273326966e-07,2.1733466743231097e-07,0.0,4.727984947163152e-19,8.322599363799877e-29,5.69560158423979e-28
2,lbfgs,1969,600.0,1090.0,5.84147417591852e-07,3.6660047569287373e-07,2.3191247702827552e-08,4.662122643363912e-08,2.9678800155640705e-07,2.1743715412043042e-07,0.0,4.706760844124653e-19,8.319127658908716e-29,5.689937257964991e-28
2,lbfgs,1979,600.0,1090.0,5.841118805835335e-07,3.6661599486804636e-07,2.3208883386977655e-08,4.6653943636472707e-08,2.96753167844596e-07,2.173860979368705e-07,0.0,4.714251962535567e-19,8.321048707848827e-29,5.6917409700272605e-28
2,lbfgs,1989,600.0,1090.0,5.840691056126401e-07,3.667212496518461e-07,2.327149479359413e-08,4.6775197652330904e-08,2.9667455720592105e-07,2.172380681822113e-07,0.0,4.739485556131109e-19,8.325963124039514e-29,5.69771123378426e-28
2,lbfgs,1999,600.0,1090.0,5.84033072090656e-07,3.666433324948462e-07,2.3244651186395015e-08,4.6729089470626745e-08,2.9666959183782445e-07,2.1727995181699994e-07,0.0,4.729282527005477e-19,8.324470183081609e-29,5.695029943883281e-28
2,lbfgs,2009,600.0,1090.0,5.839913387517662e-07,3.6644601847619934e-07,2.3167676563003036e-08,4.6574206757991e-08,2.967041351552053e-07,2.1743553249631203e-07,0.0,4.698730551639713e-19,8.319681715634454e-29,5.687206096218523e-28
2,lbfgs,2019,600.0,1090.0,5.839545378132223e-07,3.664803436518833e-07,2.3193426337357237e-08,4.662629428117443e-08,2.9666062303335165e-07,2.1736440638204289e-07,0.0,4.709592016796923e-19,8.322096741871023e-29,5.6898209932259865e-28
2,lbfgs,2029,600.0,1090.0,5.839198460721107e-07,3.664841666890568e-07,2.32051085571678e-08,4.665170869270455e-08,2.9662734943918446e-07,2.173258916036618e-07,0.0,4.714644958127697e-19,8.323332114441285e-29,5.690893949115198e-28
2,lbfgs,2039,600.0,1090.0,5.838763144737703e-07,3.6654797461921334e-07,2.324743987227298e-08,4.674086911368018e-08,2.965596656332602e-07,2.1721855207512335e-07,0.0,4.731886175727225e-19,8.326524345480444e-29,5.694757620024256e-28
2,lbfgs,2049,600.0,1090.0,5.838414216875446e-07,3.664859132563386e-07,2.3228771793563505e-08,4.6704961734421496e-08,2.965521797283536e-07,2.1724572065157613e-07,0.0,4.72485342953612e-19,8.325778707294936e-29,5.692915685655906e-28
2,lbfgs,2059,600.0,1090.0,5.837984561704356e-07,3.6633725123274974e-07,2.3174449525727013e-08,4.659073085475291e-08,2.9657207085226984e-07,2.1735141715769835e-07,0.0,4.703481830149834e-19,8.322917847930962e-29,5.687547203503221e-28
2,lbfgs,2069,600.0,1090.0,5.8376322939458e-07,3.663544945470101e-07,2.3191995569684885e-08,4.6629729618773944e-08,2.965327693585513e-07,2.1729894706750608e-07,0.0,4.71093853165274e-19,8.324506001431258e-29,5.689194697548855e-28
2,lbfgs,2079,600.0,1090.0,5.837210424663514e-07,3.6646389303675255e-07,2.3255269336948706e-08,4.676299815268999e-08,2.964456255471139e-07,2.171473616495565e-07,0.0,4.736435755652348e-19,8.328845524805839e-29,5.694919899422318e-28
2,lbfgs,2089,600.0,1090.0,5.836852869191876e-07,3.6638449350250316e-07,2.3228401350638464e-08,4.671059383923779e-08,2.964454983126269e-07,2.1719100563642225e-07,0.0,4.726223297507565e-19,8.327668472975313e-29,5.692380971649271e-28
2,lbfgs,2099,600.0,1090.0,5.836441902543343e-07,3.6618324418414727e-07,2.315050497342127e-08,4.654348182049264e-08,2.9648925739023335e-07,2.173511582894911e-07,0.0,4.695293073337624e-19,8.32341055975099e-29,5.6847558408793715e-28
2,lbfgs,2109,600.0,1090.0,5.83607620508448e-07,3.6621973076445256e-07,2.3176360982207594e-08,4.660229189720673e-08,2.964410778850382e-07,2.172781019632517e-07,0.0,4.70620268811631e-19,8.325521465566763e-29,5.687249813366271e-28
2,lbfgs,2119,600.0,1090.0,5.835732657385926e-07,3.6622457828818125e-07,2.3188234516419316e-08,4.662981488795457e-08,2.9640652888380736e-07,2.1723889966957055e-07,0.0,4.711333858007723e-19,8.326676637859216e-29,5.688298170356282e-28
2,lbfgs,2129,600.0,1090.0,5.835302688940316e-07,3.6629101442701907e-07,2.3231473109220786e-08,4.672352903074227e-08,2.9633601228705603e-07,2.171294666861288e-07,0.0,4.728934034200815e-19,8.329743051298479e-29,5.6921503708990915e-28
2,lbfgs,2139,600.0,1090.0,5.834956967325845e-07,3.6622829186748833e-07,2.3212515083498938e-08,4.6685619288086447e-08,2.9633015749590295e-07,2.1715761708401744e-07,0.0,4.721787524082114e-19,8.329067472376927e-29,5.690326510907264e-28
2,lbfgs,2149,600.0,1090.0,5.834532891144559e-07,3.6607736094252407e-07,2.3157122820536588e-08,4.656674546839518e-08,2.9635349265359227e-07,2.1726614039049663e-07,0.0,4.699980890309961e-19,8.326307167760713e-29,5.684944352308182e-28
3,adam,0,1090.0,1776.0,0.023713597222032413,0.01778519784652543,0.0002777776381838502,0.0044071628190740725,0.013100257389267508,0.005928399282175142,0.0,3.988756693167117e-15,2.246760466457968e-30,2.0621993469047507e-29
3,adam,24,1090.0,1776.0,0.021126372610788226,0.016228498884365457,3.912474211268589e-06,0.0020885387703281637,0.014136047639826024,0.004897873633116942,0.0,2.8466260412517294e-17,1.008538113238452e-30,2.2213987902331005e-29
3,adam,49,1090.0,1776.0,0.012146359828521434,0.010034575869923883,2.8074686330375797e-06,0.0024356737241875083,0.007596094677103338,0.0021117838606588635,0.0,2.1311531071846744e-17,3.9988885398387275e-31,4.255922724927201e-30
3,adam,74,1090.0,1776.0,0.004418744375473501,0.0031117980380584533,2.50175919599803e-07,0.0007487462965625088,0.0023628015655763447,0.0013069462290961696,0.0,1.5874788857532514e-18,6.40748819699283e-32,5.0460553943131134e-31
3,adam,99,1090.0,1776.0,0.0030537613588230775,0.002276438988813291,1.2099431672541176e-06,0.0005622611285815799,0.001712967917064457,0.0007773222581166487,0.0,6.197780471619636e-18,7.591668599394598e-32,5.320609707268527e-31
3,adam,124,1090.0,1776.0,0.0011662099508467003,0.0007684217881307497,9.291774535404659e-07,0.0002631438875841547,0.0005043487230930546,0.00039778804661703347,0.0,6.596633071538994e-18,4.009270927267729e-32,2.1584238910135447e-31
3,adam,149,1090.0,1776.0,0.0005147359728423078,0.0003203606297571403,3.621830727820922e-07,0.00015479161073795282,0.0001652068359464054,0.00019437522483476918,0.0,2.423732139020001e-18,1.761694570519854e-32,7.110429833247063e-32
3,adam,174,1090.0,1776.0,0.000251422377307698,0.0001456603894713872,1.3790407271018817e-07,9.20829166027033e-05,5.343956879597372e-05,0.00010576186814839324,0.0,8.778219501973871e-19,1.2356206540838133e-32,3.2059828936324606e-32
3,adam,199,1090.0,1776.0,0.00011593871168540837,7.484190165484088e-05,6.834876138046214e-08,6.097980186963439e-05,1.3793751023826025e-05,4.109668885176267e-05,0.0,4.535063385714376e-19,9.074752625879288e-33,1.1341866911606415e-32
3,adam,224,1090.0,1776.0,6.323435781648906e-05,5.316463451091319e-05,5.909023867571131e-08,4.6772750841225016e-05,6.332793431012466e-06,1.0069600941481513e-05,0.0,3.5368935067066083e-19,7.172536573406968e-33,3.5633649554788895e-33
3,adam,249,1090.0,1776.0,4.198216297697727e-05,4.010714117546628e-05,5.286245662690645e-08,3.3528077177762446e-05,6.526201541076931e-06,1.8748986854848396e-06,0.0,3.234104784123446e-19,6.523790049577241e-33,2.3173010589402992e-33
3,adam,274,1090.0,1776.0,3.321612140778022e-05,3.281619832859008e-05,5.06806087617968e-08,2.5119762029369298e-05,7.645755690458987e-06,3.997994921878029e-07,0.0,3.238196259080972e-19,6.326942102701989e-33,2.3431954483149117e-33
3,adam,299,1090.0,1776.0,2.7660590781389236e-05,2.7418190128192152e-05,5.5834847611554636e-08,1.940694698545494e-05,7.955408295125656e-06,2.422767270372974e-07,0.0,3.7744765403497333e-19,6.264271093483985e-33,2.4120277047711268e-33
3,adam,324,1090.0,1776.0,2.30809184800717e-05,2.281290193026362e-05,6.231635568161816e-08,1.5285198679092475e-05,7.465386895489528e-06,2.678923414330987e-07,0.0,4.401096243666705e-19,6.238024262820413e-33,2.3909639213302992e-33
3,adam,349,1090.0,1776.0,1.916123005100144e-05,1.8858780433215155e-05,6.402056515319788e-08,1.217877414690985e-05,6.615985721152108e-06,3.023251497195246e-07,0.0,4.663035366885558e-19,6.232167834331153e-33,2.3259901272477833e-33
3,adam,374,1090.0,1776.0,1.591713924172897e-05,1.5588352551259217e-05,5.957035793579838e-08,9.801710290657921e-06,5.727071902665496e-06,3.286619781133852e-07,0.0,4.44727465324454e-19,6.246953230994927e-33,2.2564728575430128e-33
3,adam,399,1090.0,1776.0,1.3294012723389528e-05,1.2948999241858167e-05,5.419340714644448e-08,7.980605222995443e-06,4.91420061171628e-06,3.4488854237682523e-07,0.0,4.1605439922688765e-19,6.278140652535164e-33,2.1983946463919122e-33
3,adam,424,1090.0,1776.0,1.0674735393310212e-05,1.0378737787259463e-05,4.15335752528578e-08,6.217933514750565e-06,4.119270697256039e-06,2.958724619892918e-07,0.0,3.243008665086493e-19,6.105758350307123e-33,2.1026246522677384e-33
3,adam,449,1090.0,1776.0,8.925778068323273e-06,8.648463161628651e-06,4.548653177460501e-08,5.1574041080800175e-06,3.4455725217740287e-06,2.771895758012451e-07,0.0,3.6846013816233763e-19,6.1329835980141915e-33,2.0544061346841198e-33
3,adam,474,1090.0,1776.0,7.674980989212881e-06,7.4102634836973815e-06,1.4467395241618993e-07,4.370665719211206e-06,2.8949238120699857e-06,2.6459200927075747e-07,0.0,9.971576370102839e-19,6.180122068788783e-33,2.0179378134747194e-33
3,adam,499,1090.0,1776.0,6.523776912011774e-06,6.318460569969673e-06,1.3261692305912567e-07,3.75815603115375e-06,2.427687615756798e-06,2.0519069871306152e-07,0.0,9.173159381931945e-19,6.214873780352874e-33,1.9902277122505928e-33
3,adam,524,1090.0,1776.0,5.457593130631738e-06,5.339313611322874e-06,3.890300399906516e-08,3.2609447709940605e-06,2.0394658363297477e-06,1.1815373955508015e-07,0.0,3.1534298469101964e-19,6.242138087923308e-33,1.9684680402315168e-33
3,adam,549,1090.0,1776.0,4.675531151141104e-06,4.597930164730023e-06,2.985242679389931e-08,2.8510183920480303e-06,1.7170593458880938e-06,7.747507883235334e-08,0.0,2.5613048877283705e-19,6.264444210349422e-33,1.9519358103289933e-33
3,adam,574,1090.0,1776.0,4.036605067231099e-06,3.990421672938587e-06,2.5140165966747007e-08,2.513185315300352e-06,1.4520961916714878e-06,4.6057366944340255e-08,0.0,2.187362244022322e-19,6.283524787899955e-33,1.9392031335219333e-33
3,adam,599,1090.0,1776.0,3.5698702245657467e-06,3.5318956560429636e-06,6.062536406481076e-08,2.235170245282027e-06,1.236100046696126e-06,3.784842945421645e-08,0.0,4.3144606610050405e-19,6.299956395101137e-33,1.92997260743727e-33
3,adam,624,1090.0,1776.0,3.6227711055013838e-06,3.5085607811141903e-06,4.629816331649436e-07,2.049447398698031e-06,9.961317492512155e-07,1.1408407666552495e-07,0.0,2.934830665449116e-18,6.345979076234808e-33,1.9914012351157377e-33
3,adam,649,1090.0,1776.0,2.7177881962467975e-06,2.7058666459496457e-06,1.9236420986648428e-08,1.8332742030054333e-06,8.533560219575637e-07,1.1795202499535463e-08,0.0,1.7077082909725325e-19,6.364156305423424e-33,1.9850894099668974e-33
3,adam,674,1090.0,1776.0,2.4267815769946368e-06,2.4185532933589928e-06,1.771526638851018e-08,1.6576175142311422e-06,7.432205127393403e-07,8.101846327583052e-09,0.0,1.583632912931727e-19,6.37474511158967e-33,1.9813394937287932e-33
3,adam,699,1090.0,1776.0,2.1957877977333754e-06,2.1879322922284644e-06,1.5551212745630295e-08,1.5149341683491169e-06,6.574469111337171e-07,7.728987534496845e-09,0.0,1.396476652921124e-19,6.383373118823157e-33,1.9783524584805664e-33
3,adam,724,1090.0,1776.0,2.013036149658366e-06,2.002829983476886e-06,1.4130594992030595e-08,1.3966790356575207e-06,5.920203528273347e-07,1.007957522079535e-08,0.0,1.266006146553373e-19,6.389269174805674e-33,1.9774084532695353e-33
3,adam,749,1090.0,1776.0,1.8646781662782456e-06,1.8511472907996556e-06,1.2851210815981589e-08,1.2998118187230474e-06,5.384842612606266e-07,1.340421681797776e-08,0.0,1.1462421920257134e-19,6.390769867083622e-33,1.978282715916682e-33
3,adam,774,1090.0,1776.0,1.7452120835186757e-06,1.727586311377488e-06,1.1455809450485014e-08,1.2139040170444315e-06,5.022264848825716e-07,1.7499054219869594e-08,0.0,1.021487224510593e-19,6.3956069152172e-33,1.9783133491357375e-33
3,adam,799,1090.0,1776.0,5.831063342840527e-06,5.121513015727271e-06,3.5021270533669983e-06,1.1419367811115063e-06,4.774491812487662e-07,7.09423556153879e-07,0.0,2.3542545639110152e-17,6.400772145196118e-33,1.97429123072548e-33
3,adam,824,1090.0,1776.0,2.451760306377506e-06,2.289182713492388e-06,7.084646393589325e-07,1.1098349825396765e-06,4.7088309159377913e-07,1.624507956185756e-07,0.0,4.5280728707603215e-18,6.105375357725119e-33,1.976784381851878e-33
3,adam,849,1090.0,1776.0,1.6237226084899364e-06,1.5753306676792543e-06,6.594394474905276e-08,1.0557749478218875e-06,4.5361177510831416e-07,4.826510681024252e-08,0.0,4.499227204346826e-19,6.0981041527482706e-33,1.982653739511126e-33
3,adam,874,1090.0,1776.0,1.5002711816102007e-06,1.4610915650625727e-06,1.0574479129417591e-08,1.0084955407952287e-06,4.4202154513792643e-07,3.9052744300759526e-08,0.0,8.500692704875244e-20,6.1002667430392614e-33,1.982962448610703e-33
3,adam,899,1090.0,1776.0,1.4474322853890414e-06,1.4051274582353555e-06,7.3807435606651715e-09,9.661926451332587e-07,4.315540695414318e-07,4.217791842541627e-08,0.0,6.377676392944618e-20,6.100586930844199e-33,1.9842931008389946e-33
3,adam,924,1090.0,1776.0,1.4027475329898232e-06,1.3573457465166239e-06,6.172219157707042e-09,9.284923224809566e-07,4.2268120487796013e-07,4.52748431411303e-08,0.0,5.485743347314449e-20,6.1002655423754406e-33,1.9856113085101754e-33
3,adam,949,1090.0,1776.0,1.3635694979628068e-06,1.3153127749403373e-06,5.379543270605696e-09,8.948967832365354e-07,4.150364484331961e-07,4.8129746922058977e-08,0.0,4.8354586550135106e-20,6.100050025883091e-33,1.98677458571226e-33
3,adam,974,1090.0,1776.0,1.3288181166400826e-06,1.2780226997565713e-06,4.743707755771666e-09,8.64862672382519e-07,4.084163196182806e-07,5.066840978272797e-08,0.0,4.2755109896132776e-20,6.099837353183357e-33,1.9878000437536552e-33
3,adam,999,1090.0,1776.0,1.297854026166652e-06,1.2447739257089175e-06,4.19077003541196e-09,8.379620403000354e-07,4.026211153734703e-07,5.295306402817037e-08,0.0,3.7949734334552226e-20,6.0995394983088347e-33,1.988749039981477e-33
3,adam,1024,1090.0,1776.0,1.2267512780207812e-06,1.1631079335499016e-06,3.895033281420087e-09,7.812137198224477e-07,3.779991804460339e-07,6.351628811978493e-08,0.0,3.560158185792807e-20,6.254943392121441e-33,1.9620921356968904e-33
3,adam,1049,1090.0,1776.0,1.2042728763427954e-06,1.1386253604704134e-06,3.432711028772058e-09,7.636122483731408e-07,3.715804010685005e-07,6.552043708042573e-08,0.0,3.1457326297566796e-20,6.242385300784693e-33,1.9650303022813735e-33
3,adam,1074,1090.0,1776.0,1.1840507694333497e-06,1.1186897314797642e-06,3.086145126063844e-09,7.48357584839388e-07,3.672460015143123e-07,6.523393649531829e-08,0.0,2.81083405722568e-20,6.243738099745673e-33,1.9650118331962374e-33
3,adam,1099,1090.0,1776.0,5.1452130353454355e-06,4.396917261609992e-06,3.3001768755584385e-06,7.33917001144721e-07,3.6282338490683205e-07,7.48168651349161e-07,0.0,1.9684798731459993e-17,6.235140101647107e-33,1.972499830490706e-33
3,adam,1124,1090.0,1776.0,1.1989313546620535e-06,1.1239055515070672e-06,4.460331447285589e-08,7.20936629510124e-07,3.5836560752408745e-07,7.489867942835978e-08,0.0,2.8604577728544707e-19,6.241375653612802e-33,1.9651419613585748e-33
3,adam,1149,1090.0,1776.0,1.2006096081464072e-06,1.1211525291261099e-06,5.80898823159198e-08,7.085089265895671e-07,3.5455372022062297e-07,7.932994021110333e-08,0.0,3.8386960776363664e-19,6.239688736326326e-33,1.9679461576162096e-33
3,adam,1174,1090.0,1776.0,1.1193144805250872e-06,1.0517733921839278e-06,3.0126443838816382e-09,6.975597151350661e-07,3.5120103266498016e-07,6.74139312175687e-08,0.0,2.6062093957696036e-20,6.240865702874191e-33,1.966966299868797e-33
3,adam,1199,1090.0,1776.0,1.1047359002865724e-06,1.0373525109054544e-06,2.069504064360947e-09,6.874072829596574e-07,3.4787572388143594e-07,6.725621395144848e-08,0.0,1.880545333988452e-20,6.240471105365655e-33,1.9670802322830477e-33
3,adam,1224,1090.0,1776.0,1.0379014765034094e-06,9.669394705394976e-07,1.654637993184986e-09,5.89839700087357e-07,3.754451324589556e-07,7.083481739312547e-08,0.0,1.461798119291184e-20,6.334902920630038e-33,1.996822289206011e-33
3,adam,1249,1090.0,1776.0,1.025549089795588e-06,9.561438772642873e-07,1.5328854580141374e-09,5.825583741805632e-07,3.720526176257101e-07,6.927800929442295e-08,0.0,1.3689428743978964e-20,6.338178860541264e-33,1.9930424422204588e-33
3,adam,1274,1090.0,1776.0,1.0145507130863298e-06,9.462774240628358e-07,1.4355946094472161e-09,5.757915293834509e-07,3.690503000699376e-07,6.814607138533315e-08,0.0,1.2679383998764044e-20,6.337294223314593e-33,1.993331540076425e-33
3,adam,1299,1090.0,1776.0,1.0042470438613789e-06,9.365513034737141e-07,1.347927763113269e-09,5.691421142093741e-07,3.660612615012267e-07,6.756850857392127e-08,0.0,1.1781838482176959e-20,6.337013191794955e-33,1.993142187768996e-33
3,adam,1324,1090.0,1776.0,9.9449706735707e-07,9.273572782542994e-07,1.2656213761461884e-09,5.626948511967586e-07,3.6339680568139464e-07,6.701254317776304e-08,0.0,1.0979161607856759e-20,6.336597370705357e-33,1.9931845608670484e-33
3,adam,1349,1090.0,1776.0,9.853331225003754e-07,9.18704181789434e-07,1.2974215134863549e-09,5.56529959971131e-07,3.608768003048166e-07,6.650168076682466e-08,0.0,1.065262899065559e-20,6.336255551916519e-33,1.9931740529070536e-33
3,adam,1374,1090.0,1776.0,2.1850595034566585e-06,1.9145467269717216e-06,1.0039483726264289e-06,5.500506963287554e-07,3.605476580165371e-07,2.7038551165678733e-07,0.0,6.650508675203764e-18,6.348642320925324e-33,1.9859953486394493e-33
3,adam,1399,1090.0,1776.0,9.749908100733792e-07,9.070803358843702e-07,6.547283427114362e-09,5.451235853238824e-07,3.5540946713337333e-07,6.778322132710164e-08,0.0,4.597456896554913e-20,6.334960694135508e-33,1.9943255563192348e-33
3,lbfgs,1400,1090.0,1776.0,1.2624000805993271e-06,1.1422173531539783e-06,2.619053836562015e-07,5.236679521072303e-07,3.5664401739054647e-07,1.2005547438861183e-07,0.0,1.7192591406984088e-18,6.326166056301444e-33,1.98355417738034e-33
3,lbfgs,1409,1090.0,1776.0,9.451122721872472e-07,8.785525243630176e-07,1.4042521858114953e-09,5.24178341204308e-07,3.5296993097289805e-07,6.643249476701221e-08,0.0,1.2642955330033791e-20,6.30845948173164e-33,1.990654754865254e-33
3,lbfgs,1419,1090.0,1776.0,9.43496263080112e-07,8.784401853507201e-07,1.2497896263380674e-09,5.218149349358582e-07,3.553754607885239e-07,6.492882461811801e-08,0.0,1.0784092856782886e-20,6.29897968162265e-33,1.9941823978825e-33
3,lbfgs,1429,1090.0,1776.0,9.420268862818335e-07,8.771060981104088e-07,1.214229954943835e-09,5.20539289506801e-07,3.5535257864866397e-07,6.479353491434108e-08,0.0,1.0362704962495246e-20,6.298995795101113e-33,1.9908216876356895e-33
3,lbfgs,1439,1090.0,1776.0,9.418775930783594e-07,8.771649287611754e-07,1.1997293241851015e-09,5.206440896445532e-07,3.5532110979243715e-07,6.458541102407288e-08,0.0,1.0240211882955731e-20,6.29935946015052e-33,1.9907330625767213e-33
3,lbfgs,1449,1090.0,1776.0,9.417256881866121e-07,8.771066341748492e-07,1.1838156641880132e-09,5.207745215188093e-07,3.5514829699185177e-07,6.449180067715329e-08,0.0,1.0104375137164102e-20,6.299844723565013e-33,1.9907647890414218e-33
3,lbfgs,1459,1090.0,1776.0,9.416020685353735e-07,8.772388235289627e-07,1.1778654258100848e-09,5.206618261242261e-07,3.553991319789265e-07,6.423599163582616e-08,0.0,1.0065916694988103e-20,6.299684121078722e-33,1.990919859062918e-33
3,lbfgs,1469,1090.0,1776.0,9.41472064855462e-07,8.774693946110555e-07,1.1730580944001245e-09,5.20480390188068e-07,3.558159463285874e-07,6.387541682521726e-08,0.0,1.0041491835106195e-20,6.299294862363323e-33,1.9910707544623423e-33
3,lbfgs,1479,1090.0,1776.0,9.413603168200406e-07,8.773816706046591e-07,1.1651556985705107e-09,5.205355758598305e-07,3.556809390462581e-07,6.38513927676647e-08,0.0,9.970338983978345e-21,6.299599709356554e-33,1.9911243748779705e-33
3,lbfgs,1489,1090.0,1776.0,9.41244688716515e-07,8.772109472822879e-07,1.1546993120950766e-09,5.206653129769699e-07,3.5539093499322285e-07,6.390648795364289e-08,0.0,9.871235511887279e-21,6.300215401805482e-33,1.9912492129845465e-33
3,lbfgs,1499,1090.0,1776.0,9.41139895461665e-07,8.773253811957322e-07,1.152402627350999e-09,5.205363030776043e-07,3.556366754907768e-07,6.368726075073996e-08,0.0,9.858045659032155e-21,6.299956508765227e-33,1.9913153537953036e-33
3,lbfgs,1509,1090.0,1776.0,9.410483656033945e-07,8.773613167566542e-07,1.1490440850748848e-09,5.204807974297297e-07,3.5573147524184953e-07,6.355979530031053e-08,0.0,9.830112513060683e-21,6.299909157608259e-33,1.9913700018533427e-33
3,lbfgs,1519,1090.0,1776.0,9.409344299315799e-07,8.774274184913305e-07,1.1457668006431673e-09,5.20393808884023e-07,3.558878428066643e-07,6.337975785234285e-08,0.0,9.803276314428061e-21,6.299760896738803e-33,1.9914077623993526e-33
3,lbfgs,1529,1090.0,1776.0,9.408478988585671e-07,8.773832503078517e-07,1.141572843160785e-09,5.20391328185143e-07,3.5585034927954787e-07,6.333739493551462e-08,0.0,9.76280899673748e-21,6.299917011930086e-33,1.991481660286354e-33
3,lbfgs,1539,1090.0,1776.0,9.407402941275557e-07,8.772940348076741e-07,1.1357656936901753e-09,5.204064288419646e-07,3.557518402720194e-07,6.331900567099323e-08,0.0,9.705027853088685e-21,6.300222404704054e-33,1.991607217063207e-33
3,lbfgs,1549,1090.0,1776.0,9.406575536967073e-07,8.773237982418548e-07,1.1338585398801456e-09,5.203447858603514e-07,3.5584515384162326e-07,6.320650177566046e-08,0.0,9.68762748007917e-21,6.300121181216501e-33,1.991622216036684e-33
3,lbfgs,1559,1090.0,1776.0,9.405552693498786e-07,8.773966563771025e-07,1.132631968373466e-09,5.202454536095391e-07,3.560185707991898e-07,6.303135925254008e-08,0.0,9.677271303090218e-21,6.29985908072704e-33,1.9915952002101756e-33
3,lbfgs,1569,1090.0,1776.0,9.4047544422912e-07,8.773247042664127e-07,1.128803421370864e-09,5.202494720468501e-07,3.5594642879819167e-07,6.302348621732545e-08,0.0,9.637721277533917e-21,6.300065698149523e-33,1.9916799317021075e-33
3,lbfgs,1579,1090.0,1776.0,9.403779015354963e-07,8.771900765003232e-07,1.1229708176750826e-09,5.202800431289581e-07,3.557870625536901e-07,6.306057125938951e-08,0.0,9.576594498217637e-21,6.300490676801104e-33,1.991839762680845e-33
3,lbfgs,1589,1090.0,1776.0,9.403002651934305e-07,8.772263772123919e-07,1.122137588300633e-09,5.202099259465493e-07,3.5589431367754205e-07,6.29466341750188e-08,0.0,9.568521829360124e-21,6.300311978865964e-33,1.991814311721131e-33
3,lbfgs,1599,1090.0,1776.0,9.402071918372444e-07,8.773279812270228e-07,1.1228508215409986e-09,5.20093190465372e-07,3.561119399401097e-07,6.275195676234351e-08,0.0,9.576307577927206e-21,6.299884146030475e-33,1.9917145770292595e-33
3,lbfgs,1609,1090.0,1776.0,9.401310549731954e-07,8.772253710903739e-07,1.1187280228407396e-09,5.201073849210995e-07,3.559992581464337e-07,6.277843001183102e-08,0.0,9.532598210971872e-21,6.30017209282114e-33,1.9918235155585493e-33
3,lbfgs,1619,1090.0,1776.0,9.400424477744001e-07,8.770367446391526e-07,1.111944512843557e-09,5.201614111229872e-07,3.557633890033218e-07,6.287844923734566e-08,0.0,9.460375123469181e-21,6.300783392290137e-33,1.992041353523595e-33
3,lbfgs,1629,1090.0,1776.0,9.399670707951374e-07,8.770912211895842e-07,1.1121929593528722e-09,5.200786616257784e-07,3.5590036660445294e-07,6.274859567677015e-08,0.0,9.462888497449063e-21,6.300492818340251e-33,1.991968835766772e-33
3,lbfgs,1639,1090.0,1776.0,9.398832051921547e-07,8.772465808199296e-07,1.1153273715488911e-09,5.199368521916939e-07,3.561944012566869e-07,6.250937039956328e-08,0.0,9.494934508610155e-21,6.299821731426795e-33,1.9917791682461047e-33
3,lbfgs,1649,1090.0,1776.0,9.398077225541888e-07,8.771041460495498e-07,1.1102982962630503e-09,5.199656562745795e-07,3.560281914787072e-07,6.25763225111264e-08,0.0,9.441522959439408e-21,6.300235883256858e-33,1.991927406802088e-33
3,lbfgs,1659,1090.0,1776.0,9.39739268177842e-07,8.770400862659701e-07,1.1075556060164267e-09,5.199538723033956e-07,3.5597865835655803e-07,6.257192789390206e-08,0.0,9.412043314164299e-21,6.300380027331156e-33,1.991988599225055e-33
3,lbfgs,1669,1090.0,1776.0,9.396525334137859e-07,8.769298243876091e-07,1.1031705442961887e-09,5.199521607250318e-07,3.5587449311828107e-07,6.259545497770341e-08,0.0,9.365204120342725e-21,6.300678325362989e-33,1.9921002057456045e-33
3,lbfgs,1679,1090.0,1776.0,9.395854456709777e-07,8.769338772140287e-07,1.1025765926364275e-09,5.199028007020103e-07,3.55928499919382e-07,6.252431438076595e-08,0.0,9.358196177606212e-21,6.300553371970773e-33,1.9920743162852853e-33
3,lbfgs,1689,1090.0,1776.0,9.395011191297437e-07,8.769731824227208e-07,1.1030903062539605e-09,5.198238424206106e-07,3.560462496958564e-07,6.24006825931731e-08,0.0,9.362225909872157e-21,6.300251943196073e-33,1.9919999670681613e-33
3,lbfgs,1699,1090.0,1776.0,9.394351200081503e-07,8.768914471631492e-07,1.0999584748617735e-09,5.198187700218249e-07,3.559727186664626e-07,6.241641870784818e-08,0.0,9.32876386830518e-21,6.300454040084539e-33,1.9920750491884526e-33
3,lbfgs,1709,1090.0,1776.0,9.393531752921838e-07,8.767474137204783e-07,1.0945366638421723e-09,5.198311858530066e-07,3.558216912036296e-07,6.247850740609445e-08,0.0,9.271493871351167e-21,6.300887655220155e-33,1.9922183943379292e-33
3,lbfgs,1719,1090.0,1776.0,9.392879593419223e-07,8.76765819664049e-07,1.094710077175157e-09,5.197745005468921e-07,3.558966090399817e-07,6.239488548414825e-08,0.0,9.27238795466609e-21,6.300684650586263e-33,1.9921674104434277e-33
3,lbfgs,1729,1090.0,1776.0,9.392084736359534e-07,8.768418171272294e-07,1.0970430173681822e-09,5.196811136976169e-07,3.560636604122443e-07,6.223940227610039e-08,0.0,9.294888807512045e-21,6.300206531374416e-33,1.992045809337394e-33
3,lbfgs,1739,1090.0,1776.0,9.391436809464125e-07,8.767359450157895e-07,1.0931336567476734e-09,5.196849908901888e-07,3.55957820468853e-07,6.228048167606394e-08,0.0,9.253669671569198e-21,6.300499992220277e-33,1.9921423175608005e-33
3,lbfgs,1749,1090.0,1776.0,9.390668665102899e-07,8.765450647274366e-07,1.0858185171513905e-09,5.19716486349639e-07,3.557427598606463e-07,6.239454750241933e-08,0.0,9.177724588647187e-21,6.301148968825914e-33,1.9923306108166398e-33
3,lbfgs,1759,1090.0,1776.0,9.390020438754551e-07,8.765859387100906e-07,1.0871267946392085e-09,5.196492885913964e-07,3.558495233240551e-07,6.228885085599218e-08,0.0,9.190175829140781e-21,6.300827133481497e-33,1.992248167942203e-33
3,lbfgs,1769,1090.0,1776.0,9.389282936958007e-07,8.767193005970627e-07,1.092420825384661e-09,5.19536734781375e-07,3.560901449903029e-07,6.208173874839661e-08,0.0,9.242313383771961e-21,6.300070760614297e-33,1.9920678273652227e-33
3,lbfgs,1779,1090.0,1776.0,9.388628452417205e-07,8.765784829983417e-07,1.0870937039246988e-09,5.195521945149342e-07,3.559391947794829e-07,6.21571078728407e-08,0.0,9.18706120042936e-21,6.300509471121754e-33,1.9921944233358485e-33
3,lbfgs,1789,1090.0,1776.0,9.38792816478285e-07,8.763204452341209e-07,1.076404937933061e-09,5.196088011507539e-07,3.556352391454339e-07,6.234511685118204e-08,0.0,9.078332887493227e-21,6.30150863790561e-33,1.992441370728409e-33
3,lbfgs,1799,1090.0,1776.0,9.387259176126523e-07,8.763948741421016e-07,1.079524318596928e-09,5.195269307613406e-07,3.5578841906216403e-07,6.220378904724944e-08,0.0,9.10882157737658e-21,6.300999394132942e-33,1.992319636032631e-33
3,lbfgs,1809,1090.0,1776.0,9.386664131029881e-07,8.76392448932609e-07,1.0797169248537556e-09,5.194845024547949e-07,3.558282295529603e-07,6.214670972074212e-08,0.0,9.109621034073964e-21,6.300846751991052e-33,1.9922932491808378e-33
3,lbfgs,1819,1090.0,1776.0,9.385911318791998e-07,8.764239197584609e-07,1.082054650149595e-09,5.194203950564596e-07,3.5592147005185166e-07,6.203995763536227e-08,0.0,9.130936975044123e-21,6.300462965170547e-33,1.9922352812045154e-33
3,lbfgs,1829,1090.0,1776.0,9.385321313123206e-07,8.763398272463355e-07,1.0785695660377402e-09,5.194097517764344e-07,3.5585150590386336e-07,6.206504955809031e-08,0.0,9.095222711717846e-21,6.300692671123364e-33,1.992289056888963e-33
3,lbfgs,1839,1090.0,1776.0,9.384584028344065e-07,8.761911449741332e-07,1.0714549963474548e-09,5.194067890995258e-07,3.5571290087826e-07,6.214000332468377e-08,0.0,9.024152540585841e-21,6.301233801562528e-33,1.9923821245262443e-33
3,lbfgs,1849,1090.0,1776.0,9.383996835192029e-07,8.762053043041618e-07,1.0728473780174309e-09,5.19359999265157e-07,3.5577245766098744e-07,6.206712465265591e-08,0.0,9.036669652732474e-21,6.300975991602548e-33,1.992343355871986e-33
3,lbfgs,1859,1090.0,1776.0,9.383277062304186e-07,8.762785001733509e-07,1.0785865942681078e-09,5.19290566535541e-07,3.5590934704354197e-07,6.192195145772227e-08,0.0,9.090411411751684e-21,6.30031957375053e-33,1.9922708365600823e-33
3,lbfgs,1869,1090.0,1776.0,9.382689567781296e-07,8.761704837948405e-07,1.0734940758072524e-09,5.192841554009914e-07,3.5581283431804183e-07,6.197121836255366e-08,0.0,9.039570641483254e-21,6.300686021116502e-33,1.9923331997560452e-33
3,lbfgs,1879,1090.0,1776.0,9.381991142936239e-07,8.75970583290726e-07,1.0621540071479867e-09,5.192872053253841e-07,3.556212239581939e-07,6.210127635667107e-08,0.0,8.9290012612723e-21,6.301591792375491e-33,1.9924309031959283e-33
3,lbfgs,1889,1090.0,1776.0,9.381398630257803e-07,8.760106072540385e-07,1.0656505877683245e-09,5.192358255206436e-07,3.557091311456266e-07,6.200200109791339e-08,0.0,8.961683570568026e-21,6.301149681014784e-33,1.9923826164602488e-33
3,lbfgs,1899,1090.0,1776.0,9.380728634089501e-07,8.761521742199091e-07,1.0780456837076065e-09,5.191661306077716e-07,3.5590799792843006e-07,6.179343447630476e-08,0.0,9.077462338367053e-21,6.299995266812317e-33,1.992313284759309e-33
3,lbfgs,1909,1090.0,1776.0,9.380123489535528e-07,8.760060506878995e-07,1.069663769571126e-09,5.191617889193246e-07,3.557745979990038e-07,6.187904353302065e-08,0.0,8.996159528432056e-21,6.30060839747837e-33,1.99237833266e-33
3,lbfgs,1919,1090.0,1776.0,9.379568536293312e-07,8.759334151207218e-07,1.0659178928377807e-09,5.191402426288273e-07,3.557272545990568e-07,6.189618375323206e-08,0.0,8.959437801799372e-21,6.300832386610448e-33,1.992396761390756e-33
3,lbfgs,1929,1090.0,1776.0,9.378864169677602e-07,8.758054418135877e-07,1.0575054060487317e-09,5.191097703615556e-07,3.5563816604598345e-07,6.195372037017024e-08,0.0,8.878812334601872e-21,6.301416510649726e-33,1.9924048392053426e-33
3,lbfgs,1939,1090.0,1776.0,9.378311096870466e-07,8.758056938235146e-07,1.0595903798778162e-09,5.190783733338687e-07,3.556677301097681e-07,6.189816105415515e-08,0.0,8.897258773531128e-21,6.301148361255487e-33,1.9924055222927627e-33
3,lbfgs,1949,1090.0,1776.0,9.377621738316994e-07,8.758530991838227e-07,1.0681936033570578e-09,5.190461548642671e-07,3.5573875071619865e-07,6.178181980412008e-08,0.0,8.974643526669489e-21,6.300391769047049e-33,1.9924369725918903e-33
3,lbfgs,1959,1090.0,1776.0,9.377066946853448e-07,8.757600131278695e-07,1.061979635560216e-09,5.190213240578488e-07,3.556767094344605e-07,6.181942669173711e-08,0.0,8.915756087887136e-21,6.300788474448861e-33,1.992441968715134e-33
3,lbfgs,1969,1090.0,1776.0,9.376399316430168e-07,8.755837849636407e-07,1.047361409523841e-09,5.189771450354333e-07,3.555592785186835e-07,6.192889178648583e-08,0.0,8.777836863961918e-21,6.301876547960617e-33,1.9923937576860984e-33
3,lbfgs,1979,1090.0,1776.0,9.375835995801657e-07,8.756075712804138e-07,1.0522423406374127e-09,5.189508183393411e-07,3.5560451060043533e-07,6.184877338102313e-08,0.0,8.822880466446838e-21,6.301365227277756e-33,1.9924159699791703e-33
3,lbfgs,1989,1090.0,1776.0,9.375204247649954e-07,8.757248135002096e-07,1.07191229031443e-09,5.189460227980161e-07,3.5570687841187904e-07,6.166835631048122e-08,0.0,8.998925995985843e-21,6.299892795242044e-33,1.9925359060819362e-33
3,lbfgs,1999,1090.0,1776.0,9.374618897531711e-07,8.755947089589929e-07,1.0600069921397895e-09,5.189091774604534e-07,3.5562552450639963e-07,6.173992581889594e-08,0.0,8.890182477973898e-21,6.300631406272076e-33,1.99250234413545e-33
3,lbfgs,2009,1090.0,1776.0,9.374084539837205e-07,8.755247678531455e-07,1.0550295455126168e-09,5.188765208684976e-07,3.5559321743913533e-07,6.175643113254087e-08,0.0,8.843656746355039e-21,6.300918805009739e-33,1.9924842518837012e-33
3,lbfgs,2019,1090.0,1776.0,9.373417801008172e-07,8.753976470263604e-07,1.0432169728131728e-09,5.188160192561111e-07,3.555384107974361e-07,6.181687804741783e-08,0.0,8.73339228164969e-21,6.301741415348749e-33,1.9923941150491287e-33
3,lbfgs,2029,1090.0,1776.0,9.372879532202113e-07,8.753946783908665e-07,1.0468207171470125e-09,5.188000803149921e-07,3.5554777735872747e-07,6.176601977790455e-08,0.0,8.765867615355982e-21,6.301368580165948e-33,1.9924403199198443e-33
3,lbfgs,2039,1090.0,1776.0,9.372237978226812e-07,8.754476810356688e-07,1.062348179835119e-09,5.188116540863241e-07,3.555736787695096e-07,6.164886170287937e-08,0.0,8.902500632799868e-21,6.300239418961286e-33,1.992602468505507e-33
3,lbfgs,2049,1090.0,1776.0,9.37168638913905e-07,8.753532262738429e-07,1.0527562619748456e-09,5.1876551456136e-07,3.5553495545050806e-07,6.168815753372483e-08,0.0,8.816032338896382e-21,6.300799043857731e-33,1.992540915000207e-33
3,lbfgs,2059,1090.0,1776.0,9.371165470139888e-07,8.752940287505174e-07,1.0485805921165946e-09,5.187304774114535e-07,3.5551497074694734e-07,6.169526313416651e-08,0.0,8.77724299636728e-21,6.301025324842928e-33,1.9925154323523384e-33
3,lbfgs,2069,1090.0,1776.0,9.37050668036228e-07,8.751908411746578e-07,1.0386319016342448e-09,5.186659532908502e-07,3.5548625598217333e-07,6.17325717026086e-08,0.0,8.684945859449235e-21,6.301689501041575e-33,1.9924160575006857e-33
3,lbfgs,2079,1090.0,1776.0,9.369983762427283e-07,8.751750075094145e-07,1.0414463204705077e-09,5.18653215182026e-07,3.5548034600691797e-07,6.16961135506849e-08,0.0,8.709821596097719e-21,6.301396451493477e-33,1.9924679811883194e-33
3,lbfgs,2089,1090.0,1776.0,9.369344324763185e-07,8.751962949269382e-07,1.0541064551131898e-09,5.186677079374244e-07,3.5547448053440065e-07,6.161088233545429e-08,0.0,8.82025432602908e-21,6.300479360188055e-33,1.992634297461365e-33
3,lbfgs,2099,1090.0,1776.0,9.368812423348988e-07,8.751190632221934e-07,1.046114267827854e-09,5.186196211408432e-07,3.554533278135223e-07,6.163492387615433e-08,0.0,8.748543126505631e-21,6.300931877259309e-33,1.9925666790189482e-33
3,lbfgs,2109,1090.0,1776.0,9.36820822690963e-07,8.749705717781372e-07,1.0278747332899641e-09,5.185163714302378e-07,3.5542632561460945e-07,6.172299564724066e-08,0.0,8.57881900170335e-21,6.302298926400682e-33,1.9923312242688564e-33
3,lbfgs,2119,1090.0,1776.0,9.367652612354584e-07,8.74974757913745e-07,1.0339332100976497e-09,5.185207506740165e-07,3.5542007402963085e-07,6.166324803240646e-08,0.0,8.635767558216275e-21,6.3016766717891e-33,1.9924447257925054e-33
3,lbfgs,2129,1090.0,1776.0,9.367141820606357e-07,8.749523436880502e-07,1.036203345153674e-09,5.185083266022955e-07,3.55407813740601e-07,6.163458306003595e-08,0.0,8.655535285764166e-21,6.301435709557025e-33,1.992495060996997e-33
3,lbfgs,2139,1090.0,1776.0,9.366507267312214e-07,8.749562934505475e-07,1.0467124433100911e-09,5.185204351725628e-07,3.553891458346745e-07,6.156717793757416e-08,0.0,8.746864056424403e-21,6.30066619797804e-33,1.9926508823649515e-33
3,lbfgs,2149,1090.0,1776.0,9.365990336053662e-07,8.748882959248695e-07,1.039918381427653e-09,5.184733452280176e-07,3.5537503231542424e-07,6.158348231468982e-08,0.0,8.685890175810076e-21,6.30104626115512e-33,1.9925859397394948e-33
4,adam,0,1776.0,2736.3999999999996,0.1088298374928039,0.08162237805248015,0.00027777776729735184,0.05880858961445878,0.022536010670724027,0.027207459350826704,0.0,1.0115141869657007e-15,1.9600534333068912e-30,2.499999999999994e-31
4,adam,24,1776.0,2736.3999999999996,0.025242809521537336,0.01178749109927378,2.962868569850628e-05,0.007004646193102196,0.0047532162204730775,0.013455318331086534,0.0,4.368569614688991e-17,2.5232279596456284e-31,5.319078754985056e-32
4,adam,49,1776.0,2736.3999999999996,0.019818409336470357,0.006945502188379379,4.4326450052914685e-06,0.0041672705163380815,0.0027737990270360058,0.012872907054365668,0.0,5.89595196103092e-18,1.6109196677569728e-31,3.060850132308937e-32
4,adam,74,1776.0,2736.3999999999996,0.016975793891993055,0.004738887210386561,2.555313580460787e-06,0.0029003486975873734,0.001835983199218727,0.012236906584094187,0.0,2.794380659960636e-18,1.1217575876682921e-31,2.018227038105385e-32
4,adam,99,1776.0,2736.3999999999996,0.015436538924327694,0.003951739788626995,5.558884678982311e-07,0.002529244842772374,0.0014219390573867233,0.011484799034557526,0.0,7.354455613132226e-19,8.863535584554249e-32,1.7429875718265812e-32
4,adam,124,1776.0,2736.3999999999996,0.013127006163154032,0.0026644993224913425,7.018475141985025e-07,0.0016238234339041868,0.0010399740410729575,0.010462506735889297,0.0,9.358078661710413e-19,7.177721839622539e-32,1.2507325488623073e-32
4,adam,149,1776.0,2736.3999999999996,0.01010640266087136,0.0016896310951923614,5.956510388104405e-07,0.001050742542947086,0.000638292901206465,0.008416771456737636,0.0,1.1849198041316145e-18,5.370068228594216e-32,9.700869973645558e-33
4,adam,174,1776.0,2736.3999999999996,0.00763834076860679,0.0010006404793571587,7.652023393508779e-07,0.0006635418150108033,0.0003363334620070045,0.006637700176155454,0.0,1.9807844295174176e-18,4.4001516389765167e-32,6.614298983205383e-33
4,adam,199,1776.0,2736.3999999999996,0.006324876309149163,0.000937540568783146,5.366425764560868e-07,0.0005595653763035106,0.00037743854990317916,0.005387335622924931,0.0,1.4143934850806603e-18,4.2562888473875536e-32,4.3779358448844716e-33
4,adam,224,1776.0,2736.3999999999996,0.004683154021950672,0.000650522193853962,1.8836421787030703e-07,0.00043265065733172944,0.00021768317230436225,0.004032631707708325,0.0,4.1661191324474233e-19,3.8611545382847124e-32,4.84468716641363e-33
4,adam,249,1776.0,2736.3999999999996,0.0036864611101443115,0.000489051745936408,9.141047684329989e-08,0.0003348016248815574,0.00015415871057800735,0.003197409241200287,0.0,1.860260463217888e-19,3.5432416151868577e-32,4.5165968986871445e-33
4,adam,274,1776.0,2736.3999999999996,0.0030826051763995803,0.00048237279219326754,1.0381666823251516e-07,0.00040475455403998176,7.751442148505328e-05,0.0026002322587000797,0.0,1.795820106365905e-19,3.30556216643387e-32,4.310667120667674e-33
4,adam,299,1776.0,2736.3999999999996,0.0024502029397818824,0.0003964299394960455,5.432493300954468e-08,0.00024629001415019005,0.0001500856004128459,0.002053772873121863,0.0,1.3685026523468086e-19,2.877201242200812e-32,4.036711136066037e-33
4,adam,324,1776.0,2736.3999999999996,0.001979968843893505,0.00030263447593605834,6.383362268596677e-08,0.0001594928636302669,0.0001430777786831055,0.00167733423919842,0.0,1.6044842443203276e-19,2.896994834091136e-32,3.4616235184245754e-33
4,adam,349,1776.0,2736.3999999999996,0.0017503024453260365,0.00036544586422697454,4.742172812864668e-08,0.0002773132099065043,8.808523259234161e-05,0.0013848564507650868,0.0,1.1511375831246453e-19,2.615287122194091e-32,4.0865215883564947e-33
4,adam,374,1776.0,2736.3999999999996,0.001406608118901674,0.00028865855049833964,4.7902181332151333e-08,9.754404061896651e-05,0.00019106660769804097,0.001117949436893032,0.0,1.265432386018378e-19,2.6763150715029394e-32,2.5982312248749453e-33
4,adam,399,1776.0,2736.3999999999996,0.001168250587070674,0.0002393108792470184,4.446948407415522e-08,9.061213124761895e-05,0.00014865427851532532,0.0009289395751150985,0.0,1.3390799236439775e-19,2.650332037223821e-32,2.5344757340025392e-33
4,adam,424,1776.0,2736.3999999999996,0.0009263247485047723,0.00018954391742998785,4.555049979728982e-08,6.112744215297206e-05,0.0001283709247772185,0.0007367806971511577,0.0,1.3837284632950957e-19,2.252235024420305e-32,2.4828182290772037e-33
4,adam,449,1776.0,2736.3999999999996,0.0009954010032836495,0.00040040581323647523,1.1442117508343029e-07,0.0003505701768581675,4.972121520322428e-05,0.0005949950549433184,0.0,2.9209638736053837e-19,2.0147338098247157e-32,3.389283278114396e-33
4,adam,474,1776.0,2736.3999999999996,0.0006319447117538073,0.00014431314044578984,7.326204143782613e-08,5.127148076840716e-05,9.296839763594485e-05,0.0004876314354807808,0.0,2.0000939340441062e-19,2.0799851300887872e-32,2.4421112908340685e-33
4,adam,499,1776.0,2736.3999999999996,0.0009873650686299065,0.00034646306913648113,6.745933740994288e-08,0.0001032551139963086,0.0002431404958027626,0.0006409018627231607,0.0,1.7692776647801334e-19,2.3233644637123996e-32,1.4091393743631304e-33
4,adam,524,1776.0,2736.3999999999996,0.0004773986515845652,0.00015348514704631935,1.501504508199501e-07,3.53818375945918e-05,0.00011795315900090759,0.0003239133671586099,0.0,3.247832248063756e-19,2.0892548096056787e-32,2.1703543894460146e-33
4,adam,549,1776.0,2736.3999999999996,0.0003660589003203858,0.00011099846132830394,5.852716055973121e-08,6.348045843096589e-05,4.745947573677833e-05,0.00025506030081013466,0.0,1.8236995919678616e-19,1.9089920478408e-32,3.0465637111769555e-33
4,adam,574,1776.0,2736.3999999999996,0.0006959175583186219,0.00039925750618640874,5.3688744653683505e-08,0.0002548073155597093,0.00014439650188204575,0.00029665991313886824,0.0,1.6712985022942092e-19,1.867661282316106e-32,5.702065535757395e-33
4,adam,599,1776.0,2736.3999999999996,0.0007432866213562016,0.0005501790992450295,3.987800499608515e-08,0.0005098348497553162,4.030437148471736e-05,0.0001931073822213317,0.0,1.1378044642431805e-19,1.81129005379979e-32,3.749170311983801e-33
4,adam,624,1776.0,2736.3999999999996,0.0002515922371999002,0.00010477144164333229,8.902528563192837e-08,2.3791721888912986e-05,8.089069446878737e-05,0.00014682065540685336,0.0,2.0313482455107948e-19,2.0678477632701613e-32,2.155594404276669e-33
4,adam,649,1776.0,2736.3999999999996,0.0022870720443179137,0.0017824564659646327,8.295691265584005e-07,0.001626967063118819,0.00015465983371925536,0.0005046154370991668,0.0,1.098284482223372e-18,2.2581920190652897e-32,4.4311787792366886e-33
4,adam,674,1776.0,2736.3999999999996,0.0005989911356755539,0.00048414374719370245,9.009632882761128e-08,0.00033647130289988066,0.00014758234796499414,0.00011484724745698167,0.0,1.1227086905569702e-19,1.5315207451559794e-32,2.5612215675764603e-33
4,adam,699,1776.0,2736.3999999999996,0.0002148292947854742,0.00011576091554009468,8.578800897107423e-08,6.201389988001026e-05,5.3661227651113353e-05,9.906823803830488e-05,0.0,1.6207135837013759e-19,1.964695546075953e-32,3.234848595918363e-33
4,adam,724,1776.0,2736.3999999999996,0.0001549517979960568,9.073370146412973e-05,3.439865325156131e-08,4.3039562973346224e-05,4.765973983753194e-05,6.421795478384628e-05,0.0,6.457693083438217e-20,1.8842487751031522e-32,2.987187378389287e-33
4,adam,749,1776.0,2736.3999999999996,0.00012570297525292103,7.32351454727915e-05,1.9478590245475492e-08,3.1117168710574726e-05,4.20984981719713e-05,5.246768756676844e-05,0.0,4.324287488330427e-20,1.9385163920950565e-32,2.840646470204721e-33
4,adam,774,1776.0,2736.3999999999996,0.00010481448821151819,6.362269024625396e-05,1.759488086003607e-08,2.771036077027124e-05,3.5894734595122686e-05,4.11916552841744e-05,0.0,3.794652610283869e-20,1.9062348216723007e-32,2.791817140795403e-33
4,adam,799,1776.0,2736.3999999999996,8.806659089200921e-05,5.485857375517229e-05,1.6304236607276123e-08,2.338071896753824e-05,3.146155055102677e-05,3.3207874017892514e-05,0.0,3.4441421155031137e-20,1.892592130863897e-32,2.7446703347197397e-33
4,adam,824,1776.0,2736.3999999999996,7.580360824268981e-05,4.849838512867653e-05,1.4545801371382709e-08,2.0848122486414075e-05,2.7635716840891075e-05,2.7305079564786238e-05,0.0,3.068529517787964e-20,1.894498450824599e-32,2.8084469568588565e-33
4,adam,849,1776.0,2736.3999999999996,6.573168524761794e-05,4.390321187939605e-05,1.15847777644451e-08,1.8974994662904492e-05,2.4916632438727114e-05,2.182832940915053e-05,0.0,2.5056643585227913e-20,1.8844603337969903e-32,2.7682235689276356e-33
4,adam,874,1776.0,2736.3999999999996,5.825637526480347e-05,4.080286247893925e-05,8.40118350116569e-09,1.7603116412415817e-05,2.3191344883022266e-05,1.745336845250493e-05,0.0,1.936755612769739e-20,1.8759726099337204e-32,2.7398996501341515e-33
4,adam,899,1776.0,2736.3999999999996,5.249315166782231e-05,3.848905766138197e-05,5.754923497901206e-09,1.6598375906318896e-05,2.1884926831565176e-05,1.400394933424512e-05,0.0,1.441554223865422e-20,1.870424746049236e-32,2.7200619643266743e-33
4,adam,924,1776.0,2736.3999999999996,4.784228896677603e-05,3.654590514155055e-05,3.889488161857061e-09,1.575590393560318e-05,2.0786111717785515e-05,1.1296238845597e-05,0.0,1.0801721087014056e-20,1.8669265342884822e-32,2.7085459947215534e-33
4,adam,949,1776.0,2736.3999999999996,4.395916555754115e-05,3.479571308283512e-05,2.8501434468530415e-09,1.5003035843709201e-05,1.978982709567906e-05,9.16330721418345e-06,0.0,8.58570451132107e-21,1.8645971224491661e-32,2.7021438286059725e-33
4,adam,974,1776.0,2736.3999999999996,4.064440483608497e-05,3.316372879171393e-05,2.539446222108152e-09,1.4303069848321368e-05,1.8858119497170454e-05,7.480530525202715e-06,0.0,7.644417992695594e-21,1.8629467215047089e-32,2.6985358770764604e-33
4,adam,999,1776.0,2736.3999999999996,3.778401419834625e-05,3.1623408457056256e-05,2.801816783187162e-09,1.3707880468956281e-05,1.7912726171316788e-05,6.1604599821922295e-06,0.0,7.723575143915001e-21,1.8592759224385935e-32,2.7076695220522307e-33
4,adam,1024,1776.0,2736.3999999999996,4.8309770823265075e-05,4.0616330253556184e-05,1.58513340573187e-07,1.4326114315258744e-05,2.613170259772425e-05,7.693294580578383e-06,0.0,2.8398276450664002e-19,1.8926339449445296e-32,2.2822379701765177e-33
4,adam,1049,1776.0,2736.3999999999996,3.602690760817309e-05,3.068096719397955e-05,1.1344343570922574e-07,1.3105162024078667e-05,1.7462361734191656e-05,5.345794207490037e-06,0.0,2.0011589611718965e-19,1.8477445402218285e-32,2.5491030382486338e-33
4,adam,1074,1776.0,2736.3999999999996,0.00011399026392303584,9.132562413913074e-05,3.868235481912814e-07,5.835197352294496e-05,3.2586827067994504e-05,2.266449336598333e-05,0.0,6.448380956851985e-19,1.741966880818571e-32,3.656671179775072e-33
4,adam,1099,1776.0,2736.3999999999996,3.0526785004974204e-05,2.6340079966903408e-05,9.921571488349083e-09,1.119891758792752e-05,1.5131240807487538e-05,4.186558425227667e-06,0.0,1.8886124472726954e-20,1.8255676245879546e-32,2.6898723580704264e-33
4,adam,1124,1776.0,2736.3999999999996,0.0004862236834694668,0.0003341223437815234,2.4286413571933427e-08,5.609711658405171e-05,0.00027800094078389977,0.00015210119284840708,0.0,3.3356241405152774e-20,2.2336133962696374e-32,1.386614815232935e-33
4,adam,1149,1776.0,2736.3999999999996,0.000544732397876786,0.0004376073210189415,1.894300110392916e-08,0.0003092827849830355,0.00012830559303480204,0.00010712492982828902,0.0,5.3252193836006805e-20,1.7972907731222955e-32,5.965583866680652e-33
4,adam,1174,1776.0,2736.3999999999996,9.886103218008618e-05,7.963378588070121e-05,4.373071764587135e-08,2.4491715053382912e-05,5.5098340109672434e-05,1.922709908657371e-05,0.0,6.496443294514361e-20,1.9702309829771816e-32,2.0161263025379266e-33
4,adam,1199,1776.0,2736.3999999999996,0.0005398041159475036,0.0005025155499973566,7.789932577442477e-07,0.0003830134062364666,0.00011872315050314584,3.728841832883605e-05,0.0,1.6739582668978317e-18,1.545660735534301e-32,2.245694463848658e-33
4,adam,1224,1776.0,2736.3999999999996,4.95526576778329e-05,3.5197570173253035e-05,1.470956463356324e-07,1.688714658374706e-05,1.816332794317034e-05,1.435493992724026e-05,0.0,2.1629965428879882e-19,1.8421719443748665e-32,2.4946394729430053e-33
4,adam,1249,1776.0,2736.3999999999996,2.572280714567289e-05,2.291906666522329e-05,2.5870439666279472e-08,1.1965983252709153e-05,1.092721297284786e-05,2.8035926821908565e-06,0.0,4.9373776124359333e-20,1.763213719882039e-32,2.5854530409615648e-33
4,adam,1274,1776.0,2736.3999999999996,2.258851891904258e-05,2.0588689054896596e-05,5.094390963853945e-09,9.771806270118229e-06,1.0811788393814515e-05,1.9996818525917956e-06,0.0,9.034526496201503e-21,1.7150932753106423e-32,2.657917790707528e-33
4,adam,1299,1776.0,2736.3999999999996,2.102415204688347e-05,1.9271136202115974e-05,3.4746097556526506e-09,8.735272231428647e-06,1.0532389360931675e-05,1.7528676610022852e-06,0.0,6.1776816142236604e-21,1.723954118973357e-32,2.635686219645523e-33
4,adam,1324,1776.0,2736.3999999999996,1.985332180745037e-05,1.8388190359810123e-05,3.4613325846070337e-09,8.20192149821318e-06,1.0182807529012338e-05,1.4649831089232916e-06,0.0,6.326974253811998e-21,1.7225752681549263e-32,2.6204042816698508e-33
4,adam,1349,1776.0,2736.3999999999996,1.8822173426130136e-05,1.7546258688867735e-05,3.6568517365675306e-09,7.733858138177224e-06,9.808743698953943e-06,1.2757662538357134e-06,0.0,6.637222354614403e-21,1.7217004205824363e-32,2.6148200714536274e-33
4,adam,1374,1776.0,2736.3999999999996,1.7880875339264453e-05,1.676218098468591e-05,3.798932147212748e-09,7.325992548299812e-06,9.432389504238888e-06,1.1185457346339227e-06,0.0,6.84238812811258e-21,1.7210401948074512e-32,2.6125798570391914e-33
4,adam,1399,1776.0,2736.3999999999996,1.7010877908437537e-05,1.6025452854752958e-05,3.827250388596281e-09,6.964580591813777e-06,9.057045012550585e-06,9.85276303477327e-07,0.0,6.831191058003157e-21,1.7203980421731067e-32,2.6098262753578273e-33
4,lbfgs,1400,1776.0,2736.3999999999996,1.7819914931076898e-05,1.6839305024893634e-05,3.851742296065953e-09,7.281377830105479e-06,9.554075452492089e-06,9.804611508814482e-07,0.0,7.077140092242736e-21,1.807497609024987e-32,2.5763616775205195e-33
4,lbfgs,1409,1776.0,2736.3999999999996,1.605105128586404e-05,1.5695308416046047e-05,4.3266358459205075e-09,7.102608657262275e-06,8.588373122937852e-06,3.5559407303616743e-07,0.0,8.014187665542063e-21,1.764633029342576e-32,2.5042981650867203e-33
4,lbfgs,1419,1776.0,2736.3999999999996,1.3251163045423397e-05,1.2569087169014629e-05,4.939738512273921e-09,4.602414201526032e-06,7.961733228976322e-06,6.819270053480474e-07,0.0,1.0606948175505295e-20,1.8197797250344915e-32,2.5451719740371e-33
4,lbfgs,1429,1776.0,2736.3999999999996,1.00784673883661e-05,9.833329552981554e-06,4.10430011668995e-09,3.388989747788098e-06,6.440235505076766e-06,2.449887668565659e-07,0.0,8.245130935681452e-21,1.7979700282448193e-32,2.5938444311643845e-33
4,lbfgs,1439,1776.0,2736.3999999999996,8.252863580567823e-06,8.100911597501299e-06,4.214938870251198e-09,3.359534338249921e-06,4.737162320381127e-06,1.5180281464422418e-07,0.0,7.612056300446802e-21,1.8009780269507625e-32,2.5274756223067333e-33
4,lbfgs,1449,1776.0,2736.3999999999996,6.380640544784426e-06,6.312399999244124e-06,3.95542587655193e-09,3.19343070615969e-06,3.1150138672078816e-06,6.809134430628824e-08,0.0,6.286845365955348e-21,1.8186716506329334e-32,2.491493412514767e-33
4,lbfgs,1459,1776.0,2736.3999999999996,5.507226958139753e-06,5.250493092912493e-06,4.369671918724126e-09,2.17214205883363e-06,3.073981362160139e-06,2.565845247079613e-07,0.0,7.525524416558774e-21,1.813465413709731e-32,2.517993722619738e-33
4,lbfgs,1469,1776.0,2736.3999999999996,4.35832672618066e-06,4.314151787961247e-06,2.857869038435466e-08,1.419267062377372e-06,2.86630603519952e-06,4.402555350624308e-08,0.0,5.646741684286432e-20,1.8661663918582425e-32,2.4498066707824285e-33
4,lbfgs,1479,1776.0,2736.3999999999996,3.8685962792545015e-06,3.828570419442243e-06,1.7064939226639352e-09,1.1315102496773982e-06,2.695353675842181e-06,3.987640590476437e-08,0.0,2.5640469141462894e-21,1.8498688922080726e-32,2.4890902554356675e-33
4,lbfgs,1489,1776.0,2736.3999999999996,3.422945838855198e-06,3.4143852255430468e-06,1.3798723659774353e-09,1.1040363837070962e-06,2.308968969469973e-06,8.4112304165539e-09,0.0,2.832113114352082e-21,1.8503779969497256e-32,2.4974649064055496e-33
4,lbfgs,1499,1776.0,2736.3999999999996,3.0224822462033972e-06,2.921289639987379e-06,6.575811844122159e-09,1.3585811941160816e-06,1.5561326340271756e-06,1.0104315976563501e-07,0.0,1.657733456965779e-20,1.86598676326344e-32,2.490467287599444e-33
4,lbfgs,1509,1776.0,2736.3999999999996,2.48453915209422e-06,2.4668070715508177e-06,1.0766885429977303e-09,1.7183285513949393e-06,7.474018316128806e-07,1.7582687407382672e-08,0.0,2.4133406341245146e-21,1.8486312589896886e-32,2.4933872624608695e-33
4,lbfgs,1519,1776.0,2736.3999999999996,1.6838083883909241e-06,1.6148842440515415e-06,5.058648923487746e-09,1.024443512118409e-06,5.853820830096447e-07,6.877467668222877e-08,0.0,1.4934187374052506e-20,1.850161545228311e-32,2.5036108377555214e-33
4,lbfgs,1529,1776.0,2736.3999999999996,1.2144193592553925e-06,1.2089077145260818e-06,5.783131279372258e-09,5.947692185982386e-07,6.08355364648471e-07,5.36220814353121e-09,0.0,1.4730119527029522e-20,1.8313363240611682e-32,2.501093104069453e-33
4,lbfgs,1539,1776.0,2736.3999999999996,1.3551206546022177e-06,1.2894333032623326e-06,6.43997076760905e-08,4.696094773306e-07,7.554241182556421e-07,6.553793017916042e-08,0.0,1.932251607643927e-19,1.8304094049944338e-32,2.4964363019104394e-33
4,lbfgs,1549,1776.0,2736.3999999999996,7.16499085084048e-07,6.970087610994368e-07,5.019112283023923e-09,3.6383766607901093e-07,3.2815198273740187e-07,1.934084024109605e-08,0.0,7.05367372352011e-21,1.821362706004418e-32,2.4679897155180244e-33
4,lbfgs,1559,1776.0,2736.3999999999996,6.742056742564718e-07,6.659617766479965e-07,1.8329240384323421e-09,3.270186789760039e-07,3.3711017363356023e-07,8.094440736760374e-09,0.0,3.747799659579419e-21,1.8201457178139845e-32,2.4758018154061766e-33
4,lbfgs,1569,1776.0,2736.3999999999996,6.313759359243564e-07,6.25810825351687e-07,1.4275877637722881e-08,3.0201910140043257e-07,3.095158463135316e-07,5.415628487277627e-09,0.0,1.887620481059474e-20,1.819458746306069e-32,2.4834761762444174e-33
4,lbfgs,1579,1776.0,2736.3999999999996,5.033081641921903e-07,4.781749971665874e-07,4.308383888155039e-08,1.7975173655558355e-07,2.5533942172945347e-07,2.4983638662592318e-08,0.0,4.8308314649224e-20,1.8236801739106582e-32,2.4780955507249394e-33
4,lbfgs,1589,1776.0,2736.3999999999996,3.9130927688994723e-07,3.759763918969829e-07,1.7225536023273477e-08,1.1816821464349886e-07,2.405826412302106e-07,1.5183314249514064e-08,0.0,4.056997769474572e-20,1.824841890892403e-32,2.487832654189569e-33
4,lbfgs,1599,1776.0,2736.3999999999996,3.7300646122570247e-07,3.579176163030582e-07,7.769457763199306e-09,1.280412878936332e-07,2.2210687064622573e-07,1.493927368383277e-08,0.0,1.9341014811721475e-20,1.825390298122006e-32,2.4905451891839878e-33
4,lbfgs,1609,1776.0,2736.3999999999996,3.715444456026685e-07,3.647101803768702e-07,1.9187286053975855e-09,1.4262299707231616e-07,2.2016845469915645e-07,6.684656416034468e-09,0.0,5.147632182460696e-21,1.826312930068691e-32,2.5019854718601565e-33
4,lbfgs,1619,1776.0,2736.3999999999996,3.198403642770865e-07,3.06325206613076e-07,6.851112345022993e-09,1.1917259716674427e-07,1.8030149710130868e-07,1.3365482165480023e-08,0.0,1.6463476477013402e-20,1.824983782487368e-32,2.4858655347750095e-33
4,lbfgs,1629,1776.0,2736.3999999999996,2.793889592983303e-07,2.620973082650031e-07,1.668261171283235e-08,1.0245856951681397e-07,1.429561270353568e-07,1.714195924147314e-08,0.0,3.8354610578388447e-20,1.8294373026249075e-32,2.4982863902209613e-33
4,lbfgs,1639,1776.0,2736.3999999999996,2.405920245650929e-07,2.346685110358527e-07,1.7750417513966993e-08,8.138781797510508e-08,1.3553027554678064e-07,5.7738118388037106e-09,0.0,4.395370317141387e-20,1.8272470695198575e-32,2.4904963342476304e-33
4,lbfgs,1649,1776.0,2736.3999999999996,1.993631860948075e-07,1.9463530154474351e-07,1.6691607086735143e-08,5.520235508243839e-08,1.2274133937556997e-07,4.57814270991534e-09,0.0,4.989698429281373e-20,1.8295833958293108e-32,2.492522308792552e-33
4,lbfgs,1659,1776.0,2736.3999999999996,1.7005779873606997e-07,1.6809700932735286e-07,6.413562929041197e-09,4.415662598827512e-08,1.1752682041003655e-07,1.811060013745398e-09,0.0,1.7761269044700957e-20,1.828252373088017e-32,2.4986142074481034e-33
4,lbfgs,1669,1776.0,2736.3999999999996,1.519364934556575e-07,1.4992006748870803e-07,2.472631495191352e-09,4.8680207807003904e-08,9.876722818651277e-08,1.866664828653943e-09,0.0,6.624164439744935e-21,1.8282846285179552e-32,2.4991472415853424e-33
4,lbfgs,1679,1776.0,2736.3999999999996,1.2653152544260561e-07,1.220700269302071e-07,1.4925543598253387e-09,5.690093975513656e-08,6.36765328152452e-08,4.3116195478703725e-09,0.0,3.3463226256152864e-21,1.8289729855453297e-32,2.4967360872623314e-33
4,lbfgs,1689,1776.0,2736.3999999999996,1.0965940437029962e-07,1.0661572548592265e-07,2.6872310953084276e-09,4.573561224659893e-08,5.8192882144015294e-08,2.893679719400881e-09,0.0,7.010251017982086e-21,1.829677298398687e-32,2.497574326578727e-33
4,lbfgs,1699,1776.0,2736.3999999999996,9.027555540056389e-08,8.759932889484329e-08,3.776159980695174e-09,3.9421666888576935e-08,4.4401502025571186e-08,2.5261130284154922e-09,0.0,1.0601134173150936e-20,1.827605239287091e-32,2.4945311256751482e-33
4,lbfgs,1709,1776.0,2736.3999999999996,8.17570988718174e-08,8.078474026253986e-08,3.5567529828990805e-09,3.745043655714991e-08,3.977755072249087e-08,8.22211357750932e-10,0.0,1.030549437924208e-20,1.8301847355813348e-32,2.490602802744987e-33
4,lbfgs,1719,1776.0,2736.3999999999996,7.563335829934375e-08,7.481694101151535e-08,2.2574701911831072e-09,3.2714741066857646e-08,3.984472975347459e-08,6.66244778160939e-10,0.0,6.083991760481214e-21,1.8313941818655544e-32,2.4903679129049463e-33
4,lbfgs,1729,1776.0,2736.3999999999996,6.087902857437648e-08,5.956899723089401e-08,3.103726651653668e-09,2.4804109661248344e-08,3.1661160917992e-08,1.1598346609454439e-09,0.0,8.303129013215123e-21,1.8324296046899815e-32,2.4943482029345024e-33
4,lbfgs,1739,1776.0,2736.3999999999996,4.825772689580605e-08,4.5124328187669413e-08,8.593295105174006e-10,2.066436086304324e-08,2.3600637814108774e-08,2.9833143201572862e-09,0.0,2.5041612576752787e-21,1.8309369858299288e-32,2.4887302765839532e-33
4,lbfgs,1749,1776.0,2736.3999999999996,4.3121218087989474e-08,4.263494016905063e-08,9.134650346142145e-10,2.073491190638944e-08,2.098656322804697e-08,3.3617710098573876e-10,0.0,2.6451961880623542e-21,1.8308737416132354e-32,2.489270106484559e-33
4,lbfgs,1759,1776.0,2736.3999999999996,4.1782358060436626e-08,4.149776509344338e-08,7.291250111527218e-10,1.9502610715898854e-08,2.1266029366391807e-08,1.3448598680265413e-10,0.0,2.2981808498093345e-21,1.830641430952015e-32,2.488151661135863e-33
4,lbfgs,1769,1776.0,2736.3999999999996,4.1664630348151245e-08,4.1377003252789537e-08,7.178938955925035e-10,1.9562524844607493e-08,2.109658451258954e-08,1.3751882883210743e-10,0.0,2.22586778993137e-21,1.830705738709314e-32,2.487776068539989e-33
4,lbfgs,1779,1776.0,2736.3999999999996,4.156873274820217e-08,4.127937518475201e-08,6.945165793615544e-10,1.9478817785377164e-08,2.1106040820013298e-08,1.392497131574252e-10,0.0,2.143161167570766e-21,1.830657023687699e-32,2.4879272362092518e-33
4,lbfgs,1789,1776.0,2736.3999999999996,4.148919878199499e-08,4.119723464783069e-08,6.902613190969836e-10,1.939091642519779e-08,2.1116056903535918e-08,1.418566951251736e-10,0.0,2.102735091637064e-21,1.8306285578777388e-32,2.4880356862436393e-33
4,lbfgs,1799,1776.0,2736.3999999999996,4.1423254055457975e-08,4.112598329230369e-08,6.853839828038414e-10,1.940245756709994e-08,2.103814174239991e-08,1.4716237322998266e-10,0.0,2.0861801172560138e-21,1.830725470131426e-32,2.487715139034676e-33
4,lbfgs,1809,1776.0,2736.3999999999996,4.134908793348206e-08,4.105337848451448e-08,6.697541899725113e-10,1.9332373279581277e-08,2.105125101496069e-08,1.4560164180249488e-10,0.0,2.0408812406409195e-21,1.830690772982739e-32,2.4878550770519828e-33
4,lbfgs,1819,1776.0,2736.3999999999996,4.1280193325716814e-08,4.098520540322895e-08,6.654614623288596e-10,1.9258932261533068e-08,2.1060811679367022e-08,1.448806889131399e-10,0.0,2.0131096923877474e-21,1.8306621630424813e-32,2.4879825059615854e-33
4,lbfgs,1829,1776.0,2736.3999999999996,4.122049663052488e-08,4.09221889113103e-08,6.595921437149631e-10,1.9276577177419298e-08,2.0986019590176042e-08,1.481996311931765e-10,0.0,1.9955957155995524e-21,1.8307507235719263e-32,2.4876952958322457e-33
4,lbfgs,1839,1776.0,2736.3999999999996,4.115187929180184e-08,4.085618044928222e-08,6.448556780254323e-10,1.921629579783046e-08,2.0995028973426323e-08,1.4559131020555558e-10,0.0,1.9551922868878826e-21,1.8307150526750108e-32,2.4878390577677395e-33
4,lbfgs,1849,1776.0,2736.3999999999996,4.108720278491765e-08,4.079335064029264e-08,6.404593616553241e-10,1.9152927806607786e-08,2.0999963472029526e-08,1.4374514432670213e-10,0.0,1.9299216676025853e-21,1.8306841767585888e-32,2.4879733000102804e-33
4,lbfgs,1859,1776.0,2736.3999999999996,4.1030710067736185e-08,4.073444496060881e-08,6.348397624667901e-10,1.9174196232469492e-08,2.0925408965672526e-08,1.4615724254797039e-10,0.0,1.9129565110585807e-21,1.8307679915542715e-32,2.4877005630710105e-33
4,lbfgs,1869,1776.0,2736.3999999999996,4.096547540347647e-08,4.067210098554708e-08,6.208551113342923e-10,1.9119557716677584e-08,2.093168815753521e-08,1.4326706982167619e-10,0.0,1.8755071437305883e-21,1.8307318846779423e-32,2.4878442300067017e-33
4,lbfgs,1879,1776.0,2736.3999999999996,4.090375501027798e-08,4.061254908064667e-08,6.16771253273e-10,1.906211501203874e-08,2.0933662815334932e-08,1.410990674555459e-10,0.0,1.8524968385070714e-21,1.8307000712556358e-32,2.487979193334197e-33
4,lbfgs,1889,1776.0,2736.3999999999996,4.084970347458304e-08,4.055652487760386e-08,6.118291032687733e-10,1.9084903640846742e-08,2.0859792133488345e-08,1.4307085888881864e-10,0.0,1.8373100718094213e-21,1.8307807787509504e-32,2.4877147686762922e-33
4,lbfgs,1899,1776.0,2736.3999999999996,4.078718665874212e-08,4.049687680397892e-08,5.985631465436249e-10,1.9033901050372062e-08,2.0864412607063232e-08,1.4020260140963187e-10,0.0,1.80230806307482e-21,1.8307446967227492e-32,2.4878565113924392e-33
4,lbfgs,1909,1776.0,2736.3999999999996,4.0727932705236036e-08,4.043979120670148e-08,5.948950596822954e-10,1.898032318669936e-08,2.0864572960319823e-08,1.3803469415495292e-10,0.0,1.7814299335792246e-21,1.8307125822995412e-32,2.4879898963210285e-33
4,lbfgs,1919,1776.0,2736.3999999999996,4.067596199112421e-08,4.0386086444130426e-08,5.907229684676867e-10,1.9003595021030484e-08,2.0791768454632256e-08,1.397678596785753e-10,0.0,1.7683196785892975e-21,1.8307909324179985e-32,2.4877313471140203e-33
4,lbfgs,1929,1776.0,2736.3999999999996,4.061579563232366e-08,4.0328652583862694e-08,5.781114837126958e-10,1.8955244922183972e-08,2.079529617796603e-08,1.3703581998768063e-10,0.0,1.7354382987000198e-21,1.8307550822559136e-32,2.487870518229273e-33
4,lbfgs,1939,1776.0,2736.3999999999996,4.0558696193151803e-08,4.02736001395169e-08,5.74849690851968e-10,1.8904500115495165e-08,2.079425033316977e-08,1.3498924393512476e-10,0.0,1.7164824332678298e-21,1.8307229430068124e-32,2.488001539332105e-33
4,lbfgs,1949,1776.0,2736.3999999999996,4.050855466055453e-08,4.022187794015579e-08,5.714243086238758e-10,1.8927771872902682e-08,2.072268175862923e-08,1.365690238706923e-10,0.0,1.7053717064291737e-21,1.830799342780831e-32,2.487747731262789e-33
4,lbfgs,1959,1776.0,2736.3999999999996,4.0450466191256504e-08,4.016635065297414e-08,5.593910257960229e-10,1.8881546698735088e-08,2.072541292844303e-08,1.3400827872079695e-10,0.0,1.6743411558783928e-21,1.8307638041743816e-32,2.4878841986912854e-33
4,lbfgs,1969,1776.0,2736.3999999999996,4.039527929508194e-08,4.011305151135427e-08,5.564900339746308e-10,1.8833072164549107e-08,2.0723489312830533e-08,1.3212091746765986e-10,0.0,1.6570769259306781e-21,1.8307317602129632e-32,2.488012672008274e-33
4,lbfgs,1979,1776.0,2736.3999999999996,4.034676666342899e-08,4.0063075830249334e-08,5.537503760874089e-10,1.8856114231823683e-08,2.065321122233824e-08,1.3358307817691648e-10,0.0,1.6477665092886683e-21,1.830806468178869e-32,2.4877629931404873e-33
4,lbfgs,1989,1776.0,2736.3999999999996,4.029053538305438e-08,4.000923098040249e-08,5.422214399220588e-10,1.881169464238804e-08,2.0655314898092397e-08,1.311970657203384e-10,0.0,1.6183560686104207e-21,1.830771266341994e-32,2.48789682657283e-33
4,lbfgs,1999,1776.0,2736.3999999999996,4.023706279484493e-08,3.9957482196310156e-08,5.396283418373899e-10,1.876514503442667e-08,2.0652708820046096e-08,1.294736329902196e-10,0.0,1.602564995071462e-21,1.8307393720725182e-32,2.4880227975483472e-33
4,lbfgs,2009,1776.0,2736.3999999999996,4.019001381039882e-08,3.990907224761779e-08,5.37504979481285e-10,1.878784188626603e-08,2.058372538187047e-08,1.3083370794426945e-10,0.0,1.594832600637375e-21,1.8308125738778478e-32,2.487776866400083e-33
4,lbfgs,2019,1776.0,2736.3999999999996,4.0135456500303976e-08,3.9856734842390444e-08,5.264146529410312e-10,1.8745010052343678e-08,2.0585310137105734e-08,1.2861420461143617e-10,0.0,1.5668451157853955e-21,1.8307777122949124e-32,2.487908203238319e-33
4,lbfgs,2029,1776.0,2736.3999999999996,4.008353296929706e-08,3.9806378712650324e-08,5.240794145129617e-10,1.870014751273867e-08,2.058215178539869e-08,1.2704715565605463e-10,0.0,1.5523324027007138e-21,1.8307459943270156e-32,2.4880317957866365e-33
4,lbfgs,2039,1776.0,2736.3999999999996,4.003780946060382e-08,3.975938873484768e-08,5.225051566587309e-10,1.8722436460275646e-08,2.05144471179133e-08,1.2831273594934428e-10,0.0,1.5459685211646916e-21,1.8308178346703215e-32,2.4877893427281797e-33
4,lbfgs,2049,1776.0,2736.3999999999996,3.998477237533491e-08,3.970841682363401e-08,5.117970576068541e-10,1.868102925038345e-08,2.0515590515643703e-08,1.2624794883352623e-10,0.0,1.5192360419526652e-21,1.830783308743307e-32,2.4879183342221826e-33
4,lbfgs,2059,1776.0,2736.3999999999996,3.9934258886473986e-08,3.965932569201167e-08,5.096757045714751e-10,1.8637674717677033e-08,2.051197526976316e-08,1.248259271770393e-10,0.0,1.5058326042047336e-21,1.8307517815714143e-32,2.488039691025711e-33
4,lbfgs,2069,1776.0,2736.3999999999996,3.9889744378272804e-08,3.961363456328359e-08,5.085891297860861e-10,1.8659519224668066e-08,2.0445526208829433e-08,1.2600166017811215e-10,0.0,1.500651403412264e-21,1.830822378875963e-32,2.487800507322658e-33
4,lbfgs,2079,1776.0,2736.3999999999996,3.983809752296479e-08,3.956391037848921e-08,4.982157024278335e-10,1.861940671084886e-08,2.0446287965212515e-08,1.2407936364112246e-10,0.0,1.4750310483480558e-21,1.8307881813855562e-32,2.4879272984670315e-33
4,lbfgs,2089,1776.0,2736.3999999999996,3.978887628991645e-08,3.9515978352387035e-08,4.962708154658546e-10,1.8577417334050573e-08,2.044229020287061e-08,1.2279047752469876e-10,0.0,1.4625919052139388e-21,1.8307568538740594e-32,2.48804655852776e-33
4,lbfgs,2099,1776.0,2736.3999999999996,3.974547191635893e-08,3.947148354484591e-08,4.956170608300091e-10,1.8598795105124168e-08,2.0377071378891734e-08,1.2388002593878896e-10,0.0,1.4584326641283359e-21,1.8308263077621176e-32,2.487810473038613e-33
4,lbfgs,2109,1776.0,2736.3999999999996,3.96951046348905e-08,3.942290796693304e-08,4.855384977536974e-10,1.855986989813304e-08,2.03774995710463e-08,1.2208868478667968e-10,0.0,1.433802861237086e-21,1.830792430963633e-32,2.487935196141576e-33
4,lbfgs,2119,1776.0,2736.3999999999996,3.96470751985991e-08,3.937604583671104e-08,4.837387526771983e-10,1.8519127683662433e-08,2.0373179400371415e-08,1.2092168647875773e-10,0.0,1.4222043914907083e-21,1.8307613090662347e-32,2.488052487286324e-33
4,lbfgs,2129,1776.0,2736.3999999999996,3.9604696497952967e-08,3.9332659488450025e-08,4.834692898592852e-10,1.8540025045962344e-08,2.0309165152628395e-08,1.2192845103325825e-10,0.0,1.4189296100700225e-21,1.830829704663725e-32,2.4878193548505285e-33
5,adam,0,2736.3999999999996,4080.959999999999,0.10882851814689475,0.08162138854056061,0.00027777775039927656,0.058807600119437316,0.022536010670724027,0.027207129513520206,0.0,1.4822706702059957e-16,1.9600204540579973e-30,2.499999999999994e-31
5,adam,24,2736.3999999999996,4080.959999999999,0.02577549110499349,0.012274715685045578,9.544346947597775e-05,0.007935000815399105,0.004244271400170496,0.01350077532556637,0.0,1.7531980064530522e-17,2.787921638912016e-31,4.750892174690195e-32
5,adam,49,2736.3999999999996,4080.959999999999,0.02031024073054879,0.007373954296612129,2.1984906002010345e-05,0.0047443335292885105,0.0026076358613216087,0.012936286336981203,0.0,1.3698803786116688e-18,1.7577206272073705e-31,2.8943575662750554e-32
5,adam,74,2736.3999999999996,4080.959999999999,0.017616114258908987,0.0051400951561113295,2.221097107970632e-06,0.0033149226601659524,0.0018229513988374066,0.012476019002409746,0.0,2.281368406752799e-19,1.2533913626070334e-31,2.0497271996811215e-32
5,adam,99,2736.3999999999996,4080.959999999999,0.01636434450814958,0.0044026648856423855,8.977090577860325e-07,0.0028776175788799907,0.0015241495977046087,0.01196167951875688,0.0,1.0358480878774311e-19,1.010292704796789e-31,1.8150363580835392e-32
5,adam,124,2736.3999999999996,4080.959999999999,0.015483936976430017,0.003947000038022507,4.092882703913506e-07,0.002600677228530804,0.0013459135212213116,0.011536936831973738,0.0,4.3726075332478056e-20,8.80249643658472e-32,1.628291434083365e-32
5,adam,149,2736.3999999999996,4080.959999999999,0.014101232229909175,0.0032109761288150723,1.0559901421790017e-06,0.0021118822883417075,0.001098037850331186,0.01089025599170062,0.0,1.8220198549477958e-19,7.659031716662954e-32,1.3577144657147933e-32
5,adam,174,2736.3999999999996,4080.959999999999,0.01170037130814057,0.0020233251277356826,2.328868988588856e-06,0.0012704411433342006,0.0007505551154128933,0.009677046066983695,0.0,3.8064061229269283e-19,6.151761664503239e-32,8.922495282669133e-33
5,adam,199,2736.3999999999996,4080.959999999999,0.009762857025512519,0.0014483189799204355,3.6373001880586614e-07,0.000947415331839919,0.0005005399180617106,0.008314537928977602,0.0,5.675246694945367e-20,5.149794639212046e-32,7.50587631895347e-33
5,adam,224,2736.3999999999996,4080.959999999999,0.008126743751994984,0.001030764870545246,1.763647318085851e-07,0.0006864265592506958,0.0003441619465627414,0.007095978761338256,0.0,4.0170575012418614e-20,4.2517549898508296e-32,6.35761897591163e-33
5,adam,249,2736.3999999999996,4080.959999999999,0.006908757358759576,0.0008380742864268942,1.9157653779108082e-07,0.0005850709291251949,0.00025281178076390825,0.006070682948957099,0.0,4.476280455206087e-20,3.8162600493390854e-32,5.319514280123102e-33
5,adam,274,2736.3999999999996,4080.959999999999,0.0058477016282883635,0.0006790917289513336,1.2828358556351325e-07,0.0004638503489255596,0.0002151130964402105,0.0051686097733566,0.0,3.230867216379528e-20,3.461366166002481e-32,4.845600574019559e-33
5,adam,299,2736.3999999999996,4080.959999999999,0.005303579620358297,0.0007518787605316357,2.0515320013325858e-07,0.0006053633354965788,0.00014631027183492368,0.004551700731374891,0.0,5.027741444408875e-20,3.470873546921548e-32,4.171075960153357e-33
5,adam,324,2736.3999999999996,4080.959999999999,0.004459368548998449,0.000636809717415243,1.7172103583980953e-07,0.00034820720074496715,0.000288430795634436,0.003822558701381066,0.0,5.430366588277448e-20,2.948838471718755e-32,3.6273634259840886e-33
5,adam,349,2736.3999999999996,4080.959999999999,0.0037733566969874975,0.0004900102693600152,1.4240686379241488e-07,0.00028334868877860175,0.0002065191737176211,0.003283346295716655,0.0,4.463779741253342e-20,2.8309973845331204e-32,3.779206236360364e-33
5,adam,374,2736.3999999999996,4080.959999999999,0.0032285790807052694,0.00041155311893442345,1.314335964101566e-07,0.000252927985922137,0.00015849369941587626,0.002817025827890739,0.0,4.096307588072106e-20,2.742255787840084e-32,3.633929559237895e-33
5,adam,399,2736.3999999999996,4080.959999999999,0.0027725021656012953,0.0003599474003646026,1.388971961612011e-07,0.00021760218508865491,0.00014220631807978644,0.002412554629358048,0.0,3.822015378388443e-20,2.601312986106751e-32,3.5397613223125406e-33
5,adam,424,2736.3999999999996,4080.959999999999,0.002838919904661095,0.0005367499728264654,1.3620616993997713e-07,0.0004106889064225183,0.0001259248602340072,0.0023021697940731815,0.0,3.111561473595259e-20,2.3308304560068424e-32,3.931319043543604e-33
5,adam,449,2736.3999999999996,4080.959999999999,0.002122567082688663,0.0003417984894671642,1.138853331147308e-07,0.0001775873077977294,0.00016409729633632008,0.0017807684541865341,0.0,2.5747022885867318e-20,2.0096059824940175e-32,3.360259182107068e-33
5,adam,474,2736.3999999999996,4080.959999999999,0.0017961078753056044,0.0002633678958108282,1.2394039355456404e-07,0.00013783565076298272,0.00012540830465429092,0.0015327398391061396,0.0,3.321654450350331e-20,2.0791010695078674e-32,3.1988813231002524e-33
5,adam,499,2736.3999999999996,4080.959999999999,0.0015471724472062595,0.00022912807901776644,1.1784508685952878e-07,0.00012053389971095426,0.00010847633421995264,0.0013180442263385106,0.0,3.089132821147838e-20,2.0252245326523573e-32,3.102475702549243e-33
5,adam,524,2736.3999999999996,4080.959999999999,0.0013387489664232117,0.0002048480879499824,1.0758556604156152e-07,0.00011081039168991243,9.393011069402841e-05,0.0011339007351429888,0.0,2.5318441715056178e-20,2.0296062941779915e-32,2.4337474965740352e-33
5,adam,549,2736.3999999999996,4080.959999999999,0.001154311914393407,0.00018450826096862415,1.0189695685896874e-07,9.689946915834844e-05,8.750689485341676e-05,0.0009698035087331537,0.0,2.3420647767623105e-20,1.8379275072420816e-32,2.8727225667844864e-33
5,adam,574,2736.3999999999996,4080.959999999999,0.0015829742564654199,0.0006893443898676104,2.2230668796488306e-07,0.00044549185108747795,0.00024363023209216758,0.0008936297203814727,0.0,5.1329945637649516e-20,2.0805246366718148e-32,1.373553124712791e-33
5,adam,599,2736.3999999999996,4080.959999999999,0.0010432759399385616,0.000305296934038093,2.5536894239083886e-07,0.00017352122554459802,0.00013152033955110415,0.000737978859211918,0.0,4.110291740505636e-20,1.5702581042691623e-32,3.1876755592401884e-33
5,adam,624,2736.3999999999996,4080.959999999999,0.0007909472381755832,0.0001568257348548591,1.4388281447863024e-07,7.439743528605407e-05,8.22844167543264e-05,0.00063412135567035,0.0,3.728094023618372e-20,2.1324335547353897e-32,2.5700282982021426e-33
5,adam,649,2736.3999999999996,4080.959999999999,0.0006737234140682295,0.00013458011694925405,6.083113296268672e-08,5.862005284840511e-05,7.589923296788626e-05,0.0005391431483324743,0.0,1.563268596609669e-20,2.0966040371376006e-32,2.5676345208863842e-33
5,adam,674,2736.3999999999996,4080.959999999999,0.0005760216590597896,0.0001192343269295433,4.83724242501923e-08,5.16864043672413e-05,6.74995501380518e-05,0.00045678718218725595,0.0,9.907880645355026e-21,2.0300169318386863e-32,2.469321982500247e-33
5,adam,699,2736.3999999999996,4080.959999999999,0.0005553519897378587,0.00015020745929441358,4.382836797466572e-08,6.0187167664104475e-05,8.997646326233444e-05,0.00040514437940281393,0.0,7.781464558414722e-21,2.1472673162450243e-32,1.9583437824068526e-33
5,adam,724,2736.3999999999996,4080.959999999999,0.0004359406423108653,0.0001085537490864623,3.21963965806659e-08,5.2008340812408474e-05,5.6513211877473146e-05,0.00032738674116303506,0.0,5.9618656833267155e-21,1.889025802915631e-32,2.5363892013635233e-33
5,adam,749,2736.3999999999996,4080.959999999999,0.0003716821030436596,9.792843270233691e-05,3.047129401459241e-08,4.619838574593167e-05,5.1699575662390634e-05,0.000273753517318725,0.0,5.58847703045423e-21,1.8763019483990623e-32,2.2981964130297396e-33
5,adam,774,2736.3999999999996,4080.959999999999,0.0003285632055116118,9.518518044482727e-05,3.0079658462947133e-08,3.614663795254385e-05,5.900846283382047e-05,0.00023337787116580944,0.0,5.409191279863622e-21,1.921642892987788e-32,1.9435495433555093e-33
5,adam,799,2736.3999999999996,4080.959999999999,0.00028216173534022237,8.30706024278766e-05,2.834694794632294e-08,3.648168036219676e-05,4.6560575117733515e-05,0.00019909097817698813,0.0,5.684123710417946e-21,1.861973874523045e-32,2.171255741864834e-33
5,adam,824,2736.3999999999996,4080.959999999999,0.0002952908957837732,0.00010923390518810882,2.9051333544879503e-08,4.139346974572635e-05,6.78113841088376e-05,0.0001860568351246569,0.0,6.066208876324747e-21,1.6856017481002602e-32,1.6396630097214487e-33
5,adam,849,2736.3999999999996,4080.959999999999,0.00038822573422333097,0.000244878631118451,5.8317026112648156e-08,8.201529794677619e-05,0.00016280501614556215,0.00014334694694728145,0.0,1.00599144304942e-20,1.6570173690384792e-32,1.0773331870004449e-33
5,adam,874,2736.3999999999996,4080.959999999999,0.00019465403235264665,7.414892353846373e-05,3.8681915772319306e-08,1.932360084156721e-05,5.478664078112421e-05,0.00012050495210777474,0.0,1.0629442151908036e-20,1.5061858677555555e-32,2.0727375676503937e-33
5,adam,899,2736.3999999999996,4080.959999999999,0.003049752135013041,0.0027498017259928046,1.5361862954133608e-07,0.0012979391919094954,0.001451708915453768,0.0002999502508536568,0.0,1.8433701612265317e-20,1.8388662042966605e-32,1.3042479246018442e-33
5,adam,924,2736.3999999999996,4080.959999999999,0.0004868000881329177,0.00038215910799193763,5.650614804601312e-07,0.00017194932993966098,0.0002096447165718165,0.00010464082263435846,0.0,7.205692974908975e-20,1.257747838510606e-32,2.3286526636585896e-33
5,adam,949,2736.3999999999996,4080.959999999999,0.00023258848097609062,0.00013695143722307015,9.05982935755599e-08,7.118269925978924e-05,6.567813966970534e-05,9.563688577434475e-05,0.0,2.695686000339377e-20,1.6465233335365436e-32,2.495227112718148e-33
5,adam,974,2736.3999999999996,4080.959999999999,0.00019361843983664692,0.00011774864514595831,4.538810533107854e-08,5.345758350268323e-05,6.424567353794401e-05,7.586963613378699e-05,0.0,1.3473417683779918e-20,1.5845695983475336e-32,2.544490863448615e-33
5,adam,999,2736.3999999999996,4080.959999999999,0.0001684404647923191,0.00010383983358574238,3.757418434792286e-08,4.494824806215267e-05,5.8854011339241784e-05,6.460047210606777e-05,0.0,1.0430258304055563e-20,1.5583253862068852e-32,2.4777053846766325e-33
5,adam,1024,2736.3999999999996,4080.959999999999,0.00014942308626951953,9.41595546805508e-05,3.059702723644613e-08,4.069290486726532e-05,5.343605278604903e-05,5.526337196881984e-05,0.0,7.748818549915607e-21,1.7989549017209714e-32,2.611397722733563e-33
5,adam,1049,2736.3999999999996,4080.959999999999,0.00012956002072861658,8.234032452261373e-05,2.658575662511639e-08,3.6169194642616795e-05,4.6144544123371804e-05,4.721953607410014e-05,0.0,5.9407750829812995e-21,1.778714048698775e-32,2.5515173446061788e-33
5,adam,1074,2736.3999999999996,4080.959999999999,0.00011274177337233888,7.23660507215071e-05,2.3586522026613432e-08,3.2064268159175566e-05,4.027819604030492e-05,4.0375562015410656e-05,0.0,4.7886681299561686e-21,1.7636398141181914e-32,2.5031804165998264e-33
5,adam,1099,2736.3999999999996,4080.959999999999,9.941315889554335e-05,6.487643330883474e-05,2.063609573138768e-08,2.893907674199418e-05,3.591672047110918e-05,3.4536564466836306e-05,0.0,3.932795572409554e-21,1.7502556037876937e-32,2.4586355158318063e-33
5,adam,1124,2736.3999999999996,4080.959999999999,8.920952905778496e-05,5.964590209322247e-05,1.7577699556585512e-08,2.6628894991840452e-05,3.299942940182543e-05,2.9563465386221427e-05,0.0,3.2420922529739395e-21,1.7393836275015542e-32,2.4226296845026574e-33
5,adam,1149,2736.3999999999996,4080.959999999999,8.123605488072084e-05,5.5911331664235817e-05,1.4675365719449322e-08,2.48989904620758e-05,3.099766583644057e-05,2.5324561207434243e-05,0.0,2.679393510783842e-21,1.731154996515457e-32,2.3961562938368053e-33
5,adam,1174,2736.3999999999996,4080.959999999999,7.463323636696493e-05,5.291701353823459e-05,1.221167637634737e-08,2.3485357685300435e-05,2.9419444176557806e-05,2.171606041385433e-05,0.0,2.256032375382242e-21,1.725176619446078e-32,2.3783905454706926e-33
5,adam,1199,2736.3999999999996,4080.959999999999,6.885100798689232e-05,5.0204997418581615e-05,1.0329487208960693e-08,2.222430380578671e-05,2.7970364125585944e-05,1.8645847767190618e-05,0.0,1.975782593332401e-21,1.7209006638889906e-32,2.3669222734536828e-33
5,adam,1224,2736.3999999999996,4080.959999999999,6.054289633131904e-05,4.6234601651748955e-05,8.484566151375918e-09,2.091655527757542e-05,2.530956180802216e-05,1.4308131498942378e-05,0.0,1.5978643780663113e-21,1.517109300207487e-32,2.2839034056624284e-33
5,adam,1249,2736.3999999999996,4080.959999999999,5.5917107263780804e-05,4.405477167135081e-05,7.755835020614334e-09,1.9229584181748848e-05,2.481743165458135e-05,1.1862172060407464e-05,0.0,1.5429869023275976e-21,1.5066980321969903e-32,2.2789171591239635e-33
5,adam,1274,2736.3999999999996,4080.959999999999,5.1713907825778626e-05,4.161609374741602e-05,7.372001490792216e-09,1.8243431660038705e-05,2.3365290085886526e-05,1.0097650213849353e-05,0.0,1.5663432280978649e-21,1.503060700195146e-32,2.2670095774543997e-33
5,adam,1299,2736.3999999999996,4080.959999999999,4.782353485430208e-05,3.914138166513176e-05,7.305712047687756e-09,1.7130352022053258e-05,2.2003723931030813e-05,8.68198900413996e-06,0.0,1.6555878835570519e-21,1.4997973823658834e-32,2.2591990453985468e-33
5,adam,1324,2736.3999999999996,4080.959999999999,4.420369888140242e-05,3.6727213654495614e-05,7.4384267526847906e-09,1.6081929196808555e-05,2.063784603093437e-05,7.47632073009486e-06,0.0,1.7766101349843798e-21,1.4968636899313088e-32,2.251016937733502e-33
5,adam,1349,2736.3999999999996,4080.959999999999,4.082536010425738e-05,3.4369448876407306e-05,7.680821585644044e-09,1.505147508906318e-05,1.9310292965758484e-05,6.455746427374897e-06,0.0,1.9069947069324658e-21,1.493896838160364e-32,2.2427309742767512e-33
5,adam,1374,2736.3999999999996,4080.959999999999,3.766796961143152e-05,3.2073792589300916e-05,7.967140745932909e-09,1.4050233411977229e-05,1.8015592036577758e-05,5.594011925616121e-06,0.0,2.0325903696017e-21,1.4910017320677086e-32,2.2341690465384668e-33
5,adam,1399,2736.3999999999996,4080.959999999999,3.528014958432467e-05,3.0327379396445564e-05,4.829169941328504e-07,1.3081777932825416e-05,1.6762684469487297e-05,4.952604802635792e-06,0.0,8.369366556780322e-20,1.4881958655588363e-32,2.2253035195052868e-33
5,lbfgs,1400,2736.3999999999996,4080.959999999999,3.4508493135480525e-05,2.9529546316942058e-05,8.580967471829461e-07,1.2585477391293464e-05,1.608597217846565e-05,4.9787814219994946e-06,0.0,1.6320910680611535e-19,1.5418711754282475e-32,2.2582309664172427e-33
5,lbfgs,1409,2736.3999999999996,4080.959999999999,3.2059712137408985e-05,2.7860803682772877e-05,3.879218984792268e-07,1.1800900270971341e-05,1.5671981513322308e-05,4.198743033364324e-06,0.0,6.793332938822662e-20,1.5524423344687844e-32,2.179654065376655e-33
5,lbfgs,1419,2736.3999999999996,4080.959999999999,2.1430902833757787e-05,2.1198778561525525e-05,3.448332911955282e-07,6.642720464914541e-06,1.4211224805415455e-05,2.3195850878220542e-07,0.0,1.0749748513495135e-19,1.5025730281086226e-32,2.2575043589917096e-33
5,lbfgs,1429,2736.3999999999996,4080.959999999999,1.4781509963750286e-05,1.4334815015146599e-05,4.5624775267609844e-07,2.9017728822337197e-06,1.0976794380236781e-05,4.465285884541435e-07,0.0,1.427608476391543e-19,1.5386967632310414e-32,2.2832694481532363e-33
5,lbfgs,1439,2736.3999999999996,4080.959999999999,9.425801886066841e-06,9.065652167826476e-06,1.4717862526960846e-07,4.757789540916209e-06,4.160684001640659e-06,3.5998290165385106e-07,0.0,5.0651142093208973e-20,1.5577221945607293e-32,2.194197427140892e-33
5,lbfgs,1449,2736.3999999999996,4080.959999999999,6.296310536326684e-06,6.125065058277701e-06,6.904856347780745e-08,3.1136594211686036e-06,2.94235707363129e-06,1.7107803845425845e-07,0.0,1.8090273306692838e-20,1.5178685512201887e-32,2.165003783282685e-33
5,lbfgs,1459,2736.3999999999996,4080.959999999999,5.5698726155611594e-06,5.313495044271035e-06,6.140131923516423e-08,2.3262353309442794e-06,2.9258583940915917e-06,2.5620997146654976e-07,0.0,2.005789497256208e-20,1.5305478594734895e-32,2.12587342452755e-33
5,lbfgs,1469,2736.3999999999996,4080.959999999999,4.652097009914519e-06,4.485592315851615e-06,3.10783161587224e-08,1.1733932596492028e-06,3.281120740043689e-06,1.663371294394082e-07,0.0,9.79178946041118e-21,1.541574824827886e-32,2.1844107004573175e-33
5,lbfgs,1479,2736.3999999999996,4080.959999999999,3.923718351685547e-06,3.852269259185828e-06,1.1558598387605819e-08,1.2242363528210142e-06,2.6164743079772083e-06,7.128120269129617e-08,0.0,1.9619066563566507e-21,1.541651792131351e-32,2.153543660291399e-33
5,lbfgs,1489,2736.3999999999996,4080.959999999999,2.4172285275737807e-06,2.193957158631587e-06,3.0870171707049234e-08,1.1318337672686995e-06,1.0312532196558383e-06,2.2310362810480893e-07,0.0,6.538590308995995e-21,1.5545591623520109e-32,2.1340660491644847e-33
5,lbfgs,1499,2736.3999999999996,4080.959999999999,1.6802056245425878e-06,1.6598508790775054e-06,1.7475352316302612e-08,1.0487338423560414e-06,5.936416844051613e-07,2.0187181506297323e-08,0.0,4.891304226466028e-21,1.566019536941614e-32,2.1513486241458017e-33
5,lbfgs,1509,2736.3999999999996,4080.959999999999,1.4148472829240682e-06,1.4085962882503423e-06,1.5279156585480463e-08,8.112297488734822e-07,5.820873827913798e-07,6.083285328860601e-09,0.0,3.4998477326362525e-21,1.5674967074994e-32,2.126412682768129e-33
5,lbfgs,1519,2736.3999999999996,4080.959999999999,1.0972220821649297e-06,1.074128789346131e-06,1.64624960011475e-08,6.393611010793204e-07,4.183051922656632e-07,2.2925706007838938e-08,0.0,6.269786279797607e-21,1.56488358113407e-32,2.144729991624544e-33
5,lbfgs,1529,2736.3999999999996,4080.959999999999,7.483969850437305e-07,7.413246866746213e-07,1.1941377839202267e-08,4.5273045006671427e-07,2.766528587687047e-07,6.904552920044865e-09,0.0,3.967268468716247e-21,1.5637515044678815e-32,2.102963639987318e-33
5,lbfgs,1539,2736.3999999999996,4080.959999999999,6.80790849468966e-07,6.767267480527814e-07,6.68396019621904e-09,3.2365439348802345e-07,3.463883943685389e-07,3.896370677491532e-09,0.0,1.2567616686894082e-21,1.5560304300728414e-32,2.1093056811552453e-33
5,lbfgs,1549,2736.3999999999996,4080.959999999999,6.057531068429705e-07,6.037191755442728e-07,1.2062953522755666e-08,2.415841385574884e-07,3.5007208346402873e-07,1.8662164416691356e-09,0.0,4.472856804334393e-21,1.5645278124774594e-32,2.103415589624862e-33
5,lbfgs,1559,2736.3999999999996,4080.959999999999,5.366286435699903e-07,5.294867476374093e-07,2.5680947477515522e-08,1.6710406985590064e-07,3.367017303039931e-07,6.974167214612976e-09,0.0,9.27314727207151e-21,1.5618421999861026e-32,2.0957286092331953e-33
5,lbfgs,1569,2736.3999999999996,4080.959999999999,5.111320421450065e-07,5.069575052412031e-07,1.868879639171713e-08,1.5995163810113096e-07,3.2831707074835496e-07,4.006844477497961e-09,0.0,7.304611149538028e-21,1.5615527031791106e-32,2.107660116708015e-33
5,lbfgs,1579,2736.3999999999996,4080.959999999999,4.105404003091233e-07,3.964917316245807e-07,1.873182523055004e-08,1.4987718591418055e-07,2.278827204798501e-07,1.38809759130499e-08,0.0,3.4855944851142475e-21,1.565105487578073e-32,2.102856344918395e-33
5,lbfgs,1589,2736.3999999999996,4080.959999999999,3.4573775741204626e-07,3.444641997987121e-07,3.7081937874334644e-09,1.5485553784872477e-07,1.8590046816255385e-07,1.1058676812106645e-09,0.0,8.225690261141545e-22,1.5624822342915477e-32,2.1041036797898694e-33
5,lbfgs,1599,2736.3999999999996,4080.959999999999,3.162863486478734e-07,3.142646482918223e-07,2.762572196336839e-09,1.3456885378098822e-07,1.7693322231449724e-07,1.8539834228243592e-09,0.0,6.0453332742307355e-22,1.56515068428703e-32,2.1053461633675052e-33
5,lbfgs,1609,2736.3999999999996,4080.959999999999,2.970680844513495e-07,2.9618246055820697e-07,1.9134508327271206e-09,1.1200223522785436e-07,1.8226677449762548e-07,7.179614764806686e-10,0.0,5.894620815577211e-22,1.564841853590949e-32,2.1122411234008407e-33
5,lbfgs,1619,2736.3999999999996,4080.959999999999,2.7190472942968006e-07,2.643205888418688e-07,2.804132896475322e-09,8.889654499144962e-08,1.7261991095394387e-07,7.4164513173005065e-09,0.0,7.075505680033403e-22,1.56273636404276e-32,2.1075854840026678e-33
5,lbfgs,1629,2736.3999999999996,4080.959999999999,2.3230302075706302e-07,2.2658654146992664e-07,2.3911320120682248e-09,6.667820506473018e-08,1.5751720439312823e-07,5.548833441902662e-09,0.0,7.667597813102724e-22,1.5649545713611768e-32,2.1076434440036725e-33
5,lbfgs,1639,2736.3999999999996,4080.959999999999,2.2136981500914488e-07,2.1771441524697245e-07,2.1033193100007847e-09,7.714802170281902e-08,1.3846307423415264e-07,3.4877530360134874e-09,0.0,5.200394510113693e-22,1.5640524732613259e-32,2.1102094073468972e-33
5,lbfgs,1649,2736.3999999999996,4080.959999999999,2.127640448824621e-07,2.0892742825705371e-07,1.2731914878767172e-09,7.620506883623456e-08,1.3144916793294244e-07,3.66895305470125e-09,0.0,3.6428482332139054e-22,1.5624445552635717e-32,2.10860521340326e-33
5,lbfgs,1659,2736.3999999999996,4080.959999999999,1.6186846222344426e-07,1.599288444094645e-07,1.135347597828213e-08,6.483556112195969e-08,8.373980730922269e-08,1.771957779232523e-09,0.0,3.3553678087557342e-21,1.5634977662125057e-32,2.1083626119222747e-33
5,lbfgs,1669,2736.3999999999996,4080.959999999999,1.4530717359867763e-07,1.425696129072011e-07,7.953270073338078e-09,6.251866768927608e-08,7.209767514458695e-08,2.569876831179005e-09,0.0,3.2233454568253864e-21,1.5613337442531634e-32,2.1067698814142667e-33
5,lbfgs,1679,2736.3999999999996,4080.959999999999,1.3172339963386754e-07,1.2807438166687356e-07,4.04433522877256e-09,5.5540425223354296e-08,6.848962121474672e-08,3.481327892055064e-09,0.0,1.342744420681845e-21,1.561572978968767e-32,2.1066830939819535e-33
5,lbfgs,1689,2736.3999999999996,4080.959999999999,1.2341041854368938e-07,1.220328507753216e-07,3.335041719695057e-09,5.342727893306196e-08,6.52705301225646e-08,1.209872994172697e-09,0.0,1.256927891478511e-21,1.5611193257812433e-32,2.108225707289706e-33
5,lbfgs,1699,2736.3999999999996,4080.959999999999,1.1760935466706747e-07,1.1667732994751097e-07,1.8332999072158266e-09,5.107804088623076e-08,6.376598915406438e-08,7.643285916433837e-10,0.0,5.9619800907768975e-22,1.5621623798078474e-32,2.1103092847484426e-33
5,lbfgs,1709,2736.3999999999996,4080.959999999999,1.0818223048643076e-07,1.067010939634177e-07,3.5330627010137907e-09,3.865289206738702e-08,6.451513919501689e-08,1.3134157235614832e-09,0.0,1.4615660425154724e-21,1.5622611154625133e-32,2.109699520213736e-33
5,lbfgs,1719,2736.3999999999996,4080.959999999999,1.0619534206483524e-07,1.0440577009884066e-07,3.572751890591485e-09,3.738083292487728e-08,6.34521852833719e-08,1.6218497503317365e-09,0.0,1.4750797415870911e-21,1.5617348963882953e-32,2.107689459494046e-33
5,lbfgs,1729,2736.3999999999996,4080.959999999999,1.0083498389511178e-07,1.0004975143893573e-07,2.2235687564000577e-09,3.497392678364886e-08,6.28522558988868e-08,6.175149487592502e-10,0.0,9.525147896341619e-22,1.5623355222636488e-32,2.1089994492876975e-33
5,lbfgs,1739,2736.3999999999996,4080.959999999999,8.486339073612656e-08,8.324076876721385e-08,1.3891963142838235e-09,2.4316653396872676e-08,5.7534919056057345e-08,1.4548583954435362e-09,0.0,4.764673212784906e-22,1.562357648893648e-32,2.1078919675376675e-33
5,lbfgs,1749,2736.3999999999996,4080.959999999999,7.947537599525124e-08,7.813931297354254e-08,2.707957153113046e-09,2.1814071082451774e-08,5.361728473797772e-08,1.1682883464409373e-09,0.0,1.0038015810709014e-21,1.563701030306394e-32,2.1072838711819942e-33
5,lbfgs,1759,2736.3999999999996,4080.959999999999,7.201769268316637e-08,7.002500099858418e-08,2.5033272173195803e-09,2.377683908362266e-08,4.3744834697641944e-08,1.824888391018583e-09,0.0,9.309189385613895e-22,1.5641340506238e-32,2.1047379666148934e-33
5,lbfgs,1769,2736.3999999999996,4080.959999999999,6.306658585384764e-08,6.138769617765398e-08,5.108904017264104e-10,2.1470026907871305e-08,3.9406778868056264e-08,1.5110617813695714e-09,0.0,1.6398388988931368e-22,1.563844761342592e-32,2.1037172774521814e-33
5,lbfgs,1779,2736.3999999999996,4080.959999999999,6.005367918860798e-08,5.935942373019256e-08,4.2016022596887835e-10,2.0207420189304934e-08,3.873184331491875e-08,5.264295577127555e-10,0.0,1.2316866404856451e-22,1.5640145218242012e-32,2.103662330126765e-33
5,lbfgs,1789,2736.3999999999996,4080.959999999999,5.977716373648806e-08,5.9048943748490345e-08,4.0710156332234275e-10,2.0260179682175952e-08,3.838166250299205e-08,5.603904873479526e-10,0.0,1.2304366749045847e-22,1.5637122335191992e-32,2.1038235388865765e-33
5,lbfgs,1799,2736.3999999999996,4080.959999999999,5.962568234283302e-08,5.8876615826834095e-08,4.161758708172673e-10,2.0211125410640526e-08,3.8249314545376306e-08,5.812375576694944e-10,0.0,1.284692686416027e-22,1.5637934677502683e-32,2.103815333844856e-33
5,lbfgs,1809,2736.3999999999996,4080.959999999999,5.955296235331089e-08,5.877785238047654e-08,4.163677708538671e-10,2.0180649320222517e-08,3.818083528940015e-08,6.072813479790588e-10,0.0,1.28639771059086e-22,1.5637672068216898e-32,2.1038178329636644e-33
5,lbfgs,1819,2736.3999999999996,4080.959999999999,5.9495280603576264e-08,5.870306036580837e-08,4.12521392538219e-10,2.017053261256984e-08,3.8120006360700314e-08,6.243917460707142e-10,0.0,1.2787702298382943e-22,1.563761116653993e-32,2.1038067517682713e-33
5,lbfgs,1829,2736.3999999999996,4080.959999999999,5.9428158599874635e-08,5.86104293331554e-08,4.075343374551486e-10,2.0157125309567156e-08,3.804576968613309e-08,6.49900807910527e-10,0.0,1.2698968672694702e-22,1.5637468771201397e-32,2.1037942763243626e-33
5,lbfgs,1839,2736.3999999999996,4080.959999999999,5.937842821239332e-08,5.855665096186887e-08,4.023224519791095e-10,2.0153852149016805e-08,3.8000476360872957e-08,6.539487932378662e-10,0.0,1.2587988989031482e-22,1.5637545161261426e-32,2.1037725236836728e-33
5,lbfgs,1849,2736.3999999999996,4080.959999999999,5.931894763596577e-08,5.850327935455482e-08,3.962363017484387e-10,2.0151328524816884e-08,3.79557145279895e-08,6.478398834894731e-10,0.0,1.2431798856172443e-22,1.563770165234763e-32,2.103750143856538e-33
5,lbfgs,1859,2736.3999999999996,4080.959999999999,5.9272585587786286e-08,5.844585724901219e-08,3.941371800781592e-10,2.014229773964298e-08,3.7909422329291054e-08,6.588998426691384e-10,0.0,1.242252537463569e-22,1.563759421483509e-32,2.1037364379360993e-33
5,lbfgs,1869,2736.3999999999996,4080.959999999999,5.921777615183623e-08,5.8364574244616217e-08,3.944751699471876e-10,2.0130067300174405e-08,3.784003177449463e-08,6.853731364877598e-10,0.0,1.2541811712679795e-22,1.5637379433480477e-32,2.1037126334466575e-33
5,lbfgs,1879,2736.3999999999996,4080.959999999999,5.9172405152138965e-08,5.832349301832289e-08,3.896720896423969e-10,2.0117593502741286e-08,3.781622742593921e-08,6.810833781910305e-10,0.0,1.239658382580078e-22,1.5637486299708766e-32,2.103706067694949e-33
5,lbfgs,1889,2736.3999999999996,4080.959999999999,5.9121807301719846e-08,5.829709946544058e-08,3.8262114373861243e-10,2.0099110182980946e-08,3.781536813872102e-08,6.56879281845147e-10,0.0,1.2111763960380888e-22,1.5637730065011904e-32,2.1037132149033064e-33
5,lbfgs,1899,2736.3999999999996,4080.959999999999,5.9075465425209405e-08,5.8237523307914845e-08,3.826165041197187e-10,2.0092175751977482e-08,3.776273105181764e-08,6.701133469599884e-10,0.0,1.218721401047919e-22,1.5637595717121284e-32,2.1036968710208482e-33
5,lbfgs,1909,2736.3999999999996,4080.959999999999,5.9033050443320547e-08,5.818785354775535e-08,3.81765031569266e-10,2.008180067513376e-08,3.772428784105232e-08,6.773679784369912e-10,0.0,1.2205989298204966e-22,1.563755443423058e-32,2.1036862164623488e-33
5,lbfgs,1919,2736.3999999999996,4080.959999999999,5.898078969919717e-08,5.8114368141714765e-08,3.8343511388009545e-10,2.0070811828414744e-08,3.766012119941992e-08,6.985923206781302e-10,0.0,1.235533883385101e-22,1.563745348916049e-32,2.1036644938649486e-33
5,lbfgs,1929,2736.3999999999996,4080.959999999999,5.8938106870088544e-08,5.8078466762145974e-08,3.7997962229690016e-10,2.005479589847444e-08,3.764369124137464e-08,6.918108609153218e-10,0.0,1.2235959379515286e-22,1.5637512939206473e-32,2.103665884242151e-33
5,lbfgs,1939,2736.3999999999996,4080.959999999999,5.888832997585117e-08,5.8054166340233684e-08,3.73923406809934e-10,2.0028955321943332e-08,3.7651287611480416e-08,6.663345495960107e-10,0.0,1.1965458849415634e-22,1.5637663007119593e-32,2.1036822505529933e-33
5,lbfgs,1949,2736.3999999999996,4080.959999999999,5.884433330181324e-08,5.7998780678544315e-08,3.74359966953797e-10,2.0022260742585257e-08,3.760215996900526e-08,6.777233126244477e-10,0.0,1.2046161739284874e-22,1.5637600991891224e-32,2.103669093216161e-33
5,lbfgs,1959,2736.3999999999996,4080.959999999999,5.8803145044415156e-08,5.7952084118034394e-08,3.7402829159564493e-10,2.001159690139293e-08,3.756645892504582e-08,6.832314593451305e-10,0.0,1.2072579589453672e-22,1.563758583662009e-32,2.1036619109037882e-33
5,lbfgs,1969,2736.3999999999996,4080.959999999999,5.875172412738362e-08,5.788232715905419e-08,3.762076042356706e-10,2.0001743301645248e-08,3.750437625317327e-08,7.015671819436366e-10,0.0,1.2226179869771452e-22,1.5637529645939466e-32,2.1036445744946554e-33
5,lbfgs,1979,2736.3999999999996,4080.959999999999,5.8710142910990195e-08,5.784821149018275e-08,3.7327906461054517e-10,1.9984608800536563e-08,3.7490323625035644e-08,6.941016095344101e-10,0.0,1.2118594916949176e-22,1.5637577527564693e-32,2.1036485201012074e-33
5,lbfgs,1989,2736.3999999999996,4080.959999999999,5.8660641870840634e-08,5.78237137144708e-08,3.677418142208252e-10,1.99559226029894e-08,3.750004929726058e-08,6.690984746370602e-10,0.0,1.1863095615778914e-22,1.5637696633050962e-32,2.1036666638450078e-33
5,lbfgs,1999,2736.3999999999996,4080.959999999999,5.8617894293414584e-08,5.777075678432836e-08,3.683638604024318e-10,1.994932734296591e-08,3.7453065580960015e-08,6.793076074129869e-10,0.0,1.1941986616966272e-22,1.5637661681267156e-32,2.1036563434745622e-33
5,lbfgs,2009,2736.3999999999996,4080.959999999999,5.8577437906190396e-08,5.772571334858659e-08,3.6824663549952734e-10,1.9938726264967393e-08,3.7418740448119666e-08,6.838944995566582e-10,0.0,1.196975002004384e-22,1.5637658094362737e-32,2.1036512503443198e-33
5,lbfgs,2019,2736.3999999999996,4080.959999999999,5.8526542818259197e-08,5.765842256925557e-08,3.705326866473903e-10,1.992973134290649e-08,3.735815853970169e-08,7.002898822184394e-10,0.0,1.2117769107171426e-22,1.5637622956165713e-32,2.1036369003016545e-33
5,lbfgs,2029,2736.3999999999996,4080.959999999999,5.848574940036404e-08,5.7625069297462473e-08,3.679196873054475e-10,1.991228909427545e-08,3.7344860515881575e-08,6.928497017746226e-10,0.0,1.201915080962595e-22,1.56376665787791e-32,2.103641622706085e-33
5,lbfgs,2039,2736.3999999999996,4080.959999999999,5.8436470849165014e-08,5.7599653060819664e-08,3.627701485595999e-10,1.9882410111869293e-08,3.735447280039077e-08,6.689874911419481e-10,0.0,1.1779411919419082e-22,1.5637770337031936e-32,2.1036595362315564e-33
5,lbfgs,2049,2736.3999999999996,4080.959999999999,5.839470612215254e-08,5.754854236829614e-08,3.6345816007000463e-10,1.9875901500228995e-08,3.730918270799714e-08,6.783332448362216e-10,0.0,1.1854220932897068e-22,1.563774819271118e-32,2.1036509985224887e-33
5,lbfgs,2059,2736.3999999999996,4080.959999999999,5.835486396705002e-08,5.750468357968727e-08,3.634318159416837e-10,1.98654496195994e-08,3.7275802144146186e-08,6.82349724884075e-10,0.0,1.188111465548524e-22,1.5637750466059203e-32,2.1036470316519892e-33
5,lbfgs,2069,2736.3999999999996,4080.959999999999,5.8304457636113055e-08,5.7439368717400835e-08,3.656595655820957e-10,1.985704129365412e-08,3.721666785816462e-08,6.972579608393973e-10,0.0,1.2020067806449002e-22,1.5637727175663436e-32,2.1036345800696887e-33
5,lbfgs,2079,2736.3999999999996,4080.959999999999,5.82643521341827e-08,5.7406412571068306e-08,3.6328334657334863e-10,1.9839615914323952e-08,3.7203513310171005e-08,6.901085637910164e-10,0.0,1.192933576558604e-22,1.563776788044722e-32,2.103639407469445e-33
5,lbfgs,2089,2736.3999999999996,4080.959999999999,5.821534201588357e-08,5.7379892230397945e-08,3.584717447790787e-10,1.9809345112594716e-08,3.721207537302415e-08,6.676188678580204e-10,0.0,1.1705423820964384e-22,1.563786080593669e-32,2.103656534523112e-33
6,adam,0,4080.959999999999,5963.343999999998,0.10882791308291664,0.08162093474318854,0.00027777767274878023,0.058807146399715744,0.022536010670724027,0.027206978247729524,0.0,1.0072471491378874e-17,1.9600053318640493e-30,2.499999999999994e-31
6,adam,24,4080.959999999999,5963.343999999998,0.02713310766432743,0.013021729002608711,0.00024823513462368484,0.00905228370147149,0.003721210166513537,0.014111378567646424,0.0,1.4804434935510384e-18,3.1097738806435157e-31,4.159038726105305e-32
6,adam,49,4080.959999999999,5963.343999999998,0.02164376903414439,0.008345595080806727,3.0940156794620706e-06,0.0056384192592067155,0.002704081805920548,0.013298173857125936,0.0,2.560494324675806e-20,2.030178044362035e-31,2.9243597860275404e-32
6,adam,74,4080.959999999999,5963.343999999998,0.018259650606657844,0.0054082049607569235,2.9069089881727478e-06,0.0035299973269607306,0.0018753007248080195,0.012851445545775471,0.0,2.3976947505093792e-20,1.316230475041259e-31,1.9975143315578255e-32
6,adam,99,4080.959999999999,5963.343999999998,0.016661373432635986,0.004278309230721586,2.391102374885925e-06,0.002826674705347094,0.0014492434229996058,0.01238306409770229,0.0,2.279431109930068e-20,9.885848343585684e-32,1.640303304783171e-32
6,adam,124,4080.959999999999,5963.343999999998,0.01589220835376346,0.003849007544384511,7.247451640727488e-07,0.0025935105065496397,0.0012547722926707988,0.012043200702457539,0.0,5.07857176539647e-21,8.395961143147493e-32,1.469202197606896e-32
6,adam,149,4080.959999999999,5963.343999999998,0.015467819652349507,0.0036632733858051932,4.0012342670724583e-07,0.0024952517592275666,0.0011676215031509193,0.011804546157837369,0.0,2.7428972699625638e-21,7.521738933954277e-32,1.3732433473689873e-32
6,adam,174,4080.959999999999,5963.343999999998,0.015176110329691687,0.003568764319580391,2.1644369624356944e-07,0.002451857776307849,0.0011166900995762982,0.011607345900070528,0.0,1.8687442962408664e-21,6.946452977213413e-32,1.3203535473051606e-32
6,adam,199,4080.959999999999,5963.343999999998,0.01490257590861018,0.003461181996435223,2.816561498507619e-07,0.0023787105558145884,0.0010821897844707844,0.011441393800981975,0.0,2.839289627382905e-21,6.545020643361875e-32,1.2886015938908042e-32
6,adam,224,4080.959999999999,5963.343999999998,0.01446310708631604,0.003182929881995699,2.529560858097959e-07,0.002170805867516452,0.0010118710583934367,0.01128017709172735,0.0,2.8485881002816157e-21,6.062124791530616e-32,1.2300582602421045e-32
6,adam,249,4080.959999999999,5963.343999999998,0.0135234663776698,0.002588911768770032,7.546529855760663e-07,0.0016690235740893513,0.0009191335416951047,0.010934554493891156,0.0,7.37971933512506e-21,5.639144935275242e-32,1.1551550497810898e-32
6,adam,274,4080.959999999999,5963.343999999998,0.011863727714546508,0.0016966118899588946,3.576086264811753e-07,0.000979756616067224,0.0007164976652651895,0.010167115706140767,0.0,2.4171744835949162e-21,4.7542113144580154e-32,7.637175814647274e-33
6,adam,299,4080.959999999999,5963.343999999998,0.010374457671804626,0.0012935467619682737,3.541047799549112e-07,0.0007674481200410931,0.0005257445371472257,0.0090809107883637,0.0,4.152233064538439e-21,4.226356207883422e-32,6.73450422165393e-33
6,adam,324,4080.959999999999,5963.343999999998,0.009132713504708859,0.0010591238533641614,3.757209615549119e-07,0.0006403048584428458,0.00041844327395976064,0.008073589526465896,0.0,4.138852095611288e-21,3.80848558285438e-32,6.24706803040236e-33
6,adam,349,4080.959999999999,5963.343999999998,0.008077139982627716,0.0008927166697512705,2.812179801223762e-07,0.0005567197916236887,0.00033571566014745937,0.007184423184489066,0.0,2.894442248779531e-21,3.522669718518874e-32,5.584245208390139e-33
6,adam,374,4080.959999999999,5963.343999999998,0.007179147008700999,0.0007809523768622642,2.2376498175250852e-07,0.0005125521688420676,0.00026817644303844405,0.006398194500099922,0.0,2.2405126369201516e-21,3.240287941209825e-32,5.417598712445091e-33
6,adam,399,4080.959999999999,5963.343999999998,0.0064053917254945185,0.0006905620178325844,1.1555557347632704e-07,0.0004509645610229024,0.00023948190123620572,0.005714829573360083,0.0,9.531134095489791e-22,3.0373151670971083e-32,4.6063692323766874e-33
6,adam,424,4080.959999999999,5963.343999999998,0.005672585942943042,0.0005644575263495777,1.3354842047619087e-07,0.00036051596518533064,0.00020380801274377095,0.005108128279953374,0.0,2.669475048463597e-21,2.644697776026659e-32,4.0922095257543095e-33
6,adam,449,4080.959999999999,5963.343999999998,0.005073639000739311,0.0005064230054742933,1.1957223862025117e-07,0.00032489846733676266,0.0001814049658989104,0.004567215856257669,0.0,2.4511525297892883e-21,2.541711451325393e-32,3.833892717355789e-33
6,adam,474,4080.959999999999,5963.343999999998,0.004757836291514805,0.000553714231962669,8.176091755839124e-08,0.0003476997341837832,0.00020593273686132741,0.004204121918222961,0.0,1.4767501247476236e-21,2.752235305122053e-32,2.7062544526547855e-33
6,adam,499,4080.959999999999,5963.343999999998,0.004169391301046597,0.0004897513918197038,5.48843333584858e-08,0.00028108936933273236,0.000208607138153613,0.0036796397660254676,0.0,1.1327501910131342e-21,2.4069363304564064e-32,2.7016984338876697e-33
6,adam,524,4080.959999999999,5963.343999999998,0.0036909126534777335,0.00040230877872040997,4.927864915454499e-08,0.00024124772206061563,0.00016101177801063977,0.0032886037298381914,0.0,1.4099806142958952e-21,2.2279221687566997e-32,3.0465448560133555e-33
6,adam,549,4080.959999999999,5963.343999999998,0.003308417160883371,0.0003586536795297889,4.8819870613594844e-08,0.00022149307924465867,0.0001371117804145166,0.002949763334583688,0.0,1.0229965871669589e-21,2.1549390207556687e-32,3.1028576404484427e-33
6,adam,574,4080.959999999999,5963.343999999998,0.002975431858985493,0.0003279599040127869,4.250086441669995e-08,0.00019787065085782356,0.00013004675229054662,0.002647471806339697,0.0,6.622607875629334e-22,2.094633727300459e-32,2.9504890760409525e-33
6,adam,599,4080.959999999999,5963.343999999998,0.00279555272068545,0.00041501163249993737,4.743391207060699e-08,0.0002703266204973983,0.0001446375780904685,0.002380540937887627,0.0,9.067678703848735e-22,1.7937718273883748e-32,3.4852720130419206e-33
6,adam,624,4080.959999999999,5963.343999999998,0.0024789824236249687,0.0003317898938249715,3.592054007585391e-08,0.00019824538499376243,0.00013350858829113324,0.002147192378130542,0.0,5.6986141905636275e-22,2.2943542778860977e-32,3.0354384976959448e-33
6,adam,649,4080.959999999999,5963.343999999998,0.0022139215843939727,0.0002850482103478255,9.159274433825197e-08,0.0001737288364526889,0.00011122778115079835,0.001928873220704328,0.0,1.1909339184903434e-21,2.2770972348971955e-32,2.968951873421541e-33
6,adam,674,4080.959999999999,5963.343999999998,0.0019835945163188184,0.00025391928647471913,1.0002414978547428e-07,0.0001504951743099326,0.00010332408801500105,0.0017296750747672809,0.0,9.17263335814232e-22,2.226246374293254e-32,2.768359809790912e-33
6,adam,699,4080.959999999999,5963.343999999998,0.009436779996787326,0.004561271522500147,4.268332386306262e-07,0.002645802275485488,0.0019150424137760282,0.004875508315569261,0.0,6.209179823366875e-21,4.845502673463117e-32,6.744859882283591e-33
6,adam,724,4080.959999999999,5963.343999999998,0.00999054773929707,0.006910991215855469,3.88476305544805e-07,0.002658660346605266,0.004251942392944658,0.003079556359520905,0.0,1.1624839736403353e-20,2.6533597378682125e-32,3.642777779704017e-33
6,adam,749,4080.959999999999,5963.343999999998,0.0077266872727905795,0.004939602597452819,2.7778102163499015e-07,0.004185022085194248,0.0007543027312369361,0.002787084511128312,0.0,7.19497479459362e-21,1.7342865216856104e-32,3.3358351452759724e-33
6,adam,774,4080.959999999999,5963.343999999998,0.006376543054331145,0.003760484410371091,1.2486200024222175e-07,0.002878273090088129,0.0008820864582827196,0.002616058479740045,0.0,2.6468693312751096e-21,1.759432420983617e-32,2.306711774171853e-33
6,adam,799,4080.959999999999,5963.343999999998,0.005392570589397414,0.0029074495579669763,5.331824419569727e-08,0.002263837655591564,0.0006435585841312168,0.002485120867359098,0.0,1.4126928408649067e-21,1.8114532448633446e-32,2.085409478656387e-33
6,adam,824,4080.959999999999,5963.343999999998,0.0047071246275848765,0.00234624132919602,4.515163839650711e-08,0.0018417110996474838,0.0005044850779101398,0.0023608831343835033,0.0,1.067559498598714e-21,1.9012978345038992e-32,1.8703363080024876e-33
6,adam,849,4080.959999999999,5963.343999999998,0.00411944530942173,0.0018755681885840466,4.7513675425908306e-08,0.001506170704775921,0.0003693499701326996,0.0022438769568211415,0.0,1.0109504215327986e-21,1.9839861111940795e-32,1.8996345070280677e-33
6,adam,874,4080.959999999999,5963.343999999998,0.0036625421286572927,0.001525900556617506,5.139570381658563e-08,0.0012447764955679389,0.00028107266534575055,0.002136641407952414,0.0,1.0181628158476886e-21,2.0536493420528983e-32,1.9548697271042693e-33
6,adam,899,4080.959999999999,5963.343999999998,0.003295174207957184,0.0012569066700204555,5.355408223460263e-08,0.001034117999257843,0.00022273511668037798,0.0020382673737154495,0.0,1.0557334222204988e-21,2.1007914094136736e-32,2.0428358667781288e-33
6,adam,924,4080.959999999999,5963.343999999998,0.0029826559288176923,0.0010357712550612764,5.318618846561947e-08,0.0008450928725834863,0.00019062519628932446,0.001946884509338562,0.0,1.0960913284074199e-21,2.1146001917767126e-32,2.1479574997262207e-33
6,adam,949,4080.959999999999,5963.343999999998,0.002717150277894477,0.000857063458064808,4.988943831922714e-08,0.0006757682515799665,0.00018124531704652227,0.001860086655168661,0.0,1.0961697731943546e-21,2.113453045589193e-32,2.2747859860775884e-33
6,adam,974,4080.959999999999,5963.343999999998,0.002502098871344077,0.0007250910513156078,4.450736732019949e-08,0.0005471012876071116,0.00017794525634117598,0.0017770076551078611,0.0,1.0191885149610968e-21,2.1169109937595377e-32,2.4231067598191112e-33
6,adam,999,4080.959999999999,5963.343999999998,0.0023265679591769743,0.0006282996269881665,3.773072512575619e-08,0.00045664682246727685,0.0001716150737957639,0.001698268167003431,0.0,8.817154448705393e-22,2.1183718785206663e-32,2.5826956531523587e-33
6,adam,1024,4080.959999999999,5963.343999999998,0.0021756864185968018,0.0005510546282512076,2.8209260345584127e-08,0.0003817584530990083,0.00016926796589185366,0.0016246316248823209,0.0,6.534693865561068e-22,1.884245328580672e-32,2.6525307962392928e-33
6,adam,1049,4080.959999999999,5963.343999999998,0.002056068518627119,0.0005004342474660908,2.1699621640550697e-08,0.0003287719939816266,0.00017164055386282366,0.0015556341054173558,0.0,5.143994146257886e-22,1.8733241006626206e-32,2.811010778847405e-33
6,adam,1074,4080.959999999999,5963.343999999998,0.0019539535326020285,0.00046497009132793755,1.61948811721279e-08,0.0002916030949799271,0.00017335080146683833,0.0014889832752454247,0.0,3.945947875022511e-22,1.8671115381519905e-32,2.9443222783570263e-33
6,adam,1099,4080.959999999999,5963.343999999998,0.0018640689056682541,0.0004401250802275197,1.2256405891820723e-08,0.00026503466870376926,0.0001750781551178586,0.001423943659123636,0.0,3.0797788463657782e-22,1.8591791462404506e-32,3.04271518952652e-33
6,adam,1124,4080.959999999999,5963.343999999998,0.001782330711223359,0.0004216223550217954,9.755056767727456e-09,0.00024563439980806496,0.0001759782001569627,0.0013607081895948396,0.0,2.511157773701355e-22,1.8475171964653694e-32,3.105122423273728e-33
6,adam,1149,4080.959999999999,5963.343999999998,0.0017059852380685789,0.0004065351935573564,8.308365329430151e-09,0.00023076458430190648,0.00017576230089012048,0.0012994498776135789,0.0,2.1613773011153506e-22,1.8317399536133503e-32,3.1362344481595896e-33
6,adam,1174,4080.959999999999,5963.343999999998,0.0016334066591081387,0.000393177099544858,7.504758089141981e-09,0.00021869115553660543,0.00017447843925016347,0.001240229392372804,0.0,1.9467936308174551e-22,1.8129805339223052e-32,3.1426079431771015e-33
6,adam,1199,4080.959999999999,5963.343999999998,0.0015637239181212437,0.0003807141166574976,7.035057497710812e-09,0.0002083323700029918,0.0001723747115970081,0.0011830096339780455,0.0,1.8040923296516298e-22,1.7924195887913858e-32,3.132097364884986e-33
6,adam,1224,4080.959999999999,5963.343999999998,0.0015362893536804193,0.0004063351136266108,8.223765638091602e-09,0.0002181320051392385,0.0001881948847217342,0.0011299540722666686,0.0,2.2014215081454385e-22,2.054337062615529e-32,3.401911628583489e-33
6,adam,1249,4080.959999999999,5963.343999999998,0.0014686237004980297,0.0003926345151032436,7.706184868540395e-09,0.00020931684545506493,0.00018330996346331013,0.0010759890172955587,0.0,2.0091920976570573e-22,2.0244636372079128e-32,3.3454030560185875e-33
6,adam,1274,4080.959999999999,5963.343999999998,0.0014032659529302344,0.00038024754667409164,7.258743188867774e-09,0.00020076271525167825,0.0001794775726792245,0.0010230182378428326,0.0,1.8367936471251088e-22,1.995958371499718e-32,3.298198512700565e-33
6,adam,1299,4080.959999999999,5963.343999999998,0.0013400215801489003,0.0003677974892893407,6.887343005704627e-09,0.00019246474063003033,0.00017532586131630465,0.0009722239221327409,0.0,1.6845903451560934e-22,1.970060608428909e-32,3.253877446669838e-33
6,adam,1324,4080.959999999999,5963.343999999998,0.0012787386411561078,0.00035529150186989805,6.615750606461796e-09,0.0001841831805398626,0.00017110170557942898,0.0009234469702466074,0.0,1.555792501695715e-22,1.9448592055891755e-32,3.211735730634298e-33
6,adam,1349,4080.959999999999,5963.343999999998,0.001219283218090382,0.0003427096073827064,6.450094386581019e-09,0.000176046914594025,0.00016665624269429483,0.0008765734413556211,0.0,1.4524272317285053e-22,1.9202712709977237e-32,3.1700863347888574e-33
6,adam,1374,4080.959999999999,5963.343999999998,0.0011615309712483728,0.0003299901093207479,6.3940863379857735e-09,0.00016805183341497934,0.00016193188181943055,0.0008315406922625544,0.0,1.3742860744001247e-22,1.8962048495802446e-32,3.128222891401142e-33
6,adam,1399,4080.959999999999,5963.343999999998,0.0011053690166573107,0.0003170777568791688,6.449177233799018e-09,0.00016014469542861986,0.00015692661227331513,0.0007882910897982816,0.0,1.319744202567852e-22,1.8725131831615405e-32,3.085869436137872e-33
6,lbfgs,1400,4080.959999999999,5963.343999999998,0.0010731510412900866,0.0002865534453113617,6.0329525326825776e-09,0.0001470946485403113,0.00013945276381851772,0.0007865974259862172,0.0,1.2052077557502662e-22,1.7577511171111198e-32,2.8873503472267906e-33
6,lbfgs,1409,4080.959999999999,5963.343999999998,0.0003872268282822827,0.00026156609754810547,6.989712687976069e-07,8.324670324661046e-05,0.0001776204230326974,0.00012566055891360584,0.0,6.245395464159728e-21,1.5361566063356023e-32,2.47512572306229e-33
6,lbfgs,1419,4080.959999999999,5963.343999999998,0.00013607747879233365,0.0001332724121616568,1.9101898769587016e-08,8.80591574002656e-05,4.5194152862621623e-05,2.804890079315894e-06,0.0,1.6354846673899948e-22,1.6639432098335783e-32,2.1427208281856823e-33
6,lbfgs,1429,4080.959999999999,5963.343999999998,0.00011709601602698499,0.00011073263555207441,2.0917811385940185e-08,3.6812333148865285e-05,7.389938459182318e-05,6.363202038988105e-06,0.0,3.376369108216705e-22,1.4499229760238597e-32,2.5647082867280224e-33
6,lbfgs,1439,4080.959999999999,5963.343999999998,8.243628691039599e-05,8.193422675530269e-05,4.1990188905883686e-08,4.020457087028562e-05,4.16876656961112e-05,5.018778478475115e-07,0.0,6.116398161387826e-22,1.467112244891703e-32,2.169495568961934e-33
6,lbfgs,1449,4080.959999999999,5963.343999999998,7.109899099364232e-05,6.990605675647623e-05,3.4747323754789544e-08,3.2029374575716386e-05,3.784193485700506e-05,1.1927497458485912e-06,0.0,6.277664932579808e-22,1.451971240077153e-32,2.0818948979250643e-33
6,lbfgs,1459,4080.959999999999,5963.343999999998,6.0758351521119555e-05,5.760587316583661e-05,3.6735165126593486e-07,2.02409372058903e-05,3.699758430868038e-05,3.1522936336742373e-06,0.0,5.644577460731278e-21,1.4850426798502378e-32,1.7949870255686433e-33
6,lbfgs,1469,4080.959999999999,5963.343999999998,3.0212197133463126e-05,2.897370356077922e-05,1.4303294101132028e-07,1.0057040440149343e-05,1.877363017961856e-05,1.2383083391688185e-06,0.0,6.738283630237695e-22,1.4081856904224427e-32,1.9725760794680573e-33
6,lbfgs,1479,4080.959999999999,5963.343999999998,2.249085385809006e-05,2.220208500416114e-05,1.0822818035163311e-07,6.244902083434044e-06,1.584895474037546e-05,2.8858135336534844e-07,0.0,1.3705594076276974e-21,1.3472760886506746e-32,1.9206541119993973e-33
6,lbfgs,1489,4080.959999999999,5963.343999999998,1.502969181155651e-05,1.4607203176916563e-05,2.585300717263521e-07,5.562918406187016e-06,8.785754699003193e-06,4.2230383914885187e-07,0.0,4.529623944279344e-21,1.3029757847734028e-32,1.8034781333254178e-33
6,lbfgs,1499,4080.959999999999,5963.343999999998,1.2556631782997352e-05,1.2364419582006499e-05,9.506342910362194e-08,6.034414156552299e-06,6.234941996350578e-06,1.920266659174656e-07,0.0,1.5039977609972932e-21,1.3029846927171907e-32,1.781172873880844e-33
6,lbfgs,1509,4080.959999999999,5963.343999999998,8.87182760475608e-06,8.489192875779114e-06,3.4553145786762494e-07,4.35672517752126e-06,3.786936240390229e-06,3.824502103359535e-07,0.0,7.59322802162196e-21,1.289618370897662e-32,1.74605426351468e-33
6,lbfgs,1519,4080.959999999999,5963.343999999998,7.16362151985394e-06,6.991902786858012e-06,7.529194146959469e-08,3.5529388742535725e-06,3.3636719711348444e-06,1.7153447938600898e-07,0.0,1.428707552436055e-21,1.285643111999162e-32,1.7152335599196942e-33
6,lbfgs,1529,4080.959999999999,5963.343999999998,5.080338706944059e-06,4.893403906667786e-06,7.0123597908392286e-09,3.0976905808247735e-06,1.7887009660521739e-06,1.867534538135005e-07,0.0,1.4679971040961862e-22,1.2921053261474253e-32,1.6671058740803537e-33
6,lbfgs,1539,4080.959999999999,5963.343999999998,4.2867694616778265e-06,4.198002909431526e-06,1.1051705256875831e-08,2.9562448037850583e-06,1.2307064003895916e-06,8.858485551205804e-08,0.0,2.1875361540832316e-22,1.2941862846905855e-32,1.6683711259235812e-33
6,lbfgs,1549,4080.959999999999,5963.343999999998,2.999809379092264e-06,2.935847649150648e-06,9.57213918736379e-09,1.884079385254403e-06,1.0421961247088813e-06,6.378095738708194e-08,0.0,1.7027196844449275e-22,1.3012178528182646e-32,1.6994854611919564e-33
6,lbfgs,1559,4080.959999999999,5963.343999999998,2.608003797189447e-06,2.5990743032964953e-06,1.4648139256233233e-08,1.5979515207650341e-06,9.864746432752281e-07,8.749723012413849e-09,0.0,2.2574072168034444e-22,1.3019836855518263e-32,1.6800498458520243e-33
6,lbfgs,1569,4080.959999999999,5963.343999999998,2.015060486112938e-06,2.0009802710061318e-06,1.0319117347398418e-08,9.616485417822231e-07,1.0290126118765105e-06,1.390026808229719e-08,0.0,2.597418399445564e-22,1.31256672437135e-32,1.682911715035659e-33
6,lbfgs,1579,4080.959999999999,5963.343999999998,1.6358279607577324e-06,1.5832787351919506e-06,8.60745095039475e-09,8.381423366563374e-07,7.365289475852186e-07,5.2368777239539226e-08,0.0,1.5201180799781819e-22,1.313912225022105e-32,1.6864929254032133e-33
6,lbfgs,1589,4080.959999999999,5963.343999999998,1.161383418397008e-06,1.1322338028544806e-06,2.452869490019668e-08,5.437570669448802e-07,5.639480410094038e-07,2.8967844561130533e-08,0.0,4.109187823969658e-22,1.3215535010896058e-32,1.6923980291988038e-33
6,lbfgs,1599,4080.959999999999,5963.343999999998,9.520262824024247e-07,9.143493466405047e-07,3.944144812399068e-08,4.1014736769635694e-07,4.64760530820157e-07,3.749489499521856e-08,0.0,7.511044069226992e-22,1.318932737878223e-32,1.6723690826422192e-33
6,lbfgs,1609,4080.959999999999,5963.343999999998,8.824544671902177e-07,8.169843545048828e-07,1.6902987685732237e-08,3.7384462458152444e-07,4.262367422376261e-07,6.528819292805606e-08,0.0,3.1259280783316273e-22,1.320192564754933e-32,1.6752462995861965e-33
6,lbfgs,1619,4080.959999999999,5963.343999999998,6.369995264753113e-07,5.91771896288811e-07,4.461394673163431e-08,2.2185581138494945e-07,3.253021381722273e-07,4.5045230652497826e-08,0.0,5.371133841779995e-22,1.3218047394445644e-32,1.6712132590850623e-33
6,lbfgs,1629,4080.959999999999,5963.343999999998,5.695816409019225e-07,5.457132291853583e-07,2.3481744302501104e-08,2.1083939697569167e-07,3.113920879071655e-07,2.3685310121098566e-08,0.0,3.3892976465108725e-22,1.3240097879148467e-32,1.675128026418234e-33
6,lbfgs,1639,4080.959999999999,5963.343999999998,4.2490923818088034e-07,4.151722817449428e-07,8.565892430028907e-09,1.7852849089831942e-07,2.280778984165945e-07,9.553584415404413e-09,0.0,2.6847522489878084e-22,1.323194244717815e-32,1.668820007828514e-33
6,lbfgs,1649,4080.959999999999,5963.343999999998,4.047887435197543e-07,3.952963257728046e-07,1.2181346157930386e-08,1.646578297001581e-07,2.1845714991471611e-07,9.308844416652258e-09,0.0,3.7243017025473042e-22,1.32541944845781e-32,1.672106319322252e-33
6,lbfgs,1659,4080.959999999999,5963.343999999998,3.7801876221244036e-07,3.69763693885521e-07,6.201961131654888e-09,1.4680482808515549e-07,2.1675690466871066e-07,8.070840086034361e-09,0.0,1.6887627747085536e-22,1.3239982789455387e-32,1.673963416445672e-33
6,lbfgs,1669,4080.959999999999,5963.343999999998,3.2606005168981667e-07,3.1635849021371693e-07,1.0569869212291106e-08,1.1597644035394143e-07,1.8981218064748442e-07,9.51646537815078e-09,0.0,1.1210713288395903e-22,1.323848634648146e-32,1.676978851906156e-33
6,lbfgs,1679,4080.959999999999,5963.343999999998,3.008258555714193e-07,2.970095412085961e-07,1.6012748500152132e-08,1.0426451151105937e-07,1.7673228119738463e-07,3.631098650876867e-09,0.0,2.9460777896720856e-22,1.3261203957462617e-32,1.6744122906527474e-33
6,lbfgs,1689,4080.959999999999,5963.343999999998,2.870718251337729e-07,2.8237830159328877e-07,1.64701086097539e-08,9.224473981351716e-08,1.7366345317001768e-07,4.508275676943479e-09,0.0,2.3322376404980934e-22,1.325427873636569e-32,1.676560398068145e-33
6,lbfgs,1699,4080.959999999999,5963.343999999998,2.4011275416782167e-07,2.3783750897525397e-07,2.9706292378063423e-09,6.96272859657142e-08,1.6523959377173343e-07,2.0889062635544884e-09,0.0,3.0710830804154896e-23,1.324757871335088e-32,1.6713887501514677e-33
6,lbfgs,1709,4080.959999999999,5963.343999999998,2.183432365411396e-07,2.1234059971779405e-07,3.7183538891799214e-09,6.141116119651935e-08,1.4721108463209478e-07,5.815710115665053e-09,0.0,5.082710689141412e-23,1.3232319410916745e-32,1.678168567021704e-33
6,lbfgs,1719,4080.959999999999,5963.343999999998,2.000944921835391e-07,1.9581179128763078e-07,5.9030285270898706e-09,5.662842858296422e-08,1.3328033417757668e-07,4.09499811052037e-09,0.0,5.1170329190730676e-23,1.323128507418225e-32,1.678984105206321e-33
6,lbfgs,1729,4080.959999999999,5963.343999999998,1.7335951288975754e-07,1.689626798966669e-07,9.6004367709862e-09,5.155180400307789e-08,1.0781043912260282e-07,4.208636846521667e-09,0.0,5.317369546293078e-23,1.3242858093189152e-32,1.6800922306013456e-33
6,lbfgs,1739,4080.959999999999,5963.343999999998,1.536444954366207e-07,1.4863836099028058e-07,9.290927781512042e-09,5.5461298735332375e-08,8.388613447343617e-08,4.817428275379089e-09,0.0,8.698780693430547e-23,1.3265763676857468e-32,1.6816781266095125e-33
6,lbfgs,1749,4080.959999999999,5963.343999999998,1.426141443350582e-07,1.408494592642794e-07,9.415445975947055e-09,5.2156927934371105e-08,7.927708535396123e-08,1.5752717879629281e-09,0.0,1.1159998525411925e-22,1.3293019498208494e-32,1.6851648167826035e-33
6,lbfgs,1759,4080.959999999999,5963.343999999998,1.2830254099128314e-07,1.2599437305430793e-07,3.464114733947855e-09,4.711052580551509e-08,7.541973251484497e-08,2.1181819506442108e-09,0.0,3.432270658933554e-23,1.3278171430257354e-32,1.6828773354768877e-33
6,lbfgs,1769,4080.959999999999,5963.343999999998,1.1572332057246263e-07,1.1513963998579891e-07,2.616105801653968e-09,4.168695534253602e-08,7.083657884160892e-08,3.9221824287608516e-10,0.0,2.831349843405781e-23,1.3278087717734834e-32,1.6841736848006476e-33
6,lbfgs,1779,4080.959999999999,5963.343999999998,1.1300818630348516e-07,1.1183171100133473e-07,2.5427778356470527e-09,4.083396574614344e-08,6.845496741954423e-08,9.84985721893146e-10,0.0,3.4656752392920207e-23,1.3265809733705083e-32,1.685818541810164e-33
6,lbfgs,1789,4080.959999999999,5963.343999999998,1.0955249223865513e-07,1.0862035842694032e-07,3.314824349584843e-09,3.8999369742830715e-08,6.630616433452475e-08,7.409135267665592e-10,0.0,5.834227608922499e-23,1.3272607895495936e-32,1.6840260799342467e-33
6,lbfgs,1799,4080.959999999999,5963.343999999998,1.0522958118241402e-07,1.035754709951756e-07,2.78069088160146e-09,4.0096001238728495e-08,6.069877887484565e-08,1.4629850726382604e-09,0.0,3.905037872299729e-23,1.326256794781977e-32,1.6836366676880983e-33
6,lbfgs,1809,4080.959999999999,5963.343999999998,8.341291908603351e-08,8.057612514279395e-08,2.5816638271046696e-09,3.398042186742097e-08,4.401403944826831e-08,2.6444282416437805e-09,0.0,3.023839722907388e-23,1.3272830345822696e-32,1.6905458697783295e-33
6,lbfgs,1819,4080.959999999999,5963.343999999998,7.744522160907765e-08,7.473703895647651e-08,2.2705249639900115e-09,3.0852602850055145e-08,4.1613911142431356e-08,2.5161925637633674e-09,0.0,3.190847597536625e-23,1.3277785337553133e-32,1.687611429158885e-33
6,lbfgs,1829,4080.959999999999,5963.343999999998,7.112542756198284e-08,6.889002113670981e-08,2.9183103103608695e-09,2.568978652970184e-08,4.0281924296647097e-08,2.042825051919948e-09,0.0,6.249813742107469e-23,1.3270089110509752e-32,1.6867278778441514e-33
6,lbfgs,1839,4080.959999999999,5963.343999999998,6.798383298081351e-08,6.60881142626309e-08,2.8441288786575257e-09,2.6507589744613515e-08,3.673639563935986e-08,1.7025169669966056e-09,0.0,5.597934123301957e-23,1.3267881330628342e-32,1.6864459349343586e-33
6,lbfgs,1849,4080.959999999999,5963.343999999998,6.778238387068256e-08,6.596078853412805e-08,2.756939536071194e-09,2.6560036102884267e-08,3.664381289517259e-08,1.628383153432813e-09,0.0,5.2679343295275526e-23,1.3267439492580245e-32,1.6861107807304567e-33
6,lbfgs,1859,4080.959999999999,5963.343999999998,6.760611046335817e-08,6.576283189406073e-08,2.7493657187878185e-09,2.6594538770635706e-08,3.641892740463721e-08,1.6500290312466135e-09,0.0,5.311116688758432e-23,1.3267673224637068e-32,1.6862242608480325e-33
6,lbfgs,1869,4080.959999999999,5963.343999999998,6.744917356392852e-08,6.565789324740983e-08,2.6753967029174477e-09,2.6634942016813483e-08,3.6347554527678894e-08,1.598022223861062e-09,0.0,5.0477916633641295e-23,1.32672613485946e-32,1.6859664408060785e-33
6,lbfgs,1879,4080.959999999999,5963.343999999998,6.730804114026213e-08,6.548923597630361e-08,2.6662335897210183e-09,2.6662745909125303e-08,3.616025647745729e-08,1.625514433174248e-09,0.0,5.0910392667007115e-23,1.3267494105529082e-32,1.6860812304836764e-33
6,lbfgs,1889,4080.959999999999,5963.343999999998,6.718013931491527e-08,6.540330632974649e-08,2.6031155321896118e-09,2.6700476274113828e-08,3.609971452344305e-08,1.5835355644291257e-09,0.0,4.8709741066839026e-23,1.3267133616595868e-32,1.6858592349730853e-33
6,lbfgs,1899,4080.959999999999,5963.343999999998,6.706341953761781e-08,6.525789732315244e-08,2.5943240596381578e-09,2.6724968646786006e-08,3.593860461672828e-08,1.6121961849536387e-09,0.0,4.913225686281221e-23,1.32673715315681e-32,1.6859673229256612e-33
6,lbfgs,1909,4080.959999999999,5963.343999999998,6.695624209694152e-08,6.518688250178722e-08,2.539879741731546e-09,2.6760272575279628e-08,3.588673018477606e-08,1.5760286091023206e-09,0.0,4.725000411399535e-23,1.326705008908248e-32,1.6857708254712526e-33
6,lbfgs,1919,4080.959999999999,5963.343999999998,6.685724438558693e-08,6.505962149792287e-08,2.5320122378942743e-09,2.6781346889836653e-08,3.5746262370191943e-08,1.6042667173831407e-09,0.0,4.766376103957787e-23,1.3267287370818273e-32,1.6858733535438073e-33
6,lbfgs,1929,4080.959999999999,5963.343999999998,6.676531586374329e-08,6.500002953931482e-08,2.4845025538219287e-09,2.6813601418968638e-08,3.570192556652425e-08,1.5719267230173924e-09,0.0,4.602677192113444e-23,1.3266993693802532e-32,1.685697214878762e-33
6,lbfgs,1939,4080.959999999999,5963.343999999998,6.66795162497121e-08,6.488701534079414e-08,2.4777102735902144e-09,2.6830997058563282e-08,3.5578308008640644e-08,1.5991189896535478e-09,0.0,4.643449457359806e-23,1.3267226742894584e-32,1.6857956533347744e-33
6,lbfgs,1949,4080.959999999999,5963.343999999998,6.659907391166447e-08,6.483618996282064e-08,2.435798364943517e-09,2.6859871505754147e-08,3.554052009212298e-08,1.569499891541646e-09,0.0,4.499131660137326e-23,1.326695352678781e-32,1.6856360246096205e-33
6,lbfgs,1959,4080.959999999999,5963.343999999998,6.652332543943756e-08,6.473450618662415e-08,2.4300833189890094e-09,2.6873582391356895e-08,3.543084047627824e-08,1.5954152547089543e-09,0.0,4.5395102451262003e-23,1.326718105964459e-32,1.6857312866479222e-33
6,lbfgs,1969,4080.959999999999,5963.343999999998,6.645172426289184e-08,6.469048260928219e-08,2.3927395789061198e-09,2.6899041708179526e-08,3.539870132219655e-08,1.5678365904367525e-09,0.0,4.410785859580638e-23,1.326692368722843e-32,1.6855850761746608e-33
6,lbfgs,1979,4080.959999999999,5963.343999999998,6.638379309668932e-08,6.459794235584866e-08,2.3880431640355023e-09,2.6909259164567268e-08,3.53006400272459e-08,1.5924277026322264e-09,0.0,4.4508935295638016e-23,1.3267145609006632e-32,1.6856776979511435e-33
6,lbfgs,1989,4080.959999999999,5963.343999999998,6.631913769433634e-08,6.455926870143223e-08,2.3544694002885266e-09,2.693144831624313e-08,3.5273350984900576e-08,1.5664457702905448e-09,0.0,4.334899918522197e-23,1.3266901015580095e-32,1.685542449689398e-33
6,lbfgs,1999,4080.959999999999,5963.343999999998,6.625740804925648e-08,6.447421327467394e-08,2.350711360938773e-09,2.693847057776212e-08,3.518503133597305e-08,1.5897552053039814e-09,0.0,4.3747936341699154e-23,1.3267117704602743e-32,1.6856327726496205e-33
6,lbfgs,2009,4080.959999999999,5963.343999999998,6.619831465815963e-08,6.443980659337158e-08,2.320284195877195e-09,2.695762735831684e-08,3.516189503917754e-08,1.5650690304668246e-09,0.0,4.269328827968732e-23,1.3266883724461395e-32,1.6855065590011723e-33
6,lbfgs,2019,4080.959999999999,5963.343999999998,6.614159595699881e-08,6.436096014744389e-08,2.317380204477413e-09,2.6961796123605822e-08,3.5081783819360655e-08,1.5871817832722768e-09,0.0,4.309024717658936e-23,1.3267095691856159e-32,1.6855948263921608e-33
6,lbfgs,2029,4080.959999999999,5963.343999999998,6.608703561039375e-08,6.433000180864787e-08,2.2896084021770255e-09,2.697819746166716e-08,3.5062195944803696e-08,1.5635808971358646e-09,0.0,4.212371416289017e-23,1.3266870709263747e-32,1.6854761385976734e-33
6,lbfgs,2039,4080.959999999999,5963.343999999998,6.60344345078632e-08,6.425636872545697e-08,2.287477414139536e-09,2.6979859805545984e-08,3.498903150577145e-08,1.5845990192902187e-09,0.0,4.2518632452292535e-23,1.3267078459373457e-32,1.6855625398600224e-33
6,lbfgs,2049,4080.959999999999,5963.343999999998,6.59836282409692e-08,6.422823087124659e-08,2.261969720834788e-09,2.699379053626143e-08,3.497247061415037e-08,1.56193220685654e-09,0.0,4.162665595631517e-23,1.3266861218761487e-32,1.685450191579851e-33
6,lbfgs,2059,4080.959999999999,5963.343999999998,6.593446251648879e-08,6.415902335731457e-08,2.2605366000629653e-09,2.6993277762223338e-08,3.4905208995028265e-08,1.5819610921473864e-09,0.0,4.2019363721426986e-23,1.3267065201282129e-32,1.6855348825041963e-33
6,lbfgs,2069,4080.959999999999,5963.343999999998,6.58868103622998e-08,6.413321753115508e-08,2.23697770459894e-09,2.7005013146259776e-08,3.489122668029636e-08,1.5601167550489158e-09,0.0,4.1191112583857596e-23,1.326685469778971e-32,1.6854279326695263e-33
6,lbfgs,2079,4080.959999999999,5963.343999999998,6.584055016238807e-08,6.406780411000607e-08,2.2361738216770163e-09,2.700263007670205e-08,3.4829000211627007e-08,1.5792578809149309e-09,0.0,4.158139918125681e-23,1.3267055298057296e-32,1.685511045289911e-33
6,lbfgs,2089,4080.959999999999,5963.343999999998,6.579558235458694e-08,6.404394518246114e-08,2.2143065132122826e-09,2.7012426605491534e-08,3.4817212063757316e-08,1.5581513108363622e-09,0.0,4.080812115384711e-23,1.3266850709765e-32,1.6854087392732834e-33
6,lbfgs,2099,4080.959999999999,5963.343999999998,6.575180952375614e-08,6.398181360829828e-08,2.21406955798664e-09,2.7008447112483715e-08,3.475929693782792e-08,1.5764986486956483e-09,0.0,4.119577137580673e-23,1.3267048253318164e-32,1.685490387485041e-33
6,lbfgs,2109,4080.959999999999,5963.343999999998,6.570915248247369e-08,6.395959416657104e-08,2.1936815162424555e-09,2.701653829960066e-08,3.4749374350727924e-08,1.5560636204403853e-09,0.0,4.0470314541949995e-23,1.3266848896514626e-32,1.6853921131882084e-33
6,lbfgs,2119,4080.959999999999,5963.343999999998,6.566753201479053e-08,6.390032436151325e-08,2.1939550514497513e-09,2.701120447894346e-08,3.469516483112003e-08,1.573702144581398e-09,0.0,4.085512693461597e-23,1.326704365792442e-32,1.6854723964660436e-33
6,lbfgs,2129,4080.959999999999,5963.343999999998,6.562688430338208e-08,6.387949628178343e-08,2.1748690426594587e-09,2.7017799625404526e-08,3.468682761371944e-08,1.5538852979515987e-09,0.0,4.017158380129e-23,1.326684895607484e-32,1.6853776517500675e-33
6,lbfgs,2139,4080.959999999999,5963.343999999998,6.558714402301845e-08,6.382274031650962e-08,2.175602002702821e-09,2.701132301919758e-08,3.4635815294609226e-08,1.5708906811826247e-09,0.0,4.055337899725627e-23,1.326704116810216e-32,1.6854566578804345e-33
6,lbfgs,2149,4080.959999999999,5963.343999999998,6.554825911837038e-08,6.380310131340931e-08,2.157668555982244e-09,2.7016607707308368e-08,3.4628825050118694e-08,1.5516477397533339e-09,0.0,3.990681983034068e-23,1.3266850629529754e-32,1.6853650263583025e-33
7,adam,0,5963.343999999998,8598.681599999996,0.10882773149872636,0.08162079855686952,0.0002777770884074054,0.058807010797738084,0.022536010670724027,0.027206932852289825,0.0,2.338030783949895e-19,1.9600008123351213e-30,2.499999999999994e-31
7,adam,24,5963.343999999998,8598.681599999996,0.026848594081731195,0.013082592529940925,0.0001936560521427137,0.008296446948287992,0.004592489529510218,0.01376600146035542,0.0,1.6516929582383552e-20,2.8395232030938375e-31,5.122303993994334e-32
7,adam,49,5963.343999999998,8598.681599999996,0.021508242672730556,0.008121553335235766,5.355661353183035e-06,0.00522471632998414,0.002891481343898443,0.013386689243453764,0.0,6.493185496479423e-22,1.8501695627511108e-31,3.1720610922733036e-32
7,adam,74,5963.343999999998,8598.681599999996,0.018354031134034506,0.005298858620831008,3.6542171325848004e-06,0.003547792942983239,0.0017474114607151847,0.013055172415059322,0.0,3.307264770795969e-22,1.2931527769074206e-31,1.8844603371312366e-32
7,adam,99,5963.343999999998,8598.681599999996,0.016853977596175396,0.004104609144055864,1.0932533081708597e-06,0.002760113107861003,0.00134340278288669,0.012749368349795584,0.0,7.968678579288263e-23,9.835732127735215e-32,1.508277992414758e-32
7,adam,124,5963.343999999998,8598.681599999996,0.016022788541042672,0.0035397151274970656,9.991955984462496e-07,0.0024138355715983355,0.0011248803603002837,0.012483073308248688,0.0,7.057590632519565e-23,8.203864151663023e-32,1.308788209158645e-32
7,adam,149,5963.343999999998,8598.681599999996,0.015549163323563164,0.0032659877098661174,7.610887751226392e-07,0.002240268187944769,0.0010249584331462258,0.012283175506430698,0.0,5.038001006755278e-23,7.220060326252928e-32,1.1987197228019126e-32
7,adam,174,5963.343999999998,8598.681599999996,0.01523565497061713,0.0031174698234985396,6.867754925680208e-07,0.002153156682358913,0.0009636263656470587,0.01211818503845622,0.0,4.150473369104148e-23,6.564269760623404e-32,1.1309501397547453e-32
7,adam,199,5963.343999999998,8598.681599999996,0.015002452285582253,0.003026421807160896,5.557419231344362e-07,0.0021047930170914973,0.0009210730481462639,0.011976030368706777,0.0,3.308235013181975e-23,6.089131480314066e-32,1.083791609695602e-32
7,adam,224,5963.343999999998,8598.681599999996,0.015040608335348768,0.003168926320546064,3.9637978591214916e-07,0.0021971270044839567,0.0009714029362761953,0.011871681904267175,0.0,2.288742745433371e-23,6.13507960988523e-32,1.1345017544900672e-32
7,adam,249,5963.343999999998,8598.681599999996,0.014879990451488146,0.0031143077478916915,2.3416629820500156e-07,0.0021649246358603574,0.0009491489457331292,0.011765682592295901,0.0,1.3740512144984788e-23,5.892633086159645e-32,1.1122421733350588e-32
7,adam,274,5963.343999999998,8598.681599999996,0.01469902709989472,0.0030398209485234823,1.983954174513151e-07,0.0021114310735663292,0.0009281914795397018,0.011659206039200206,0.0,1.4668120544324273e-23,5.687445170997223e-32,1.0974606038114292e-32
7,adam,299,5963.343999999998,8598.681599999996,0.014449303345683317,0.0028939412129724775,3.6890059570266514e-07,0.0019882707173380933,0.0009053015950386815,0.01155536201935431,0.0,3.905925567727121e-23,5.510333716089194e-32,1.0837379707982675e-32
7,adam,324,5963.343999999998,8598.681599999996,0.013961082374685676,0.0025477933817954755,3.9129930334765306e-07,0.001683833423770146,0.0008635686587219818,0.011413288877463653,0.0,8.434632338135817e-23,5.317606652285531e-32,1.0512060208151628e-32
7,adam,349,5963.343999999998,8598.681599999996,0.01293941994352147,0.0019014464492892432,4.793777382472337e-07,0.0011196948916729276,0.0007812721798780682,0.011037973375042929,0.0,8.215194065906773e-23,4.764889513831876e-32,8.840287032204235e-33
7,adam,374,5963.343999999998,8598.681599999996,0.011850752573117542,0.0014776490217098901,2.8718212593563555e-07,0.0008587265306927934,0.0006186353088911611,0.010373103428820247,0.0,6.050715582429914e-23,4.2442158645313757e-32,7.024596809467605e-33
7,adam,399,5963.343999999998,8598.681599999996,0.010883808590082542,0.0012410311227158224,1.7034797216303731e-07,0.0007436216843320329,0.0004972390904116266,0.009642777341276032,0.0,7.663041911040785e-23,3.8953626576359156e-32,6.181010557966053e-33
7,adam,424,5963.343999999998,8598.681599999996,0.010034207591352944,0.0010905599687307135,1.7987116042737353e-07,0.000668089212206659,0.0004222908853636272,0.008943647492893279,0.0,8.079957241190576e-23,3.74438769729042e-32,5.6991157556321546e-33
7,adam,449,5963.343999999998,8598.681599999996,0.009256471016420678,0.0009603853927091019,2.173530692479496e-07,0.000598765998512153,0.000361402041127701,0.008296085490372961,0.0,1.0357644770828838e-22,3.485487233140999e-32,5.221784250879929e-33
7,adam,474,5963.343999999998,8598.681599999996,0.008558935188901702,0.0008601259215265201,2.481539571296348e-07,0.0005445196391952223,0.00031535812837416824,0.007698809130554453,0.0,1.3049073605159681e-22,3.278740898962801e-32,4.828587307366365e-33
7,adam,499,5963.343999999998,8598.681599999996,0.007925590056027377,0.0007797195302423641,2.5439581597183194e-07,0.0005002047135151732,0.0002792604209112191,0.007145870385611725,0.0,1.428859615204514e-22,3.10754378336181e-32,4.501877055523302e-33
7,adam,524,5963.343999999998,8598.681599999996,0.007353357233588491,0.0007158898508234624,2.715938992417759e-07,0.00047304996900833984,0.00024256828791588083,0.006637467239437253,0.0,1.5065049640578e-22,2.9721929945474336e-32,4.2010541314666183e-33
7,adam,549,5963.343999999998,8598.681599999996,0.006824482049642613,0.0006609055197218702,2.3618754428353796e-07,0.00043315428037588597,0.0002275150518017007,0.006163576383849272,0.0,1.4313555136482597e-22,2.826760922997512e-32,3.9999132239249275e-33
7,adam,574,5963.343999999998,8598.681599999996,0.006334425109695127,0.000610787130874691,2.192083134254214e-07,0.0004029937097133338,0.00020757421284793177,0.005723637830006778,0.0,1.3865007216927231e-22,2.7166240260084594e-32,3.799779355871934e-33
7,adam,599,5963.343999999998,8598.681599999996,0.00588452523881424,0.0005679650537861144,2.1869579015284426e-07,0.00038991485820149424,0.0001778314997944673,0.005316560033467792,0.0,1.3788770025702753e-22,2.6554399792055967e-32,3.480555747746821e-33
7,adam,624,5963.343999999998,8598.681599999996,0.005469327975471876,0.0005345043164815804,1.5578270661531714e-07,0.00036490598219421507,0.00016944255158074994,0.004934823505039705,0.0,9.65731147802506e-23,2.5654643325169024e-32,3.351116936255866e-33
7,adam,649,5963.343999999998,8598.681599999996,0.005074643934440267,0.0004932288910744946,1.2860741081545293e-07,0.00033568942150084916,0.00015741086216283006,0.004581414887096631,0.0,7.999640522019003e-23,2.474551963142795e-32,3.2147580029571525e-33
7,adam,674,5963.343999999998,8598.681599999996,0.004730378891835311,0.0004657855365516055,1.0864401700938082e-07,0.00032564752355436483,0.00014002936898023125,0.004264593196662566,0.0,6.336864261480495e-23,2.3735923227413174e-32,3.188634801454724e-33
7,adam,699,5963.343999999998,8598.681599999996,0.004383527701515805,0.00042763665769300147,9.124811598590604e-08,0.00028589456351401537,0.0001416508460630002,0.0039558908829445,0.0,4.8703559566426486e-23,2.3191932836304047e-32,2.906096802175954e-33
7,adam,724,5963.343999999998,8598.681599999996,0.004072601281816012,0.00039825595467595366,7.620470392469415e-08,0.0002659702120037939,0.00013220953796823503,0.0036743451640675775,0.0,4.2549563796750785e-23,2.2061979254159023e-32,2.9037681444801055e-33
7,adam,749,5963.343999999998,8598.681599999996,0.00377925644627135,0.0003630228985235649,8.390120431250411e-08,0.00024194670400810346,0.00012099229331114895,0.003416233382499972,0.0,4.340113147608665e-23,2.1699482386194447e-32,2.6643169802213846e-33
7,adam,774,5963.343999999998,8598.681599999996,0.0035753854093802787,0.0003691077733574608,7.923577501789115e-08,0.00025821080628487706,0.00011081773129756582,0.0032062774685749835,0.0,4.779895197793885e-23,2.033052285891503e-32,2.9440330649071164e-33
7,adam,799,5963.343999999998,8598.681599999996,0.003270641117009806,0.000317060554080655,8.201865046127092e-08,0.0002036040863238511,0.00011337444910634264,0.0029535803934482977,0.0,4.9295509389349295e-23,2.0187411643572372e-32,2.367879061470481e-33
7,adam,824,5963.343999999998,8598.681599999996,0.003034986768960622,0.0002812320356177424,8.724941696161108e-08,0.00018166233080298762,9.948245539779316e-05,0.0027537545618195503,0.0,5.30313174647042e-23,1.8275144129976915e-32,2.374274449853932e-33
7,adam,849,5963.343999999998,8598.681599999996,0.0028208369534614723,0.0002599555431520084,9.467089314875128e-08,0.00016436611970131122,9.549475255754844e-05,0.002560881236700016,0.0,5.919774948405878e-23,1.8125593389812738e-32,2.170675978449429e-33
7,adam,874,5963.343999999998,8598.681599999996,0.0026592090187268157,0.0002754247451308735,8.714648841512847e-08,0.00016136421053787963,0.00011397338810457868,0.002383784098024038,0.0,5.210313599117276e-23,1.6636099304582038e-32,2.2052259005054907e-33
7,adam,899,5963.343999999998,8598.681599999996,0.002454098748960395,0.00023867511533716987,1.018714014504141e-07,0.00014421490727028178,9.435833666543768e-05,0.0022154234562741537,0.0,5.701171339948659e-23,1.6568136227477462e-32,2.1780045609080768e-33
7,adam,924,5963.343999999998,8598.681599999996,0.0022803272212941995,0.0002155461048285661,1.2719601639202927e-07,0.00013196705387118698,8.34518549409871e-05,0.0020647809371762116,0.0,6.768805142161327e-23,1.672754039918049e-32,2.026021564609225e-33
7,adam,949,5963.343999999998,8598.681599999996,0.0021318884286875847,0.0002085108368349154,1.3956455544624985e-07,0.00012871691690421054,7.965435537525862e-05,0.0019233774106071353,0.0,7.286553864996497e-23,1.6125442666170942e-32,2.1873757531173583e-33
7,adam,974,5963.343999999998,8598.681599999996,0.01227693933213969,0.005728126533680983,8.565931483163679e-07,0.002543344166814024,0.0031839257737186423,0.0065488126075887556,0.0,6.351003139633193e-23,5.021858520726511e-32,8.488514445712798e-33
7,adam,999,5963.343999999998,8598.681599999996,0.009323338088139566,0.006143779803043016,4.165562480483119e-06,0.0017323493803477973,0.0044072648602147355,0.003179558083075263,0.0,2.6374103161766355e-21,1.9429621663048695e-32,2.5612985793929243e-33
7,adam,1024,5963.343999999998,8598.681599999996,0.00742237713884425,0.004413611248356221,1.2420176016247765e-06,0.002570830049418449,0.0018415391813361467,0.0030087656869777243,0.0,4.1719749701514337e-22,1.351394739322402e-32,1.4831916720993091e-33
7,adam,1049,5963.343999999998,8598.681599999996,0.0063809486031759415,0.0035979780181754012,1.571233427656402e-07,0.002508083971186762,0.001089736923645874,0.002782970380903881,0.0,9.655448412762024e-23,1.469092037899398e-32,1.830740063276253e-33
7,adam,1074,5963.343999999998,8598.681599999996,0.005758386750974967,0.0030865628190552595,6.972898159688348e-08,0.0020396277943542846,0.0010468652957193781,0.0026718237276607375,0.0,3.2249329803426246e-23,1.5041727077055772e-32,1.705413599846204e-33
7,adam,1099,5963.343999999998,8598.681599999996,0.0052595811673337685,0.00268453174511497,5.6151346058757003e-08,0.0016988061104038208,0.0009856694833650906,0.00257504921787988,0.0,2.4089713891438867e-23,1.5309398986236518e-32,1.645376159153991e-33
7,adam,1124,5963.343999999998,8598.681599999996,0.004842300011585191,0.0023490842536362994,8.579821418640303e-08,0.0014469822071481219,0.0009020162482739914,0.0024932155535376524,0.0,4.0157514995919806e-23,1.5477179064239685e-32,1.599284294728469e-33
7,adam,1149,5963.343999999998,8598.681599999996,0.004356342964626014,0.0019570463192052304,1.361522295048422e-07,0.0013816367249679822,0.0005752734420077433,0.002399296440840543,0.0,7.378931060696046e-23,1.4770912654725618e-32,1.655979210777084e-33
7,adam,1174,5963.343999999998,8598.681599999996,0.003968598845085972,0.0016531988799686247,7.831679838634114e-08,0.0012217210345323401,0.0004313995286378983,0.002315399760097259,0.0,4.164945315524114e-23,1.5175045198904484e-32,1.5615710385841457e-33
7,adam,1199,5963.343999999998,8598.681599999996,0.00368721881084341,0.0014384779706129492,5.3381121995314835e-08,0.00110869023149405,0.0003297343579969039,0.002248740634938401,0.0,3.037445235159461e-23,1.5381280568552566e-32,1.644042108843111e-33
7,adam,1224,5963.343999999998,8598.681599999996,0.0034909551575855093,0.001292282979737994,5.4070049534538154e-08,0.000990245936570166,0.0003019829731182932,0.002198671972435965,0.0,3.305566522229307e-23,1.4532753471276837e-32,1.5470321109657382e-33
7,adam,1249,5963.343999999998,8598.681599999996,0.0032956050612791992,0.0011414032672579782,5.810369472249639e-08,0.0008822107459352411,0.00025913441762801453,0.0021542015884648343,0.0,3.691144713578535e-23,1.4667273915333496e-32,1.5427898958624326e-33
7,adam,1274,5963.343999999998,8598.681599999996,0.003127103833177226,0.0010193809690544418,6.992592087258919e-08,0.0007915467534482082,0.00022776428968536105,0.002107722658350021,0.0,4.473065761923708e-23,1.4693476544765117e-32,1.546922633095367e-33
7,adam,1299,5963.343999999998,8598.681599999996,0.0029794851236795475,0.0009176205771366487,8.79720757892541e-08,0.0007168776504859226,0.0002006549545749367,0.002061864340522116,0.0,5.571359028426088e-23,1.460696577028943e-32,1.5633039495059373e-33
7,adam,1324,5963.343999999998,8598.681599999996,0.00284768211001046,0.0008298633602446029,9.751139547613049e-08,0.0006511455465969861,0.00017862030225214076,0.002017818543484076,0.0,6.147133633334155e-23,1.441047621044334e-32,1.5933820513873018e-33
7,adam,1349,5963.343999999998,8598.681599999996,0.0027286352893657827,0.0007525530957471393,9.059853635982453e-08,0.0005912146747847396,0.0001612478224260398,0.001976081987038471,0.0,5.725640698036337e-23,1.4300697826461588e-32,1.6342074084425165e-33
7,adam,1374,5963.343999999998,8598.681599999996,0.0026193487590988112,0.0006838594933918671,7.800260390986374e-08,0.000536116347365401,0.0001476651434225562,0.0019354890587937861,0.0,4.9042258068433056e-23,1.4224967353953028e-32,1.6868321572090178e-33
7,adam,1399,5963.343999999998,8598.681599999996,0.0025176367485532716,0.0006221041827823949,6.594420944113235e-08,0.0004841272592279442,0.00013791097934500945,0.0018955323585013025,0.0,4.079965580294094e-23,1.4074813484588987e-32,1.75453458374388e-33
7,lbfgs,1400,5963.343999999998,8598.681599999996,0.0025167749718009997,0.0006228205107696991,8.293750744661311e-08,0.0004821789702249606,0.0001405586030372919,0.0018939542537469462,0.0,5.213486497983825e-23,1.6372948761887289e-32,1.8983468578933292e-33
7,lbfgs,1409,5963.343999999998,8598.681599999996,0.001007165262642196,0.0004578753589605576,6.401143514853533e-08,0.00026963355132153587,0.00018817779620387324,0.0005492896931842565,0.0,3.946144086539734e-23,1.502423416133994e-32,2.83819986161224e-33
7,lbfgs,1419,5963.343999999998,8598.681599999996,0.0002884605628389599,0.00026385122088381466,1.650370924697297e-06,0.00012341296551677793,0.0001387878844423394,2.460912115126278e-05,0.0,3.33070075407311e-22,1.3955418108290162e-32,2.183683029724387e-33
7,lbfgs,1429,5963.343999999998,8598.681599999996,0.00018514661548015067,0.00017041857174399192,1.1553622791193833e-07,9.264728923510685e-05,7.765574628097314e-05,1.4727821942163523e-05,0.0,4.7365229410281344e-23,1.2122625841086648e-32,2.112769381175836e-33
7,lbfgs,1439,5963.343999999998,8598.681599999996,8.69346101935185e-05,8.417132720927217e-05,4.690369141708523e-08,3.9274205570294955e-05,4.485021794756013e-05,2.763062117492762e-06,0.0,1.5584436886714863e-23,1.24011696305611e-32,1.6702435205991822e-33
7,lbfgs,1449,5963.343999999998,8598.681599999996,2.578869020555028e-05,2.4796323365123077e-05,3.660247501778018e-08,1.6292873080711077e-05,8.466847809394222e-06,9.921468426977867e-07,0.0,1.5253575863865812e-23,1.0594370513887682e-32,1.4268531426077235e-33
7,lbfgs,1459,5963.343999999998,8598.681599999996,8.853120428290929e-06,8.580270860038064e-06,5.0402102782983065e-08,4.889896848306264e-06,3.6399719089488163e-06,2.726274597843328e-07,0.0,1.79291109253424e-23,1.0369044578000938e-32,1.3582974840365324e-33
7,lbfgs,1469,5963.343999999998,8598.681599999996,4.197165390827537e-06,3.856233619481489e-06,1.5574218691084103e-07,2.3972254177666862e-06,1.303266014803961e-06,3.4070674486813204e-07,0.0,1.0078033341398598e-22,1.0570531955724935e-32,1.3459414221021188e-33
7,lbfgs,1479,5963.343999999998,8598.681599999996,2.946801147925463e-06,2.787602613309327e-06,6.349242357989213e-08,1.773084900040564e-06,9.510252896888708e-07,1.589719345825591e-07,0.0,3.001706119089732e-23,1.0607597712289572e-32,1.3443813229489722e-33
7,lbfgs,1489,5963.343999999998,8598.681599999996,2.050411120520879e-06,1.9851626568105683e-06,1.9286479298883042e-08,9.732737302230306e-07,9.926024472886543e-07,6.502042255571569e-08,0.0,9.42109220813609e-24,1.0764391104511627e-32,1.3567983555994645e-33
7,lbfgs,1499,5963.343999999998,8598.681599999996,1.44673289219599e-06,1.3397932764671717e-06,9.712549191302746e-09,6.893222237285002e-07,6.407585035473688e-07,1.0670882732180028e-07,0.0,2.945453320673777e-24,1.0881855719190281e-32,1.3788805966305147e-33
7,lbfgs,1509,5963.343999999998,8598.681599999996,1.2178640628754194e-06,1.2017199879445265e-06,6.2892215258249935e-09,6.2802794187638e-07,5.674028245423215e-07,1.5912496700176165e-08,0.0,1.249692065549741e-24,1.0875721131455466e-32,1.3688559363450897e-33
7,lbfgs,1519,5963.343999999998,8598.681599999996,9.783300946310282e-07,9.457409095432621e-07,9.416084446805759e-09,5.157423197679916e-07,4.205825053284648e-07,3.2357589361989326e-08,0.0,1.3908906591959275e-24,1.0852512773962363e-32,1.3775182912900199e-33
7,lbfgs,1529,5963.343999999998,8598.681599999996,8.023685815916626e-07,7.840362724157564e-07,2.8481393059029398e-09,4.410096433678279e-07,3.401784897420255e-07,1.8099233499946748e-08,0.0,1.1888546774880198e-24,1.0858901009154998e-32,1.3605935875100162e-33
7,lbfgs,1539,5963.343999999998,8598.681599999996,6.194571823289989e-07,5.653187352634352e-07,3.6719795537448748e-09,2.777023549917643e-07,2.83944400717926e-07,5.390304182476725e-08,0.0,8.95594189634124e-25,1.0868847718204713e-32,1.3703774808560355e-33
7,lbfgs,1549,5963.343999999998,8598.681599999996,3.887824891270258e-07,3.7018856711510124e-07,2.4020302568261706e-09,1.6551785205479713e-07,2.0226868480347795e-07,1.835632801810569e-08,0.0,1.1636593355375484e-24,1.0904407605101095e-32,1.3600120642671814e-33
7,lbfgs,1559,5963.343999999998,8598.681599999996,3.2654013996551145e-07,2.964588112816578e-07,2.6093423781724663e-09,1.5718241968981227e-07,1.3666704921367307e-07,2.984234721112802e-08,0.0,1.135668547294573e-24,1.0872129156706379e-32,1.3535840629878464e-33
7,lbfgs,1569,5963.343999999998,8598.681599999996,2.434489213506169e-07,2.292852763602069e-07,2.3203374915919993e-09,1.3748355127560014e-07,8.948138759301476e-08,1.3924901709733041e-08,0.0,9.118925003816626e-25,1.0910313938532135e-32,1.3614488972465508e-33
7,lbfgs,1579,5963.343999999998,8598.681599999996,1.7523878323634147e-07,1.70839361280374e-07,4.121443520372182e-09,1.0443177099824325e-07,6.228614676175856e-08,4.158275800161515e-09,0.0,1.687225615978183e-24,1.0940944965302776e-32,1.359970125057335e-33
7,lbfgs,1589,5963.343999999998,8598.681599999996,1.6793956722095108e-07,1.6316694441381234e-07,2.0600011913038245e-09,9.624329285978092e-08,6.486365036272758e-08,4.531382377166028e-09,0.0,6.9221645887820095e-25,1.0937851416172146e-32,1.3597697657586483e-33
7,lbfgs,1599,5963.343999999998,8598.681599999996,1.5833528652256917e-07,1.5684054624025427e-07,2.114893594750722e-09,9.742613150709594e-08,5.729952113840759e-08,1.2520176331639894e-09,0.0,7.097271848620726e-25,1.0945897255462716e-32,1.3576624238745415e-33
7,lbfgs,1609,5963.343999999998,8598.681599999996,1.417050843359098e-07,1.4015201586990336e-07,2.3721135372065776e-09,7.901580666909922e-08,5.876409566359758e-08,1.3086957788369285e-09,0.0,8.839656393908917e-25,1.0964509116539826e-32,1.3637782476278282e-33
7,lbfgs,1619,5963.343999999998,8598.681599999996,1.3782813273179672e-07,1.3679718644853358e-07,2.7471343493638637e-09,7.646143226953026e-08,5.758861982963946e-08,7.855942719595287e-10,0.0,1.123745305899663e-24,1.097574770250384e-32,1.3622956300049804e-33
7,lbfgs,1629,5963.343999999998,8598.681599999996,1.3104236366979044e-07,1.2930719100720305e-07,2.3766892559557866e-09,7.353014413815022e-08,5.3400357613097045e-08,1.490437946419306e-09,0.0,9.045395897602115e-25,1.0972310677337371e-32,1.3609673457028337e-33
7,lbfgs,1639,5963.343999999998,8598.681599999996,1.245066375558162e-07,1.2367850691505865e-07,1.8658748421250724e-09,6.857393710456705e-08,5.323869496836654e-08,5.838572357145772e-10,0.0,5.660645865371308e-25,1.098374057276071e-32,1.3618721815702115e-33
7,lbfgs,1649,5963.343999999998,8598.681599999996,1.1738571533620789e-07,1.1510956849630416e-07,1.7063441712407789e-09,6.033846407662196e-08,5.306476024844142e-08,2.031688498661111e-09,0.0,5.064616850637271e-25,1.0956611100564423e-32,1.360381177856635e-33
7,lbfgs,1659,5963.343999999998,8598.681599999996,1.0532828400565181e-07,1.0359102850217493e-07,1.3767836756459189e-09,5.461618960677236e-08,4.759805521975666e-08,1.4921894417796797e-09,0.0,4.6107228700823215e-25,1.0972542831560658e-32,1.3608236296464952e-33
7,lbfgs,1669,5963.343999999998,8598.681599999996,9.84368951103462e-08,9.60728457755275e-08,1.2973326867671524e-09,4.891560714655255e-08,4.585990594220779e-08,2.118271787103593e-09,0.0,5.1676396180476115e-25,1.097282052090237e-32,1.3632786729645925e-33
7,lbfgs,1679,5963.343999999998,8598.681599999996,9.744375709188516e-08,9.46086729634643e-08,1.1395654258774635e-09,4.891701728699862e-08,4.4552090250588215e-08,2.589498685607682e-09,0.0,4.24662898451615e-25,1.097141815038306e-32,1.3632052667631004e-33
7,lbfgs,1689,5963.343999999998,8598.681599999996,9.624616653009905e-08,9.3464570213558e-08,8.626868604440342e-10,4.958931573662424e-08,4.3012567616489724e-08,2.536172133765166e-09,0.0,2.577240226910815e-25,1.0970054302229864e-32,1.3629369711514189e-33
7,lbfgs,1699,5963.343999999998,8598.681599999996,8.803436903732473e-08,8.465784605887096e-08,1.4179346791553796e-09,4.791949257012297e-08,3.532041880959261e-08,3.1312548420518426e-09,0.0,5.760353952356925e-25,1.0973920226418515e-32,1.3625486682051499e-33
7,lbfgs,1709,5963.343999999998,8598.681599999996,8.091934420437939e-08,7.878798090177095e-08,4.764479966265162e-09,4.301992199825477e-08,3.1003578937251024e-08,1.8856535812690156e-09,0.0,3.195888038192577e-24,1.09607591827606e-32,1.3616108433697776e-33
7,lbfgs,1719,5963.343999999998,8598.681599999996,7.28738405605964e-08,6.803034285896399e-08,3.191772088793685e-09,3.84406454848184e-08,2.6397925285351912e-08,4.597170641756191e-09,0.0,2.1843640918166326e-24,1.09670264691893e-32,1.3601814360025891e-33
7,lbfgs,1729,5963.343999999998,8598.681599999996,6.234968731972304e-08,6.06621002662589e-08,4.223388520550587e-10,4.0790708674551076e-08,1.9449052739652772e-08,1.4404179251926394e-09,0.0,1.3172213635506232e-25,1.0964336925982238e-32,1.3608573337307872e-33
7,lbfgs,1739,5963.343999999998,8598.681599999996,6.20902677573747e-08,6.067385412897946e-08,4.0574710833163845e-10,4.0639059635174985e-08,1.9629047385472838e-08,1.1692153932636946e-09,0.0,1.0494432934277173e-25,1.0966234523745095e-32,1.36118927479837e-33
7,lbfgs,1749,5963.343999999998,8598.681599999996,6.203302976690069e-08,6.062770393696838e-08,3.9896631849691606e-10,4.0743391986016944e-08,1.9485345632454524e-08,1.1581387786126875e-09,0.0,9.902962096929053e-26,1.0965928935663103e-32,1.3611284722900118e-33
7,lbfgs,1759,5963.343999999998,8598.681599999996,6.197695622510352e-08,6.055243733923797e-08,4.0862328075354237e-10,4.0593638290544096e-08,1.9550175767940335e-08,1.1773170812014644e-09,0.0,1.0323837735635228e-25,1.096624345893131e-32,1.3611782498002294e-33
7,lbfgs,1769,5963.343999999998,8598.681599999996,6.192133873453576e-08,6.051406888015031e-08,4.0025777772359617e-10,4.068807271208899e-08,1.9425738390337724e-08,1.1600803565989344e-09,0.0,9.806073753079178e-26,1.0965929596748732e-32,1.361123911864736e-33
7,lbfgs,1779,5963.343999999998,8598.681599999996,6.186597087747103e-08,6.044261599093494e-08,4.0898157401363577e-10,4.0535131096195365e-08,1.949850332072594e-08,1.1761514744482777e-09,0.0,1.0260687144150005e-25,1.0966238067733936e-32,1.3611755986844813e-33
7,lbfgs,1789,5963.343999999998,8598.681599999996,6.181078801740214e-08,6.04060303179874e-08,4.00048166910598e-10,4.0627217348798754e-08,1.9378764802278044e-08,1.1575669379213141e-09,0.0,9.758882134345563e-26,1.0965925591509574e-32,1.3611231331254594e-33
7,lbfgs,1799,5963.343999999998,8598.681599999996,6.175576181662083e-08,6.033562016876935e-08,4.0843919099060493e-10,4.0473885217006005e-08,1.945329576077273e-08,1.172937182402123e-09,0.0,1.0221179611651103e-25,1.0966235234624264e-32,1.3611757420437143e-33
7,lbfgs,1809,5963.343999999998,8598.681599999996,6.170088291233888e-08,6.029948355586453e-08,3.993388759133876e-10,4.056517174957224e-08,1.933497293037891e-08,1.1542075549488977e-09,0.0,9.724410050484631e-26,1.0965926560564566e-32,1.3611243345754494e-33
7,lbfgs,1819,5963.343999999998,8598.681599999996,6.164614248746375e-08,6.022953306467221e-08,4.075902110458874e-10,4.041221001609192e-08,1.940973283753441e-08,1.1694039248768617e-09,0.0,1.0188238064637965e-25,1.0966238227452607e-32,1.3611774626445385e-33
7,lbfgs,1829,5963.343999999998,8598.681599999996,6.159153904225709e-08,6.019356352660075e-08,3.9844710259677607e-10,4.050307549961415e-08,1.9292040924389817e-08,1.150782580660937e-09,0.0,9.693609010576516e-26,1.096593319635599e-32,1.3611267494995234e-33
7,lbfgs,1839,5963.343999999998,8598.681599999996,6.153706741183893e-08,6.012395025871059e-08,4.0662082927850837e-10,4.035066782930748e-08,1.9366661600124595e-08,1.165910461450424e-09,0.0,1.0157259354739192e-25,1.0966246390814779e-32,1.3611801656592277e-33
7,lbfgs,1849,5963.343999999998,8598.681599999996,6.148272795854294e-08,6.008809747000913e-08,3.974755617891412e-10,4.04412035549423e-08,1.9249418353277696e-08,1.1474362226246762e-09,0.0,9.663860750207302e-26,1.0965944317359009e-32,1.3611299362324366e-33
7,lbfgs,1859,5963.343999999998,8598.681599999996,6.142851662071305e-08,6.001879763163675e-08,4.0559438293103226e-10,4.0289377648287355e-08,1.932382560041837e-08,1.1625108869999059e-09,0.0,1.0126848468949357e-25,1.0966258390630199e-32,1.3611834951029724e-33
7,lbfgs,1869,5963.343999999998,8598.681599999996,6.137443441814555e-08,5.998306000421365e-08,3.964624574962225e-10,4.037960061031745e-08,1.9206996936399985e-08,1.1441785941216174e-09,0.0,9.634392550708125e-26,1.0965958630856584e-32,1.361133621367871e-33
7,lbfgs,1879,5963.343999999998,8598.681599999996,6.132047776584582e-08,5.991406925077062e-08,4.045365562905261e-10,4.02283448861175e-08,1.9281187808362594e-08,1.1591987791939014e-09,0.0,1.0096610947991019e-25,1.0966273059201536e-32,1.3611872319350009e-33
7,lbfgs,1889,5963.343999999998,8598.681599999996,6.126664799017706e-08,5.987845331288257e-08,3.95425137734489e-10,4.031825479112011e-08,1.9164773384027973e-08,1.1409970854203023e-09,0.0,9.605019363894538e-26,1.0965975126269714e-32,1.3611376360874456e-33
7,lbfgs,1899,5963.343999999998,8598.681599999996,6.121294177023071e-08,5.980976997613245e-08,4.0346015513713407e-10,4.01675515521578e-08,1.923875826883751e-08,1.1559602130789018e-09,0.0,1.0066478557944909e-25,1.0966289540703223e-32,1.361191241744179e-33
7,lbfgs,1909,5963.343999999998,8598.681599999996,6.115936060442203e-08,5.97742820560387e-08,3.9437313100670635e-10,4.025714651854564e-08,1.9122762406486362e-08,1.1378789825998858e-09,0.0,9.575737574582061e-26,1.0965993094245899e-32,1.3611418762480383e-33
7,lbfgs,1919,5963.343999999998,8598.681599999996,6.110590134358735e-08,5.970590413391428e-08,4.0237271907203895e-10,4.0106980725543915e-08,1.9196550689298338e-08,1.1527835909800855e-09,0.0,1.003647675714993e-25,1.096630724990419e-32,1.3611954413662827e-33
7,lbfgs,1929,5963.343999999998,8598.681599999996,6.105256559439214e-08,5.967054916930335e-08,3.9331241413384984e-10,4.019626095178272e-08,1.908097580338678e-08,1.1348147034794614e-09,0.0,9.546586401921053e-26,1.0966012059276202e-32,1.3611462765559348e-33
7,lbfgs,1939,5963.343999999998,8598.681599999996,6.099935033107986e-08,5.960247413700607e-08,4.012791728063711e-10,4.00466216271477e-08,1.9154573337052e-08,1.1496603655348205e-09,0.0,1.0006645009786529e-25,1.0966325798588114e-32,1.3611997780392828e-33
7,lbfgs,1949,5963.343999999998,8598.681599999996,6.094625723236851e-08,5.956725586420718e-08,3.922470463414682e-10,4.013558954462185e-08,1.9039419273243866e-08,1.1317973289723967e-09,0.0,9.517603517896057e-26,1.0966031708733833e-32,1.3611507947195785e-33
7,lbfgs,1959,5963.343999999998,8598.681599999996,6.089328336633828e-08,5.9499480910471324e-08,4.001829350677019e-10,3.998646912748252e-08,1.91128288479211e-08,1.146584265035807e-09,0.0,9.977013301855325e-26,1.0966344931995979e-32,1.3612042169602007e-33
7,lbfgs,1969,5963.343999999998,8598.681599999996,6.084043046102578e-08,5.946440219044948e-08,3.911799238168768e-10,4.007512871279512e-08,1.8998093553837488e-08,1.1288217710367157e-09,0.0,9.488814284365579e-26,1.0966051837965816e-32,1.3611554021136849e-33
7,lbfgs,1979,5963.343999999998,8598.681599999996,6.078769565812986e-08,5.939692441756959e-08,3.990864760014956e-10,3.992652206810081e-08,1.9071315873467284e-08,1.1435505531946208e-09,0.0,9.947598522895283e-26,1.096636448267917e-32,1.3612087340596845e-33
7,lbfgs,1989,5963.343999999998,8598.681599999996,6.073508071919439e-08,5.936198748172965e-08,3.901131868637791e-10,4.0014878139810774e-08,1.89569961550551e-08,1.1258841520800029e-09,0.0,9.460232042000409e-26,1.0966072312164943e-32,1.3611600783851195e-33
7,lbfgs,1999,5963.343999999998,8598.681599999996,6.06825828452057e-08,5.929480402022115e-08,3.979916361497383e-10,3.98667817104171e-08,1.903003067365431e-08,1.1405555232408665e-09,0.0,9.918406828282799e-26,1.0966384339370972e-32,1.3612133118483447e-33
7,lbfgs,2009,5963.343999999998,8598.681599999996,6.063020381983533e-08,5.926001063211169e-08,3.890484625179649e-10,3.995483940764748e-08,1.8916122761946246e-08,1.1229814064506712e-09,0.0,9.431861177274187e-26,1.0966093041231887e-32,1.3611648083491513e-33
7,lbfgs,2019,5963.343999999998,8598.681599999996,6.057794089269562e-08,5.919311869507423e-08,3.9689982281578006e-10,3.980725060078058e-08,1.8988968271477876e-08,1.1375961782413123e-09,0.0,9.889437013165523e-26,1.0966404426756933e-32,1.3612179370212996e-33
7,lbfgs,2029,5963.343999999998,8598.681599999996,6.052579586126481e-08,5.9158470255035874e-08,3.87987016885026e-10,3.9895015050803755e-08,1.887546818734709e-08,1.1201110327141328e-09,0.0,9.403700189554014e-26,1.0966113963634977e-32,1.3611695801868276e-33
7,lbfgs,2039,5963.343999999998,8598.681599999996,6.047376601571431e-08,5.9091867157789775e-08,3.958121354731923e-10,3.9747931828302753e-08,1.8948123194013828e-08,1.134670030532148e-09,0.0,9.860683361104377e-26,1.0966424692578054e-32,1.361222599056619e-33
7,lbfgs,2049,5963.343999999998,8598.681599999996,6.042185316101541e-08,5.9057364772439184e-08,3.869298539081308e-10,3.983540795526836e-08,1.883502696326269e-08,1.1172709385324441e-09,0.0,9.375744043951733e-26,1.096613503619312e-32,1.3611743843788038e-33
7,lbfgs,2059,5963.343999999998,8598.681599999996,6.037005462190628e-08,5.899104793383428e-08,3.947294480391608e-10,3.968882857123109e-08,1.8907489914564028e-08,1.1317749736269975e-09,0.0,9.832137682766426e-26,1.0966445099492546e-32,1.3612272893769707e-33
7,lbfgs,2069,5963.343999999998,8598.681599999996,6.031837220628982e-08,5.8956692464980534e-08,3.8587778110572727e-10,3.977602099987357e-08,1.879479368400124e-08,1.114459341055811e-09,0.0,9.347985797497094e-26,1.0966156227651089e-32,1.3611792130575224e-33
7,lbfgs,2079,5963.343999999998,8598.681599999996,6.026680326870371e-08,5.889065940065787e-08,3.936524640265391e-10,3.96299438393303e-08,1.8867063097301033e-08,1.1289091974626075e-09,0.0,9.803790660546973e-26,1.0966465619954484e-32,1.3612320008321902e-33
7,lbfgs,2089,5963.343999999998,8598.681599999996,6.021534961652485e-08,5.885645150133617e-08,3.8483145438956167e-10,3.971685685727184e-08,1.8754763189674766e-08,1.1116747003544337e-09,0.0,9.320417641227892e-26,1.096617751463977e-32,1.3611840595992086e-33
7,lbfgs,2099,5963.343999999998,8598.681599999996,6.016400863062381e-08,5.879069981368492e-08,3.9258175444508797e-10,3.957128033996633e-08,1.8826837719273503e-08,1.126071129865091e-09,0.0,9.775632687726275e-26,1.0966486232984337e-32,1.361236727367115e-33
7,lbfgs,2109,5963.343999999998,8598.681599999996,6.011278211533381e-08,5.8756639956691145e-08,3.83791409519889e-10,3.9657917894371845e-08,1.8714930652799405e-08,1.108915673022509e-09,0.0,9.293031550835525e-26,1.0966198879126544e-32,1.3611889183558543e-33
7,lbfgs,2119,5963.343999999998,8598.681599999996,6.006166747505305e-08,5.869116732443252e-08,3.9151778460750437e-10,3.951284042006636e-08,1.8786809119758653e-08,1.123259394362337e-09,0.0,9.74765435409915e-26,1.0966506922118294e-32,1.3612414637985641e-33
7,lbfgs,2129,5963.343999999998,8598.681599999996,6.00106665092636e-08,5.865725582548029e-08,3.8275808484898363e-10,3.959920613279493e-08,1.867529160783638e-08,1.1061810783329304e-09,0.0,9.26581965515957e-26,1.0966220306791206e-32,1.361193784470269e-33
7,lbfgs,2139,5963.343999999998,8598.681599999996,5.995977664378237e-08,5.8592059993881635e-08,3.9046093369864657e-10,3.945462605175562e-08,1.874697300842737e-08,1.1204727784796248e-09,0.0,9.719846724888714e-26,1.0966527674092583e-32,1.3612462056584126e-33
7,lbfgs,2149,5963.343999999998,8598.681599999996,5.990899967182854e-08,5.8558297031245596e-08,3.817318383065072e-10,3.954072324402271e-08,1.8635841948916378e-08,1.1034698725374948e-09,0.0,9.238774452696601e-26,1.0966241785978224e-32,1.3611986537423684e-33
8,adam,0,8598.681599999996,11598.681599999996,0.10882768943672963,0.08162076700858026,0.0002777681651680939,0.05880698817268813,0.022536010670724027,0.027206922336193415,0.0,1.202409226423894e-21,1.9600000582563875e-30,2.499999999999994e-31
8,adam,24,8598.681599999996,11598.681599999996,0.027273508352165014,0.013231087327180448,0.00013888330883514706,0.00847146604583215,0.0046207379725131505,0.014042420931423683,0.0,5.624921607564483e-23,2.8897747329677347e-31,5.139112441837163e-32
8,adam,49,8598.681599999996,11598.681599999996,0.021369976480500662,0.007896007181283126,2.5645229020992196e-05,0.005168912408793047,0.0027014495434690877,0.013473969202759012,0.0,2.5343318946052464e-23,1.8147518875195746e-31,2.970322931567616e-32
8,adam,74,8598.681599999996,11598.681599999996,0.018700775597547705,0.0055110216977465884,5.16841421561624e-06,0.0037522021217031424,0.0017536511618278297,0.013189753799683736,0.0,1.1442507551830623e-24,1.3448698392210985e-31,1.9133134456791614e-32
8,adam,99,8598.681599999996,11598.681599999996,0.017398001932891247,0.00444213987594389,4.109584034335041e-06,0.0030260020662375487,0.0014120282256720055,0.012955861953220599,0.0,2.0370535123872815e-24,1.0704874892509202e-31,1.5743887485287655e-32
8,adam,124,8598.681599999996,11598.681599999996,0.01664814202861926,0.003909232078353858,1.8809577332177012e-06,0.0026767528303729663,0.0012305982902476738,0.0127389098438584,0.0,8.203184943396296e-25,9.191155206856144e-32,1.4040525375761856e-32
8,adam,149,8598.681599999996,11598.681599999996,0.016191401871070377,0.0036183547732508235,8.195593992277481e-07,0.002476458073323034,0.0011410771405285618,0.0125730469895371,0.0,2.3184931665301393e-25,8.272658036390231e-32,1.307504141445156e-32
8,adam,174,8598.681599999996,11598.681599999996,0.015862048266360878,0.0034242992617221565,8.06644532670175e-07,0.0023413792825792918,0.0010821133346101944,0.012437748894916952,0.0,1.5791408778373839e-25,7.648813738482085e-32,1.2457908266955077e-32
8,adam,199,8598.681599999996,11598.681599999996,0.015607904225718868,0.003297278855285895,8.491030372984345e-07,0.0022576138625328875,0.0010388158897157089,0.01231062525944082,0.0,1.5032138396724504e-25,7.163072661532436e-32,1.1989976227958442e-32
8,adam,224,8598.681599999996,11598.681599999996,0.01539289835181886,0.0031818587764833716,8.042121402070522e-07,0.002188697211996184,0.0009923573523469807,0.012211039463250051,0.0,1.3730594596916738e-25,6.673833273339008e-32,1.1525807835548122e-32
8,adam,249,8598.681599999996,11598.681599999996,0.015230108255663207,0.0031188865981441904,7.148408771554769e-07,0.002150599906828016,0.0009675718504390191,0.012111221544498714,0.0,1.2789416137424264e-25,6.379551662146687e-32,1.1244266132206428e-32
8,adam,274,8598.681599999996,11598.681599999996,0.015078233684233366,0.003065181505801452,5.049107271910384e-07,0.002117723306687463,0.0009469532883867985,0.012013052064578417,0.0,7.898083113984651e-26,6.134739843875166e-32,1.104754078205635e-32
8,adam,299,8598.681599999996,11598.681599999996,0.014916837783062815,0.00299691733371867,3.0456579430814156e-07,0.0020694692253072013,0.0009271435426171603,0.01191992033462941,0.0,4.178538696534742e-26,5.925647410473337e-32,1.0877455066969812e-32
8,adam,324,8598.681599999996,11598.681599999996,0.014706327477059581,0.0028808085269647426,2.5812533937433613e-07,0.001976250426740455,0.0009042999748849133,0.011825518834295673,0.0,7.120818127952537e-26,5.742707149544795e-32,1.0721981101059182e-32
8,adam,349,8598.681599999996,11598.681599999996,0.014314415924802181,0.0026146866546954235,3.625231642976917e-07,0.0017410906065418754,0.0008732335249892504,0.011699729152568247,0.0,1.0910963474566183e-25,5.560409790275932e-32,1.0550217364845817e-32
8,adam,374,8598.681599999996,11598.681599999996,0.013489295690710362,0.0020461800033942023,1.3447746270678986e-06,0.0012245175312472492,0.0008203176975198855,0.01144311556671085,0.0,3.8588332923930343e-25,5.100561622939957e-32,9.151234756346789e-33
8,adam,399,8598.681599999996,11598.681599999996,0.012594372781995274,0.001676635174743207,3.546776676556694e-07,0.0010028163942716179,0.0006734641028039334,0.010917737483712853,0.0,3.400709983389497e-25,4.647935356291909e-32,7.519253134669428e-33
8,adam,424,8598.681599999996,11598.681599999996,0.011814502571290832,0.0014818328878466371,2.272658927482976e-07,0.0009096139438360851,0.0005719916781178039,0.010332669556923971,0.0,2.123826627821932e-25,4.3753836821533167e-32,6.85287884068341e-33
8,adam,449,8598.681599999996,11598.681599999996,0.011104845881219239,0.001330316830506119,2.080238590707519e-07,0.0008359572884620609,0.0004941515181849872,0.009774528921244337,0.0,2.0891648309014415e-25,4.1279850378336643e-32,6.341530101898639e-33
8,adam,474,8598.681599999996,11598.681599999996,0.010446774036542062,0.0012034105997585406,1.6819875094817525e-07,0.0007684001374390483,0.00043484226356854417,0.009243363304288111,0.0,1.9692413114031688e-25,3.90782826590821e-32,5.918365994392619e-33
8,adam,499,8598.681599999996,11598.681599999996,0.009832501974936866,0.001095241429627248,1.333927178855512e-07,0.0007099917609311707,0.0003851162759781916,0.008737260409732574,0.0,1.8202275216342863e-25,3.713173266355014e-32,5.528346317170155e-33
8,adam,524,8598.681599999996,11598.681599999996,0.009260556905283851,0.0010038819139933047,1.0627288965456359e-07,0.0006595087191030998,0.00034426692200055037,0.008256674852730107,0.0,1.6717028744269594e-25,3.5403883613053704e-32,5.18150873761974e-33
8,adam,549,8598.681599999996,11598.681599999996,0.00874438476087057,0.0009312861238502611,8.153958485539639e-08,0.0006239480596396847,0.00030725652462572096,0.00781309849588001,0.0,1.2183452147106804e-25,3.4158554079994475e-32,4.752532676263558e-33
8,adam,574,8598.681599999996,11598.681599999996,0.008245672975458699,0.0008659341909379705,5.685793734494364e-08,0.0005784598198170107,0.00028741751318361473,0.007379738641276278,0.0,1.082935411043236e-25,3.2594124895948074e-32,4.564267253055191e-33
8,adam,599,8598.681599999996,11598.681599999996,0.007781640616139124,0.0008058997938876569,4.52868133965479e-08,0.0005451314660663313,0.000260723041007929,0.006975740676904843,0.0,8.160314191125265e-26,3.136416441021732e-32,4.362434550862109e-33
8,adam,624,8598.681599999996,11598.681599999996,0.007275420676144977,0.0006812872364143245,4.041929524021807e-08,0.0004642227200795652,0.00021702409703951907,0.006594133292153912,0.0,7.598071205619217e-26,2.907858187586042e-32,3.8154269872940417e-33
8,adam,649,8598.681599999996,11598.681599999996,0.006874333910967816,0.0006405201589876583,2.568245626257045e-08,0.000432304348282391,0.00020819012824900476,0.006233813602354016,0.0,6.59993974538433e-26,2.7788494264260787e-32,3.628932590918807e-33
8,adam,674,8598.681599999996,11598.681599999996,0.006491226869386359,0.0005967679184295958,1.0554739491481822e-08,0.0004061383516011548,0.00019061901208894963,0.005894458799344007,0.0,3.1841350708641017e-26,2.6738399470721913e-32,3.476265111189423e-33
8,adam,699,8598.681599999996,11598.681599999996,0.006131782548078811,0.0005573546593713602,1.8529295058327666e-08,0.0003804957966270391,0.00017684033344926274,0.005574427735044925,0.0,5.773362258856231e-26,2.5955208702090814e-32,3.285396534137079e-33
8,adam,724,8598.681599999996,11598.681599999996,0.0058238556986203996,0.0005455164506641315,2.410989728968232e-08,0.0003733958623775141,0.00017209647838932766,0.005278339092421428,0.0,3.086068981560513e-26,2.4333159757123741e-32,3.533107523990375e-33
8,adam,749,8598.681599999996,11598.681599999996,0.0054845815407087006,0.0004958275117581099,1.6048643481009e-08,0.0003339127803523419,0.00016189868276228695,0.004988753871571543,0.0,2.819916870551853e-26,2.4089162955898493e-32,3.0437066177364156e-33
8,adam,774,8598.681599999996,11598.681599999996,0.005177532042505217,0.0004608399178288598,2.5741737783838806e-08,0.0003145728982020624,0.00014624127788901353,0.0047166919653594255,0.0,5.1186244422337105e-26,2.3503946177752026e-32,2.9178124561966822e-33
8,adam,799,8598.681599999996,11598.681599999996,0.007670472545124769,0.001971178960496388,3.597795903487891e-07,0.0017434607833708648,0.0002273583975351743,0.00569929342286082,0.0,7.81599351596539e-25,3.0473119374052497e-32,3.0830308473953335e-33
8,adam,824,8598.681599999996,11598.681599999996,0.02239700776988498,0.007696696764572223,4.335318897643124e-08,0.002344115181072617,0.0053525382303106295,0.014700310836688648,0.0,6.683276643011154e-26,8.037526443641567e-32,1.5791684969578744e-32
8,adam,849,8598.681599999996,11598.681599999996,0.020846945443589313,0.006758251759485941,3.5781469693492264e-09,0.0022449679277492126,0.004513280253589759,0.014088693513981876,0.0,1.9170618229154982e-27,6.29869064481536e-32,1.2127517732310652e-32
8,adam,874,8598.681599999996,11598.681599999996,0.01931402289121427,0.006038371624767178,3.740386125035736e-09,0.0022494534136685423,0.003788914470712511,0.013275651095864191,0.0,2.9033338122433873e-27,5.592096279308263e-32,1.0438069039910874e-32
8,adam,899,8598.681599999996,11598.681599999996,0.017321598810615416,0.005356311361919665,3.0560878678456885e-09,0.0021897334268252914,0.0031665748790065057,0.011965287277609262,0.0,2.895826110674497e-27,5.036901200572096e-32,9.078874502398147e-33
8,adam,924,8598.681599999996,11598.681599999996,0.009623811196295308,0.003847551937418265,5.901743951328251e-07,0.0016563461459709707,0.0021906156170521615,0.005776259085893646,0.0,2.1780561098192357e-24,3.275589853660681e-32,4.516146506471417e-33
8,adam,949,8598.681599999996,11598.681599999996,0.008090372090869961,0.0029280224005032,9.607356013643727e-08,0.001282736221877295,0.0016451901050657685,0.0051623495157600025,0.0,3.1271313552556166e-25,2.1637214595641454e-32,2.2289870288506507e-33
8,adam,974,8598.681599999996,11598.681599999996,0.007513872907200075,0.0024551217185015545,4.6063556731115826e-08,0.0011099013855341816,0.0013451742694106418,0.00505875101402133,0.0,1.3062862771817139e-25,1.9737312271284698e-32,2.1571408508106726e-33
8,adam,999,8598.681599999996,11598.681599999996,0.006913076353310155,0.002004286907010865,3.1738704093156315e-08,0.0010282503811499697,0.000976004787156802,0.004908789271763614,0.0,8.969520409895617e-26,1.929920386451422e-32,2.3814496592080826e-33
8,adam,1024,8598.681599999996,11598.681599999996,0.006377128879114494,0.0015849747106192026,4.146207881586296e-08,0.0008124989797831518,0.0007724342687572351,0.00479215399398335,0.0,1.1442856608673028e-25,1.9989410058632556e-32,2.4081624521105993e-33
8,adam,1049,8598.681599999996,11598.681599999996,0.006013563358293268,0.001310317217594073,4.8855592880066994e-08,0.0005828864211364359,0.000727381940864757,0.004703245966132385,0.0,1.3519394844245297e-25,2.0528815396178364e-32,2.2525014154291944e-33
8,adam,1074,8598.681599999996,11598.681599999996,0.005758848818087365,0.0011473828047028171,4.7154937889619975e-08,0.00047552342706799245,0.000671812222696935,0.004611465838688389,0.0,1.2907424124974765e-25,2.0357989171536017e-32,2.208889112025566e-33
8,adam,1099,8598.681599999996,11598.681599999996,0.0055364779057861056,0.0010163885484002655,3.981838607204083e-08,0.0004192717449701003,0.0005970769850440933,0.004520089182538537,0.0,1.08540021605387e-25,1.9540397746348096e-32,2.2304393577265703e-33
8,adam,1124,8598.681599999996,11598.681599999996,0.005335945931527737,0.0009040333958294084,3.209389297926328e-08,0.00036890817391740764,0.0005350931280190214,0.00443191236070124,0.0,8.954170133790133e-26,1.88683105219623e-32,2.2503088750166985e-33
8,adam,1149,8598.681599999996,11598.681599999996,0.005155113753310528,0.0008084121656564639,2.601033839952538e-08,0.00032436100759738047,0.0004840251477206839,0.004346701412494723,0.0,7.451939648992676e-26,1.8318576336950898e-32,2.2706572492942014e-33
8,adam,1174,8598.681599999996,11598.681599999996,0.004992773340897208,0.0007293922080167184,2.1351465423001312e-08,0.00028852010711315684,0.00044085074943813856,0.004263380957537317,0.0,6.17461982670669e-26,1.7827504298908736e-32,2.3092600788347948e-33
8,adam,1199,8598.681599999996,11598.681599999996,0.004846704149236705,0.0006654297253052856,1.786057984444218e-08,0.00025964285278417984,0.0004057690119412613,0.004181274248381395,0.0,5.118103314151753e-26,1.7403966859672686e-32,2.36036687176118e-33
8,adam,1224,8598.681599999996,11598.681599999996,0.004715858944286168,0.0006173793779575642,1.4957317858999817e-08,0.00023120722308011537,0.00038615719755958976,0.004098479390537831,0.0,3.9400886113088965e-26,1.6250952568120464e-32,2.3252357008043045e-33
8,adam,1249,8598.681599999996,11598.681599999996,0.004592031121786892,0.0005759894749898859,1.3498922984785416e-08,0.00021580570294720732,0.0003601702731196938,0.004016041470752523,0.0,3.5036350889305866e-26,1.5953776614998094e-32,2.378823617996737e-33
8,adam,1274,8598.681599999996,11598.681599999996,0.004474950834973738,0.0005399238365411465,1.2312436483675662e-08,0.00020246119180302184,0.00033745033230164095,0.003935026822132742,0.0,3.118104324144249e-26,1.5708813738902246e-32,2.4159466639884124e-33
8,adam,1299,8598.681599999996,11598.681599999996,0.004363344746634171,0.0005083252512034569,1.1347317998427713e-08,0.00019117198084278486,0.00031714192304267366,0.0038550193188713225,0.0,2.7873022724290265e-26,1.549506382121485e-32,2.4434479021848567e-33
8,adam,1324,8598.681599999996,11598.681599999996,0.004256324391036199,0.0004805738344892467,1.0600895114415629e-08,0.00018157533938119378,0.00029898789421293847,0.003775750379721681,0.0,2.5232864249574611e-26,1.5302172054335903e-32,2.4647849593457376e-33
8,adam,1349,8598.681599999996,11598.681599999996,0.004153235320585669,0.00045614432610332264,1.0038227759228915e-08,0.0001733656688654418,0.0002827686190101216,0.003697090817384147,0.0,2.3209226891276902e-26,1.5124777049417167e-32,2.4818062742433186e-33
8,adam,1374,8598.681599999996,11598.681599999996,0.004053568093126268,0.000434577822006737,9.61351002691417e-09,0.00016631324209509822,0.0002682549664016119,0.003618990093741543,0.0,2.1675473517466672e-26,1.4959664949370806e-32,2.4956442655847604e-33
8,adam,1399,8598.681599999996,11598.681599999996,0.003956907531706013,0.0004154665317123166,9.276414610434996e-09,0.0001602152398126662,0.00025524201548503993,0.00354144082232967,0.0,2.0466308610488552e-26,1.4804863991978017e-32,2.5068552350677677e-33
8,lbfgs,1400,8598.681599999996,11598.681599999996,0.003962456565377528,0.00042410593104737584,8.992375879179518e-09,0.00016562083412685543,0.0002584761045446412,0.003538350456654564,0.0,2.0067135341580694e-26,1.5003196250640917e-32,2.5704754600300025e-33
8,lbfgs,1409,8598.681599999996,11598.681599999996,0.0023109114513161604,0.0005955181414274122,1.5722417580400505e-08,0.00022101787275155777,0.000374484546258274,0.0017153931306303244,0.0,1.6875011435786304e-26,1.6990152404652408e-32,5.562925730462191e-33
8,lbfgs,1419,8598.681599999996,11598.681599999996,0.0005899136519004981,0.00034658505488910775,9.845051380886118e-07,0.00026036216881646107,8.523838093455804e-05,0.00024332841053407083,0.0,9.166722206239587e-25,1.4981493327815348e-32,1.4950737439431002e-33
8,lbfgs,1429,8598.681599999996,11598.681599999996,0.0001840732906288588,0.0001695403583133661,8.616052925733493e-08,6.29183397941299e-05,0.00010653585798997885,1.4532742031345654e-05,0.0,3.07745083579921e-26,9.578065334124143e-33,1.8052447654764527e-33
8,lbfgs,1439,8598.681599999996,11598.681599999996,0.00014748565848979287,0.00014491255690315887,7.971999027015918e-08,7.034165689158008e-05,7.449118002130863e-05,2.572905907860264e-06,0.0,5.858267219148579e-26,1.126329471475933e-32,1.925136955725924e-33
8,lbfgs,1449,8598.681599999996,11598.681599999996,0.00011512606692305904,0.00011305624106701132,3.783420939826489e-07,3.472029666409284e-05,7.795760230893584e-05,2.069625651500407e-06,0.0,4.178506641985938e-25,1.0964162400659798e-32,1.917249907181293e-33
8,lbfgs,1459,8598.681599999996,11598.681599999996,6.489501033804247e-05,6.343422170174103e-05,6.81406126523208e-08,2.692997676789392e-05,3.64361043211948e-05,1.4605809186172463e-06,0.0,1.2153085595636073e-25,1.0886499183156544e-32,1.7061162884395097e-33
8,lbfgs,1469,8598.681599999996,11598.681599999996,5.139236383913376e-05,5.10277913430373e-05,2.848099332923354e-08,1.3892466685234037e-05,3.710684366447403e-05,3.6437078858194295e-07,0.0,5.720953370500111e-26,1.0172407292946102e-32,1.647437073116071e-33
8,lbfgs,1479,8598.681599999996,11598.681599999996,3.078458333516874e-05,3.037510860540795e-05,8.967284051738644e-08,1.438917232367152e-05,1.5896263441219043e-05,4.092788699460077e-07,0.0,1.7789331917762544e-25,9.233646360527809e-33,1.3253428823155632e-33
8,lbfgs,1489,8598.681599999996,11598.681599999996,2.264698546551814e-05,2.1895529615681232e-05,3.8775525391997594e-07,1.3084114173456099e-05,8.423660188305156e-06,7.512608798506324e-07,0.0,7.374471823075237e-25,8.558154372577444e-33,1.2237263377091177e-33
8,lbfgs,1499,8598.681599999996,11598.681599999996,1.4877179757924674e-05,1.4200909871436484e-05,4.831940724174191e-07,6.52165562455451e-06,7.1960601744645546e-06,6.760708252822636e-07,0.0,1.1418726039866004e-24,8.967192800844912e-33,1.2331062781750446e-33
8,lbfgs,1509,8598.681599999996,11598.681599999996,1.0287454867754745e-05,9.76930201035191e-06,1.0374896238554461e-07,5.7399946265160615e-06,3.925558421450304e-06,5.179482222982135e-07,0.0,2.6719290198084603e-25,8.991467554944844e-33,1.2052809926800859e-33
8,lbfgs,1519,8598.681599999996,11598.681599999996,8.646391537290243e-06,8.20772706426108e-06,3.7161224403168387e-07,3.855873558725371e-06,3.9802412615040245e-06,4.384560780008199e-07,0.0,8.984285349503114e-25,9.020192012378481e-33,1.2261441976940622e-33
8,lbfgs,1529,8598.681599999996,11598.681599999996,6.697758417083323e-06,6.575131519467982e-06,8.155160710828855e-08,3.618451571163571e-06,2.8751283411961224e-06,1.2241067056470873e-07,0.0,2.423640563532349e-25,9.06927737571119e-33,1.2310118698930178e-33
8,lbfgs,1539,8598.681599999996,11598.681599999996,5.899793883418712e-06,5.489860089909929e-06,9.462895958402939e-08,1.8898062668284003e-06,3.5054248634974993e-06,4.097094686386803e-07,0.0,2.5064902515870723e-25,9.220025036672752e-33,1.2307812519351459e-33
8,lbfgs,1549,8598.681599999996,11598.681599999996,4.855134206589234e-06,4.714688554652427e-06,1.6776082238033358e-08,2.099098532519344e-06,2.59881393989505e-06,1.40210760070329e-07,0.0,4.533516564785701e-26,9.226947296328575e-33,1.2367907229030793e-33
8,lbfgs,1559,8598.681599999996,11598.681599999996,3.576882036751662e-06,3.296624089684654e-06,1.5507744583202205e-08,1.7064202975963098e-06,1.5746960475051422e-06,2.8001934753858463e-07,0.0,5.510748090282482e-26,9.234942089578377e-33,1.2189620419801932e-33
8,lbfgs,1569,8598.681599999996,11598.681599999996,2.752433240743998e-06,2.5346291144608374e-06,1.3875701698816906e-08,8.717846643975091e-07,1.6489687483645115e-06,2.175537625164068e-07,0.0,3.562831368350416e-26,9.388577766303435e-33,1.2175666781387214e-33
8,lbfgs,1579,8598.681599999996,11598.681599999996,2.2320305155461412e-06,2.086490386411123e-06,1.7815871158347867e-08,1.153129674615214e-06,9.155448406375612e-07,1.452832096104884e-07,0.0,4.573355873286397e-26,9.325138137264668e-33,1.2188051688893535e-33
8,lbfgs,1589,8598.681599999996,11598.681599999996,1.6704125990842251e-06,1.5063625865693121e-06,1.803169428250716e-08,7.594894304369296e-07,7.288414618498754e-07,1.6379570291115895e-07,0.0,1.738269505795814e-26,9.323440919570291e-33,1.1990443370293883e-33
8,lbfgs,1599,8598.681599999996,11598.681599999996,1.309404318098217e-06,1.251968837381684e-06,2.486409957128214e-08,7.194256596950382e-07,5.076790781153637e-07,5.718291161556694e-08,0.0,7.248028314281365e-26,9.385223575811955e-33,1.2070568008641087e-33
8,lbfgs,1609,8598.681599999996,11598.681599999996,1.0449263914994353e-06,9.98233840575414e-07,1.1218282202258412e-08,4.2900325799233176e-07,5.580123003808237e-07,4.6430356784977514e-08,0.0,2.373338720165537e-26,9.434262422645115e-33,1.211181156480029e-33
8,lbfgs,1619,8598.681599999996,11598.681599999996,1.0193928805350156e-06,9.725171540231485e-07,1.2247189159928393e-08,3.712115821234684e-07,5.890583827397517e-07,4.661194578833397e-08,0.0,2.644484998303727e-26,9.424619394187603e-33,1.2131701311349479e-33
8,lbfgs,1629,8598.681599999996,11598.681599999996,8.091070835713697e-07,7.466238649388172e-07,1.4471118058915022e-08,4.041845515690345e-07,3.279681953108676e-07,6.221936925962003e-08,0.0,2.3478919212765085e-26,9.500213422885974e-33,1.2008275529998544e-33
8,lbfgs,1639,8598.681599999996,11598.681599999996,6.138323785489225e-07,6.017208758159374e-07,1.6383000071067677e-08,3.137028116516719e-07,2.716350640931979e-07,1.1850919701812927e-08,0.0,2.3719880550808124e-26,9.476696999090169e-33,1.2085033474041629e-33
8,lbfgs,1649,8598.681599999996,11598.681599999996,5.370890398038195e-07,5.31169662262542e-07,1.2537807702815512e-08,2.50130936675383e-07,2.685009178843436e-07,5.66109064180258e-09,0.0,3.3410916065150485e-26,9.475065274427048e-33,1.2102777575878239e-33
8,lbfgs,1659,8598.681599999996,11598.681599999996,4.834130380533738e-07,4.657992493853812e-07,9.553788091295113e-09,2.49707686679315e-07,2.0653777461477103e-07,1.735890101753296e-08,0.0,2.412030542567046e-26,9.452931367711654e-33,1.2081550072672702e-33
8,lbfgs,1669,8598.681599999996,11598.681599999996,4.041926319458039e-07,3.978322599046294e-07,9.429587530722156e-09,1.8872442218379756e-07,1.9967825019010967e-07,6.104347311617636e-09,0.0,2.2420208528629836e-26,9.415124829356946e-33,1.2103949182937364e-33
8,lbfgs,1679,8598.681599999996,11598.681599999996,3.255545287262098e-07,3.2165060627896554e-07,6.089459590211755e-09,1.5240936777475203e-07,1.6315177891400177e-07,3.6431000750223438e-09,0.0,1.3795386506080242e-26,9.458190248021502e-33,1.2044318840078463e-33
8,lbfgs,1689,8598.681599999996,11598.681599999996,3.0746955608459505e-07,3.0512354388445095e-07,5.529543423035504e-09,1.45594490146382e-07,1.5399951031503347e-07,2.083715391272915e-09,0.0,1.5608865040205688e-26,9.46083185922791e-33,1.2030953312597865e-33
8,lbfgs,1699,8598.681599999996,11598.681599999996,2.4916150259774865e-07,2.461552378327032e-07,2.7895247274256823e-09,1.559787663278631e-07,8.738694677741443e-08,2.742309255481419e-09,0.0,6.243208041779761e-27,9.43083064421431e-33,1.2014298216318513e-33
8,lbfgs,1709,8598.681599999996,11598.681599999996,2.4521166224683467e-07,2.4115134841738367e-07,2.897478137549503e-09,1.5447484355440935e-07,8.377902672542478e-08,3.7953909405702775e-09,0.0,5.8537365831368054e-27,9.436675009142531e-33,1.1997202883185526e-33
8,lbfgs,1719,8598.681599999996,11598.681599999996,2.4467944544874375e-07,2.4004752334797505e-07,2.953996723706255e-09,1.5144278302795682e-07,8.565074359631197e-08,4.366893773607074e-09,0.0,6.12891240752873e-27,9.438805076318578e-33,1.1994178966577571e-33
8,lbfgs,1729,8598.681599999996,11598.681599999996,2.352655566067628e-07,2.3139672811858221e-07,1.916751504742763e-09,1.4872175499916267e-07,8.07582216146768e-08,3.602605004348425e-09,0.0,4.313356393153429e-27,9.43634831485373e-33,1.1978383662996443e-33
8,lbfgs,1739,8598.681599999996,11598.681599999996,2.1115400467030521e-07,2.0488477980989605e-07,6.3203995343897805e-09,1.4406512336381826e-07,5.4499256911688e-08,6.0004150487878155e-09,0.0,1.8647544514859386e-26,9.447629369151902e-33,1.1992032307805562e-33
8,lbfgs,1749,8598.681599999996,11598.681599999996,2.0607563185738844e-07,1.9865867072060216e-07,8.348774467020893e-09,1.3525869578507832e-07,5.505120046850295e-08,7.1475102599188575e-09,0.0,2.0820367708181312e-26,9.449279281507286e-33,1.2001842225223975e-33
8,lbfgs,1759,8598.681599999996,11598.681599999996,2.0447242039477786e-07,1.9771795777598989e-07,9.216631624438031e-09,1.3473924392648237e-07,5.376208222506947e-08,6.48393599051383e-09,0.0,2.3678019378227366e-26,9.457367738059174e-33,1.2010915409137123e-33
8,lbfgs,1769,8598.681599999996,11598.681599999996,1.8265542574431178e-07,1.7477212570004663e-07,7.050130215612551e-09,1.0750243140627024e-07,6.021956407816386e-08,7.612017947473002e-09,0.0,1.360823417201324e-26,9.457086136661817e-33,1.2004377014160205e-33
8,lbfgs,1779,8598.681599999996,11598.681599999996,1.4266088732549962e-07,1.4012958801155217e-07,3.762646941678068e-09,9.394171036706246e-08,4.242523070281165e-08,2.2563994925736833e-09,0.0,7.19684456152613e-27,9.471931561982275e-33,1.2031531394784963e-33
8,lbfgs,1789,8598.681599999996,11598.681599999996,1.2269564352007347e-07,1.2158739868280983e-07,8.068436481402603e-09,6.758720268405158e-08,4.593175951735565e-08,8.313740157368963e-10,0.0,1.1961675319034658e-26,9.46047793379738e-33,1.2001389027386688e-33
8,lbfgs,1799,8598.681599999996,11598.681599999996,1.1371678132540699e-07,1.114646818767995e-07,6.450900755883632e-09,5.260163690910069e-08,5.2412144211815186e-08,1.9725433099749293e-09,0.0,6.422433337490108e-27,9.486446854368103e-33,1.202472393884873e-33
8,lbfgs,1809,8598.681599999996,11598.681599999996,1.125085121151414e-07,1.1088743375226767e-07,7.165051731537247e-09,5.2218430272835476e-08,5.1503951747894944e-08,1.3413147869812056e-09,0.0,8.79133011198399e-27,9.485393562854825e-33,1.2024472486977033e-33
8,lbfgs,1819,8598.681599999996,11598.681599999996,1.0774196900444946e-07,1.0640889910164918e-07,8.306867527058612e-09,4.788788925281667e-08,5.0214142321773895e-08,1.0518649157221258e-09,0.0,8.617447715725601e-27,9.493209009815078e-33,1.2014503128388214e-33
8,lbfgs,1829,8598.681599999996,11598.681599999996,1.0483763900880469e-07,1.0362272845442171e-07,1.0303548320089435e-08,4.463001816644011e-08,4.868916196789216e-08,9.316951128603043e-10,0.0,1.2536814437989895e-26,9.49532398201655e-33,1.202091845255563e-33
8,lbfgs,1839,8598.681599999996,11598.681599999996,1.0189743664800258e-07,1.0136523600392134e-07,1.1824689924883673e-08,4.332722804528373e-08,4.621331803375394e-08,2.4680545032914726e-10,0.0,1.3862147404400925e-26,9.500454926002062e-33,1.2013990610297693e-33
8,lbfgs,1849,8598.681599999996,11598.681599999996,9.59738052538274e-08,9.499409777845159e-08,7.829753515456706e-09,4.0480137613467116e-08,4.668420664952777e-08,6.927941714957821e-10,0.0,5.730772880363351e-27,9.497473274145478e-33,1.2004853115596568e-33
8,lbfgs,1859,8598.681599999996,11598.681599999996,8.462011611834887e-08,8.155747119073065e-08,4.104092030233469e-09,3.467916018141936e-08,4.2774218979077826e-08,2.7729571346326876e-09,0.0,4.41154431209842e-27,9.491958162805123e-33,1.200306680293272e-33
8,lbfgs,1869,8598.681599999996,11598.681599999996,7.263116338688782e-08,7.0614215356396e-08,3.711937193791046e-09,2.5790437316404246e-08,4.111184084620072e-08,1.7273242872675448e-09,0.0,3.798259774914112e-27,9.489401257659096e-33,1.200439178035459e-33
8,lbfgs,1879,8598.681599999996,11598.681599999996,6.661395887285682e-08,6.506628516061269e-08,2.194011987475056e-09,2.6005948563332246e-08,3.686632460980539e-08,1.2572549392014136e-09,0.0,3.255432686010216e-27,9.489369726741204e-33,1.2004016281519444e-33
8,lbfgs,1889,8598.681599999996,11598.681599999996,6.47100871261615e-08,6.271647082086159e-08,2.074806290685959e-09,2.667148518870156e-08,3.397017934147407e-08,1.7044225309754785e-09,0.0,2.7798007828103405e-27,9.483783172095882e-33,1.19966970681235e-33
8,lbfgs,1899,8598.681599999996,11598.681599999996,6.269019807850269e-08,5.978897501647279e-08,2.2290060756875587e-09,2.5436841866172848e-08,3.212312707461238e-08,2.6128808343056686e-09,0.0,3.994899953659845e-27,9.491386062323937e-33,1.2008975167222745e-33
8,lbfgs,1909,8598.681599999996,11598.681599999996,5.72163828968383e-08,5.5097646798537e-08,1.3393032315557442e-09,2.3509315527466187e-08,3.0249028039515064e-08,1.8305638059174136e-09,0.0,2.1709598481572222e-27,9.492586426351625e-33,1.2007156583586197e-33
8,lbfgs,1919,8598.681599999996,11598.681599999996,5.404045101407879e-08,5.3145637619067594e-08,1.3631680454484802e-09,2.4892976707199827e-08,2.6889492866419286e-08,6.074336465890404e-10,0.0,2.9124123790776025e-27,9.489361708574471e-33,1.200495446467356e-33
8,lbfgs,1929,8598.681599999996,11598.681599999996,5.2719775206800906e-08,5.2072326823927605e-08,1.2852749618131896e-09,2.5054209787572976e-08,2.573284207454144e-08,3.6028624007063316e-10,0.0,2.5668161483362235e-27,9.497899032043284e-33,1.2015218404131327e-33
8,lbfgs,1939,8598.681599999996,11598.681599999996,5.113133747776709e-08,5.025078280553304e-08,1.1782432220338493e-09,2.6309692637444084e-08,2.2762846946055106e-08,5.94244712261726e-10,0.0,2.358815328779333e-27,9.497805770661047e-33,1.2009368602382455e-33
8,lbfgs,1949,8598.681599999996,11598.681599999996,4.998454594943268e-08,4.840939445818963e-08,1.1620617825390665e-09,2.669820522345189e-08,2.0549127452198672e-08,1.2894008640864852e-09,0.0,2.205450615028483e-27,9.494647185681789e-33,1.2009068427458769e-33
8,lbfgs,1959,8598.681599999996,11598.681599999996,4.972013421220423e-08,4.8174044084862424e-08,1.160319481668992e-09,2.64514108628469e-08,2.0562313740346527e-08,1.260247685293297e-09,0.0,2.2167573034921698e-27,9.494580814506946e-33,1.2008383786266591e-33
8,lbfgs,1969,8598.681599999996,11598.681599999996,4.9499890483046265e-08,4.7872737777019566e-08,1.1634076341572464e-09,2.632313017976175e-08,2.038619996310057e-08,1.34130888017969e-09,0.0,2.2290994871781036e-27,9.495450720279365e-33,1.2004822582996668e-33
8,lbfgs,1979,8598.681599999996,11598.681599999996,4.928027209865753e-08,4.772141566718259e-08,1.1627063073176536e-09,2.626552435690817e-08,2.0293185002956765e-08,1.2730459422514532e-09,0.0,2.2305933573307266e-27,9.494238336570879e-33,1.2007069049560105e-33
8,lbfgs,1989,8598.681599999996,11598.681599999996,4.908543655517015e-08,4.75148588198038e-08,1.1640776595790756e-09,2.614280304317775e-08,2.0207978117046974e-08,1.284788647342023e-09,0.0,2.2399519181861297e-27,9.494901818802987e-33,1.2005944599473042e-33
8,lbfgs,1999,8598.681599999996,11598.681599999996,4.8873816820843356e-08,4.730926716728966e-08,1.1739171911479258e-09,2.5921793522099838e-08,2.02135564540419e-08,1.2787381448961446e-09,0.0,2.2816895362727637e-27,9.4959635033665e-33,1.20057551546755e-33
8,lbfgs,2009,8598.681599999996,11598.681599999996,4.869197743181738e-08,4.7154783434897766e-08,1.1693539794408251e-09,2.586598560987136e-08,2.011944384558558e-08,1.2514242927211081e-09,0.0,2.2675016503771014e-27,9.495373368939761e-33,1.2005848784330937e-33
8,lbfgs,2019,8598.681599999996,11598.681599999996,4.849607947931213e-08,4.69401619287206e-08,1.1568335519852745e-09,2.5889356423114383e-08,1.989397195362094e-08,1.2702474710545417e-09,0.0,2.2255759637556263e-27,9.49389474845799e-33,1.2006401332406058e-33
8,lbfgs,2029,8598.681599999996,11598.681599999996,4.831656957605373e-08,4.6777674137799706e-08,1.1617396117317503e-09,2.572603262597201e-08,1.9889901900095945e-08,1.2532128549804104e-09,0.0,2.2480901275788583e-27,9.49465610255763e-33,1.2006288930885867e-33
8,lbfgs,2039,8598.681599999996,11598.681599999996,4.8156530936016645e-08,4.6635902094514573e-08,1.164267181438627e-09,2.5610094094499372e-08,1.9861540818576573e-08,1.2349521487114888e-09,0.0,2.2600974763111618e-27,9.494892953688681e-33,1.200636218713053e-33
8,lbfgs,2049,8598.681599999996,11598.681599999996,4.795880415311795e-08,4.6491691125571875e-08,1.1732361194120678e-09,2.5439295236761314e-08,1.9879159769398496e-08,1.1814233019850292e-09,0.0,2.2933661846921307e-27,9.495539151100762e-33,1.2006365213088428e-33
9,adam,0,11598.681599999996,14598.681599999996,0.1088274425511062,0.08162058184547086,0.00027758466296552795,0.0588069865117813,0.022536010670724027,0.027206860615156956,0.0,2.9762765412048724e-24,1.9600000028994033e-30,2.499999999999994e-31
9,adam,24,11598.681599999996,14598.681599999996,0.026205938875102773,0.01240098704944106,0.00020701145006202275,0.007668414058024171,0.004525561541354866,0.01380495173324447,0.0,1.7435445626630445e-25,2.621025638791754e-31,5.035417602322984e-32
9,adam,49,11598.681599999996,14598.681599999996,0.021406151861842346,0.007891153115063635,4.2750734126776916e-05,0.005077024465561867,0.0027713779153749913,0.013514998652178395,0.0,1.2669727362976667e-25,1.7836230559124607e-31,3.028228252492656e-32
9,adam,74,11598.681599999996,14598.681599999996,0.018700883788655132,0.005491469938528823,4.398129084148574e-06,0.0036914062564709347,0.0017956655529737398,0.013209413752180191,0.0,4.438303158294436e-27,1.327763387554036e-31,1.915191517497488e-32
9,adam,99,11598.681599999996,14598.681599999996,0.01743698285177726,0.004439620546531844,4.183960873648008e-06,0.0029606810798475324,0.0014747555058106639,0.012997362203917005,0.0,3.6071769087819296e-27,1.0616374986859236e-31,1.5700429043898694e-32
9,adam,124,11598.681599999996,14598.681599999996,0.016739744587690886,0.003951162926882341,1.8525625809885623e-06,0.002647521285423311,0.001301789078878042,0.012788581556823017,0.0,1.4745879471080024e-27,9.221610566373454e-32,1.4337530833637738e-32
9,adam,149,11598.681599999996,14598.681599999996,0.016231373356188294,0.0036189466643137443,1.1050532275928291e-06,0.002472000098680755,0.0011458415124053964,0.01261242658582632,0.0,8.03507843112677e-28,8.315801762021973e-32,1.312929570043504e-32
9,adam,174,11598.681599999996,14598.681599999996,0.01593402031760254,0.003468057175067585,7.958991058019355e-07,0.0023778986034952323,0.0010893626724665507,0.012465963035028579,0.0,5.774997154825966e-28,7.697646086776784e-32,1.2567099029700947e-32
9,adam,199,11598.681599999996,14598.681599999996,0.0157110243213307,0.003363916378340121,7.6017989722852e-07,0.0023126776543193244,0.0010504785441235681,0.012347107834399114,0.0,5.315642625682387e-28,7.249808721352488e-32,1.2144834895323508e-32
9,adam,224,11598.681599999996,14598.681599999996,0.015151917906580327,0.0029135573344458545,8.406549806461685e-07,0.002025893722464792,0.0008868229570004162,0.012238360462699485,0.0,5.8264017223405485e-28,6.012139896681102e-32,1.042069664262331e-32
9,adam,249,11598.681599999996,14598.681599999996,0.0150120530984041,0.0028724832437184203,8.318449400406813e-07,0.0020056080160312864,0.0008660433827470931,0.012139569744545393,0.0,5.168499170431977e-28,5.757539933016602e-32,1.0207142041925115e-32
9,adam,274,11598.681599999996,14598.681599999996,0.014886615206919272,0.0028393644333032132,7.935075533181329e-07,0.0019902908942039665,0.0008482800315459286,0.01204725066283427,0.0,4.638589105641178e-28,5.541348216324644e-32,1.002241561190575e-32
9,adam,299,11598.681599999996,14598.681599999996,0.014769429363030042,0.0028106577128661674,7.097831679556111e-07,0.001977296095800164,0.0008326518338980478,0.011958771538774391,0.0,3.9525729317890323e-28,5.354509388127187e-32,9.870481402712958e-33
9,adam,324,11598.681599999996,14598.681599999996,0.014656228851265576,0.0027829488408871225,5.690294705406194e-07,0.0019638024128099917,0.0008185773986065899,0.011873279898382398,0.0,2.93249280810261e-28,5.190099897522729e-32,9.7429723823881e-33
9,adam,349,11598.681599999996,14598.681599999996,0.014543285294844234,0.0027531817967764907,4.0449978415751204e-07,0.0019468858858838044,0.0008058914111085288,0.011790103385440584,0.0,1.5413646300012963e-28,5.043721824250507e-32,9.636347572226592e-33
9,adam,374,11598.681599999996,14598.681599999996,0.014420022009983376,0.0027108944222322866,3.073900567537233e-07,0.0019161345247958107,0.0007944525073797223,0.011709127474439598,0.0,5.112867762489206e-29,4.913893129374089e-32,9.553343657713974e-33
9,adam,399,11598.681599999996,14598.681599999996,0.014251581757042157,0.0026213829377318867,3.838612827083112e-07,0.0018374900422372248,0.0007835090342119536,0.011630198705145735,0.0,1.8699498976260016e-28,4.8028438395006733e-32,9.51026773211268e-33
9,adam,424,11598.681599999996,14598.681599999996,0.013951612529417578,0.0024209745320310843,2.919161517707841e-07,0.001643310342899882,0.0007773722729794315,0.011530637881781129,0.0,2.0303646527855303e-28,4.7793363841065593e-32,9.591341927153604e-33
9,adam,449,11598.681599999996,14598.681599999996,0.013310747686296842,0.0019480211029501977,6.774990879710563e-07,0.0011638256622801104,0.0007835179415821163,0.011362726464985845,0.0,7.426649844091536e-28,4.5022095782599125e-32,9.292979019779225e-33
9,adam,474,11598.681599999996,14598.681599999996,0.012425911851074766,0.0014855057264866153,6.970705864344379e-07,0.0008451999927650743,0.0006396086631351066,0.01094040600313687,0.0,1.5939927349840856e-27,3.997981553662412e-32,7.006209634300495e-33
9,adam,499,11598.681599999996,14598.681599999996,0.011577025329637303,0.0012498895587052209,5.780998251732054e-07,0.0007308708973471342,0.0005184405615329135,0.010327135645862849,0.0,1.8731901237493024e-27,3.6686958721199086e-32,6.030758714042356e-33
9,adam,524,11598.681599999996,14598.681599999996,0.010820098021641867,0.001099316392160878,3.766845346358715e-07,0.0006632746595266055,0.00043566504809963653,0.009720781501063579,0.0,1.1236031953500236e-27,3.44147751756294e-32,5.4888048997254777e-33
9,adam,549,11598.681599999996,14598.681599999996,0.010136082083626409,0.000985375627811503,2.6414112295915404e-07,0.0006071124650660862,0.00037799902162245763,0.009150706324310946,0.0,5.969733960395466e-28,3.2488516471324e-32,5.088769763300775e-33
9,adam,574,11598.681599999996,14598.681599999996,0.009506914504169536,0.0008923411710140283,1.8121401547478862e-07,0.0005597182055162734,0.00033244175148228016,0.008614573198626308,0.0,3.80946693438081e-28,3.081703202183701e-32,4.745796863786541e-33
9,adam,599,11598.681599999996,14598.681599999996,0.008923561259738342,0.0008136141123007245,1.288165409040257e-07,0.0005192179735984851,0.00029426732216133534,0.008109947009899558,0.0,2.6754658888852328e-28,2.936268172841565e-32,4.4295169885704274e-33
9,adam,624,11598.681599999996,14598.681599999996,0.008417210821455197,0.0007818635370624125,9.502755422129908e-08,0.0005063591946029449,0.0002754093149052463,0.0076353471439200744,0.0,1.8650260807094106e-28,2.8826804889406e-32,4.33357258478634e-33
9,adam,649,11598.681599999996,14598.681599999996,0.007915274890526463,0.0007259468170474167,6.116783035844922e-08,0.00047462444222866974,0.0002512612069883885,0.007189327930393757,0.0,7.861369042400154e-29,2.769859103779518e-32,4.076761104487748e-33
9,adam,674,11598.681599999996,14598.681599999996,0.007445291634525881,0.000674292506638804,6.099724043083522e-08,0.0004469845529230909,0.0002272469564752823,0.006770998982302261,0.0,1.052513654251025e-28,2.663826258214337e-32,3.88840505232641e-33
9,adam,699,11598.681599999996,14598.681599999996,0.007014481637450112,0.0006347719191286016,5.370703432671571e-08,0.0004252054926869617,0.00020951271940731315,0.006379709570420917,0.0,6.76549562995829e-29,2.5489763225070196e-32,3.794692233927085e-33
9,adam,724,11598.681599999996,14598.681599999996,0.0066068534538947215,0.0005936373042088657,5.899247080407041e-08,0.00039911386533884944,0.00019446444639921226,0.00601321599961967,0.0,8.398770912292372e-29,2.4825229051428263e-32,3.532423551563567e-33
9,adam,749,11598.681599999996,14598.681599999996,0.006313297636286461,0.0005936854970363174,1.2155811485317674e-07,0.00042359413764298936,0.00016996980127847487,0.005719611987211437,0.0,3.7844011731746355e-28,2.522421350496613e-32,2.9418095332867052e-33
9,adam,774,11598.681599999996,14598.681599999996,0.005904414193944547,0.0005459733340256907,7.766859647274666e-08,0.0003635936361182505,0.0001823020293109674,0.005358440706125686,0.0,1.3792558887550012e-28,2.3506291061139162e-32,3.160438852835383e-33
9,adam,799,11598.681599999996,14598.681599999996,0.005560601435329941,0.0005109023367628509,4.863522711454293e-08,0.00034399471958727754,0.0001668589819484588,0.005049698942892351,0.0,8.141962521974859e-29,2.2700003997263115e-32,3.2050851972108916e-33
9,adam,824,11598.681599999996,14598.681599999996,0.005281286620443657,0.0005168680925974153,4.895916716873731e-08,0.00034716056840753323,0.00016965856502271326,0.004764418370071968,0.0,9.85534007865672e-29,2.330183844391834e-32,3.374329510767117e-33
9,adam,849,11598.681599999996,14598.681599999996,0.004979928541207456,0.0004870282417071952,5.030809149378051e-08,0.00032966161244412154,0.00015731632117157982,0.004492900139543974,0.0,1.0497414599808131e-28,2.278169154599013e-32,3.216952084118738e-33
9,adam,874,11598.681599999996,14598.681599999996,0.004697317587853168,0.0004584642181459471,5.466676756555157e-08,0.00031296938929884047,0.00014544016207954108,0.004238853207603389,0.0,1.2064164198333666e-28,2.2146800590757118e-32,3.128897373663735e-33
9,adam,899,11598.681599999996,14598.681599999996,0.01248625332636362,0.00402003195230179,2.0422526379460152e-07,0.003206245190095887,0.0008135825369421085,0.008466221200801316,0.0,7.362099873294655e-28,3.778308324829884e-32,7.134633998134285e-33
9,adam,924,11598.681599999996,14598.681599999996,0.008776587160270357,0.0033894459380214613,2.244415043508221e-07,0.0027480882789176894,0.000641133217599421,0.005387141042932572,0.0,1.1676329122930156e-27,2.4021897875327865e-32,3.4624592641110843e-33
9,adam,949,11598.681599999996,14598.681599999996,0.00835191226684542,0.0030439852914244097,2.813926142876144e-07,0.002435693818990363,0.0006080100798197593,0.005307926795231847,0.0,2.0707676113920513e-27,2.1696007032740283e-32,3.086408884529149e-33
9,adam,974,11598.681599999996,14598.681599999996,0.008020511524336697,0.002761701212097089,2.1166845232938418e-07,0.00217331518706768,0.0005881743565770798,0.005258810131920761,0.0,1.80411392035763e-27,2.1636427253527776e-32,2.921130884698928e-33
9,adam,999,11598.681599999996,14598.681599999996,0.007732028724584082,0.0025225903897227436,1.514406382103982e-07,0.001967651488896841,0.0005547874601876922,0.0052094381544640295,0.0,1.3001964257739193e-27,2.1923715282762978e-32,2.8063836327974304e-33
9,adam,1024,11598.681599999996,14598.681599999996,0.007484886926741265,0.002327665781370754,8.279900626167441e-08,0.0018134635854184047,0.0005141193969460876,0.005157220964870646,0.0,6.653828496446775e-28,2.3047822822513877e-32,2.66257729141413e-33
9,adam,1049,11598.681599999996,14598.681599999996,0.007247881103934633,0.00214607947017228,4.919129918032135e-08,0.001676704756188603,0.00046932552268449663,0.005101801453135887,0.0,3.915398485232502e-28,2.33002220381337e-32,2.6212806878971923e-33
9,adam,1074,11598.681599999996,14598.681599999996,0.007031472903873493,0.0019875450264628535,2.3671051347199467e-08,0.0015625530054625978,0.00042496834994890857,0.005043927696638068,0.0,1.884784108618218e-28,2.3510279407550696e-32,2.593958421773124e-33
9,adam,1099,11598.681599999996,14598.681599999996,0.0068331789974398534,0.0018486965957349498,9.260263303715683e-09,0.001463610143892674,0.0003850771915789721,0.004984482220772665,0.0,7.373632274959771e-29,2.3711925957901598e-32,2.5681175296515357e-33
9,adam,1124,11598.681599999996,14598.681599999996,0.006650900282414423,0.0017274371884799262,4.276333527787356e-09,0.0013776252058359942,0.00034980770631040425,0.0049234629128352345,0.0,3.3174241961251e-29,2.3895132121672298e-32,2.5422065377177795e-33
9,adam,1149,11598.681599999996,14598.681599999996,0.006482695543654448,0.0016220189670861245,4.133304655484622e-09,0.0013030342075685051,0.0003189806262129639,0.004860676395299673,0.0,3.0888846917505675e-29,2.404989258510072e-32,2.5185584536709596e-33
9,adam,1174,11598.681599999996,14598.681599999996,0.0063267343379056614,0.001530608615388587,5.490063110433327e-09,0.001238919734426294,0.00029168339089918254,0.004796125541078641,0.0,4.120414786980101e-29,2.415897307411175e-32,2.5001968889763214e-33
9,adam,1199,11598.681599999996,14598.681599999996,0.006181302252130466,0.0014511461359995406,7.01946091989187e-09,0.0011836138493749146,0.00026752526716370605,0.004730155934521029,0.0,5.333572750908103e-29,2.4215027867504247e-32,2.4873620624720297e-33
9,adam,1224,11598.681599999996,14598.681599999996,0.006015201508376222,0.0013510805729113988,8.440474538650877e-09,0.0011089488220826823,0.00024212331035417784,0.0046641207536733,0.0,6.094502199129761e-29,2.107456697878849e-32,2.326427252016537e-33
9,adam,1249,11598.681599999996,14598.681599999996,0.00587994251989061,0.0012807510071964996,9.998020411746293e-09,0.0010535257290420809,0.000227215280134007,0.004599191330714772,0.0,7.299492203947214e-29,2.094469897287484e-32,2.3059941562895542e-33
9,adam,1274,11598.681599999996,14598.681599999996,0.005751549511701478,0.0012173428098942922,1.0708109480377693e-08,0.0010050246646166143,0.00021230743716819757,0.004534206519641212,0.0,7.805028770673665e-29,2.0833124230514675e-32,2.287755736713518e-33
9,adam,1299,11598.681599999996,14598.681599999996,0.005628786543340952,0.00116035449233578,1.0417739430973026e-08,0.0009611746806112226,0.0001991693939851264,0.004468431868650562,0.0,7.479068220549816e-29,2.071251596938868e-32,2.2733325764215043e-33
9,adam,1324,11598.681599999996,14598.681599999996,0.005510720736192964,0.0011088842549043872,9.300020582481185e-09,0.0009208219862032,0.00018805296868060466,0.004401836298737382,0.0,6.486574587701293e-29,2.0579560812955137e-32,2.2624353114044822e-33
9,adam,1349,11598.681599999996,14598.681599999996,0.005396667202821115,0.0010622530593364628,7.796969430456283e-09,0.0008832897994220699,0.00017895546294496257,0.004334413960726508,0.0,5.206376271503479e-29,2.0436560226833475e-32,2.254712745801998e-33
9,adam,1374,11598.681599999996,14598.681599999996,0.005286135001833639,0.0010199374844269405,6.318028703315255e-09,0.0008483253187748144,0.00017160584762342275,0.004266197334430348,0.0,4.000281887063699e-29,2.0287291669522858e-32,2.2498379438681053e-33
9,adam,1399,11598.681599999996,14598.681599999996,0.005178730697773834,0.0009814812540106254,5.11478669262797e-09,0.0008158465427460439,0.000165629596477889,0.004197249260557073,0.0,3.060771954461899e-29,2.0134276002822082e-32,2.247227958640351e-33
9,lbfgs,1400,11598.681599999996,14598.681599999996,0.0052203837590133915,0.0010259064556860553,5.760662370794753e-09,0.0008416073146506779,0.00018429338037300667,0.004194477120111767,0.0,3.704383204287757e-29,2.276830023319455e-32,2.63508024860143e-33
9,lbfgs,1409,11598.681599999996,14598.681599999996,0.0015039398111572361,0.0006088844542861539,5.844563885060972e-09,0.00027906098818646725,0.0003298176215358016,0.0008950551654405093,0.0,3.592752650195565e-29,1.3318075492792698e-32,3.464185031594239e-33
9,lbfgs,1419,11598.681599999996,14598.681599999996,0.0005353948397633227,0.0004129805837078277,2.5603336173046982e-05,0.0003022936792981351,8.50835682366456e-05,0.0001224140467836973,0.0,7.181941300340684e-26,1.928144115981225e-32,1.3321117948278937e-33
9,lbfgs,1429,11598.681599999996,14598.681599999996,0.0002636953144361493,0.00023006402005002675,2.568350894926613e-08,0.00011766075861930764,0.00011237757792176985,3.36310780606269e-05,0.0,2.2532509273364333e-28,1.307124229167748e-32,2.352461405594938e-33
9,lbfgs,1439,11598.681599999996,14598.681599999996,0.00022193268989774837,0.00019799327707635658,6.868086623089621e-08,8.850277068804359e-05,0.0001094218255220821,2.3939192867256758e-05,0.0,4.861277185057859e-28,1.2811590381321777e-32,2.1715572181756967e-33
9,lbfgs,1449,11598.681599999996,14598.681599999996,7.204944251619148e-05,6.392123007923056e-05,1.0991442458847508e-07,4.4686318798457805e-05,1.912499685618428e-05,8.12797591556411e-06,0.0,8.752762861095213e-28,1.1657871625793275e-32,1.6362137870186488e-33
9,lbfgs,1459,11598.681599999996,14598.681599999996,3.744604585321135e-05,3.5116387373040546e-05,7.14957619052604e-08,2.275921378508566e-05,1.2285677826049626e-05,2.3294171608963405e-06,0.0,4.893045210473221e-28,1.0838567657041014e-32,1.4088391758606884e-33
9,lbfgs,1469,11598.681599999996,14598.681599999996,1.3571564074592978e-05,1.3091267507003156e-05,5.94447564686383e-08,4.66516179210529e-06,8.366660958429226e-06,4.800633511315452e-07,0.0,4.513586268844978e-28,1.014788428873487e-32,1.2967935178821231e-33
9,lbfgs,1479,11598.681599999996,14598.681599999996,9.690605775068205e-06,9.257240774543935e-06,5.058800886838476e-08,3.1164875326062416e-06,6.090165233069308e-06,4.3313238326773264e-07,0.0,4.066344489119344e-28,1.0180446494194055e-32,1.293260158914269e-33
9,lbfgs,1489,11598.681599999996,14598.681599999996,6.558785473155546e-06,6.022173300046665e-06,2.4370534605814945e-08,2.868250153634383e-06,3.129552611806468e-06,5.363811661395158e-07,0.0,2.0225466025541825e-28,9.849620231935068e-33,1.234220950144382e-33
9,lbfgs,1499,11598.681599999996,14598.681599999996,3.942757568142811e-06,3.690725773885026e-06,1.770387365663865e-08,1.7045523884083993e-06,1.9684695118199884e-06,2.5179879118018283e-07,0.0,1.324273870522595e-28,9.770999747599426e-33,1.2216036289150329e-33
9,lbfgs,1509,11598.681599999996,14598.681599999996,3.5652505663861276e-06,3.5098382273715604e-06,1.535404083967451e-08,1.3702567959817956e-06,2.1242273905500903e-06,5.518014881187847e-08,0.0,9.261389023689532e-29,9.718572320885956e-33,1.2260070905954009e-33
9,lbfgs,1519,11598.681599999996,14598.681599999996,2.9971019267537273e-06,2.9634255071945615e-06,1.2963571167417836e-08,1.3075118475465032e-06,1.6429500884806406e-06,3.344393641276239e-08,0.0,8.937208701901994e-29,9.680765002206428e-33,1.217040242648254e-33
9,lbfgs,1529,11598.681599999996,14598.681599999996,1.964371253183926e-06,1.841102456258249e-06,1.4615781102480676e-08,9.086052855449825e-07,9.178813896107858e-07,1.2303597530174615e-07,0.0,9.715441064038559e-29,9.768191955933433e-33,1.2236231296380948e-33
9,lbfgs,1539,11598.681599999996,14598.681599999996,1.7556433768770465e-06,1.6361174766471575e-06,2.4020486886237224e-08,9.278098502044084e-07,6.842871395565118e-07,1.192926891431197e-07,0.0,1.2023245829193382e-28,9.790427517750912e-33,1.2173386338366844e-33
9,lbfgs,1549,11598.681599999996,14598.681599999996,1.6182602229044435e-06,1.5532090564980402e-06,8.989837440029603e-09,9.627834179014823e-07,5.814358011565282e-07,6.481756574768338e-08,0.0,6.994657317979444e-29,9.769865178891798e-33,1.225163442467362e-33
9,lbfgs,1559,11598.681599999996,14598.681599999996,1.4331114150379118e-06,1.3460988828524384e-06,8.485699062862974e-09,7.718287734474753e-07,5.657844103421e-07,8.677841468460566e-08,0.0,7.33390626209362e-29,9.733384819498725e-33,1.2166683532206048e-33
9,lbfgs,1569,11598.681599999996,14598.681599999996,9.204973498990034e-07,9.024105209911662e-07,3.945758729549846e-08,3.726333259222678e-07,4.903196077733999e-07,1.7850129330366337e-08,0.0,3.02114719781172e-28,9.844604415202055e-33,1.2254186253104718e-33
9,lbfgs,1579,11598.681599999996,14598.681599999996,7.997892415088695e-07,7.941013555883422e-07,2.1566560929167038e-08,2.880776770854432e-07,4.84457117573732e-07,5.4503952351946725e-09,0.0,1.894340194492122e-28,9.833342007381144e-33,1.2400277709845654e-33
9,lbfgs,1589,11598.681599999996,14598.681599999996,7.416215723837904e-07,7.378224617765848e-07,8.067647142640532e-09,2.693907601803294e-07,4.6036405445361485e-07,3.56104250054544e-09,0.0,6.265329527189835e-29,9.851038413968944e-33,1.2383646001401434e-33
9,lbfgs,1599,11598.681599999996,14598.681599999996,7.154442894437239e-07,7.092868615358015e-07,1.0063103500904158e-08,2.428751333431845e-07,4.563486246917128e-07,5.918809986791118e-09,0.0,6.375435625936865e-29,9.839771567334305e-33,1.2396289026151424e-33
9,lbfgs,1609,11598.681599999996,14598.681599999996,5.686253447526371e-07,5.616594595524252e-07,1.6295199539556095e-08,2.442119768678997e-07,3.0115228314496936e-07,6.7265063100832335e-09,0.0,1.2901341802943243e-28,9.803956985666024e-33,1.246033117781899e-33
9,lbfgs,1619,11598.681599999996,14598.681599999996,4.785794923799294e-07,4.586721415174126e-07,1.0601195360281031e-09,2.2542166208438135e-07,2.321903598970032e-07,1.96663462395379e-08,0.0,9.989391310370973e-30,9.797538678310496e-33,1.2399131835309828e-33
9,lbfgs,1629,11598.681599999996,14598.681599999996,4.67828864521251e-07,4.488743061724361e-07,1.1206459193865838e-09,2.2373144133180662e-07,2.2402221892124287e-07,1.871338369125911e-08,0.0,9.829391587155447e-30,9.8079500987763e-33,1.2415374678563765e-33
9,lbfgs,1639,11598.681599999996,14598.681599999996,3.428057227334924e-07,3.3700306424308867e-07,1.4683577182261321e-09,1.6150678693553877e-07,1.7402791958932378e-07,5.5584708955051465e-09,0.0,1.1049571171412949e-29,9.803937499661241e-33,1.2494083333752977e-33
9,lbfgs,1649,11598.681599999996,14598.681599999996,2.720941349194607e-07,2.6431637526726024e-07,1.5065713298571674e-09,1.2849178588737779e-07,1.343180180500253e-07,7.53300911882126e-09,0.0,1.4637259752334188e-29,9.83050220404986e-33,1.2470907564978511e-33
9,lbfgs,1659,11598.681599999996,14598.681599999996,2.532038685218403e-07,2.4860145894637094e-07,1.783990668774708e-09,1.3302251710548716e-07,1.1379495117210909e-07,4.357661027261208e-09,0.0,1.6183169390057902e-29,9.816950310668436e-33,1.2448273059292116e-33
9,lbfgs,1669,11598.681599999996,14598.681599999996,2.4463969802834777e-07,2.399743872394745e-07,2.0859407682433722e-09,1.3436793117228774e-07,1.0352051529894338e-07,4.420163221608549e-09,0.0,2.062819491113232e-29,9.815619436694608e-33,1.2443610326332893e-33
9,lbfgs,1679,11598.681599999996,14598.681599999996,2.300645810467786e-07,2.2658027646718404e-07,1.5313912600833859e-09,1.4134165166097411e-07,8.370723354612657e-08,3.237351995547724e-09,0.0,1.4530348164342275e-29,9.801296270497957e-33,1.241547939215716e-33
9,lbfgs,1689,11598.681599999996,14598.681599999996,2.1399620920389552e-07,2.0926266495977026e-07,1.8708915091445458e-09,1.2046706582151424e-07,8.692470762911149e-08,4.4865939190099905e-09,0.0,1.5417843914647785e-29,9.810514518747014e-33,1.245765146190608e-33
9,lbfgs,1699,11598.681599999996,14598.681599999996,2.027049054793603e-07,1.9838279880245378e-07,6.525842415925704e-10,1.0616750244413313e-07,9.156271211672807e-08,4.075730251811121e-09,0.0,6.083457748915525e-30,9.79683462945492e-33,1.2457708895735825e-33
9,lbfgs,1709,11598.681599999996,14598.681599999996,1.9953005309765056e-07,1.961487550185108e-07,6.630748754412631e-10,1.0210327390356216e-07,9.338240623950738e-08,3.135022374598294e-09,0.0,5.759846008107709e-30,9.805804480586812e-33,1.2458301718843379e-33
9,lbfgs,1719,11598.681599999996,14598.681599999996,1.9663596890055813e-07,1.9226868224965923e-07,5.864393452495049e-10,1.0338155589988008e-07,8.830068700452963e-08,4.12117735784076e-09,0.0,5.0822866874756456e-30,9.799918358330128e-33,1.2468580789394928e-33
9,lbfgs,1729,11598.681599999996,14598.681599999996,1.8864708722842785e-07,1.844896339825158e-07,1.0427053644270227e-09,1.005802381255438e-07,8.286669049254498e-08,3.9109803871357556e-09,0.0,6.95594960363481e-30,9.800088600357546e-33,1.2483077931684738e-33
9,lbfgs,1739,11598.681599999996,14598.681599999996,1.4626841043909788e-07,1.4378164370987646e-07,3.0630668797524357e-10,6.160382750153687e-08,8.187150952036433e-08,2.2395055197224306e-09,0.0,2.0385490684254917e-30,9.829889541963784e-33,1.2524851828833022e-33
9,lbfgs,1749,11598.681599999996,14598.681599999996,1.298523163663388e-07,1.2632592188750547e-07,5.08258641126863e-10,4.9461434898883164e-08,7.635622834749543e-08,3.277658607299818e-09,0.0,4.08286735145752e-30,9.853232078455532e-33,1.2550310223777442e-33
9,lbfgs,1759,11598.681599999996,14598.681599999996,1.1628949030985101e-07,1.1400361360123433e-07,5.591568348873593e-10,4.499656344685233e-08,6.844789331949465e-08,2.0355183456803205e-09,0.0,3.897301320922762e-30,9.849283024288615e-33,1.254609650961278e-33
9,lbfgs,1769,11598.681599999996,14598.681599999996,1.1215434755002574e-07,1.0818260675910461e-07,7.393719943209808e-10,4.5461651428050805e-08,6.198158333673283e-08,3.7202743643311115e-09,0.0,5.207078325846913e-30,9.857731861066869e-33,1.2540015000751268e-33
9,lbfgs,1779,11598.681599999996,14598.681599999996,1.0873833403674094e-07,1.0561551371499268e-07,7.871404801363438e-10,4.389898523178818e-08,6.092938800306816e-08,2.8705869791339877e-09,0.0,4.9075669917296294e-30,9.862001430226455e-33,1.253484059541152e-33
9,lbfgs,1789,11598.681599999996,14598.681599999996,1.0153472006711412e-07,9.892175741858405e-08,1.191281687185289e-09,4.2660934410571024e-08,5.506954132082774e-08,2.3600635015223615e-09,0.0,9.835217520082973e-30,9.868249981146894e-33,1.2534345330571493e-33
9,lbfgs,1799,11598.681599999996,14598.681599999996,9.174864883819534e-08,9.045134438765184e-08,6.629166438844775e-10,4.889226072825423e-08,4.089616701551313e-08,1.0433398811923584e-09,0.0,3.542871330236488e-30,9.863721168661578e-33,1.250894044200355e-33
9,lbfgs,1809,11598.681599999996,14598.681599999996,8.541715346099145e-08,8.502158520663036e-08,8.382851403771731e-10,4.4042832918872504e-08,4.0140467147380676e-08,1.416472265473658e-10,0.0,5.878602064090816e-30,9.866338936618889e-33,1.2497729367153227e-33
9,lbfgs,1819,11598.681599999996,14598.681599999996,8.170388417767803e-08,8.121734352508068e-08,7.183827117865752e-10,4.274766399925985e-08,3.7751296814034244e-08,2.3275850076267856e-10,0.0,4.195725089845268e-30,9.86685556081003e-33,1.2488137493008026e-33
9,lbfgs,1829,11598.681599999996,14598.681599999996,7.901288621215538e-08,7.810101201627468e-08,9.638334510605754e-10,3.871619992115776e-08,3.842097864405634e-08,6.587201810885333e-10,0.0,7.851541154167464e-30,9.856283915645696e-33,1.2490886597466852e-33
9,lbfgs,1839,11598.681599999996,14598.681599999996,7.632438618966322e-08,7.545910042534238e-08,5.927250795459304e-10,3.892423013153336e-08,3.594214521426309e-08,6.129554718217442e-10,0.0,4.094468110219542e-30,9.856410420573778e-33,1.2494361715083616e-33
9,lbfgs,1849,11598.681599999996,14598.681599999996,7.586069499725077e-08,7.496945039486257e-08,5.51064278638511e-10,3.809853628458671e-08,3.631984983163734e-08,6.390337939796733e-10,0.0,3.9588591871213895e-30,9.855859847832387e-33,1.2489656229363443e-33
9,lbfgs,1859,11598.681599999996,14598.681599999996,7.57495666521766e-08,7.490374688464372e-08,5.517080819027153e-10,3.784309060615949e-08,3.650894819658153e-08,5.936084625900981e-10,0.0,4.0066336062436494e-30,9.856816651739823e-33,1.248825328680015e-33
9,lbfgs,1869,11598.681599999996,14598.681599999996,7.567661491036162e-08,7.484148893219962e-08,5.537795998406272e-10,3.7696545116345415e-08,3.659116421601357e-08,5.829546587051558e-10,0.0,4.019145960733218e-30,9.856003776821064e-33,1.2491797517214574e-33
9,lbfgs,1879,11598.681599999996,14598.681599999996,7.560868866956706e-08,7.477710550685936e-08,5.520375764512461e-10,3.7709913534771995e-08,3.6515154395636115e-08,5.793838654045791e-10,0.0,4.014288381856738e-30,9.856602693833136e-33,1.2489841155744872e-33
9,lbfgs,1889,11598.681599999996,14598.681599999996,7.554231024223799e-08,7.470917510924068e-08,5.523769109062848e-10,3.762860422624687e-08,3.652819397208752e-08,5.809421281075996e-10,0.0,4.0175600014882146e-30,9.856329463558623e-33,1.2490971332123141e-33
9,lbfgs,1899,11598.681599999996,14598.681599999996,7.54768741207837e-08,7.464532942693207e-08,5.516955492723249e-10,3.760195940208193e-08,3.649167447557781e-08,5.79341846704795e-10,0.0,4.016699850291137e-30,9.856482894833143e-33,1.2490587896921655e-33
9,lbfgs,1909,11598.681599999996,14598.681599999996,7.538583384577896e-08,7.455772760987546e-08,5.504576270561617e-10,3.758426013103603e-08,3.642300985178328e-08,5.758844045748642e-10,0.0,4.014330459438899e-30,9.856836190260786e-33,1.2489576966572111e-33
9,lbfgs,1919,11598.681599999996,14598.681599999996,7.531845776042181e-08,7.44870504225225e-08,5.509891107081013e-10,3.7488033134849695e-08,3.64480281769647e-08,5.791965568944284e-10,0.0,4.019131172940335e-30,9.856444286547312e-33,1.2491063034849466e-33
9,lbfgs,1929,11598.681599999996,14598.681599999996,7.523685362812256e-08,7.439964598531485e-08,5.524295608813885e-10,3.7358776184526225e-08,3.6488440239907236e-08,5.850136894537707e-10,0.0,4.029234710907115e-30,9.855872472988549e-33,1.249322750881176e-33
9,lbfgs,1939,11598.681599999996,14598.681599999996,7.516140586372422e-08,7.43327114403148e-08,5.494837306077249e-10,3.7414646473352737e-08,3.636858123635434e-08,5.764653341061067e-10,0.0,4.0186584337535516e-30,9.856705808524883e-33,1.2490474231184117e-33
9,lbfgs,1949,11598.681599999996,14598.681599999996,7.508180257758246e-08,7.425861091131486e-08,5.476424797545888e-10,3.744582632135414e-08,3.626514211020613e-08,5.70933342499937e-10,0.0,4.01325019149016e-30,9.857348966649585e-33,1.2488462596269062e-33
9,lbfgs,1959,11598.681599999996,14598.681599999996,7.500523773954436e-08,7.417552290220018e-08,5.489864225673392e-10,3.729257958711058e-08,3.633395689252226e-08,5.774826222924694e-10,0.0,4.023429577817111e-30,9.856585849788813e-33,1.2491174867721037e-33
9,lbfgs,1969,11598.681599999996,14598.681599999996,7.491591125289351e-08,7.408412047495529e-08,5.491439056436044e-10,3.720549984716742e-08,3.6329476722144266e-08,5.795614378153449e-10,0.0,4.028345682066496e-30,9.856388657828697e-33,1.2492013472770328e-33
9,lbfgs,1979,11598.681599999996,14598.681599999996,7.485042402286789e-08,7.402236222468379e-08,5.477182187010681e-10,3.720860129357019e-08,3.626604271241253e-08,5.758158387308119e-10,0.0,4.024558889106969e-30,9.856744251394312e-33,1.2490915543232147e-33
9,lbfgs,1989,11598.681599999996,14598.681599999996,7.475975062684522e-08,7.393278679597126e-08,5.469791273929068e-10,3.716035015336031e-08,3.6225457515218046e-08,5.747095792685735e-10,0.0,4.025290215616561e-30,9.856842880849151e-33,1.249074709359312e-33
9,lbfgs,1999,11598.681599999996,14598.681599999996,7.467093748993285e-08,7.384629228966045e-08,5.459595870925873e-10,3.7129429825049625e-08,3.617090287751824e-08,5.72378320594779e-10,0.0,4.024598564665466e-30,9.857058120930688e-33,1.249018903829081e-33
9,lbfgs,2009,11598.681599999996,14598.681599999996,7.459096524259752e-08,7.377067290044775e-08,5.444797862534983e-10,3.7136883311941935e-08,3.6089309802252316e-08,5.68003824663077e-10,0.0,4.020754580263026e-30,9.857501010178128e-33,1.2488879148490279e-33
9,lbfgs,2019,11598.681599999996,14598.681599999996,7.451713819818458e-08,7.369009889252753e-08,5.458562629775342e-10,3.699374804633221e-08,3.615049458321778e-08,5.747740181203649e-10,0.0,4.032094339893984e-30,9.856830492363113e-33,1.2491214703641114e-33
9,lbfgs,2029,11598.681599999996,14598.681599999996,7.442792127141424e-08,7.360097878972933e-08,5.454075758995591e-10,3.6934464683057593e-08,3.6121106530772176e-08,5.74672382980738e-10,0.0,4.0343839043810854e-30,9.856841999828986e-33,1.249133113797701e-33
9,lbfgs,2039,11598.681599999996,14598.681599999996,7.433925295865136e-08,7.351217212169584e-08,5.450807713834336e-10,3.6872845090840335e-08,3.609424625947208e-08,5.74806900124313e-10,0.0,4.037529129413379e-30,9.856833344143791e-33,1.249151471214332e-33
9,lbfgs,2049,11598.681599999996,14598.681599999996,7.425139753878697e-08,7.342370951948989e-08,5.448786528625973e-10,3.680702622916915e-08,3.6071804637458134e-08,5.754115228971925e-10,0.0,4.04131835700543e-30,9.856792777199115e-33,1.2491800573490736e-33
10,adam,0,14598.681599999996,17598.681599999996,0.10882255018601172,0.08161691257287249,0.00027391547302216436,0.058806986429126296,0.022536010670724027,0.027205637524290824,0.0,7.293707347518096e-27,1.9600000001445633e-30,2.499999999999994e-31
10,adam,24,14598.681599999996,17598.681599999996,0.025977562172844942,0.012062446321435412,0.0002670318679987716,0.007185235400131719,0.004610179053304921,0.013915115760443823,0.0,5.802411552125871e-28,2.4543490181397474e-31,5.136480452566933e-32
10,adam,49,14598.681599999996,17598.681599999996,0.021263550990157636,0.0078096400454028166,2.5394723643724856e-05,0.0051282687875927775,0.002655976534166314,0.013453910852113634,0.0,1.0503875493941196e-28,1.7975691920465303e-31,2.9192449833364365e-32
10,adam,74,14598.681599999996,17598.681599999996,0.01839275621508941,0.005232269275116092,4.121430318521491e-06,0.0035411341961094143,0.0016870136486881562,0.013160486843509484,0.0,1.4714283267670883e-29,1.2709717877385407e-31,1.8369064738413694e-32
10,adam,99,14598.681599999996,17598.681599999996,0.01706090882288601,0.0041568319170391214,2.5438034140244877e-06,0.00282063633425786,0.0013336517793672371,0.012904076805254572,0.0,9.015784836748576e-30,9.924495184035651e-32,1.4868093105681822e-32
10,adam,124,14598.681599999996,17598.681599999996,0.016341296777914117,0.003670336808131118,1.8716855854467664e-06,0.002508620964328236,0.0011598441582174358,0.012670959866240367,0.0,5.7814676597644425e-30,8.536723899005589e-32,1.3289458373625983e-32
10,adam,149,14598.681599999996,17598.681599999996,0.015924538140071307,0.003428502378008469,1.3036583119150963e-06,0.0023479559176890043,0.0010792428020075498,0.012496035656521841,0.0,2.8436087507612934e-30,7.705185464003722e-32,1.2425038411651896e-32
10,adam,174,14598.681599999996,17598.681599999996,0.015643247632682097,0.003288599268192722,1.1433389018725455e-06,0.002258314441634091,0.0010291414876567586,0.012354648257523125,0.0,2.016757956622213e-30,7.14086819010773e-32,1.1865171778499788e-32
10,adam,199,14598.681599999996,17598.681599999996,0.015423869810936623,0.00319589103681207,9.894629868218238e-07,0.002201844048873629,0.0009930575249516187,0.012227978666061215,0.0,1.5767583470317534e-30,6.714294761922923e-32,1.1458257657116938e-32
10,adam,224,14598.681599999996,17598.681599999996,0.015077013327550246,0.0030128967241388324,8.921439794614702e-07,0.0020761797326239576,0.0009358248475354133,0.012064116494405029,0.0,1.1358896989896687e-30,6.28622633860263e-32,1.0789401323778477e-32
10,adam,249,14598.681599999996,17598.681599999996,0.014862059138267698,0.0029312617809628834,8.01115051554606e-07,0.0020221918509983547,0.0009082688149129742,0.011930797247361432,0.0,8.299615960099182e-31,5.961417193840185e-32,1.0580840851000402e-32
10,adam,274,14598.681599999996,17598.681599999996,0.01463642191449849,0.0028191006239215695,9.004869375624305e-07,0.0019366392181232237,0.0008815609188607832,0.011817321179554143,0.0,1.0827914630905474e-30,5.68907365456995e-32,1.0348831667640414e-32
10,adam,299,14598.681599999996,17598.681599999996,0.014356962200932369,0.002656058874114066,1.2004498346233035e-06,0.001795317342543582,0.0008595410817358604,0.011700903214322017,0.0,1.925471785494772e-30,5.465723474593809e-32,1.0267195334901175e-32
10,adam,324,14598.681599999996,17598.681599999996,0.013906658317986797,0.0023381679551088314,8.810335583565764e-07,0.0014771272625059978,0.0008601596590444772,0.011568490248064387,0.0,1.5620100138736641e-30,5.265244280026326e-32,1.038519040202689e-32
10,adam,349,14598.681599999996,17598.681599999996,0.013102197500445785,0.0018293228624597026,1.0262819335911528e-06,0.0010898642830796201,0.0007384322974464912,0.011272874520127943,0.0,6.635847813718872e-30,4.686660711752472e-32,7.9712608618551e-33
10,adam,374,14598.681599999996,17598.681599999996,0.012217602332855461,0.0014925100769431416,8.822739190841844e-07,0.0008907567257371839,0.0006008710772868735,0.010725092135232789,0.0,7.284718454626164e-30,4.2645866045656453e-32,6.835628008039363e-33
10,adam,399,14598.681599999996,17598.681599999996,0.011429096509022562,0.0013057886328687127,4.921885856022162e-07,0.0008036941668680311,0.0005016022774150795,0.010123307752268457,0.0,3.983819484153511e-30,3.97015639293088e-32,6.198229485716572e-33
10,adam,424,14598.681599999996,17598.681599999996,0.010694624707437215,0.0011473277544997661,3.5638104873637895e-07,0.0007207537552685843,0.0004262176181824454,0.009547296826044108,0.0,3.627280852779542e-30,3.691138110092752e-32,5.62815424577557e-33
10,adam,449,14598.681599999996,17598.681599999996,0.010038581669390695,0.0010305197069031336,3.6109780223985436e-07,0.0006575354581236407,0.00037262315097725304,0.009008061832583325,0.0,3.635117880641324e-30,3.473287758123332e-32,5.2346106417106155e-33
10,adam,474,14598.681599999996,17598.681599999996,0.009457048078154902,0.0009439226090808175,5.013262110214768e-07,0.0006165970642785943,0.0003268242185912017,0.008513125336045028,0.0,3.0509747501799405e-30,3.282038498918719e-32,4.915786926814669e-33
10,adam,499,14598.681599999996,17598.681599999996,0.008873355840463226,0.0008561438058034007,2.73827129343475e-07,0.0005599065339839268,0.0002959634446901304,0.00801721189879081,0.0,2.314451417808266e-30,3.13032636018376e-32,4.5391778259022045e-33
10,adam,524,14598.681599999996,17598.681599999996,0.008349791068139512,0.0007875733374075743,2.6639233032953777e-07,0.0005232396926859266,0.0002640672523913182,0.007562217592148201,0.0,2.309948785705063e-30,2.991045539005387e-32,4.287101382073008e-33
10,adam,549,14598.681599999996,17598.681599999996,0.007902478883156535,0.0007407740547243026,2.397460634075038e-07,0.000498274760455446,0.0002422595482054491,0.007161704687400606,0.0,1.9462472921823432e-30,2.9149656811805994e-32,3.856214234085505e-33
10,adam,574,14598.681599999996,17598.681599999996,0.007408349203329967,0.0006824788985215105,2.2096810454040602e-07,0.0004634562799549272,0.00021880165046204284,0.0067258701616187515,0.0,2.0367870573006396e-30,2.7623067661928284e-32,3.8066706269255746e-33
10,adam,599,14598.681599999996,17598.681599999996,0.006999925195483187,0.0006390984877612327,2.1783121204002555e-07,0.0004442689532351812,0.00019461170331401144,0.006360826562352056,0.0,1.810895241078183e-30,2.686675978877075e-32,3.563224094448392e-33
10,adam,624,14598.681599999996,17598.681599999996,0.006566159954384826,0.0005834373685767902,1.6799031125604747e-07,0.00040017736301181,0.0001830920152537242,0.005982722438505447,0.0,1.5403455128569746e-30,2.615571706051589e-32,3.4069396910237034e-33
10,adam,649,14598.681599999996,17598.681599999996,0.0063244184428396305,0.0005899972973863533,2.0069331883063428e-07,0.00041486439073225377,0.00017493221333526892,0.005734420996261221,0.0,1.7552462598292683e-30,2.709673626568303e-32,2.652261842337174e-33
10,adam,674,14598.681599999996,17598.681599999996,0.005857445859614256,0.000532224117096524,1.8284939270882945e-07,0.0003641175813413981,0.00016792368636241707,0.005325221591721614,0.0,1.617278248015736e-30,2.4253431837491817e-32,3.107798279788427e-33
10,adam,699,14598.681599999996,17598.681599999996,0.005505461446622163,0.0004843453019712407,1.716259312509067e-07,0.0003317821430457532,0.00015239153299423657,0.0050211159920678615,0.0,1.9837430491483226e-30,2.3713201816744366e-32,2.943497661139312e-33
10,adam,724,14598.681599999996,17598.681599999996,0.005183059959296044,0.00044894255562175225,1.8391771662830463e-07,0.0003095103792151527,0.00013924825868997126,0.004734117249063159,0.0,2.0070922100500524e-30,2.2978786779763121e-32,2.854519507305619e-33
10,adam,749,14598.681599999996,17598.681599999996,0.017510912019551107,0.0051985608483707535,1.1988155467525084e-06,0.002371680457804738,0.0028256815750192627,0.012312351013541084,0.0,7.778342885807614e-30,7.928603890184654e-32,1.2701741269847227e-32
10,adam,774,14598.681599999996,17598.681599999996,0.017389519574889427,0.00484362272037224,3.2614955002615685e-07,0.002324535978691023,0.002518760592131191,0.012545896693886399,0.0,1.4434042137265611e-30,6.14474897394185e-32,1.0096514424150523e-32
10,adam,799,14598.681599999996,17598.681599999996,0.01218493811536636,0.003892590968306806,6.232913673504498e-08,0.0022481257682832765,0.0016444028708867944,0.008292346985450606,0.0,1.1342601505992912e-30,4.718311347058073e-32,7.064615487039993e-33
10,adam,824,14598.681599999996,17598.681599999996,0.008451363997828774,0.0025972337995803594,7.231991287114519e-07,0.0017205717811063358,0.0008759388193453125,0.005854130034896022,0.0,1.7777863567250922e-29,2.5899720148588436e-32,2.7400003058605882e-33
10,adam,849,14598.681599999996,17598.681599999996,0.0077862261718780945,0.002155144476523063,2.0736908398940896e-07,0.0014636346154004505,0.0006913024920386231,0.0056310815314936724,0.0,4.820944151983382e-30,2.2210262787924127e-32,2.3100787451777238e-33
10,adam,874,14598.681599999996,17598.681599999996,0.007312475745344227,0.0018365799295236153,2.795730834342255e-08,0.0012607910626352826,0.0005757609095799892,0.005475895651827676,0.0,5.422546680332509e-31,2.0955367211130463e-32,2.3095349445815387e-33
10,adam,899,14598.681599999996,17598.681599999996,0.00691170564483964,0.0015773398218646257,1.950945241697037e-08,0.0010542196656184997,0.000523100646793709,0.005334365658837291,0.0,3.33193360424232e-31,2.0918706561754234e-32,2.2821636824653593e-33
10,adam,924,14598.681599999996,17598.681599999996,0.00655491685798948,0.0013614295050713762,1.9327255552154434e-08,0.0009013745228645197,0.00046003565495130415,0.005193487188565893,0.0,2.935521666777393e-31,2.0685885866262687e-32,2.3474609566592824e-33
10,adam,949,14598.681599999996,17598.681599999996,0.006242233649580483,0.0011900583691618945,2.5745208201765442e-08,0.0007794214446134889,0.00041061117934020384,0.005052175115786998,0.0,3.3176471836080677e-31,2.0499942985515685e-32,2.4680301757702353e-33
10,adam,974,14598.681599999996,17598.681599999996,0.005972818642278213,0.0010530731647032964,3.757189977443079e-08,0.0006799496735571945,0.0003730859192463274,0.004919745312631569,0.0,4.149225926242605e-31,2.0430350721759574e-32,2.5432206402510618e-33
10,adam,999,14598.681599999996,17598.681599999996,0.005731788004496889,0.000940670986853954,5.076155972976662e-08,0.0006028299020116847,0.0003377903232825396,0.004791116852365522,0.0,5.020035072924291e-31,2.0305240181379476e-32,2.5776339077614796e-33
10,adam,1024,14598.681599999996,17598.681599999996,0.005497561175390013,0.0008366374306168682,6.630550550055562e-08,0.0005328762191461831,0.00030369490596518457,0.004660923579134092,0.0,6.142752638125416e-31,1.9484335172163254e-32,2.5481960825762797e-33
10,adam,1049,14598.681599999996,17598.681599999996,0.005291242050284458,0.0007596340732947784,7.833446110264776e-08,0.00048393787181601536,0.0002756178670176604,0.004531607810988735,0.0,6.0469630805354565e-31,1.9046163569947868e-32,2.6287482703311755e-33
10,adam,1074,14598.681599999996,17598.681599999996,0.005101342478296441,0.0006964460461792734,8.974656946949607e-08,0.00044483824090435075,0.0002515180587054532,0.004404896265766519,0.0,6.1391292418406875e-31,1.865298186251816e-32,2.6847797294950204e-33
10,adam,1099,14598.681599999996,17598.681599999996,0.0049249333792582345,0.0006446690167871931,9.601040404265226e-08,0.00041140308137202817,0.00023316992501112234,0.004280264195781766,0.0,6.1809660933720455e-31,1.8262050530712328e-32,2.7248153729259662e-33
10,adam,1124,14598.681599999996,17598.681599999996,0.004758497435899526,0.0006009115914302804,9.470305354832361e-08,0.0003813098895235339,0.0002195069988531982,0.004157585677452856,0.0,6.087452453434716e-31,1.7879830638453866e-32,2.7558193942941474e-33
10,adam,1149,14598.681599999996,17598.681599999996,0.004599115503561322,0.0005623386327141963,8.685238733747817e-08,0.0003537467081870505,0.0002085050721398083,0.004036776703512404,0.0,5.823438590713516e-31,1.7530841370330405e-32,2.7786870836924012e-33
10,adam,1174,14598.681599999996,17598.681599999996,0.004444938822317738,0.0005274280869159327,7.512016634868522e-08,0.000328252605929156,0.00019910036082042802,0.003917510567750503,0.0,5.416572775611771e-31,1.721877840424372e-32,2.7936973388656744e-33
10,adam,1199,14598.681599999996,17598.681599999996,0.00429501271587286,0.0004955470746037056,6.228990969949524e-08,0.0003044872732900568,0.00019099751140394937,0.003799465473295464,0.0,4.938889488851555e-31,1.692682706221123e-32,2.8040863384188793e-33
10,adam,1224,14598.681599999996,17598.681599999996,0.0041704997600774795,0.00048271234636446233,4.9392531054953476e-08,0.0002953040967857199,0.0001873588570476875,0.003687787245432361,0.0,4.401709890722214e-31,1.8962899976841984e-32,2.8056527779854767e-33
10,adam,1249,14598.681599999996,17598.681599999996,0.004023592691781529,0.0004485793480759979,4.095770691556372e-08,0.0002711822012714476,0.00017735618909763475,0.003575013175081103,0.0,4.165550125365513e-31,1.861888116223528e-32,2.7647008982976363e-33
10,adam,1274,14598.681599999996,17598.681599999996,0.003881980889025773,0.0004210938120626794,3.4696944796677406e-08,0.00024880635491999993,0.0001722527601978828,0.0034608869079676033,0.0,3.876472619165041e-31,1.820894733488293e-32,2.761009918547188e-33
10,adam,1299,14598.681599999996,17598.681599999996,0.0037457869485810593,0.000397837215516518,3.059228158205917e-08,0.00022876880297590933,0.0001690378202590266,0.0033479495636875127,0.0,3.682766886367451e-31,1.7805008443648477e-32,2.763120224038203e-33
10,adam,1324,14598.681599999996,17598.681599999996,0.0036153528287631706,0.00037821693099677903,2.845057807959554e-08,0.0002106083592645926,0.00016758012115410684,0.003237135728003965,0.0,3.602144657574046e-31,1.7390243084175155e-32,2.767663728834404e-33
10,adam,1349,14598.681599999996,17598.681599999996,0.003490588241719808,0.0003617664570703474,2.773567958657244e-08,0.00019495534429008913,0.0001667833771006717,0.003128821614503339,0.0,3.6256012069231746e-31,1.6989237331948223e-32,2.767745147015593e-33
10,adam,1374,14598.681599999996,17598.681599999996,0.003370908271811851,0.0003480065957924789,2.7884621528546646e-08,0.00018201710084425667,0.00016596161032669373,0.0030229015054933344,0.0,3.727002114148157e-31,1.66116807025235e-32,2.7609472349868223e-33
10,adam,1399,14598.681599999996,17598.681599999996,0.0032555290500887587,0.00033630042884750947,2.843972111626832e-08,0.00017157943062405306,0.0001646925585023401,0.0029192284503387327,0.0,3.8713954507646036e-31,1.6262916698054332e-32,2.746130422608107e-33
10,lbfgs,1400,14598.681599999996,17598.681599999996,0.003257482517875588,0.000342355545392608,2.9510595183536173e-08,0.00017006075890983944,0.00017226527588758503,0.0029151268015654517,0.0,4.3430474574420526e-31,1.5048038932442236e-32,2.7257250992958495e-33
10,lbfgs,1409,14598.681599999996,17598.681599999996,0.0022763503038548405,0.00045584187361202535,2.839275289623127e-08,0.00014403071555436073,0.0003117827653047684,0.0018205082579182267,0.0,3.61976446699327e-31,1.4749127015626284e-32,4.885813128316487e-33
10,lbfgs,1419,14598.681599999996,17598.681599999996,0.0006603655495474668,0.00026470428370157595,3.453424675712224e-06,0.0001418471953968809,0.00011940366362898279,0.0003956610858088858,0.0,1.4896785643949137e-29,1.20372372071086e-32,1.3027850582379006e-33
10,lbfgs,1429,14598.681599999996,17598.681599999996,0.00011625568995968314,0.00010888712691051708,4.304670688537796e-08,5.344633822221521e-05,5.539774198141649e-05,7.368377413431255e-06,0.0,6.226347843420367e-31,8.997228592137274e-33,1.624586551542068e-33
10,lbfgs,1439,14598.681599999996,17598.681599999996,6.526835690074497e-05,6.299849682523801e-05,5.996703516857453e-08,3.1369876774272485e-05,3.156865301579695e-05,2.2696643464791594e-06,0.0,2.7401554217141556e-31,1.0663465833391377e-32,1.599047020918172e-33
10,lbfgs,1449,14598.681599999996,17598.681599999996,4.8174476843150763e-05,4.49662155585346e-05,4.979466840478043e-08,1.3434233661588051e-05,3.148218722854177e-05,3.208056212751603e-06,0.0,4.813705954741539e-31,9.606379598012265e-33,1.593709204100226e-33
10,lbfgs,1459,14598.681599999996,17598.681599999996,2.3189853214440856e-05,2.1540277703793518e-05,2.3425768919691526e-08,5.726808979474873e-06,1.5790042955398952e-05,1.6493651284192573e-06,0.0,2.1312545240736062e-31,9.915045453391763e-33,1.3812253846317325e-33
10,lbfgs,1469,14598.681599999996,17598.681599999996,1.4448122589155554e-05,1.4328697672819502e-05,2.5754969366835846e-08,3.4385301904871462e-06,1.086441251296552e-05,1.192162130726979e-07,0.0,2.261626830118556e-31,9.401311021860208e-33,1.3264113625115443e-33
10,lbfgs,1479,14598.681599999996,17598.681599999996,9.542242654286394e-06,9.430877620544333e-06,2.5334916100669443e-08,3.1586844904670758e-06,6.246858213976588e-06,1.1115331525038775e-07,0.0,3.236536226261668e-31,9.28553589909744e-33,1.2825448944094954e-33
10,lbfgs,1489,14598.681599999996,17598.681599999996,7.227327615903176e-06,7.135761054418847e-06,3.752371152420574e-08,1.999473514330526e-06,5.098763828564115e-06,9.135418381348346e-08,0.0,4.894049771904411e-31,9.147486804805948e-33,1.2395486303379168e-33
10,lbfgs,1499,14598.681599999996,17598.681599999996,5.724125233805462e-06,5.695235021759138e-06,5.3210423520630704e-08,1.39821791802693e-06,4.243806680211577e-06,2.8675681974825568e-08,0.0,8.485534348157789e-31,9.137757557642623e-33,1.2237964146542552e-33
10,lbfgs,1509,14598.681599999996,17598.681599999996,5.253895800779453e-06,5.054370327568595e-06,3.118993839224033e-08,1.176332722748742e-06,3.846847666427613e-06,1.9931124222036582e-07,0.0,1.5923055673022039e-31,9.152966345403236e-33,1.2173436065175553e-33
10,lbfgs,1519,14598.681599999996,17598.681599999996,4.189318576771433e-06,4.1093909272968594e-06,3.467674241008539e-08,1.4524138561378395e-06,2.6223003287489345e-06,7.971178266146912e-08,0.0,6.5321863433345175e-31,8.912730259266794e-33,1.2067206464901229e-33
10,lbfgs,1529,14598.681599999996,17598.681599999996,3.3778883773596552e-06,3.3248898049530438e-06,3.182765798960149e-08,1.4522039579177916e-06,1.8408581890456507e-06,5.27836060172993e-08,0.0,4.910978471199845e-31,9.063446267931666e-33,1.1932929479120239e-33
10,lbfgs,1539,14598.681599999996,17598.681599999996,2.619518254050537e-06,2.569162255275498e-06,1.0017603471950542e-08,1.5061185547713783e-06,1.0530260970321695e-06,5.013875304688749e-08,0.0,1.7809538000177873e-31,8.938204965060727e-33,1.1868603895599456e-33
10,lbfgs,1549,14598.681599999996,17598.681599999996,1.8527907238532673e-06,1.7689207393688611e-06,1.0431225494533237e-07,1.0630511895043138e-06,6.01557294919215e-07,8.365352398363262e-08,0.0,1.5766747792274271e-30,9.000647481763999e-33,1.1764364027199651e-33
10,lbfgs,1559,14598.681599999996,17598.681599999996,1.2819932762133027e-06,1.2079956596087655e-06,6.748253465264906e-08,8.324430875095113e-07,3.0807003744660517e-07,7.377763752288867e-08,0.0,1.2355536447492006e-30,8.92068412428882e-33,1.1702583153877019e-33
10,lbfgs,1569,14598.681599999996,17598.681599999996,1.1626052756101882e-06,1.1123632521251888e-06,1.7362504540795718e-08,7.735945231936451e-07,3.214062243907481e-07,5.0021628816151704e-08,0.0,3.0859368540249603e-31,8.964662383178656e-33,1.176910882341297e-33
10,lbfgs,1579,14598.681599999996,17598.681599999996,1.1000340353265062e-06,1.0637555522157948e-06,7.101959755068577e-09,6.88240792768795e-07,3.684127996919311e-07,3.6058215170802245e-08,0.0,1.4023499626335146e-31,8.961939774869044e-33,1.1737792749436953e-33
10,lbfgs,1589,14598.681599999996,17598.681599999996,1.0742668447656132e-06,1.0095495904632547e-06,7.017923948795717e-09,6.135441408610517e-07,3.8898752565340726e-07,6.449654648076709e-08,0.0,1.396728769608287e-31,8.984501433299282e-33,1.1747714121195454e-33
10,lbfgs,1599,14598.681599999996,17598.681599999996,9.683712333276976e-07,9.430241786610713e-07,2.220433296495692e-09,5.143161741655795e-07,4.2648757119899613e-07,2.5124983114360972e-08,0.0,2.3821081023995998e-32,9.014297156817469e-33,1.1785037990609067e-33
10,lbfgs,1609,14598.681599999996,17598.681599999996,9.573188966073598e-07,9.411909667648104e-07,2.454592718948281e-09,5.178689143664574e-07,4.2086745967940473e-07,1.5906095879114053e-08,0.0,2.5424585983875965e-32,9.006860958473177e-33,1.1794815485230087e-33
10,lbfgs,1619,14598.681599999996,17598.681599999996,9.135720274844621e-07,8.781526011587238e-07,2.3072314986351943e-09,4.661521365362576e-07,4.0969323312383096e-07,3.519601427095383e-08,0.0,1.7857642564619448e-32,9.023603761544932e-33,1.1810092790720448e-33
10,lbfgs,1629,14598.681599999996,17598.681599999996,6.89893698506883e-07,6.742558267862004e-07,1.5385316776232686e-08,3.7031905693182265e-07,2.885514530781451e-07,1.541172979693192e-08,0.0,2.5175264643096125e-31,9.040250786591875e-33,1.1710081534174765e-33
10,lbfgs,1639,14598.681599999996,17598.681599999996,6.385593702894663e-07,6.212094226207088e-07,1.2733517518481314e-08,4.026539001210388e-07,2.058220049811887e-07,1.712214405769301e-08,0.0,1.6759580261358615e-31,9.054948040062271e-33,1.1710817532149972e-33
10,lbfgs,1649,14598.681599999996,17598.681599999996,5.832641260578741e-07,5.705218191115465e-07,1.7434106596271113e-08,4.040923268826633e-07,1.4899538563261215e-07,1.2512217694912224e-08,0.0,3.1040089407864947e-31,9.060709419094986e-33,1.1696027263437321e-33
10,lbfgs,1659,14598.681599999996,17598.681599999996,4.695174624904253e-07,4.418246577896324e-07,2.0850707185048815e-08,3.1304897032586404e-07,1.0792498027871958e-07,2.745961137886218e-08,0.0,4.162800463179879e-31,9.102595519588803e-33,1.1674187311729966e-33
10,lbfgs,1669,14598.681599999996,17598.681599999996,4.277238747987565e-07,4.1492179755991013e-07,1.108982627613464e-08,3.006309014661659e-07,1.0320106981760961e-07,1.2568592824531173e-08,0.0,2.488962090288336e-31,9.095238044524912e-33,1.1711332133026707e-33
10,lbfgs,1679,14598.681599999996,17598.681599999996,4.1456682719712624e-07,4.0458608193331577e-07,1.0027808142982042e-08,2.7061812669937896e-07,1.2394014709095476e-07,9.747584979253747e-09,0.0,2.2757890421540325e-31,9.106190250251837e-33,1.1715853190725097e-33
10,lbfgs,1689,14598.681599999996,17598.681599999996,4.054534714429306e-07,3.9414555559630377e-07,1.089931646001894e-08,2.604614216962821e-07,1.2278481744000275e-07,1.1074347262781298e-08,0.0,2.568356052068345e-31,9.125399230060562e-33,1.1744023951395527e-33
10,lbfgs,1699,14598.681599999996,17598.681599999996,3.697340213106268e-07,3.4019670780257077e-07,6.959483151417943e-09,2.3437864572722122e-07,9.885857892393166e-08,2.930328598558282e-08,0.0,1.6656628329352466e-31,9.103216229125512e-33,1.169337013754293e-33
10,lbfgs,1709,14598.681599999996,17598.681599999996,3.4510794471298263e-07,3.310170601336855e-07,4.520151832603218e-09,2.30736141994716e-07,9.576076630636628e-08,1.3857697799268106e-08,0.0,1.0699056617470704e-31,9.115904888250162e-33,1.1684341056034137e-33
10,lbfgs,1719,14598.681599999996,17598.681599999996,3.121104332308639e-07,2.9937717077520516e-07,2.1958551375094545e-09,1.9844209871154157e-07,9.873921692615416e-08,1.2498623099003083e-08,0.0,2.8437755857717877e-32,9.10236063802899e-33,1.1735061643337823e-33
10,lbfgs,1729,14598.681599999996,17598.681599999996,2.7947937751227274e-07,2.709876883259003e-07,4.188764495129217e-09,1.613719788543812e-07,1.0542694497638988e-07,8.255293077995597e-09,0.0,5.558990601860197e-32,9.145677713528558e-33,1.1713947216217362e-33
10,lbfgs,1739,14598.681599999996,17598.681599999996,2.5750862370305626e-07,2.4759475804469953e-07,1.6472168817666464e-09,1.6247925869968605e-07,8.346828246324683e-08,9.675351105317337e-09,0.0,2.0708195153737737e-32,9.121101757106347e-33,1.1708443785773032e-33
10,lbfgs,1749,14598.681599999996,17598.681599999996,2.4749508097115637e-07,2.3722256855273148e-07,1.4611801182691178e-09,1.4322236863781202e-07,9.253901979665034e-08,1.0032614241428751e-08,0.0,2.563735160818267e-32,9.126186957361391e-33,1.1715112514426491e-33
10,lbfgs,1759,14598.681599999996,17598.681599999996,2.41723820347174e-07,2.3255646296629735e-07,1.9902330058850763e-09,1.4330664093553168e-07,8.72595890248806e-08,8.926821804587523e-09,0.0,3.888507858438708e-32,9.117679246393162e-33,1.1707976214576966e-33
10,lbfgs,1769,14598.681599999996,17598.681599999996,2.1142286562702266e-07,1.924090252182965e-07,3.180559883882471e-09,1.1495713363957987e-07,7.427133169483415e-08,1.8771106002138477e-08,0.0,6.97267376051308e-32,9.135605823435525e-33,1.1723810565758565e-33
10,lbfgs,1779,14598.681599999996,17598.681599999996,1.991601304895949e-07,1.8922035033447944e-07,3.7135065890052858e-09,1.088809797405443e-07,7.662586400492986e-08,9.697007639222587e-09,0.0,8.326468579463582e-32,9.124303162860315e-33,1.172334778905345e-33
10,lbfgs,1789,14598.681599999996,17598.681599999996,1.9378050124513517e-07,1.8440594221778212e-07,3.446671847914893e-09,9.893231146840056e-08,8.202695890146665e-08,9.132986780972474e-09,0.0,7.430984270520212e-32,9.12766356186596e-33,1.1740608327708547e-33
10,lbfgs,1799,14598.681599999996,17598.681599999996,1.817684149279611e-07,1.7482329511812543e-07,4.017731956180478e-09,9.288391833709524e-08,7.792164482484969e-08,6.702851410660666e-09,0.0,8.680971179078889e-32,9.149196026924315e-33,1.1715589060318273e-33
10,lbfgs,1809,14598.681599999996,17598.681599999996,1.2349331947004095e-07,1.1851281376123945e-07,8.341911132988748e-09,4.781918872507478e-08,6.235171390317591e-08,4.7381740658233e-09,0.0,1.116043004777858e-31,9.177601251308213e-33,1.170550048039733e-33
10,lbfgs,1819,14598.681599999996,17598.681599999996,1.0353797563450276e-07,9.52954460975727e-08,8.218738017046733e-09,5.145436122377295e-08,3.5622346856753025e-08,7.998382619067298e-09,0.0,8.119252729843364e-32,9.17783642405163e-33,1.1693523144242382e-33
10,lbfgs,1829,14598.681599999996,17598.681599999996,1.0262565623046796e-07,8.519328680749567e-08,7.438956826197518e-09,4.1589280330736315e-08,3.616504965056184e-08,1.7186768772275546e-08,0.0,5.768776923818658e-32,9.178911130431319e-33,1.171357235082753e-33
10,lbfgs,1839,14598.681599999996,17598.681599999996,8.330448931148132e-08,7.930183713032663e-08,6.483427771795057e-09,4.725677211945565e-08,2.5561637239075914e-08,3.755902853811513e-09,0.0,5.520410019766103e-32,9.163394503210894e-33,1.170682005021037e-33
10,lbfgs,1849,14598.681599999996,17598.681599999996,7.914690882561147e-08,7.69163449371727e-08,6.4809816012136e-09,4.2355891697130265e-08,2.8079471638828838e-08,1.983175753764445e-09,0.0,6.620942040714649e-32,9.161421804611597e-33,1.1706276263388824e-33
10,lbfgs,1859,14598.681599999996,17598.681599999996,7.887291313523757e-08,7.66580983531128e-08,6.5586221188416835e-09,4.2135740199700416e-08,2.796373603457069e-08,1.9674770593932494e-09,0.0,6.668860439394587e-32,9.162610840445424e-33,1.1704790091274606e-33
10,lbfgs,1869,14598.681599999996,17598.681599999996,7.8663639777413e-08,7.650534919424803e-08,6.494135454142451e-09,4.214346335458671e-08,2.7867750385518868e-08,1.9110017153502477e-09,0.0,6.566702132397617e-32,9.162714720110738e-33,1.1704511290667024e-33
10,lbfgs,1879,14598.681599999996,17598.681599999996,7.848900561327622e-08,7.635653951297241e-08,6.442953565387893e-09,4.213134927509769e-08,2.7782236672486833e-08,1.8852427196930756e-09,0.0,6.483488452106491e-32,9.162518363304893e-33,1.1704994939338903e-33
10,lbfgs,1889,14598.681599999996,17598.681599999996,7.830321948246036e-08,7.620202629309026e-08,6.382316080157958e-09,4.209363616902788e-08,2.7726074043904414e-08,1.8540323641870373e-09,0.0,6.397173123432429e-32,9.162376044472311e-33,1.1705338197885816e-33
10,lbfgs,1899,14598.681599999996,17598.681599999996,7.814960465871229e-08,7.607269924165177e-08,6.326111158319228e-09,4.2055020942747824e-08,2.7691567140584723e-08,1.8297913768673966e-09,0.0,6.322824245153136e-32,9.162354204436724e-33,1.170528949345068e-33
10,lbfgs,1909,14598.681599999996,17598.681599999996,7.800858942570135e-08,7.602285276221267e-08,6.26536371274055e-09,4.20630309615429e-08,2.7694458087929217e-08,1.7386382642398238e-09,0.0,6.294318272929825e-32,9.162583586388841e-33,1.1704939760286364e-33
10,lbfgs,1919,14598.681599999996,17598.681599999996,7.785766223501836e-08,7.592848911726397e-08,6.202307562591326e-09,4.202268557612182e-08,2.7703495978550822e-08,1.6821178825812637e-09,0.0,6.249246471966793e-32,9.162429511422512e-33,1.1705702540101184e-33
10,lbfgs,1929,14598.681599999996,17598.681599999996,7.773070972686166e-08,7.577612115463785e-08,6.141227848675655e-09,4.199585870252548e-08,2.7639034603436715e-08,1.7075833792451342e-09,0.0,6.15719129108881e-32,9.162445711582466e-33,1.1705014896678668e-33
10,lbfgs,1939,14598.681599999996,17598.681599999996,7.758955804756824e-08,7.57220036909261e-08,6.078066545376674e-09,4.197396827281184e-08,2.7669968872737597e-08,1.620581705360429e-09,0.0,6.142320371982847e-32,9.162369688335682e-33,1.1705636309421551e-33
10,lbfgs,1949,14598.681599999996,17598.681599999996,7.745189815642403e-08,7.549342630590044e-08,5.984331346982733e-09,4.190225221953425e-08,2.760684273938346e-08,1.711561934031685e-09,0.0,5.972476814596251e-32,9.162362997684233e-33,1.1704964164842072e-33
10,lbfgs,1959,14598.681599999996,17598.681599999996,7.733915540505844e-08,7.558467560864677e-08,5.948017137365613e-09,4.19689502638962e-08,2.7667708207384962e-08,1.5075810133922146e-09,0.0,6.085435239442193e-32,9.162279305417561e-33,1.1705865285451983e-33
10,lbfgs,1969,14598.681599999996,17598.681599999996,7.723205143294402e-08,7.544262804933742e-08,5.880399151868924e-09,4.1927267323113434e-08,2.7634961574355062e-08,1.5425591714540197e-09,0.0,5.981663041650498e-32,9.162313480713292e-33,1.1705470411139234e-33
10,lbfgs,1979,14598.681599999996,17598.681599999996,7.714693244054503e-08,7.535803733888945e-08,5.832682695466996e-09,4.187643643635536e-08,2.7648918207067086e-08,1.5420583374359084e-09,0.0,5.925849035449413e-32,9.162239622667743e-33,1.1705749164229741e-33
10,lbfgs,1989,14598.681599999996,17598.681599999996,7.704102378988627e-08,7.522715673763896e-08,5.755279967958971e-09,4.18100623943828e-08,2.7661814375297184e-08,1.5670629892291517e-09,0.0,5.81947902974064e-32,9.162249853094761e-33,1.1705780958987279e-33
10,lbfgs,1999,14598.681599999996,17598.681599999996,7.69585111915728e-08,7.525839230518215e-08,5.722419480229e-09,4.1892654225741956e-08,2.7643318599211188e-08,1.4533379415620251e-09,0.0,5.883135293976028e-32,9.162171888045544e-33,1.1705773298922333e-33
10,lbfgs,2009,14598.681599999996,17598.681599999996,7.688802032748311e-08,7.516131332149238e-08,5.669116856822209e-09,4.1829803294983636e-08,2.7662393169686537e-08,1.479944577729982e-09,0.0,5.798818739114405e-32,9.162180739820526e-33,1.170588569160506e-33
10,lbfgs,2019,14598.681599999996,17598.681599999996,7.68245296238058e-08,7.513138179155855e-08,5.632644717400856e-09,4.183914025057884e-08,2.765959682357885e-08,1.446404423141763e-09,0.0,5.788529297010188e-32,9.162149833095397e-33,1.1705900014679794e-33
10,lbfgs,2029,14598.681599999996,17598.681599999996,7.674244432396592e-08,7.510634873189502e-08,5.605085192345169e-09,4.182185602456656e-08,2.7679407514983293e-08,1.389383380564427e-09,0.0,5.793848565928926e-32,9.16195304697305e-33,1.1706704972564215e-33
10,lbfgs,2039,14598.681599999996,17598.681599999996,7.667983437990389e-08,7.501057217393477e-08,5.526498370912823e-09,4.1809917495607486e-08,2.7674156307414455e-08,1.4225570036720927e-09,0.0,5.698528565369736e-32,9.162157517775831e-33,1.1705825959696726e-33
10,lbfgs,2049,14598.681599999996,17598.681599999996,7.66237397339895e-08,7.498134859207544e-08,5.501028597283528e-09,4.180221519607905e-08,2.767810479871286e-08,1.395704035630911e-09,0.0,5.687930377845255e-32,9.162084550701438e-33,1.1706097790623765e-33
10,lbfgs,2059,14598.681599999996,17598.681599999996,7.656841128630689e-08,7.493970036462544e-08,5.464195697677177e-09,4.179071642264409e-08,2.768478824430417e-08,1.3820386886285762e-09,0.0,5.658979379634676e-32,9.162060232168079e-33,1.1706191571252514e-33
10,lbfgs,2069,14598.681599999996,17598.681599999996,7.650728420165444e-08,7.49015206566368e-08,5.43322340935373e-09,4.176930217709833e-08,2.7698995070184734e-08,1.35910985660073e-09,0.0,5.636507944266327e-32,9.161937595595436e-33,1.1706749116503157e-33
10,lbfgs,2079,14598.681599999996,17598.681599999996,7.645850946119695e-08,7.485272450218694e-08,5.380940933505204e-09,4.1776194333037154e-08,2.7695589235644582e-08,1.359139321285913e-09,0.0,5.594129738959633e-32,9.162088915220254e-33,1.1706029070581485e-33
10,lbfgs,2089,14598.681599999996,17598.681599999996,7.640277460111343e-08,7.48066140875567e-08,5.3352704555776454e-09,4.1771639656302236e-08,2.7699703975676815e-08,1.3495278756988586e-09,0.0,5.559077395108419e-32,9.16215232421458e-33,1.1705714858238205e-33
10,lbfgs,2099,14598.681599999996,17598.681599999996,7.635540237494506e-08,7.477751151425622e-08,5.315818906771831e-09,4.175485193693617e-08,2.770684067054822e-08,1.3312722206525792e-09,0.0,5.543294855031243e-32,9.162016983688928e-33,1.170633050914402e-33
11,adam,0,17598.681599999996,20000.0,0.10873203405186631,0.08154902547166114,0.0002060283759279711,0.05880698642500914,0.022536010670724027,0.027183008490553707,0.0,1.386393470679264e-29,1.960000000007342e-30,2.499999999999994e-31
11,adam,24,17598.681599999996,20000.0,0.02667242884823475,0.012914091183328485,9.166155435619704e-05,0.007601010885659077,0.005221418743313211,0.013758337573394301,0.0,1.3394103484805154e-30,2.6148969473065034e-31,5.802987536414978e-32
11,adam,49,17598.681599999996,20000.0,0.02118456569702212,0.00779443850641973,1.3012790540229346e-05,0.005055467068918571,0.0027259586469609303,0.013390127096165794,0.0,1.7058743892693438e-31,1.8003660194363585e-31,2.93435910481931e-32
11,adam,74,17598.681599999996,20000.0,0.018374892897584993,0.0053566265423568415,4.947317925949357e-06,0.0034450717280718503,0.0019066074963590418,0.013018266256254225,0.0,4.6430569285955167e-32,1.265777108126362e-31,1.9410373134806865e-32
11,adam,99,17598.681599999996,20000.0,0.01706575808089995,0.004388033905354825,4.906807959938452e-06,0.002802761914595063,0.001580365182799824,0.012677724072516163,0.0,4.6315383302742447e-32,1.0001710289640067e-31,1.606513161662334e-32
11,adam,124,17598.681599999996,20000.0,0.01619022567928885,0.0037901233627009954,2.968462553494347e-06,0.002539376104057275,0.0012477787960902258,0.012400102210557167,0.0,1.9712936607399467e-32,8.666866834325564e-32,1.4051505409344822e-32
11,adam,149,17598.681599999996,20000.0,0.015731722182608283,0.003574932558053142,1.6401575729136049e-06,0.0024422577012199187,0.0011310346992603098,0.012156789516458225,0.0,1.2735525972894114e-32,7.741901562880501e-32,1.303806406133432e-32
11,adam,174,17598.681599999996,20000.0,0.015436742176767633,0.0034506551558096017,1.747174607284045e-06,0.0023678913243244944,0.0010810166568778232,0.011986086911634072,0.0,1.38177493060849e-32,7.165874408524811e-32,1.2540956333378742e-32
11,adam,199,17598.681599999996,20000.0,0.015211962551172468,0.003372692423079656,1.4915918241084488e-06,0.002328514362463988,0.0010426864687915595,0.011839270017755761,0.0,1.2718937788899765e-32,6.724246232958431e-32,1.2118037238821634e-32
11,adam,224,17598.681599999996,20000.0,0.014820090593637984,0.0030505294971872737,1.0728800424003679e-06,0.002168769453363836,0.0008806871637810372,0.01176956098541993,0.0,9.677921667861075e-33,5.50416275707092e-32,1.0512287238126711e-32
11,adam,249,17598.681599999996,20000.0,0.014667528162597997,0.002989938841586654,6.961221771860177e-07,0.002126266021605285,0.0008629766978041825,0.011677589209419739,0.0,6.64116227474558e-33,5.319274644775501e-32,1.033809408358873e-32
11,adam,274,17598.681599999996,20000.0,0.01444620676763165,0.0028670655893890343,5.380901816610836e-07,0.002017619169082383,0.0008489083301249902,0.01157914106582751,0.0,4.9395204722800104e-33,5.177231741374916e-32,1.0346466162832969e-32
11,adam,299,17598.681599999996,20000.0,0.013986792722157044,0.002504451770014862,4.998848089775615e-07,0.0016401927158377128,0.0008637591693681717,0.011482340837865646,0.0,4.9509643702924484e-33,5.086306124996234e-32,1.0715142484102304e-32
11,adam,324,17598.681599999996,20000.0,0.012985330229842978,0.001807265377877074,8.215578306354962e-07,0.001046656854453815,0.0007597869655926237,0.011178064734175696,0.0,1.8865136820243624e-32,4.446328527415693e-32,8.26380905297673e-33
11,adam,349,17598.681599999996,20000.0,0.011919661234354792,0.0014421682189096536,3.532169228772046e-07,0.0008138520243120823,0.0006279629776746942,0.01047749289441593,0.0,6.174095130759786e-33,4.0505596684166273e-32,7.278998914260313e-33
11,adam,374,17598.681599999996,20000.0,0.01096066148402476,0.0012294750649744946,3.934854034087186e-07,0.0007209649880497278,0.0005081165915213581,0.00973118629426534,0.0,6.119285492991593e-33,3.749087799031379e-32,6.513449076426889e-33
11,adam,399,17598.681599999996,20000.0,0.01009143451078702,0.0010710997780512186,3.87135714298541e-07,0.000645488893402722,0.00042522374893419804,0.009020334604213706,0.0,6.1573318460514834e-33,3.499717849599425e-32,5.893134602232796e-33
11,adam,424,17598.681599999996,20000.0,0.009357756328162157,0.0010214500170762596,3.855319947281153e-07,0.0006365855541865775,0.000384478930894954,0.008336306178750122,0.0,6.438259017831095e-33,3.751610596017094e-32,5.741659974652218e-33
11,adam,449,17598.681599999996,20000.0,0.008668283516587504,0.0009210495202167702,4.0035647347596516e-07,0.0005947875490635695,0.0003258616146797248,0.007747233860500875,0.0,8.43645784421461e-33,3.5960516178625237e-32,4.7972572330389895e-33
11,adam,474,17598.681599999996,20000.0,0.007907111903812613,0.00079420252308916,3.447699505930141e-07,0.0005103197680018462,0.00028353798513672084,0.007112909241994078,0.0,6.722715068303135e-33,3.286082265848126e-32,4.6170613676429635e-33
11,adam,499,17598.681599999996,20000.0,0.007274330477608685,0.0007074776899310198,2.735320808297947e-07,0.00046395238347409943,0.00024325177437609067,0.006566852646235706,0.0,5.5351117069976784e-33,3.082127569246696e-32,4.380151350743053e-33
11,adam,524,17598.681599999996,20000.0,0.006717989746705803,0.0006390774987648801,2.830854587264567e-07,0.0004296326292705989,0.00020916178403555477,0.00607891210377478,0.0,6.057370647364172e-33,2.941123311929094e-32,4.025407139113327e-33
11,adam,549,17598.681599999996,20000.0,0.006200545342054655,0.0005862209809293632,2.6322163364634516e-07,0.000393533640752068,0.0001924241185436488,0.005614324214545444,0.0,5.9983753125122084e-33,2.7734975707803006e-32,3.769130990414217e-33
11,adam,574,17598.681599999996,20000.0,0.0057234728433393015,0.0005320931035825591,2.729398611533777e-07,0.0003732892634928022,0.00015853090022860348,0.005191379590818171,0.0,8.26593910609062e-33,2.746563941209834e-32,3.1982621162592155e-33
11,adam,599,17598.681599999996,20000.0,0.005307986044482881,0.000501843859124697,2.4541584518183595e-07,0.00032461987588653854,0.00017697856739297662,0.004806142034266731,0.0,8.370096074346822e-33,2.5654479544489166e-32,3.163940863159665e-33
11,adam,624,17598.681599999996,20000.0,0.004942793114768887,0.0005058153382657427,1.9844592118485627e-07,0.0003463148470199208,0.00015930204532463708,0.004436977623325439,0.0,6.8008952268203e-33,2.677611788047145e-32,3.476936609248994e-33
11,adam,649,17598.681599999996,20000.0,0.004663964413900197,0.0005244617688248127,3.7100911956081005e-07,0.0003731843554122861,0.0001509064042929657,0.004139502489508285,0.0,7.048901024231176e-33,2.575699795627795e-32,3.3769676843639824e-33
11,adam,674,17598.681599999996,20000.0,0.004236582111331673,0.0004438806261532576,1.831315444335791e-07,0.0002900977417691737,0.00015359975283965038,0.0037927013275820287,0.0,7.583468112223532e-33,2.4865821737912026e-32,3.182858406182211e-33
11,adam,699,17598.681599999996,20000.0,0.0039012953080590023,0.00039896356931177075,1.7465843945810438e-07,0.00027283127645676966,0.000125957634415543,0.0035023315790581925,0.0,7.342531759297554e-33,2.423519026841449e-32,3.103427573883435e-33
11,adam,724,17598.681599999996,20000.0,0.20634738114064718,0.0711323428080825,0.00022802133115372604,0.04645016895327205,0.024454152523656732,0.1352150381704009,0.0,1.5051731948099975e-29,1.122021981223457e-30,9.663319540610633e-31
11,adam,749,17598.681599999996,20000.0,0.024495171627538212,0.00916110122095459,3.848985801139537e-05,0.002455217281897632,0.006667394081045563,0.015334070237892935,0.0,6.272129129591007e-31,8.508478137688329e-32,1.7750149806288125e-32
11,adam,774,17598.681599999996,20000.0,0.022287867064774466,0.007864367611948517,5.832313559790989e-06,0.002445442773426426,0.005413092524962301,0.014423499282564936,0.0,6.860613708478074e-32,6.608181511660775e-32,1.3537544310532805e-32
11,adam,799,17598.681599999996,20000.0,0.02023135384916058,0.006688271820515944,4.204178864330351e-07,0.00244116895357863,0.0042466824490508814,0.013543081858030569,0.0,2.1124061183002626e-32,5.918737114517557e-32,1.1634990433327854e-32
11,adam,824,17598.681599999996,20000.0,0.018870588501289125,0.006021452810895934,5.862112942509066e-07,0.002536072089637588,0.003484794509964095,0.012849135519509072,0.0,1.2925723744024643e-32,6.20030817941371e-32,1.1739916412618552e-32
11,adam,849,17598.681599999996,20000.0,0.017430481298419093,0.0051744422479982136,4.039315604683261e-07,0.0024112451514898166,0.002762793164947928,0.012256038879239754,0.0,1.2603959979581796e-32,5.887343651322139e-32,1.0841562907329919e-32
11,adam,874,17598.681599999996,20000.0,0.01611299844813938,0.004396645557400054,3.5291927116255014e-07,0.0021684024986298196,0.0022278901394990717,0.011716352719155568,0.0,1.1642168813297788e-32,5.671041625343202e-32,1.0258878667133843e-32
11,adam,899,17598.681599999996,20000.0,0.01477870123205203,0.0036335614303555103,4.837947836976937e-07,0.0017924603521600531,0.0018406172834117597,0.01114513962948277,0.0,1.885049240181435e-32,5.458953070182033e-32,9.759424419993111e-33
11,adam,924,17598.681599999996,20000.0,0.013130648619266562,0.00285305752311345,1.0670509426814842e-06,0.0013033323910004626,0.001548658081170306,0.010277590922831483,0.0,3.82636046946778e-32,5.1010456777295e-32,8.938354713720395e-33
11,adam,949,17598.681599999996,20000.0,0.005676490316248612,0.0014266253608390207,2.052415812802686e-06,0.0004762290687059728,0.0009483438763202452,0.00424986477860138,0.0,7.100169781256472e-32,3.2955815136517325e-32,4.697926757391799e-33
11,adam,974,17598.681599999996,20000.0,0.004389279677503619,0.000858390147863111,1.6248326282057611e-06,0.00025037207879794523,0.00060639323643696,0.003530889349709713,0.0,6.450368316867698e-32,1.962698869568139e-32,2.9817626136739076e-33
11,adam,999,17598.681599999996,20000.0,0.004220127460628451,0.0007835006049774352,1.251983178879659e-06,0.0002313180239806178,0.0005509305978179378,0.0034366266753294993,0.0,4.959223006478457e-32,1.911528715602524e-32,3.02112461883906e-33
11,adam,1024,17598.681599999996,20000.0,0.004052348350318286,0.000699998501384561,1.0190387576286943e-06,0.00020244771712552093,0.0004965317455014114,0.003352349668428532,0.0,4.207121821269115e-32,1.6762315153736697e-32,2.7344941268255384e-33
11,adam,1049,17598.681599999996,20000.0,0.003889387879869249,0.0006243296429875514,8.952059712223591e-07,0.00018638000457220545,0.00043705443244412357,0.0032650580561166456,0.0,3.584353269736282e-32,1.6470091862774724e-32,2.7785271536590292e-33
11,adam,1074,17598.681599999996,20000.0,0.003739536974349591,0.0005612324178417223,7.860346645690301e-07,0.00017302364553702817,0.0003874227376401251,0.003178304375464229,0.0,3.056957960248461e-32,1.6234953101695531e-32,2.805273681325915e-33
11,adam,1099,17598.681599999996,20000.0,0.003600453876854448,0.000508199874300567,6.905336742265342e-07,0.00016226783399093917,0.0003452415066354013,0.003092253821223585,0.0,2.595978864517078e-32,1.6053887711292613e-32,2.825437429262526e-33
11,adam,1124,17598.681599999996,20000.0,0.003470589561177584,0.0004638107803526645,6.112542951209749e-07,0.00015377810876472493,0.00030942141729281856,0.0030067785992023022,0.0,2.2207373280820723e-32,1.5912605247075106e-32,2.8434015608529747e-33
11,adam,1149,17598.681599999996,20000.0,0.0033488564445235867,0.0004269797220633689,5.475280340504922e-07,0.00014712384015350266,0.0002793083538758158,0.0029218765405427476,0.0,1.925933055173502e-32,1.580032522078031e-32,2.861372543101887e-33
11,adam,1174,17598.681599999996,20000.0,0.0032342913394186996,0.00039668314456314276,4.971747714078488e-07,0.00014183265377262628,0.00025435331601910864,0.0028376080126437738,0.0,1.6996711767656735e-32,1.5707710110714308e-32,2.8800047327267664e-33
11,adam,1199,17598.681599999996,20000.0,0.003125963849587143,0.0003719200900736895,4.580682901995901e-07,0.00013751599152123087,0.00023394603026225902,0.002754043577009986,0.0,1.5319086200536826e-32,1.5626485842662652e-32,2.8985710321508168e-33
11,adam,1224,17598.681599999996,20000.0,0.0030126288875843305,0.00033941495748047036,4.6523439144999317e-07,0.00012740094432570938,0.00021154877876331101,0.002673213747333336,0.0,1.5684288630369193e-32,1.548767420515468e-32,2.8772024803853256e-33
11,adam,1249,17598.681599999996,20000.0,0.0029159389607229876,0.00032338657489825823,4.412416170814022e-07,0.00012381833552184936,0.00019912699775932746,0.0025925522027840527,0.0,1.5039069288546107e-32,1.5430384788366003e-32,2.879906205188282e-33
11,adam,1274,17598.681599999996,20000.0,0.0028228859757624763,0.00031145997509921994,4.2590997222811903e-07,0.00012081885599242219,0.00019021520913456961,0.0025114258173388206,0.0,1.4674777214231903e-32,1.532263193678282e-32,2.8867195477762373e-33
11,adam,1299,17598.681599999996,20000.0,0.0027328448329626454,0.00030195637322231463,4.124714386069641e-07,0.00011842176818873292,0.00018312213359497476,0.002430888276129054,0.0,1.4313542523165132e-32,1.5196483776716273e-32,2.8914076668441578e-33
11,adam,1324,17598.681599999996,20000.0,0.0026454314929029864,0.0002939684634575822,3.993360389083034e-07,0.00011620046570554149,0.00017736866171313238,0.0023514628455485955,0.0,1.3912824674359065e-32,1.5065655664545136e-32,2.8909395867256792e-33
11,adam,1349,17598.681599999996,20000.0,0.0025603740445319673,0.00028705772726430267,3.862247288817063e-07,0.00011410616829883627,0.00017256533423658468,0.0022733161330867864,0.0,1.346452118291913e-32,1.4932638753759003e-32,2.8854582918062054e-33
11,adam,1374,17598.681599999996,20000.0,0.0024774847424705515,0.0002809498972015644,3.731726171298086e-07,0.0001120682449982144,0.00016850847958622018,0.0021965346608048366,0.0,1.2976681721714622e-32,1.47971066558021e-32,2.8760899343412312e-33
11,adam,1399,17598.681599999996,20000.0,0.002396637382075706,0.00027544029436229794,3.603964644813133e-07,0.00011007279457979713,0.00016500710331801953,0.0021211969029660987,0.0,1.2470524852190612e-32,1.4660363691610775e-32,2.8635151859444274e-33
11,lbfgs,1400,17598.681599999996,20000.0,0.002376622607196673,0.0002584080077670546,3.484224845022316e-07,0.00010485179819745749,0.00015320778708509487,0.0021182144146709757,0.0,1.2095295455653607e-32,1.4264677309793081e-32,2.787906082810235e-33
11,lbfgs,1409,17598.681599999996,20000.0,0.0012961148163507846,0.0005307083446860389,4.838005609301688e-07,0.00014511753570492175,0.00038510700842018695,0.0007654062857193712,0.0,1.035666624190869e-32,1.3012173235282791e-32,5.4407737256396074e-33
11,lbfgs,1419,17598.681599999996,20000.0,0.00038365649466771273,0.000247818056055814,7.743862494827315e-06,0.00016802354845683371,7.205064510415296e-05,0.00013583824911013605,0.0,1.0041979994295723e-31,1.45403144497833e-32,1.6961593033321826e-33
11,lbfgs,1429,17598.681599999996,20000.0,0.00016630277474918186,0.00015773734966605146,4.110743939925229e-07,6.609402291855428e-05,9.123225235350467e-05,8.565233545083145e-06,0.0,1.6152839873187116e-32,1.1219726896615409e-32,2.0997442998897038e-33
11,lbfgs,1439,17598.681599999996,20000.0,0.00013947659193989354,0.00013880462541111067,3.7787715354238504e-07,4.947370044746447e-05,8.895304781010382e-05,6.71771479989965e-07,0.0,1.4097255608805612e-32,1.2469770212604723e-32,2.2104734672875254e-33
11,lbfgs,1449,17598.681599999996,20000.0,0.00011528537010060532,0.00011079004572859024,4.776711142773547e-07,4.3098212601670006e-05,6.721416201264288e-05,4.495119450311982e-06,0.0,6.741485924592255e-33,1.3071985215552495e-32,2.30481603656894e-33
11,lbfgs,1459,17598.681599999996,20000.0,7.762327906998798e-05,7.562176173399013e-05,1.7765128203873315e-07,3.620373533444232e-05,3.924037511750908e-05,2.0013034136065143e-06,0.0,4.81491246152876e-33,1.2450521719721713e-32,2.028482770570966e-33
11,lbfgs,1469,17598.681599999996,20000.0,6.396307010070935e-05,6.139048456647095e-05,2.464798272743325e-07,2.7086770335000403e-05,3.405723440419622e-05,2.5723735926573116e-06,0.0,6.525790035380056e-33,1.201348877356361e-32,1.8337952635009107e-33
11,lbfgs,1479,17598.681599999996,20000.0,3.245925723375805e-05,3.1905012244022785e-05,2.770793510420762e-07,1.748274253501586e-05,1.4145190357964855e-05,5.540371698960224e-07,0.0,4.907247514227117e-33,1.053413103297996e-32,1.626638846302997e-33
11,lbfgs,1489,17598.681599999996,20000.0,2.0450297136646535e-05,1.9676443090033766e-05,2.1328946943521032e-07,1.2759270229818758e-05,6.703883390779799e-06,7.736479519148208e-07,0.0,3.97471069453421e-33,1.0539932958368627e-32,1.5332644606012636e-33
11,lbfgs,1499,17598.681599999996,20000.0,1.4435600348854474e-05,1.4119892943458099e-05,2.3476336884589004e-07,4.64899183648565e-06,9.236137738126558e-06,3.155023202704398e-07,0.0,4.449599937813421e-33,1.0568428732735027e-32,1.5319370872402121e-33
11,lbfgs,1509,17598.681599999996,20000.0,1.0389207392313241e-05,1.0128154996640817e-05,2.7281012930371643e-07,4.423954398510087e-06,5.431390468827014e-06,2.6084771148201243e-07,0.0,8.121043920506192e-33,1.0351240537367051e-32,1.4747963265108146e-33
11,lbfgs,1519,17598.681599999996,20000.0,6.225643368467421e-06,5.929455648711431e-06,1.6050349174821636e-07,1.9528733167752115e-06,3.816078840188003e-06,2.9598095698370056e-07,0.0,4.2296975932528215e-33,1.0883904122142481e-32,1.4796565006646914e-33
11,lbfgs,1529,17598.681599999996,20000.0,4.36720874320047e-06,4.107157996988288e-06,4.654281428776166e-07,1.3894964698604927e-06,2.2522333842501786e-06,2.598441272393489e-07,0.0,1.719800624197784e-32,1.077483152869576e-32,1.4834990560134919e-33
11,lbfgs,1539,17598.681599999996,20000.0,1.938071675812431e-06,1.9216720932622626e-06,7.314070848162903e-08,1.002311815614859e-06,8.462195691657749e-07,1.6190335692714733e-08,0.0,1.130343090444227e-33,1.083106069210877e-32,1.4566124340605211e-33
11,lbfgs,1549,17598.681599999996,20000.0,1.6478648743333087e-06,1.6206972112104465e-06,6.072207072848282e-08,7.651705871971492e-07,7.948045532848145e-07,2.6958741762258297e-08,0.0,8.208007893197585e-34,1.0801076167714486e-32,1.4435600232431317e-33
11,lbfgs,1559,17598.681599999996,20000.0,1.2653303678624425e-06,1.2426795436531014e-06,4.3888591859213475e-08,5.966061237346097e-07,6.021848280592782e-07,2.2440721811041924e-08,0.0,7.611118243475015e-34,1.0796179848240492e-32,1.4345292402303974e-33
11,lbfgs,1569,17598.681599999996,20000.0,1.0788809370890968e-06,1.0611477149213478e-06,3.546605150984537e-08,4.512072993284995e-07,5.744743640830029e-07,1.752251371739461e-08,0.0,7.4603540365901235e-34,1.0786300067674575e-32,1.4340251352233011e-33
11,lbfgs,1579,17598.681599999996,20000.0,8.809428301141172e-07,8.778779513787059e-07,2.3067505731368192e-08,3.0136305255988735e-07,5.534473930874504e-07,2.8545609193838184e-09,0.0,5.3270364845923805e-34,1.0780129107358267e-32,1.4235295136395606e-33
11,lbfgs,1589,17598.681599999996,20000.0,7.452674853423865e-07,7.412128121336627e-07,1.9352490635594648e-08,2.2285480829043212e-07,4.990055132076359e-07,3.844184636697807e-09,0.0,6.146654385010263e-34,1.0825234125747531e-32,1.4309365487125343e-33
11,lbfgs,1599,17598.681599999996,20000.0,6.905858361293104e-07,6.877109431023416e-07,1.9959542994605715e-08,1.7915273529570117e-07,4.885986648120347e-07,2.664655555026764e-09,0.0,6.089100567120148e-34,1.0791155560253635e-32,1.4222550855085531e-33
11,lbfgs,1609,17598.681599999996,20000.0,6.073252514254266e-07,6.0570293191181e-07,9.58052819196958e-09,1.2623498380488084e-07,4.698874199149596e-07,1.4122049085217276e-09,0.0,2.92869146144049e-34,1.0800494834659597e-32,1.4268400681920488e-33
11,lbfgs,1619,17598.681599999996,20000.0,5.885487849226686e-07,5.840998730927276e-07,8.249644020344547e-09,1.2151802446204734e-07,4.543322046103357e-07,4.238907414159798e-09,0.0,2.906616630857414e-34,1.0818812975571388e-32,1.4262985595851022e-33
11,lbfgs,1629,17598.681599999996,20000.0,5.055557838549973e-07,4.943722586166229e-07,7.167474428810752e-09,1.2945563868792398e-07,3.577491454998881e-07,1.0973360560166118e-08,0.0,3.2121908994210023e-34,1.081691010410914e-32,1.4236559603923492e-33
11,lbfgs,1639,17598.681599999996,20000.0,3.52003648426766e-07,3.4239646023670544e-07,2.364697650068396e-08,1.1684148873272636e-07,2.0190799500329516e-07,9.396635126188938e-09,0.0,8.365143475025786e-34,1.0760743227556244e-32,1.4187173345436549e-33
11,lbfgs,1649,17598.681599999996,20000.0,3.1434264069516956e-07,3.0894749010101797e-07,2.7362651745563283e-08,1.2801762452823972e-07,1.5356721382721496e-07,5.184305748439382e-09,0.0,6.039324857095295e-34,1.0767449838076332e-32,1.4130736629530255e-33
11,lbfgs,1659,17598.681599999996,20000.0,2.814445518941067e-07,2.715183026151287e-07,2.153967557906027e-08,1.3211803302245421e-07,1.1786059401361421e-07,9.715038233086312e-09,0.0,3.0841559498432964e-34,1.07755155783661e-32,1.4151792988434758e-33
11,lbfgs,1669,17598.681599999996,20000.0,2.641791700619535e-07,2.573998636707742e-07,2.6157120031172463e-08,1.2257060777898398e-07,1.0867213586061772e-07,6.5681954388871435e-09,0.0,3.8438124010885555e-34,1.0770793297919435e-32,1.4120313690876887e-33
11,lbfgs,1679,17598.681599999996,20000.0,2.2199085495674827e-07,2.1927343533695394e-07,2.8483065141585258e-08,1.1208547796908689e-07,7.87048922262818e-08,2.505956026689386e-09,0.0,4.189096235684954e-34,1.0777289451628314e-32,1.4070860669521545e-33
11,lbfgs,1689,17598.681599999996,20000.0,1.4857783448835235e-07,1.4712968864284504e-07,8.94382506192565e-09,6.09838683741737e-08,7.72019952067457e-08,1.2369270265694065e-09,0.0,1.1422122829647508e-34,1.0795760571535409e-32,1.4163734765281844e-33
11,lbfgs,1699,17598.681599999996,20000.0,1.4427596064075348e-07,1.4274375456203096e-07,8.396613571133297e-09,6.020518011997914e-08,7.414196087091854e-08,1.320861924848407e-09,0.0,9.405470319516946e-35,1.0794931206890246e-32,1.4161828456825255e-33
11,lbfgs,1709,17598.681599999996,20000.0,1.437237700365878e-07,1.4219560451205802e-07,8.33308086775976e-09,6.086472525386038e-08,7.299779839043786e-08,1.3168075031943614e-09,0.0,9.288513571653926e-35,1.0795349568645153e-32,1.4160495455741351e-33
11,lbfgs,1719,17598.681599999996,20000.0,1.4010363547105077e-07,1.384252823074767e-07,7.902074477510902e-09,6.572759865721514e-08,6.479560917275065e-08,1.4668540130238222e-09,0.0,8.547440024265974e-35,1.0795672070576522e-32,1.4140375958167309e-33
11,lbfgs,1729,17598.681599999996,20000.0,1.3049370031697373e-07,1.2844144832890603e-07,6.931507381910182e-09,6.101198567654176e-08,6.049795527045407e-08,1.8407666954861461e-09,0.0,1.0912611547130105e-34,1.0795307235437808e-32,1.4183604286242745e-33
11,lbfgs,1739,17598.681599999996,20000.0,1.1847487627459149e-07,1.1656402557054228e-07,4.275875134379555e-09,5.9370564706389555e-08,5.291758572977318e-08,1.6991065709189544e-09,0.0,6.060941010036962e-35,1.0796130840448079e-32,1.4174348092999168e-33
11,lbfgs,1749,17598.681599999996,20000.0,1.0481018433061963e-07,1.0320156273306011e-07,3.932789725646068e-09,6.016085192849746e-08,3.9107921078916584e-08,1.3965853436710778e-09,0.0,8.88442743218564e-35,1.0783532607424726e-32,1.413744954980965e-33
11,lbfgs,1759,17598.681599999996,20000.0,9.974362408626477e-08,9.787539845928639e-08,3.0299146352995465e-09,5.615772495625676e-08,3.8687758867730096e-08,1.6561306141927363e-09,0.0,5.179623587613243e-35,1.0782546278747953e-32,1.4128555358897723e-33
11,lbfgs,1769,17598.681599999996,20000.0,9.924585976039634e-08,9.758315594007236e-08,2.946057896305749e-09,5.606880140984979e-08,3.856829663391682e-08,1.4506055761407001e-09,0.0,4.7553440049589097e-35,1.0780499225354219e-32,1.4127734071406501e-33
11,lbfgs,1779,17598.681599999996,20000.0,9.759367200991866e-08,9.652942077808098e-08,2.9199558165077137e-09,5.5461338197850695e-08,3.814812676372257e-08,8.520846252028785e-10,0.0,4.0407899271216043e-35,1.0773032031912491e-32,1.411978335550876e-33
11,lbfgs,1789,17598.681599999996,20000.0,9.723505850896288e-08,9.601967331133314e-08,2.931921390331349e-09,5.509863709330836e-08,3.7989114827693425e-08,1.0032143225832914e-09,0.0,4.013747919110686e-35,1.0774718753936168e-32,1.4118322732252854e-33
11,lbfgs,1799,17598.681599999996,20000.0,9.698152009297451e-08,9.566355411142607e-08,2.9365732533180193e-09,5.4914396436360635e-08,3.781258442174741e-08,1.1057857849414167e-09,0.0,3.9829360934509915e-35,1.0775342027575509e-32,1.4118939388564034e-33
11,lbfgs,1809,17598.681599999996,20000.0,9.673476709755087e-08,9.538717759022866e-08,2.928368276236706e-09,5.480664036708019e-08,3.7652168946911776e-08,1.1354051455308586e-09,0.0,3.9581621020052283e-35,1.0775549564968332e-32,1.4118948164967693e-33
11,lbfgs,1819,17598.681599999996,20000.0,9.652991473618354e-08,9.514572569473323e-08,2.9171479240888582e-09,5.469078822583793e-08,3.7537789544806434e-08,1.1720007624727638e-09,0.0,3.940359363656651e-35,1.0775720396891749e-32,1.4119018861052343e-33
11,lbfgs,1829,17598.681599999996,20000.0,9.632119554930731e-08,9.490930209457068e-08,2.9005909651573805e-09,5.460754402220585e-08,3.740116710720745e-08,1.1997013723552934e-09,0.0,3.933689158705306e-35,1.0775860276915932e-32,1.4118485934015282e-33
11,lbfgs,1839,17598.681599999996,20000.0,9.614658853105507e-08,9.469253583853754e-08,2.8917661814432455e-09,5.437160154297259e-08,3.7429168114121706e-08,1.2418589520094775e-09,0.0,3.891731700739586e-35,1.0775846308336786e-32,1.4120332984444249e-33
11,lbfgs,1849,17598.681599999996,20000.0,9.598205871233047e-08,9.452291639852108e-08,2.875035989734479e-09,5.433200464988165e-08,3.731587575890496e-08,1.2469467256937379e-09,0.0,3.894132289193487e-35,1.0775921613620176e-32,1.4119354119791408e-33
11,lbfgs,1859,17598.681599999996,20000.0,9.577872736679858e-08,9.431069591013041e-08,2.854654291597467e-09,5.428288460224731e-08,3.7173157016285636e-08,1.255831503315694e-09,0.0,3.8921275616538587e-35,1.0776022082199293e-32,1.4118030986290347e-33
11,lbfgs,1869,17598.681599999996,20000.0,9.56338965839984e-08,9.413431556666363e-08,2.8467365126836523e-09,5.4068481119519237e-08,3.721909793446075e-08,1.2873820136637033e-09,0.0,3.864353449667924e-35,1.0775966709108879e-32,1.4120016763683877e-33
11,lbfgs,1879,17598.681599999996,20000.0,9.545582358209631e-08,9.393571210639713e-08,2.8341109616149163e-09,5.3896847775442256e-08,3.720475336933996e-08,1.3079125823789251e-09,0.0,3.8495291259812235e-35,1.0775960468978843e-32,1.4120886664221148e-33
11,lbfgs,1889,17598.681599999996,20000.0,9.525862272009532e-08,9.372908343981216e-08,2.8165828156971826e-09,5.3813641893096216e-08,3.7098858731018757e-08,1.3173365914326845e-09,0.0,3.842883275802046e-35,1.0776031982933963e-32,1.4120239277297954e-33
11,lbfgs,1899,17598.681599999996,20000.0,9.507357882377426e-08,9.351943054599567e-08,2.804097886049992e-09,5.362500960415622e-08,3.709032305578946e-08,1.341945684818006e-09,0.0,3.824719948889068e-35,1.0776010064181847e-32,1.4121636410341591e-33
11,lbfgs,1909,17598.681599999996,20000.0,9.493031653118216e-08,9.338662312942903e-08,2.7911524603512362e-09,5.361432992291706e-08,3.698114074616073e-08,1.3314871711988576e-09,0.0,3.833097952257201e-35,1.077612214768288e-32,1.4119905444884828e-33
11,lbfgs,1919,17598.681599999996,20000.0,9.479432879359367e-08,9.324257970309581e-08,2.7814765023793097e-09,5.352414226513454e-08,3.6936960935581966e-08,1.3395413323319483e-09,0.0,3.826943767764912e-35,1.0776154117881026e-32,1.4120014568335428e-33
11,lbfgs,1929,17598.681599999996,20000.0,9.463829163708577e-08,9.30833345728165e-08,2.7691434338688197e-09,5.346397149377946e-08,3.6850219645168223e-08,1.342745788895907e-09,0.0,3.8253318813833817e-35,1.0776230667023733e-32,1.411936540702187e-33
11,lbfgs,1939,17598.681599999996,20000.0,9.447101443350701e-08,9.289798035695755e-08,2.761022915010818e-09,5.326517416682179e-08,3.6871783275124945e-08,1.3608249855558292e-09,0.0,3.811772012457987e-35,1.0776189872023735e-32,1.4121155907132664e-33
11,lbfgs,1949,17598.681599999996,20000.0,9.432332586372063e-08,9.274199475939659e-08,2.752804697023657e-09,5.312117238429872e-08,3.6868017678074205e-08,1.3691227820531856e-09,0.0,3.804428912022192e-35,1.0776191459219498e-32,1.4121998622408431e-33
11,lbfgs,1959,17598.681599999996,20000.0,9.418118636666562e-08,9.260865312515573e-08,2.74106410626666e-09,5.3133023173906076e-08,3.673456584498298e-08,1.3603188990233422e-09,0.0,3.8110325397598923e-35,1.0776335263139733e-32,1.4120093710230194e-33
11,lbfgs,1969,17598.681599999996,20000.0,9.403092250163747e-08,9.244856302130644e-08,2.7326378518001947e-09,5.300229609323999e-08,3.671362907626624e-08,1.3701450974084797e-09,0.0,3.80341009906128e-35,1.0776339260348624e-32,1.412096616156654e-33
11,lbfgs,1979,17598.681599999996,20000.0,9.387319340236079e-08,9.228355410795787e-08,2.724190262505257e-09,5.287350618748096e-08,3.6685857657971665e-08,1.3774245643493262e-09,0.0,3.7974180218482363e-35,1.0776357378684674e-32,1.4121651105006742e-33
11,lbfgs,1989,17598.681599999996,20000.0,9.373735412762428e-08,9.215479430801238e-08,2.715118678150478e-09,5.284058706317633e-08,3.659908856668557e-08,1.3703413510363434e-09,0.0,3.8007364769307277e-35,1.0776465749254245e-32,1.412050028226782e-33
11,lbfgs,1999,17598.681599999996,20000.0,9.347329610558984e-08,9.186699797169698e-08,2.7023175543227833e-09,5.2571548017508294e-08,3.65931323998659e-08,1.3940813430768197e-09,0.0,3.7837904074561023e-35,1.0776419978147537e-32,1.4123173437927513e-33
11,lbfgs,2009,17598.681599999996,20000.0,9.335526277470044e-08,9.17686134215912e-08,2.6946561646585105e-09,5.2593438213259974e-08,3.648051904367271e-08,1.3744272591437971e-09,0.0,3.7940616007549573e-35,1.077658774867373e-32,1.412079768241589e-33
11,lbfgs,2019,17598.681599999996,20000.0,9.320997977508702e-08,9.163072325194014e-08,2.686525127688509e-09,5.254335012728882e-08,3.640084799696281e-08,1.3670310594886212e-09,0.0,3.79707776609877e-35,1.0776699207735102e-32,1.411981074508453e-33
11,lbfgs,2029,17598.681599999996,20000.0,9.308768492443385e-08,9.150518614827502e-08,2.6796919318672188e-09,5.247171699497822e-08,3.635377722142958e-08,1.3702717480873165e-09,0.0,3.7942733003122526e-35,1.077673821922918e-32,1.411998757214517e-33
11,lbfgs,2039,17598.681599999996,20000.0,9.296205653252075e-08,9.136921939580291e-08,2.675160866157182e-09,5.23242669150195e-08,3.636979161462623e-08,1.3806120174131386e-09,0.0,3.7838964838919525e-35,1.0776684682852718e-32,1.4121696696467497e-33
11,lbfgs,2049,17598.681599999996,20000.0,9.271701412797586e-08,9.114360976901327e-08,2.661643979251454e-09,5.2252348623027946e-08,3.622961716673387e-08,1.3611731908529826e-09,0.0,3.7919252817106194e-35,1.0776918862829961e-32,1.4119485698444502e-33
11,lbfgs,2059,17598.681599999996,20000.0,9.259285556023681e-08,9.099945810415165e-08,2.656887003817019e-09,5.209466177271595e-08,3.624790932761869e-08,1.3811685101357909e-09,0.0,3.7767073338666684e-35,1.0776802845225343e-32,1.4122072563459626e-33
11,lbfgs,2069,17598.681599999996,20000.0,9.247156235259007e-08,9.088588042811718e-08,2.650998874655538e-09,5.2041668013531904e-08,3.619321353992975e-08,1.3734508561190641e-09,0.0,3.7781380452041565e-35,1.0776892399923435e-32,1.4121412697041412e-33
11,lbfgs,2079,17598.681599999996,20000.0,9.22852686808202e-08,9.069626239977949e-08,2.642351805648371e-09,5.191432917370684e-08,3.613958142042429e-08,1.3767737846746678e-09,0.0,3.771924952793564e-35,1.0776927582217928e-32,1.4122030478391302e-33
11,lbfgs,2089,17598.681599999996,20000.0,9.21477412491191e-08,9.054884738128795e-08,2.6361147003256335e-09,5.179669830528812e-08,3.61160343756742e-08,1.3866612089607374e-09,0.0,3.7627591514339935e-35,1.0776897321198806e-32,1.4123334043089189e-33
11,lbfgs,2099,17598.681599999996,20000.0,9.204240019904481e-08,9.0453822727221e-08,2.6313337441534128e-09,5.1753962545460944e-08,3.606852643760664e-08,1.3763429601651433e-09,0.0,3.764661608678049e-35,1.0776988210970943e-32,1.412254427100848e-33
11,lbfgs,2109,17598.681599999996,20000.0,9.192415446274473e-08,9.034508689782713e-08,2.625811817032012e-09,5.1710311861223324e-08,3.600896321957179e-08,1.3668306272207077e-09,0.0,3.7669656401368197e-35,1.0777094455208e-32,1.4121662006655589e-33
11,lbfgs,2119,17598.681599999996,20000.0,9.181820941499727e-08,9.023517085783444e-08,2.6217787164004236e-09,5.16149307797779e-08,3.599846136165611e-08,1.370801898853805e-09,0.0,3.7606122387900554e-35,1.0777074995070374e-32,1.412258003736084e-33
11,lbfgs,2129,17598.681599999996,20000.0,9.164335406446644e-08,9.007866496696513e-08,2.6119361171487226e-09,5.1605926735637204e-08,3.58608021141792e-08,1.3524460197873367e-09,0.0,3.769078397842015e-35,1.0777315622105023e-32,1.412005220322054e-33
11,lbfgs,2139,17598.681599999996,20000.0,9.149470170753353e-08,8.990739892585782e-08,2.6076219094854235e-09,5.13947904614733e-08,3.59049865548991e-08,1.3750635757611878e-09,0.0,3.748274010737423e-35,1.0777121009580478e-32,1.4123781819864768e-33
11,lbfgs,2149,17598.681599999996,20000.0,9.138888167481588e-08,8.981839498545525e-08,2.6023046093660158e-09,5.138807626239312e-08,3.5828014113696114e-08,1.358243987506405e-09,0.0,3.754448881512896e-35,1.0777290695980695e-32,1.4121945008460994e-33
