window,stage,step,t0,t1,total,physics,res_S,res_E,res_I,endpoint_physics,bound,orig_mse_S,orig_mse_E,orig_mse_I
0,adam,0,0.0,250.0,2.037068832062541,1.527801623980123,0.10027777777834793,0.42752384620177514,1.0,0.5092672079933743,0.0,1.2994440526789297e-12,4.6240979205184015e-11,8.999999999999995e-12
0,adam,24,0.0,250.0,0.47703442547959823,0.24473531431673823,0.013649638886683019,0.11871048823309158,0.11237518719696364,0.23229911107167986,0.0,5.010789603941528e-12,7.783411331970506e-12,1.3288821030715988e-12
0,adam,49,0.0,250.0,0.37869259487152523,0.1617753474583778,0.004372995860747319,0.0773537589069696,0.08004859269066086,0.21691724732070108,0.0,1.828202412379525e-12,5.131764418898858e-12,1.4769971806106973e-12
0,adam,74,0.0,250.0,0.324571636006682,0.1290093374383045,0.000295534318811903,0.06300592823304009,0.06570787488645251,0.19556229847416315,0.0,3.271148336838292e-13,4.375851231195863e-12,1.4612900619029545e-12
0,adam,99,0.0,250.0,0.2671057915745,0.10219422711035406,0.004079706473693016,0.05281367650481398,0.045300844131847054,0.1649115643654528,0.0,1.6352139189036239e-12,2.8196508278761842e-12,1.7311815117726897e-12
0,adam,124,0.0,250.0,0.22381197411168227,0.07280531679892582,0.000974195007881902,0.03904328279086172,0.03278783900018221,0.1510066572139869,0.0,6.414054423016315e-13,2.683507276240124e-12,8.413865977815519e-13
0,adam,149,0.0,250.0,0.18533372108832866,0.05926708044105351,0.0012818132130861398,0.028748552334109983,0.02923671489385739,0.12606664054669545,0.0,4.950916287270225e-13,1.9955395912138083e-12,1.0588544193509061e-12
0,adam,174,0.0,250.0,0.17120450898370432,0.05816865369158766,0.0025428351157530935,0.03488738748444998,0.02073843109138459,0.11303585519017612,0.0,1.0612353326067424e-12,1.8122242424656635e-12,6.901836947940424e-13
0,adam,199,0.0,250.0,0.15425984468844106,0.052206033185039274,0.0026120831579934697,0.030663301236763574,0.018930648790282226,0.1020538114005639,0.0,8.749245409368914e-13,1.599692570119304e-12,6.104577709310904e-13
0,adam,224,0.0,250.0,0.169170336050454,0.06535775420901385,0.0025811347293704474,0.034994014846964946,0.027782604632678454,0.10381258173758455,0.0,8.468763027304848e-13,1.338213325020206e-12,1.1807321517103383e-12
0,adam,249,0.0,250.0,0.1410183039055386,0.052125384166028396,0.002352732844796499,0.035211516030900926,0.014561135290330969,0.08889291963459224,0.0,8.019416184566273e-13,1.2943326968522463e-12,4.4118079733625215e-13
0,adam,274,0.0,250.0,1.2622216544966924,0.630920748985666,0.0021208735753854638,0.5834975351415183,0.04530234026876218,0.6313009054052962,0.0,8.470808677947703e-13,2.8377737521850736e-12,2.7158912261937924e-12
0,adam,299,0.0,250.0,0.13798846611508545,0.049186931378718296,0.0015939894215333125,0.03169955361027129,0.01589338834691369,0.08880153463173406,0.0,5.629188243382395e-13,1.3433129492849635e-12,4.1645562063032923e-13
0,adam,324,0.0,250.0,0.11617530008237517,0.03900393431642077,0.001498107182526343,0.025373747162763513,0.012132079971130909,0.07717136566070064,0.0,4.1240468016262243e-13,1.0957623910866201e-12,3.5586101196755553e-13
0,adam,349,0.0,250.0,0.1276581238717566,0.050304768344086856,0.0013138224160618827,0.02747875769554677,0.02151218823247821,0.07735335542146192,0.0,3.6647070789176157e-13,9.789479450481921e-13,6.26438002823084e-13
0,adam,374,0.0,250.0,0.11883894555457274,0.0476656185745753,0.0012159496691085138,0.03597385413157422,0.010475814773892561,0.07117332687269969,0.0,3.404476204279693e-13,9.524121539505524e-13,2.680308646878705e-13
0,adam,399,0.0,250.0,0.14887904152417247,0.08156927609230587,0.001782296739861104,0.06234371590299449,0.01744326344945027,0.0673097653242785,0.0,6.986718852796335e-13,1.0924958800403585e-12,3.6568384444117585e-13
0,adam,424,0.0,250.0,0.2235451121422319,0.12087192533267446,0.0008184753060938043,0.09751787979367167,0.022535570232908992,0.10267318670231836,0.0,2.530662334363224e-13,1.4057772676515834e-12,1.6685219199524076e-13
0,adam,449,0.0,250.0,0.18962852456488116,0.06674054537743965,0.0007700106140385582,0.04499840181194648,0.020972132951454607,0.12288797908112771,0.0,2.329050361370709e-13,1.2709970510974664e-12,3.2081163119158977e-13
0,adam,474,0.0,250.0,0.10089908132635049,0.02917450470372262,0.0006123348648452509,0.0178524206194145,0.010709749219462867,0.07172457651629262,0.0,9.701258620220615e-14,1.0530613920412827e-12,2.1627904229755785e-13
0,adam,499,0.0,250.0,0.10650478076823572,0.0428481706156192,0.000625241483324287,0.023900259199565094,0.018322669932729824,0.06365661004502651,0.0,1.150513566355689e-13,8.800489120502833e-13,3.910182179635533e-13
0,adam,524,0.0,250.0,0.0900295536915818,0.0355763379391941,0.0005949173456393028,0.026632602835729564,0.008348817757825235,0.05445321564360201,0.0,1.1357895663669445e-13,8.082991650054872e-13,2.0032750486427284e-13
0,adam,549,0.0,250.0,0.08508398741782729,0.025121071856428954,0.0005430078073418768,0.01603661001261514,0.008541454036471937,0.05996291545289021,0.0,1.0794816189116238e-13,9.19871270322055e-13,1.0943961837104634e-13
0,adam,574,0.0,250.0,0.09073333121205321,0.029023145945965598,0.0005241336417374819,0.02069222136163095,0.007806790942597164,0.06171018515756341,0.0,1.0235375174967738e-13,8.668462750929001e-13,1.434949716645782e-13
0,adam,599,0.0,250.0,0.07848593032539485,0.027306940833580574,0.0005280264574770738,0.018347630840267814,0.008431283535835686,0.05117898938243603,0.0,8.606378996947592e-14,7.384610488133228e-13,2.0603353116529143e-13
0,adam,624,0.0,250.0,0.06627910002799714,0.02060769592020974,0.0005164717976669489,0.008722495010643106,0.011368729111899685,0.04567140399743754,0.0,7.877570824981797e-14,5.582031031644305e-13,2.0001035618074422e-13
0,adam,649,0.0,250.0,0.07303345011322734,0.025863828917240025,0.0005644844769432352,0.018620340046014514,0.006679004394282274,0.04716962108449599,0.0,7.518803629395876e-14,5.015373323174228e-13,1.6054181873509854e-13
0,adam,674,0.0,250.0,3.16759607011368,2.083191948179693,0.0010803999375346002,2.0398892697010518,0.042222278541106634,1.0844041218215033,0.0,2.5980347976810094e-13,8.992795712997828e-13,5.762085834722323e-13
0,adam,699,0.0,250.0,0.10533214951915139,0.05210556407682853,0.0013099529404324943,0.04571766687603247,0.005077944260363565,0.05322658533067524,0.0,2.2059584271874222e-13,6.673508303065589e-13,4.71137940101562e-14
0,adam,724,0.0,250.0,0.07711818596169949,0.022216223986411626,0.0005634139198595477,0.01610269922253583,0.0055501108440162445,0.05490196186401416,0.0,6.808707240706465e-14,5.889148793412197e-13,7.036588508054817e-14
0,adam,749,0.0,250.0,0.13926971350438144,0.06326463857585352,0.0005683679598673141,0.0538418700424246,0.008854400573561603,0.07600507481775216,0.0,7.089042285271682e-14,6.890779480930988e-13,5.82850663333405e-14
0,adam,774,0.0,250.0,0.08805231771895074,0.029410866704308085,0.0004813258768555731,0.017844930762512527,0.011084610064939984,0.058641450903863725,0.0,5.2750955304828476e-14,5.736476559449849e-13,1.3815922417311514e-13
0,adam,799,0.0,250.0,0.15737457861723522,0.07999468933742847,0.000453189943276977,0.06389760633288669,0.015643893061264808,0.07737988916862187,0.0,5.422702281704069e-14,5.563555420832833e-13,1.753035339457382e-13
0,adam,824,0.0,250.0,0.07035840280108335,0.02501037543880299,0.000474651248834653,0.014624433935098385,0.009911290254869948,0.04534802725030331,0.0,4.77475603675689e-14,5.606753479444467e-13,1.682017722593304e-13
0,adam,849,0.0,250.0,0.14675387318352837,0.07771478077809327,0.0005028424038656628,0.060358555785575196,0.016853382588652408,0.06903909229246602,0.0,4.427327050077364e-14,5.290251335294972e-13,1.2602884408275959e-13
0,adam,874,0.0,250.0,1.2478465866535082,0.9463389884152775,0.0011893926358588533,0.9174244752728586,0.027725120506560078,0.30150759812504213,0.0,2.2377914639551567e-13,6.247031688760976e-13,2.102660982004389e-13
0,adam,899,0.0,250.0,0.11616914648312249,0.042779386854028205,0.0004514254930796489,0.03235573453044005,0.009972226830508501,0.07338975951635364,0.0,4.2128186556970015e-14,5.949742583735034e-13,8.003096631765716e-14
0,adam,924,0.0,250.0,0.14109145338834325,0.07857328084927158,0.0004335237276613879,0.060784416476054,0.017355340645556192,0.06251817242602357,0.0,3.3349531367125806e-14,5.286097218859183e-13,1.249751495521733e-13
0,adam,949,0.0,250.0,0.0496982504615175,0.013520317815446789,0.0004189075149208073,0.007875449354922374,0.0052259609456036075,0.03617793253252859,0.0,3.374093619908107e-14,4.844050296457231e-13,1.1442601432563817e-13
0,adam,974,0.0,250.0,0.12928203600547278,0.070840086989959,0.00042500611930679287,0.05432435184553001,0.016090729025122194,0.058441948901127826,0.0,3.293299156220641e-14,4.472262248743472e-13,1.1350194665084053e-13
0,adam,999,0.0,250.0,0.43405337937822347,0.24009597833971272,0.0004879554130790174,0.2225705915853104,0.017037431341323295,0.19395740092398672,0.0,4.928206745203676e-14,4.78410075899344e-13,1.0723074001033208e-13
0,adam,1024,0.0,250.0,0.04614977983781441,0.01333244413137485,0.00039774611541309454,0.007914170607947356,0.005020527408014401,0.032817335591758985,0.0,3.1496119586688145e-14,4.411403566099192e-13,1.09392704636295e-13
0,adam,1049,0.0,250.0,0.04185119587430276,0.014079006309732514,0.0003887288633845406,0.007672125772766221,0.006018151673581752,0.027772189448725462,0.0,3.078477707244776e-14,3.6672959183135433e-13,1.246593173974639e-13
0,adam,1074,0.0,250.0,0.539828013252215,0.33320503655341066,0.0007604797220558638,0.3180731045698272,0.014371452261527638,0.20662297658233464,0.0,8.758266384758171e-14,3.771393013207531e-13,8.200889231611544e-14
0,adam,1099,0.0,250.0,0.03936587718228942,0.010244493659500075,0.00034916992251750935,0.00633120698889837,0.0035641167480841957,0.0291213834064805,0.0,2.584593267972402e-14,3.973382793888374e-13,6.404162411011483e-14
0,adam,1124,0.0,250.0,0.0362721531663246,0.011748406313624778,0.00031983700369069804,0.006401997151186123,0.005026572158747958,0.02452374673571477,0.0,2.1465459652194063e-14,3.173266772490992e-13,1.1443568200357565e-13
0,adam,1149,0.0,250.0,0.15176287709266567,0.09127177638978232,0.0003435774552449296,0.08185910676901433,0.00906909216552307,0.06049110058534071,0.0,2.6789474531703956e-14,3.1650798351134173e-13,9.298401829106138e-14
0,adam,1174,0.0,250.0,0.08207256997334704,0.045353209484683084,0.00033341707573077703,0.03834670882514663,0.006673083583805676,0.0367193603709332,0.0,2.5325860532974482e-14,3.136456351215559e-13,8.059084430051296e-14
0,adam,1199,0.0,250.0,0.08257213413377838,0.0447751912148239,0.0002948500314750191,0.0335841398891928,0.010896201294156081,0.03779694280074173,0.0,1.9148177920249266e-14,2.8988800544407733e-13,8.672074113776954e-14
0,adam,1224,0.0,250.0,0.05620966906950585,0.02680685995024002,0.000280392589400054,0.02113957397645252,0.005386893384387444,0.029402809000798214,0.0,2.000818408477721e-14,2.85651545594293e-13,7.516171442984344e-14
0,adam,1249,0.0,250.0,1.2337920653137948,0.7154760756648908,0.0003270104716286569,0.6953902966901995,0.019758768503062688,0.5183159895303066,0.0,2.979968818183651e-14,3.209606465408579e-13,9.34698047156383e-14
0,adam,1274,0.0,250.0,0.03639714523021036,0.01017518497202237,0.00023005051113764798,0.006672829365478965,0.0032723050954057563,0.026221960139804285,0.0,1.5816942127319103e-14,3.2415115103043954e-13,5.417739448857139e-14
0,adam,1299,0.0,250.0,0.2880722867784013,0.19930346062836163,0.0005510007369818115,0.18786042969604874,0.010892030195331078,0.08876882603177004,0.0,6.835091356704024e-14,3.3302001887916027e-13,6.969552861018283e-14
0,adam,1324,0.0,250.0,0.05379720236444296,0.025671417484761545,0.00024192291128222426,0.019686701147686878,0.005742793425792441,0.028125784761395965,0.0,1.6859156196629514e-14,3.248043740266375e-13,6.660144610825077e-14
0,adam,1349,0.0,250.0,0.1071320007337935,0.056439174608850964,0.00016712418378863012,0.049317281231376096,0.0069547691936862385,0.050692826006362414,0.0,9.437954561994972e-15,3.011361817319386e-13,7.968197497438298e-14
0,adam,1374,0.0,250.0,0.08376438846679193,0.04277443953207858,0.0001626270054796083,0.036664561407620526,0.005947251118978443,0.04098994881581434,0.0,1.0521117274396842e-14,2.954668712993902e-13,7.203025318240158e-14
0,adam,1399,0.0,250.0,0.06230168089467279,0.02954486712078295,0.00014394144436263883,0.02264989056225599,0.006751035114164318,0.03275681365469713,0.0,7.268781006943404e-15,2.9346594877944926e-13,6.411931163804125e-14
0,lbfgs,1400,0.0,250.0,0.05672518173287765,0.025599472601367537,0.00013997116488746527,0.019472057472046254,0.005987443964433821,0.03112570901230588,0.0,7.24233726611917e-15,2.9131971332635343e-13,6.231344752146558e-14
0,lbfgs,1409,0.0,250.0,0.030780466483659785,0.007445639712412619,0.00014898197816851232,0.003958446575929649,0.0033382111583144577,0.023334826652039672,0.0,8.341624361470899e-15,2.841580844624926e-13,6.512705279595356e-14
0,lbfgs,1419,0.0,250.0,0.023080282610883407,0.01141631907655551,0.00037586289917623,0.004234933285852536,0.006805522891526744,0.011663963414625065,0.0,3.6606693450071043e-14,1.515309540913416e-13,1.6397865854172987e-13
0,lbfgs,1429,0.0,250.0,0.017489561538323452,0.009176132668686467,0.000956905665971332,0.002528905056569709,0.005690321946145427,0.008313428749603762,0.0,4.980492232348662e-14,9.472319295275272e-14,1.1001197796870522e-13
0,lbfgs,1439,0.0,250.0,0.0073203722593448445,0.005959743473823635,0.0007779465763916921,0.0016451921799356495,0.0035366047174962938,0.0013606286642469277,0.0,6.431249889067532e-14,1.6226188159754575e-14,4.656592228086515e-14
0,lbfgs,1449,0.0,250.0,0.0040874717475003425,0.0036778552994299308,0.0005884438890969251,0.0010739348366586737,0.002015476573674332,0.0004096163264589684,0.0,2.6865211915417397e-14,1.810104978247148e-14,2.6620188711061e-14
0,lbfgs,1459,0.0,250.0,0.002868875522758769,0.0026079585837807786,0.0005402564679384482,0.0004542955054225549,0.0016134066104197752,0.0002609168166151225,0.0,3.1904693740734605e-14,8.759844865494356e-15,2.3495397352981394e-14
0,lbfgs,1469,0.0,250.0,0.0025740360493795517,0.002209334526692866,0.00036940087814733055,0.0005113823568598223,0.001328551291685713,0.000364701400564548,0.0,1.8689581380174726e-14,1.0722946471554334e-14,2.090954080820467e-14
0,lbfgs,1479,0.0,250.0,0.00221432621365063,0.001899604720702389,0.0002866979366536356,0.0004509434136341044,0.001161963370414649,0.00031472137051486517,0.0,1.8390784116753255e-14,9.147449541930664e-15,1.6913352634275728e-14
0,lbfgs,1489,0.0,250.0,0.0018982436463175652,0.0017045412796280615,0.00024346764714559425,0.0005727315466176612,0.0008883420858648059,0.00019370224417878114,0.0,1.6507692788664276e-14,1.2280040381867686e-14,1.3332758523172848e-14
0,lbfgs,1499,0.0,250.0,0.0017959947411348024,0.0015493835632629585,0.00021107771127044724,0.0006591959535483651,0.0006791098984441461,0.00024661105509606024,0.0,1.473286093141922e-14,1.448038728199409e-14,1.0303542684801686e-14
0,lbfgs,1509,0.0,250.0,0.0017290829825004348,0.0016179146748284629,0.00016488765464582765,0.000638891662933354,0.0008141353572492814,0.00011116818517851894,0.0,1.1416612144497013e-14,1.423380970827414e-14,1.2650770706042968e-14
0,lbfgs,1519,0.0,250.0,0.001426060081481873,0.0013512513756980193,9.299979007058297e-05,0.0007195670569072319,0.0005386845287202044,7.480858298554582e-05,0.0,6.738258573814209e-15,1.4908301184291646e-14,7.330363465219195e-15
0,lbfgs,1529,0.0,250.0,0.0013439560599239262,0.001270583138654168,0.00011369986191393566,0.0007157792937906816,0.00044110398294955073,7.337279818769187e-05,0.0,8.203980216269305e-15,1.5179171766269137e-14,5.1962708205564666e-15
0,lbfgs,1539,0.0,250.0,0.0012636255139599057,0.0012002841169773861,6.341247918542936e-05,0.0007634229004276254,0.0003734487373643313,6.334127397358953e-05,0.0,4.01198120234799e-15,1.6471993876195402e-14,4.357646211766432e-15
0,lbfgs,1549,0.0,250.0,0.0011803903959230501,0.0011359142857694609,8.872129983185781e-05,0.0007189899973457809,0.00032820298859182205,4.447598695387136e-05,0.0,5.545798470660992e-15,1.6132167351609004e-14,3.611133838348696e-15
0,lbfgs,1559,0.0,250.0,0.001090376927140688,0.0009973911317336175,9.681321895247625e-05,0.0007074340524069171,0.00019314386037422423,9.298567168149366e-05,0.0,5.4102170171699295e-15,1.5852462388696568e-14,1.6741705378929417e-15
0,lbfgs,1569,0.0,250.0,0.0010278723490600645,0.0009193379358756733,0.00010699418824857931,0.000640558100295493,0.000171785647331601,0.00010853428934125483,0.0,5.580231201950006e-15,1.5140543569753876e-14,1.5368374028781318e-15
0,lbfgs,1579,0.0,250.0,0.0009594992864340289,0.0009000396883426193,9.795315701966917e-05,0.000631713152618057,0.00017037337870489308,5.945947450765358e-05,0.0,5.312583191984958e-15,1.5291265890763565e-14,1.8302007188877605e-15
0,lbfgs,1589,0.0,250.0,0.0008209843918569127,0.0007729925775216283,0.00015161632149001737,0.0005114019550693993,0.00010997430096221162,4.799169047911655e-05,0.0,7.434193854526672e-15,1.1915904468224454e-14,1.0103798622939865e-15
0,lbfgs,1599,0.0,250.0,0.0007909860292514643,0.0007613246511280196,0.00018210377213087915,0.0005010307507169991,7.819012828014144e-05,2.9661254048240164e-05,0.0,8.079373598503537e-15,1.200723606065441e-14,6.741852110536859e-16
0,lbfgs,1609,0.0,250.0,0.0006961069443868143,0.0006694398314013639,0.00015049258279533056,0.0004439497811867385,7.49974674192948e-05,2.666698899365396e-05,0.0,7.085294771105887e-15,1.1074468941718089e-14,6.48524477170884e-16
0,lbfgs,1619,0.0,250.0,0.000615354700346001,0.0005882983951772633,0.00013846697649622076,0.0003589910530844273,9.084036559661524e-05,2.7056181059692883e-05,0.0,5.087616980724766e-15,8.345577485917814e-15,7.047711723113508e-16
0,lbfgs,1629,0.0,250.0,0.0005928530306726182,0.0005478044707169841,0.00014692525270105074,0.0003159844149887394,8.4894803027194e-05,4.504843564699091e-05,0.0,5.6998438764168905e-15,7.053506488196996e-15,5.399653584924561e-16
0,lbfgs,1639,0.0,250.0,0.00048528744913692957,0.00045603791018710257,9.821134767839378e-05,0.0002312706401852344,0.00012655592232347441,2.9249414922383487e-05,0.0,4.392549220515142e-15,4.571771442813004e-15,1.1153859235424958e-15
0,lbfgs,1649,0.0,250.0,0.0004375726214792393,0.00041983316015469955,9.637407011629986e-05,0.00019405124124993877,0.0001294078487884609,1.773933734057286e-05,0.0,4.244282808370165e-15,3.687172054289838e-15,1.0103310804700106e-15
0,lbfgs,1659,0.0,250.0,0.0004291619633367438,0.0004178592424624647,8.93225723911411e-05,0.00018520884257274011,0.00014332782749858344,1.130259703886713e-05,0.0,4.344009128809133e-15,3.746288355534231e-15,1.2617074547912603e-15
0,lbfgs,1669,0.0,250.0,0.00038851460982957054,0.00036060790027705254,8.02875655052038e-05,0.00015960341121031796,0.00012071692356153079,2.7906585781320887e-05,0.0,4.367654899179159e-15,3.3462355748363517e-15,1.0936384763939107e-15
0,lbfgs,1679,0.0,250.0,0.00029298813389541065,0.00027674495896595335,7.052915079398426e-05,0.00010905952389982348,9.715628427214561e-05,1.6243050943649896e-05,0.0,3.0549096074821712e-15,1.3196073500704532e-15,8.00508448218235e-16
0,lbfgs,1689,0.0,250.0,0.00024723915146875996,0.00023730099203988575,6.578298626120481e-05,7.731634810766338e-05,9.420165767101757e-05,9.938035380954948e-06,0.0,2.4708345487582323e-15,1.2249483060877148e-15,6.604819378370479e-16
0,lbfgs,1699,0.0,250.0,0.0002365723308225453,0.00023051957680651324,6.191888137837554e-05,7.77746999101432e-05,9.082599551799452e-05,6.052629936233064e-06,0.0,2.3937120343715197e-15,1.2610077078301004e-15,6.225539993390157e-16
0,lbfgs,1709,0.0,250.0,0.00022938049537508105,0.00022485536698212618,5.882710398326005e-05,6.807897783688767e-05,9.794928516197846e-05,4.525004350522723e-06,0.0,2.442490019165629e-15,1.049373560734598e-15,7.251295311509287e-16
0,lbfgs,1719,0.0,250.0,0.000193481845313642,0.00018355329239373318,4.3472959165182954e-05,6.282484315426205e-05,7.725549007428818e-05,9.928428698967805e-06,0.0,2.1339092036818463e-15,1.0967771781456668e-15,6.794221162819982e-16
0,lbfgs,1729,0.0,250.0,0.0001822131245495592,0.00017294662509510284,3.679444417521368e-05,5.952450706443452e-05,7.662767385545465e-05,9.26637513748956e-06,0.0,1.6672149429278324e-15,8.3649345040877e-16,6.007741768863141e-16
0,lbfgs,1739,0.0,250.0,0.00017750152858532915,0.00016850856282776835,3.593608730244547e-05,5.68005562872014e-05,7.577191923812148e-05,8.992841421546282e-06,0.0,1.707944378398136e-15,7.919194285941987e-16,5.746673664691006e-16
0,lbfgs,1749,0.0,250.0,0.00017685022509942604,0.00016759790719806855,3.4919047795351954e-05,5.73108970497903e-05,7.53679623529263e-05,9.25219354889172e-06,0.0,1.6636741179640262e-15,7.507545275510804e-16,5.832366298563995e-16
0,lbfgs,1759,0.0,250.0,0.00017556193742916069,0.0001633410527809304,3.651282918853e-05,5.771397568201889e-05,6.91142479103815e-05,1.2220760241887428e-05,0.0,1.7509065106655978e-15,5.692096746277423e-16,5.640578593377648e-16
0,lbfgs,1769,0.0,250.0,0.0001588418431277498,0.00014467977610893524,3.1580841029972396e-05,4.855657869477107e-05,6.454235638419179e-05,1.4161942379102347e-05,0.0,1.4768144033855784e-15,7.236533128347207e-16,4.3440997310897074e-16
0,lbfgs,1779,0.0,250.0,0.00014655527712903875,0.00013561971899085846,3.0876622570560094e-05,4.175694094235299e-05,6.298615547794537e-05,1.0935433562938462e-05,0.0,1.6839323493357135e-15,5.738924691401518e-16,4.65203485252487e-16
0,lbfgs,1789,0.0,250.0,0.00013954382688983964,0.00013076844716415463,2.8417331026067826e-05,4.07393639377936e-05,6.16117522002932e-05,8.775255117164078e-06,0.0,1.4382496125306913e-15,5.613500977615298e-16,4.75240927826562e-16
0,lbfgs,1799,0.0,250.0,0.00013506420270795126,0.0001264062993625324,2.5093708930517658e-05,4.2881962008984136e-05,5.843062842303061e-05,8.657778692549567e-06,0.0,1.2297562434261943e-15,4.978977439938158e-16,4.3588353871933816e-16
0,lbfgs,1809,0.0,250.0,0.0001316814936094785,0.00012824777619516425,2.3723829695951307e-05,4.3825905951324296e-05,6.069804054788865e-05,3.433592726308104e-06,0.0,1.1882549944872434e-15,5.0781045974241165e-16,4.863722386347729e-16
0,lbfgs,1819,0.0,250.0,0.00012879847142654028,0.00012624845983034383,2.1587349814288995e-05,4.276081219757663e-05,6.190029781847821e-05,2.549886861863121e-06,0.0,1.1438990735503358e-15,4.875484323722383e-16,4.900253275385323e-16
0,lbfgs,1829,0.0,250.0,0.0001326579637261536,0.00011743632734760053,1.9301394133085906e-05,4.5563028209777746e-05,5.2571905004736884e-05,1.5221511619411957e-05,0.0,9.504485099250203e-16,5.629379726113978e-16,4.698604428031791e-16
0,lbfgs,1839,0.0,250.0,0.0001141807134895548,0.00010991138670647362,1.665909634739589e-05,3.8208582417225095e-05,5.5043707941852636e-05,4.2692019732089884e-06,0.0,8.891737482864532e-16,5.432747811738092e-16,4.93699304983329e-16
0,lbfgs,1849,0.0,250.0,8.290335248138773e-05,8.145508118483869e-05,1.1219148928039343e-05,2.371737141017785e-05,4.65185608466215e-05,1.4481459772104176e-06,0.0,7.022840360807827e-16,1.9159324173604285e-16,4.2023725686278035e-16
0,lbfgs,1859,0.0,250.0,7.765059959224775e-05,7.679318297318022e-05,9.81086790322679e-06,2.0866691083176636e-05,4.61156239867768e-05,8.572911944882935e-07,0.0,6.745830085120426e-16,2.154849664823183e-16,4.2615466676813043e-16
0,lbfgs,1869,0.0,250.0,6.863273862787642e-05,6.663250089283953e-05,1.0916941607140729e-05,1.2664535183422785e-05,4.305102410227601e-05,2.0001122603784337e-06,0.0,7.578952023612961e-16,1.5836633828622428e-16,4.53480401764713e-16
0,lbfgs,1879,0.0,250.0,6.866615080499353e-05,6.592275306164178e-05,1.0819301166558552e-05,1.3460552670688971e-05,4.164289922439426e-05,2.7432722886949417e-06,0.0,7.814442019329347e-16,2.1013542704778614e-16,4.339354039499685e-16
0,lbfgs,1889,0.0,250.0,6.5228723525689e-05,6.257940451637558e-05,9.915916950296204e-06,1.4093982713750937e-05,3.8569504852328436e-05,2.6491936017238807e-06,0.0,7.082417194137485e-16,2.246215559198e-16,4.1791154797737463e-16
0,lbfgs,1899,0.0,250.0,5.9452890313777806e-05,5.783316321131046e-05,6.675975282745862e-06,1.3708916235583665e-05,3.744827169298093e-05,1.6196014719474968e-06,0.0,4.86511946598326e-16,1.973891371969941e-16,4.063897936488368e-16
0,lbfgs,1909,0.0,250.0,5.693627130764679e-05,5.48229098873625e-05,6.1178946711109894e-06,1.3189357403806798e-05,3.5515657812444714e-05,2.1132358496123174e-06,0.0,4.441437357737812e-16,2.0563092239601902e-16,3.8564989469463627e-16
0,lbfgs,1919,0.0,250.0,5.075830894147051e-05,4.985315420681254e-05,6.55205964556496e-06,1.0758896759727276e-05,3.25421978015203e-05,9.050290914355262e-07,0.0,4.576306735102811e-16,1.2235930709224394e-16,3.535940138589145e-16
0,lbfgs,1929,0.0,250.0,4.929687006671699e-05,4.853566019939863e-05,6.1583716411507e-06,9.204446674233996e-06,3.317284188401393e-05,7.610842138275987e-07,0.0,4.2260942384171586e-16,1.1387721500123683e-16,3.5361859563645196e-16
0,lbfgs,1939,0.0,250.0,4.90646979486421e-05,4.8288358839760284e-05,5.952124455798213e-06,8.449713481099842e-06,3.388652090286223e-05,7.762134318884855e-07,0.0,4.085590484222065e-16,1.1335651042867354e-16,3.542311308271026e-16
0,lbfgs,1949,0.0,250.0,4.882568837229411e-05,4.7833001800979424e-05,5.61062027315922e-06,8.927038008094923e-06,3.3295343519725285e-05,9.92560916125558e-07,0.0,3.8739926274674734e-16,1.2224669999345094e-16,3.46848975910351e-16
0,lbfgs,1959,0.0,250.0,4.572073735973647e-05,4.4826776882696263e-05,5.648998037732693e-06,8.187759372735631e-06,3.099001947222794e-05,8.938348041727856e-07,0.0,3.760500001092608e-16,9.041433372666387e-17,3.2621338108116307e-16
0,lbfgs,1969,0.0,250.0,4.229118940590831e-05,4.112982081714822e-05,4.216289740139034e-06,8.962897451146728e-06,2.7950633625862457e-05,1.1612430284225365e-06,0.0,2.712143120277906e-16,8.958679725751318e-17,2.90193446026484e-16
0,lbfgs,1979,0.0,250.0,4.0955538701220794e-05,4.0329529804964846e-05,4.4567721294457065e-06,8.516481511689393e-06,2.7356276163829747e-05,6.258833657044174e-07,0.0,2.883306517162026e-16,8.467091599544304e-17,2.7807475368763737e-16
0,lbfgs,1989,0.0,250.0,4.0343865534252956e-05,3.977389535181571e-05,4.43372538915552e-06,8.320235058476826e-06,2.7019934904183366e-05,5.69844690890719e-07,0.0,2.6005126282370367e-16,7.839876919959758e-17,2.7427750521902343e-16
0,lbfgs,1999,0.0,250.0,3.998470124860215e-05,3.955044679420066e-05,5.01634092393387e-06,8.021016763197586e-06,2.6513089107069205e-05,4.341289462643698e-07,0.0,2.972096803238841e-16,7.47862767992521e-17,2.707711215254042e-16
0,lbfgs,2009,0.0,250.0,3.958155711483824e-05,3.932467849621396e-05,4.523270987511234e-06,8.441924294072033e-06,2.6359483214630686e-05,2.567531027618356e-07,0.0,2.6419850669885407e-16,7.588282394437078e-17,2.6583084775316377e-16
0,lbfgs,2019,0.0,250.0,3.8700159696937056e-05,3.826290348172043e-05,3.992682536292251e-06,7.902011367435882e-06,2.6368209577992295e-05,4.3713067119694405e-07,0.0,2.304323815194098e-16,7.603792181949627e-17,2.6046270630839513e-16
1,adam,0,250.0,600.0,0.02357408770793596,0.01768056571204501,0.0001759366580583108,0.004392389042806595,0.013112240011180103,0.005893521904015001,0.0,1.3101913803571776e-14,7.663614235854625e-18,7.067577351435448e-17
1,adam,24,250.0,600.0,0.017285453837377535,0.014565002244667035,2.429910751653819e-05,0.002221487031745868,0.012319216105404629,0.002720451499356034,0.0,1.1117629949987078e-15,3.3926763579566388e-18,5.664797193304409e-17
1,adam,49,250.0,600.0,0.008276226299553253,0.005926074588257219,6.450859559678551e-06,0.0015852606155836795,0.004334363113113861,0.0023501516127203237,0.0,3.525379520666859e-16,2.033799599803732e-19,4.038593098235102e-18
1,adam,74,250.0,600.0,0.00123834847310756,0.0009662111341447166,4.404009066020498e-07,0.00029461264923262055,0.000671158084005494,0.00027213723546872073,0.0,2.816973717061074e-17,7.1599822024452e-20,6.526431648798664e-19
1,adam,99,250.0,600.0,0.0013772601084665846,0.0009485368979639471,6.678341349128237e-07,0.000849170200666213,9.869886316282122e-05,0.000428723104763215,0.0,4.120538111299852e-17,3.126202841167891e-20,1.1862323008039497e-19
1,adam,124,250.0,600.0,0.0009105952277560683,0.0006444617553633134,5.136561625482932e-07,0.00030436884669793384,0.0003395792525028313,0.0002661333670787322,0.0,3.0889268911007266e-17,1.013421547636168e-20,1.8301667888532147e-19
1,adam,149,250.0,600.0,6.426851760819594e-05,4.962739174593383e-05,1.0256522132641544e-06,9.038278838034751e-06,3.956346069463493e-05,1.4641019527409872e-05,0.0,6.019472096252392e-17,3.656474035988228e-21,3.4264048293084586e-20
1,adam,174,250.0,600.0,2.2037107681839796e-05,1.4694028777198093e-05,5.670934583602342e-07,4.676698477081869e-06,9.45023684175599e-06,7.342971824431393e-06,0.0,3.5103421488341165e-17,8.977632147280737e-22,6.3492089971412016e-21
1,adam,199,250.0,600.0,8.139425716242999e-06,5.357036653604851e-06,3.8932064864728227e-07,5.619116931721091e-07,4.40580431178546e-06,2.782281638336265e-06,0.0,2.4976501294484186e-17,2.8281152682742304e-22,2.223644114137079e-21
1,adam,224,250.0,600.0,5.635864185115779e-06,3.853820818056405e-06,3.892334357254861e-07,6.129427836414989e-07,2.8516445986894197e-06,1.7819357706052254e-06,0.0,2.4475005060483456e-17,1.8362076831203228e-22,1.3709313555562229e-21
1,adam,249,250.0,600.0,7.930441692021529e-06,4.951335062066817e-06,2.3739518791525024e-06,3.2188274262617923e-07,2.255500440288135e-06,2.978998918510884e-06,0.0,1.3088228108127954e-16,1.6459354865191442e-22,1.0470641340972267e-21
1,adam,274,250.0,600.0,4.7800994410646584e-06,3.6129050257603888e-06,1.1799799248475729e-06,4.4044580397588e-07,1.992479296936936e-06,1.1670866102864296e-06,0.0,6.723608039491754e-17,1.5721522763311797e-22,8.190591713958989e-22
1,adam,299,250.0,600.0,2.9827409191166655e-05,2.1068023574541884e-05,1.585506802212552e-06,6.774630291357226e-06,1.2707886480972107e-05,8.759278236383078e-06,0.0,8.863773127468905e-17,1.6102852508750085e-21,1.352596297875392e-20
1,adam,324,250.0,600.0,4.450044605967726e-05,3.1549893613769305e-05,4.1774585240853683e-07,1.8536086424787117e-05,1.2596061336573649e-05,1.295044500986391e-05,0.0,2.607002710077701e-17,5.543240204736953e-22,7.863227856970674e-21
1,adam,349,250.0,600.0,3.6069779691122835e-06,2.342867897860666e-06,4.4775744511644133e-07,2.184053109258045e-07,1.6767051418184203e-06,1.2640023615815854e-06,0.0,2.6985802395314857e-17,1.4450397133008478e-22,9.414548889154203e-22
1,adam,374,250.0,600.0,2.9688958883830706e-06,1.922218320078875e-06,3.5507840160338185e-07,1.918453210353411e-07,1.3752945974401518e-06,1.0465697565661785e-06,0.0,2.1791910180113708e-17,9.937039341574116e-23,5.333489733509169e-22
1,adam,399,250.0,600.0,2.417028245728174e-06,1.7271065411409114e-06,3.1983097359995805e-07,5.962677740764041e-07,8.110077934645493e-07,6.898138305155879e-07,0.0,1.960340002984507e-17,8.471400898615463e-23,5.598301828604723e-22
1,adam,424,250.0,600.0,0.00026721513492735955,0.00018113319755362977,1.2844923540688558e-05,0.00014718921106809515,2.1099062944846068e-05,8.608182944140666e-05,0.0,7.530611997468531e-16,1.2735704264904482e-21,2.793749132733262e-22
1,adam,449,250.0,600.0,0.00011807328461851642,8.182733574781627e-05,3.375936970571702e-06,4.7489673323080165e-05,3.096172545416441e-05,3.624584144279088e-05,0.0,1.8518862923094585e-16,8.039267450679475e-22,1.3580750597619092e-20
1,adam,474,250.0,600.0,3.650959755609126e-06,2.281436103603721e-06,4.175459109714277e-07,6.217548971106697e-07,1.242135295521624e-06,1.3694159910411608e-06,0.0,2.4584636271636723e-17,1.5975484285996468e-22,9.175112263321255e-22
1,adam,499,250.0,600.0,6.103837947509314e-06,3.78623556072626e-06,2.8269618399683716e-07,1.8922971240021288e-06,1.6112422527272943e-06,2.3174946202177106e-06,0.0,1.7159368342809822e-17,9.358705774175712e-23,2.516830533694498e-22
1,adam,524,250.0,600.0,3.050074394738017e-05,1.9806232149617495e-05,2.899507688681884e-07,1.6159993757653206e-05,3.3562876230960985e-06,1.0694403986362635e-05,0.0,1.7324816783368135e-17,2.4191307889106e-22,2.3354753135909753e-22
1,adam,549,250.0,600.0,0.00029863896724012246,0.0002058338698883431,1.450433470393588e-06,0.00015868949509912175,4.5693941318827774e-05,9.280498982185558e-05,0.0,8.039019360571727e-17,9.04354618856782e-22,1.1703129838586437e-20
1,adam,574,250.0,600.0,1.9767015491513394e-06,1.1646377534063682e-06,1.9543194109324504e-07,1.9432610738056958e-07,7.748797049325535e-07,8.119560876751014e-07,0.0,1.2081763644628195e-17,9.419573759646952e-23,5.243961402250505e-22
1,adam,599,250.0,600.0,3.4733479622235747e-06,2.6074044963551148e-06,1.912709889453782e-07,2.0644086920440447e-06,3.51724815365692e-07,8.65835687191427e-07,0.0,1.1660875156275959e-17,4.7787509368039696e-23,2.853835193538192e-22
1,adam,624,250.0,600.0,2.522383481995649e-06,1.8754577785990471e-06,1.7239779270168225e-07,1.4146795615452023e-06,2.883804243521625e-07,6.46817878921196e-07,0.0,1.0418000321764384e-17,4.745446259561407e-23,2.7745285764980407e-22
1,adam,649,250.0,600.0,0.0005089476307378882,0.00034734877244239453,1.176298803475168e-05,0.0002563942835947388,7.919150081290407e-05,0.00016159875082063125,0.0,6.79099002385738e-16,1.4230326687139664e-21,1.890128890708965e-20
1,adam,674,250.0,600.0,6.064618421664379e-05,4.154122402398004e-05,1.4315358168027919e-06,3.595727376549618e-05,4.152414441681062e-06,1.910485265155851e-05,0.0,7.755465758590222e-17,2.002837417942567e-22,1.0680197125393185e-21
1,adam,699,250.0,600.0,5.045989884839715e-06,3.0206488736468148e-06,1.6367033806864195e-07,1.8424012187873969e-06,1.014577316790776e-06,2.025233402827489e-06,0.0,9.693682170070072e-18,7.213701805340718e-23,1.3974893649438297e-22
1,adam,724,250.0,600.0,2.7436977973677047e-06,2.0626407452994395e-06,1.4325313937935363e-07,1.6473105984498871e-06,2.7207700747019893e-07,6.809493987795841e-07,0.0,8.527908666781745e-18,4.339332070526629e-23,2.342328725546856e-22
1,adam,749,250.0,600.0,0.00013267516767783924,8.635052348416117e-05,1.654712578442791e-06,8.148711030311162e-05,3.2087006026067527e-06,4.632453666810841e-05,0.0,9.324263872081277e-17,1.4916647220662533e-21,2.933985450277407e-21
1,adam,774,250.0,600.0,9.090462244028612e-05,6.233088227145578e-05,1.642399618152604e-07,5.5923280034849726e-05,6.24336227479079e-06,2.857363261965867e-05,0.0,9.860038154883565e-18,3.017726948026609e-22,1.0062165491927287e-21
1,adam,799,250.0,600.0,1.2385939134246351e-05,8.805467358303665e-06,9.063776494305128e-08,7.807784690214876e-06,9.070449031457385e-07,3.580364184889014e-06,0.0,5.457351734934602e-18,6.636482428879716e-23,3.6604646661811755e-22
1,adam,824,250.0,600.0,0.003296153126442462,0.0022255745337244125,2.7332421006325683e-07,0.0020027760582176078,0.00022252515129674168,0.0010705784851733889,0.0,1.499610735666387e-17,1.547483664848194e-20,2.9493407169463954e-21
1,adam,849,250.0,600.0,7.946540297975437e-06,5.855076982831764e-06,2.610177369803542e-06,1.7570135704718367e-06,1.4878860425563854e-06,2.0913560573784507e-06,0.0,1.3474536426756986e-16,1.1449710679541765e-22,1.0177733234804728e-21
1,adam,874,250.0,600.0,1.1989402044435287e-05,8.79333457619239e-06,2.9595644208654667e-07,7.554777640033711e-06,9.426004940721317e-07,3.195960177348596e-06,0.0,1.6572148390335315e-17,6.455867096806605e-23,3.6190623413713296e-22
1,adam,899,250.0,600.0,6.15139709645517e-07,4.0268195177363393e-07,6.589774740610309e-08,8.302552640983962e-08,2.537586779576912e-07,2.123504041626718e-07,0.0,3.75465147245529e-18,3.07052976514923e-23,8.5881483320918e-23
1,adam,924,250.0,600.0,0.00014723867990584343,9.803446722045123e-05,3.005052862574139e-07,8.694120222947894e-05,1.0792759704714879e-05,4.920410529370448e-05,0.0,1.6873044542881733e-17,6.5966666165491885e-22,1.8687389938907482e-22
1,adam,949,250.0,600.0,9.644104387545255e-05,6.69301396385386e-05,2.3710680343233417e-07,5.2776559910646836e-05,1.3916472924459434e-05,2.951079699364863e-05,0.0,1.2860504625674259e-17,3.100846821151772e-22,3.3018449222195238e-21
1,adam,974,250.0,600.0,6.29400592081875e-06,4.604516969298355e-06,4.554712641616515e-08,3.848197419074356e-06,7.107724238078341e-07,1.6893816320713311e-06,0.0,2.645560158129077e-18,4.9161638857518817e-23,2.9769247478211893e-22
1,adam,999,250.0,600.0,0.0004638661608292596,0.00031513054354157156,1.7450469121102585e-07,0.00028551058199095987,2.9445456859400622e-05,0.00014873550993138628,0.0,9.500970316004277e-18,1.5365119193333271e-21,1.4775851494960144e-21
1,adam,1024,250.0,600.0,0.0002127578596195494,0.00014618364125307268,2.655149206276958e-06,0.00012350144776229966,2.0027044284496056e-05,6.657411129779867e-05,0.0,1.375360451209595e-16,5.741693518780556e-22,2.8244867870896945e-21
1,adam,1049,250.0,600.0,2.625212394923441e-05,1.69986112245319e-05,1.1177458203723496e-07,1.5425041329797175e-05,1.4617953126974891e-06,9.253405643868348e-06,0.0,6.36087874942187e-18,2.290896914106377e-22,2.68967987248895e-22
1,adam,1074,250.0,600.0,4.253466783902667e-05,2.8002121081799708e-05,1.93918136633332e-08,2.4345926994779513e-05,3.6368022733568623e-06,1.4532439602208011e-05,0.0,1.1396553368323502e-18,1.7645332056273357e-22,8.596193619632232e-23
1,adam,1099,250.0,600.0,0.0001119935199564941,7.436856587460525e-05,1.7422292647544643e-07,7.06879914783865e-05,3.5063514697432943e-06,3.762484702645237e-05,0.0,9.52058219540203e-18,9.168578309856423e-22,9.922633773418286e-22
1,adam,1124,250.0,600.0,2.6695596031259932e-05,1.788247381439759e-05,2.134831866442498e-07,1.6158035955950084e-05,1.5109546718032564e-06,8.813015198540289e-06,0.0,1.1796516915524201e-17,5.888008912529611e-22,2.2503901048205933e-21
1,adam,1149,250.0,600.0,2.221053873724472e-05,1.5754768351672206e-05,1.8301210104852518e-08,1.475335828997634e-05,9.83108851591013e-07,6.45566329000562e-06,0.0,1.1130487896160913e-18,9.448319979309092e-23,4.668233996660827e-23
1,adam,1174,250.0,600.0,0.0003754182072422132,0.0002524181909313421,1.9361846980978842e-08,0.00023206135533906827,2.0337473745292854e-05,0.00012299990924932432,0.0,1.0819869135521435e-18,1.818409924920552e-21,3.125430079080936e-22
1,adam,1199,250.0,600.0,0.0001512559953128004,0.00010105824746311737,3.6380965265649874e-07,9.046698060301678e-05,1.0227457207444097e-05,5.019764078725373e-05,0.0,2.052471424251113e-17,6.432527423247629e-22,1.6735804794798835e-22
1,adam,1224,250.0,600.0,0.00010054417978055266,6.702674873345224e-05,1.2134113447608086e-07,6.103069182388313e-05,5.8747157750930245e-06,3.351732402547335e-05,0.0,6.943070583270015e-18,4.983825834033616e-22,1.1515092308791281e-22
1,adam,1249,250.0,600.0,2.2669411250756386e-05,1.5127651343353804e-05,3.117335471730769e-07,1.3954640702597578e-05,8.612770935831499e-07,7.541652956160265e-06,0.0,1.675089514115436e-17,3.657097132281804e-22,1.0240253159006531e-21
1,adam,1274,250.0,600.0,0.00033086582799018635,0.0002263143474345512,1.0359938495687258e-06,0.0001983887773124257,2.6889576272556786e-05,0.00010455137358910718,0.0,5.752144210360122e-17,9.828313198905661e-22,1.8409866404917584e-21
1,adam,1299,250.0,600.0,8.499440638607287e-05,5.9034906284915974e-05,2.492320561285352e-07,5.361774284310439e-05,5.1679313856830515e-06,2.5959393127418277e-05,0.0,1.3238153088310975e-17,3.0870128716854823e-22,2.062655498432113e-22
1,adam,1324,250.0,600.0,0.00010042470259362888,6.948496531267699e-05,3.561807356137563e-07,6.0456883459547663e-05,8.671901117515567e-06,3.093963036127454e-05,0.0,2.0019703359922822e-17,3.0690438949803806e-22,7.264989009008336e-22
1,adam,1349,250.0,600.0,8.220325757006715e-05,5.5135363456412366e-05,3.2590129911102805e-07,5.295191563155211e-05,1.857546525749232e-06,2.706778725954003e-05,0.0,1.7459340133178693e-17,7.68003015710716e-22,1.0125406970791068e-21
1,adam,1374,250.0,600.0,0.00019316647995866728,0.0001296670416254608,1.2454695465822992e-08,0.00011749227416103657,1.2162312768958432e-05,6.349933143684251e-05,0.0,7.106251170325247e-19,8.281999034530899e-22,1.9116218530283335e-22
1,adam,1399,250.0,600.0,0.00025671844060874065,0.00017261052325304925,6.455681610139188e-08,0.00015506251173224127,1.748345470470658e-05,8.410781047476467e-05,0.0,3.3592554095839012e-18,1.0228101543374617e-21,3.3419881803263154e-22
1,lbfgs,1400,250.0,600.0,0.0002821834715659039,0.00019607962333093598,6.886317821744878e-09,0.00017718900846853153,1.8883728544582703e-05,8.610374135748586e-05,0.0,3.331997068445687e-19,8.533224970629458e-22,6.820754426532199e-22
1,lbfgs,1409,250.0,600.0,3.9312287145634276e-07,2.999027614620999e-07,6.578323543708659e-09,4.616087478154952e-08,2.471635631368418e-07,9.311323251285155e-08,0.0,3.176456478536201e-19,2.0453758112915044e-23,5.832474882240708e-23
1,lbfgs,1419,250.0,600.0,3.4683898806035807e-07,2.6807102952783845e-07,1.0583420811323093e-08,4.3412590096735816e-08,2.1407501861977952e-07,7.866108097655435e-08,0.0,6.037625660536998e-19,1.49767179846196e-23,2.953883986088653e-23
1,lbfgs,1429,250.0,600.0,3.222196635628377e-07,2.557193056071202e-07,4.585570009715476e-09,4.7891732977538923e-08,2.0324200261986583e-07,6.639348033127699e-08,0.0,2.275214855173897e-19,1.0931593137968579e-23,1.488489676091948e-23
1,lbfgs,1439,250.0,600.0,2.96877395066293e-07,2.3899291255062126e-07,4.073554812555474e-09,5.586750291053626e-08,1.7905185482752954e-07,5.777760487028485e-08,0.0,2.1269594348836005e-19,1.2345869696986995e-23,1.5341164332964147e-23
1,lbfgs,1449,250.0,600.0,2.966826127329608e-07,2.38922101330196e-07,4.068320989846784e-09,5.587429919249099e-08,1.7897948114785823e-07,5.765363375529325e-08,0.0,2.1271541180932276e-19,1.2285974574829204e-23,1.519005278723699e-23
1,lbfgs,1459,250.0,600.0,2.964442356872138e-07,2.3886587401653094e-07,4.063350000009023e-09,5.582474312226915e-08,1.7897778089425276e-07,5.7471484019980694e-08,0.0,2.1290730869235636e-19,1.2172256209948316e-23,1.4920882858911937e-23
1,lbfgs,1469,250.0,600.0,2.962515584248171e-07,2.386716430376186e-07,4.0549370828104585e-09,5.572011692121117e-08,1.78896589033597e-07,5.747303773651477e-08,0.0,2.1226142898230776e-19,1.221754381993832e-23,1.5039428496761583e-23
1,lbfgs,1479,250.0,600.0,2.9601528150477055e-07,2.384062946122221e-07,4.043901600178756e-09,5.5628707516003595e-08,1.7873368549603977e-07,5.750210924237228e-08,0.0,2.1133843596571626e-19,1.2309744455856149e-23,1.526974876548815e-23
1,lbfgs,1489,250.0,600.0,2.9582457934973847e-07,2.3833862824708084e-07,4.038774597095404e-09,5.56610217076762e-08,1.7863883194230924e-07,5.737907345043672e-08,0.0,2.1137260067659092e-19,1.2254699012293412e-23,1.5127675312703015e-23
1,lbfgs,1499,250.0,600.0,2.9559039629057616e-07,2.3828580169302146e-07,4.034042883117212e-09,5.5674500062099294e-08,1.7857725874780495e-07,5.719771694219877e-08,0.0,2.116090556282351e-19,1.2152805279321618e-23,1.487963565827976e-23
1,lbfgs,1509,250.0,600.0,2.954015593057543e-07,2.3809448041411444e-07,4.025885650342678e-09,5.5550683710098015e-08,1.7851791105367376e-07,5.72002012362743e-08,0.0,2.1096243431315367e-19,1.2194151361064925e-23,1.4991028699214182e-23
1,lbfgs,1519,250.0,600.0,2.9516945552191703e-07,2.3783226899406852e-07,4.015281053454568e-09,5.540844157833669e-08,1.7840854636227725e-07,5.723030887291634e-08,0.0,2.1002012936693537e-19,1.2276522169152087e-23,1.520304618146971e-23
1,lbfgs,1529,250.0,600.0,2.949823874661366e-07,2.3776734461510534e-07,4.010321003656514e-09,5.5460598621348384e-08,1.7829642499010044e-07,5.710816519408471e-08,0.0,2.10076253210201e-19,1.2224948350252742e-23,1.5067776376630713e-23
1,lbfgs,1539,250.0,600.0,2.947523467968286e-07,2.377176377296389e-07,4.0061395608776735e-09,5.552357521412939e-08,1.7818792295463185e-07,5.692783140717976e-08,0.0,2.1038854816222102e-19,1.2131342021051533e-23,1.483547814786402e-23
1,lbfgs,1549,250.0,600.0,2.9456695827548836e-07,2.3752902013263485e-07,3.998067238422475e-09,5.5384998740370544e-08,1.7814595415384183e-07,5.693106048281386e-08,0.0,2.0972517605156755e-19,1.2169988872178747e-23,1.494153590116194e-23
1,lbfgs,1559,250.0,600.0,2.943389723122495e-07,2.3726991815783752e-07,3.98757522000333e-09,5.520221616213691e-08,1.7808012677569729e-07,5.6962176494752316e-08,0.0,2.0872268817805844e-19,1.2245852262793981e-23,1.5140103240601823e-23
1,lbfgs,1569,250.0,600.0,2.9415517186383807e-07,2.3720747532854964e-07,3.982866396437828e-09,5.527064044665702e-08,1.779539684854548e-07,5.6840818873637724e-08,0.0,2.088163780065529e-19,1.2196551275264791e-23,1.5009923117482342e-23
1,lbfgs,1579,250.0,600.0,2.9392925639499035e-07,2.371607528750736e-07,3.979828754946323e-09,5.537527269234648e-08,1.7780565142778078e-07,5.666162585525589e-08,0.0,2.0927362377712552e-19,1.2107993603979313e-23,1.4789119926457263e-23
1,lbfgs,1589,250.0,600.0,2.9374693537499953e-07,2.3697462841947146e-07,3.971510354683939e-09,5.522435635527899e-08,1.7777876170950855e-07,5.666542929082342e-08,0.0,2.085590216208312e-19,1.2145110491163314e-23,1.4891270245076462e-23
1,lbfgs,1599,250.0,600.0,2.9352316186274194e-07,2.3671856835315955e-07,3.960618140243404e-09,5.5005419312915795e-08,1.7775253090000033e-07,5.669771584522027e-08,0.0,2.0741320199111773e-19,1.221779714876097e-23,1.5080303396996227e-23
1,lbfgs,1609,250.0,600.0,2.9334216611676505e-07,2.3665834586927046e-07,3.956275759155535e-09,5.508869303012169e-08,1.7761337707999324e-07,5.657694258115957e-08,0.0,2.0757563464165348e-19,1.2169528595651514e-23,1.4953848480046015e-23
1,lbfgs,1619,250.0,600.0,2.93120725656427e-07,2.36614720617006e-07,3.955634761988557e-09,5.523374905690554e-08,1.7742533679811191e-07,5.639912737011492e-08,0.0,2.0832763286680252e-19,1.2082389698214208e-23,1.47409596511527e-23
1,lbfgs,1629,250.0,600.0,2.929407984171014e-07,2.3643073718061012e-07,3.946348429469532e-09,5.507047658297692e-08,1.7741391216816365e-07,5.640318356713132e-08,0.0,2.0748642334635367e-19,1.2119338200510545e-23,1.4840389057474004e-23
1,lbfgs,1639,250.0,600.0,2.9272213342583507e-07,2.3617819511789063e-07,3.934255649144315e-09,5.481235067423751e-08,1.7743158879450882e-07,5.64370606389016e-08,0.0,2.0603409700907564e-19,1.219306776731095e-23,1.5023357574144827e-23
1,lbfgs,1649,250.0,600.0,2.925427982107195e-07,2.3611946975520286e-07,3.930348466483939e-09,5.491171669124815e-08,1.7727740459747077e-07,5.631645078451584e-08,0.0,2.0632232418194874e-19,1.2144202808042777e-23,1.489946107374141e-23
1,lbfgs,1659,250.0,600.0,2.9232787578020384e-07,2.3608000034641965e-07,3.934991098383909e-09,5.510594519727745e-08,1.7703906405075829e-07,5.6140997759841085e-08,0.0,2.0769961263764289e-19,1.2053310386073946e-23,1.469105622134114e-23
1,lbfgs,1669,250.0,600.0,2.9214819353744197e-07,2.3589696128096096e-07,3.922966876788877e-09,5.4926335174234574e-08,1.7704765922993751e-07,5.6144354582475716e-08,0.0,2.065590600378878e-19,1.209209642746572e-23,1.4788856382972365e-23
1,lbfgs,1679,250.0,600.0,2.919390732866051e-07,2.3565127874180565e-07,3.908835274932128e-09,5.461509972297493e-08,1.7712734374389858e-07,5.618091687109406e-08,0.0,2.045019527855673e-19,1.2173557784115755e-23,1.4969356449158305e-23
1,lbfgs,1689,250.0,600.0,2.917571383114449e-07,2.355909462978009e-07,3.904835479997503e-09,5.473527660021932e-08,1.769508342175841e-07,5.605931433799532e-08,0.0,2.0499951319758307e-19,1.212144544537485e-23,1.4846898119250818e-23
1,lbfgs,1699,250.0,600.0,2.915581558330806e-07,2.355612267885011e-07,3.922189580035747e-09,5.500630882664182e-08,1.766327283818235e-07,5.58900513660115e-08,0.0,2.0776953250290326e-19,1.2017940799967619e-23,1.4639035103718288e-23
1,lbfgs,1709,250.0,600.0,2.913700450653794e-07,2.3537369142344995e-07,3.902446279021555e-09,5.4797947619019716e-08,1.766732975254087e-07,5.588947596328884e-08,0.0,2.058988214273072e-19,1.206205797757303e-23,1.4736360262805978e-23
1,lbfgs,1719,250.0,600.0,2.9119925898245766e-07,2.352433102350154e-07,3.893339158337745e-09,5.471373738012609e-08,1.7663623369655158e-07,5.584907106804079e-08,0.0,2.0513417797170043e-19,1.2072301753727844e-23,1.4754783826953325e-23
1,lbfgs,1729,250.0,600.0,2.909878617548077e-07,2.3507511671179247e-07,3.8797714714896715e-09,5.4552485849143016e-08,1.7664285939115978e-07,5.580586736273546e-08,0.0,2.035184193600938e-19,1.210320178300618e-23,1.4796646069927413e-23
1,lbfgs,1739,250.0,600.0,2.90815274466225e-07,2.349744248920634e-07,3.876913684373685e-09,5.457831909911957e-08,1.7651919210857012e-07,5.5733971892639936e-08,0.0,2.0384030948935378e-19,1.2079694163295633e-23,1.4755343493446774e-23
1,lbfgs,1749,250.0,600.0,2.9061264768081067e-07,2.348649050885957e-07,3.8880945267610325e-09,5.469886746216895e-08,1.7627794309966573e-07,5.564086490894959e-08,0.0,2.0581610171047389e-19,1.2026415681888215e-23,1.4682141911549418e-23
1,lbfgs,1759,250.0,600.0,2.904349272979097e-07,2.3473030566077472e-07,3.873356040062161e-09,5.458843336769269e-08,1.7626851625301988e-07,5.5597743953107605e-08,0.0,2.044678648389755e-19,1.2042316361350048e-23,1.470172730251363e-23
1,lbfgs,1769,250.0,600.0,2.9026787394777786e-07,2.3461436900755257e-07,3.865394793187081e-09,5.452829150764105e-08,1.7622068270672444e-07,5.554662725526501e-08,0.0,2.0383739467415407e-19,1.2044974046280174e-23,1.469996602823537e-23
1,lbfgs,1779,250.0,600.0,2.90059019077605e-07,2.3446856930099716e-07,3.852868008074602e-09,5.440489092216693e-08,1.7621081037075563e-07,5.5483572090478853e-08,0.0,2.0244162390064122e-19,1.2061814585878757e-23,1.470686292300552e-23
1,lbfgs,1789,250.0,600.0,2.89890542187589e-07,2.3435882962404173e-07,3.8502067327232595e-09,5.440855756714606e-08,1.7610006532417242e-07,5.542483487635283e-08,0.0,2.026853181281329e-19,1.2046050103861155e-23,1.468582232894634e-23
1,lbfgs,1799,250.0,600.0,2.8968929711830015e-07,2.3423018090242977e-07,3.858546420162872e-09,5.4491700484419896e-08,1.75879933997847e-07,5.5352238527224774e-08,0.0,2.042985248223409e-19,1.2007148499325098e-23,1.4646967141226353e-23
1,lbfgs,1809,250.0,600.0,2.89516559777313e-07,2.3411087633572627e-07,3.846043272980167e-09,5.440706821901533e-08,1.7585776484373077e-07,5.5298805752012585e-08,0.0,2.0317372489946172e-19,1.2015381841507497e-23,1.4647069114475546e-23
1,lbfgs,1819,250.0,600.0,2.8935268671763626e-07,2.3400036774367517e-07,3.8388153124090884e-09,5.435411490523175e-08,1.7580743752603433e-07,5.524544128341456e-08,0.0,2.026169154721901e-19,1.2015874646877264e-23,1.464030099282565e-23
1,lbfgs,1829,250.0,600.0,2.8914660507376676e-07,2.338622437817162e-07,3.827281263814923e-09,5.424250873875467e-08,1.7579245377914664e-07,5.517748360026893e-08,0.0,2.0137052597827593e-19,1.2028217519893597e-23,1.463841151783133e-23
1,lbfgs,1839,250.0,600.0,2.889816221795262e-07,2.3375188582492498e-07,3.82467071832979e-09,5.424125475838877e-08,1.7568596034820642e-07,5.51228586617987e-08,0.0,2.015681596485887e-19,1.201483255438356e-23,1.4622494722061416e-23
1,lbfgs,1849,250.0,600.0,2.887821621232985e-07,2.3361879601826788e-07,3.831124043389925e-09,5.431310751607616e-08,1.7547456445880178e-07,5.505648841084767e-08,0.0,2.0294330422826617e-19,1.1980933235065255e-23,1.4592395461688802e-23
1,lbfgs,1859,250.0,600.0,2.8861365024057154e-07,2.3350577277744132e-07,3.820115498961452e-09,5.4237021937106644e-08,1.7544863534137323e-07,5.500099976798298e-08,0.0,2.0196014727990113e-19,1.1986779963072829e-23,1.45878282621943e-23
1,lbfgs,1869,250.0,600.0,2.884527191281282e-07,2.3339831943923743e-07,3.8134741156918194e-09,5.418727919367098e-08,1.7539756612987464e-07,5.494752199276484e-08,0.0,2.0145767989137807e-19,1.1986527151473721e-23,1.4579905074064463e-23
1,lbfgs,1879,250.0,600.0,2.8824934526154404e-07,2.3326398238855998e-07,3.802841528810093e-09,5.408166585769825e-08,1.7537947500205165e-07,5.487848517561241e-08,0.0,2.003325343670719e-19,1.1996935368362797e-23,1.4575870551400196e-23
1,lbfgs,1889,250.0,600.0,2.8808756476230603e-07,2.3315503751270904e-07,3.800256636112638e-09,5.407939219775423e-08,1.7527538867884216e-07,5.482564955121613e-08,0.0,2.0049566212652118e-19,1.1984527252437246e-23,1.456128866506503e-23
1,lbfgs,1899,250.0,600.0,2.878899691971699e-07,2.330212992673514e-07,3.805246853931118e-09,5.4145721688243176e-08,1.750703307251771e-07,5.4761792230073184e-08,0.0,2.0168324906052119e-19,1.1953117554917716e-23,1.4533506479451756e-23
1,lbfgs,1909,250.0,600.0,2.877252734930797e-07,2.329120747478755e-07,3.795426053285153e-09,5.407405640324979e-08,1.7504259229134057e-07,5.4706321044490915e-08,0.0,2.0081057180854435e-19,1.1957951489490337e-23,1.4527961040826608e-23
1,lbfgs,1919,250.0,600.0,2.875382116269907e-07,2.327937120340536e-07,3.782191602509521e-09,5.3904563142948776e-08,1.751069572885953e-07,5.4637621891021344e-08,0.0,1.9889503637975659e-19,1.1986191239417919e-23,1.4532996002165743e-23
1,lbfgs,1929,250.0,600.0,2.873663318827588e-07,2.3267528256632724e-07,3.7794725023405526e-09,5.3925711372406016e-08,1.7497009869158067e-07,5.4584171613498254e-08,0.0,1.9933351082781375e-19,1.1966527906033015e-23,1.4515315298343946e-23
1,lbfgs,1939,250.0,600.0,2.872075109201759e-07,2.3256815053816748e-07,3.776911243159443e-09,5.3923177070830986e-08,1.7486806222417705e-07,5.453248267806966e-08,0.0,1.9946789054312088e-19,1.1954715939504678e-23,1.4501139021856326e-23
1,lbfgs,1949,250.0,600.0,2.870118137194849e-07,2.3243482676311428e-07,3.78070770901556e-09,5.398513469661694e-08,1.7466898435748177e-07,5.4470109251070865e-08,0.0,2.0049779159509547e-19,1.1925078513979239e-23,1.4474121157579997e-23
1,lbfgs,1959,250.0,600.0,2.868505934051506e-07,2.3232855090042503e-07,3.771886674385662e-09,5.391687783316395e-08,1.7463978639287543e-07,5.441516479846152e-08,0.0,1.9971809804344408e-19,1.1929269670368334e-23,1.4468475094279692e-23
1,lbfgs,1969,250.0,600.0,2.86664012075299e-07,2.3221147606758187e-07,3.759614551248795e-09,5.3754572564432445e-08,1.7469728895190063e-07,5.4345658300258475e-08,0.0,1.9798322759417013e-19,1.1955265348794414e-23,1.447315289722563e-23
1,lbfgs,1979,250.0,600.0,2.864967455638528e-07,2.3209604816501221e-07,3.757116546836394e-09,5.377498613240837e-08,1.7456394548576745e-07,5.4293819690365e-08,0.0,1.983737025700914e-19,1.1936603395884209e-23,1.4455737509104957e-23
1,lbfgs,1989,250.0,600.0,2.8634066895268056e-07,2.319907298265745e-07,3.754581833705133e-09,5.377225015627948e-08,1.744638978365899e-07,5.424306141662714e-08,0.0,1.9848329682049667e-19,1.1925273218345287e-23,1.444175904767893e-23
1,lbfgs,1999,250.0,600.0,2.861468818147734e-07,2.318581735268475e-07,3.757389762030261e-09,5.38300221681165e-08,1.7427076159670074e-07,5.418183057708724e-08,0.0,1.993778411277863e-19,1.1897166687490289e-23,1.4415192330384046e-23
1,lbfgs,2009,250.0,600.0,2.859888398271123e-07,2.3175443341188034e-07,3.749426761774489e-09,5.3764876989502095e-08,1.7424012966060377e-07,5.412752870343394e-08,0.0,1.9867839587356976e-19,1.1900825610492581e-23,1.4409618080486494e-23
1,lbfgs,2019,250.0,600.0,2.8580295890884985e-07,2.3163842421919463e-07,3.7380561052836706e-09,5.36095756389601e-08,1.7429079247495088e-07,5.405765697667133e-08,0.0,1.9710528379524663e-19,1.1924829335828673e-23,1.4414160545340305e-23
1,lbfgs,2029,250.0,600.0,2.8563983277604003e-07,2.3152581998341315e-07,3.7357219532393206e-09,5.362918642804065e-08,1.7416091160213318e-07,5.400713507862586e-08,0.0,1.9745196614634966e-19,1.190704729075532e-23,1.439687541940712e-23
1,lbfgs,2039,250.0,600.0,2.854863081557599e-07,2.3142222566811054e-07,3.733217785469768e-09,5.362617436841802e-08,1.7406283351422274e-07,5.395720477264695e-08,0.0,1.975399977365102e-19,1.1896154523575084e-23,1.4383066535826534e-23
1,lbfgs,2049,250.0,600.0,2.8529442689103853e-07,2.3129059112700889e-07,3.735203963891943e-09,5.367979448413166e-08,1.7387559267898528e-07,5.3896958047669224e-08,0.0,1.983175196917329e-19,1.1869464574917535e-23,1.4356941082638595e-23
1,lbfgs,2059,250.0,600.0,2.8513930219959546e-07,2.3118910878403912e-07,3.727983611729497e-09,5.3617616056071425e-08,1.738435091162382e-07,5.384331569824106e-08,0.0,1.9768798195082703e-19,1.1872635077415102e-23,1.4351440227704593e-23
1,lbfgs,2069,250.0,600.0,2.8495429296578154e-07,2.3107409954290062e-07,3.7174504985084324e-09,5.34692758117189e-08,1.7388737323267328e-07,5.3773315704387145e-08,0.0,1.962600410344969e-19,1.1894777988265054e-23,1.435579031180264e-23
1,lbfgs,2079,250.0,600.0,2.847948987563618e-07,2.3096408066357083e-07,3.7152405339318725e-09,5.348790229696104e-08,1.737609378326779e-07,5.372394037328039e-08,0.0,1.9656684610022222e-19,1.187781901371114e-23,1.433866057417319e-23
1,lbfgs,2089,250.0,600.0,2.8464375380348793e-07,2.3086210778128335e-07,3.7127709987845992e-09,5.348453371980378e-08,1.7366480306269496e-07,5.3674768301694833e-08,0.0,1.9663609493362703e-19,1.1867337827056188e-23,1.4325033355843884e-23
1,lbfgs,2099,250.0,600.0,2.8445376185643255e-07,2.3073148418689368e-07,3.7140737425857487e-09,5.353404610135475e-08,1.7348336434295317e-07,5.361539994767373e-08,0.0,1.9731211795778687e-19,1.1841985390382573e-23,1.429940199756743e-23
1,lbfgs,2109,250.0,600.0,2.8430132466484983e-07,2.3063203616461743e-07,3.7074997233057465e-09,5.3474714071085224e-08,1.7344982237022645e-07,5.356241077741631e-08,0.0,1.9674377536697183e-19,1.1844694004485762e-23,1.4293941104340752e-23
1,lbfgs,2119,250.0,600.0,2.841173192595163e-07,2.3051799203452922e-07,3.69774099255081e-09,5.333326075008845e-08,1.7348699029188995e-07,5.349244950099821e-08,0.0,1.9544622308847607e-19,1.1865075069364849e-23,1.4297993795353376e-23
1,lbfgs,2129,250.0,600.0,2.8396130291658295e-07,2.3041033182330088e-07,3.6956269091756095e-09,5.3350739092050364e-08,1.733639658220749e-07,5.3444093368277404e-08,0.0,1.9571684558990227e-19,1.184889878285862e-23,1.428107328717884e-23
1,lbfgs,2139,250.0,600.0,2.838123827649584e-07,2.303098820392836e-07,3.693195875719657e-09,5.3346948174582667e-08,1.7326973798898128e-07,5.339562299967327e-08,0.0,1.9576974823699746e-19,1.1838808463909465e-23,1.426764608700577e-23
1,lbfgs,2149,250.0,600.0,2.836242547596141e-07,2.3018032888840933e-07,3.693930761381661e-09,5.339243154906562e-08,1.7309396657796206e-07,5.333704814385132e-08,0.0,1.963575573018491e-19,1.181472381117054e-23,1.4242563948733576e-23
2,adam,0,600.0,1090.0,0.023696393769303176,0.017772295257948854,0.00027738949366372005,0.004375799072822783,0.01311910669146235,0.005924098419316285,0.0,1.0522634398421618e-14,4.559598849849944e-23,4.2242866222687406e-22
2,adam,24,600.0,1090.0,0.015025738204262888,0.012125665527350348,1.7203414685338722e-05,0.0008863448911520825,0.011222117221512926,0.002900072581553228,0.0,3.361247021237108e-16,6.574172611159052e-24,1.752880175536491e-22
2,adam,49,600.0,1090.0,0.00820424092417895,0.006158700006136339,1.3583930137637505e-06,0.002831672062539579,0.003325669550582997,0.0020455408157152434,0.0,3.4968674979327607e-17,3.0264375996290687e-24,2.38296127374823e-23
2,adam,74,600.0,1090.0,0.002868494629644221,0.0022539040102591747,6.886518608422137e-07,0.00021405488120695005,0.0020391604771913827,0.0006145905114445807,0.0,1.2614249871681197e-17,7.312393382765086e-25,8.596297809563306e-24
2,adam,99,600.0,1090.0,0.002450602358880691,0.0017786682208660294,8.487877997114634e-08,0.0012525344549782274,0.0005260488871078309,0.000671934026977003,0.0,2.3384015382568005e-18,4.461487719549668e-25,3.049150243270951e-24
2,adam,124,600.0,1090.0,0.0005993037864098729,0.0004774234130494525,7.946469994191867e-07,4.573475699584872e-05,0.00043089400905418456,0.00012188026047937885,0.0,1.9797596099613154e-17,1.3521730437853158e-25,1.5062543869550842e-24
2,adam,149,600.0,1090.0,0.00031070026214719237,0.00024742497559300286,1.2287011899906852e-07,2.0653291306294537e-05,0.00022664881416770927,6.327517247772266e-05,0.0,2.7509442553689096e-18,6.237379630950343e-26,7.297512747069191e-25
2,adam,174,600.0,1090.0,0.0006016808674370451,0.000417082739149081,1.6689942534974993e-06,0.000360808321713247,5.460542318233657e-05,0.00018459801346341922,0.0,4.103871496444821e-17,5.798532447277126e-26,3.280234365746246e-25
2,adam,199,600.0,1090.0,0.00066315022948989,0.0004616443924589707,5.731302890825e-07,0.0003055090655961581,0.0001555621965737301,0.0002015057217006643,0.0,1.4647662798315723e-17,1.1986215882017429e-26,2.521728875556923e-25
2,adam,224,600.0,1090.0,0.00022448694668648485,0.00016438555558290414,3.0546869811268173e-07,7.918454751743853e-05,8.489553936735292e-05,6.0101275693069e-05,0.0,6.7951815429688125e-18,9.571672630926316e-27,1.650321385846483e-25
2,adam,249,600.0,1090.0,0.00011125187863076685,8.176944310809154e-05,1.8990330415265685e-07,4.551027451616016e-05,3.606926528777872e-05,2.948231956280363e-05,0.0,5.142431222635998e-18,3.821769515778655e-27,6.858727973437978e-26
2,adam,274,600.0,1090.0,2.6943730088832383e-05,2.0457754665817458e-05,3.770910460956089e-07,7.069511090952579e-06,1.3011152528769271e-05,6.485859409918571e-06,0.0,8.464767926798369e-18,5.416989374156447e-27,4.9668654690359965e-26
2,adam,299,600.0,1090.0,9.942596636001792e-05,6.67603655248078e-05,8.11993335806837e-07,5.852353072340439e-05,7.424841465596573e-06,3.266548467512443e-05,0.0,1.9616602253641855e-17,5.883257173995476e-27,2.8974031899667973e-26
2,adam,324,600.0,1090.0,0.004159145605514349,0.002814549884196957,4.146212854570032e-06,0.002526360702446685,0.00028404296889570187,0.0013445956049432572,0.0,1.0430452793993806e-16,5.214067655021425e-26,6.1980124712009075e-27
2,adam,349,600.0,1090.0,0.00022950396144042805,0.00016055393040816454,3.200984594039238e-07,0.00012339567093459005,3.683816101417056e-05,6.89499149607096e-05,0.0,8.392638573884734e-18,2.1710467111111956e-27,4.5507578470558446e-26
2,adam,374,600.0,1090.0,4.0033535216386335e-05,2.9246228214915557e-05,3.3638478917907384e-08,2.1278996367962893e-05,7.933593368034759e-06,1.0787190734004066e-05,0.0,6.662636955314071e-19,7.877520230606601e-28,1.5135058118954124e-26
2,adam,399,600.0,1090.0,0.0019022771026909015,0.0012828242492698306,1.93064275744918e-06,0.0011575956370130783,0.0001232979694993032,0.000619452737113673,0.0,4.615863142389479e-17,2.432423406468801e-26,3.617641671227858e-27
2,adam,424,600.0,1090.0,1.4846982920796267e-05,1.1759771684054744e-05,2.814113311754684e-07,3.2566028396761975e-06,8.221757513203079e-06,3.0870952373038756e-06,0.0,5.818421923920161e-18,1.7338860886044843e-27,2.255964195208126e-26
2,adam,449,600.0,1090.0,3.6428456062037044e-05,2.3597805992723732e-05,1.4391952031337542e-07,1.9985277311125068e-05,3.4686091612852873e-06,1.283053391003762e-05,0.0,3.437607164110154e-18,1.3620442156034698e-27,5.507042313425654e-27
2,adam,474,600.0,1090.0,0.0008069845638460957,0.0005447756122562483,1.6205547860772654e-06,0.0005035038940410137,3.9651163429157316e-05,0.00026220883563229214,0.0,3.6113019936085683e-17,1.3174523046816404e-26,1.1081468390291109e-26
2,adam,499,600.0,1090.0,8.999333863734973e-05,5.966144302291865e-05,6.818561017447351e-08,5.427670316813283e-05,5.316554244611341e-06,3.033177968303659e-05,0.0,1.5155980745121432e-18,2.8742382711076763e-27,9.111791074183101e-27
2,adam,524,600.0,1090.0,0.001980160006270497,0.0013403713718438792,4.442280772909748e-07,0.0011990944317323438,0.00014083271203424425,0.0006397885183728677,0.0,1.0521912468193087e-17,1.988573725538617e-26,2.258107022428394e-27
2,adam,549,600.0,1090.0,0.0001854520191873902,0.00012464723251238286,3.898082465835183e-07,0.0001166006449839243,7.656779281875014e-06,6.080467096200491e-05,0.0,1.0239934444447245e-17,5.7068545339087736e-27,1.6247801156619162e-26
2,adam,574,600.0,1090.0,7.208703482614809e-05,5.067332836013463e-05,1.828760029905939e-07,4.512131817610052e-05,5.369134181043519e-06,2.1413590590315415e-05,0.0,4.2953696866816296e-18,4.33718988434857e-28,5.336632605477205e-27
2,adam,599,600.0,1090.0,2.3006088912617245e-05,1.661101822688444e-05,6.494082239985726e-07,9.871153722322907e-06,6.090456280562959e-06,6.3949551165922175e-06,0.0,1.2629052736292172e-17,3.635424128595216e-27,2.830026155993609e-26
2,adam,624,600.0,1090.0,4.8794354324924694e-05,3.45890900828369e-05,2.1729484983424473e-07,2.96909754808767e-05,4.680819752125953e-06,1.420514857908199e-05,0.0,5.2353934664120876e-18,3.6889729910463957e-28,6.859739053160679e-27
2,adam,649,600.0,1090.0,0.0007718094691509875,0.0005268446901959853,1.1285262304625981e-07,0.00048433918631833877,4.239265125460021e-05,0.0002449646631827684,0.0,2.5989994675959872e-18,5.258569068411712e-27,9.025548424077111e-27
2,adam,674,600.0,1090.0,0.00024117514428029333,0.00016636558372402368,3.716011531538707e-07,0.00012685305676139898,3.914092580947082e-05,7.480944548276604e-05,0.0,8.316328260749419e-18,2.1335230654713044e-27,4.578902938929622e-26
2,adam,699,600.0,1090.0,4.4827495738518015e-05,3.1613321901992716e-05,1.224367359916942e-06,2.7439312837507804e-05,2.9496417045679692e-06,1.3214058622719234e-05,0.0,2.817585625181808e-17,2.7349105392292077e-28,3.77123979201344e-27
2,adam,724,600.0,1090.0,0.00027914439251409035,0.00019198070960767163,3.9456845922483535e-07,0.00017496793184224166,1.6618209306205122e-05,8.716356762024271e-05,0.0,9.462931049753931e-18,1.6975453878867286e-27,6.544519130698697e-27
2,adam,749,600.0,1090.0,3.831369966648079e-06,2.914932812947726e-06,3.9892057233314894e-08,4.0404713958924966e-07,2.4709936161251613e-06,9.163219527510289e-07,0.0,7.630262282347505e-19,1.0621121374327928e-27,1.0310075237994513e-26
2,adam,774,600.0,1090.0,0.00027224709068307356,0.0001866284177477318,3.778569242391343e-07,0.0001534131511924129,3.2837409631079746e-05,8.561855782840732e-05,0.0,9.886220507336598e-18,1.5648555482820103e-27,2.7486417219812293e-26
2,adam,799,600.0,1090.0,0.00013840210644229523,9.539994520061997e-05,1.6485486485179943e-07,8.397090047226438e-05,1.1264189863503809e-05,4.300204617317829e-05,0.0,3.969549677757809e-18,7.519520183252944e-28,8.392422171631225e-27
2,adam,824,600.0,1090.0,0.000264209249426241,0.000179990869551328,1.515562243264126e-06,0.0001625348354698968,1.5940471838167065e-05,8.421826472248163e-05,0.0,3.6373489575822885e-17,1.7324265022994247e-27,5.6539997121088836e-27
2,adam,849,600.0,1090.0,0.00010472289156533854,7.192323861462541e-05,2.005243531365274e-08,6.266453358660812e-05,9.238652592703645e-06,3.279953781721995e-05,0.0,4.1377597424143934e-19,6.419698080577755e-28,7.08180679000224e-27
2,adam,874,600.0,1090.0,0.0003134312237392769,0.000212486560155544,3.5812455945980167e-07,0.00016901401431342842,4.3114421282655775e-05,0.0001009445486904267,0.0,9.264653863152484e-18,2.0972325038425536e-27,3.666965708424405e-26
2,adam,899,600.0,1090.0,0.0001447076244479088,9.585860556296448e-05,1.47009391331948e-07,8.318339318288575e-05,1.2528202988746779e-05,4.8848903843447586e-05,0.0,3.596026587788142e-18,1.5604820520485258e-27,1.8945764482246664e-28
2,adam,924,600.0,1090.0,3.770152769673183e-05,2.675721823410904e-05,4.821468696993586e-07,2.072200435525914e-05,5.55306700915054e-06,1.0944194894134565e-05,0.0,1.1769159675870328e-17,4.37038606305915e-27,2.8510168780021717e-26
2,adam,949,600.0,1090.0,1.8896820921770963e-06,1.4512795781161138e-06,1.5820824243368107e-07,3.561261148845629e-07,9.369452207978699e-07,4.3828782792893716e-07,0.0,3.886966811819005e-18,2.026771132377609e-28,2.2223638897666793e-27
2,adam,974,600.0,1090.0,3.3873589857330237e-06,2.6401830994237773e-06,4.3106982313059894e-08,2.045316402946891e-06,5.517597141638264e-07,7.470610923514793e-07,0.0,9.631055321672478e-19,8.961258180860198e-29,1.1875093253523683e-27
2,adam,999,600.0,1090.0,0.000758363570268196,0.0005112860773630863,2.7314248282581363e-07,0.0003846149865090281,0.0001263979483712324,0.0002470773785094216,0.0,7.152729376207134e-18,5.704708725912169e-27,1.09553871960231e-25
2,adam,1024,600.0,1090.0,0.0002806050679333864,0.0001895002307481851,2.3625946631918398e-07,0.00017498209522117352,1.4281876060692408e-05,9.110472269515509e-05,0.0,5.7699179521685716e-18,2.0845533659380098e-27,2.9022039954410495e-27
2,adam,1049,600.0,1090.0,2.027471814574925e-05,1.3146840544846044e-05,3.698955867543384e-08,1.1405818006139906e-05,1.7040329800307046e-06,7.127763076839293e-06,0.0,7.960309250233932e-19,5.427990748201473e-28,1.3053876620096008e-27
2,adam,1074,600.0,1090.0,4.6975021843542244e-05,3.05504144818556e-05,1.2629639189118538e-07,2.6252875671026134e-05,4.171242418938281e-06,1.6424492725757538e-05,0.0,2.9460582794593207e-18,5.026209215466977e-28,9.522916285685485e-29
2,adam,1099,600.0,1090.0,9.563893183523366e-05,6.585010152342429e-05,1.9419838646173512e-08,3.8628901527637465e-05,2.7201780157140644e-05,2.9788716124498253e-05,0.0,4.918275572105709e-19,2.352937155784346e-27,4.0556808081260054e-26
2,adam,1124,600.0,1090.0,0.00038000239760852564,0.0002532013130575299,1.6576581466145072e-07,0.00022585251862227646,2.7183028620592005e-05,0.00012680097021633546,0.0,4.096191847726016e-18,3.930053470873789e-27,4.746228895364346e-28
2,adam,1149,600.0,1090.0,9.534725207251441e-05,6.511075089083587e-05,2.8294914838093734e-08,5.8579717132678655e-05,6.502738843319122e-06,3.023638680968561e-05,0.0,7.370297347769914e-19,6.147369094211761e-28,2.8835642516291168e-27
2,adam,1174,600.0,1090.0,8.73308231332757e-06,6.737809361076212e-06,2.9261671500230562e-08,4.7098005582350405e-07,6.237567633752478e-06,1.9951587468508434e-06,0.0,7.630927845484125e-19,1.668152568593363e-27,1.791436372327889e-26
2,adam,1199,600.0,1090.0,0.0005521375198089488,0.00037191878011963203,4.049987325198786e-06,0.0003272681548343866,4.06006379600467e-05,0.00018021862538932364,0.0,1.0365210708382123e-16,3.393443274203482e-27,1.16902929452683e-26
2,adam,1224,600.0,1090.0,0.00025098186544717546,0.00017115127968283616,8.787256536276562e-08,0.00015372180995040945,1.734159716706393e-05,7.98304715358523e-05,0.0,2.0308139808761833e-18,1.546073269170826e-27,5.667238961261311e-27
2,adam,1249,600.0,1090.0,3.383012779642223e-05,2.3394306087321986e-05,3.570806379160274e-08,1.777926929745988e-05,5.579328726070503e-06,1.0435707742784243e-05,0.0,7.017605580292297e-19,3.644186599823259e-28,7.029002900187943e-27
2,adam,1274,600.0,1090.0,1.790510027248282e-05,1.299350663901429e-05,1.8233275605541776e-08,1.0055078422345379e-05,2.920194941063368e-06,4.911479796580116e-06,0.0,4.48628421557538e-19,1.876737796983935e-27,1.1424958826377808e-26
2,adam,1299,600.0,1090.0,9.739942897596582e-06,7.145165537601386e-06,2.1976450805882344e-09,5.837158412590406e-06,1.3058094799303922e-06,2.594663382794507e-06,0.0,4.7365471858483415e-20,9.05231339152689e-29,1.5283175984599917e-27
2,adam,1324,600.0,1090.0,0.0004979695880700488,0.0003358272774340966,6.027816235256551e-09,0.0003033362700348056,3.248497958305578e-05,0.00016214219660346072,0.0,1.535265991797102e-19,5.103333632777608e-27,5.55600777008956e-28
2,adam,1349,600.0,1090.0,0.00026911443409098943,0.00018325003559277334,1.443510740523679e-07,0.00016698130209670179,1.6124382422019182e-05,8.586428456117302e-05,0.0,3.3237675590408478e-18,1.8902322988681705e-27,3.308774442412441e-27
2,adam,1374,600.0,1090.0,4.507285867444751e-05,3.131593391789157e-05,1.3767816161386368e-07,2.768161065551163e-05,3.496645100766076e-06,1.3756810786151964e-05,0.0,3.3811245277857307e-18,2.71293600986252e-28,1.7041131753647275e-27
2,adam,1399,600.0,1090.0,8.107230386851568e-05,5.702119123404861e-05,2.1161029946444527e-06,2.765952563485744e-05,2.7245562604546715e-05,2.4050998914577752e-05,0.0,4.985097978852597e-17,2.2719184102901078e-27,4.0172428667837934e-26
2,lbfgs,1400,600.0,1090.0,1.5147133363747968e-05,1.2132890966705502e-05,4.208247073172117e-07,1.36328419431754e-06,1.034878206507075e-05,3.0141286652032483e-06,0.0,1.0373916796915252e-17,2.9721685443347963e-27,2.932336082285615e-26
2,lbfgs,1409,600.0,1090.0,9.983855438092584e-06,8.066788253900499e-06,1.0241043326726567e-06,7.831358561461598e-07,6.259548065081682e-06,1.916953451657033e-06,0.0,2.444857014166802e-17,1.7783912375689458e-27,1.7448623019058962e-26
2,lbfgs,1419,600.0,1090.0,8.220345145622703e-07,5.912347511631703e-07,4.513757152312963e-09,5.118522898169323e-08,5.355357650291641e-07,2.3068602874978973e-07,0.0,1.139068383779442e-19,2.4650170457479377e-29,1.937259207655145e-28
2,lbfgs,1429,600.0,1090.0,8.085535583193117e-07,5.982465527863546e-07,3.7104735434438022e-09,5.026223994684852e-08,5.442738392960623e-07,2.1019327093187381e-07,0.0,8.931957729353336e-20,3.4290423284915426e-29,2.7928698814271313e-28
2,lbfgs,1439,600.0,1090.0,7.468944013509508e-07,5.294354092538067e-07,2.5861553701377268e-09,7.748793967582597e-08,4.4936131420784304e-07,2.1734525736730099e-07,0.0,6.389357888116574e-20,3.3571774707913705e-29,1.760865023406102e-28
2,lbfgs,1449,600.0,1090.0,7.466976334223673e-07,5.290672751883933e-07,2.5837087657431293e-09,7.733648928678749e-08,4.4914707713586266e-07,2.1751662350212665e-07,0.0,6.386348357854207e-20,3.340534104261847e-29,1.7498159222692114e-28
2,lbfgs,1459,600.0,1090.0,7.464471492261599e-07,5.284731915538365e-07,2.5806962862740164e-09,7.692546507783673e-08,4.4896703018972575e-07,2.1786022293767667e-07,0.0,6.384211368655132e-20,3.309553670488237e-29,1.7312023088189696e-28
2,lbfgs,1469,600.0,1090.0,7.462510404997495e-07,5.285932694904482e-07,2.581616606417671e-09,7.70464679434285e-08,4.4896518494060206e-07,2.1754403627415175e-07,0.0,6.383308888450628e-20,3.32451271783273e-29,1.7411061899221978e-28
2,lbfgs,1479,600.0,1090.0,7.460010391728714e-07,5.288652389051501e-07,2.5845225155172276e-09,7.739425392470854e-08,4.488864624649244e-07,2.1702206553209685e-07,0.0,6.3848468827316e-20,3.352740318169054e-29,1.758166166689237e-28
2,lbfgs,1489,600.0,1090.0,7.45805540833127e-07,5.285092432080731e-07,2.5819460965582617e-09,7.728088853072544e-08,4.486464085807894e-07,2.171825628874199e-07,0.0,6.381639224719994e-20,3.3371990856947805e-29,1.7474284883130715e-28
2,lbfgs,1499,600.0,1090.0,7.455560433077029e-07,5.27944681140572e-07,2.5787412472170548e-09,7.696632642653328e-08,4.483996134668217e-07,2.1749762742668472e-07,0.0,6.379367633931498e-20,3.3090124201581114e-29,1.7296109150913686e-28
2,lbfgs,1509,600.0,1090.0,7.453611155854961e-07,5.280553096041638e-07,2.579707583505972e-09,7.705374115645007e-08,4.484218608642077e-07,2.1719207124038946e-07,0.0,6.378459278942099e-20,3.3230075811954924e-29,1.7392388558738753e-28
2,lbfgs,1519,600.0,1090.0,7.451121367158167e-07,5.283017993850558e-07,2.5828948436405083e-09,7.731578177337385e-08,4.4840312276804153e-07,2.166966025893554e-07,0.0,6.380346273565148e-20,3.3487523828841145e-29,1.7555696464448273e-28
2,lbfgs,1529,600.0,1090.0,7.449177468390492e-07,5.279556181102917e-07,2.5801878582513108e-09,7.723193345536775e-08,4.481434967966727e-07,2.1684839398534e-07,0.0,6.376939129936576e-20,3.3340767043747535e-29,1.7450944250091484e-28
2,lbfgs,1539,600.0,1090.0,7.446692969410434e-07,5.274150064304336e-07,2.5767937547874907e-09,7.699238239054891e-08,4.4784583028509725e-07,2.1714055576437426e-07,0.0,6.374550300471542e-20,3.308076149391949e-29,1.7279506484470997e-28
2,lbfgs,1549,600.0,1090.0,7.444754174694868e-07,5.275180643036111e-07,2.5778035322577363e-09,7.705356602393993e-08,4.4788669474741345e-07,2.1684361841914718e-07,0.0,6.373624539831267e-20,3.321321364545423e-29,1.7373452958447537e-28
2,lbfgs,1559,600.0,1090.0,7.442275037420042e-07,5.277442597105769e-07,2.5812889254179793e-09,7.724872242627663e-08,4.479142483588823e-07,2.1636950928424246e-07,0.0,6.375877085237951e-20,3.345152883974715e-29,1.7530575123133063e-28
2,lbfgs,1569,600.0,1090.0,7.440341110897439e-07,5.274059764327486e-07,2.578440138868128e-09,7.718785423551049e-08,4.4763968205837e-07,2.16514399907798e-07,0.0,6.372254072895149e-20,3.331137686310949e-29,1.7428050966353473e-28
2,lbfgs,1579,600.0,1090.0,7.437867390558531e-07,5.268845124809913e-07,2.574845243082431e-09,7.700702377121003e-08,4.473026434666988e-07,2.1678849182284534e-07,0.0,6.369762419731512e-20,3.3067771556485157e-29,1.7262334447761079e-28
2,lbfgs,1589,600.0,1090.0,7.435938120236619e-07,5.269816736131095e-07,2.5758985811738835e-09,7.704752859398997e-08,4.4735824643794557e-07,2.164984036580454e-07,0.0,6.368801256756646e-20,3.31947042086723e-29,1.7354312919363606e-28
2,lbfgs,1599,600.0,1090.0,7.433469874602742e-07,5.271923324278123e-07,2.5797316778582914e-09,7.718981496111199e-08,4.4742278578884206e-07,2.1604092027950152e-07,0.0,6.371474248272917e-20,3.3419407098545426e-29,1.7506237676178133e-28
2,lbfgs,1609,600.0,1090.0,7.431545053946342e-07,5.268601380479845e-07,2.5767125254098794e-09,7.714713555239656e-08,4.471362899701781e-07,2.1618063259167717e-07,0.0,6.367593540970474e-20,3.3283797786837604e-29,1.7405572852980137e-28
2,lbfgs,1619,600.0,1090.0,7.429082373828573e-07,5.263529464735134e-07,2.5728831658847998e-09,7.701335212133458e-08,4.4676671118629405e-07,2.1644155615155199e-07,0.0,6.365014196523099e-20,3.305073932934656e-29,1.7244567994733941e-28
2,lbfgs,1629,600.0,1090.0,7.427161773514466e-07,5.264460014995964e-07,2.573983401963345e-09,7.703706578052777e-08,4.468349523171053e-07,2.1615644109356996e-07,0.0,6.363985110249367e-20,3.317437624292036e-29,1.7334960629833854e-28
2,lbfgs,1639,600.0,1090.0,7.424704839710238e-07,5.266465777315589e-07,2.5782732936306496e-09,7.713590120688353e-08,4.4693240323104473e-07,2.1571017148073657e-07,0.0,6.367204698293872e-20,3.339212078013365e-29,1.7482811919613607e-28
2,lbfgs,1649,600.0,1090.0,7.422788156396185e-07,5.263182998310792e-07,2.5750224626204084e-09,7.710831664115222e-08,4.4663496072730655e-07,2.1584678104779787e-07,0.0,6.362975128114653e-20,3.3258444771536606e-29,1.7383562085202166e-28
2,lbfgs,1659,600.0,1090.0,7.420337351721414e-07,5.258190230567166e-07,2.5708874879506267e-09,7.701473626751854e-08,4.462333993012474e-07,2.1610097735185776e-07,0.0,6.360333579539853e-20,3.3027945462822006e-29,1.722593399760689e-28
2,lbfgs,1669,600.0,1090.0,7.418424108058194e-07,5.259104357116801e-07,2.5720414042826347e-09,7.702371204593588e-08,4.463146822614616e-07,2.1581824033008914e-07,0.0,6.359170163901932e-20,3.3151471009727346e-29,1.7315276371755685e-28
2,lbfgs,1679,600.0,1090.0,7.415980245808237e-07,5.261091499676036e-07,2.577016180508789e-09,7.708328780811501e-08,4.4644884597897985e-07,2.1537513984873814e-07,0.0,6.363210536954846e-20,3.337244700026337e-29,1.7460769278508386e-28
2,lbfgs,1689,600.0,1090.0,7.414069587615221e-07,5.257813549271059e-07,2.573404676086624e-09,7.706969167727966e-08,4.4613825857373954e-07,2.1551186906791505e-07,0.0,6.358435255998107e-20,3.323654502352386e-29,1.7362224454639597e-28
2,lbfgs,1699,600.0,1090.0,7.411634381618886e-07,5.252795353108373e-07,2.56882809092826e-09,7.701583088275395e-08,4.456948763371551e-07,2.157701680816994e-07,0.0,6.355799216517324e-20,3.299514312235358e-29,1.7205683969445076e-28
2,lbfgs,1709,600.0,1090.0,7.409724661226084e-07,5.25373457936513e-07,2.570041838544963e-09,7.700952908578232e-08,4.457938870121857e-07,2.1548527341627396e-07,0.0,6.354349614705541e-20,3.312409457564134e-29,1.7294926722597029e-28
2,lbfgs,1719,600.0,1090.0,7.407301697945961e-07,5.255855617925912e-07,2.5761839122009844e-09,7.702674614721951e-08,4.459826317331707e-07,2.150308732317984e-07,0.0,6.35982074276896e-20,3.336677341361474e-29,1.744125948154855e-28
2,lbfgs,1729,600.0,1090.0,7.405389613051467e-07,5.252516156333876e-07,2.5719324989236083e-09,7.702880351655614e-08,4.456508796179079e-07,2.1517361089951403e-07,0.0,6.354055952790552e-20,3.322093757403726e-29,1.7342068285584945e-28
2,lbfgs,1739,600.0,1090.0,7.402986365629753e-07,5.247277438326704e-07,2.5666774519337565e-09,7.702478245716059e-08,4.45136283923576e-07,2.1545715795513779e-07,0.0,6.351652398369472e-20,3.2942988721210913e-29,1.7182113517466775e-28
2,lbfgs,1749,600.0,1090.0,7.401065175802202e-07,5.248317814652346e-07,2.5679291361275946e-09,7.699796894290852e-08,4.4526588338619844e-07,2.1516100133938245e-07,0.0,6.349526036427992e-20,3.308806452788416e-29,1.7273148954242077e-28
2,lbfgs,1759,600.0,1090.0,7.398697178799477e-07,5.250890335774298e-07,2.5763008606195752e-09,7.695816190376465e-08,4.4555457081304556e-07,2.1466694952664538e-07,0.0,6.357872634512194e-20,3.3388873671105185e-29,1.7426814338088324e-28
2,lbfgs,1769,600.0,1090.0,7.396753008976795e-07,5.247344702633449e-07,2.570769495523517e-09,7.698158417808989e-08,4.451821165897315e-07,2.1482709585637463e-07,0.0,6.350038627832874e-20,3.321775166862834e-29,1.7324217552527727e-28
2,lbfgs,1779,600.0,1090.0,7.394452516349481e-07,5.241512210266904e-07,2.5645109283239965e-09,7.70587739953452e-08,4.4452793610302123e-07,2.1518029582720185e-07,0.0,6.348709085982879e-20,3.285171267671952e-29,1.715156107555636e-28
2,lbfgs,1789,600.0,1090.0,7.39245669003995e-07,5.242787774474567e-07,2.5656155994114353e-09,7.699581082691037e-08,4.447173510211349e-07,2.1485315677512364e-07,0.0,6.344768471634468e-20,3.303450859394194e-29,1.7248300853336684e-28
2,lbfgs,1799,600.0,1090.0,7.390568556192834e-07,5.242332302950592e-07,2.5663017086347426e-09,7.697340973930236e-08,4.4469351884712215e-07,2.147098905417924e-07,0.0,6.343966269590868e-20,3.309001492324159e-29,1.7269584292795963e-28
2,lbfgs,1809,600.0,1090.0,7.388183772852007e-07,5.242423933556983e-07,2.5703071677768777e-09,7.692113342489602e-08,4.447509527630254e-07,2.144622491458838e-07,0.0,6.346932060847751e-20,3.323991409149259e-29,1.7311065240016629e-28
2,lbfgs,1819,600.0,1090.0,7.386276368109068e-07,5.240417337583847e-07,2.5676595999756305e-09,7.693764020351494e-08,4.4453643395489414e-07,2.1447216826739998e-07,0.0,6.343349686582571e-20,3.3159200410712726e-29,1.7278481966668318e-28
2,lbfgs,1829,600.0,1090.0,7.38395005436701e-07,5.237022422294782e-07,2.563028262595123e-09,7.701807954538197e-08,4.441211344215011e-07,2.1457902841992696e-07,0.0,6.340481681274429e-20,3.2944902129330833e-29,1.7216926393884636e-28
2,lbfgs,1839,600.0,1090.0,7.381998733618598e-07,5.236816845871043e-07,2.563988798311383e-09,7.696545957161196e-08,4.4415223621718097e-07,2.144044539865186e-07,0.0,6.339061920519213e-20,3.3037194341332295e-29,1.7244407596896613e-28
2,lbfgs,1849,600.0,1090.0,7.379788416072394e-07,5.238056020845542e-07,2.5715791901385302e-09,7.683732280582285e-08,4.4439670008859274e-07,2.1405950473352172e-07,0.0,6.346419360483748e-20,3.33144910390454e-29,1.7307633902418662e-28
2,lbfgs,1859,600.0,1090.0,7.377742139623279e-07,5.235515117851618e-07,2.5669569278484285e-09,7.688066306218084e-08,4.441038917951325e-07,2.141089673863898e-07,0.0,6.339840268335203e-20,3.3179587540558513e-29,1.7265709540371975e-28
2,lbfgs,1869,600.0,1090.0,7.375851238677323e-07,5.233886616027853e-07,2.565119971733817e-09,7.6897005451049e-08,4.439265361800024e-07,2.140827274728052e-07,0.0,6.337301411062043e-20,3.3122674381965364e-29,1.7249609335534807e-28
2,lbfgs,1879,600.0,1090.0,7.373520160020275e-07,5.231076593222305e-07,2.5613293743541474e-09,7.698019994992999e-08,4.435661299979463e-07,2.141306218856898e-07,0.0,6.334359550512826e-20,3.2950997470575117e-29,1.7213141180916373e-28
2,lbfgs,1889,600.0,1090.0,7.371591915763951e-07,5.230513663785597e-07,2.5620744090107826e-09,7.693002249543137e-08,4.435592694741175e-07,2.1399409040264983e-07,0.0,6.333419597844888e-20,3.30184200949902e-29,1.7224180611449247e-28
2,lbfgs,1899,600.0,1090.0,7.369361068508252e-07,5.231125848986938e-07,2.5677139621828518e-09,7.680131911022177e-08,4.437435518262892e-07,2.137097871558074e-07,0.0,6.338384047849607e-20,3.3248506283539006e-29,1.726199757037681e-28
2,lbfgs,1909,600.0,1090.0,7.367351581386304e-07,5.22899203605736e-07,2.564282327375462e-09,7.684179282638244e-08,4.434931284519781e-07,2.137222197351008e-07,0.0,6.333604330879717e-20,3.314062833684239e-29,1.7236806905725862e-28
2,lbfgs,1919,600.0,1090.0,7.365474648366463e-07,5.227464740162463e-07,2.5627641437939174e-09,7.685782533445846e-08,4.4332588453799397e-07,2.1368725602127387e-07,0.0,6.331445099357382e-20,3.3091304020092195e-29,1.7224478522685941e-28
2,lbfgs,1929,600.0,1090.0,7.363141901070956e-07,5.224809151901063e-07,2.5594283608466957e-09,7.69389159716583e-08,4.4298257085760124e-07,2.1371954011594614e-07,0.0,6.328557263721071e-20,3.293617776226255e-29,1.7193427052203178e-28
2,lbfgs,1939,600.0,1090.0,7.361233241227384e-07,5.224158778625194e-07,2.56005055689891e-09,7.689080863721606e-08,4.429650186684045e-07,2.1359371145806476e-07,0.0,6.327774592605428e-20,3.2994749786339616e-29,1.720059313609377e-28
2,lbfgs,1949,600.0,1090.0,7.358987186205363e-07,5.224573909902101e-07,2.5647272823931265e-09,7.676554282153319e-08,4.431271208862838e-07,2.1332759282698036e-07,0.0,6.33164477726649e-20,3.320357801340077e-29,1.7232440758726625e-28
2,lbfgs,1959,600.0,1090.0,7.357009036096418e-07,5.222573190994185e-07,2.56183340812651e-09,7.680370059200254e-08,4.428917850992895e-07,2.1332984970544676e-07,0.0,6.327636760424752e-20,3.3106653392893325e-29,1.7211463584098731e-28
2,lbfgs,1969,600.0,1090.0,7.355144911253513e-07,5.221083823903171e-07,2.56048387071227e-09,7.681865505405823e-08,4.427292434655466e-07,2.1329237392893521e-07,0.0,6.325668320942866e-20,3.306106671534943e-29,1.7200072558997907e-28
2,lbfgs,1979,600.0,1090.0,7.352812056859321e-07,5.21849427080894e-07,2.5574409405722496e-09,7.689465216645559e-08,4.423973339738662e-07,2.133180437970395e-07,0.0,6.3228387607661e-20,3.2916527350135884e-29,1.7170520968626415e-28
2,lbfgs,1989,600.0,1090.0,7.350921015749378e-07,5.217816552547457e-07,2.5579831991981134e-09,7.684907558650774e-08,4.423745964690398e-07,2.1319671151107274e-07,0.0,6.32213205647813e-20,3.2970088538282663e-29,1.7176601166776223e-28
2,lbfgs,1999,600.0,1090.0,7.348663202917738e-07,5.218124424819291e-07,2.5620504957287226e-09,7.672994894633682e-08,4.4252044303986353e-07,2.129401429995108e-07,0.0,6.32534295379061e-20,3.316373011166977e-29,1.7206293498302874e-28
2,lbfgs,2009,600.0,1090.0,7.346712762701938e-07,5.216193435703533e-07,2.5594808743762506e-09,7.676531236833032e-08,4.422945503276467e-07,2.1293819788809197e-07,0.0,6.321782658344847e-20,3.307383864302085e-29,1.7186769492824636e-28
2,lbfgs,2019,600.0,1090.0,7.344860525588517e-07,5.214729009851844e-07,2.5582424283042023e-09,7.677872644841544e-08,4.4213593210846477e-07,2.1289941676060214e-07,0.0,6.319935208206153e-20,3.303108564363429e-29,1.7175784613581543e-28
2,lbfgs,2029,600.0,1090.0,7.342528763737075e-07,5.212193419459284e-07,2.5554166469091818e-09,7.684834399990974e-08,4.4181558129910955e-07,2.1291979961282904e-07,0.0,6.317159538819652e-20,3.2895762173904435e-29,1.714726922375484e-28
2,lbfgs,2039,600.0,1090.0,7.340653737546916e-07,5.211499355037564e-07,2.5558974993482887e-09,7.680553964815583e-08,4.417884983562523e-07,2.128017034348586e-07,0.0,6.316497352282968e-20,3.294526160524302e-29,1.715278028111738e-28
2,lbfgs,2049,600.0,1090.0,7.338386989521065e-07,5.211714709973382e-07,2.5595144023620214e-09,7.669371745354005e-08,4.419182391414361e-07,2.1255349313745711e-07,0.0,6.319236881547247e-20,3.312530747596023e-29,1.718075420471938e-28
2,lbfgs,2059,600.0,1090.0,7.336461229079623e-07,5.209839188157197e-07,2.557179485166313e-09,7.67259795220559e-08,4.4170075980849744e-07,2.12548469273529e-07,0.0,6.315990397424764e-20,3.3041390872917455e-29,1.7162170281211995e-28
2,lbfgs,2069,600.0,1090.0,7.334620081036573e-07,5.208397587518076e-07,2.5560249023859797e-09,7.673766967698865e-08,4.41546064172433e-07,2.1250851453182485e-07,0.0,6.314231705808589e-20,3.300122010173454e-29,1.715154518568818e-28
2,lbfgs,2079,600.0,1090.0,7.332290399174927e-07,5.20591754323927e-07,2.5533756651264e-09,7.68005972476124e-08,4.4123778141118817e-07,2.1252355077167167e-07,0.0,6.311507355380637e-20,3.287462864088979e-29,1.7124193667204441e-28
2,lbfgs,2089,600.0,1090.0,7.330430000125662e-07,5.205207890692547e-07,2.5538042974365823e-09,7.676056186780643e-08,4.412064229040117e-07,2.1240847612028557e-07,0.0,6.310873320556317e-20,3.29203861180849e-29,1.712918251437912e-28
2,lbfgs,2099,600.0,1090.0,7.328156693786544e-07,5.205332248254105e-07,2.557057421114643e-09,7.665629406745873e-08,4.4131987333683716e-07,2.121687097289625e-07,0.0,6.313241174106082e-20,3.3087580811234214e-29,1.7155322110222453e-28
2,lbfgs,2109,600.0,1090.0,7.32625300519462e-07,5.20350832535135e-07,2.5549102926513464e-09,7.668538196039935e-08,4.4111054028208427e-07,2.1216073315865457e-07,0.0,6.310238974838954e-20,3.300920013082355e-29,1.713762179656383e-28
2,lbfgs,2119,600.0,1090.0,7.324092252959109e-07,5.199981040294689e-07,2.550403684277612e-09,7.683208618589614e-08,4.4061561415929514e-07,2.1229738643862596e-07,0.0,6.306997095776207e-20,3.275281651359958e-29,1.708611222760455e-28
2,lbfgs,2129,600.0,1090.0,7.322095451847359e-07,5.199666682252088e-07,2.551327086111998e-09,7.675171091772839e-08,4.406636302213684e-07,2.1212914213069675e-07,0.0,6.305877494703455e-20,3.2853221977773416e-29,1.710132157603332e-28
2,lbfgs,2139,600.0,1090.0,7.320248472616645e-07,5.198940786931703e-07,2.551708849660283e-09,7.671431049297578e-08,4.4062805935053426e-07,2.1201703373852657e-07,0.0,6.305261413725651e-20,3.2895445528124137e-29,1.7105770654535702e-28
2,lbfgs,2149,600.0,1090.0,7.317970619915608e-07,5.198975312363212e-07,2.5546525491605275e-09,7.661738983952867e-08,4.40725488847632e-07,2.1178579592399498e-07,0.0,6.307318981734239e-20,3.3050455120493084e-29,1.7129977701975277e-28
3,adam,0,1090.0,1776.0,0.02370624673723537,0.01777968498421347,0.00027777763626037457,0.004395275939877742,0.013106631408075357,0.005926561661404491,0.0,3.95747525042889e-15,2.2842331433044956e-30,2.1038220366073193e-29
3,adam,24,1090.0,1776.0,0.0192345047413992,0.015374608071687801,1.489916456480368e-05,0.0016124483858870567,0.01374726052123594,0.0038598965766619736,0.0,8.396634607573526e-17,7.434329839335746e-31,2.1704535043894022e-29
3,adam,49,1090.0,1776.0,0.006744900530899083,0.005131775820489057,2.684795153640108e-06,0.0008321856887690259,0.00429690533656639,0.0016131246102465558,0.0,2.4511054879762013e-17,1.7095339102608765e-31,1.6620353451173535e-30
3,adam,74,1090.0,1776.0,0.004399643928985862,0.003058017356469147,9.868538255360373e-07,0.0007461331549333934,0.0023108973477102175,0.0013416264634029402,0.0,5.3927954381513015e-18,6.855559991930158e-32,5.207837383987449e-31
3,adam,99,1090.0,1776.0,0.0033384071199580247,0.002460670329435667,6.011712144083115e-07,0.0005037004785907538,0.0019563686796305046,0.0008777366789074668,0.0,3.1438691308056755e-18,7.5402344590782e-32,6.607401933355803e-31
3,adam,124,1090.0,1776.0,0.0016012994809028937,0.0010283924617176974,1.8651597811752328e-06,0.00025812934531422525,0.000768397956622297,0.0005729069030607038,0.0,8.981066543325488e-18,4.6819764148473385e-32,3.5713804950084353e-31
3,adam,149,1090.0,1776.0,0.0006067916816908056,0.00038770583139583555,9.32347882324951e-07,0.00017295554916279296,0.00021381793435071764,0.00021908573100987987,0.0,6.3146464420321764e-18,1.982792385775968e-32,9.001629651233533e-32
3,adam,174,1090.0,1776.0,0.0002575569258567524,0.00015505174793899396,4.275756590032628e-07,9.571075723543433e-05,5.891341504455638e-05,0.00010250505682316074,0.0,2.4430712368047675e-18,1.3693289056473295e-32,3.632526744766565e-32
3,adam,199,1090.0,1776.0,0.00011959726353657509,8.959339928502897e-05,1.665784024321404e-07,6.937596681305345e-05,2.005085406954339e-05,3.000374171173849e-05,0.0,1.0190365272809038e-18,9.655967679867839e-33,1.0159053325928143e-32
3,adam,224,1090.0,1776.0,6.752732872678584e-05,6.146383213830037e-05,7.210112448110241e-08,4.9818621351759354e-05,1.1573109662059916e-05,6.063372975106468e-06,0.0,4.556593311892565e-19,6.89847704725129e-33,3.113540369250976e-33
3,adam,249,1090.0,1776.0,4.601870381325862e-05,4.502428157559436e-05,5.7407752234285496e-08,3.523847517269321e-05,9.728398650666866e-06,9.94297921739382e-07,0.0,3.7886202277493797e-19,6.340711976691468e-33,2.0772328493206676e-33
3,adam,274,1090.0,1776.0,3.558431213430413e-05,3.531563554476454e-05,6.127642595903292e-08,2.5356354801197366e-05,9.89800431760814e-06,2.68551793508258e-07,0.0,4.667642802377888e-19,6.117654151782407e-33,2.1377928468706468e-33
3,adam,299,1090.0,1776.0,2.825889617222502e-05,2.7953632418711212e-05,7.529087120031925e-08,1.8337262942072826e-05,9.541078605438064e-06,3.05138593038919e-07,0.0,6.392937456736893e-19,6.0139120114742683e-33,2.1886096578621083e-33
3,adam,324,1090.0,1776.0,2.2315158028752775e-05,2.1910431108626776e-05,8.022717884309851e-08,1.3389752736305155e-05,8.44045119347852e-06,4.0460145115911115e-07,0.0,7.013075112119941e-19,5.9755873944743626e-33,2.17248424963077e-33
3,adam,349,1090.0,1776.0,1.7491898775292085e-05,1.702343365512791e-05,6.689005344925703e-08,9.858678188206398e-06,7.097865413472254e-06,4.683393756727541e-07,0.0,5.670159531574982e-19,5.989510388849549e-33,2.136672015691524e-33
3,adam,374,1090.0,1776.0,1.360901202462948e-05,1.3127347384232465e-05,4.964680602903002e-08,7.361145364920743e-06,5.716555213282692e-06,4.815386487263623e-07,0.0,3.905934001924814e-19,6.034664677244097e-33,2.098501262697087e-33
3,adam,399,1090.0,1776.0,1.0495774609217359e-05,1.0057584446929467e-05,3.857983067736686e-08,5.548849757922057e-06,4.4701548583300425e-06,4.38063947757223e-07,0.0,2.7827686860659717e-19,6.088497100545641e-33,2.061022755115695e-33
3,adam,424,1090.0,1776.0,7.842100243320886e-06,7.487639349266725e-06,3.504602047424478e-08,4.015822840022609e-06,3.4367704887698724e-06,3.543344850897576e-07,0.0,2.399773787013315e-19,6.199206065295756e-33,2.0075763208238535e-33
3,adam,449,1090.0,1776.0,6.1011432107707625e-06,5.842837915730296e-06,3.4679745225047e-08,3.208969928747295e-06,2.5991882417579548e-06,2.581787043505939e-07,0.0,2.429191419589536e-19,6.231236135812035e-33,1.9926846188312626e-33
3,adam,474,1090.0,1776.0,4.733242076012604e-06,4.5538016150817945e-06,3.659514259450687e-08,2.5531107046509825e-06,1.9640957678363052e-06,1.793136990778973e-07,0.0,2.6557965428136157e-19,6.253243841541322e-33,1.9682388909824984e-33
3,adam,499,1090.0,1776.0,3.680953272900385e-06,3.5593946113331764e-06,3.935057955119107e-08,2.056939706715393e-06,1.4631043250665922e-06,1.214317375679451e-07,0.0,2.9247143196303193e-19,6.272300742478447e-33,1.9549223574709917e-33
3,adam,524,1090.0,1776.0,2.8987119886729755e-06,2.8214896694384053e-06,4.010588532375806e-08,1.676896077593654e-06,1.1044877065209933e-06,7.709524797088589e-08,0.0,2.9862714617044512e-19,6.290563191764933e-33,1.9445333662477942e-33
3,adam,549,1090.0,1776.0,2.3300663412233013e-06,2.2822711990514725e-06,3.829384135525519e-08,1.3993019946205322e-06,8.44675363075685e-07,4.7667939336026914e-08,0.0,2.814182735595983e-19,6.303235805251933e-33,1.9381620772191917e-33
3,adam,574,1090.0,1776.0,1.9274876070081847e-06,1.8985107116887239e-06,3.425527923051461e-08,1.1947538441940348e-06,6.695015882641745e-07,2.8849577619650643e-08,0.0,2.450364745060755e-19,6.315365749737529e-33,1.9339148997211307e-33
3,adam,599,1090.0,1776.0,1.6478505416669321e-06,1.6292068376782258e-06,2.902476642824621e-08,1.046044425720592e-06,5.541376455293875e-07,1.8516287903370085e-08,0.0,1.9952394916070549e-19,6.325053626130645e-33,1.931447713553153e-33
3,adam,624,1090.0,1776.0,1.151876349807995e-06,1.140140084033382e-06,2.3299815640739784e-08,6.659850072345655e-07,4.5085526115807675e-07,1.1608782989320804e-08,0.0,1.5281236176513174e-19,6.386695421060394e-33,2.0343743938674463e-33
3,adam,649,1090.0,1776.0,1.0589172345840068e-06,1.0461625825784596e-06,1.79429851534204e-08,6.117543272338594e-07,4.1646527019117985e-07,1.262711161497343e-08,0.0,1.1006460651500885e-19,6.387600076307755e-33,2.032787568563773e-33
3,adam,674,1090.0,1776.0,9.913633571652823e-07,9.77312041079157e-07,1.4500656889779083e-08,5.72125407002287e-07,3.90685977187091e-07,1.3923723666419735e-08,0.0,8.40924728190921e-20,6.389713229691488e-33,2.033488379572292e-33
3,adam,699,1090.0,1776.0,9.399197188462792e-07,9.24056760669661e-07,1.1803323081219874e-08,5.396077622420203e-07,3.7264567534642083e-07,1.573532083187761e-08,0.0,6.537430834203292e-20,6.392073793572016e-33,2.0341631637632e-33
3,adam,724,1090.0,1776.0,8.99517657444447e-07,8.815452683572331e-07,9.702353923860447e-09,5.126266532759831e-07,3.592162611573895e-07,1.7844712109192006e-08,0.0,5.1591604560517444e-20,6.393449160802364e-33,2.0349911346869258e-33
3,adam,749,1090.0,1776.0,8.669537326672568e-07,8.468965828719893e-07,8.046236280202157e-09,4.897115648755398e-07,3.491387817162473e-07,1.992943731550601e-08,0.0,4.1373264035894884e-20,6.394421182233861e-33,2.035843428188459e-33
3,adam,774,1090.0,1776.0,8.401255884864812e-07,8.180737049725424e-07,6.74593524959739e-09,4.6998065908136613e-07,3.4134711064157893e-07,2.1924138934335723e-08,0.0,3.379921179552577e-20,6.39504462927961e-33,2.0367010259045476e-33
3,adam,799,1090.0,1776.0,8.20674499328076e-07,7.946926638237444e-07,6.725382774340268e-09,4.5278638490461947e-07,3.3518089614478465e-07,2.5854061632686648e-08,0.0,3.859276790848615e-20,6.395621267018222e-33,2.0373749147693036e-33
3,adam,824,1090.0,1776.0,9.74155122016602e-07,9.505489509130409e-07,1.7203048478815146e-08,5.927345786027453e-07,3.406113238314805e-07,2.3478362107087646e-08,0.0,9.147677577064577e-20,6.481192296459293e-33,1.971502857813749e-33
3,adam,849,1090.0,1776.0,9.41701646673249e-07,9.153321588830857e-07,9.794768971778578e-09,5.736450623369568e-07,3.3189232757435034e-07,2.6241644081790613e-08,0.0,4.929145236233099e-20,6.484623269812076e-33,1.9719037307487746e-33
3,adam,874,1090.0,1776.0,9.185503292043309e-07,8.894298056246523e-07,7.001338458415409e-09,5.562502445726295e-07,3.261782225936074e-07,2.8992647923701142e-08,0.0,3.469174421629294e-20,6.48587620849515e-33,1.9728999361088438e-33
3,adam,899,1090.0,1776.0,8.987395009504435e-07,8.666069962925398e-07,3.343988773861547e-09,5.411598807800578e-07,3.221031267386206e-07,3.200459992716775e-08,0.0,1.682653791345202e-20,6.486969379852141e-33,1.9733912437292436e-33
3,adam,924,1090.0,1776.0,8.835212673612391e-07,8.497689455617248e-07,3.0194688089362114e-09,5.279817806293692e-07,3.187676961234194e-07,3.36243905608643e-08,0.0,1.5080092649891094e-20,6.487772861387334e-33,1.9741176379034355e-33
3,adam,949,1090.0,1776.0,8.703106591570806e-07,8.351069551687168e-07,2.7957522815330227e-09,5.16248628738368e-07,3.1606257414881575e-07,3.507574831531952e-08,0.0,1.3955767493587768e-20,6.488223185050303e-33,1.9748115709211885e-33
3,adam,974,1090.0,1776.0,8.586168800141364e-07,8.220191802226331e-07,2.4947373627737552e-09,5.05754377931824e-07,3.137700649280353e-07,3.6469721367863413e-08,0.0,1.2671197415533718e-20,6.488614268121645e-33,1.9754167936359902e-33
3,adam,999,1090.0,1776.0,9.286312024973558e-07,8.714441313021628e-07,6.339086193089822e-08,4.962180921277412e-07,3.1183517724352334e-07,5.705907146647859e-08,0.0,3.9096464274682628e-19,6.490448130963697e-33,1.9749063508230725e-33
3,adam,1024,1090.0,1776.0,8.497714986500094e-07,8.145653309343922e-07,3.132229084407115e-08,4.408172520173343e-07,3.4242578807298676e-07,3.507814874656738e-08,0.0,1.888148297565868e-19,6.754745575831396e-33,2.052714948262783e-33
3,adam,1049,1090.0,1776.0,8.229560049745978e-07,7.891535146390561e-07,1.547374168583129e-08,4.3318876748473674e-07,3.404910054684881e-07,3.3674453807420674e-08,0.0,9.129605171077342e-20,6.762097933458471e-33,2.052618679012499e-33
3,adam,1074,1090.0,1776.0,8.04414222446089e-07,7.693416492589252e-07,3.9979330676778214e-09,4.2742492462260836e-07,3.37918791568639e-07,3.4944518142445734e-08,0.0,2.570650664922755e-20,6.76594721716306e-33,2.0520305365376085e-33
3,adam,1099,1090.0,1776.0,7.939824864833685e-07,7.595505992911012e-07,1.6813749160055681e-09,4.2173638083908853e-07,3.361328435360071e-07,3.430381413571334e-08,0.0,1.006235949526082e-20,6.765709157245144e-33,2.0524981439315274e-33
3,adam,1124,1090.0,1776.0,7.871187760699148e-07,7.52492290005323e-07,1.541298511909329e-09,4.164860751572702e-07,3.3446491633614353e-07,3.4498395946444055e-08,0.0,8.791988922396986e-21,6.765464039175216e-33,2.0529187695800827e-33
3,adam,1149,1090.0,1776.0,7.810427581432736e-07,7.459221107909906e-07,1.4327354342753978e-09,4.115736187104425e-07,3.3291575664627275e-07,3.4992540973116654e-08,0.0,8.308712846155908e-21,6.76557839023502e-33,2.0531451269432367e-33
3,adam,1174,1090.0,1776.0,7.753447914941605e-07,7.398186752851623e-07,1.360708966040415e-09,4.070218441138834e-07,3.3143612220523854e-07,3.539799420056513e-08,0.0,7.98020630996409e-21,6.765696667414832e-33,2.0533798014740377e-33
3,adam,1199,1090.0,1776.0,7.699663025633893e-07,7.340754031729079e-07,1.2872667812740291e-09,4.027865273699176e-07,3.300016090217163e-07,3.5762762295316116e-08,0.0,7.653835065299048e-21,6.76583735362968e-33,2.0535909362685625e-33
3,adam,1224,1090.0,1776.0,8.177951754480337e-07,7.781369298356314e-07,1.159426078087925e-09,5.230792253699059e-07,2.5389827838763755e-07,3.953009935921969e-08,0.0,6.687099218405638e-21,6.259458727315272e-33,1.903490760984209e-33
3,adam,1249,1090.0,1776.0,8.089827208102919e-07,7.671112582743614e-07,1.0890546173444566e-09,5.12902121286978e-07,2.5312008237003885e-07,4.174330402846887e-08,0.0,6.240091713275078e-21,6.265170004129525e-33,1.9031901988294043e-33
3,adam,1274,1090.0,1776.0,8.03064115154546e-07,7.600432179396707e-07,1.0379883710624167e-09,5.055219050532865e-07,2.534833245153217e-07,4.2892725998142236e-08,0.0,6.075182119658365e-21,6.263018259096923e-33,1.9046380277854877e-33
3,adam,1299,1090.0,1776.0,7.979596291540938e-07,7.543236873948401e-07,9.968992793165567e-10,4.997805456155174e-07,2.5354624250000616e-07,4.350775679628639e-08,0.0,5.939986269114074e-21,6.262982106750831e-33,1.905302297215463e-33
3,adam,1324,1090.0,1776.0,9.901724075300995e-07,9.141972580164956e-07,1.6556872646095412e-07,4.951778408322176e-07,2.534506907233238e-07,7.584695055539397e-08,0.0,1.0261608215559184e-18,6.258566521427655e-33,1.9083651155067826e-33
3,adam,1349,1090.0,1776.0,8.030458526044174e-07,7.543395324163134e-07,1.1009501529564437e-08,4.9052038113585e-07,2.5280964975089894e-07,4.857812354192228e-08,0.0,6.825813407552778e-20,6.26629460157691e-33,1.9054660223053635e-33
3,adam,1374,1090.0,1776.0,8.044683314965788e-07,7.553237801717396e-07,1.5882133409545362e-08,4.865582822009139e-07,2.5288336456128035e-07,4.901634768715572e-08,0.0,1.016742758696978e-19,6.266704457021971e-33,1.904514139939794e-33
3,adam,1399,1090.0,1776.0,7.882872355836101e-07,7.426425113576422e-07,7.295417565998244e-09,4.828552832959195e-07,2.524918104957245e-07,4.551650804408955e-08,0.0,4.620936816598551e-20,6.262069194869375e-33,1.9077010201045034e-33
3,lbfgs,1400,1090.0,1776.0,9.093745999489466e-07,8.63077857235615e-07,4.6118670610488665e-09,5.545025475770865e-07,3.0396344259747965e-07,4.616852603470747e-08,0.0,3.1206940291021855e-20,6.428421279860551e-33,2.0085454763295065e-33
3,lbfgs,1409,1090.0,1776.0,8.931506692305661e-07,8.509904326962503e-07,1.4340243837370935e-09,5.454946554752938e-07,3.040617528372194e-07,4.203201980268781e-08,0.0,8.471669991270662e-21,6.396311548608065e-33,2.007111497274434e-33
3,lbfgs,1419,1090.0,1776.0,8.80808527229667e-07,8.393064293128314e-07,9.685598970741507e-10,5.38194243971081e-07,3.0014362544467626e-07,4.137388076339217e-08,0.0,6.3947122036761646e-21,6.430737137373239e-33,2.0052515872533675e-33
3,lbfgs,1429,1090.0,1776.0,8.780906309647467e-07,8.361940843730805e-07,9.810688902407414e-10,5.351944806032459e-07,3.0001853487959383e-07,4.176832889727744e-08,0.0,6.2109611877526e-21,6.42629415816441e-33,2.0059303341536153e-33
3,lbfgs,1439,1090.0,1776.0,8.66901631553497e-07,8.300581202144815e-07,9.459378471970316e-10,5.337350852736368e-07,2.953770970936476e-07,3.671528864959445e-08,0.0,6.0556951280284935e-21,6.446223397658882e-33,2.0125292051696533e-33
3,lbfgs,1449,1090.0,1776.0,8.56903910529556e-07,8.143055496834845e-07,9.120147528479325e-10,5.239935401069431e-07,2.8939999482369355e-07,4.247013318701333e-08,0.0,5.9132263962622806e-21,6.439237555904032e-33,2.0109770873938062e-33
3,lbfgs,1459,1090.0,1776.0,8.467330423152247e-07,7.999535172066361e-07,8.746685375277831e-10,5.121554559621012e-07,2.8692339270700707e-07,4.665128824219334e-08,0.0,5.919835605929654e-21,6.441504830920261e-33,2.0186093082457832e-33
3,lbfgs,1469,1090.0,1776.0,8.40364268046681e-07,7.884823291490259e-07,8.740585774471164e-10,5.031409542386976e-07,2.844673163328812e-07,5.175369319345605e-08,0.0,6.054059796848178e-21,6.425888323085129e-33,2.0141457426489518e-33
3,lbfgs,1479,1090.0,1776.0,8.35653407758411e-07,7.844027911390933e-07,9.795306903428885e-10,4.963660595774501e-07,2.870572008713002e-07,5.11223611567938e-08,0.0,7.160972969880029e-21,6.438944001305094e-33,2.017440581522381e-33
3,lbfgs,1489,1090.0,1776.0,8.354785220606018e-07,7.837875560581939e-07,9.42156943037384e-10,4.959516932952941e-07,2.8689370581986245e-07,5.156271006715415e-08,0.0,6.796955189762768e-21,6.439230285560856e-33,2.0172651920403665e-33
3,lbfgs,1499,1090.0,1776.0,8.353358325234749e-07,7.838216686009392e-07,9.230623718831677e-10,4.959900548021483e-07,2.869085514269078e-07,5.138590803262492e-08,0.0,6.606829948494905e-21,6.439070711599487e-33,2.017240042519446e-33
3,lbfgs,1509,1090.0,1776.0,8.351805733536388e-07,7.839999814222953e-07,9.06579246454162e-10,4.96113299435966e-07,2.869801027398751e-07,5.105233617037285e-08,0.0,6.4374628801827885e-21,6.438850643277113e-33,2.017204522248925e-33
3,lbfgs,1519,1090.0,1776.0,8.350505813414708e-07,7.837213637670079e-07,8.940076288398746e-10,4.958431083872916e-07,2.869842477508765e-07,5.120096145380598e-08,0.0,6.330931559087123e-21,6.439090377909662e-33,2.0172857583137536e-33
3,lbfgs,1529,1090.0,1776.0,8.349071332808645e-07,7.832719536076429e-07,8.806331325976349e-10,4.954470627784059e-07,2.8694425769663937e-07,5.1506923038118545e-08,0.0,6.2225274009097096e-21,6.439500989993995e-33,2.0173689505222933e-33
3,lbfgs,1539,1090.0,1776.0,8.347851177423944e-07,7.832918689259014e-07,8.74140862120212e-10,4.954865852461226e-07,2.8693114281765854e-07,5.136499223948208e-08,0.0,6.157172431683887e-21,6.439274682095773e-33,2.017287450765415e-33
3,lbfgs,1549,1090.0,1776.0,8.346499471185576e-07,7.834408590850543e-07,8.69959812100563e-10,4.955813128418686e-07,2.8698958643108507e-07,5.1080831560804826e-08,0.0,6.105630542874818e-21,6.438815199925529e-33,2.017210838143706e-33
3,lbfgs,1559,1090.0,1776.0,8.345333896350024e-07,7.831922800658756e-07,8.642766802651131e-10,4.953416538563399e-07,2.8698634952927054e-07,5.1212852771895086e-08,0.0,6.068997258709754e-21,6.439122273008661e-33,2.017300559319723e-33
3,lbfgs,1569,1090.0,1776.0,8.344047684783751e-07,7.827980232134441e-07,8.580179001089585e-10,4.950256390850944e-07,2.8691436622824084e-07,5.1478488050572945e-08,0.0,6.03255826640186e-21,6.439791445267632e-33,2.017365317798017e-33
3,lbfgs,1579,1090.0,1776.0,8.342920443291632e-07,7.828087701537527e-07,8.559178282759058e-10,4.950412707352592e-07,2.8691158159021757e-07,5.135501698718572e-08,0.0,6.007827563838427e-21,6.439474786496997e-33,2.0172909144083826e-33
3,lbfgs,1589,1090.0,1776.0,8.341694197231447e-07,7.829246470174821e-07,8.563862636629315e-10,4.950520993863271e-07,2.8701616136749206e-07,5.1116515505227665e-08,0.0,5.9967854609464044e-21,6.43867557220945e-33,2.0172748880409063e-33
3,lbfgs,1599,1090.0,1776.0,8.340592026655954e-07,7.8270002697284e-07,8.527304203132711e-10,4.948583155524934e-07,2.8698898100003337e-07,5.123091823014871e-08,0.0,5.980144052221569e-21,6.43909943131256e-33,2.0173365746793505e-33
3,lbfgs,1609,1090.0,1776.0,8.339592528334444e-07,7.825619928396042e-07,8.507630116393829e-10,4.947483352312856e-07,2.869628945966791e-07,5.126900238355784e-08,0.0,5.9687175358587605e-21,6.439263916127413e-33,2.0173339647675884e-33
3,lbfgs,1619,1090.0,1776.0,8.338338336137256e-07,7.82361340570139e-07,8.481357656642024e-10,4.946434876084619e-07,2.868697171960129e-07,5.134423530396897e-08,0.0,5.954679266544942e-21,6.439727232068507e-33,2.0172603596713386e-33
3,lbfgs,1629,1090.0,1776.0,8.337362884535893e-07,7.822940824322651e-07,8.475352167334526e-10,4.945536844313667e-07,2.8689286278416505e-07,5.131394815108038e-08,0.0,5.949388803664076e-21,6.439555791237613e-33,2.017280288629708e-33
3,lbfgs,1639,1090.0,1776.0,8.336154678890182e-07,7.822287675853838e-07,8.476772875860751e-10,4.943796134855105e-07,2.870014768122872e-07,5.1258442165982714e-08,0.0,5.94824175186035e-21,6.438982859875581e-33,2.0174064458404413e-33
3,lbfgs,1649,1090.0,1776.0,8.335196624054923e-07,7.821055424783384e-07,8.462731137455509e-10,4.943026381306186e-07,2.869566312339743e-07,5.1285861688935127e-08,0.0,5.94227693062286e-21,6.439252605278765e-33,2.017369806219184e-33
3,lbfgs,1659,1090.0,1776.0,8.33404118512538e-07,7.819491709478425e-07,8.441182622082803e-10,4.942980501603038e-07,2.868070025253304e-07,5.132668934309113e-08,0.0,5.934778881615294e-21,6.440083114958588e-33,2.017178449800692e-33
3,lbfgs,1669,1090.0,1776.0,8.333090621393129e-07,7.818699950595385e-07,8.440309948337726e-10,4.941747517695727e-07,2.86851212295132e-07,5.131080867478787e-08,0.0,5.9324285343547904e-21,6.439771367401263e-33,2.0172473633860288e-33
3,lbfgs,1679,1090.0,1776.0,8.332003814528545e-07,7.817711531233871e-07,8.453864360809302e-10,4.938866902422052e-07,2.8703907644510104e-07,5.130096947490873e-08,0.0,5.9371241447719276e-21,6.438717829974931e-33,2.0175431072013128e-33
3,lbfgs,1689,1090.0,1776.0,8.331043835858799e-07,7.816653395505746e-07,8.438820743256615e-10,4.938603352118869e-07,2.8696112226436207e-07,5.131078515928411e-08,0.0,5.931819839646326e-21,6.439167005470963e-33,2.0174348370588013e-33
3,lbfgs,1699,1090.0,1776.0,8.330154290294152e-07,7.815739575982536e-07,8.430945830936559e-10,4.938106046091011e-07,2.869202584060587e-07,5.131321248977294e-08,0.0,5.929163151924367e-21,6.439381054819295e-33,2.0173789399320884e-33
3,lbfgs,1709,1090.0,1776.0,8.329057565286516e-07,7.81475763477949e-07,8.417103912388018e-10,4.938383153502607e-07,2.867957377364496e-07,5.130173416636424e-08,0.0,5.925671810632675e-21,6.440071247373157e-33,2.0171707973666045e-33
3,lbfgs,1719,1090.0,1776.0,8.328177114694132e-07,7.813793880443409e-07,8.416491506209178e-10,4.937030175057798e-07,2.8683472138794025e-07,5.131006433689319e-08,0.0,5.92470700316017e-21,6.439827346265976e-33,2.0172564954704823e-33
3,lbfgs,1729,1090.0,1776.0,8.327137106994308e-07,7.812369955256732e-07,8.426366359406513e-10,4.93406688287808e-07,2.8698767060192456e-07,5.1348455624824634e-08,0.0,5.9280169107604316e-21,6.438963873983566e-33,2.017559791472565e-33
3,lbfgs,1739,1090.0,1776.0,8.326252931636206e-07,7.811597857885502e-07,8.416300700329422e-10,4.933975431346156e-07,2.869206125839017e-07,5.13372478255312e-08,0.0,5.925158579052656e-21,6.43932311139164e-33,2.017438267372248e-33
3,lbfgs,1749,1090.0,1776.0,8.32542032189241e-07,7.810809621484614e-07,8.410593081666376e-10,4.933529917887222e-07,2.868869110515725e-07,5.1332810430071085e-08,0.0,5.9238227481056766e-21,6.439501940149411e-33,2.0173825022517612e-33
3,lbfgs,1759,1090.0,1776.0,8.324382880354531e-07,7.810030828240016e-07,8.399840564778226e-10,4.933764176567954e-07,2.867866811107283e-07,5.1306945646980894e-08,0.0,5.922355438379396e-21,6.440080354402496e-33,2.0171871158512236e-33
3,lbfgs,1769,1090.0,1776.0,8.323560679673225e-07,7.8090589639189e-07,8.399367546308904e-10,4.932478554517485e-07,2.868181041855107e-07,5.1321911814551334e-08,0.0,5.9215821731317065e-21,6.43988267001075e-33,2.0172701434597537e-33
3,lbfgs,1779,1090.0,1776.0,8.322571167838834e-07,7.807565973722805e-07,8.407851484916029e-10,4.929753956857927e-07,2.869404165379962e-07,5.1372259224093695e-08,0.0,5.923657322723295e-21,6.439171458484921e-33,2.017552094123253e-33
3,lbfgs,1789,1090.0,1776.0,8.321749323816254e-07,7.806899693727584e-07,8.399646061044519e-10,4.929645868070319e-07,2.8688541795962204e-07,5.135670281470024e-08,0.0,5.921976616267016e-21,6.439466459194667e-33,2.0174367224328037e-33
3,lbfgs,1799,1090.0,1776.0,8.320827879782942e-07,7.80661207028861e-07,8.386004116850051e-10,4.93099868074473e-07,2.8672273854270306e-07,5.1293320979777487e-08,0.0,5.9246782377312615e-21,6.440446091756896e-33,2.017039847413264e-33
3,lbfgs,1809,1090.0,1776.0,8.319986999925676e-07,7.805469331459337e-07,8.38576861265578e-10,4.929311605289798e-07,2.867771957556883e-07,5.132350661289092e-08,0.0,5.920988484924966e-21,6.44009761721251e-33,2.0172079418068356e-33
3,lbfgs,1819,1090.0,1776.0,8.319216737350846e-07,7.804537686921261e-07,8.385334796283827e-10,4.928129508086304e-07,2.868022844038673e-07,5.133964462588515e-08,0.0,5.920158214790375e-21,6.439937764162432e-33,2.017284291673641e-33
3,lbfgs,1829,1090.0,1776.0,8.318276944526923e-07,7.803095759409537e-07,8.392799513670616e-10,4.9256989171138e-07,2.869004042782067e-07,5.138985771023141e-08,0.0,5.921147139841805e-21,6.439357008622788e-33,2.017540388719251e-33
3,lbfgs,1839,1090.0,1776.0,8.317509843048774e-07,7.802476780837541e-07,8.385631196983748e-10,4.925534227740241e-07,2.8685569219003174e-07,5.1375045401335175e-08,0.0,5.920210982511785e-21,6.439599457910532e-33,2.017435037897254e-33
3,lbfgs,1849,1090.0,1776.0,8.316627076225291e-07,7.802181342564298e-07,8.373810940957522e-10,4.926571891230613e-07,2.867235640392727e-07,5.1316312720261385e-08,0.0,5.924154910334881e-21,6.440400839075121e-33,2.0170751924462493e-33
3,lbfgs,1859,1090.0,1776.0,8.315847666631319e-07,7.801113431408344e-07,8.373410357664844e-10,4.925061996810958e-07,2.867678024239721e-07,5.1345162636584666e-08,0.0,5.920377072559889e-21,6.440121406378684e-33,2.0172287801238553e-33
3,lbfgs,1869,1090.0,1776.0,8.315124383145783e-07,7.800234640978911e-07,8.372948097674131e-10,4.92398165393565e-07,2.8678800389455864e-07,5.136071316079877e-08,0.0,5.9194530853112075e-21,6.439993584113014e-33,2.0172981651178935e-33
3,lbfgs,1879,1090.0,1776.0,8.314232646522173e-07,7.798880461382487e-07,8.379498637305926e-10,4.92182713435428e-07,2.8686738283909006e-07,5.140695711347852e-08,0.0,5.919565726528674e-21,6.439523721751118e-33,2.01752978299515e-33
3,lbfgs,1889,1090.0,1776.0,8.313514342819527e-07,7.798288751524165e-07,8.373055417760341e-10,4.921606646477503e-07,2.8683090496289025e-07,5.139429769952126e-08,0.0,5.9191291098092014e-21,6.439722317458367e-33,2.017434391830908e-33
3,lbfgs,1899,1090.0,1776.0,8.312671038409063e-07,7.797954922797341e-07,8.362654887926766e-10,4.922360203481613e-07,2.8672320644278017e-07,5.1343350258819716e-08,0.0,5.923942214515808e-21,6.440373501929328e-33,2.017109218635689e-33
3,lbfgs,1909,1090.0,1776.0,8.311945234627661e-07,7.796967004140363e-07,8.362102101246897e-10,4.921012428979917e-07,2.867592473059199e-07,5.136956152909084e-08,0.0,5.92010701708538e-21,6.440151339029042e-33,2.017248754854766e-33
3,lbfgs,1919,1090.0,1776.0,8.311264728783788e-07,7.796142066583025e-07,8.361568696988217e-10,4.920024275846744e-07,2.8677562220392925e-07,5.1384004542328806e-08,0.0,5.919091108246121e-21,6.440050481647506e-33,2.0173116998951888e-33
3,lbfgs,1929,1090.0,1776.0,8.310418906628523e-07,7.79488291926807e-07,8.367258022267946e-10,4.918112043302317e-07,2.868403617943486e-07,5.142533674884746e-08,0.0,5.918501584160911e-21,6.439673419085098e-33,2.0175212641316168e-33
3,lbfgs,1939,1090.0,1776.0,8.309744510373488e-07,7.794310633928002e-07,8.361422210520478e-10,4.917843680732916e-07,2.868105530984566e-07,5.141512561796673e-08,0.0,5.9184441064276285e-21,6.439835275785171e-33,2.017435047129652e-33
3,lbfgs,1949,1090.0,1776.0,8.308940380948521e-07,7.793936042659501e-07,8.352145737522661e-10,4.918363182922828e-07,2.8672207139991497e-07,5.13721718910626e-08,0.0,5.9237876108310065e-21,6.440362763025764e-33,2.0171409331043323e-33
3,lbfgs,1959,1090.0,1776.0,8.308261850180422e-07,7.793022715241587e-07,8.351490042824246e-10,4.91715362014144e-07,2.867517605057322e-07,5.139565135819977e-08,0.0,5.919980901992762e-21,6.440187415217841e-33,2.0172677475074564e-33
3,lbfgs,1969,1090.0,1776.0,8.307620441435797e-07,7.792248251716218e-07,8.350891228038001e-10,4.916244885835423e-07,2.8676524746527576e-07,5.140895668857866e-08,0.0,5.9189122196955375e-21,6.440108442362148e-33,2.0173249727635018e-33
3,lbfgs,1979,1090.0,1776.0,8.306818137949442e-07,7.79108026669751e-07,8.355781195818835e-10,4.914540786420124e-07,2.868183699081569e-07,5.144552456272588e-08,0.0,5.9177699261975034e-21,6.439807663494292e-33,2.0175149180633863e-33
3,lbfgs,1989,1090.0,1776.0,8.306183500965681e-07,7.790524728848249e-07,8.35047355733165e-10,4.914235113916068e-07,2.86793914137485e-07,5.143761460183362e-08,0.0,5.917999078862505e-21,6.439939486377344e-33,2.017436910126121e-33
3,lbfgs,1999,1090.0,1776.0,8.305417432700824e-07,7.790114032734334e-07,8.342179947485547e-10,4.914560335362032e-07,2.8672115174248156e-07,5.140207744247462e-08,0.0,5.9236936668341166e-21,6.440365125049164e-33,2.0171705330271217e-33
3,lbfgs,2009,1090.0,1776.0,8.304781087764332e-07,7.789268193222563e-07,8.341427253116584e-10,4.913470181808687e-07,2.8674565841607595e-07,5.1423026719133545e-08,0.0,5.919947449613093e-21,6.440227945158749e-33,2.0172859425726515e-33
3,lbfgs,2019,1090.0,1776.0,8.304069370249367e-07,7.787926771505549e-07,8.356011679414642e-10,4.91112985797739e-07,2.868440901848745e-07,5.148599674499484e-08,0.0,5.918142643755162e-21,6.439726234421124e-33,2.017672126181934e-33
3,lbfgs,2029,1090.0,1776.0,8.303414255615689e-07,7.787455997918699e-07,8.344928683402662e-10,4.911104171345856e-07,2.868006897889439e-07,5.146756264299069e-08,0.0,5.917282108813763e-21,6.439928537081145e-33,2.0175105750743397e-33
3,lbfgs,2039,1090.0,1776.0,8.3028158152363e-07,7.786916227330019e-07,8.340088845113697e-10,4.910770508188697e-07,2.867805630296209e-07,5.1461695610032586e-08,0.0,5.9177282489118175e-21,6.440035814992234e-33,2.0174399049244854e-33
3,lbfgs,2049,1090.0,1776.0,8.302086299365981e-07,7.786477395618743e-07,8.332613164093261e-10,4.910940953328086e-07,2.867203829126564e-07,5.1432627222930686e-08,0.0,5.923582098445633e-21,6.440378945737211e-33,2.017198225231478e-33
3,lbfgs,2059,1090.0,1776.0,8.301487873218634e-07,7.785691366623501e-07,8.331803826455451e-10,4.909951231973442e-07,2.8674083308236034e-07,5.1451387341199505e-08,0.0,5.91995389834195e-21,6.440272417193228e-33,2.0173034450064474e-33
3,lbfgs,2069,1090.0,1776.0,8.300805214257051e-07,7.784459875451714e-07,8.344612906166634e-10,4.907888938043526e-07,2.86822632450202e-07,5.1506270211255296e-08,0.0,5.917295060845539e-21,6.439875716095382e-33,2.017655089078878e-33
3,lbfgs,2079,1090.0,1776.0,8.300192508493237e-07,7.783996389517453e-07,8.334612290980906e-10,4.907795215756359e-07,2.8678665614701134e-07,5.149134821753261e-08,0.0,5.916978495533753e-21,6.440037633283136e-33,2.0175080585193212e-33
3,lbfgs,2089,1090.0,1776.0,8.299627155538071e-07,7.783472182427388e-07,8.330191606493412e-10,4.907441356681648e-07,2.8677006341392466e-07,5.1487233572065315e-08,0.0,5.917588264248504e-21,6.440125092346332e-33,2.0174439357161116e-33
3,lbfgs,2099,1090.0,1776.0,8.298932409031177e-07,7.783013044136469e-07,8.323425923209812e-10,4.907487549213694e-07,2.867202068999566e-07,5.146367275712595e-08,0.0,5.923480302614767e-21,6.44040150667914e-33,2.0172242341880703e-33
3,lbfgs,2109,1090.0,1776.0,8.298368303585881e-07,7.782279778193311e-07,8.322578267690155e-10,4.90658381085351e-07,2.8673733890721116e-07,5.148058865274233e-08,0.0,5.919998170223822e-21,6.440319521781096e-33,2.017320382794915e-33
3,lbfgs,2119,1090.0,1776.0,8.297714241716519e-07,7.781145232333116e-07,8.333780722034798e-10,4.904755443197705e-07,2.8680560084133764e-07,5.152863673754103e-08,0.0,5.916688279747256e-21,6.440007352096484e-33,2.017641200870969e-33
3,lbfgs,2129,1090.0,1776.0,8.297139338867859e-07,7.780689834301973e-07,8.324778130598248e-10,4.90460739069035e-07,2.8677576654810245e-07,5.151668623396437e-08,0.0,5.916822533900893e-21,6.440136681272352e-33,2.0175071563293145e-33
3,lbfgs,2139,1090.0,1776.0,8.296604327885231e-07,7.780181085784067e-07,8.320732458010573e-10,4.90423983393524e-07,2.867620519390816e-07,5.151405992464347e-08,0.0,5.917551943867329e-21,6.440208169954176e-33,2.0174489019770385e-33
3,lbfgs,2149,1090.0,1776.0,8.295942456415224e-07,7.779708516084149e-07,8.314573496128597e-10,4.904188549349004e-07,2.8672053932390155e-07,5.149512973643645e-08,0.0,5.923377550748109e-21,6.440431166560913e-33,2.0172488657653262e-33
4,adam,0,1776.0,2736.3999999999996,0.10882982939927427,0.08162237198263358,0.00027777776725752167,0.05880858354465203,0.022536010670724027,0.027207457327544527,0.0,1.0038696327966974e-15,1.9600532310040383e-30,2.499999999999994e-31
4,adam,24,1776.0,2736.3999999999996,0.024993717124019085,0.01156091529541685,6.588395346410131e-05,0.00740547465377621,0.0040895566881765395,0.013432801737618722,0.0,9.253751990497409e-17,2.654082790559061e-31,4.6063359652409167e-32
4,adam,49,1776.0,2736.3999999999996,0.019966516424852112,0.007297368958264215,2.4387159454048667e-06,0.004605777936891532,0.002689152305427277,0.012669147373547513,0.0,2.4468819243243053e-18,1.7747652375278069e-31,2.9030904456373355e-32
4,adam,74,1776.0,2736.3999999999996,0.017134112354692383,0.005109145050799244,1.56897091450022e-06,0.003174888431524358,0.0019326876483603851,0.012024967207110708,0.0,2.778123876286234e-18,1.1724488118964473e-31,2.1719663505392913e-32
4,adam,99,1776.0,2736.3999999999996,0.015852528008904763,0.004540173391724665,7.469025496982257e-07,0.0029772141617876572,0.0015622123273873088,0.011312354517109798,0.0,1.0418086961673962e-18,9.415412529866646e-32,1.9043768030592856e-32
4,adam,124,1776.0,2736.3999999999996,0.014122267468879157,0.0035771809079801703,1.5880124916038612e-06,0.0022978264769545963,0.00127776641853397,0.010545086458106265,0.0,2.7142214416969503e-18,8.058549648324299e-32,1.5488167827956928e-32
4,adam,149,1776.0,2736.3999999999996,0.010184773793600338,0.0019022997304181826,7.283166156998736e-07,0.0011652140912329343,0.0007363573225695484,0.008282473956019757,0.0,1.5098307329227606e-18,5.911926299358469e-32,9.886111867075497e-33
4,adam,174,1776.0,2736.3999999999996,0.007399599699321411,0.001091148975948122,9.87521581529091e-07,0.0007013227584083252,0.00038883869595826765,0.0063084506124202805,0.0,2.263070772299894e-18,4.7331629732253845e-32,7.282358782490994e-33
4,adam,199,1776.0,2736.3999999999996,0.005477924715658406,0.0007311849971320043,8.31773462243643e-07,0.0004790752312753708,0.00025127799239438986,0.004746739603292325,0.0,1.807141975727446e-18,3.9409682147111413e-32,6.180495105602841e-33
4,adam,224,1776.0,2736.3999999999996,0.004119359327039686,0.0005674088180358584,5.389655113395938e-07,0.000353684091644428,0.00021318576088009088,0.00355195039024845,0.0,1.0652728603858804e-18,3.5641697409611264e-32,5.216336753982677e-33
4,adam,249,1776.0,2736.3999999999996,0.0031597647126698856,0.0004582915175297339,3.827194365573355e-07,0.00027824282488630726,0.00017966597320686936,0.00270147307340445,0.0,6.701009687419822e-19,3.24705752640576e-32,4.4334700435472806e-33
4,adam,274,1776.0,2736.3999999999996,0.0025025665814052502,0.00040212522467227116,2.780933733954343e-07,0.00021103602449523036,0.00019081110680364534,0.002100441232498062,0.0,4.906999449559517e-19,3.073990843179167e-32,3.726447132217308e-33
4,adam,299,1776.0,2736.3999999999996,0.0019970398003419662,0.00035979140666487434,2.1978686619860455e-07,0.00017952006546651734,0.0001800515543321584,0.0016372482673208382,0.0,4.1909464120788534e-19,2.9590069068267314e-32,3.178021445785742e-33
4,adam,324,1776.0,2736.3999999999996,0.00153104121245544,0.000285420269843853,1.8725534646428515e-07,0.00017435070761316938,0.00011088230688421934,0.001245620814412301,0.0,3.680786234540368e-19,2.6804424292982477e-32,3.331643967112042e-33
4,adam,349,1776.0,2736.3999999999996,0.0013585983222808623,0.0003411414779939902,1.6104622496137185e-07,0.00023901993733818278,0.00010196049443084603,0.0010174567146662712,0.0,3.4636537291317194e-19,2.4819355026052654e-32,3.1586928142041235e-33
4,adam,374,1776.0,2736.3999999999996,0.000975668090457909,0.0002153106988235411,1.528951716739682e-07,0.00010499174058655187,0.00011016606306531526,0.0007603572608637006,0.0,3.382195087877729e-19,2.3807532591693524e-32,3.530358333641578e-33
4,adam,399,1776.0,2736.3999999999996,0.0008249370675056043,0.00022413261278342962,1.4313784101963361e-07,0.00014100185121074043,8.298762373166957e-05,0.0006008043226202869,0.0,3.2026434012580705e-19,2.2715746397987552e-32,4.0941902920630916e-33
4,adam,424,1776.0,2736.3999999999996,0.0006862809676226706,0.00018718626072656354,1.571642245319826e-07,0.00011612821755573266,7.090087894629891e-05,0.000499094573623976,0.0,3.3984786807866147e-19,2.0457241637305882e-32,2.77901420576794e-33
4,adam,449,1776.0,2736.3999999999996,0.0005584488751224839,0.00019747863703650483,1.5711902309268623e-07,6.788819862216929e-05,0.00012943331939124287,0.000360970103888317,0.0,4.033962443623332e-19,1.918524421765536e-32,2.1142233470099605e-33
4,adam,474,1776.0,2736.3999999999996,0.0004420556095983893,0.00014505335145973802,1.6065241092531465e-07,4.445890414333828e-05,0.00010043379490547442,0.00029700212310741016,0.0,4.381892737211369e-19,2.0728490235344993e-32,2.1903953236881956e-33
4,adam,499,1776.0,2736.3999999999996,0.0005356438950805901,0.00021790151636711644,1.530396190538535e-07,8.129044977386956e-05,0.00013645802697419303,0.00031774224277696583,0.0,4.3390145816285655e-19,2.2457302141984495e-32,1.8185508064008492e-33
4,adam,524,1776.0,2736.3999999999996,0.0003034801306262422,0.00011746698101765305,1.4897566702349554e-07,6.25559830268981e-05,5.476202232373146e-05,0.00018601301282864934,0.0,4.3272113630376443e-19,1.7296996992374796e-32,3.164694564561366e-33
4,adam,549,1776.0,2736.3999999999996,0.00022618789115680892,9.559202029776212e-05,1.382489525847328e-07,3.617244613288853e-05,5.928132521228885e-05,0.00013059573332210799,0.0,3.960912192586667e-19,1.738885421701923e-32,2.464572627389628e-33
4,adam,574,1776.0,2736.3999999999996,0.0004019634466685285,0.00024212360855188696,1.1232660435955542e-07,0.00017095507357397705,7.105620837355037e-05,0.0001598396998677741,0.0,3.059257692242256e-19,1.8120290994063309e-32,2.1711101558567227e-33
4,adam,599,1776.0,2736.3999999999996,0.00017744641129099293,7.74380253198095e-05,1.0689945771366623e-07,2.3485995743814574e-05,5.384513011828126e-05,0.00010000824740566157,0.0,3.148263490561609e-19,1.8074902980690366e-32,2.5286908055748776e-33
4,adam,624,1776.0,2736.3999999999996,0.00014929059892607974,8.663961851106753e-05,1.0333434266726434e-07,5.398393314688949e-05,3.255235102151077e-05,6.265084125998983e-05,0.0,3.1137284099149415e-19,1.820650430775026e-32,2.9263360902562772e-33
4,adam,649,1776.0,2736.3999999999996,0.00013166568765819882,7.381981357927454e-05,8.049284124053614e-08,2.6694000209379706e-05,4.704532052865429e-05,5.7845734409524804e-05,0.0,2.4006440718702772e-19,1.9913954927238808e-32,2.2502640972873403e-33
4,adam,674,1776.0,2736.3999999999996,0.00016770551062468574,0.00011051252641551967,6.163051233398604e-08,6.038527825446693e-05,5.006561764871875e-05,5.719284405000904e-05,0.0,1.8486649907335844e-19,1.782611583572425e-32,3.651090164864238e-33
4,adam,699,1776.0,2736.3999999999996,0.0003421015736562806,0.00019136624826717738,5.9362339745492475e-08,5.9593407039422516e-05,0.00013171347888800937,0.00015073518478498404,0.0,1.440936103999017e-19,1.9848930639861573e-32,1.763081556220951e-33
4,adam,724,1776.0,2736.3999999999996,7.557725337301397e-05,4.8610724639737935e-05,3.894558036362314e-08,1.4219791665175002e-05,3.435198739419931e-05,2.6966387853650003e-05,0.0,1.0794390063444481e-19,1.889893618752744e-32,2.5308607992313982e-33
4,adam,749,1776.0,2736.3999999999996,9.945374341049497e-05,7.680092930451818e-05,3.036721798337824e-08,4.9649067961748735e-05,2.7121494124786064e-05,2.2652672836895075e-05,0.0,7.984562835970412e-20,1.75138243658143e-32,3.027213743592495e-33
4,adam,774,1776.0,2736.3999999999996,5.894080015633187e-05,4.354126462538779e-05,2.2179533988031482e-08,1.8717915420408652e-05,2.4801169670991102e-05,1.5399393943905342e-05,0.0,5.745822759500014e-20,1.86306951471395e-32,2.5630565762574275e-33
4,adam,799,1776.0,2736.3999999999996,6.10386478809281e-05,4.647912347693669e-05,1.592046502700359e-08,2.6476513755798177e-05,1.998668925611151e-05,1.4559382496210163e-05,0.0,3.986838467485703e-20,1.829128666469911e-32,2.7475103548396377e-33
4,adam,824,1776.0,2736.3999999999996,0.00011789710502992557,8.306554256108225e-05,1.5641845239602254e-08,3.6032239356517926e-05,4.7017661359324714e-05,3.483142028560156e-05,0.0,3.500672840609968e-20,2.027696193142232e-32,2.0957063989107397e-33
4,adam,849,1776.0,2736.3999999999996,4.750241692774557e-05,3.8408945489807556e-05,1.4708542021211555e-08,1.5124375374662175e-05,2.3269861573124168e-05,9.093328966053289e-06,0.0,3.3038328634705756e-20,1.8192010282449376e-32,2.5116810971268166e-33
4,adam,874,1776.0,2736.3999999999996,5.515797863669406e-05,4.698451321718626e-05,8.32112729100511e-09,1.5966210443435596e-05,3.1009981646459656e-05,8.173322678076692e-06,0.0,1.6713847518539836e-20,1.8598804661275727e-32,2.194866352865255e-33
4,adam,899,1776.0,2736.3999999999996,5.301524652634867e-05,4.579068790612163e-05,6.021152211096537e-09,2.058722489744826e-05,2.5197441856462276e-05,7.224415625267502e-06,0.0,1.1803017418404317e-20,1.8433817849694683e-32,2.2331018874328644e-33
4,adam,924,1776.0,2736.3999999999996,0.00016009370182589437,0.00013475875751521832,1.0545396984517456e-08,0.00011603410823464467,1.8714103883589147e-05,2.5334801080699437e-05,0.0,2.3057951840273472e-20,1.6100757221470224e-32,3.2381249901337784e-33
4,adam,949,1776.0,2736.3999999999996,5.2303843305648386e-05,4.436651435455564e-05,7.291296692235162e-09,1.928141063119442e-05,2.507781242666899e-05,7.937185555496665e-06,0.0,1.3850873462522156e-20,1.939753947152774e-32,2.241217595833692e-33
4,adam,974,1776.0,2736.3999999999996,3.207124796038944e-05,2.776330914345797e-05,2.486612120575084e-08,1.20910639998139e-05,1.5647379022438317e-05,4.307795169201742e-06,0.0,4.27882307897033e-20,1.8056955032324632e-32,2.7037659091939334e-33
4,adam,999,1776.0,2736.3999999999996,3.089800006700396e-05,2.7149607659725767e-05,2.0423489591313902e-07,1.1708237968858027e-05,1.52371347949546e-05,3.748248523124676e-06,0.0,3.607319651066312e-19,1.8268769427447178e-32,2.5043056836090635e-33
4,adam,1024,1776.0,2736.3999999999996,3.0440156786722938e-05,2.761905771881991e-05,1.2650660330501537e-08,1.490261669640342e-05,1.2703790362085988e-05,2.8209549620327993e-06,0.0,1.9922012215043037e-20,1.7082937246852963e-32,2.629433524394745e-33
4,adam,1049,1776.0,2736.3999999999996,2.670504057529193e-05,2.4825974836760922e-05,2.2773169106388618e-08,1.1552173224597929e-05,1.3251028443056604e-05,1.8789214290459556e-06,0.0,3.627388653905171e-20,1.7320557810862443e-32,2.4228432058777897e-33
4,adam,1074,1776.0,2736.3999999999996,0.0001284165924631042,0.00011292967577090103,8.178763459250582e-08,9.988510330024185e-05,1.2962784836066674e-05,1.5486772175239176e-05,0.0,1.3480378891559954e-19,1.6457902386923846e-32,3.1733446215795624e-33
4,adam,1099,1776.0,2736.3999999999996,2.729961396905827e-05,2.1850254669012365e-05,2.6052242751926485e-08,8.874022719319098e-06,1.295017970694134e-05,5.449214635453496e-06,0.0,3.420277320022785e-20,1.7614637978868813e-32,2.370665768507015e-33
4,adam,1124,1776.0,2736.3999999999996,3.5360382790249226e-05,2.896632087406544e-05,9.155417727732429e-07,1.2337157432916051e-05,1.5713621668376147e-05,6.393917058325239e-06,0.0,1.4900915342703079e-18,1.8500996900170595e-32,2.173148754157709e-33
4,adam,1149,1776.0,2736.3999999999996,2.345580290224644e-05,2.044177353006262e-05,2.2553346860910396e-08,8.426319047879455e-06,1.1992901135322256e-05,3.013884325640929e-06,0.0,3.721267830017713e-20,1.803126619241499e-32,2.2653385737130183e-33
4,adam,1174,1776.0,2736.3999999999996,3.911332954352275e-05,2.994646711582056e-05,2.3352024096510797e-09,1.0103171857949073e-05,1.9840960055461836e-05,9.166717203692452e-06,0.0,2.968627894377942e-21,1.818461276426189e-32,2.1166674082140026e-33
4,adam,1199,1776.0,2736.3999999999996,0.0001465100842831495,0.00010652835324780118,1.1580641826767788e-08,5.541709797526212e-05,5.109967463071228e-05,3.9981585652654846e-05,0.0,1.8959398148297335e-20,2.1006975983347701e-32,1.7953966215344705e-33
4,adam,1224,1776.0,2736.3999999999996,0.00019571384175659937,0.00013213164078821482,3.164389047551899e-07,0.00011098150811735715,2.083369376610248e-05,6.358205540216655e-05,0.0,5.180833734009106e-19,1.4695538498830714e-32,2.421091213832167e-33
4,adam,1249,1776.0,2736.3999999999996,0.0011608195843725495,0.0011411855872342181,1.6276214193705748e-07,0.0009190419746189887,0.00022198085047329247,1.9633851139150143e-05,0.0,3.7711159294060875e-19,1.5432424730436317e-32,3.459963219570698e-33
4,adam,1274,1776.0,2736.3999999999996,0.0007626654143680292,0.0005375018988793471,2.5402702674326264e-07,0.00026969496247113313,0.0002675529093814707,0.0002251633698271908,0.0,4.141300715834882e-19,2.928606474708624e-32,1.6708360473860687e-33
4,adam,1299,1776.0,2736.3999999999996,5.842307130470562e-05,5.0201207210004135e-05,1.0033450306340097e-07,3.6378060440224924e-05,1.3722812266715813e-05,8.221718060786658e-06,0.0,1.5574855706054656e-19,1.552617049331018e-32,2.9802676567967298e-33
4,adam,1324,1776.0,2736.3999999999996,2.590913273311231e-05,2.3016642802353844e-05,1.3486179333815852e-08,1.4578651167325324e-05,8.424505455694705e-06,2.892343680081864e-06,0.0,2.2193530705058268e-20,1.6374980401949327e-32,2.444823757997179e-33
4,adam,1349,1776.0,2736.3999999999996,1.6422312231105574e-05,1.4557123641187144e-05,4.406663771506517e-09,7.363479242912697e-06,7.18923773450294e-06,1.8650421165013205e-06,0.0,8.14101282327174e-21,1.6581968549785986e-32,2.5411334421077412e-33
4,adam,1374,1776.0,2736.3999999999996,1.4260966193514878e-05,1.2756404514267e-05,3.058790957957528e-09,6.275097689533124e-06,6.478248033775919e-06,1.5044150063095776e-06,0.0,5.449537722990366e-21,1.668077866953477e-32,2.4810313234864218e-33
4,adam,1399,1776.0,2736.3999999999996,1.3002573881412887e-05,1.171962587166194e-05,2.756012494370976e-09,5.553382325315059e-06,6.16348753385251e-06,1.2828011611904298e-06,0.0,5.0656522561634606e-21,1.6700374492986433e-32,2.4351935423217903e-33
4,lbfgs,1400,1776.0,2736.3999999999996,1.4202108169675119e-05,1.2939485657781154e-05,2.5209380729591763e-09,6.29816994057987e-06,6.638794779128325e-06,1.262475656528184e-06,0.0,4.70884715644607e-21,1.7700662339667775e-32,2.581474843975237e-33
4,lbfgs,1409,1776.0,2736.3999999999996,1.2189743139806354e-05,1.0513227288814274e-05,2.015001641016773e-08,4.805384026274514e-06,5.6876932461295935e-06,1.6763689507996778e-06,0.0,3.7176226123085364e-20,1.803020199165643e-32,2.5481103601571972e-33
4,lbfgs,1419,1776.0,2736.3999999999996,8.054725501890551e-06,7.864155576533508e-06,4.154287700811396e-09,2.1789509787717555e-06,5.681050310060941e-06,1.9042279634220336e-07,0.0,7.708753819746037e-21,1.7930957091177314e-32,2.6288349327056066e-33
4,lbfgs,1429,1776.0,2736.3999999999996,6.258241162306925e-06,6.142333803458658e-06,2.1856038639532473e-09,2.2440792358657795e-06,3.896068963728924e-06,1.1576002446364436e-07,0.0,3.649396207349952e-21,1.8163653428629353e-32,2.5718645449923677e-33
4,lbfgs,1439,1776.0,2736.3999999999996,4.771879292530808e-06,4.674121162337926e-06,2.6416533174428524e-09,2.18726301883096e-06,2.4842164901895225e-06,9.761060857270532e-08,0.0,4.596610153211016e-21,1.8056154885450878e-32,2.553158029432792e-33
4,lbfgs,1449,1776.0,2736.3999999999996,2.550595579460573e-06,2.5000263336113764e-06,6.686294236424366e-09,6.365615636434967e-07,1.8567784757314552e-06,5.042165579976631e-08,0.0,1.566463098894632e-20,1.8490244376980102e-32,2.5523488505987112e-33
4,lbfgs,1459,1776.0,2736.3999999999996,2.0907519435239553e-06,2.0732073426799706e-06,2.9801988410157272e-09,5.328278289602823e-07,1.5373993148786727e-06,1.739689018020505e-08,0.0,6.028115157269431e-21,1.8472873269282046e-32,2.5207422879452823e-33
4,lbfgs,1469,1776.0,2736.3999999999996,1.9719910827644104e-06,1.950438348021453e-06,9.182173662358756e-09,6.379984234908043e-07,1.30325775086829e-06,2.1405065265216243e-08,0.0,1.1627148193120641e-20,1.854108007281071e-32,2.5355692755396693e-33
4,lbfgs,1479,1776.0,2736.3999999999996,1.762336491742513e-06,1.7126127471095376e-06,6.5672771048432144e-09,7.335795133900746e-07,9.724659566146196e-07,4.957606752167994e-08,0.0,1.2505047242771236e-20,1.8485363082883227e-32,2.531884044735024e-33
4,lbfgs,1489,1776.0,2736.3999999999996,1.0872255688713988e-06,1.064171612286773e-06,1.9680339656970633e-08,6.569273787822251e-07,3.8756389384757716e-07,2.2906258867856183e-08,0.0,4.057886173504092e-20,1.8419620692626972e-32,2.5403491039433154e-33
4,lbfgs,1499,1776.0,2736.3999999999996,9.387631649315641e-07,9.311831451119416e-07,1.1922344087409535e-08,6.219525608581107e-07,2.9730824016642136e-07,7.432348409753615e-09,0.0,2.4210772605688622e-20,1.8364978630506987e-32,2.545804772917669e-33
4,lbfgs,1509,1776.0,2736.3999999999996,8.751298404202693e-07,8.674981251622644e-07,6.726456603950774e-09,6.049737595954615e-07,2.557979089628521e-07,7.484033596430492e-09,0.0,1.570996798195435e-20,1.8411164734205576e-32,2.5390012743367273e-33
4,lbfgs,1519,1776.0,2736.3999999999996,7.057076912335536e-07,6.880051732402698e-07,1.7974294556968106e-08,4.4205875957626566e-07,2.2797211910703612e-07,1.755486457460471e-08,0.0,2.5386358964872752e-20,1.8321480030088074e-32,2.5415495615160145e-33
4,lbfgs,1529,1776.0,2736.3999999999996,6.223404349150731e-07,6.180337457596458e-07,1.9860728640854825e-08,3.981091768936226e-07,2.0006384022516842e-07,4.159008782437577e-09,0.0,3.2034689417737573e-20,1.827860850204077e-32,2.521459686180452e-33
4,lbfgs,1539,1776.0,2736.3999999999996,5.036546507848747e-07,4.944744022307303e-07,2.155337696347609e-08,2.9128184916837764e-07,1.8163917609887657e-07,9.032517898708772e-09,0.0,5.7247223301592e-20,1.8302516371595238e-32,2.5307568668335064e-33
4,lbfgs,1549,1776.0,2736.3999999999996,4.449627705940198e-07,4.4260664022096237e-07,1.3893975634456803e-08,2.414071892685447e-07,1.873054753179609e-07,2.2084201258919966e-09,0.0,3.558168738416661e-20,1.8304224308842735e-32,2.5284199619582694e-33
4,lbfgs,1559,1776.0,2736.3999999999996,3.6771911204754255e-07,3.6372560912214823e-07,1.965991876577244e-08,1.8490943974732161e-07,1.5915625060905418e-07,3.845806486149826e-09,0.0,5.121292882206437e-20,1.830623996673088e-32,2.5456590519915624e-33
4,lbfgs,1569,1776.0,2736.3999999999996,3.092679405905064e-07,3.038974708210217e-07,1.749972883081498e-08,1.5423825840745574e-07,1.3215948358275098e-07,5.222759278059187e-09,0.0,3.9057481789413984e-20,1.8288319658197316e-32,2.5358847795387918e-33
4,lbfgs,1579,1776.0,2736.3999999999996,2.7042289958686947e-07,2.689226541413414e-07,8.788356241390257e-09,1.3352893887253744e-07,1.2660535902741374e-07,1.3525425482060373e-09,0.0,2.1850647787636543e-20,1.83324562883627e-32,2.5330773741046527e-33
4,lbfgs,1589,1776.0,2736.3999999999996,2.421410484746219e-07,2.4103076966168236e-07,1.0748942102702596e-08,1.1517569176247406e-07,1.1510613579650568e-07,9.625826164667455e-10,0.0,2.811717611244008e-20,1.8303062213388278e-32,2.540866786502012e-33
4,lbfgs,1599,1776.0,2736.3999999999996,2.1722514890202883e-07,2.144741509007008e-07,4.9376609953886745e-09,9.49358331635638e-08,1.1460065674174832e-07,2.6032753387850752e-09,0.0,1.4961127039762395e-20,1.8326642742346977e-32,2.540537026847311e-33
4,lbfgs,1609,1776.0,2736.3999999999996,1.9941642703938124e-07,1.9772085875679095e-07,4.384032056451413e-09,8.183169134475556e-08,1.1150513535558397e-07,1.547829585206449e-09,0.0,1.0252062873799086e-20,1.8332625992302483e-32,2.5401446244225313e-33
4,lbfgs,1619,1776.0,2736.3999999999996,1.8353077248757662e-07,1.826759442922883e-07,5.4750576103623235e-09,6.69867434917602e-08,1.1021414319016578e-07,7.070960570724414e-10,0.0,1.0278541749358989e-20,1.8322941151780092e-32,2.543120328037435e-33
4,lbfgs,1629,1776.0,2736.3999999999996,1.6050458848567822e-07,1.5816173728467267e-07,6.143534276406984e-09,5.3526062290844716e-08,9.849214071742097e-08,2.195118349023125e-09,0.0,1.807215780228682e-20,1.8304300506257218e-32,2.5408743642450544e-33
4,lbfgs,1639,1776.0,2736.3999999999996,1.5348686538511424e-07,1.4876531585463298e-07,4.503543283565873e-09,4.734925440832343e-08,9.691251816274368e-08,4.573825434389986e-09,0.0,1.3217645781141056e-20,1.8299134311479605e-32,2.5420397156445088e-33
4,lbfgs,1649,1776.0,2736.3999999999996,1.4837458009339392e-07,1.439957923255741e-07,3.2357855668946452e-09,4.259889559579724e-08,9.816111116288223e-08,4.23106196705678e-09,0.0,9.476114955037855e-21,1.830244975280999e-32,2.543116380657344e-33
4,lbfgs,1659,1776.0,2736.3999999999996,1.4390355695442129e-07,1.4073574044572137e-07,2.700284519692275e-09,4.211770687501458e-08,9.59177490510145e-08,3.0200950958786243e-09,0.0,7.911498970292524e-21,1.8313798381706258e-32,2.5413252207686084e-33
4,lbfgs,1669,1776.0,2736.3999999999996,1.4133154584425248e-07,1.3839575331644205e-07,2.3142261142531435e-09,4.033235479955121e-08,9.574917240263771e-08,2.788059534722922e-09,0.0,6.780326094890062e-21,1.8318795152517647e-32,2.5417678619335153e-33
4,lbfgs,1679,1776.0,2736.3999999999996,1.311505930092254e-07,1.2835996303026945e-07,3.7156583773912798e-09,3.9395675736378075e-08,8.524862891650009e-08,2.642886088388572e-09,0.0,1.0636301000278731e-20,1.83179838011046e-32,2.540389610641086e-33
4,lbfgs,1689,1776.0,2736.3999999999996,1.2801659366446715e-07,1.2512142895439174e-07,3.618776776542348e-09,3.936082663610428e-08,8.214182554174512e-08,2.7474130959805965e-09,0.0,1.1095418506267423e-20,1.8299323373987247e-32,2.537712984014712e-33
4,lbfgs,1699,1776.0,2736.3999999999996,1.2409467480895925e-07,1.1994773702487731e-07,2.961579041244404e-09,3.8201884208875754e-08,7.878427377475716e-08,3.999169064206335e-09,0.0,8.971987471404107e-21,1.8303718126569722e-32,2.5360919588310432e-33
4,lbfgs,1709,1776.0,2736.3999999999996,1.1856998000198807e-07,1.166892410235841e-07,2.255370085111875e-09,3.941650842756254e-08,7.501736251090969e-08,1.7329693314199279e-09,0.0,6.86187528299049e-21,1.8303771051728877e-32,2.5381962543682467e-33
4,lbfgs,1719,1776.0,2736.3999999999996,1.115781629124643e-07,1.0837775633563184e-07,1.604524777348865e-09,3.567205428958828e-08,7.11011772686947e-08,3.0526262728823487e-09,0.0,4.021414038212914e-21,1.8324008826811732e-32,2.537901173705942e-33
4,lbfgs,1729,1776.0,2736.3999999999996,1.0709576069844026e-07,1.052739673787961e-07,2.55358355863506e-09,3.556878996347927e-08,6.715159385668177e-08,1.6740207584572664e-09,0.0,4.8764251848973625e-21,1.831812537382631e-32,2.5385376565381452e-33
4,lbfgs,1739,1776.0,2736.3999999999996,1.0004925324823922e-07,9.877806774312734e-08,1.642735348837588e-09,3.455123772631663e-08,6.258409466797312e-08,1.1233950012677018e-09,0.0,3.985504890966612e-21,1.8311311603048837e-32,2.536814737242015e-33
4,lbfgs,1749,1776.0,2736.3999999999996,9.660220140141197e-08,9.598195055665545e-08,1.2200344606938343e-09,3.450466666503521e-08,6.025724943092641e-08,4.724604196363969e-10,0.0,3.3398576612712293e-21,1.83199301071571e-32,2.5388294374023267e-33
4,lbfgs,1759,1776.0,2736.3999999999996,9.551407917742472e-08,9.450011521280607e-08,1.3458625954872917e-09,3.395646653544123e-08,5.9197786081877556e-08,8.661697996813668e-10,0.0,3.627891995212803e-21,1.8320142784226095e-32,2.538180207792082e-33
4,lbfgs,1769,1776.0,2736.3999999999996,9.462353075701485e-08,9.330876248026322e-08,1.2097140280498612e-09,3.430869238546898e-08,5.779035606674438e-08,1.1669746357639158e-09,0.0,3.315402454597971e-21,1.831982802618314e-32,2.538395715652216e-33
4,lbfgs,1779,1776.0,2736.3999999999996,9.376105310367693e-08,9.222329520321385e-08,9.662819285793643e-10,3.471012566323723e-08,5.6546887611397246e-08,1.38996683008088e-09,0.0,2.6581833001416993e-21,1.832770021500134e-32,2.539931701492844e-33
4,lbfgs,1789,1776.0,2736.3999999999996,9.133493224224608e-08,9.050449671002333e-08,6.588102821729178e-10,3.579613540241043e-08,5.404955102543999e-08,6.826531723017671e-10,0.0,1.6719752767579529e-21,1.83211300875524e-32,2.53997471094229e-33
4,lbfgs,1799,1776.0,2736.3999999999996,9.037331236923936e-08,8.96853384795709e-08,8.282928862787695e-10,3.608326358897369e-08,5.277378200431844e-08,5.401901531261491e-10,0.0,2.1415199919309253e-21,1.8320770741994115e-32,2.5394989892319117e-33
4,lbfgs,1809,1776.0,2736.3999999999996,8.999659297167032e-08,8.941335006804801e-08,8.837739170885905e-10,3.6237778900856344e-08,5.2291797250103075e-08,4.354579300287211e-10,0.0,2.201783211570873e-21,1.8322881636010287e-32,2.539637305499436e-33
4,lbfgs,1819,1776.0,2736.3999999999996,8.960060359623177e-08,8.896303847266116e-08,8.791924379648288e-10,3.622412963319979e-08,5.185971640149654e-08,4.897800328940514e-10,0.0,2.180931369513584e-21,1.8322543310161783e-32,2.539757177969574e-33
4,lbfgs,1829,1776.0,2736.3999999999996,8.931824481702283e-08,8.869992756811608e-08,8.630251440118524e-10,3.611103921556798e-08,5.172586320853626e-08,4.705319563561113e-10,0.0,2.1563937902682954e-21,1.832289165552023e-32,2.5397255985377093e-33
4,lbfgs,1839,1776.0,2736.3999999999996,8.90116219344337e-08,8.841540299686515e-08,8.543018390786662e-10,3.600097930166569e-08,5.15601218561208e-08,4.4843323871254247e-10,0.0,2.139504008152171e-21,1.8323553988201103e-32,2.539631524717299e-33
4,lbfgs,1849,1776.0,2736.3999999999996,8.877446816858026e-08,8.815128308532309e-08,8.238169945389068e-10,3.593260309362555e-08,5.139486299715863e-08,4.753992349297288e-10,0.0,2.06619447166871e-21,1.8323320218671394e-32,2.539663590411773e-33
4,lbfgs,1859,1776.0,2736.3999999999996,8.851950489013053e-08,8.784832161693052e-08,7.865210488528168e-10,3.585510330032515e-08,5.1206697267752563e-08,5.233973739454608e-10,0.0,1.9758798640327813e-21,1.8322694681795397e-32,2.5397672399531285e-33
4,lbfgs,1869,1776.0,2736.3999999999996,8.831512468467581e-08,8.766282723211909e-08,7.729417013096706e-10,3.579423401863507e-08,5.109565151217435e-08,5.045112418210731e-10,0.0,1.94963594931903e-21,1.8323068376986268e-32,2.5397094319956538e-33
4,lbfgs,1879,1776.0,2736.3999999999996,8.810003659001038e-08,8.746479792265364e-08,7.719034675515174e-10,3.5751606018317724e-08,5.0941288436784396e-08,4.874518654657518e-10,0.0,1.9334038348476005e-21,1.8323964722334065e-32,2.5395461968764242e-33
4,lbfgs,1889,1776.0,2736.3999999999996,8.79199328395764e-08,8.726347427896464e-08,7.414644508335225e-10,3.570722019212489e-08,5.081478963600623e-08,5.086716932152171e-10,0.0,1.863484457427826e-21,1.832358952249273e-32,2.5395978120103834e-33
4,lbfgs,1899,1776.0,2736.3999999999996,8.773733578986808e-08,8.704406595874391e-08,7.057189095614759e-10,3.564365127205902e-08,5.069469577712341e-08,5.454831586154334e-10,0.0,1.7863042254487237e-21,1.832251886478905e-32,2.5397809921067485e-33
4,lbfgs,1909,1776.0,2736.3999999999996,8.75746353730371e-08,8.689919456803351e-08,6.970120457204799e-10,3.561035548569473e-08,5.059182703661829e-08,5.276537731993485e-10,0.0,1.7658865298839464e-21,1.8323040249678057e-32,2.5396906865368848e-33
4,lbfgs,1919,1776.0,2736.3999999999996,8.743551995432634e-08,8.675890428364746e-08,6.859095128754404e-10,3.558645459833035e-08,5.048654017244167e-08,5.288283897725378e-10,0.0,1.73425206802612e-21,1.832325864703407e-32,2.5396443312435833e-33
4,lbfgs,1929,1776.0,2736.3999999999996,8.726877131122389e-08,8.65854499103031e-08,6.768566542620483e-10,3.5578419592918835e-08,5.0330173663122216e-08,5.355336463452933e-10,0.0,1.692769122110423e-21,1.8323905420657008e-32,2.5395135124461154e-33
4,lbfgs,1939,1776.0,2736.3999999999996,8.714295404754361e-08,8.645439979277999e-08,6.605119196036943e-10,3.554478117112381e-08,5.024910670205249e-08,5.407664566131781e-10,0.0,1.6579820687560012e-21,1.8323659126722738e-32,2.5395501433250697e-33
4,lbfgs,1949,1776.0,2736.3999999999996,8.69946203713445e-08,8.630565626453834e-08,6.389995832182298e-10,3.548299316442325e-08,5.018366351689687e-08,5.41176471765566e-10,0.0,1.6230652857264675e-21,1.8322820616100492e-32,2.5396920386102188e-33
4,lbfgs,1959,1776.0,2736.3999999999996,8.687845371418088e-08,8.618694312058235e-08,6.313171067147587e-10,3.5474143234299444e-08,5.008148277956815e-08,5.437226930887067e-10,0.0,1.5959828398628075e-21,1.8323201144234328e-32,2.5396219498215733e-33
4,lbfgs,1969,1776.0,2736.3999999999996,8.674665170325628e-08,8.603945990870874e-08,6.288667406402392e-10,3.5503555609520216e-08,4.990703755854828e-08,5.594033024332367e-10,0.0,1.555988929677124e-21,1.8324417543920967e-32,2.5394154913118192e-33
4,lbfgs,1979,1776.0,2736.3999999999996,8.663660890306433e-08,8.59295775018808e-08,6.140241547016178e-10,3.546177147562399e-08,4.98537818715552e-08,5.592429579076438e-10,0.0,1.5311369675169739e-21,1.8323934644860553e-32,2.5394827801947318e-33
4,lbfgs,1989,1776.0,2736.3999999999996,8.653587172509322e-08,8.582870577139043e-08,6.037050332832666e-10,3.5433904632661456e-08,4.97910961054457e-08,5.593774831100029e-10,0.0,1.5098016441173903e-21,1.8323726811636994e-32,2.539509907513226e-33
4,lbfgs,1999,1776.0,2736.3999999999996,8.641329600536594e-08,8.571355896734262e-08,5.905344285972239e-10,3.538021313456271e-08,4.974281140418268e-08,5.519486885719328e-10,0.0,1.4919382559031665e-21,1.8322996125607976e-32,2.5396142966892802e-33
4,lbfgs,2009,1776.0,2736.3999999999996,8.631815077639967e-08,8.561285323546654e-08,5.839738453705616e-10,3.537615136063751e-08,4.965272802945847e-08,5.575090025891013e-10,0.0,1.4678764602526036e-21,1.832332310555732e-32,2.5395620513024615e-33
4,lbfgs,2019,1776.0,2736.3999999999996,8.620564462546754e-08,8.548226891322552e-08,5.792931479144208e-10,3.540342468405525e-08,4.9499551081255856e-08,5.755867591369057e-10,0.0,1.4307102856519558e-21,1.832438875126382e-32,2.5394114081536614e-33
4,lbfgs,2029,1776.0,2736.3999999999996,8.611398626393913e-08,8.539431292099656e-08,5.704165387010969e-10,3.536583630746928e-08,4.945806007482619e-08,5.718844167442376e-10,0.0,1.4168369385673614e-21,1.8323967699286885e-32,2.5394583152061323e-33
4,lbfgs,2039,1776.0,2736.3999999999996,8.60119126325069e-08,8.530951309888299e-08,5.611646033453787e-10,3.5285062054151936e-08,4.946328644138568e-08,5.546108600791568e-10,0.0,1.4177919755168389e-21,1.8322521040535798e-32,2.5396207851425784e-33
4,lbfgs,2049,1776.0,2736.3999999999996,8.592108015423548e-08,8.521075983253374e-08,5.551211185589068e-10,3.529285673281203e-08,4.936278198116281e-08,5.625314473505108e-10,0.0,1.3920926502017236e-21,1.8323147155341723e-32,2.5395482218886212e-33
4,lbfgs,2059,1776.0,2736.3999999999996,8.583835428934518e-08,8.512295034745717e-08,5.498928716650594e-10,3.528840219070236e-08,4.928465528508975e-08,5.67614938214547e-10,0.0,1.3729491739311785e-21,1.8323435390295143e-32,2.5395105818523418e-33
4,lbfgs,2069,1776.0,2736.3999999999996,8.57378996727622e-08,8.500723291671682e-08,5.450285243159752e-10,3.5309568930093194e-08,4.9152635462307654e-08,5.828774784586221e-10,0.0,1.3425025745393182e-21,1.8324367878797972e-32,2.539405937191359e-33
4,lbfgs,2079,1776.0,2736.3999999999996,8.565722940331206e-08,8.493043292963694e-08,5.393422962351937e-10,3.527469031944515e-08,4.911640031395658e-08,5.790072057816401e-10,0.0,1.3337006196589171e-21,1.832399743910507e-32,2.539436426114031e-33
4,lbfgs,2089,1776.0,2736.3999999999996,8.556362803719519e-08,8.485195132841218e-08,5.342095674026067e-10,3.520001304383183e-08,4.911772871717774e-08,5.638875720420676e-10,0.0,1.3378539494777525e-21,1.8322739354567357e-32,2.5395422616156964e-33
5,adam,0,2736.3999999999996,4080.959999999999,0.10882851483568438,0.08162138605786148,0.00027777775028807244,0.05880759763684939,0.022536010670724027,0.027207128685953822,0.0,1.4703026118466688e-16,1.9600203713148977e-30,2.499999999999994e-31
5,adam,24,2736.3999999999996,4080.959999999999,0.025249868582685502,0.011824337519398334,7.84912268382657e-05,0.007790471342228952,0.003955374950331117,0.013425530969827031,0.0,1.4075025625690827e-17,2.741233122004116e-31,4.4592685413595145e-32
5,adam,49,2736.3999999999996,4080.959999999999,0.019938302003692506,0.007069758541144309,5.9948608049409914e-06,0.004448821963111849,0.0026149417172275182,0.012868543366348411,0.0,7.073650974263744e-19,1.6557002337503613e-31,2.9850119337274155e-32
5,adam,74,2736.3999999999996,4080.959999999999,0.017472431404437033,0.004992612726771961,3.4382345327452e-06,0.0032130521705588063,0.001776122321680409,0.01247981857791386,0.0,6.152747725505224e-19,1.193061169634085e-31,2.0507143446930876e-32
5,adam,99,2736.3999999999996,4080.959999999999,0.01632744273547227,0.004285680516074701,2.6760525834375846e-06,0.0027945095454457425,0.0014884949180455213,0.012041762116520251,0.0,5.138100572026765e-19,9.629400306522868e-32,1.7640014473577477e-32
5,adam,124,2736.3999999999996,4080.959999999999,0.015591618411977823,0.003937393756237486,1.0859285363790727e-06,0.002609434067108362,0.001326873760592745,0.01165422455043063,0.0,2.0685603278046344e-19,8.353568302323382e-32,1.59462160231164e-32
5,adam,149,2736.3999999999996,4080.959999999999,0.014773082395585831,0.003516755284041876,9.087062099480708e-07,0.002326970547025006,0.001188876030806922,0.011256327003962485,0.0,1.8159130993648603e-19,7.467775662400995e-32,1.4327322395662758e-32
5,adam,174,2736.3999999999996,4080.959999999999,0.012858448292234127,0.002506079552812252,9.403449053747457e-07,0.0015870718701569107,0.0009180673377499668,0.010352368628391284,0.0,1.3778616979094265e-19,6.321680094886628e-32,1.097443855234818e-32
5,adam,199,2736.3999999999996,4080.959999999999,0.010471135713010749,0.001644784828316848,5.156767550227451e-07,0.0009959852769426945,0.0006482838746191308,0.008826350769475461,0.0,7.936908055243958e-20,4.953453823059476e-32,7.811051707354178e-33
5,adam,224,2736.3999999999996,4080.959999999999,0.008696826061956056,0.0012324366407901698,3.434784067475054e-07,0.0007783480480817347,0.0004537451143016876,0.007464389302849219,0.0,9.915847098964156e-20,4.4626868155800657e-32,6.745036438174037e-33
5,adam,249,2736.3999999999996,4080.959999999999,0.007225428544281333,0.0009396957316030309,2.0795951385720608e-07,0.0006108689563820292,0.0003286188157071446,0.006285732690887918,0.0,4.8897699978162536e-20,3.9936392482182967e-32,5.845237254167619e-33
5,adam,274,2736.3999999999996,4080.959999999999,0.006041758768785868,0.000751673966092995,2.3092325532421574e-07,0.0004997140223292763,0.0002517290205083945,0.0052900846772930875,0.0,5.199210110128445e-20,3.6644525851079533e-32,5.214490252161364e-33
5,adam,299,2736.3999999999996,4080.959999999999,0.005133147663079951,0.000647179294118342,2.7045324866360724e-07,0.00042862447770995656,0.00021828436315972182,0.004485968240041835,0.0,5.946395342062943e-20,3.4940638456414254e-32,4.35748321951883e-33
5,adam,324,2736.3999999999996,4080.959999999999,0.004328406527867295,0.0005529940715326259,2.426398212563868e-07,0.0003807422392888098,0.0001720091924225597,0.003775412324585893,0.0,5.493335815504853e-20,3.119433715697661e-32,4.441773499193668e-33
5,adam,349,2736.3999999999996,4080.959999999999,0.0036795193188656128,0.00047579414556430885,2.3138115085573773e-07,0.0003154653310489241,0.00016009743336452902,0.00320372503905551,0.0,5.504666872210173e-20,2.9515251782058224e-32,4.1262501683978537e-33
5,adam,374,2736.3999999999996,4080.959999999999,0.004348511795783835,0.001204463784109285,1.730685773713086e-07,0.0009876613591986707,0.00021662935633324297,0.0031440478750762424,0.0,3.903987215499471e-20,3.0365225875000625e-32,6.942048894107268e-33
5,adam,399,2736.3999999999996,4080.959999999999,0.002980772927245815,0.0005390097597866933,1.4057108165497918e-07,0.00030524036953553306,0.00023362881916950525,0.0024417630297742282,0.0,4.359538675417117e-20,2.526694889569518e-32,2.9510559620568943e-33
5,adam,424,2736.3999999999996,4080.959999999999,0.00246565364912852,0.00040225993561135204,1.3991196542885312e-07,0.0002235435753714759,0.00017857644827444727,0.00206339357464672,0.0,4.726314434351826e-20,2.6604908208864534e-32,3.931429387818283e-33
5,adam,449,2736.3999999999996,4080.959999999999,0.0021263617158959595,0.0003510390697569498,1.1398618816467442e-07,0.00019534361681701836,0.00015558146675176678,0.0017753225056375166,0.0,3.804850166931915e-20,2.6831622429880263e-32,3.571392896919481e-33
5,adam,474,2736.3999999999996,4080.959999999999,0.0018457403058065606,0.0003200175108696437,9.475158094035808e-08,0.0001711752675996004,0.00014874749168910297,0.0015257226527907528,0.0,3.1014638979364594e-20,2.605348878973895e-32,3.351819461491394e-33
5,adam,499,2736.3999999999996,4080.959999999999,0.0016018739579937598,0.0002939377013236751,7.919650216483928e-08,0.00015261599941306222,0.00014124250540844806,0.0013079361129160767,0.0,2.54264695617703e-20,2.518502713763397e-32,3.209034953545984e-33
5,adam,524,2736.3999999999996,4080.959999999999,0.001388595613075606,0.0002699787312127094,6.621516703185226e-08,0.00013611327141020948,0.00013379924463546806,0.0011186167365556641,0.0,2.0905488583746672e-20,2.442035204931702e-32,3.115245528617946e-33
5,adam,549,2736.3999999999996,4080.959999999999,0.0012020812249735919,0.00024796222019274865,5.538669740039613e-08,0.00012025942318841509,0.00012764741030693317,0.0009541188579688524,0.0,1.7205299959364523e-20,2.383414654801087e-32,2.9808158103789116e-33
5,adam,574,2736.3999999999996,4080.959999999999,0.001478196135252159,0.000564165792177958,3.818539453697952e-08,0.00035263585172205553,0.00021149175506136552,0.0009140301948453716,0.0,1.0275720168066141e-20,2.179798086304114e-32,2.463834873771614e-33
5,adam,599,2736.3999999999996,4080.959999999999,0.0009876079369638992,0.0002702615020565259,3.809009880045518e-08,0.00010697242753952046,0.00016325098441820498,0.0007173462862271374,0.0,1.2696243662254412e-20,2.026817984969531e-32,3.0525117947541067e-33
5,adam,624,2736.3999999999996,4080.959999999999,0.0007972776758269195,0.0001964987301644922,3.966303175930866e-08,9.768834479027896e-05,9.877072234245392e-05,0.0006007787958882574,0.0,1.3358512099979626e-20,2.003061643336941e-32,3.0063434240512843e-33
5,adam,649,2736.3999999999996,4080.959999999999,0.0006882913979279984,0.0001794796555186813,2.9561735058075188e-08,8.143917302090112e-05,9.801092076272212e-05,0.0005088115916116618,0.0,8.09564788584507e-21,1.9499501379810534e-32,2.898178402107902e-33
5,adam,674,2736.3999999999996,4080.959999999999,0.0005940770324527421,0.00016526141640422213,2.6327186452644896e-08,7.44921870085508e-05,9.07429022092187e-05,0.0004288154642603003,0.0,6.949125858820183e-21,1.8935342356909538e-32,2.8262447474462578e-33
5,adam,699,2736.3999999999996,4080.959999999999,0.000511452476281777,0.0001500397941932082,2.310312219992826e-08,6.62876949901817e-05,8.372899608082658e-05,0.00036141252935080595,0.0,5.964753779975934e-21,1.855783623449617e-32,2.779890690851017e-33
5,adam,724,2736.3999999999996,4080.959999999999,0.0012374202800782075,0.0008061372483223429,4.2965577585671094e-08,0.0005236203760693356,0.00028247390667542164,0.0004312828780140546,0.0,5.876809532077586e-21,1.9045115368636328e-32,8.007524201533355e-33
5,adam,749,2736.3999999999996,4080.959999999999,0.0018567803820662221,0.0014146967390181876,1.2428226169434247e-07,0.0009253188563022782,0.000489253600454215,0.00044208348801389927,0.0,4.166616058971128e-20,1.4944383320013584e-32,2.3410537990289363e-33
5,adam,774,2736.3999999999996,4080.959999999999,0.0004907968904601273,0.0002458409022971488,5.866428446381445e-08,5.506142537244908e-05,0.00019072081264023594,0.00024495583354217093,0.0,1.0920233649338199e-20,1.7628841943703126e-32,2.0026050249483587e-33
5,adam,799,2736.3999999999996,4080.959999999999,0.0003409298126869664,0.00013454249841327352,3.5246614907393336e-08,6.315042288097896e-05,7.135682891738715e-05,0.0002063871588891506,0.0,5.341539703782474e-21,1.851830326459105e-32,2.591723685203858e-33
5,adam,824,2736.3999999999996,4080.959999999999,0.0002868483321648586,0.00011203336944444763,1.957080312185677e-08,4.2797417413963275e-05,6.92163812273625e-05,0.00017481480660527085,0.0,3.015910208404756e-21,1.8136773742102085e-32,2.5648280408250134e-33
5,adam,849,2736.3999999999996,4080.959999999999,0.0002483468689820274,0.00010167882348571493,1.344272928524162e-08,4.2419204965486994e-05,5.92461757909427e-05,0.00014666788862632463,0.0,2.163710422363171e-21,1.8065744070434117e-32,2.5164493807983518e-33
5,adam,874,2736.3999999999996,4080.959999999999,0.00021604733417707146,9.318338414720598e-05,9.118059659199991e-09,3.8517683853087524e-05,5.4656582234459254e-05,0.0001228637924535303,0.0,1.6616666001929438e-21,1.7845770952571794e-32,2.5003173542594388e-33
5,adam,899,2736.3999999999996,4080.959999999999,0.00018894899326649619,8.650168787588514e-05,6.3784740679801436e-09,3.594110618351689e-05,5.055420321830026e-05,0.00010244714714783685,0.0,1.4649674976517721e-21,1.7663107009923656e-32,2.4482842060000335e-33
5,adam,924,2736.3999999999996,4080.959999999999,0.00016630762521608656,8.10092972003522e-05,5.128029520762603e-09,3.370226972559155e-05,4.730189944523989e-05,8.529816915141043e-05,0.0,1.4665163403360007e-21,1.7488109576674365e-32,2.415098207211259e-33
5,adam,949,2736.3999999999996,4080.959999999999,0.00014737211286694588,7.646087220778973e-05,5.261522158318291e-09,3.190722361691468e-05,4.454838706871673e-05,7.091108121506503e-05,0.0,1.6620268260500113e-21,1.733712450483744e-32,2.3867674448137657e-33
5,adam,974,2736.3999999999996,4080.959999999999,0.0001314585213663302,7.255782344425674e-05,6.3895850175533455e-09,3.0341739758811926e-05,4.220969410042726e-05,5.890053793751593e-05,0.0,1.9968055981458772e-21,1.720855044002227e-32,2.364396433157959e-33
5,adam,999,2736.3999999999996,4080.959999999999,0.00011800096727963635,6.909749728236987e-05,8.03334809781815e-09,2.89522304354775e-05,4.013723349879455e-05,4.890330950753826e-05,0.0,2.41105258363696e-21,1.709925982354182e-32,2.347544154576449e-33
5,adam,1024,2736.3999999999996,4080.959999999999,0.00011175322378969264,7.121342944312877e-05,1.119245497460473e-08,3.0171295650913395e-05,4.1030941337240767e-05,4.053963340182157e-05,0.0,3.5826108184427886e-21,1.684659647910729e-32,2.306728128733139e-33
5,adam,1049,2736.3999999999996,4080.959999999999,0.00010136092374661439,6.754343134728076e-05,1.3580428863579995e-08,2.8631092743266674e-05,3.88987581751505e-05,3.381733101439996e-05,0.0,4.376744209018e-21,1.6741403355985765e-32,2.2839542396483073e-33
5,adam,1074,2736.3999999999996,4080.959999999999,9.24284940105937e-05,6.424210542138863e-05,1.514525538072015e-08,2.7222874443603645e-05,3.700408572240427e-05,2.818622677928101e-05,0.0,4.8470941830738795e-21,1.6677161594608214e-32,2.270989244604503e-33
5,adam,1099,2736.3999999999996,4080.959999999999,8.467597763694781e-05,6.115230651896517e-05,1.610226565675765e-08,2.5931410223074893e-05,3.520479403023352e-05,2.3523508903331288e-05,0.0,5.196169606734626e-21,1.6623576306887327e-32,2.2599963302430157e-33
5,adam,1124,2736.3999999999996,4080.959999999999,7.788968482337326e-05,5.823165684511549e-05,1.6487300039782282e-08,2.4724183523023634e-05,3.349098602205207e-05,1.9657865377304485e-05,0.0,5.4304303391068144e-21,1.6575149063014313e-32,2.2517887004674857e-33
5,adam,1149,2736.3999999999996,4080.959999999999,0.0001269506528687709,9.948019455775913e-05,1.5343589918178933e-08,6.360330747819076e-05,3.58615434896502e-05,2.7470295324026308e-05,0.0,5.65983211432988e-21,1.5711515244842615e-32,2.9816716108257258e-33
5,adam,1174,2736.3999999999996,4080.959999999999,7.123280397490427e-05,5.582623152117795e-05,1.5825071457013984e-08,2.089397980626862e-05,3.491642664345232e-05,1.5406409137654072e-05,0.0,5.627757178988755e-21,1.6825126284225276e-32,2.073748984208691e-33
5,adam,1199,2736.3999999999996,4080.959999999999,7.120923786178443e-05,5.855218980827807e-05,1.5790208259929035e-08,2.2159355580725555e-05,3.6377044019292586e-05,1.2656884389607328e-05,0.0,5.7390157016887434e-21,1.6602195087313858e-32,1.9793981289024026e-33
5,adam,1224,2736.3999999999996,4080.959999999999,7.053196338241095e-05,5.676452812081871e-05,1.507996045693136e-08,2.4689227249880216e-05,3.2060220910481566e-05,1.3767271257974103e-05,0.0,5.465347745470143e-21,1.5754308084627273e-32,1.877146871547816e-33
5,adam,1249,2736.3999999999996,4080.959999999999,0.0002537785894638515,0.0002254755744928114,2.9081830489010352e-08,0.00020247882252978812,2.2967670132534244e-05,2.8302850543566473e-05,0.0,7.264600287865386e-21,1.3591001194827442e-32,2.6165955385489427e-33
5,adam,1274,2736.3999999999996,4080.959999999999,0.00022011703020366984,0.00017156830516090743,2.5373888890335267e-08,7.15224602970844e-05,0.00010002047097493271,4.85485603470218e-05,0.0,7.062420741012502e-21,1.8274545467350342e-32,1.283506762712747e-33
5,adam,1299,2736.3999999999996,4080.959999999999,0.0004544433964545535,0.0004451790544816853,5.600716665774513e-07,0.00037289705276509944,7.172193005000846e-05,9.264176585289883e-06,0.0,1.7305539612301532e-19,1.2227344250303149e-32,2.089661026354655e-33
5,adam,1324,2736.3999999999996,4080.959999999999,0.00027901735069665564,0.0002242924703012051,4.3917852655540135e-08,0.00013704761491514097,8.720093753340862e-05,5.472471481416809e-05,0.0,1.1099279793109098e-20,1.4654913485391468e-32,3.8142522759698406e-33
5,adam,1349,2736.3999999999996,4080.959999999999,9.965210610170107e-05,9.07876798698698e-05,2.8170812521194722e-08,6.893951797570394e-05,2.181999108164467e-05,8.864260373473257e-06,0.0,1.0329980419036567e-20,1.3555144777381177e-32,2.5590579625565963e-33
5,adam,1374,2736.3999999999996,4080.959999999999,4.983012922162902e-05,4.233788069017552e-05,2.4137888019472604e-08,2.1540610838933783e-05,2.0773131963222267e-05,7.492082412246247e-06,0.0,8.317108963249483e-21,1.4935639055912555e-32,2.3270058181031736e-33
5,adam,1399,2736.3999999999996,4080.959999999999,4.1954368276796434e-05,3.6893848886714185e-05,2.1252697336066924e-08,1.550968171032897e-05,2.1362914479049146e-05,5.060353053317148e-06,0.0,7.891129637451853e-21,1.4848669047239604e-32,2.218959877379133e-33
5,lbfgs,1400,2736.3999999999996,4080.959999999999,4.7466020095959696e-05,4.240995825618428e-05,2.5177070658105587e-08,1.7637131463425047e-05,2.474764972210113e-05,5.055895494095386e-06,0.0,9.935697153382316e-21,1.741069788009525e-32,2.321291311200869e-33
5,lbfgs,1409,2736.3999999999996,4080.959999999999,3.984061103151971e-05,3.739275229806475e-05,3.606550338009852e-08,1.725567696506449e-05,2.010100982962016e-05,2.44769226185382e-06,0.0,1.0780553611104326e-20,1.7019181410087017e-32,2.2623543077341236e-33
5,lbfgs,1419,2736.3999999999996,4080.959999999999,2.674972668004336e-05,2.6514529259384857e-05,2.2459706050089988e-08,8.786280513045682e-06,1.7705789040289087e-05,2.350305229212548e-07,0.0,7.56899593813089e-21,1.7413117587591812e-32,2.423901268412312e-33
5,lbfgs,1429,2736.3999999999996,4080.959999999999,2.1057933667334945e-05,2.088508500919793e-05,1.6511151216203194e-08,7.851806338389328e-06,1.30167675195924e-05,1.7268120205542452e-07,0.0,5.351994688673334e-21,1.7014619811415358e-32,2.3049876904764875e-33
5,lbfgs,1439,2736.3999999999996,4080.959999999999,1.6779140167878277e-05,1.6685274563503884e-05,1.9582024552142566e-08,8.055191741167113e-06,8.610500797784627e-06,9.369810887640697e-08,0.0,5.760941361514872e-21,1.657134555979856e-32,2.2666224388835016e-33
5,lbfgs,1449,2736.3999999999996,4080.959999999999,9.262766962304288e-06,9.187840789854298e-06,3.3020383609078437e-08,4.666382811497088e-06,4.488437594748131e-06,7.475875121651229e-08,0.0,7.797776187523206e-21,1.7047154998984844e-32,2.205235423600334e-33
5,lbfgs,1459,2736.3999999999996,4080.959999999999,5.29365726606851e-06,5.2846929947261895e-06,1.4678512569726674e-08,2.0083027333468464e-06,3.2617117488096164e-06,8.796877518356061e-09,0.0,4.556630051641507e-21,1.731656353512682e-32,2.186947547655428e-33
5,lbfgs,1469,2736.3999999999996,4080.959999999999,4.401679729034263e-06,4.3878105968540325e-06,1.028176402605111e-08,2.5788156433142444e-06,1.7987131895137373e-06,1.3701591898204508e-08,0.0,2.191861520179411e-21,1.7396020823625627e-32,2.155769370211661e-33
5,lbfgs,1479,2736.3999999999996,4080.959999999999,3.5725734069668676e-06,3.4689728907572693e-06,7.65165516094527e-09,1.7449271479777972e-06,1.716394087618527e-06,1.0343304660411525e-07,0.0,2.2037987894114492e-21,1.7213636161476002e-32,2.1533466490535818e-33
5,lbfgs,1489,2736.3999999999996,4080.959999999999,3.0571820034167307e-06,3.0222998460997973e-06,6.411640902986709e-09,1.3268810782656127e-06,1.689007126931198e-06,3.471462129028837e-08,0.0,1.924106936428485e-21,1.7212694350309396e-32,2.1247167519987113e-33
5,lbfgs,1499,2736.3999999999996,4080.959999999999,2.2526525766916113e-06,2.2399232605097e-06,9.362640972896438e-09,8.023863301889139e-07,1.4281742893478895e-06,1.2561675695492792e-08,0.0,2.66724526042468e-21,1.7204177439962446e-32,2.145378717833489e-33
5,lbfgs,1509,2736.3999999999996,4080.959999999999,1.2263614412515618e-06,1.2008212049694934e-06,1.49400440384275e-08,2.9762761179079035e-07,8.882535491402756e-07,2.537241920207547e-08,0.0,4.24765090512475e-21,1.7052164509783192e-32,2.1414547575911158e-33
5,lbfgs,1519,2736.3999999999996,4080.959999999999,5.358369438502008e-07,5.082393381296897e-07,3.731221267833626e-08,1.65181979743607e-07,3.057451457077464e-07,2.742926274411595e-08,0.0,1.1048447214289627e-20,1.7008833517176074e-32,2.161126571820198e-33
5,lbfgs,1529,2736.3999999999996,4080.959999999999,3.327393275646553e-07,3.219021729139625e-07,2.053223748654501e-08,8.522560469980555e-08,2.1614433072761195e-07,1.0669004875758358e-08,0.0,7.029305414474778e-21,1.7052720345405435e-32,2.1666455803575078e-33
5,lbfgs,1539,2736.3999999999996,4080.959999999999,2.963926385292698e-07,2.8847324284173586e-07,9.250167792396097e-09,7.69740353034462e-08,2.0224903974589357e-07,7.751240166504853e-09,0.0,3.1623011672768257e-21,1.702418907077535e-32,2.1696360982744764e-33
5,lbfgs,1549,2736.3999999999996,4080.959999999999,2.580185870586885e-07,2.493875095505489e-07,1.1946050203059477e-08,8.268965540079755e-08,1.547518039466919e-07,8.462946000378712e-09,0.0,4.1833095461993124e-21,1.7015225397510208e-32,2.1698281880372923e-33
5,lbfgs,1559,2736.3999999999996,4080.959999999999,2.1915328838296852e-07,2.1241237210916715e-07,5.9975609289995246e-09,8.129309221543295e-08,1.251217189647347e-07,6.572752842349755e-09,0.0,1.5913104869639968e-21,1.7000603454769705e-32,2.1661309642493113e-33
5,lbfgs,1569,2736.3999999999996,4080.959999999999,2.094007670513203e-07,2.0644544275912563e-07,4.961778535240363e-09,8.755637813649805e-08,1.1392728608738721e-07,2.787141557368085e-09,0.0,1.4313492603231384e-21,1.6997044802498725e-32,2.1635822150654278e-33
5,lbfgs,1579,2736.3999999999996,4080.959999999999,1.9696861506467102e-07,1.9292041520038767e-07,5.965314134981462e-09,8.07923172847326e-08,1.0616278378067361e-07,3.87998115292789e-09,0.0,1.5764089939981873e-21,1.7007932905362394e-32,2.1651957897708728e-33
5,lbfgs,1589,2736.3999999999996,4080.959999999999,1.5240899508930724e-07,1.4974658752853787e-07,5.8194522862447475e-09,5.037160307835413e-08,9.3555532163939e-08,2.494171995263447e-09,0.0,1.3432657201104126e-21,1.7034886043294274e-32,2.1642156671219796e-33
5,lbfgs,1599,2736.3999999999996,4080.959999999999,1.2973660805196576e-07,1.2723994513214225e-07,3.994413494416667e-09,4.1936168442074284e-08,8.13093631956513e-08,2.328388955488942e-09,0.0,8.45431969206342e-22,1.7034400541342345e-32,2.162077130636483e-33
5,lbfgs,1609,2736.3999999999996,4080.959999999999,1.2541615909588467e-07,1.2320031801032034e-07,3.0008039773290555e-09,3.8800357715755594e-08,8.139915631723567e-08,2.04755451535677e-09,0.0,8.315224791024006e-22,1.702749922798305e-32,2.1635144440769944e-33
5,lbfgs,1619,2736.3999999999996,4080.959999999999,1.1942148379061248e-07,1.1631348986393956e-07,2.5534711858001865e-09,3.679716840998214e-08,7.696285026815723e-08,2.9397018804965447e-09,0.0,9.187299992517044e-22,1.704020920800624e-32,2.161873094827787e-33
5,lbfgs,1629,2736.3999999999996,4080.959999999999,1.1172558296514044e-07,1.1048380453436753e-07,4.220679403849013e-09,3.59894205931985e-08,7.027370453732002e-08,1.0734687254436943e-09,0.0,1.4195802781326778e-21,1.703812639045907e-32,2.162090537883976e-33
5,lbfgs,1639,2736.3999999999996,4080.959999999999,1.0817794018968077e-07,1.0676805967168761e-07,4.62574847507622e-09,3.563423184458021e-08,6.650807935203118e-08,1.2415579749512242e-09,0.0,1.3523189203507184e-21,1.7037436905976703e-32,2.1612143326781603e-33
5,lbfgs,1649,2736.3999999999996,4080.959999999999,1.037115925537158e-07,1.0206577635579037e-07,3.5960171969141925e-09,3.695438611400877e-08,6.151537304486741e-08,1.4774767693680018e-09,0.0,1.1121788163494111e-21,1.7036205087188299e-32,2.1588298865920712e-33
5,lbfgs,1659,2736.3999999999996,4080.959999999999,9.505529858857296e-08,9.350837143574267e-08,2.1541963873695976e-09,3.356522554622022e-08,5.778894950215286e-08,1.3785788989063986e-09,0.0,7.312954171568897e-22,1.7037742739693307e-32,2.1609927139553527e-33
5,lbfgs,1669,2736.3999999999996,4080.959999999999,8.714380734461169e-08,8.62920434746875e-08,3.0063949736559634e-09,3.251503084374485e-08,5.0770617657286674e-08,6.833796694834383e-10,0.0,1.2150154843580159e-21,1.7042703753450504e-32,2.1567534785192297e-33
5,lbfgs,1679,2736.3999999999996,4080.959999999999,8.386928318826923e-08,8.312821162938463e-08,3.443768627304571e-09,3.170330631161782e-08,4.7981136690462244e-08,5.726836113127501e-10,0.0,1.4186175716291307e-21,1.704658621643504e-32,2.1590573019255066e-33
5,lbfgs,1689,2736.3999999999996,4080.959999999999,7.818395463562768e-08,7.7070314230055e-08,2.9901666821253735e-09,3.024064342675295e-08,4.3839504121176674e-08,9.452055342664682e-10,0.0,1.0389023805904066e-21,1.704270806390232e-32,2.1588544002340144e-33
5,lbfgs,1699,2736.3999999999996,4080.959999999999,7.485219401290005e-08,7.42880326638355e-08,1.4829286651009538e-09,2.925022660477537e-08,4.355487739395918e-08,3.95721169000037e-10,0.0,5.905240835712631e-22,1.704980918718902e-32,2.156529831601935e-33
5,lbfgs,1709,2736.3999999999996,4080.959999999999,7.296589165663811e-08,7.261757028663687e-08,1.3111813300808008e-09,2.8428448926797837e-08,4.287794002975823e-08,1.7986540212432164e-10,0.0,5.53634783412017e-22,1.7050089746086523e-32,2.156895443935721e-33
5,lbfgs,1719,2736.3999999999996,4080.959999999999,7.165283111335214e-08,7.122281841218601e-08,1.3031090309894123e-09,2.7422115666836848e-08,4.249759371435975e-08,2.6155240504962195e-10,0.0,5.65609643412394e-22,1.7048628710443e-32,2.1581144349081695e-33
5,lbfgs,1729,2736.3999999999996,4080.959999999999,7.134577310688965e-08,7.090895997195916e-08,1.3097722129419895e-09,2.7511240140613495e-08,4.208794761840368e-08,2.6835321142708827e-10,0.0,5.755677670602633e-22,1.7047550478591427e-32,2.1579792176356768e-33
5,lbfgs,1739,2736.3999999999996,4080.959999999999,7.127757453696391e-08,7.090516206326009e-08,1.2994055829455934e-09,2.7689569407727697e-08,4.1916187072586806e-08,2.039544527129636e-10,0.0,5.713973827377782e-22,1.7047127826431942e-32,2.157779000097742e-33
5,lbfgs,1749,2736.3999999999996,4080.959999999999,7.116360049257739e-08,7.07715755516841e-08,1.294053407716763e-09,2.750971054579514e-08,4.19678115981722e-08,2.2356608658760622e-10,0.0,5.689339834023742e-22,1.7048413251478863e-32,2.1579174492377068e-33
5,lbfgs,1759,2736.3999999999996,4080.959999999999,7.108102984008546e-08,7.067447426575853e-08,1.2889753007063173e-09,2.739525054697603e-08,4.199024841807618e-08,2.380962452152737e-10,0.0,5.660106251659245e-22,1.7049440581083889e-32,2.1579974242847854e-33
5,lbfgs,1769,2736.3999999999996,4080.959999999999,7.103418630792259e-08,7.067239956052592e-08,1.2747724799694235e-09,2.7552592808057574e-08,4.184503427249893e-08,1.933287324590259e-10,0.0,5.5966984663130525e-22,1.7048833300910236e-32,2.157819548913364e-33
5,lbfgs,1779,2736.3999999999996,4080.959999999999,7.09493444391835e-08,7.056935099206031e-08,1.270623017355556e-09,2.7405837196002096e-08,4.1892890778702655e-08,2.1153462421473058e-10,0.0,5.576079696617803e-22,1.7049780067605597e-32,2.157928352992186e-33
5,lbfgs,1789,2736.3999999999996,4080.959999999999,7.088297972915332e-08,7.048820622064205e-08,1.2655380720082242e-09,2.7305507539491356e-08,4.191716060914247e-08,2.2631416719527816e-10,0.0,5.546386487123991e-22,1.7050512802954538e-32,2.1579922507161106e-33
5,lbfgs,1799,2736.3999999999996,4080.959999999999,7.084363606186926e-08,7.048627194181431e-08,1.250966929117296e-09,2.7450494620373303e-08,4.1784810392323703e-08,1.8890593892854295e-10,0.0,5.480437973720416e-22,1.7049778403368966e-32,2.1578241201920414e-33
5,lbfgs,1809,2736.3999999999996,4080.959999999999,7.076964211406584e-08,7.039534274955982e-08,1.2473811367105132e-09,2.731582436712965e-08,4.183213724571966e-08,2.058404022965008e-10,0.0,5.46175581436039e-22,1.7050552322296547e-32,2.1579204385621597e-33
5,lbfgs,1819,2736.3999999999996,4080.959999999999,7.070976003219397e-08,7.0321024004756e-08,1.242513610454466e-09,2.7220602174681422e-08,4.185790821962011e-08,2.2027653374020285e-10,0.0,5.432847325535081e-22,1.7051122201236882e-32,2.1579771945418345e-33
5,lbfgs,1829,2736.3999999999996,4080.959999999999,7.067361084356914e-08,7.031869873733875e-08,1.2281221300042292e-09,2.73592434792393e-08,4.173133312809522e-08,1.8645370129409344e-10,0.0,5.3682385802723195e-22,1.7050305254630874e-32,2.157814167674071e-33
5,lbfgs,1839,2736.3999999999996,4080.959999999999,7.060456652410984e-08,7.023363253281956e-08,1.2249528300150158e-09,2.7230030410797317e-08,4.177864929200722e-08,2.0247481314113488e-10,0.0,5.350897530834476e-22,1.705098621952643e-32,2.157904501712429e-33
5,lbfgs,1849,2736.3999999999996,4080.959999999999,7.054796064769805e-08,7.016302159294113e-08,1.2204473555400968e-09,2.71374232373416e-08,4.180515100005943e-08,2.1647933484277025e-10,0.0,5.323455899979339e-22,1.7051463935601e-32,2.1579576122664477e-33
5,lbfgs,1859,2736.3999999999996,4080.959999999999,7.051356269311096e-08,7.016031426529492e-08,1.2065225954250459e-09,2.727233388374113e-08,4.1681457786128735e-08,1.8478975481641686e-10,0.0,5.262076444106594e-22,1.7050599617528165e-32,2.157798253058602e-33
5,lbfgs,1869,2736.3999999999996,4080.959999999999,7.044745283654544e-08,7.007889658711551e-08,1.2037282824951816e-09,2.714635182635174e-08,4.1728816478268594e-08,2.000968059794911e-10,0.0,5.245839349393292e-22,1.7051227542704035e-32,2.1578851576954217e-33
5,lbfgs,1879,2736.3999999999996,4080.959999999999,7.039299223605665e-08,7.001086479683644e-08,1.1996460995800117e-09,2.7055584957631856e-08,4.175563373962457e-08,2.1366744758924532e-10,0.0,5.22011930208052e-22,1.7051651546399722e-32,2.15793613743052e-33
5,lbfgs,1889,2736.3999999999996,4080.959999999999,7.035982063730135e-08,7.000786531787335e-08,1.186319805645182e-09,2.718786578572896e-08,4.16336797264992e-08,1.8349634661447736e-10,0.0,5.162784466793607e-22,1.7050763057058088e-32,2.157780039635442e-33
5,lbfgs,1899,2736.3999999999996,4080.959999999999,7.029588538820785e-08,6.992922071741659e-08,1.1838682782389463e-09,2.706430500039567e-08,4.1681047438781966e-08,1.9820493024656293e-10,0.0,5.147470502246799e-22,1.7051358760966467e-32,2.15786459249761e-33
5,lbfgs,1909,2736.3999999999996,4080.959999999999,7.024311722188981e-08,6.986329193572875e-08,1.1802152539360376e-09,2.6975096081339438e-08,4.170798060045327e-08,2.1136499462101648e-10,0.0,5.123483734316672e-22,1.7051750415052223e-32,2.157914149843924e-33
5,lbfgs,1919,2736.3999999999996,4080.959999999999,7.021094996983878e-08,6.9860067010559e-08,1.1675292857359993e-09,2.7105249957643268e-08,4.158728776717973e-08,1.82423665867942e-10,0.0,5.070426771835867e-22,1.7050851883469182e-32,2.1577611667850236e-33
5,lbfgs,1929,2736.3999999999996,4080.959999999999,7.014884796256572e-08,6.978378091765834e-08,1.1653867175091972e-09,2.6983763773749287e-08,4.163463042639985e-08,1.966069874992053e-10,0.0,5.055882553083362e-22,1.7051426719680425e-32,2.1578438701434032e-33
5,lbfgs,1939,2736.3999999999996,4080.959999999999,7.009754949643603e-08,6.971970430247319e-08,1.1621411966273063e-09,2.6895977433573154e-08,4.1661585672272735e-08,2.0938458540105773e-10,0.0,5.033531937856337e-22,1.7051798127793146e-32,2.1578923599791863e-33
5,lbfgs,1949,2736.3999999999996,4080.959999999999,7.006626912489905e-08,6.971629084813702e-08,1.1500899935385429e-09,2.702427157689135e-08,4.1541929277707126e-08,1.8151865009365775e-10,0.0,4.984688080445502e-22,1.705089777662959e-32,2.1577423866192247e-33
5,lbfgs,1959,2736.3999999999996,4080.959999999999,7.000580631713149e-08,6.964212002680857e-08,1.148222620419225e-09,2.6904672855309736e-08,4.158922455107961e-08,1.952259043015258e-10,0.0,4.970786790042459e-22,1.705145817969864e-32,2.157823503881345e-33
5,lbfgs,1969,2736.3999999999996,4080.959999999999,6.995583861670779e-08,6.95797311200427e-08,1.1453517516839159e-09,2.6818222680306317e-08,4.161615668805247e-08,2.07646561097555e-10,0.0,4.949936275541554e-22,1.7051816320173545e-32,2.1578711155418002e-33
5,lbfgs,1979,2736.3999999999996,4080.959999999999,6.992536698857684e-08,6.957614684916226e-08,1.1339069098750047e-09,2.694482803307323e-08,4.149741190621402e-08,1.8076017241227543e-10,0.0,4.905099682717911e-22,1.7050918770749382e-32,2.1577240405678846e-33
5,lbfgs,1989,2736.3999999999996,4080.959999999999,6.986640680865833e-08,6.950391992466694e-08,1.1322829743240328e-09,2.6826990921221366e-08,4.154464602912154e-08,1.9402616286321355e-10,0.0,4.891738527380437e-22,1.705146851647726e-32,2.157803727930728e-33
5,lbfgs,1999,2736.3999999999996,4080.959999999999,6.981766566681806e-08,6.944309317455408e-08,1.1297509460916587e-09,2.6741810835570945e-08,4.157153139289147e-08,2.0611122430058868e-10,0.0,4.872245347967088e-22,1.7051817484528754e-32,2.157850568843779e-33
5,lbfgs,2009,2736.3999999999996,4080.959999999999,6.978794185411024e-08,6.943934582121954e-08,1.1188744655343105e-09,2.6866855840984105e-08,4.145361551470112e-08,1.8013572218190165e-10,0.0,4.831152157406521e-22,1.7050925233616287e-32,2.1577062718202102e-33
5,lbfgs,2019,2736.3999999999996,4080.959999999999,6.97303743243733e-08,6.936892673002751e-08,1.1174651177814179e-09,2.675068222513284e-08,4.150077938711324e-08,1.9298653503648274e-10,0.0,4.818248132671054e-22,1.705146661767539e-32,2.157784633343919e-33
5,lbfgs,2029,2736.3999999999996,4080.959999999999,6.96827730286364e-08,6.930955776030311e-08,1.1152369629485346e-09,2.6666717019342714e-08,4.152760377801186e-08,2.047536655531906e-10,0.0,4.799976272270135e-22,1.7051808866312835e-32,2.1578307687313976e-33
5,lbfgs,2039,2736.3999999999996,4080.959999999999,6.965374537945466e-08,6.930565064097453e-08,1.1048880567674577e-09,2.679030857693294e-08,4.141045400727414e-08,1.7963408311626263e-10,0.0,4.762346940242638e-22,1.705092318077268e-32,2.1576891259664018e-33
5,lbfgs,2049,2736.3999999999996,4080.959999999999,6.9597475789537e-08,6.923692384552157e-08,1.1036675514368922e-09,2.6675715398390762e-08,4.1457540895693923e-08,1.9209054567186993e-10,0.0,4.749832609483995e-22,1.7051457655629978e-32,2.1577662383736378e-33
5,lbfgs,2059,2736.3999999999996,4080.959999999999,6.955093854580538e-08,6.917892191406211e-08,1.10171073177203e-09,2.659291669475426e-08,4.148429448753582e-08,2.0355469365347902e-10,0.0,4.732657601467749e-22,1.7051794692182695e-32,2.157811711133475e-33
5,lbfgs,2069,2736.3999999999996,4080.959999999999,6.952256154557973e-08,6.917485681888389e-08,1.0918491756659623e-09,2.671514851087859e-08,4.136785913233933e-08,1.7924372730526434e-10,0.0,4.698217607643005e-22,1.7050916136214604e-32,2.1576726010437406e-33
5,lbfgs,2079,2736.3999999999996,4080.959999999999,6.946750579198301e-08,6.910772055964956e-08,1.0907947293284974e-09,2.6602062220290286e-08,4.1414863610030776e-08,1.9132349554783743e-10,0.0,4.686037617752659e-22,1.705144466417208e-32,2.1577485256945916e-33
5,lbfgs,2089,2736.3999999999996,4080.959999999999,6.942196484507904e-08,6.90510048255811e-08,1.0890796612770807e-09,2.652038626235204e-08,4.1441538901951976e-08,2.0249774686342242e-10,0.0,4.669847569236822e-22,1.705177744525325e-32,2.1577933667345245e-33
5,lbfgs,2099,2736.3999999999996,4080.959999999999,6.939419766393588e-08,6.904678336453737e-08,1.0796673397579845e-09,2.6641342364463325e-08,4.132577366031607e-08,1.7895295763262534e-10,0.0,4.638336892222178e-22,1.7050906186802683e-32,2.1576566731941424e-33
5,lbfgs,2109,2736.3999999999996,4080.959999999999,6.934027998187631e-08,6.89811461660794e-08,1.0787588604185894e-09,2.6529696126634975e-08,4.137269117902584e-08,1.9067174210349558e-10,0.0,4.626445322298822e-22,1.7051429439186047e-32,2.157731462194838e-33
5,lbfgs,2119,2736.3999999999996,4080.959999999999,6.929567409893699e-08,6.892564356422881e-08,1.0772589589179927e-09,2.6449102416142877e-08,4.139928218916794e-08,2.0156792911767293e-10,0.0,4.611140415340846e-22,1.7051758596474467e-32,2.1577756959093072e-33
5,lbfgs,2129,2736.3999999999996,4080.959999999999,6.926847977959748e-08,6.892126771436829e-08,1.0682604907425976e-09,2.6568858837858924e-08,4.1284148385766765e-08,1.787503834002524e-10,0.0,4.58231728762353e-22,1.7050894583935707e-32,2.157641309915107e-33
5,lbfgs,2139,2736.3999999999996,4080.959999999999,6.921563140442503e-08,6.885704634903781e-08,1.0674802804815681e-09,2.6458590955550418e-08,4.133097511300582e-08,1.9012264693360502e-10,0.0,4.570675697828608e-22,1.7051413055097928e-32,2.157715009369831e-33
5,lbfgs,2149,2736.3999999999996,4080.959999999999,6.917190491458749e-08,6.880269024011e-08,1.0661717978480338e-09,2.6379041403006882e-08,4.135747703925509e-08,2.0075173805899285e-10,0.0,4.556167162247149e-22,1.7051739025372804e-32,2.1577586565526087e-33
6,adam,0,4080.959999999999,5963.343999999998,0.1088279122093301,0.08162093408811331,0.00027777767231722044,0.058807145745072065,0.022536010670724027,0.027206978029371113,0.0,9.990204359241528e-18,1.9600053100451855e-30,2.499999999999994e-31
6,adam,24,4080.959999999999,5963.343999999998,0.025319166718375072,0.011662784444987723,0.00017845066262666337,0.007070291724246555,0.004414042058114503,0.01365638217980097,0.0,1.3388396009856897e-18,2.462705195213592e-31,4.915369609289084e-32
6,adam,49,4080.959999999999,5963.343999999998,0.02039115415240701,0.007186020414026502,8.107167376164122e-06,0.004533125507020663,0.002644787739629675,0.013205133642472939,0.0,5.203144371487743e-20,1.6485093305074575e-31,2.9077670705722346e-32
6,adam,74,4080.959999999999,5963.343999999998,0.017676632170255425,0.004848665292578574,2.2848670750995e-06,0.0031589842547470512,0.001687396170756423,0.01282796677803777,0.0,1.0858524712014575e-20,1.1784315644033972e-31,1.8310289932706088e-32
6,adam,99,4080.959999999999,5963.343999999998,0.016355013228222033,0.003917399226988678,1.951943713669471e-06,0.002576134445800036,0.001339312837474973,0.012437613897749175,0.0,1.464503748948536e-20,9.102347388466079e-32,1.5498036746526615e-32
6,adam,124,4080.959999999999,5963.343999999998,0.015602676228049004,0.003466374098825713,5.132574089709445e-07,0.0023208495023491122,0.00114501133906763,0.012136302022724227,0.0,5.715435878349708e-21,7.822607318851018e-32,1.3757893979776733e-32
6,adam,149,4080.959999999999,5963.343999999998,0.01501911276820253,0.003152547781878114,4.1379824234694294e-07,0.0021262486947923433,0.0010258852888434236,0.011866564877230009,0.0,6.405370739480797e-21,6.976015116164097e-32,1.2431391211538413e-32
6,adam,174,4080.959999999999,5963.343999999998,0.014173368540526629,0.0026935644602571556,2.2178587861005526e-07,0.0018033628954350408,0.0008899797789435046,0.0114798039682154,0.0,3.8894901071697685e-21,6.254352980914029e-32,1.1072299433937726e-32
6,adam,199,4080.959999999999,5963.343999999998,0.012684121475008905,0.0018549936751322965,3.4452630363551126e-07,0.001145506710592042,0.0007091424382366191,0.010829127683776812,0.0,2.1395599344337432e-21,5.308300277298801e-32,7.798858685947198e-33
6,adam,224,4080.959999999999,5963.343999999998,0.011574042277061842,0.0016832056285580469,3.079186399000937e-07,0.0010631052105457637,0.0006197924993723832,0.0098908365292358,0.0,5.553514140039694e-21,5.158798280168374e-32,7.830805622520131e-33
6,adam,249,4080.959999999999,5963.343999999998,0.010384345184450075,0.0013636416794658628,3.3275835310843137e-07,0.000882045568485471,0.00048126335262728333,0.009020703382576873,0.0,6.119798154418449e-21,4.615007249038146e-32,6.84908567192363e-33
6,adam,274,4080.959999999999,5963.343999999998,0.00933153149646944,0.0011223048934550484,2.444141395999288e-07,0.0007455458277021328,0.00037651465161331576,0.008209226477107034,0.0,4.5014417449528626e-21,4.191310643187587e-32,6.030772603605965e-33
6,adam,299,4080.959999999999,5963.343999999998,0.008481337906947868,0.0009937992286695523,1.8186823056241642e-07,0.0006946667197058062,0.0002989506407331837,0.007487538549018721,0.0,2.5823489793762452e-21,3.8358552013901545e-32,5.70284760134508e-33
6,adam,324,4080.959999999999,5963.343999999998,0.007638731605171777,0.0008487142315064134,1.1894570349755104e-07,0.0005690336224601642,0.0002795616633427517,0.006790017241696983,0.0,1.953745689983972e-21,3.6013980080559823e-32,4.862566953081031e-33
6,adam,349,4080.959999999999,5963.343999999998,0.006900190810760706,0.0007349027116733649,1.2459395672922375e-07,0.0005144250112512847,0.00022035310646535103,0.006165287964467546,0.0,2.0311444745394167e-21,3.3620259087875574e-32,4.605061278487139e-33
6,adam,374,4080.959999999999,5963.343999999998,0.006376657610498692,0.0007223497708505034,1.4569519907263807e-07,0.0005270632434915893,0.0001951408321598413,0.005654307702491541,0.0,2.4340964010645966e-21,3.2083170700427575e-32,4.090956864182812e-33
6,adam,399,4080.959999999999,5963.343999999998,0.005691154625100002,0.0005997564457205765,1.2061423928913651e-07,0.0004295868858668966,0.00017004894561439067,0.005091398040033225,0.0,2.203940243443985e-21,3.002228988546169e-32,3.994518104653806e-33
6,adam,424,4080.959999999999,5963.343999999998,0.005197433108816966,0.0005859341989701343,1.2909346490887262e-07,0.0004105453768360022,0.00017525972866922322,0.004611498768247518,0.0,2.4973668761113232e-21,3.171123014845684e-32,3.960125404152662e-33
6,adam,449,4080.959999999999,5963.343999999998,0.006276011693994062,0.001475226075651536,2.6578243433636655e-07,0.0008315255963671555,0.0006434346968500443,0.004800785474266637,0.0,3.4559284855803296e-21,4.7954812070544173e-32,3.2643135885884814e-33
6,adam,474,4080.959999999999,5963.343999999998,0.005182094616326987,0.0011146423580606752,6.43797277396776e-07,0.0005893199262354061,0.0005246786345478721,0.004067452111356456,0.0,1.7715811936756356e-20,2.736334359814939e-32,3.2829098637925936e-33
6,adam,499,4080.959999999999,5963.343999999998,0.004330104312182898,0.0006675043733323784,2.7044111589206334e-07,0.0003640696601404665,0.00030316427207601994,0.003662599791198333,0.0,5.226047756811614e-21,2.6448638015583845e-32,3.306630833017219e-33
6,adam,524,4080.959999999999,5963.343999999998,0.003825995305002579,0.0005155451082666422,1.4480434746183256e-07,0.00032165617636742693,0.00019374412755175354,0.003310450047762587,0.0,2.493017568779654e-21,2.705281717763751e-32,3.567886353734783e-33
6,adam,549,4080.959999999999,5963.343999999998,0.003475347298618309,0.0004743697551453903,1.0618602390182497e-07,0.0002948990121054151,0.00017936455701607337,0.0030009773930289503,0.0,2.0357974672489013e-21,2.7002837878297976e-32,3.745772333036094e-33
6,adam,574,4080.959999999999,5963.343999999998,0.003174237937280433,0.0004483983229850196,8.42442960373413e-08,0.0002733824398307733,0.000174931638858209,0.002725839462304146,0.0,1.7183444668565803e-21,2.638431682663001e-32,3.714325772513725e-33
6,adam,599,4080.959999999999,5963.343999999998,0.002898413960923504,0.00042250490266723976,6.783338411083609e-08,0.000252327798803237,0.00017010927047989198,0.0024759089046934284,0.0,1.407756449142473e-21,2.558988859173499e-32,3.59969706024638e-33
6,adam,624,4080.959999999999,5963.343999999998,0.0025969992205706212,0.0003555234891328113,5.3417408693916197e-08,0.00020477996128801692,0.00015069011043610046,0.0022414755763216867,0.0,1.0353815363222673e-21,2.0308182694498135e-32,3.235852185769294e-33
6,adam,649,4080.959999999999,5963.343999999998,0.002368659725923885,0.00033730331838851575,4.380253540633549e-08,0.00018878734059196437,0.00014847217526114503,0.002031356250931786,0.0,8.324756988766174e-22,1.968166510252728e-32,3.1751390208892966e-33
6,adam,674,4080.959999999999,5963.343999999998,0.002157667448857022,0.00031926461985150464,3.6618308729080985e-08,0.00017556230079732567,0.0001436657007454499,0.0018384026709301609,0.0,6.607909205255894e-22,1.915355902378252e-32,3.0806298924087056e-33
6,adam,699,4080.959999999999,5963.343999999998,0.0019629498793063025,0.0003016547671410751,3.2694788296533775e-08,0.0001627081899473807,0.00013891388240539789,0.0016612949526327145,0.0,5.406665004969308e-22,1.862434765747979e-32,2.9865090985625594e-33
6,adam,724,4080.959999999999,5963.343999999998,0.0017844785182558496,0.0002848462832436187,3.1540366897904324e-08,0.00015059929484414718,0.00013421544803257366,0.0014996320740418782,0.0,4.608189876425042e-22,1.810636168799542e-32,2.8890036175649342e-33
6,adam,749,4080.959999999999,5963.343999999998,0.0016224882263506562,0.0002693179995905315,3.2335486700271864e-08,0.00013947596571559206,0.00012980969838823913,0.0013531700643832458,0.0,4.1525969563580377e-22,1.7611162434569027e-32,2.7922807049333747e-33
6,adam,774,4080.959999999999,5963.343999999998,0.001475861904106355,0.0002550566185371172,3.3964783576678004e-08,0.0001292881225250442,0.00012573453122849632,0.0012208051218297758,0.0,4.015087805067497e-22,1.7151873791673953e-32,2.7058357324504065e-33
6,adam,799,4080.959999999999,5963.343999999998,0.0013420964290922612,0.00024139209436750873,3.577131890802436e-08,0.00011982617435693815,0.00012153014869166256,0.0011007041696678968,0.0,4.1181188763598504e-22,1.673724159779732e-32,2.6348887279179973e-33
6,adam,824,4080.959999999999,5963.343999999998,0.0012226883522177218,0.00023066084368937462,3.544553267238586e-08,0.0001127155705032957,0.00011790982765340654,0.0009920273421727117,0.0,3.849130439284407e-22,1.653968015117375e-32,2.6037889275566433e-33
6,adam,849,4080.959999999999,5963.343999999998,0.001107590591077914,0.00021559727351734694,3.788391075870277e-08,0.00010400023694311309,0.00011155915266347514,0.0008919931499023264,0.0,4.2288941345553807e-22,1.620530396325505e-32,2.547093582908283e-33
6,adam,874,4080.959999999999,5963.343999999998,0.0010006004921365907,0.0001997739299344498,3.874686729188918e-08,9.5002773620955e-05,0.00010473240944620292,0.0008008263932435026,0.0,4.460799523485624e-22,1.5857239991328826e-32,2.492364360462661e-33
6,adam,899,4080.959999999999,5963.343999999998,0.0009009016699899323,0.00018293558154699126,3.5891441780335156e-08,8.582745055668978e-05,9.707223954852115e-05,0.0007179659181837413,0.0,4.317974794029862e-22,1.55127411638403e-32,2.4342069905985427e-33
6,adam,924,4080.959999999999,5963.343999999998,0.000808182106036487,0.00016544324541083348,2.7862980580361336e-08,7.676082092597722e-05,8.865456150427589e-05,0.0006427386890618039,0.0,3.7209884018642568e-22,1.5171305300986625e-32,2.3709135670673565e-33
6,adam,949,4080.959999999999,5963.343999999998,0.0007228383773373426,0.00014830320662332155,1.7785317081882624e-08,6.819036052769178e-05,8.009506077854788e-05,0.0005745349978437591,0.0,2.9475205311377225e-22,1.483455585685605e-32,2.301793962612117e-33
6,adam,974,4080.959999999999,5963.343999999998,0.0006457081423414731,0.00013291967189361215,1.2448321969373656e-08,6.061634367287495e-05,7.229087989876782e-05,0.0005127882962829457,0.0,2.5011338113978984e-22,1.4507613542031173e-32,2.229368171330502e-33
6,adam,999,4080.959999999999,5963.343999999998,0.0005772973348219347,0.00012032549332445833,1.1614333357380465e-08,5.438175222565643e-05,6.593212676544453e-05,0.00045697166607196893,0.0,2.434538714545605e-22,1.4199997579859422e-32,2.1592933867162915e-33
6,adam,1024,4080.959999999999,5963.343999999998,0.0005363199422726063,0.0001260115826874161,1.3203278126371976e-08,6.42164989748983e-05,6.178188043439142e-05,0.0004103081829460934,0.0,2.5877527694826174e-22,1.324381067058212e-32,2.4194568428710033e-33
6,adam,1049,4080.959999999999,5963.343999999998,0.00046922556476547373,0.00010579324880171024,1.2284373031694966e-08,4.694140920722335e-05,5.883955522145519e-05,0.0003634321381833521,0.0,2.6907247901544995e-22,1.3192314254839279e-32,2.1149020354275253e-33
6,adam,1074,4080.959999999999,5963.343999999998,0.0004254237924675942,0.00010273475194947535,1.312785549071857e-08,4.448672001425572e-05,5.823490407972892e-05,0.00032268886163518053,0.0,2.8430273058842655e-22,1.3697826511122884e-32,1.754875755232286e-33
6,adam,1099,4080.959999999999,5963.343999999998,0.00039063352889003435,0.00010248291834028599,1.4928622554830555e-08,5.0921530439986696e-05,5.154645927774446e-05,0.00028815043060664115,0.0,2.96223945794184e-22,1.265182629227459e-32,2.2608571207203997e-33
6,adam,1124,4080.959999999999,5963.343999999998,0.00033891185704088613,8.573281229791167e-05,1.572096382302222e-08,3.624662705504156e-05,4.9470464279047085e-05,0.00025317886378482894,0.0,3.1476292831002124e-22,1.2989865826542123e-32,1.880823503979886e-33
6,adam,1149,4080.959999999999,5963.343999999998,0.00030577702987595595,8.299842533806702e-05,1.8887507967961662e-08,3.511666761986841e-05,4.786287021023065e-05,0.00022277842256501423,0.0,3.7357077328579295e-22,1.2679796314462207e-32,1.7713290390542334e-33
6,adam,1174,4080.959999999999,5963.343999999998,0.00028694200542868446,8.711534571490765e-05,1.9515697702290283e-08,3.767604967431006e-05,4.9419780342895304e-05,0.00019982647674748584,0.0,3.402349382335465e-22,1.351014083785226e-32,1.583335565684319e-33
6,adam,1199,4080.959999999999,5963.343999999998,0.0002460017348189755,7.136520569530178e-05,1.9291516174160125e-08,2.8309929191700538e-05,4.303598498742708e-05,0.00017463634517664173,0.0,3.5845063048398173e-22,1.284625337839035e-32,1.6876424142138225e-33
6,adam,1224,4080.959999999999,5963.343999999998,0.00021971796029130784,6.542722620876604e-05,2.0014353358335836e-08,2.6987211507225313e-05,3.8420000348182395e-05,0.0001542905491486319,0.0,3.7123090867134425e-22,1.3048776354137187e-32,1.5650591409086536e-33
6,adam,1249,4080.959999999999,5963.343999999998,0.00019048746178719725,5.606761820361542e-05,1.8416484582455807e-08,2.4888798507489357e-05,3.116040321154361e-05,0.00013441965768728727,0.0,3.5197205491083246e-22,1.2868460468716843e-32,1.6043016567206044e-33
6,adam,1274,4080.959999999999,5963.343999999998,0.00017110379859445888,5.290085008837527e-05,1.7847294078773537e-08,2.5493111577305153e-05,2.738989121699134e-05,0.00011820276167130588,0.0,3.4611011039076106e-22,1.2255469132813683e-32,1.8442480531334447e-33
6,adam,1299,4080.959999999999,5963.343999999998,0.000150606666664125,4.7537463780417284e-05,1.7551821456664522e-08,2.302591471077864e-05,2.4493997248181976e-05,0.00010306901513486377,0.0,3.501738623996789e-22,1.2354926454813137e-32,1.6521660666280307e-33
6,adam,1324,4080.959999999999,5963.343999999998,0.0001701179956987032,7.300989570796127e-05,1.8781626174147005e-08,3.952344181095282e-05,3.346767227083431e-05,9.710791135123156e-05,0.0,3.262559568574017e-22,1.1743598065052444e-32,2.293641308457629e-33
6,adam,1349,4080.959999999999,5963.343999999998,0.00012002702487314647,4.041606107086256e-05,1.564957212032807e-08,1.5446935567199382e-05,2.495347593154285e-05,7.961077431663653e-05,0.0,3.034246714936297e-22,1.2482138303636454e-32,1.553699390976124e-33
6,adam,1374,4080.959999999999,5963.343999999998,0.00010328487304763126,3.438621449070897e-05,1.3978272137398864e-08,1.3767305576718049e-05,2.060493064185353e-05,6.88984682300309e-05,0.0,2.8814502038764813e-22,1.2127225707112217e-32,1.6229336418650946e-33
6,adam,1399,4080.959999999999,5963.343999999998,9.245083767438192e-05,3.237548679886642e-05,1.3026427323059523e-08,1.2968170492471261e-05,1.9394289879072102e-05,6.007515973846009e-05,0.0,2.744355229127122e-22,1.2152819422704117e-32,1.5309329833874824e-33
6,lbfgs,1400,4080.959999999999,5963.343999999998,9.896065487044773e-05,3.877513672369676e-05,1.3263145697648347e-08,1.823903326232154e-05,2.052284031567757e-05,6.018532697461615e-05,0.0,2.9930713541978023e-22,1.2701991326493565e-32,1.8524033693953586e-33
6,lbfgs,1409,4080.959999999999,5963.343999999998,5.3832038606978355e-05,2.5589201216683942e-05,1.497991065125774e-08,8.57578047325322e-06,1.6998440832779466e-05,2.8242645866252436e-05,0.0,2.674344420465365e-22,1.3483958330220262e-32,1.719639343073324e-33
6,lbfgs,1419,4080.959999999999,5963.343999999998,1.8200249194599334e-05,1.796200342343662e-05,1.1032660975591986e-08,8.682780229865341e-06,9.268190532595686e-06,2.3805348470447238e-07,0.0,1.8573938493473437e-22,1.2554914455536267e-32,1.6020097966139478e-33
6,lbfgs,1429,4080.959999999999,5963.343999999998,9.256790605251406e-06,8.904595343598236e-06,7.554738325747507e-09,2.7162239261896673e-06,6.180816679082821e-06,3.520021848922614e-07,0.0,1.0954877911399569e-22,1.288584583864801e-32,1.7668689332164637e-33
6,lbfgs,1439,4080.959999999999,5963.343999999998,4.808937060196227e-06,4.698674453497576e-06,8.525993031488422e-09,2.5489246809736394e-06,2.1412237794924475e-06,1.1006865807045602e-07,0.0,1.968743949501652e-22,1.2584742026868137e-32,1.6258836855105814e-33
6,lbfgs,1449,4080.959999999999,5963.343999999998,4.05246776299508e-06,3.8143897091779338e-06,7.826733456201034e-09,1.5577045413448004e-06,2.248858434376932e-06,2.3788405826522038e-07,0.0,1.5392509179326552e-22,1.2483272650140724e-32,1.6374071439009987e-33
6,lbfgs,1459,4080.959999999999,5963.343999999998,3.046048778402382e-06,2.91530240862292e-06,7.3250832045510785e-09,8.822438178947873e-07,2.0257335075235816e-06,1.305521937349877e-07,0.0,1.5977396403955636e-22,1.2685454929654956e-32,1.601067196261175e-33
6,lbfgs,1469,4080.959999999999,5963.343999999998,2.445252291812239e-06,2.3771320920278695e-06,4.573425020122477e-09,7.813864764399068e-07,1.5911721905678403e-06,6.79259516435616e-08,0.0,8.902600322942791e-23,1.2679956256449808e-32,1.619076051197024e-33
6,lbfgs,1479,4080.959999999999,5963.343999999998,1.6758966930226248e-06,1.6565937047340876e-06,3.936725026508672e-09,6.902487641575908e-07,9.624082155499882e-07,1.9108740782326283e-08,0.0,7.490372882277458e-23,1.278488023125783e-32,1.6039232948191793e-33
6,lbfgs,1489,4080.959999999999,5963.343999999998,1.2760307259382272e-06,1.2528785832409381e-06,1.4714551381794434e-08,3.4478284121395457e-07,8.933811906451891e-07,2.2957826978115895e-08,0.0,3.3306787180793375e-22,1.282432536004865e-32,1.5993424632301017e-33
6,lbfgs,1499,4080.959999999999,5963.343999999998,1.0580258982721227e-06,1.0211048016111148e-06,6.373688546694662e-09,4.135509525814072e-07,6.01180160483013e-07,3.672683044853135e-08,0.0,8.437983266937341e-23,1.290111893961156e-32,1.6030513983641413e-33
6,lbfgs,1509,4080.959999999999,5963.343999999998,9.367135813170044e-07,9.241801497011999e-07,7.679345313693768e-09,3.322053235876719e-07,5.842954807998342e-07,1.2339163752668758e-08,0.0,1.8714384195032566e-22,1.2892060968697088e-32,1.5978839512151724e-33
6,lbfgs,1519,4080.959999999999,5963.343999999998,8.236947403384039e-07,7.904020256574984e-07,3.2412450999401955e-09,3.26221702341811e-07,4.6093907821574727e-07,3.3098470807300465e-08,0.0,9.19075162291076e-23,1.2880501361015984e-32,1.5937635389941277e-33
6,lbfgs,1529,4080.959999999999,5963.343999999998,7.679834892678058e-07,7.259090152832337e-07,8.236420161673329e-09,2.2769023850874973e-07,4.899823566128107e-07,4.1880219506609925e-08,0.0,2.037047475763497e-22,1.2873662776961862e-32,1.591457950803931e-33
6,lbfgs,1539,4080.959999999999,5963.343999999998,6.726767104389565e-07,6.096121302507584e-07,5.12571067223544e-09,1.87642227274066e-07,4.168441923044569e-07,6.287034605257265e-08,0.0,9.945932204342613e-23,1.2842383015030286e-32,1.585130015194425e-33
6,lbfgs,1549,4080.959999999999,5963.343999999998,5.685754345536748e-07,5.410320769317287e-07,8.57768838026704e-09,1.6913335961714295e-07,3.633210289343187e-07,2.7349110526814515e-08,0.0,2.445934931516078e-22,1.2838141458262806e-32,1.5884240318636423e-33
6,lbfgs,1559,4080.959999999999,5963.343999999998,4.891932500857672e-07,4.7126809046905955e-07,9.72843458712617e-09,1.2255127112771118e-07,3.3898838475422223e-07,1.7730913424667142e-08,0.0,1.9004199090405353e-22,1.2860068924699982e-32,1.5883128884261473e-33
6,lbfgs,1569,4080.959999999999,5963.343999999998,4.2910405214779304e-07,4.08598484101686e-07,5.262289952591251e-09,1.2725253270808355e-07,2.760836614410112e-07,2.0311366059514183e-08,0.0,7.433752066999278e-23,1.284518965331032e-32,1.5973541354458475e-33
6,lbfgs,1579,4080.959999999999,5963.343999999998,3.789644730975807e-07,3.523614941476292e-07,2.392123748150444e-09,1.0884743574849132e-07,2.4112193465098744e-07,2.640874723822249e-08,0.0,5.941329017129958e-23,1.2854443752908915e-32,1.5985741418979096e-33
6,lbfgs,1589,4080.959999999999,5963.343999999998,3.611850507636533e-07,3.3579094773502884e-07,1.9890648938241596e-09,1.2221356224689932e-07,2.115883205943054e-07,2.5199852782289286e-08,0.0,4.8278945933279845e-23,1.2886238521053824e-32,1.5960050748935834e-33
6,lbfgs,1599,4080.959999999999,5963.343999999998,2.7526038396330924e-07,2.610497884270455e-07,1.8614750279907478e-08,8.366292774384256e-08,1.5877211040329543e-07,1.4016411840220757e-08,0.0,4.905909773124251e-22,1.2875459657896055e-32,1.5965120837584844e-33
6,lbfgs,1609,4080.959999999999,5963.343999999998,2.343614028945339e-07,2.2873426608469048e-07,1.186961280431049e-08,7.925140391888318e-08,1.376132493614968e-07,5.432975034162654e-09,0.0,2.6566542926795455e-22,1.2827129528763355e-32,1.5914557549425897e-33
6,lbfgs,1619,4080.959999999999,5963.343999999998,2.0027689576372996e-07,1.9290538737218436e-07,7.264252208348806e-09,7.470436113311364e-08,1.1093677403072193e-07,7.177342996492667e-09,0.0,2.193225688395554e-22,1.279830396603571e-32,1.5911432288801806e-33
6,lbfgs,1629,4080.959999999999,5963.343999999998,1.7512500974146652e-07,1.706660043776282e-07,7.229230311074831e-09,7.323842035254512e-08,9.019835371400823e-08,4.264830094544325e-09,0.0,2.0289572539119739e-22,1.27919783977135e-32,1.5915890585257607e-33
6,lbfgs,1639,4080.959999999999,5963.343999999998,1.5068911121113502e-07,1.482564322280206e-07,4.601367635019298e-09,6.855079181801868e-08,7.510427277498262e-08,2.238522562145322e-09,0.0,9.561870968517655e-23,1.2806096064414388e-32,1.5911842264276745e-33
6,lbfgs,1649,4080.959999999999,5963.343999999998,1.3928485436739783e-07,1.3770997212253077e-07,4.484786698884745e-09,6.488358683592302e-08,6.834159858772301e-08,1.3807397747747385e-09,0.0,7.093665840262735e-23,1.2820871100740815e-32,1.5937672112341074e-33
6,lbfgs,1659,4080.959999999999,5963.343999999998,1.3369161940061106e-07,1.3299417419447456e-07,3.6208896214482124e-09,6.497995156753683e-08,6.43933330054895e-08,5.033072181558336e-10,0.0,7.743109481386e-23,1.2830583963299253e-32,1.5939299953602665e-33
6,lbfgs,1669,4080.959999999999,5963.343999999998,1.2798117313190392e-07,1.2662864801575768e-07,3.0766083638028644e-09,6.01572940959005e-08,6.339474555605432e-08,1.1583940066199945e-09,0.0,7.885440633890579e-23,1.281981246678359e-32,1.5931430588239566e-33
6,lbfgs,1679,4080.959999999999,5963.343999999998,1.258107214935038e-07,1.2526060293499127e-07,3.195350218914223e-09,5.8638131099176193e-08,6.342712161690085e-08,3.559817552511354e-10,0.0,7.850359073366971e-23,1.2823205679049425e-32,1.5920933156482377e-33
6,lbfgs,1689,4080.959999999999,5963.343999999998,1.2023120786795905e-07,1.1916178747830839e-07,2.5270404844761717e-09,4.96699084714994e-08,6.696483852233282e-08,8.752793266725877e-10,0.0,7.036609387972425e-23,1.2828109390325568e-32,1.5936937131967982e-33
6,lbfgs,1699,4080.959999999999,5963.343999999998,1.1824719125956407e-07,1.1703311622071734e-07,2.18860150834898e-09,4.770412907422315e-08,6.714038563814521e-08,1.0199339623375585e-09,0.0,5.793590110225628e-23,1.2823090988620752e-32,1.594156276417909e-33
6,lbfgs,1709,4080.959999999999,5963.343999999998,1.1291116618854513e-07,1.1196189066308495e-07,1.947076291806794e-09,4.592215661457469e-08,6.409265775670346e-08,7.551457440843196e-10,0.0,4.799053147206281e-23,1.2827394997566995e-32,1.5937897861622052e-33
6,lbfgs,1719,4080.959999999999,5963.343999999998,1.049545633683618e-07,1.0320718687314485e-07,3.6423711768617868e-09,4.291236679143392e-08,5.665244890484915e-08,1.5532586391988613e-09,0.0,9.62529595397056e-23,1.2839225756267257e-32,1.59606899928881e-33
6,lbfgs,1729,4080.959999999999,5963.343999999998,8.773252374326334e-08,8.603355468587361e-08,7.299994410013084e-09,3.492939768084825e-08,4.380416259501227e-08,1.50482830616566e-09,0.0,1.6282354017054247e-22,1.285677455725317e-32,1.5956474212269234e-33
6,lbfgs,1739,4080.959999999999,5963.343999999998,8.399379315384092e-08,8.362494432962212e-08,6.504494547088042e-09,3.386499954031262e-08,4.3255450242221456e-08,1.7470405483488934e-10,0.0,1.5310117183743389e-22,1.2854226143186914e-32,1.5928958168449008e-33
6,lbfgs,1749,4080.959999999999,5963.343999999998,8.076263358875586e-08,7.97731768443473e-08,5.002676090387707e-09,3.15347242109481e-08,4.3235776543011493e-08,7.953120186854901e-10,0.0,1.109303349733504e-22,1.28490030375609e-32,1.5931414015338782e-33
6,lbfgs,1759,4080.959999999999,5963.343999999998,7.517211659351874e-08,7.455987035165031e-08,2.6333472074172067e-09,3.049158646271976e-08,4.143493668151334e-08,4.181009722433252e-10,0.0,6.158293238083564e-23,1.2852124090896913e-32,1.593858681023545e-33
6,lbfgs,1769,4080.959999999999,5963.343999999998,7.39809892922824e-08,7.349113583463329e-08,2.570732826525311e-09,2.992908314359862e-08,4.099131986450936e-08,2.957110645139576e-10,0.0,5.999484519921383e-23,1.2850654609645797e-32,1.5923777533830464e-33
6,lbfgs,1779,4080.959999999999,5963.343999999998,7.287482577572418e-08,7.231738668712143e-08,2.940274872410558e-09,2.9254648897827978e-08,4.012246291688289e-08,3.6329886237080956e-10,0.0,7.03721934094404e-23,1.284699114859254e-32,1.5926565101356782e-33
6,lbfgs,1789,4080.959999999999,5963.343999999998,7.206538960577976e-08,7.137219568716243e-08,2.9608467950551734e-09,2.8853162082136354e-08,3.9558186809970904e-08,4.990560518763844e-10,0.0,7.237414806961457e-23,1.2849891264452588e-32,1.592765404586931e-33
6,lbfgs,1799,4080.959999999999,5963.343999999998,6.630883334334488e-08,6.55492058621564e-08,2.463659174835523e-09,2.858911775674684e-08,3.449642893057404e-08,5.654915567447216e-10,0.0,6.092621906618807e-23,1.2857096130024994e-32,1.5924381527651297e-33
6,lbfgs,1809,4080.959999999999,5963.343999999998,6.2954723755178e-08,6.215459792294516e-08,2.34617110325132e-09,2.6194695481188372e-08,3.361373133850547e-08,6.059911862929625e-10,0.0,4.094956984551985e-23,1.2860562058384501e-32,1.5927846617486094e-33
6,lbfgs,1819,4080.959999999999,5963.343999999998,6.211887084795942e-08,6.108841579780426e-08,2.1225251547666235e-09,2.6282354325098998e-08,3.2683536317938635e-08,8.363194032738308e-10,0.0,3.8409684518752965e-23,1.2858090811900303e-32,1.5934803817980942e-33
6,lbfgs,1829,4080.959999999999,5963.343999999998,5.8788680370380186e-08,5.7370365352942434e-08,2.328316198306887e-09,2.670210494834436e-08,2.8339944206291188e-08,1.2241879818459302e-09,0.0,6.370289553370235e-23,1.2861274262301887e-32,1.5928116348022807e-33
6,lbfgs,1839,4080.959999999999,5963.343999999998,5.789102401326037e-08,5.6582072874329504e-08,2.5077139949294973e-09,2.8156777353854582e-08,2.5917581525545423e-08,1.1148230802508607e-09,0.0,7.174452620748299e-23,1.2857904438356344e-32,1.5935329774218856e-33
6,lbfgs,1849,4080.959999999999,5963.343999999998,5.749188483453295e-08,5.6289693104708196e-08,2.572995317389274e-09,2.8814857065026098e-08,2.490184072229282e-08,1.0080603027202422e-09,0.0,7.468711576197678e-23,1.286055628411207e-32,1.5925571200834756e-33
6,lbfgs,1859,4080.959999999999,5963.343999999998,5.6974180859225076e-08,5.609900193805787e-08,2.3330886424338516e-09,2.966788222388378e-08,2.4098031071740238e-08,6.810525198766324e-10,0.0,6.545956066742911e-23,1.2859203375035355e-32,1.59331638191018e-33
6,lbfgs,1869,4080.959999999999,5963.343999999998,5.145800841469439e-08,4.9542413176971504e-08,1.018764265935031e-09,2.6685757583374735e-08,2.1837891327661734e-08,1.7214758641801575e-09,0.0,2.7231298050457643e-23,1.2849506236217453e-32,1.5918390911598044e-33
6,lbfgs,1879,4080.959999999999,5963.343999999998,4.806527073757495e-08,4.666378804336997e-08,1.0062069052629545e-09,2.5155950341011068e-08,2.050163079709595e-08,1.2073729220003179e-09,0.0,2.4220770525521063e-23,1.2852266121555842e-32,1.5930415368588338e-33
6,lbfgs,1889,4080.959999999999,5963.343999999998,4.746275327508482e-08,4.6152040465109154e-08,1.2144686652434785e-09,2.539892635361717e-08,1.9538645446248512e-08,1.1166034947386846e-09,0.0,2.9885044891604935e-23,1.285351621568194e-32,1.5930517220797684e-33
6,lbfgs,1899,4080.959999999999,5963.343999999998,4.729868521116227e-08,4.601461132215033e-08,1.2829298941211436e-09,2.5296791484365303e-08,1.943488994366388e-08,1.0899638558894005e-09,0.0,3.17439516049005e-23,1.2853623774753839e-32,1.5929586853039952e-33
6,lbfgs,1909,4080.959999999999,5963.343999999998,4.7166650881250394e-08,4.5915322890551324e-08,1.272243562565725e-09,2.5214608955939347e-08,1.9428470372046253e-08,1.0572178381231403e-09,0.0,3.1256678614266066e-23,1.285342337424463e-32,1.5928524146755834e-33
6,lbfgs,1919,4080.959999999999,5963.343999999998,4.7084818890114475e-08,4.581360755876255e-08,1.2823975056053475e-09,2.5121073122605763e-08,1.9410136930551438e-08,1.0771010865369867e-09,0.0,3.143087607847479e-23,1.2853333211384183e-32,1.592857436381943e-33
6,lbfgs,1929,4080.959999999999,5963.343999999998,4.698940623260763e-08,4.5696625440362905e-08,1.311610405301544e-09,2.4976897587731548e-08,1.9408117447329817e-08,1.0986705440873405e-09,0.0,3.207499771881195e-23,1.2853175985612238e-32,1.5929132389539557e-33
6,lbfgs,1939,4080.959999999999,5963.343999999998,4.691395710124501e-08,4.563513414967924e-08,1.2931049666543973e-09,2.4961144272396734e-08,1.938088491062811e-08,1.0847127595554415e-09,0.0,3.1612576696041576e-23,1.2853213173396908e-32,1.592880658787434e-33
6,lbfgs,1949,4080.959999999999,5963.343999999998,4.682387537917714e-08,4.556092148148077e-08,1.2445811379438325e-09,2.5001286346281146e-08,1.931505399725579e-08,1.0688437860751814e-09,0.0,3.0406126808770826e-23,1.2853410005676873e-32,1.5927985077366905e-33
6,lbfgs,1959,4080.959999999999,5963.343999999998,4.674786949763153e-08,4.5476819482552734e-08,1.2603212158829433e-09,2.4908252441287534e-08,1.9308245825382254e-08,1.0769399827574108e-09,0.0,3.074256703963833e-23,1.2853337442486853e-32,1.592841932321291e-33
6,lbfgs,1969,4080.959999999999,5963.343999999998,4.666329885434859e-08,4.538835698199144e-08,1.3191154934851357e-09,2.4715873755536475e-08,1.935336773296983e-08,1.0808319577464173e-09,0.0,3.214213818622196e-23,1.285304752315919e-32,1.592959574538983e-33
6,lbfgs,1979,4080.959999999999,5963.343999999998,4.65842544709242e-08,4.5320471902862556e-08,1.2863421861466099e-09,2.473060432532001e-08,1.9303525391395938e-08,1.0696727167809148e-09,0.0,3.132099021122013e-23,1.2853183831086038e-32,1.5929133975153716e-33
6,lbfgs,1989,4080.959999999999,5963.343999999998,4.65121184623335e-08,4.525163048224932e-08,1.2710663526001142e-09,2.4711483263566885e-08,1.9269080866082322e-08,1.0663782010494435e-09,0.0,3.0915323471590113e-23,1.285325426323104e-32,1.5928978295657745e-33
6,lbfgs,1999,4080.959999999999,5963.343999999998,4.642341506089642e-08,4.516073146700609e-08,1.2301307905377964e-09,2.4736477114902647e-08,1.9194123561565644e-08,1.0685739066138688e-09,0.0,2.9856629989144424e-23,1.2853480641238517e-32,1.5928407537493045e-33
6,lbfgs,2009,4080.959999999999,5963.343999999998,4.6350488732766156e-08,4.5092176927614653e-08,1.2426668862666068e-09,2.465628005189745e-08,1.9193229989450594e-08,1.0642021980009108e-09,0.0,3.01373271812223e-23,1.2853403187319407e-32,1.59287279733427e-33
6,lbfgs,2019,4080.959999999999,5963.343999999998,4.626644413836396e-08,4.5023399916506137e-08,1.2932055292778313e-09,2.4485850617845926e-08,1.9244343769382383e-08,1.0489347208558843e-09,0.0,3.1377711283689907e-23,1.2853102312377925e-32,1.592966642713669e-33
6,lbfgs,2029,4080.959999999999,5963.343999999998,4.619096850890286e-08,4.494746111944392e-08,1.2652681731873637e-09,2.449193762457366e-08,1.919025532168289e-08,1.0493979554033277e-09,0.0,3.0647446028163593e-23,1.2853248015010522e-32,1.592933203075133e-33
6,lbfgs,2039,4080.959999999999,5963.343999999998,4.612087343417696e-08,4.4878000731494775e-08,1.2518586072492968e-09,2.4470672134447762e-08,1.9155469989797716e-08,1.0487633405732527e-09,0.0,3.028130615850172e-23,1.2853319908426127e-32,1.59292138001766e-33
6,lbfgs,2049,4080.959999999999,5963.343999999998,4.6033988190811545e-08,4.478516543600702e-08,1.2153044936533146e-09,2.4488157213941955e-08,1.9081703728411756e-08,1.0547134876586973e-09,0.0,2.932084659817674e-23,1.28535438911458e-32,1.5928735277871e-33
6,lbfgs,2059,4080.959999999999,5963.343999999998,4.596329379960914e-08,4.472136808124007e-08,1.2263135706228352e-09,2.4413514855483524e-08,1.908153965513371e-08,1.047816525391197e-09,0.0,2.957025805164882e-23,1.2853465288993815e-32,1.592900955441144e-33
6,lbfgs,2069,4080.959999999999,5963.343999999998,4.5880504516397494e-08,4.465693185581018e-08,1.2715547185295876e-09,2.4255441239289123e-08,1.9129935897991467e-08,1.029463561102788e-09,0.0,3.0690062195598315e-23,1.2853171161449175e-32,1.5929828395092925e-33
6,lbfgs,2079,4080.959999999999,5963.343999999998,4.58077014198598e-08,4.458132572029748e-08,1.2464847042824986e-09,2.4257652410252834e-08,1.9077188605762143e-08,1.032266670443756e-09,0.0,3.002422871408082e-23,1.2853315150216063e-32,1.5929545754195527e-33
7,adam,0,5963.343999999998,8598.681599999996,0.10882773132393232,0.0816207984258572,0.00027777708478540867,0.05880701067034777,0.022536010670724027,0.027206932808619046,0.0,2.313654697665288e-19,1.9600008080892812e-30,2.499999999999994e-31
7,adam,24,5963.343999999998,8598.681599999996,0.02595217654221452,0.012156589353289872,0.00015111157745381764,0.007763302630664425,0.004242175145171628,0.013795587097769417,0.0,1.1495858043826288e-20,2.6597438142110493e-31,4.725272456380715e-32
7,adam,49,5963.343999999998,8598.681599999996,0.02081689150288145,0.007420720072617524,1.8620871300245052e-05,0.0046750393040733635,0.002727059897243916,0.013396171336516603,0.0,4.369227543181225e-21,1.6518152678047512e-31,3.0242905843683643e-32
7,adam,74,5963.343999999998,8598.681599999996,0.018045987639715717,0.0049279066871252475,7.2763896154385035e-06,0.003322896125910107,0.0015977341715997016,0.013118080855252824,0.0,5.908425109918145e-22,1.203203344930636e-31,1.7475657096616678e-32
7,adam,99,5963.343999999998,8598.681599999996,0.016785754915386916,0.0039179302401029,5.8092110376431304e-06,0.0026320559606014433,0.0012800650684638138,0.012867824574316662,0.0,4.5352993542224365e-22,9.338167182625718e-32,1.4557160741247786e-32
7,adam,124,5963.343999999998,8598.681599999996,0.016079345967119667,0.0034378386031015578,2.3136102802138426e-06,0.002333348618233111,0.001102176374588233,0.012641507260162001,0.0,1.8053424741740836e-22,8.005156445029204e-32,1.2846013676061436e-32
7,adam,149,5963.343999999998,8598.681599999996,0.015616694859922163,0.003167338888639019,1.1922753630523757e-06,0.002160838917456651,0.0010053076958193158,0.01244935586515965,0.0,1.323050082150636e-22,7.164667373430439e-32,1.1813406677000404e-32
7,adam,174,5963.343999999998,8598.681599999996,0.01525651389171164,0.002976029438795541,1.546559879674068e-06,0.0020373718284735303,0.0009371110504423365,0.0122804843448643,0.0,2.0162846167048013e-22,6.590105214548027e-32,1.1047893400320737e-32
7,adam,199,5963.343999999998,8598.681599999996,0.014885309115271373,0.002815472408140161,1.6467238412652035e-06,0.001941883330219681,0.0008719423540792147,0.01206983659709199,0.0,2.547496049679444e-22,6.132073831999562e-32,1.054567204436676e-32
7,adam,224,5963.343999999998,8598.681599999996,0.01479435781490243,0.002999298368649738,9.540243892123808e-07,0.0020599796537295375,0.0009383646905309879,0.011795059333838167,0.0,1.5689614849086297e-22,6.703254236228294e-32,1.1443704335303351e-32
7,adam,249,5963.343999999998,8598.681599999996,0.01414305315756926,0.0026359721394644273,6.465952014171172e-07,0.0017775456796086215,0.0008577798646543886,0.011507080902957706,0.0,7.565822741242111e-23,6.267717516569146e-32,1.0795628546583212e-32
7,adam,274,5963.343999999998,8598.681599999996,0.013225264943428116,0.0021139946426647167,1.1574778310195257e-06,0.0013642803172054837,0.0007485568476282133,0.011111270182805574,0.0,1.1721963273950906e-22,5.638414696496081e-32,8.56336642959081e-33
7,adam,299,5963.343999999998,8598.681599999996,0.0123437194761558,0.001797228758238648,3.494310369502489e-07,0.0011533176348713897,0.0006435616923303081,0.010546490597817404,0.0,5.148739665927316e-23,5.161948428296784e-32,7.765615789268324e-33
7,adam,324,5963.343999999998,8598.681599999996,0.011503772250984406,0.0015579619086623397,4.2152292536120217e-07,0.0010119998039510938,0.0005455405817858846,0.009945810219234711,0.0,9.309306189187583e-23,4.7616766105036206e-32,7.027338604220877e-33
7,adam,349,5963.343999999998,8598.681599999996,0.010713335842768438,0.0013665183302081377,4.0518896141602884e-07,0.0009077350126335944,0.00045837812861312726,0.009346817386149644,0.0,1.2300922790240458e-22,4.4390655654314543e-32,6.334989473138005e-33
7,adam,374,5963.343999999998,8598.681599999996,0.009979838570119694,0.0012110611837498225,3.441916596894753e-07,0.000820427177341668,0.00039028981474846503,0.008768777256639838,0.0,1.1195724577861091e-22,4.162696540712369e-32,5.783655987148608e-33
7,adam,399,5963.343999999998,8598.681599999996,0.009299959393896717,0.0010801430330606362,2.813490715166384e-07,0.0007451066762853173,0.00033475500770380217,0.008219816227884936,0.0,1.0496386255760151e-22,3.9222420673783937e-32,5.299975813393015e-33
7,adam,424,5963.343999999998,8598.681599999996,0.008627123480165595,0.0009104121737014178,2.999397020695266e-07,0.0006304338732159281,0.00027967836078342023,0.007716711170520952,0.0,1.252829489568145e-22,3.4064466748713385e-32,4.6432952729570874e-33
7,adam,449,5963.343999999998,8598.681599999996,0.008097637941897478,0.0008398115441512952,3.1321392663010806e-07,0.0005930487023424109,0.0002464496278822542,0.0072578262590382294,0.0,1.250102943641385e-22,3.226180018481681e-32,4.42817308243129e-33
7,adam,474,5963.343999999998,8598.681599999996,0.007551562425500013,0.00075727792269736,2.22313199431483e-07,0.0005338512025180475,0.0002232044069798811,0.006794284361543785,0.0,1.09682832167084e-22,3.0850923117079234e-32,4.0816924859297944e-33
7,adam,499,5963.343999999998,8598.681599999996,0.0070933873854684,0.0007070356168134085,1.9976127816523145e-07,0.0004938539660980597,0.00021298188943718357,0.006386351625112492,0.0,8.903840143114695e-23,2.9475444885804696e-32,3.817298456710532e-33
7,adam,524,5963.343999999998,8598.681599999996,0.006631179287163789,0.0006441095900460055,1.897346880679574e-07,0.00046111479263810385,0.0001828050627198336,0.005987069551370106,0.0,7.915169735697335e-23,2.8339606118701606e-32,3.5969050907723237e-33
7,adam,549,5963.343999999998,8598.681599999996,0.006269153352716498,0.0006382649726351699,2.1317824565220816e-07,0.0004442567773674188,0.00019379501702209895,0.005630888232471802,0.0,8.071371346728587e-23,2.7501085948720345e-32,3.149098591400159e-33
7,adam,574,5963.343999999998,8598.681599999996,0.0058644395830777605,0.0005786304634007513,1.3693088309490652e-07,0.0004185538119189301,0.00015993972059872623,0.005285808970397314,0.0,6.32184360026517e-23,2.60689579014426e-32,3.34252461547446e-33
7,adam,599,5963.343999999998,8598.681599999996,0.005489463761949673,0.0005282648937499084,1.2633053940751048e-07,0.0003757367842947919,0.00015240177891570898,0.004961198717047244,0.0,5.542991352817073e-23,2.53219608977132e-32,3.19582478982488e-33
7,adam,624,5963.343999999998,8598.681599999996,0.005159341060171602,0.0005041733438145846,1.3425185722683356e-07,0.0003617549036125755,0.00014228418834478222,0.004655167563137269,0.0,5.829991375962362e-23,2.5635644676881354e-32,3.163033782805487e-33
7,adam,649,5963.343999999998,8598.681599999996,0.01066995113605946,0.004890826292813332,1.1339344563603004e-06,0.004326080603892197,0.0005636117544647744,0.005779124685439879,0.0,1.1669450444303249e-22,3.937074104538282e-32,9.451387941009161e-33
7,adam,674,5963.343999999998,8598.681599999996,0.011128163541313938,0.004871301366631407,1.211629537208644e-07,0.0036557988190935088,0.0012153813845841774,0.006256862007377233,0.0,1.2272124630805128e-23,2.998439043176368e-32,3.680362922103531e-33
7,adam,699,5963.343999999998,8598.681599999996,0.01029424708906569,0.004361554795297023,2.3796683437167663e-08,0.0036292678321093548,0.0007322631665042311,0.005932692125343526,0.0,6.501319228236783e-24,2.722674116710579e-32,3.153243905451944e-33
7,adam,724,5963.343999999998,8598.681599999996,0.00981865829769413,0.00400503266983574,2.3620112956825376e-08,0.0034755307890691894,0.000529478260653594,0.005813625459290844,0.0,3.2133382196425435e-24,2.668325208315391e-32,3.117998489976139e-33
7,adam,749,5963.343999999998,8598.681599999996,0.009430185164542852,0.003693819279317255,2.735036490034802e-08,0.0032191479824059312,0.0004746439465464238,0.005736365716605368,0.0,5.586451620687756e-24,2.710473129278478e-32,3.1361092404971007e-33
7,adam,774,5963.343999999998,8598.681599999996,0.009096072200812917,0.0034152671113102232,3.138741967052684e-08,0.002985493311255027,0.0004297424126355253,0.005680804920831528,0.0,1.0431370389532289e-23,2.7638644631595154e-32,3.1366410148251064e-33
7,adam,799,5963.343999999998,8598.681599999996,0.008802731139356042,0.0031741456013493563,3.419627033233359e-08,0.002772768804895092,0.0004013426001839321,0.005628585369284639,0.0,1.42407638222478e-23,2.810813570512535e-32,3.121304242214631e-33
7,adam,824,5963.343999999998,8598.681599999996,0.008468794504419045,0.0028813430728571745,3.0359236176820705e-08,0.0025279629781680014,0.00035334973545299644,0.005587451262778972,0.0,1.3779021852298658e-23,2.539890807333641e-32,2.8279989351296675e-33
7,adam,849,5963.343999999998,8598.681599999996,0.008231616335116798,0.0026905690314600757,2.74422069576384e-08,0.002345877797796543,0.000344663791456575,0.0055410471348089465,0.0,1.2976454117101236e-23,2.588971192505932e-32,2.7917468916991455e-33
7,adam,874,5963.343999999998,8598.681599999996,0.008020245603655959,0.0025303516057557447,2.311700554959927e-08,0.002196415965608808,0.0003339125231413874,0.00548989382898931,0.0,1.0806422464601339e-23,2.633744557936547e-32,2.7783565022242477e-33
7,adam,899,5963.343999999998,8598.681599999996,0.007830402194415031,0.0023940561284516563,1.805268980210274e-08,0.0020699506578906388,0.0003240874178712152,0.005436345896989609,0.0,8.026575778736313e-24,2.681227838041063e-32,2.7712759039956167e-33
7,adam,924,5963.343999999998,8598.681599999996,0.007658492445321951,0.0022787773655279613,1.3539555176064003e-08,0.0019632889273345517,0.0003154748986382335,0.0053797149107552055,0.0,5.5525770169478515e-24,2.7263275172103043e-32,2.767522878797823e-33
7,adam,949,5963.343999999998,8598.681599999996,0.007501415520301679,0.0021813533065617747,1.0232508439986015e-08,0.0018730844098002746,0.00030825866425306,0.005320062044632246,0.0,3.852494734287113e-24,2.767521473365279e-32,2.763961006298037e-33
7,adam,974,5963.343999999998,8598.681599999996,0.0073564243727787864,0.002099013288845035,8.127001922431978e-09,0.001796678527352041,0.0003023266344910714,0.005257410914752225,0.0,2.901148265120951e-24,2.8037116009562297e-32,2.758903116952446e-33
7,adam,999,5963.343999999998,8598.681599999996,0.007221091382387838,0.00202932318911232,6.867674098510124e-09,0.001731892604148371,0.0002974237172898505,0.005191768024014388,0.0,2.419246067197105e-24,2.833721881307308e-32,2.7519401942957837e-33
7,adam,1024,5963.343999999998,8598.681599999996,0.007126241586363141,0.002009128225856602,6.350269879237216e-09,0.0017050364221145528,0.00030408545347216997,0.0051171131911730205,0.0,2.219172991863457e-24,2.883478951529002e-32,2.8169692215216983e-33
7,adam,1049,5963.343999999998,8598.681599999996,0.00700679155080999,0.0019637665168078127,5.976723033093865e-09,0.0016671037066784418,0.0002966568334063379,0.005043024864591039,0.0,2.0953994155952055e-24,2.8990731163916715e-32,2.8097127642874357e-33
7,adam,1074,5963.343999999998,8598.681599999996,0.006890583820211173,0.0019234237060121945,5.977700371425679e-09,0.0016291133718547408,0.00029430435645708234,0.004967159944703511,0.0,2.084152278362206e-24,2.9034510116488533e-32,2.790937178174614e-33
7,adam,1099,5963.343999999998,8598.681599999996,0.006776394067799002,0.0018871172901942642,6.293566500563346e-09,0.0015953527158907574,0.0002917582807370061,0.004889276608022198,0.0,2.139873035404657e-24,2.899292707657808e-32,2.7708873791943336e-33
7,adam,1124,5963.343999999998,8598.681599999996,0.006663351753881783,0.001853248438986104,6.975871960366495e-09,0.001564547926655779,0.0002886935364583648,0.004810103145223141,0.0,2.257098980737365e-24,2.890675307097331e-32,2.7470450170469917e-33
7,adam,1149,5963.343999999998,8598.681599999996,0.00655072883447259,0.001821071332697889,8.178236216865377e-09,0.0015358175033511848,0.00028524565111048736,0.0047296573320085794,0.0,2.4731657029891855e-24,2.87716292247901e-32,2.7213266153619916e-33
7,adam,1174,5963.343999999998,8598.681599999996,0.006437870428960082,0.0017897791037777273,1.0100253356566909e-08,0.00150830685869633,0.00028146214482804063,0.004648091155318705,0.0,2.8470755623128954e-24,2.859512781930995e-32,2.6940734937302035e-33
7,adam,1199,5963.343999999998,8598.681599999996,0.006324146282515111,0.0017586105378381484,1.2978526323515035e-08,0.0014814609703734645,0.00027713658893836036,0.004565535574711615,0.0,3.468062705656283e-24,2.8382505962643156e-32,2.665207996635667e-33
7,adam,1224,5963.343999999998,8598.681599999996,0.006239059714274429,0.0017595459181761698,1.6872059759834697e-08,0.0014837744488797886,0.00027575459723662123,0.004479513626022456,0.0,4.2944149516589e-24,3.058721253295525e-32,2.7971689108766832e-33
7,adam,1249,5963.343999999998,8598.681599999996,0.0061192141797199945,0.0017244495215973025,2.0970552073361503e-08,0.0014500654235849793,0.00027436312746025005,0.004394764487934498,0.0,5.248387237685278e-24,3.019053245762106e-32,2.787605447995558e-33
7,adam,1274,5963.343999999998,8598.681599999996,0.005999524520594106,0.0016878497260944278,2.5791040368362802e-08,0.0014188403281847654,0.0002689836068692941,0.004311674624192811,0.0,6.452080124920416e-24,2.98807492621267e-32,2.769234282121597e-33
7,adam,1299,5963.343999999998,8598.681599999996,0.00587994321379444,0.0016516377170847096,3.1088746674201956e-08,0.001388488769111564,0.00026311785922647143,0.004228305326274693,0.0,8.019311944151929e-24,2.9563209101736197e-32,2.7501358269741295e-33
7,adam,1324,5963.343999999998,8598.681599999996,0.00575974462873655,0.0016149530643306963,3.688586313226399e-08,0.0013590275969516494,0.0002558885815159145,0.004144791393833538,0.0,1.0179221774488998e-23,2.9245429648284406e-32,2.7208267073044288e-33
7,adam,1349,5963.343999999998,8598.681599999996,0.005636967991625125,0.0015758841905472382,4.436507401062727e-08,0.001330333361591276,0.0002455064638819516,0.004061083630359037,0.0,1.387540191235383e-23,2.892465252506106e-32,2.669153803342144e-33
7,adam,1374,5963.343999999998,8598.681599999996,0.00550833396655904,0.0015316254749101058,5.589014109614915e-08,0.0013011680679218195,0.00023040151684719013,0.003976708320771286,0.0,2.0763775215282398e-23,2.857386324153193e-32,2.583460094384051e-33
7,adam,1399,5963.343999999998,8598.681599999996,0.005372655454058011,0.0014818613713024611,6.937235342845308e-08,0.001269571709076042,0.00021222028987299082,0.0038907939116996863,0.0,2.905448906874714e-23,2.812613823425176e-32,2.4729637258472055e-33
7,lbfgs,1400,5963.343999999998,8598.681599999996,0.00534952987893254,0.0014622113969833127,7.634573828338887e-08,0.0012392672231430841,0.0002228678281019452,0.003887318310885705,0.0,3.236601470937418e-23,2.732141885846425e-32,2.4501700092833082e-33
7,lbfgs,1409,5963.343999999998,8598.681599999996,0.0014313336019177155,0.000923451319382927,9.269438806992252e-06,0.0005512428494329698,0.00036293903114296505,0.0005078821028001262,0.0,2.225555250129086e-21,1.7999657510782363e-32,3.7518837933617844e-33
7,lbfgs,1419,5963.343999999998,8598.681599999996,0.0004056927614490508,0.0003657899951912028,7.093142819236636e-08,0.0001356615771332116,0.00023005748662979883,3.99025508773224e-05,0.0,1.794138170546677e-23,1.4569252473692867e-32,3.1081058326702235e-33
7,lbfgs,1429,5963.343999999998,8598.681599999996,0.0003203019626175375,0.0002821889005012617,2.0500864315765104e-08,0.00011410947535381305,0.00016805892428313292,3.811283079652266e-05,0.0,7.530704975458282e-24,1.4201371592116333e-32,2.6188787890347042e-33
7,lbfgs,1439,5963.343999999998,8598.681599999996,0.00029729242685085663,0.00026152408156738074,2.9171804465498426e-08,0.00012958518281486027,0.000131909726948055,3.5768104140289295e-05,0.0,7.809940775002383e-24,1.53749057174326e-32,2.5866005619969373e-33
7,lbfgs,1449,5963.343999999998,8598.681599999996,0.0002809940268647674,0.00025093277209873747,1.3563423409786853e-07,0.00011667766495693735,0.00013411947290770226,3.0061016409000497e-05,0.0,7.413632632203391e-23,1.4839704768873626e-32,2.663212414983458e-33
7,lbfgs,1459,5963.343999999998,8598.681599999996,0.0002613092425692558,0.0002328748117650416,4.934968068960659e-07,0.00011538599724831798,0.00011699531770982756,2.843418859004686e-05,0.0,2.245066554509071e-22,1.5316129826704059e-32,2.5205361990775264e-33
7,lbfgs,1469,5963.343999999998,8598.681599999996,0.00023501780992357882,0.0002106581503077012,1.5416113516666857e-07,0.00010541846262511634,0.00010508552654741819,2.4359422230797202e-05,0.0,7.895099120314147e-23,1.464132178688039e-32,2.4602414251946602e-33
7,lbfgs,1479,5963.343999999998,8598.681599999996,0.00019236413300800927,0.0001708968532096926,2.4099678176358895e-07,8.469272807315878e-05,8.596312835477023e-05,2.1467025465256056e-05,0.0,1.3735109346010855e-22,1.2472661937244763e-32,2.1438332204130807e-33
7,lbfgs,1489,5963.343999999998,8598.681599999996,0.00016526787610284752,0.00015082146576433388,2.5546418961455717e-07,7.883783810715853e-05,7.172816346756078e-05,1.4446126992059375e-05,0.0,1.709447866858898e-22,1.2422075644245538e-32,2.1128989824937983e-33
7,lbfgs,1499,5963.343999999998,8598.681599999996,9.520422445485347e-05,9.038566426494293e-05,2.599429038501906e-07,5.055279378932922e-05,3.957292757176352e-05,4.818283894812602e-06,0.0,8.375314958992919e-23,1.1138394229657886e-32,1.747956616195043e-33
7,lbfgs,1509,5963.343999999998,8598.681599999996,4.204349662100158e-05,3.799408993951807e-05,6.059936698390042e-08,1.5182046448115234e-05,2.2751444124418936e-05,4.049134975098759e-06,0.0,4.1030523514106255e-23,9.664684863069004e-33,1.6715722427307725e-33
7,lbfgs,1519,5963.343999999998,8598.681599999996,2.0787587555958927e-05,1.8287528786453602e-05,7.026742652645526e-08,7.480270999141482e-06,1.0736990360785664e-05,2.4997842223282586e-06,0.0,1.3148118879089132e-23,1.0645497181605208e-32,1.1752313541461352e-33
7,lbfgs,1529,5963.343999999998,8598.681599999996,1.1939774965463833e-05,1.0584709562899394e-05,2.1873534475574425e-08,2.289818356402188e-06,8.273017672021632e-06,1.3547826760425564e-06,0.0,1.2845500303277848e-23,1.052145278364608e-32,1.295482490125925e-33
7,lbfgs,1539,5963.343999999998,8598.681599999996,4.983245585606705e-06,4.677393603939939e-06,5.7589167580657375e-08,2.2388727345280326e-06,2.3809317018312494e-06,3.0556826639490954e-07,0.0,3.645822286487216e-23,1.053867848055862e-32,1.2924471578479802e-33
7,lbfgs,1549,5963.343999999998,8598.681599999996,3.7021722200573296e-06,3.488634997185617e-06,5.4107184081649405e-08,1.9219557319947318e-06,1.5125720811092353e-06,2.1324716772880806e-07,0.0,3.1496280518430825e-23,1.0795868950975074e-32,1.31085067519251e-33
7,lbfgs,1559,5963.343999999998,8598.681599999996,2.4398744260870393e-06,2.3332019428296396e-06,3.2549274225442415e-08,1.5292186961330142e-06,7.714339724711829e-07,1.0637863504383756e-07,0.0,2.4920147312586286e-23,1.0826382422438587e-32,1.3029589645935356e-33
7,lbfgs,1569,5963.343999999998,8598.681599999996,1.975598674801291e-06,1.9635066987774355e-06,5.9600032881311465e-08,1.3600575736214122e-06,5.438490922747117e-07,1.1794093459055633e-08,0.0,4.33015556810497e-23,1.101652750599977e-32,1.3080253033008179e-33
7,lbfgs,1579,5963.343999999998,8598.681599999996,1.4064915117749786e-06,1.35369270560552e-06,6.138380713267583e-09,6.368579822772879e-07,7.106963426149646e-07,5.2501074846462476e-08,0.0,4.751075376270295e-24,1.0947599657338904e-32,1.317884788872793e-33
7,lbfgs,1589,5963.343999999998,8598.681599999996,1.297825425361872e-06,1.2691370660536155e-06,9.810452726476095e-09,6.199677581567902e-07,6.393588551703492e-07,2.8393053475220495e-08,0.0,7.717659917740366e-24,1.0896528822682589e-32,1.312005925615869e-33
7,lbfgs,1599,5963.343999999998,8598.681599999996,1.0405061854974215e-06,1.007240162647153e-06,3.6632184777082998e-09,5.772754874641727e-07,4.2630145670527196e-07,3.296643556010806e-08,0.0,2.6402521775991008e-24,1.0986946728435333e-32,1.3329927486299133e-33
7,lbfgs,1609,5963.343999999998,8598.681599999996,8.456386756126119e-07,8.417261476709632e-07,1.1186416897039435e-08,4.283590254927391e-07,4.021807052811846e-07,3.6146068978722996e-09,0.0,7.850624279341134e-24,1.0973499516186296e-32,1.3276831798568299e-33
7,lbfgs,1619,5963.343999999998,8598.681599999996,8.078134156578177e-07,8.008753096201564e-07,1.4003710866824151e-08,4.3658454844407596e-07,3.502870503092563e-07,6.6397962993371246e-09,0.0,9.334844767427691e-24,1.0983200447671624e-32,1.3271656584881034e-33
7,lbfgs,1629,5963.343999999998,8598.681599999996,6.794820447464168e-07,6.68216713412564e-07,1.7701721454029063e-09,3.500921632529443e-07,3.1635437801421676e-07,1.0967203817592708e-08,0.0,9.967215596661866e-25,1.0950402649988716e-32,1.3223131792129282e-33
7,lbfgs,1639,5963.343999999998,8598.681599999996,6.19803578322733e-07,6.140114085773394e-07,7.115018680033467e-09,2.970804816014118e-07,3.0981590829589406e-07,5.494880956403338e-09,0.0,3.894931169275988e-24,1.0933087362307046e-32,1.327802011109134e-33
7,lbfgs,1649,5963.343999999998,8598.681599999996,5.915424103763774e-07,5.878309695092102e-07,1.178942415741117e-08,2.945598575769708e-07,2.814816877748282e-07,3.4145276038919094e-09,0.0,7.129496597977544e-24,1.0961273440550191e-32,1.3239265374414645e-33
7,lbfgs,1659,5963.343999999998,8598.681599999996,4.826428482175983e-07,4.713286184774218e-07,2.383816058650073e-09,2.2130775329790627e-07,2.4763704912086546e-07,1.1017290373615366e-08,0.0,1.2122489580997578e-24,1.0984901159285645e-32,1.3410476971952389e-33
7,lbfgs,1669,5963.343999999998,8598.681599999996,4.6192661291485106e-07,4.565428709452356e-07,3.1513373384027185e-09,1.910913825637766e-07,2.6230015104305625e-07,5.087189098850252e-09,0.0,2.303138570873044e-24,1.0972630686770184e-32,1.3313860940941058e-33
7,lbfgs,1679,5963.343999999998,8598.681599999996,4.509355745247014e-07,4.460118422141038e-07,2.775581584574545e-09,1.7912720030329658e-07,2.6410906032623265e-07,4.626959905605259e-09,0.0,1.640313646111634e-24,1.0961422313355963e-32,1.3338465103468935e-33
7,lbfgs,1689,5963.343999999998,8598.681599999996,3.875673437309561e-07,3.833125981324653e-07,5.278815406381977e-09,1.4500745347736958e-07,2.3302632924871377e-07,3.958674859150753e-09,0.0,2.7164791297737263e-24,1.0962960002047191e-32,1.3349467270884213e-33
7,lbfgs,1699,5963.343999999998,8598.681599999996,3.4796228717724475e-07,3.4416442444921433e-07,1.2524677373644085e-08,1.2841803447663957e-07,2.0322171259893068e-07,3.501559230353461e-09,0.0,5.585985444121876e-24,1.094184263607718e-32,1.339392846687022e-33
7,lbfgs,1709,5963.343999999998,8598.681599999996,3.1299033144158616e-07,3.08934547949708e-07,2.753990995483016e-09,1.2402301563177972e-07,1.8215754132244526e-07,3.7575701047004264e-09,0.0,1.367967723477111e-24,1.0958031965022366e-32,1.3374239163130941e-33
7,lbfgs,1719,5963.343999999998,8598.681599999996,2.850091691626475e-07,2.7489645367146976e-07,1.7987820066819684e-09,1.021675030266868e-07,1.70930168638101e-07,9.813221684062838e-09,0.0,1.2753599723508568e-24,1.0936020989568909e-32,1.338494719082303e-33
7,lbfgs,1729,5963.343999999998,8598.681599999996,2.611328123372232e-07,2.5240318064658456e-07,1.4855163530184916e-09,8.926681957817537e-08,1.6165084471539073e-07,8.430358890605402e-09,0.0,1.0052541596993636e-24,1.0922451392830089e-32,1.3359674080986941e-33
7,lbfgs,1739,5963.343999999998,8598.681599999996,2.546483521485343e-07,2.414748324084429e-07,3.5908867820656047e-09,8.854440045513745e-08,1.4933954517123986e-07,1.2873793112674616e-08,0.0,2.473702923711221e-24,1.09339282435732e-32,1.3362883457654e-33
7,lbfgs,1749,5963.343999999998,8598.681599999996,2.21384497801896e-07,2.1210359407993398e-07,2.3111958941153523e-09,8.319793511689191e-08,1.265944630689267e-07,8.978130723105174e-09,0.0,1.5445260960353673e-24,1.0943928413879508e-32,1.3415182924861965e-33
7,lbfgs,1759,5963.343999999998,8598.681599999996,1.7145057503540255e-07,1.5648137462052198e-07,1.8828810377278317e-09,6.771309249574116e-08,8.688540108705298e-08,1.4661644231228892e-08,0.0,9.662457312265342e-25,1.0950526389339191e-32,1.3405123344801995e-33
7,lbfgs,1769,5963.343999999998,8598.681599999996,1.6106241191338315e-07,1.5150954920451226e-07,2.2416417971353636e-10,7.32765917099094e-08,7.80087933148893e-08,9.244268770494892e-09,0.0,6.438010036981102e-26,1.0921543620777713e-32,1.3370703759273448e-33
7,lbfgs,1779,5963.343999999998,8598.681599999996,1.588170166836821e-07,1.494288773646997e-07,2.2515907170295976e-10,7.341054361901118e-08,7.579317467398558e-08,9.079631828701684e-09,0.0,5.297280252927345e-26,1.0927856872355335e-32,1.3370170926429258e-33
7,lbfgs,1789,5963.343999999998,8598.681599999996,1.5581136486602776e-07,1.4931491051754542e-07,2.1086348411805768e-10,7.181009551947926e-08,7.72939515139481e-08,6.188769473455732e-09,0.0,4.115159255952194e-26,1.092442180143564e-32,1.3357527734000381e-33
7,lbfgs,1799,5963.343999999998,8598.681599999996,1.5374616659076257e-07,1.4789972248101804e-07,2.403819610044674e-10,6.727955173959172e-08,8.037978878042183e-08,5.5397638650872445e-09,0.0,8.297909375494853e-26,1.0922439172064368e-32,1.3356379009919371e-33
7,lbfgs,1809,5963.343999999998,8598.681599999996,1.4661142389738494e-07,1.4225465615260635e-07,9.532245963439624e-10,6.12022773435864e-08,8.009915421267598e-08,4.050520602035416e-09,0.0,4.692960665159744e-25,1.0933617304600044e-32,1.3387030241541363e-33
7,lbfgs,1819,5963.343999999998,8598.681599999996,1.379341962056532e-07,1.340745587761408e-07,3.8107927520257826e-10,5.3499249906736744e-08,8.019422959420145e-08,3.5533524009153116e-09,0.0,1.6323681925702122e-25,1.0944324732040668e-32,1.3408785935508058e-33
7,lbfgs,1829,5963.343999999998,8598.681599999996,1.301291722340642e-07,1.2860197375891826e-07,1.6262871968868362e-10,5.218199033646493e-08,7.625735470276465e-08,1.2219970747274395e-09,0.0,4.075664356543407e-26,1.0938319633508513e-32,1.3414974920602842e-33
7,lbfgs,1839,5963.343999999998,8598.681599999996,1.2847857094162646e-07,1.2679626352568661e-07,2.0005157571661387e-10,5.272159750013471e-08,7.387461444983529e-08,1.3768659894484438e-09,0.0,7.332270312528052e-26,1.0942081088270972e-32,1.341749234738586e-33
7,lbfgs,1849,5963.343999999998,8598.681599999996,1.2545114660919433e-07,1.236635725129278e-07,1.8980314942806181e-10,5.6163521424275834e-08,6.73102479392239e-08,1.4810218012764446e-09,0.0,6.077494902393176e-26,1.0936855229173332e-32,1.3419790561472048e-33
7,lbfgs,1859,5963.343999999998,8598.681599999996,1.248119815090519e-07,1.2291499767104682e-07,2.062867544990132e-10,5.689503781113723e-08,6.581367310541056e-08,1.5902479297908816e-09,0.0,7.908408097665004e-26,1.0938609096535663e-32,1.3423656808343117e-33
7,lbfgs,1869,5963.343999999998,8598.681599999996,1.243834623180921e-07,1.2232154603506324e-07,2.6660310878421194e-10,5.7445784400754754e-08,6.460915852552428e-08,1.755022377288545e-09,0.0,1.3125799568721132e-25,1.0937830474011152e-32,1.3422637493105074e-33
7,lbfgs,1879,5963.343999999998,8598.681599999996,1.2411945234838767e-07,1.2179572455260712e-07,2.6919985177078645e-10,5.760837402143903e-08,6.391815067939731e-08,2.0167164303950785e-09,0.0,1.3441775509316999e-25,1.0938272784327797e-32,1.3422455964160215e-33
7,lbfgs,1889,5963.343999999998,8598.681599999996,1.1642039675784386e-07,1.1313468702150797e-07,1.5221480661180387e-09,6.869570490669285e-08,4.291683404869708e-08,2.9756798835258947e-09,0.0,1.0578130507575168e-24,1.0909554442097544e-32,1.3488670340178524e-33
7,lbfgs,1899,5963.343999999998,8598.681599999996,9.717394405305392e-08,9.488561118775429e-08,1.1934079574215667e-09,5.654712370712076e-08,3.714507952321197e-08,1.979954240042279e-09,0.0,8.281053438969282e-25,1.0934753467375208e-32,1.342896243154243e-33
7,lbfgs,1909,5963.343999999998,8598.681599999996,8.732470008273357e-08,8.378352735620193e-08,4.794551051061871e-10,5.2001047508066246e-08,3.130302474302949e-08,3.232967256668745e-09,0.0,3.1019794329369576e-25,1.0933380940537759e-32,1.3433400090501861e-33
7,lbfgs,1919,5963.343999999998,8598.681599999996,8.185448929509131e-08,7.895972241407246e-08,8.052267133247086e-10,5.4439104795512944e-08,2.3715390905234817e-08,2.5860665067637968e-09,0.0,5.418922036710473e-25,1.0936576826480265e-32,1.3419970242693334e-33
7,lbfgs,1929,5963.343999999998,8598.681599999996,8.041921355571176e-08,7.709648929849385e-08,9.753095519495436e-10,5.373407934431956e-08,2.2387100402224738e-08,3.0137635265375725e-09,0.0,6.92694119840586e-25,1.0933953901872628e-32,1.3413732597432025e-33
7,lbfgs,1939,5963.343999999998,8598.681599999996,7.977206987167227e-08,7.632146136665271e-08,9.53785742900794e-10,5.4033711935835666e-08,2.1333963687916242e-08,3.141494230258122e-09,0.0,6.389741199891859e-25,1.0934920494472067e-32,1.3411376121953288e-33
7,lbfgs,1949,5963.343999999998,8598.681599999996,7.830020382274371e-08,7.478196904204094e-08,1.1433818793754062e-09,5.4235367356093674e-08,1.9403219806571853e-08,3.20839280421134e-09,0.0,8.328341226809563e-25,1.0941257666659686e-32,1.3401776123318662e-33
7,lbfgs,1959,5963.343999999998,8598.681599999996,7.246824190643047e-08,7.049222266187361e-08,7.715050563638235e-10,4.950003195998296e-08,2.0220685645526835e-08,1.665616943199072e-09,0.0,5.469043843802299e-25,1.0932675854029968e-32,1.3402722077853703e-33
7,lbfgs,1969,5963.343999999998,8598.681599999996,5.142917539251821e-08,4.841189563530042e-08,7.253766442388667e-10,2.175150102404483e-08,2.5935017967016725e-08,2.704346109779457e-09,0.0,4.253952916130057e-25,1.09520199864072e-32,1.3427761094966486e-33
7,lbfgs,1979,5963.343999999998,8598.681599999996,3.962445913781329e-08,3.845526089504677e-08,1.4481638383357687e-09,1.8939852656412148e-08,1.806724440029885e-08,8.516738840804159e-10,0.0,9.2292957272168e-25,1.0953364234925895e-32,1.344247667095094e-33
7,lbfgs,1989,5963.343999999998,8598.681599999996,3.0869925514732754e-08,2.8506188801891118e-08,1.8880710278307105e-09,1.3866711579131616e-08,1.2751406194928789e-08,2.0419332625902266e-09,0.0,1.2676707443092531e-24,1.0954537434171469e-32,1.3452256645765085e-33
7,lbfgs,1999,5963.343999999998,8598.681599999996,2.8081679238772427e-08,2.6674434714278046e-08,2.415980318100769e-09,1.443870375150115e-08,9.819750644676127e-09,1.0838733449927576e-09,0.0,1.6551235908186314e-24,1.0957964024425219e-32,1.344669847406946e-33
7,lbfgs,2009,5963.343999999998,8598.681599999996,2.7106292809393293e-08,2.554531700807233e-08,2.59346171575211e-09,1.442724260317573e-08,8.524612689144491e-09,1.2360434582708113e-09,0.0,1.7204342906127235e-24,1.0955750303733817e-32,1.3439800377070969e-33
7,lbfgs,2019,5963.343999999998,8598.681599999996,2.635753459754602e-08,2.4861528635740853e-08,2.9110167789858425e-09,1.3899134066017939e-08,8.051377790737073e-09,1.169160559495179e-09,0.0,1.9835608991518278e-24,1.0957332790291073e-32,1.3436444130366423e-33
7,lbfgs,2029,5963.343999999998,8598.681599999996,2.5704319138714068e-08,2.457144199862312e-08,2.9045566561918827e-09,1.3278482731038746e-08,8.38840261139249e-09,8.055084659168127e-10,0.0,1.982063193230593e-24,1.0963239675210894e-32,1.3440978690860165e-33
7,lbfgs,2039,5963.343999999998,8598.681599999996,2.539748493146688e-08,2.448386867631967e-08,2.9891803929508e-09,1.2903526861296928e-08,8.591161422071942e-09,5.857306707160404e-10,0.0,1.9887460007382088e-24,1.0963807748571599e-32,1.3441549464065749e-33
8,adam,0,8598.681599999996,11598.681599999996,0.10882768935924457,0.08162076695075474,0.00027776811620347253,0.05880698816382724,0.022536010670724027,0.02720692231691825,0.0,1.190252234356984e-21,1.9600000579610593e-30,2.499999999999994e-31
8,adam,24,8598.681599999996,11598.681599999996,0.026745533639145384,0.01295974038976749,0.000185767434461711,0.00796277514790304,0.004811197807402738,0.013785793155978105,0.0,5.1164770337346793e-23,2.7209948939968004e-31,5.358776821163143e-32
8,adam,49,8598.681599999996,11598.681599999996,0.020600659897411538,0.007267438571638456,3.549991900868403e-05,0.004688915290227323,0.002543023362402449,0.013333221229286011,0.0,4.74182623711857e-23,1.6527011645787147e-31,2.816314822235186e-32
8,adam,74,8598.681599999996,11598.681599999996,0.01791724922157,0.004827536365157989,2.034065495988802e-06,0.0032807407753746532,0.0015447615242873468,0.013089712755750273,0.0,1.1049783627233698e-24,1.1794333085346961e-31,1.7026235747883075e-32
8,adam,99,8598.681599999996,11598.681599999996,0.016771661139879254,0.003918457802895293,2.013905367812078e-06,0.002664570290327966,0.001251873607199515,0.012853203232720265,0.0,3.884309696991059e-25,9.358555300387683e-32,1.4286505245916287e-32
8,adam,124,8598.681599999996,11598.681599999996,0.01612345847732915,0.0034601410611965365,8.470979413535859e-07,0.002367424761218306,0.0010918692020368767,0.012663317309374762,0.0,2.3960444895833674e-25,8.078688484005816e-32,1.2685241990308764e-32
8,adam,149,8598.681599999996,11598.681599999996,0.015712726415500505,0.0032062238783344185,5.872743313362078e-07,0.0021990792309798278,0.0010065573730232544,0.01250650242866324,0.0,1.3246424093352413e-25,7.255964523122078e-32,1.1735035747149703e-32
8,adam,174,8598.681599999996,11598.681599999996,0.015427929323060214,0.0030566060739798365,4.574322501863718e-07,0.0021037468772676,0.0009524017644620503,0.012371323139271756,0.0,1.0331708865345145e-25,6.682375466162063e-32,1.1136910794051083e-32
8,adam,199,8598.681599999996,11598.681599999996,0.015207363916017314,0.002958207012213712,3.6467424843595955e-07,0.0020449517227380354,0.0009128906152272408,0.012249156792926963,0.0,8.740763017737489e-26,6.248984962774069e-32,1.0705067073203206e-32
8,adam,224,8598.681599999996,11598.681599999996,0.01512558086280978,0.0030090306584688096,2.346200322729067e-07,0.002094821663648676,0.0009139743747878605,0.012116550092510751,0.0,7.42248048021196e-26,6.197099335699785e-32,1.0679069313734413e-32
8,adam,249,8598.681599999996,11598.681599999996,0.014928977711781383,0.0029344828916128872,1.883566697925504e-07,0.002052233726470928,0.0008820608084721666,0.011994494707432295,0.0,8.113987637454872e-26,5.856784048295463e-32,1.0350218095119565e-32
8,adam,274,8598.681599999996,11598.681599999996,0.014742644049715382,0.0028618584683094655,2.9074729267078763e-07,0.002007215721859089,0.0008543519991577054,0.011880785467767933,0.0,1.3048270928572215e-25,5.574080314247923e-32,1.0073410415882213e-32
8,adam,299,8598.681599999996,11598.681599999996,0.014539848226030475,0.0027716011072986295,8.075477488172357e-07,0.001942451201258908,0.0008283423582909041,0.011768247004065091,0.0,3.3645324242643916e-25,5.336306517593469e-32,9.859926987451004e-33
8,adam,324,8598.681599999996,11598.681599999996,0.014265011324706553,0.0026177359084090294,7.203214748803986e-07,0.0018181017546085845,0.0007989138323255645,0.011647275300192194,0.0,3.462171128090051e-25,5.129458426857907e-32,9.682080218513211e-33
8,adam,349,8598.681599999996,11598.681599999996,0.013738675689258783,0.002263741093174055,1.0019359941306983e-06,0.00150947526474221,0.0007532638924377143,0.011474934477533448,0.0,3.0013074473711435e-25,4.907273615919918e-32,9.412027185468664e-33
8,adam,374,8598.681599999996,11598.681599999996,0.012765655510638194,0.0016450475008342501,2.482567938688113e-06,0.0009844033526155782,0.0006581615802799839,0.011120607887402142,0.0,1.163888116942737e-24,4.350067328943928e-32,7.040487214325499e-33
8,adam,399,8598.681599999996,11598.681599999996,0.011917259447752519,0.0013634836518554676,8.309029408085561e-07,0.0008200055539614515,0.0005426471949532075,0.010553775670409452,0.0,3.4421758080862053e-25,3.935754609291964e-32,6.189189726529447e-33
8,adam,424,8598.681599999996,11598.681599999996,0.011227485153920955,0.0012717078966446899,5.5734694600606e-07,0.0007741437125560942,0.0004970068371425895,0.009955777128472556,0.0,3.56079356882521e-25,3.799452027596435e-32,6.088959850009456e-33
8,adam,449,8598.681599999996,11598.681599999996,0.010514930048458555,0.0011355927717212168,4.341137730181352e-07,0.0007026540758486943,0.0004325045820995043,0.009379337144566484,0.0,3.34333611942577e-25,3.5776599304197396e-32,5.62681095075196e-33
8,adam,474,8598.681599999996,11598.681599999996,0.009854909612005646,0.0010264983172713644,2.95513512526007e-07,0.0006463386922568364,0.0003798641115020019,0.00882841115922365,0.0,2.5233956202026917e-25,3.395534698136331e-32,5.235990813587327e-33
8,adam,499,8598.681599999996,11598.681599999996,0.009240792912360452,0.0009354443572763998,1.7798019911578256e-07,0.0005995279958233547,0.00033573838125392923,0.008305348416332113,0.0,1.576630366124695e-25,3.242256235299212e-32,4.8947736663550484e-33
8,adam,524,8598.681599999996,11598.681599999996,0.00866672729801432,0.0008575616132775809,1.1456854891221911e-07,0.0005583853016515446,0.0002990617430771241,0.007809165542821495,0.0,1.0880694453259194e-25,3.1052072892173656e-32,4.601175113890951e-33
8,adam,549,8598.681599999996,11598.681599999996,0.008131395207413326,0.0007901414603025471,1.0377289063427436e-07,0.0005223625632349347,0.00026767512417697815,0.007341253602111555,0.0,9.445853589655046e-26,2.9799398981653205e-32,4.344580064247834e-33
8,adam,574,8598.681599999996,11598.681599999996,0.007661134024646908,0.0007459941351180813,7.727374697703656e-08,0.0004898111968203891,0.0002561056645507151,0.006915139742083119,0.0,7.349377419830356e-26,2.8820390816418656e-32,3.9951570923535413e-33
8,adam,599,8598.681599999996,11598.681599999996,0.007176438179477721,0.0006862334303282974,6.942269586561279e-08,0.00045892862938430823,0.0002272353782481235,0.006490204599375382,0.0,8.964855575393995e-26,2.7477376790691187e-32,3.938639080148572e-33
8,adam,624,8598.681599999996,11598.681599999996,0.006790012624831039,0.0006904255972649415,6.132684644608008e-08,0.00047025755152133643,0.000220106718897159,0.006099586875408787,0.0,1.008980249645161e-25,2.937744872930566e-32,3.93924854108109e-33
8,adam,649,8598.681599999996,11598.681599999996,0.006375432005534037,0.000644443788853983,5.7288325631741264e-08,0.000442629539253725,0.0002017569612746263,0.0057309880621329206,0.0,9.682465121479726e-26,2.8385230409069937e-32,3.7579484070658635e-33
8,adam,674,8598.681599999996,11598.681599999996,0.006041679113960732,0.0006337413129342414,2.0205681515661249e-07,0.0004626909852711781,0.00017084827084790663,0.005407937644230333,0.0,1.179237142796428e-25,2.7292189324298736e-32,3.802122586958526e-33
8,adam,699,8598.681599999996,11598.681599999996,0.005639499572233138,0.0005739020353750047,5.011046248476264e-08,0.0003901374744036051,0.00018371445050891486,0.005065597378052874,0.0,1.0072648754791809e-25,2.6650503356662506e-32,3.378601720815393e-33
8,adam,724,8598.681599999996,11598.681599999996,0.005293932104676911,0.0005358105687009956,5.787849712513704e-08,0.000368818552206108,0.00016693413799776256,0.004758121374979759,0.0,9.830352402487116e-26,2.582549822371935e-32,3.296196747730825e-33
8,adam,749,8598.681599999996,11598.681599999996,0.004974697163884261,0.0005034550411254674,6.156596285867373e-08,0.00034856510878397733,0.00015482836637863143,0.004471241959556459,0.0,9.154267128723134e-26,2.509684313569272e-32,3.183228148144272e-33
8,adam,774,8598.681599999996,11598.681599999996,0.004721989017744589,0.0005038304719387587,1.4017364100064143e-07,0.00035943196161202797,0.00014425833668573005,0.004218158380558138,0.0,1.3837608153603713e-25,2.396074025678756e-32,3.256429653591567e-33
8,adam,799,8598.681599999996,11598.681599999996,0.004406302599037256,0.0004559408647212289,6.014325067813671e-08,0.00030963548232308647,0.0001462452391474643,0.003950361567176627,0.0,1.093930930338477e-25,2.3617479105466397e-32,2.9537530394063945e-33
8,adam,824,8598.681599999996,11598.681599999996,0.004093143701286992,0.00037820058008855546,8.436273014565657e-08,0.00025024870678871155,0.00012786751056969827,0.003714942952126827,0.0,1.0731197680475194e-25,1.9334103565264605e-32,2.596041743259508e-33
8,adam,849,8598.681599999996,11598.681599999996,0.0038529794809501147,0.0003577302993829395,6.977397266412046e-08,0.00023479248996529788,0.0001228680354449775,0.003495249010641913,0.0,1.250580206097848e-25,1.8963891793604326e-32,2.5175308650913702e-33
8,adam,874,8598.681599999996,11598.681599999996,0.006802331550139592,0.0024496806930489226,5.464960026803633e-07,0.002087380023371504,0.0003617541736747379,0.004352650682524928,0.0,7.928741688562069e-25,2.756285161833092e-32,3.2062200346168887e-33
8,adam,899,8598.681599999996,11598.681599999996,0.007009784368844185,0.0028511655087346986,4.4839294656481163e-07,0.0021020931879636158,0.0007486239278245179,0.004158618679725616,0.0,1.5134787010182433e-24,1.8390112115284008e-32,1.8078953386178374e-33
8,adam,924,8598.681599999996,11598.681599999996,0.006660972778519674,0.0025935873479980163,4.6673846812518497e-07,0.002022990345489174,0.0005701302640407172,0.004067385249914506,0.0,1.7093194729194737e-24,1.7397014990853825e-32,1.807330892165201e-33
8,adam,949,8598.681599999996,11598.681599999996,0.006294610397187504,0.002289071052114595,1.0897060538149029e-07,0.0018582066995339727,0.000430755381975241,0.004005539164424638,0.0,2.879657713454827e-25,1.8207314862943173e-32,1.644503473048007e-33
8,adam,974,8598.681599999996,11598.681599999996,0.005998662890768221,0.002066685139965171,5.7383204825026486e-08,0.0017019495346063398,0.0003646782221540061,0.003931977570025678,0.0,1.3371996552459475e-25,1.8573293513777197e-32,1.668388986961182e-33
8,adam,999,8598.681599999996,11598.681599999996,0.005745350229899683,0.0018843325119390854,4.0865502451711524e-08,0.0015658608341445836,0.00031843081229205,0.0038610175370483034,0.0,9.752765257312127e-26,1.8895647978834984e-32,1.727529371107953e-33
8,adam,1024,8598.681599999996,11598.681599999996,0.005572515844597312,0.0017622483570141174,3.38153639003281e-08,0.0014966203658672763,0.00026559417578294085,0.0038102673065685375,0.0,9.516266974032749e-26,2.132319067260272e-32,1.9079357270940152e-33
8,adam,1049,8598.681599999996,11598.681599999996,0.005384344862632232,0.0016423500826238356,2.2804946609947685e-08,0.0014055030217419127,0.00023682425593531285,0.003741994598779451,0.0,6.648888676465023e-26,2.1616758641802487e-32,1.951839376864713e-33
8,adam,1074,8598.681599999996,11598.681599999996,0.005215793128091165,0.001538460461540529,1.8756615656709127e-08,0.0013272077691992238,0.00021123393572564854,0.0036773324851132774,0.0,5.665317127770588e-26,2.193542526376595e-32,1.9578885748340126e-33
8,adam,1099,8598.681599999996,11598.681599999996,0.005060138224401962,0.001448481362616451,2.4155218246578137e-08,0.00125656652958075,0.0001918906778174543,0.003611656680128117,0.0,7.985921763175183e-26,2.2094949787423723e-32,1.9585628559552902e-33
8,adam,1124,8598.681599999996,11598.681599999996,0.004918196646513366,0.0013711718301849724,2.7712871444165082e-08,0.0011917663128769658,0.00017937780443656233,0.003547024634412133,0.0,9.015019566330482e-26,2.2098337882022945e-32,1.9779092618189572e-33
8,adam,1149,8598.681599999996,11598.681599999996,0.004792334442071908,0.0013084352084033672,2.6278800984939773e-08,0.0011345455388666191,0.00017386339073576315,0.0034838990514242676,0.0,7.639450087678686e-26,2.2031450552880217e-32,2.0193102291834815e-33
8,adam,1174,8598.681599999996,11598.681599999996,0.004674694986227381,0.001252549854350327,2.6743728513356306e-08,0.0010859566976663944,0.00016656641295541912,0.0034221449492617836,0.0,7.049750891393322e-26,2.2003344272015814e-32,2.0293947964186822e-33
8,adam,1199,8598.681599999996,11598.681599999996,0.0045620255381157385,0.0012018935974480488,2.7591702574513273e-08,0.0010419350738361977,0.0001599309319092768,0.003360131757648836,0.0,6.803366122393921e-26,2.189078909522652e-32,2.0344497931839495e-33
8,adam,1224,8598.681599999996,11598.681599999996,0.0044467217803757595,0.0011532328086820219,2.988392304409525e-08,0.0010028475855293581,0.00015035533922961976,0.0032934887883177047,0.0,7.226748488014677e-26,2.0784829207121103e-32,1.9201661446212027e-33
8,adam,1249,8598.681599999996,11598.681599999996,0.00433627415165727,0.001103110985334783,3.183629979815216e-08,0.0009591962631122641,0.00014388288592272083,0.0032331629825561874,0.0,7.820958798437877e-26,2.0369665765780822e-32,1.9194420826097323e-33
8,adam,1274,8598.681599999996,11598.681599999996,0.004225361845524189,0.0010522930173581433,3.619281608375214e-08,0.0009143235218150873,0.00013793330272697226,0.0031730686439226945,0.0,9.227434876698249e-26,1.9907553576821722e-32,1.9086235303669697e-33
8,adam,1299,8598.681599999996,11598.681599999996,0.004114193555893525,0.0010007143416306055,3.984355606956604e-08,0.0008674317289146378,0.0001332427691598981,0.0031134790294699475,0.0,1.0621560016483443e-25,1.9493374409313047e-32,1.8996690718665007e-33
8,adam,1324,8598.681599999996,11598.681599999996,0.004003374450891809,0.0009495819260208733,4.214120513585657e-08,0.0008197701328549841,0.00012976965196075338,0.0030537923394553007,0.0,1.1701790914469529e-25,1.9102415349292727e-32,1.902649014409102e-33
8,adam,1349,8598.681599999996,11598.681599999996,0.003893540712806536,0.0008996150932401173,4.261672921894127e-08,0.0007719507745094412,0.00012762170200145723,0.0029939254334581896,0.0,1.224480071242388e-25,1.8756045363082323e-32,1.914372828948754e-33
8,adam,1374,8598.681599999996,11598.681599999996,0.0037853132639045,0.0008516228117154221,4.1203195336413794e-08,0.000724740847958605,0.0001268407605614807,0.0029336902653254253,0.0,1.2167097692155558e-25,1.8459777088525534e-32,1.933664938770706e-33
8,adam,1399,8598.681599999996,11598.681599999996,0.003679306593242835,0.0008063544030748735,3.837533670054252e-08,0.0006789374230082574,0.0001273786047299155,0.0028729520024957686,0.0,1.1565683001695721e-25,1.8214446213037884e-32,1.95930716574497e-33
8,lbfgs,1400,8598.681599999996,11598.681599999996,0.003684345413009516,0.00081383443509561,3.727310288726912e-08,0.0006647453195410555,0.0001490518424516672,0.002870510790208419,0.0,1.119758636886227e-25,1.8734927965252405e-32,2.086893017316544e-33
8,lbfgs,1409,8598.681599999996,11598.681599999996,0.0017358895469959047,0.0008093177265268753,8.450948636796232e-08,0.0002922329865875,0.0005170002304530073,0.0009265716288539542,0.0,1.3599748448442394e-25,1.0848830625720011e-32,6.495149668997476e-33
8,lbfgs,1419,8598.681599999996,11598.681599999996,0.00043916803373428303,0.00035687215753604784,2.3827925909048642e-08,0.00018048451958976966,0.0001763638100203691,8.229566829569188e-05,0.0,7.079312628968633e-26,1.45217024075315e-32,2.0485404269773647e-33
8,lbfgs,1429,8598.681599999996,11598.681599999996,0.0003130472882669304,0.00027906680267296126,2.435657784770344e-08,0.00012380397027804326,0.0001552384758170703,3.3980261841018184e-05,0.0,5.474428453760604e-26,1.2818158231630435e-32,2.3702069068201523e-33
8,lbfgs,1439,8598.681599999996,11598.681599999996,0.00027660287818768705,0.00025080484642761006,1.831293762419255e-08,0.0001292134310070789,0.00012157310248290696,2.5797810439370026e-05,0.0,3.858509938024411e-26,1.3749093391912483e-32,2.3821097207827455e-33
8,lbfgs,1449,8598.681599999996,11598.681599999996,0.0002346863104342489,0.00021061517235981762,5.3236991019460505e-08,8.57570147338877e-05,0.00012480492063491046,2.4070915047309492e-05,0.0,1.643865682802752e-25,1.1638415377734338e-32,2.4915836397846195e-33
8,lbfgs,1459,8598.681599999996,11598.681599999996,0.000198271790369568,0.00017713977525199505,1.8475040013578534e-07,8.297751175800079e-05,9.397751309385847e-05,2.113179233440166e-05,0.0,5.692069770008399e-25,1.260167408190258e-32,2.0385504280966123e-33
8,lbfgs,1469,8598.681599999996,11598.681599999996,0.000144602828770853,0.00012186070997111359,1.3427160938512875e-06,3.5335426889931065e-05,8.518256698733124e-05,2.2741893063401867e-05,0.0,3.269218933227957e-24,1.0463144111722941e-32,2.207348879018982e-33
8,lbfgs,1479,8598.681599999996,11598.681599999996,6.83809398983574e-05,6.085556268610194e-05,1.935949672236635e-07,2.5315562983860706e-05,3.534640473501757e-05,7.5251474503236455e-06,0.0,6.280571548038611e-25,9.343909618400409e-33,1.559158050956873e-33
8,lbfgs,1489,8598.681599999996,11598.681599999996,2.9779724064626816e-05,2.8465013926678573e-05,3.615417362765146e-07,1.2270627805760308e-05,1.583284438464175e-05,1.3144603095368656e-06,0.0,1.1711148082009896e-24,8.694439729128639e-33,1.1616715089077297e-33
8,lbfgs,1499,8598.681599999996,11598.681599999996,1.5833433078923274e-05,1.5619314542401295e-05,5.315401367280533e-08,7.001848995584555e-06,8.564311533143933e-06,2.1386947904872275e-07,0.0,1.6669366597683691e-25,9.318051852680483e-33,1.2461427251435489e-33
8,lbfgs,1509,8598.681599999996,11598.681599999996,4.204594451881668e-06,4.0887822941383926e-06,2.782313500418036e-08,2.196248089666726e-06,1.8647110694674859e-06,1.155710360023736e-07,0.0,4.846175755367503e-26,9.728152040193555e-33,1.1846835515634375e-33
8,lbfgs,1519,8598.681599999996,11598.681599999996,2.3957693514240593e-06,2.2103242010800927e-06,8.042245437352705e-08,1.3672034412281887e-06,7.626983054783773e-07,1.8520313568016108e-07,0.0,6.408172363182731e-26,9.677634228855526e-33,1.1719019384679644e-33
8,lbfgs,1529,8598.681599999996,11598.681599999996,1.7850955357604965e-06,1.6923602172434378e-06,1.0454646160059486e-08,1.0212931114802967e-06,6.606124596030816e-07,9.2494114188711e-08,0.0,2.5546968977668283e-26,9.685404417097342e-33,1.1843214303847684e-33
8,lbfgs,1539,8598.681599999996,11598.681599999996,1.2059182039917577e-06,1.1902693187803496e-06,8.85144289332284e-09,5.91094382268608e-07,5.903234936184188e-07,1.5404521335911877e-08,0.0,2.685888223516617e-26,9.632209102200217e-33,1.1726199346381953e-33
8,lbfgs,1549,8598.681599999996,11598.681599999996,7.152108772771883e-07,6.519425770410551e-07,1.1918932425351075e-08,3.807922550388002e-07,2.5923138957690375e-07,6.301806300977882e-08,0.0,2.3293002820839847e-26,9.628639282455468e-33,1.1877767193221495e-33
8,lbfgs,1559,8598.681599999996,11598.681599999996,5.531404483742794e-07,5.237128824963542e-07,6.142486585599168e-09,3.3838645958468945e-07,1.7918393632606555e-07,2.9172481078308347e-08,0.0,2.0120116763985006e-26,9.588027092417171e-33,1.1963564273844862e-33
8,lbfgs,1569,8598.681599999996,11598.681599999996,4.6318920516384845e-07,4.2745446099249885e-07,2.2260855098470036e-09,2.637476494053029e-07,1.6148072607734896e-07,3.547742199611221e-08,0.0,8.154330268607831e-27,9.64117890952621e-33,1.2027252858278208e-33
8,lbfgs,1579,8598.681599999996,11598.681599999996,3.6329826180537896e-07,3.4628932497301035e-07,6.700020981747651e-09,1.8887400544029148e-07,1.5071529855097122e-07,1.6755042460269766e-08,0.0,1.9328385747803826e-26,9.678832534856316e-33,1.2005126362325244e-33
8,lbfgs,1589,8598.681599999996,11598.681599999996,3.0363857338044363e-07,2.909074126172287e-07,4.4472728494431265e-09,1.4313545974242153e-07,1.4332468002536408e-07,1.2477210762629675e-08,0.0,1.4908383717751784e-26,9.675626207451596e-33,1.1983556653963774e-33
8,lbfgs,1599,8598.681599999996,11598.681599999996,2.9611871695705335e-07,2.7565850936575837e-07,4.507287829341653e-09,1.3245937244567838e-07,1.3869184909073834e-07,2.0206178767561523e-08,0.0,1.5488926541572144e-26,9.676349246042757e-33,1.1974702560040051e-33
8,lbfgs,1609,8598.681599999996,11598.681599999996,2.616072484138689e-07,2.460663084654148e-07,7.2831857771607445e-09,1.060640417345826e-07,1.3271908095367142e-07,1.528582450901935e-08,0.0,1.834264012385462e-26,9.654084681278886e-33,1.1984793678451866e-33
8,lbfgs,1619,8598.681599999996,11598.681599999996,2.3932735170532564e-07,2.21814417119244e-07,3.72729740411089e-09,9.763693658866092e-08,1.2045018312647218e-07,1.7257409745961685e-08,0.0,8.073325263073857e-27,9.648488758125626e-33,1.1976364029542477e-33
8,lbfgs,1629,8598.681599999996,11598.681599999996,2.1143491717124296e-07,2.0178734907455518e-07,1.5063150873776649e-09,9.151088297313297e-08,1.0877015101404454e-07,9.390536703465092e-09,0.0,5.507738163303031e-27,9.637647474150177e-33,1.202569685047606e-33
8,lbfgs,1639,8598.681599999996,11598.681599999996,2.0831060711947055e-07,2.0201448132877827e-07,1.4875333807012038e-09,9.069680867613067e-08,1.098301392719464e-07,6.039106132387475e-09,0.0,5.42621122786087e-27,9.651287062164987e-33,1.201497940607996e-33
8,lbfgs,1649,8598.681599999996,11598.681599999996,1.5753062350673687e-07,1.5216364446478936e-07,1.2234986956686196e-09,8.158277614886607e-08,6.935736962025466e-08,5.107411788819578e-09,0.0,4.020566196893572e-27,9.650611629173714e-33,1.2050180457764138e-33
8,lbfgs,1659,8598.681599999996,11598.681599999996,1.3887126592332214e-07,1.3654316191107137e-07,1.1310535333027599e-09,7.765336354850438e-08,5.7758744829264227e-08,2.0698554881516216e-09,0.0,3.903608731459407e-27,9.660458390947848e-33,1.2039126557023292e-33
8,lbfgs,1669,8598.681599999996,11598.681599999996,1.2290115592132976e-07,1.1868771869170237e-07,1.3418324692326272e-09,7.076162736013553e-08,4.6584258862334205e-08,3.955436342340547e-09,0.0,4.34320520970912e-27,9.677338335240669e-33,1.202165037290699e-33
8,lbfgs,1679,8598.681599999996,11598.681599999996,8.515998906651885e-08,8.343947772064361e-08,1.3942662193894926e-09,4.367463564821507e-08,3.837057585303905e-08,1.4618602890852206e-09,0.0,4.159498704713047e-27,9.679576846959692e-33,1.2008062749868377e-33
8,lbfgs,1689,8598.681599999996,11598.681599999996,8.405935619141249e-08,8.248164385856494e-08,1.4894201551941395e-09,4.261505897677128e-08,3.837716472659952e-08,1.3186762624311297e-09,0.0,4.638055369020212e-27,9.67572420560342e-33,1.201432078697769e-33
8,lbfgs,1699,8598.681599999996,11598.681599999996,8.163391150523018e-08,8.051494511428138e-08,2.026212286077804e-09,3.7723281717589696e-08,4.076545111061388e-08,8.596476289380898e-10,0.0,6.371751068727215e-27,9.689314738759662e-33,1.2016220794400092e-33
8,lbfgs,1709,8598.681599999996,11598.681599999996,7.075915306970581e-08,6.818079966884431e-08,1.1596487069103763e-09,3.186113869330387e-08,3.516001226863006e-08,2.3190236858173036e-09,0.0,3.5254693123097904e-27,9.693545462901008e-33,1.2017336581362692e-33
8,lbfgs,1719,8598.681599999996,11598.681599999996,7.031462916779861e-08,6.779975504272312e-08,1.1067025304804437e-09,3.102294406106265e-08,3.567010845118003e-08,2.2557061657107843e-09,0.0,3.624019638125846e-27,9.692393676396557e-33,1.2016797533423633e-33
8,lbfgs,1729,8598.681599999996,11598.681599999996,7.018453796288895e-08,6.764194306230655e-08,1.1052526231685972e-09,3.090869534120308e-08,3.5627995097934884e-08,2.283425149992491e-09,0.0,3.59316079839596e-27,9.692020724505842e-33,1.2016972940052898e-33
8,lbfgs,1739,8598.681599999996,11598.681599999996,7.009931853062126e-08,6.768810884100984e-08,1.1079651181528898e-09,3.0853144594160106e-08,3.5726999128696845e-08,2.152060970438826e-09,0.0,3.671046910044811e-27,9.692442227911403e-33,1.2013674139529017e-33
8,lbfgs,1749,8598.681599999996,11598.681599999996,6.997994534255413e-08,6.752021034789886e-08,1.0981522004807004e-09,3.078838577251454e-08,3.563367237490361e-08,2.200576429742382e-09,0.0,3.606495350214557e-27,9.692277472401372e-33,1.2015309471787447e-33
8,lbfgs,1759,8598.681599999996,11598.681599999996,6.987216754985949e-08,6.736974864357925e-08,1.0956369883577636e-09,3.071355007597481e-08,3.5560561579246676e-08,2.243252473671361e-09,0.0,3.567865925634996e-27,9.69218677404312e-33,1.201660733615403e-33
8,lbfgs,1769,8598.681599999996,11598.681599999996,6.979119638793434e-08,6.740488010971327e-08,1.098417247256915e-09,3.066180682490541e-08,3.5644656037550945e-08,2.1271678836708872e-09,0.0,3.642694709433499e-27,9.692635140499584e-33,1.2013705519515949e-33
8,lbfgs,1779,8598.681599999996,11598.681599999996,6.967497391558577e-08,6.723771709682035e-08,1.0882245852749754e-09,3.0598984068227766e-08,3.555050844331761e-08,2.178097731945837e-09,0.0,3.5764252856972466e-27,9.692472369048923e-33,1.201540100355222e-33
8,lbfgs,1789,8598.681599999996,11598.681599999996,6.956946461487843e-08,6.70873938565043e-08,1.0853710688329174e-09,3.052565998423802e-08,3.547636280343337e-08,2.222903052529011e-09,0.0,3.5364874906423895e-27,9.692376368434272e-33,1.2016735536429127e-33
8,lbfgs,1799,8598.681599999996,11598.681599999996,6.949018783181068e-08,6.712272521036707e-08,1.0881798584654284e-09,3.047608067855539e-08,3.5558464673346256e-08,2.1083123932470026e-09,0.0,3.609511235464896e-27,9.692814756628749e-33,1.2013875179984803e-33
8,lbfgs,1809,8598.681599999996,11598.681599999996,6.93761514819641e-08,6.695730386535877e-08,1.0779993323453148e-09,3.0413989504312144e-08,3.5465315028701306e-08,2.1596865355456724e-09,0.0,3.543765404988452e-27,9.692650248619063e-33,1.2015559951891151e-33
8,lbfgs,1819,8598.681599999996,11598.681599999996,6.92726780721604e-08,6.680876091240351e-08,1.0750884782338452e-09,3.034170554673669e-08,3.539196688743297e-08,2.2047473000256226e-09,0.0,3.50410993277229e-27,9.692552077313415e-33,1.201688145012591e-33
8,lbfgs,1829,8598.681599999996,11598.681599999996,6.919500017879618e-08,6.684517638432089e-08,1.0779029663287472e-09,3.029415095134306e-08,3.5473122466649074e-08,2.090671168305248e-09,0.0,3.575614816724081e-27,9.692984280251237e-33,1.2014042939533102e-33
8,lbfgs,1839,8598.681599999996,11598.681599999996,6.908305609611541e-08,6.668164656236406e-08,1.0678432628443356e-09,3.023271477320405e-08,3.5381088526315674e-08,2.142246021900249e-09,0.0,3.510880637717246e-27,9.692819931596572e-33,1.201571256823892e-33
8,lbfgs,1849,8598.681599999996,11598.681599999996,6.89815412760504e-08,6.653501798680886e-08,1.0649524508535047e-09,3.0161452581614194e-08,3.5308612954341167e-08,2.1873509564522865e-09,0.0,3.47186764091542e-27,9.692721501555015e-33,1.2017019125534177e-33
8,lbfgs,1859,8598.681599999996,11598.681599999996,6.89054034999456e-08,6.657255479470849e-08,1.067761777428558e-09,3.0115899796744754e-08,3.538889322053517e-08,2.0736934385441225e-09,0.0,3.541961067524505e-27,9.693148902923996e-33,1.2014201879251701e-33
8,lbfgs,1869,8598.681599999996,11598.681599999996,6.879547909728374e-08,6.64109026508311e-08,1.0578601986780704e-09,3.005513795977125e-08,3.529790449238178e-08,2.1254102964163596e-09,0.0,3.4783764818647265e-27,9.692985286078341e-33,1.2015857397394592e-33
8,lbfgs,1879,8598.681599999996,11598.681599999996,6.869585536201315e-08,6.626617206920938e-08,1.0550203212175113e-09,2.998492287781563e-08,3.522622887017624e-08,2.170508315879414e-09,0.0,3.440128340043436e-27,9.692887183311804e-33,1.2017150466453203e-33
8,lbfgs,1889,8598.681599999996,11598.681599999996,6.862120437367784e-08,6.630479162985797e-08,1.0578199085107657e-09,2.994134401669137e-08,3.5305627704655836e-08,2.057254694163605e-09,0.0,3.5088810488771554e-27,9.693310323315591e-33,1.2014354896644295e-33
8,lbfgs,1899,8598.681599999996,11598.681599999996,6.85132322798067e-08,6.614498044296765e-08,1.0480903299841263e-09,2.988126933122627e-08,3.521562078175727e-08,2.1090829195227103e-09,0.0,3.446485837169367e-27,9.693147617975968e-33,1.201599732904963e-33
8,lbfgs,1909,8598.681599999996,11598.681599999996,6.841543620134157e-08,6.60021097374768e-08,1.0453146880555658e-09,2.981210817630479e-08,3.514468687311645e-08,2.154148728537295e-09,0.0,3.409044845025794e-27,9.693050047553835e-33,1.2017278036647144e-33
8,lbfgs,1919,8598.681599999996,11598.681599999996,6.834222158778327e-08,6.604176490596264e-08,1.0481031863051938e-09,2.977045541945263e-08,3.5223206300204825e-08,2.0412957488344862e-09,0.0,3.47651327939078e-27,9.693469211325455e-33,1.201450415776817e-33
8,lbfgs,1929,8598.681599999996,11598.681599999996,6.823613769463065e-08,6.588375168179255e-08,1.0385491639055476e-09,2.971106806723918e-08,3.513413445064783e-08,2.09321423371552e-09,0.0,3.415306631243579e-27,9.693307472440153e-33,1.2016134210943125e-33
8,lbfgs,1939,8598.681599999996,11598.681599999996,6.814010877214683e-08,6.574269652911453e-08,1.0358429842648562e-09,2.9642951689876198e-08,3.506390185497347e-08,2.138231661524472e-09,0.0,3.378679678475142e-27,9.693210509003377e-33,1.201740328987997e-33
8,lbfgs,1949,8598.681599999996,11598.681599999996,6.806828240000771e-08,6.578333918329068e-08,1.038620592629204e-09,2.960316563816603e-08,3.514155295249544e-08,2.0257793204660206e-09,0.0,3.444912792059508e-27,9.693625883921039e-33,1.2014650823539175e-33
8,lbfgs,1959,8598.681599999996,11598.681599999996,6.796402532561607e-08,6.562707885461101e-08,1.0292408618834958e-09,2.954445832355715e-08,3.505337966917036e-08,2.0777717527283304e-09,0.0,3.3848754478926364e-27,9.693465117011025e-33,1.2016269006839885e-33
8,lbfgs,1969,8598.681599999996,11598.681599999996,6.786970561894429e-08,6.548779294666064e-08,1.0266055304667259e-09,2.9477369041149527e-08,3.49838183750444e-08,2.122729170361434e-09,0.0,3.3490530112667875e-27,9.693368780619758e-33,1.2017526965143095e-33
8,lbfgs,1979,8598.681599999996,11598.681599999996,6.779922140694843e-08,6.55293758130603e-08,1.0293731530217554e-09,2.9439385639706817e-08,3.5060617020331715e-08,2.010678665143405e-09,0.0,3.4140952492433374e-27,9.693780509060756e-33,1.2014795485276459e-33
8,lbfgs,1989,8598.681599999996,11598.681599999996,6.769673227397806e-08,6.537482310946353e-08,1.0201642271144997e-09,2.9381347380507606e-08,3.497331150184143e-08,2.0627314389020263e-09,0.0,3.355199736530888e-27,9.693620697657514e-33,1.2016402202844496e-33
8,lbfgs,1999,8598.681599999996,11598.681599999996,6.760406622700667e-08,6.523726002636401e-08,1.0175993076805032e-09,2.9315263565507716e-08,3.49043971531758e-08,2.1076197114984017e-09,0.0,3.320164820620633e-27,9.693524983447995e-33,1.201764943089185e-33
8,lbfgs,2009,8598.681599999996,11598.681599999996,6.753488000898087e-08,6.527973738429129e-08,1.0203581400491231e-09,2.9279017865988e-08,3.4980361378254175e-08,1.9959726002523903e-09,0.0,3.384057603069501e-27,9.693933184893803e-33,1.2014938446427544e-33
8,lbfgs,2019,8598.681599999996,11598.681599999996,6.743410231621206e-08,6.512684775139377e-08,1.0113155629755552e-09,2.9221636034870234e-08,3.489389615354798e-08,2.048073768972931e-09,0.0,3.326273161183256e-27,9.693774302605808e-33,1.2016534045825919e-33
8,lbfgs,2029,8598.681599999996,11598.681599999996,6.734303663253187e-08,6.499096185088578e-08,1.0088197713483673e-09,2.9156534489887723e-08,3.482560758964969e-08,2.0928852429101088e-09,0.0,3.29200557235235e-27,9.693679194213542e-33,1.2017770871740395e-33
8,lbfgs,2039,8598.681599999996,11598.681599999996,6.727510606314253e-08,6.503428983651137e-08,1.0115711038961175e-09,2.9121962494250824e-08,3.4900756238364426e-08,1.9816430470355467e-09,0.0,3.354788064724043e-27,9.694083975621122e-33,1.2015079867876306e-33
8,lbfgs,2049,8598.681599999996,11598.681599999996,6.717598556616696e-08,6.4883019842482e-08,1.0026900517238154e-09,2.9065223837938478e-08,3.481510595281971e-08,2.03378179807905e-09,0.0,3.298082941057023e-27,9.693925991791128e-33,1.2016664664700482e-33
8,lbfgs,2059,8598.681599999996,11598.681599999996,6.708646910044452e-08,6.474876666061292e-08,1.0002617262743711e-09,2.900108096742415e-08,3.4747423966914406e-08,2.0785097920901036e-09,0.0,3.264561397033351e-27,9.693831467732803e-33,1.2017891382035804e-33
8,lbfgs,2069,8598.681599999996,11598.681599999996,6.701975355942796e-08,6.479290334378493e-08,1.0030068488076597e-09,2.8968120474186693e-08,3.482177602079058e-08,1.967673824009068e-09,0.0,3.32627087631215e-27,9.694232928544707e-33,1.2015219840592196e-33
8,lbfgs,2079,8598.681599999996,11598.681599999996,6.69222381741741e-08,6.464321086513055e-08,9.942824187062362e-10,2.891201161593678e-08,3.473691683048753e-08,2.019840196560559e-09,0.0,3.2706134838331736e-27,9.694075811000941e-33,1.2016794130441867e-33
8,lbfgs,2089,8598.681599999996,11598.681599999996,6.683422183248686e-08,6.451054728460051e-08,9.919197469867634e-10,2.8848803992541395e-08,3.4669823545072364e-08,2.0644787339360457e-09,0.0,3.2378165487482614e-27,9.693981847768316e-33,1.2018011011794572e-33
8,lbfgs,2099,8598.681599999996,11598.681599999996,6.676868234546843e-08,6.455545266228238e-08,9.946599063612496e-10,2.88173949538903e-08,3.4743397802030834e-08,1.9540500246396387e-09,0.0,3.298488650261326e-27,9.694380082407738e-33,1.2015358420844872e-33
8,lbfgs,2109,8598.681599999996,11598.681599999996,6.667272204793471e-08,6.44072969357273e-08,9.86087251714066e-10,2.8761902633895167e-08,3.4659307050118074e-08,2.006234757653509e-09,0.0,3.2438480504493686e-27,9.694223798769774e-33,1.20169224854408e-33
8,lbfgs,2119,8598.681599999996,11598.681599999996,6.658615869219795e-08,6.427618123532645e-08,9.837883790762177e-10,2.8699607264794688e-08,3.459278559145554e-08,2.0507784213352393e-09,0.0,3.2117546162175448e-27,9.69413037231519e-33,1.2018129789297893e-33
8,lbfgs,2129,8598.681599999996,11598.681599999996,6.652175785913008e-08,6.432181718574601e-08,9.865247616135104e-10,2.8669691905760298e-08,3.46656005183722e-08,1.9407576947546524e-09,0.0,3.271423481043196e-27,9.694525471463164e-33,1.2015495647511695e-33
8,lbfgs,2139,8598.681599999996,11598.681599999996,6.642730458728695e-08,6.417515879535182e-08,9.780991527169956e-10,2.8614803092954972e-08,3.4582256549679854e-08,1.9929521417811145e-09,0.0,3.2177696052148896e-27,9.694369989742024e-33,1.2017049757970915e-33
8,lbfgs,2149,8598.681599999996,11598.681599999996,6.634214894716269e-08,6.404555064348487e-08,9.75862234081769e-10,2.8553397538992722e-08,3.451629087041037e-08,2.037395992797512e-09,0.0,3.1863590999978922e-27,9.694277076181825e-33,1.2018247732230504e-33
9,adam,0,11598.681599999996,14598.681599999996,0.10882744152027408,0.08162058107297746,0.00027758389082109796,0.05880698651143234,0.022536010670724027,0.02720686035765914,0.0,2.9526057014868755e-24,1.960000002887772e-30,2.499999999999994e-31
9,adam,24,11598.681599999996,14598.681599999996,0.026331342427133256,0.012516152015176678,9.618705221241045e-05,0.00845372467676111,0.003966240286203159,0.013815190321041483,0.0,8.226614960668091e-26,2.8806934964397505e-31,4.4193552502840715e-32
9,adam,49,11598.681599999996,14598.681599999996,0.02141579664167833,0.008004129820229102,1.1347518170248854e-05,0.005375752787043068,0.002617029515015786,0.013411666728442734,0.0,1.5820274417569393e-26,1.8744397024174807e-31,2.911510761705583e-32
9,adam,74,11598.681599999996,14598.681599999996,0.018729570701477564,0.005584901792406427,6.374668054473936e-06,0.0038469825841168197,0.0017315445402351333,0.013144668812718913,0.0,1.0385434999417328e-26,1.3747398321267692e-31,1.9363023363744304e-32
9,adam,99,11598.681599999996,14598.681599999996,0.01732417826994834,0.004448610003832582,2.486557151328023e-06,0.003044680420057266,0.001401443026623988,0.012875568165737409,0.0,1.5000382119644092e-27,1.0740115775542225e-31,1.6164242776596294e-32
9,adam,124,11598.681599999996,14598.681599999996,0.0165064228822902,0.0038543437084075103,1.6105222161093214e-06,0.0026299395707526482,0.0012227936154387527,0.012652079070098502,0.0,9.677752909893995e-28,9.247627849601004e-32,1.4201059638735162e-32
9,adam,149,11598.681599999996,14598.681599999996,0.01571025330340077,0.0033113239312386068,1.8534284367869912e-06,0.002252059453189814,0.0010574110496120055,0.012398929265144002,0.0,2.876996344053593e-27,8.170153922521147e-32,1.238150937403487e-32
9,adam,174,11598.681599999996,14598.681599999996,0.014693933624695399,0.0026783170953993164,5.185678957643536e-06,0.0018173543836305947,0.0008557770328110782,0.012015616418547268,0.0,6.246278699726648e-27,7.057749694617673e-32,9.883385401952164e-33
9,adam,199,11598.681599999996,14598.681599999996,0.013756672177798983,0.0022414449968983837,1.5878125852585734e-06,0.0015067625089736606,0.0007330946753394645,0.011515227066927097,0.0,2.0043217694495285e-27,6.146268608911446e-32,8.524206098608261e-33
9,adam,224,11598.681599999996,14598.681599999996,0.013071011705732046,0.0020210630905146856,9.636428449464284e-07,0.001373252461587389,0.0006468469860823504,0.011049948498712476,0.0,2.5940437281086454e-27,5.800829838682712e-32,7.753069165608362e-33
9,adam,249,11598.681599999996,14598.681599999996,0.012359036817161094,0.0017812988513394236,6.803865237882381e-07,0.0012145803137116572,0.0005660381511039781,0.010577737846465455,0.0,2.6025022055432293e-27,5.286376305581843e-32,7.019284885933133e-33
9,adam,274,11598.681599999996,14598.681599999996,0.011709334866987728,0.0015907226937475285,5.078934368345832e-07,0.0010901039300928968,0.0005001108702177971,0.010118612051038147,0.0,2.430488850637459e-27,4.8840503516908035e-32,6.402121780008948e-33
9,adam,299,11598.681599999996,14598.681599999996,0.01111278144012882,0.001440101386456572,4.446951214818778e-07,0.0009913883613073794,0.0004482683300277108,0.00967267992877393,0.0,2.326377457605886e-27,4.5629015832806817e-32,5.9337578651906554e-33
9,adam,324,11598.681599999996,14598.681599999996,0.010552726523340397,0.001312434250455617,3.8683443420085927e-07,0.0009107236785926624,0.0004013237374287539,0.009240292145372527,0.0,2.0086239694495354e-27,4.3016560429266896e-32,5.535071642309944e-33
9,adam,349,11598.681599999996,14598.681599999996,0.010020120018975757,0.0012014361451137886,3.590280974079105e-07,0.0008413320084178187,0.00035974510859856197,0.008818683743711435,0.0,1.8516209385513084e-27,4.0753149995813846e-32,5.188600023241721e-33
9,adam,374,11598.681599999996,14598.681599999996,0.009513098087351275,0.0011043335228557438,3.690757169266754e-07,0.000780741528655696,0.0003232229184831212,0.008408764431702466,0.0,1.9654014958021695e-27,3.876141107705537e-32,4.876238516040794e-33
9,adam,399,11598.681599999996,14598.681599999996,0.009030490301685476,0.0010185247675369746,3.891294847753543e-07,0.0007272366446380629,0.00029089899341413626,0.008011965398761083,0.0,2.159199875992619e-27,3.700188825763323e-32,4.591928477745048e-33
9,adam,424,11598.681599999996,14598.681599999996,0.00852799728322003,0.0008941890952726394,4.0712137353560616e-07,0.000635775646386964,0.0002580063275121398,0.007633808050052828,0.0,2.2213854343379013e-27,3.3529882223688714e-32,4.18884664783766e-33
9,adam,449,11598.681599999996,14598.681599999996,0.008099659995965961,0.0008304445927147014,3.7224894458801175e-07,0.000595882968218544,0.00023418937555156932,0.00726921526284104,0.0,1.949088051953372e-27,3.2174891341922997e-32,3.962005108999628e-33
9,adam,474,11598.681599999996,14598.681599999996,0.007694510606134662,0.0007749220680127172,3.7015550706537324e-07,0.0005632442322110963,0.00021130768029455549,0.006919588395231047,0.0,1.7710261923805973e-27,3.087904376630071e-32,3.779494099624077e-33
9,adam,499,11598.681599999996,14598.681599999996,0.007304728040908263,0.0007236909353111655,3.3178571992015435e-07,0.0005218269097656814,0.00020153223982556398,0.0065810369604193154,0.0,1.7155144798974456e-27,2.9668586828410277e-32,3.59712886166884e-33
9,adam,524,11598.681599999996,14598.681599999996,0.006934030912545916,0.000677072173959902,3.280385746797982e-07,0.0004895576247035765,0.00018718651068164575,0.0062569585911439905,0.0,1.744644902875253e-27,2.85166567122938e-32,3.4687527486349847e-33
9,adam,549,11598.681599999996,14598.681599999996,0.006602778411481365,0.0006465035944946912,3.878400322057712e-07,0.0004686525697015197,0.00017746318476096571,0.005956274667549922,0.0,1.590877339411891e-27,2.7345643564839293e-32,3.371162260807398e-33
9,adam,574,11598.681599999996,14598.681599999996,0.006258259590335194,0.000602188959666473,3.1207583124168316e-07,0.0004284397465127745,0.00017343713732245687,0.005656070479387338,0.0,1.5995729664496248e-27,2.6501913483784765e-32,3.21243398947233e-33
9,adam,599,11598.681599999996,14598.681599999996,0.0059409615874395335,0.0005649940396431571,3.098584742177232e-07,0.0004046230565891619,0.00016006112457977756,0.005375967394591022,0.0,1.5888957013258087e-27,2.5635889899546085e-32,3.1290652602411045e-33
9,adam,624,11598.681599999996,14598.681599999996,0.005641391323293452,0.0005252014864847738,3.2021417013198236e-07,0.0003962908593889799,0.0001285904129256619,0.005116189681739494,0.0,1.014067673882625e-27,2.4231874593780215e-32,3.0065188591413245e-33
9,adam,649,11598.681599999996,14598.681599999996,0.005358714266577485,0.0004982050779611901,2.945128758240984e-07,0.0003640828488845018,0.00013382771620086418,0.0048605090319107855,0.0,9.286813430477758e-28,2.3077087569399037e-32,2.9423433566192393e-33
9,adam,674,11598.681599999996,14598.681599999996,0.00507083010942728,0.00045655243326565706,2.166305583885628e-07,0.0003251407679965841,0.00013119503471068438,0.004614277517624864,0.0,9.41775493666499e-28,2.2619506443591406e-32,2.7678695465630176e-33
9,adam,699,11598.681599999996,14598.681599999996,0.0048024556756497945,0.0004220572632959644,2.057534742780969e-07,0.0003039838348885808,0.00011786767493310546,0.00438039825180254,0.0,9.39424772338417e-28,2.2000954398860257e-32,2.7001655628601204e-33
9,adam,724,11598.681599999996,14598.681599999996,0.007545659015888522,0.0021589018185646587,1.0633159982089754e-06,0.001693656671406407,0.0004641818311600427,0.005386757034745253,0.0,1.727983540998501e-27,3.4336956013931696e-32,6.63993059172386e-33
9,adam,749,11598.681599999996,14598.681599999996,0.008699169947728751,0.0034851909688390554,3.5801315505273825e-07,0.0027880937422246226,0.0006967392134593799,0.0052139788048713,0.0,2.5691744946009283e-27,2.5031979274196996e-32,3.41257771005532e-33
9,adam,774,11598.681599999996,14598.681599999996,0.008490913100784259,0.00331993263197427,1.9567118263753955e-07,0.0025903653999177338,0.0007293715608738991,0.005170980292740677,0.0,1.4171914273753844e-27,2.1824600472007203e-32,2.894661688950411e-33
9,adam,799,11598.681599999996,14598.681599999996,0.00823096839099064,0.0030959335407887514,6.883318176439927e-08,0.0024086257709869277,0.0006872389366200594,0.0051350346738494096,0.0,6.250807437420587e-28,2.2222861527360565e-32,2.9227175742123556e-33
9,adam,824,11598.681599999996,14598.681599999996,0.007990838380921747,0.0028844819502606366,5.225604680909681e-08,0.002250159700841097,0.0006342699933727306,0.005106356254271293,0.0,4.939954180558222e-28,2.197099935661594e-32,2.976637685508559e-33
9,adam,849,11598.681599999996,14598.681599999996,0.007768301348505602,0.0026904352847473677,5.336568631540461e-08,0.002089244954934385,0.0006011369641266674,0.00507786588735924,0.0,5.058512217617093e-28,2.245049771505139e-32,2.9538838029291224e-33
9,adam,874,11598.681599999996,14598.681599999996,0.007562866017440517,0.002516501533813692,4.558290482784102e-08,0.0019469033193501403,0.0005695526315587239,0.005046364307197806,0.0,4.157590435521404e-28,2.2820881338368578e-32,2.9317261495263763e-33
9,adam,899,11598.681599999996,14598.681599999996,0.007373177969210957,0.002360999214355316,3.120839479533007e-08,0.001821857434300672,0.0005391105716598486,0.005012178578366769,0.0,2.527897486212935e-28,2.3168498648638205e-32,2.9120435339028326e-33
9,adam,924,11598.681599999996,14598.681599999996,0.007198506710166159,0.0022235183057380354,2.7672838489817846e-08,0.0017131948183053383,0.0005102958145942072,0.004974988227849458,0.0,1.9138601874773594e-28,2.3542066299698776e-32,2.8988399742188796e-33
9,adam,949,11598.681599999996,14598.681599999996,0.007037549685300065,0.0021030676270324044,4.547995784363761e-08,0.0016196499986997595,0.0004833721483748012,0.004934481881577606,0.0,3.3997815011235163e-28,2.3915817688175145e-32,2.8917076331528878e-33
9,adam,974,11598.681599999996,14598.681599999996,0.006888707609635597,0.001998061872032559,8.590864445844384e-08,0.001539286666058301,0.0004586892973297998,0.004890645560786082,0.0,7.137493498758506e-28,2.4256762999186494e-32,2.8885051793768978e-33
9,adam,999,11598.681599999996,14598.681599999996,0.006750317033528057,0.0019067454665345899,1.3842290511020266e-07,0.0014699729618643956,0.000436634081765084,0.004843571390035126,0.0,1.2118134289500356e-27,2.4553467960449154e-32,2.8882552372091222e-33
9,adam,1024,11598.681599999996,14598.681599999996,0.006610574922238028,0.001820619575305559,1.701474315842729e-07,0.0014069340266090924,0.0004135154012648822,0.004789955169750857,0.0,1.4779831066988338e-27,2.502153294095679e-32,2.8182785289556076e-33
9,adam,1049,11598.681599999996,14598.681599999996,0.0064840665129105015,0.001748655059211758,1.5999847129289056e-07,0.0013512191708264902,0.00039727588991397475,0.0047354112762647204,0.0,1.4066145702484431e-27,2.5260141256971164e-32,2.8515908436679143e-33
9,adam,1074,11598.681599999996,14598.681599999996,0.00636648190928018,0.0016868319847419006,1.3557794197864106e-07,0.0013031724201572172,0.0003835239866427047,0.004679649746878293,0.0,1.1847874423072375e-27,2.5466968451529814e-32,2.874796275465524e-33
9,adam,1099,11598.681599999996,14598.681599999996,0.0062553853609275175,0.0016337956137793606,1.0357831325300906e-07,0.0012622230578973324,0.0003714689775687753,0.0046215895692785355,0.0,8.90865404837266e-28,2.566620607980538e-32,2.8914866335593144e-33
9,adam,1124,11598.681599999996,14598.681599999996,0.006148860932893884,0.0015880767582820612,7.468286573215137e-08,0.0012270788608035358,0.0003609232146127931,0.004560783996541313,0.0,6.241300744321422e-28,2.5821069046147345e-32,2.9036064497325285e-33
9,adam,1149,11598.681599999996,14598.681599999996,0.006045262709477608,0.001547935275813512,5.3701444718067583e-08,0.0011962654954727927,0.0003516160788960012,0.004497327255397114,0.0,4.303570895295363e-28,2.59115684019292e-32,2.9101399981896994e-33
9,adam,1174,11598.681599999996,14598.681599999996,0.00594318006308185,0.0015116496697238115,4.065080409918114e-08,0.0011684876571711712,0.0003431213617485412,0.0044315302148949685,0.0,3.103044492747763e-28,2.5932891921683075e-32,2.9091416717939024e-33
9,adam,1199,11598.681599999996,14598.681599999996,0.005841407881855437,0.0014776578476780509,3.362849336289769e-08,0.0011426205237240216,0.00033500369546066644,0.004363749855513463,0.0,2.4579905599267635e-28,2.5876095228484256e-32,2.899314400232504e-33
9,adam,1224,11598.681599999996,14598.681599999996,0.005778620652326685,0.0014871854992139803,3.385990498882857e-08,0.0011394428987188772,0.0003477087405901144,0.0042914349742708665,0.0,2.4857729528682825e-28,2.6232783033775423e-32,3.0215817995507245e-33
9,adam,1249,11598.681599999996,14598.681599999996,0.0056626452810083616,0.0014385569706470646,3.093436610022738e-08,0.0011091181003641628,0.0003294079359168017,0.004224088131264625,0.0,2.2011326385323663e-28,2.5978393759240924e-32,2.9425827882176538e-33
9,adam,1274,11598.681599999996,14598.681599999996,0.005543982897752526,0.00138952939501379,2.9339369699668654e-08,0.0010717834936716623,0.00031771656197242807,0.004154453323325784,0.0,2.0307164553592015e-28,2.534706234139564e-32,2.887026342245838e-33
9,adam,1299,11598.681599999996,14598.681599999996,0.005421617391854358,0.0013362477144723355,2.7123697971970824e-08,0.001030667976152867,0.0003055526146214966,0.004085369497610409,0.0,1.792647788122688e-28,2.474469803798321e-32,2.8213503598827785e-33
9,adam,1324,11598.681599999996,14598.681599999996,0.005294595351871533,0.0012775862452326884,2.4392360546007854e-08,0.0009856042545133997,0.00029195759835874284,0.004017008926464988,0.0,1.5279947607034282e-28,2.4059928652599578e-32,2.7518210411221355e-33
9,adam,1349,11598.681599999996,14598.681599999996,0.005162650713850818,0.001213058264704572,2.1607268783695313e-08,0.0009353214032155361,0.00027771525422025237,0.0039495922685224465,0.0,1.2871842744926324e-28,2.3330968036113694e-32,2.681093276910613e-33
9,adam,1374,11598.681599999996,14598.681599999996,0.005025891001184776,0.0011424984129122491,1.925470284056791e-08,0.0008791953054944016,0.0002632838527150068,0.00388339240715436,0.0,1.107510698623677e-28,2.25466931289207e-32,2.6133666329804257e-33
9,adam,1399,11598.681599999996,14598.681599999996,0.004884637539855355,0.0010658319362008043,1.7578700706708395e-08,0.0008170604732031841,0.0002487538842969136,0.003818805422000268,0.0,9.902574882763026e-29,2.174757957384857e-32,2.54888054342396e-33
9,lbfgs,1400,11598.681599999996,14598.681599999996,0.0048824750257397435,0.0010662183417785257,1.5982469822674703e-08,0.0008353632305576549,0.0002308391287510481,0.0038162565022846844,0.0,8.603545243272447e-29,2.134438403600393e-32,2.4389864875410867e-33
9,lbfgs,1409,11598.681599999996,14598.681599999996,0.0012686698650712191,0.0005040749667783105,3.5110595768835914e-08,0.00016730790357099431,0.0003367319526115473,0.0007645947073269457,0.0,1.1704331538853077e-28,1.2853220763880797e-32,3.933846479492061e-33
9,lbfgs,1419,11598.681599999996,14598.681599999996,0.00039934076181799734,0.00030750210488285893,8.799001442429309e-07,0.0002180884656072263,8.85337391313897e-05,9.183844781745613e-05,0.0,1.7750560828266074e-27,1.5582583871126454e-32,1.784488642342441e-33
9,lbfgs,1429,11598.681599999996,14598.681599999996,0.00018730700193700763,0.0001766965536899761,5.328700914133445e-08,8.483866572680316e-05,9.18046009540316e-05,1.0610231296570306e-05,0.0,9.433802548858715e-29,1.1241214251910796e-32,2.1122403054278457e-33
9,lbfgs,1439,11598.681599999996,14598.681599999996,0.0001401289421746189,0.00013623125427952664,8.945146594933584e-08,6.544998192734539e-05,7.06918208862319e-05,3.8974684622022e-06,0.0,4.308699273319529e-28,1.1615113411822673e-32,1.6999989736080107e-33
9,lbfgs,1449,11598.681599999996,14598.681599999996,7.974716768113464e-05,6.738544539086782e-05,1.8554835865632675e-07,1.5524597602860286e-05,5.16752994293512e-05,1.2361501961553446e-05,0.0,1.2267006253456684e-27,9.388713672643726e-33,1.911412845640421e-33
9,lbfgs,1459,11598.681599999996,14598.681599999996,2.8605477503431982e-05,2.7546399813603154e-05,1.3206706055768762e-07,1.4545313166296927e-05,1.2869019586748539e-05,1.0588583820798813e-06,0.0,7.209020916742755e-28,9.563140579163524e-33,1.3843359602196265e-33
9,lbfgs,1469,11598.681599999996,14598.681599999996,1.3934069029216512e-05,1.2992422673096183e-05,4.305643096081704e-08,5.757395355685249e-06,7.191970886450118e-06,9.414295109713805e-07,0.0,3.2765431147449394e-28,9.053804258879743e-33,1.1655339272464942e-33
9,lbfgs,1479,11598.681599999996,14598.681599999996,1.0947197286914977e-05,1.0488673911557969e-05,4.345160205375992e-08,4.629886835020205e-06,5.8153354744840046e-06,4.5830753548364923e-07,0.0,3.1141359575692766e-28,8.99495155280478e-33,1.1584686323668345e-33
9,lbfgs,1489,11598.681599999996,14598.681599999996,7.298603626894473e-06,7.082427700581238e-06,8.435432333072597e-08,3.382991850503615e-06,3.6150815267468963e-06,2.1595954449992636e-07,0.0,7.339609266345131e-28,9.215728436086302e-33,1.1658681733254915e-33
9,lbfgs,1499,11598.681599999996,14598.681599999996,4.933818477956635e-06,4.661633001546792e-06,1.565389588886893e-08,2.1766923022847133e-06,2.4692868033732094e-06,2.719700572959082e-07,0.0,9.087510899441939e-29,9.350115313338271e-33,1.1781400805850069e-33
9,lbfgs,1509,11598.681599999996,14598.681599999996,3.3698079222180763e-06,3.2971561035005093e-06,5.113949781321094e-08,1.7416743149911956e-06,1.504342290696103e-06,7.243626104928213e-08,0.0,3.5914367593625075e-28,9.301870403798534e-33,1.1631347445974301e-33
9,lbfgs,1519,11598.681599999996,14598.681599999996,2.2977185763410867e-06,2.235923263336097e-06,1.1178813627509286e-07,1.2400448697441722e-06,8.840902573168319e-07,6.15797412266577e-08,0.0,8.018851932743264e-28,9.256946762164978e-33,1.1549980573869583e-33
9,lbfgs,1529,11598.681599999996,14598.681599999996,1.84006368398329e-06,1.7950725253373395e-06,5.352877282233992e-09,1.0495051596017547e-06,7.402144884533509e-07,4.477496051480694e-08,0.0,3.8795292273986865e-29,9.282493966448731e-33,1.1518802733327145e-33
9,lbfgs,1539,11598.681599999996,14598.681599999996,1.6231607646956059e-06,1.559899844041687e-06,1.118825201523992e-08,8.702576343397524e-07,6.784539576866946e-07,6.304403158319574e-08,0.0,7.601086809873373e-29,9.328402856091452e-33,1.1690631621876208e-33
9,lbfgs,1549,11598.681599999996,14598.681599999996,9.95282246056473e-07,9.827027272765797e-07,9.79582382498361e-09,4.308129056368769e-07,5.420939978147193e-07,1.236023594590297e-08,0.0,6.82479553138325e-29,9.350957186816144e-33,1.1737174470936124e-33
9,lbfgs,1559,11598.681599999996,14598.681599999996,9.506351409644926e-07,9.396570531769812e-07,6.667871302068919e-09,4.104356197635575e-07,5.225535621113547e-07,1.0758605294534944e-08,0.0,3.7635333780960086e-29,9.332762108365994e-33,1.1669412415570252e-33
9,lbfgs,1569,11598.681599999996,14598.681599999996,7.69250591497571e-07,7.441200970471303e-07,6.278284347271264e-09,3.213872779840032e-07,4.164545347158558e-07,2.4909927557735573e-08,0.0,5.045159543395637e-29,9.302444101127272e-33,1.1625911512906257e-33
9,lbfgs,1579,11598.681599999996,14598.681599999996,6.091395237938474e-07,6.025322419981507e-07,1.8771884986436955e-08,2.650968292089506e-07,3.186635278027632e-07,6.3847813361041494e-09,0.0,1.4672769315028431e-28,9.379719434047287e-33,1.1773411690641027e-33
9,lbfgs,1589,11598.681599999996,14598.681599999996,5.86717750985821e-07,5.749832171204009e-07,1.0041152524035676e-08,2.7069001014072016e-07,2.942520544556451e-07,1.151211344212695e-08,0.0,8.978128128249649e-29,9.386361158180323e-33,1.1750568567108803e-33
9,lbfgs,1599,11598.681599999996,14598.681599999996,4.975976818444416e-07,4.931425599076963e-07,2.205417212150494e-08,2.2529393392571273e-07,2.457944538604786e-07,4.230762485776668e-09,0.0,1.6496903528556008e-28,9.396252212112793e-33,1.177787614372815e-33
9,lbfgs,1609,11598.681599999996,14598.681599999996,4.84854910518214e-07,4.773185593992071e-07,2.6219825566031603e-08,2.108004699830794e-07,2.402982638500961e-07,7.312259571125613e-09,0.0,2.0529365344455004e-28,9.388934357465993e-33,1.1813010660191579e-33
9,lbfgs,1619,11598.681599999996,14598.681599999996,4.0201568904548003e-07,4.0088980042034217e-07,3.302175767520751e-09,1.8161664227656838e-07,2.1597098237625302e-07,8.991419591329267e-10,0.0,1.8829677341867707e-29,9.412854770222017e-33,1.1857962417967169e-33
9,lbfgs,1629,11598.681599999996,14598.681599999996,3.197569657365531e-07,3.162560624806371e-07,1.6654304884613322e-09,1.369252939887527e-07,1.7766533800342305e-07,3.2726514766964493e-09,0.0,6.064992683007452e-30,9.423553860699538e-33,1.1862313174650564e-33
9,lbfgs,1639,11598.681599999996,14598.681599999996,3.0654256432860424e-07,3.040962999156386e-07,4.1254696682755594e-09,1.2025785958500546e-07,1.797129706623576e-07,2.217659818503456e-09,0.0,2.4741732988173087e-29,9.41972261088189e-33,1.186660386435979e-33
9,lbfgs,1649,11598.681599999996,14598.681599999996,2.574438184166558e-07,2.482437377893812e-07,3.945174409257022e-09,1.0338551048104966e-07,1.4091305289907454e-07,8.969437863410206e-09,0.0,2.451794514794777e-29,9.43229274483404e-33,1.1853021655762451e-33
9,lbfgs,1659,11598.681599999996,14598.681599999996,2.2839802950382306e-07,2.26370367861409e-07,1.822380127618612e-09,1.1028545073810131e-07,1.1426253699568909e-07,1.7959574028599303e-09,0.0,8.877678715941367e-30,9.432110811080109e-33,1.1836326092473339e-33
9,lbfgs,1669,11598.681599999996,14598.681599999996,2.19778627358171e-07,2.1822868960632908e-07,9.977759539434868e-10,1.0975396938282674e-07,1.0747694426955886e-07,1.3181188190848238e-09,0.0,5.7904533418829e-30,9.449739041181822e-33,1.1859833768892608e-33
9,lbfgs,1679,11598.681599999996,14598.681599999996,1.9257446835647907e-07,1.9092653206217746e-07,6.3436975564644e-10,9.418163199578236e-08,9.611053031074864e-08,1.4169656936255162e-09,0.0,2.804104941016501e-30,9.454611302507878e-33,1.1894516955918438e-33
9,lbfgs,1689,11598.681599999996,14598.681599999996,1.5208558845140068e-07,1.4835664200771076e-07,1.3150244878165914e-09,7.694712901665526e-08,7.009448850323891e-08,3.4944672480441813e-09,0.0,6.955111957075737e-30,9.475035675151491e-33,1.1895900688452011e-33
9,lbfgs,1699,11598.681599999996,14598.681599999996,1.413630976063236e-07,1.3926475237215247e-07,1.6975514353758521e-09,6.511803400661746e-08,7.244916693015914e-08,1.8633214521821626e-09,0.0,1.0514329307277292e-29,9.473092726486898e-33,1.1862090769933787e-33
9,lbfgs,1709,11598.681599999996,14598.681599999996,1.3510955466974312e-07,1.3316333982485974e-07,1.2208724790100592e-09,5.644627073590549e-08,7.549619660994419e-08,1.7105600271063595e-09,0.0,5.591455832493656e-30,9.46773526159837e-33,1.185051108844726e-33
9,lbfgs,1719,11598.681599999996,14598.681599999996,1.2888451568441773e-07,1.2706427824557093e-07,1.1864117359375317e-09,5.304234984752944e-08,7.283551666210396e-08,1.5854012027840952e-09,0.0,5.542461228971799e-30,9.456588840167521e-33,1.1853533724587563e-33
9,lbfgs,1729,11598.681599999996,14598.681599999996,1.222466148391096e-07,1.2087858994744918e-07,9.153605923677726e-10,5.57874191420747e-08,6.41758102130067e-08,1.133890544814927e-09,0.0,5.052069625293134e-30,9.454100127091464e-33,1.185434095317951e-33
9,lbfgs,1739,11598.681599999996,14598.681599999996,1.199085114474391e-07,1.178860109401182e-07,1.2382239423644506e-09,5.62610550180807e-08,6.038673197967305e-08,1.7883398642454688e-09,0.0,8.679567903370134e-30,9.454463820980923e-33,1.1836261583186575e-33
9,lbfgs,1749,11598.681599999996,14598.681599999996,1.0971977991792553e-07,1.085113013402818e-07,1.8556958210928004e-09,4.890396121957447e-08,5.775164429961454e-08,9.72742095521574e-10,0.0,1.1360148314258682e-29,9.440817417495647e-33,1.185074050865561e-33
9,lbfgs,1759,11598.681599999996,14598.681599999996,8.799104976891849e-08,8.450052175039248e-08,2.4420898311041857e-09,3.4904263090616095e-08,4.715416882867219e-08,3.2537474165745098e-09,0.0,9.174402082163677e-30,9.447542584892311e-33,1.1838226218058436e-33
9,lbfgs,1769,11598.681599999996,14598.681599999996,8.269915137787655e-08,8.026162557525655e-08,2.2717534876685606e-09,3.0571561957367035e-08,4.7418310130220954e-08,2.200226424036319e-09,0.0,6.775275866595613e-30,9.44954152697772e-33,1.185379897168382e-33
9,lbfgs,1779,11598.681599999996,14598.681599999996,8.128179986369437e-08,7.91142219373952e-08,2.3317889860805913e-09,3.0602245877533625e-08,4.618018707378099e-08,1.9302524716905533e-09,0.0,7.82977246737298e-30,9.456492796931174e-33,1.186542624525933e-33
9,lbfgs,1789,11598.681599999996,14598.681599999996,7.978060782167675e-08,7.772330042712514e-08,1.8680458751920154e-09,3.053360001439932e-08,4.53216545375338e-08,1.8198551078685819e-09,0.0,7.574063111000847e-30,9.46256337035043e-33,1.186334307897636e-33
9,lbfgs,1799,11598.681599999996,14598.681599999996,7.296288807667475e-08,7.166291125169554e-08,2.156806474183089e-09,2.8869906099701025e-08,4.063619867781142e-08,1.0623183807517435e-09,0.0,1.4639591221356942e-29,9.459185188574708e-33,1.1877679221444333e-33
9,lbfgs,1809,11598.681599999996,14598.681599999996,6.503805746128216e-08,6.423558943531854e-08,1.899221767247766e-09,2.593911131684988e-08,3.63972563512209e-08,5.63792143913071e-10,0.0,1.1903487756179335e-29,9.456927704660789e-33,1.1875486738085908e-33
9,lbfgs,1819,11598.681599999996,14598.681599999996,6.1418123286073e-08,5.9578485811743277e-08,2.403557860896026e-09,2.252260339375321e-08,3.465232455709404e-08,1.599987053721496e-09,0.0,1.0913589938750847e-29,9.455154785497245e-33,1.1860423441138801e-33
9,lbfgs,1829,11598.681599999996,14598.681599999996,5.996685606278718e-08,5.765770237952811e-08,2.380355140110412e-09,2.170825399168225e-08,3.3569093247735446e-08,2.0700196442029327e-09,0.0,1.0311113475071158e-29,9.456280629075541e-33,1.1870197952122837e-33
9,lbfgs,1839,11598.681599999996,14598.681599999996,5.8692272406957285e-08,5.6472759069212576e-08,2.444701347420022e-09,2.19018183848435e-08,3.212623933694906e-08,1.9806993050439825e-09,0.0,1.0286693909911217e-29,9.45201743720733e-33,1.1866664058413041e-33
9,lbfgs,1849,11598.681599999996,14598.681599999996,4.5103471236106277e-08,4.451012778029006e-08,5.554312033097063e-10,2.0307950964073974e-08,2.3646745612906375e-08,3.541786208170474e-10,0.0,3.3342180427466656e-30,9.45997780941243e-33,1.188427501036079e-33
9,lbfgs,1859,11598.681599999996,14598.681599999996,4.2772790801279326e-08,4.2070600405309664e-08,4.789198413268063e-10,1.7780285601330298e-08,2.381139496265256e-08,4.622077387488848e-10,0.0,2.824733938393701e-30,9.459711433732731e-33,1.186253612086992e-33
9,lbfgs,1869,11598.681599999996,14598.681599999996,4.2734615015847164e-08,4.202844333801582e-08,4.743108299374811e-10,1.7743661240984918e-08,2.381047126709342e-08,4.661952725014316e-10,0.0,2.7967487290407124e-30,9.460105981615054e-33,1.1862999148435794e-33
9,lbfgs,1879,11598.681599999996,14598.681599999996,4.27236402216907e-08,4.2017547388891326e-08,4.744546284766826e-10,1.7743618716563407e-08,2.3799474043851232e-08,4.661180860558042e-10,0.0,2.791940578815644e-30,9.46030352718301e-33,1.1863200413897227e-33
9,lbfgs,1889,11598.681599999996,14598.681599999996,4.271456895936646e-08,4.2005482887158955e-08,4.752943189852522e-10,1.7744306546370835e-08,2.3785882021802867e-08,4.691108481153968e-10,0.0,2.7965676295295144e-30,9.460416913297623e-33,1.1863270864455514e-33
9,lbfgs,1899,11598.681599999996,14598.681599999996,4.27060932588522e-08,4.2004615479164015e-08,4.746187011352642e-10,1.7760606185974577e-08,2.376939059205417e-08,4.615050025734813e-10,0.0,2.7894070140535428e-30,9.46046473061881e-33,1.1863463606603511e-33
9,lbfgs,1909,11598.681599999996,14598.681599999996,4.269705186765995e-08,4.1988308235810436e-08,4.753695679460333e-10,1.773860104577056e-08,2.377433762209384e-08,4.687642019090292e-10,0.0,2.804177613126087e-30,9.460459938596848e-33,1.1863136224351779e-33
9,lbfgs,1919,11598.681599999996,14598.681599999996,4.2689248368658324e-08,4.198573248197943e-08,4.749280878536716e-10,1.775471171294193e-08,2.375609268118383e-08,4.635405566658282e-10,0.0,2.79511356079764e-30,9.460483248322233e-33,1.1863353316980886e-33
9,lbfgs,1929,11598.681599999996,14598.681599999996,4.268192947500542e-08,4.1981035210162154e-08,4.744743265341358e-10,1.7761437501594892e-08,2.3745123382033122e-08,4.6092072050201586e-10,0.0,2.7913636809209794e-30,9.460492378423024e-33,1.1863434563304784e-33
9,lbfgs,1939,11598.681599999996,14598.681599999996,4.267263751658775e-08,4.1977148032403834e-08,4.732943530495035e-10,1.7776454956788948e-08,2.3727398722565382e-08,4.5552003547088983e-10,0.0,2.783482675866236e-30,9.460509933291518e-33,1.1863612967671027e-33
9,lbfgs,1949,11598.681599999996,14598.681599999996,4.266531423384388e-08,4.196898772388124e-08,4.732707313550609e-10,1.7771029310228173e-08,2.3724687682298008e-08,4.56355731568191e-10,0.0,2.7852895347688846e-30,9.460500510599717e-33,1.1863531831623855e-33
9,lbfgs,1959,11598.681599999996,14598.681599999996,4.265720533575825e-08,4.195918511136451e-08,4.735000048209438e-10,1.7762355221395425e-08,2.3723329885148145e-08,4.5804730835321647e-10,0.0,2.7875885081088324e-30,9.46048604026624e-33,1.1863423437703323e-33
9,lbfgs,1969,11598.681599999996,14598.681599999996,4.264849470856838e-08,4.195610548271081e-08,4.719867901187727e-10,1.7790214229358507e-08,2.3693904463233524e-08,4.5242419343391756e-10,0.0,2.772222094687287e-30,9.460535687813723e-33,1.1863799600461364e-33
9,lbfgs,1979,11598.681599999996,14598.681599999996,4.2640769426704375e-08,4.194708164032643e-08,4.720320435178374e-10,1.7777097245427094e-08,2.36979523513815e-08,4.5371915076537006e-10,0.0,2.7774312108384523e-30,9.460508707651801e-33,1.1863603833743062e-33
9,lbfgs,1989,11598.681599999996,14598.681599999996,4.2632825147324026e-08,4.19368352818194e-08,4.724982577128898e-10,1.775766039375496e-08,2.370667663035155e-08,4.560158975448359e-10,0.0,2.784181359175282e-30,9.460468875819823e-33,1.186334842222723e-33
9,lbfgs,1999,11598.681599999996,14598.681599999996,4.262552436839787e-08,4.193109012991675e-08,4.719048764854497e-10,1.776520807220424e-08,2.3693977181227063e-08,4.5446255077482074e-10,0.0,2.7779387277548312e-30,9.460486067151907e-33,1.186346292224072e-33
9,lbfgs,2009,11598.681599999996,14598.681599999996,4.2616744860362475e-08,4.1925423724092295e-08,4.705865987376659e-10,1.778538264758394e-08,2.3669454477770692e-08,4.5135511671222663e-10,0.0,2.766266262427999e-30,9.4605290334332e-33,1.1863727528427611e-33
9,lbfgs,2019,11598.681599999996,14598.681599999996,4.260933245489146e-08,4.191758703689211e-08,4.705520619279773e-10,1.7775586610222073e-08,2.3671448364742066e-08,4.5177661166169574e-10,0.0,2.7687417870467135e-30,9.46050735130482e-33,1.186359111297429e-33
9,lbfgs,2029,11598.681599999996,14598.681599999996,4.260077779932693e-08,4.190675975503866e-08,4.712836523535077e-10,1.7748584967492668e-08,2.3686891135192487e-08,4.5404168314401156e-10,0.0,2.776523773843574e-30,9.460449631813158e-33,1.1863263780807172e-33
9,lbfgs,2039,11598.681599999996,14598.681599999996,4.2593210538263905e-08,4.1901055540891616e-08,4.703535711192108e-10,1.7761763549105325e-08,2.366893842066708e-08,4.5218245912977625e-10,0.0,2.7675667543274296e-30,9.460483461190555e-33,1.1863451174811174e-33
9,lbfgs,2049,11598.681599999996,14598.681599999996,4.258532983494193e-08,4.189552253950946e-08,4.690460246495383e-10,1.7780384232397685e-08,2.3646092282462242e-08,4.4983978634433093e-10,0.0,2.75778271619514e-30,9.460525332561361e-33,1.1863674274374472e-33
9,lbfgs,2059,11598.681599999996,14598.681599999996,4.257810510588184e-08,4.188825382975377e-08,4.689240648070022e-10,1.777305348624242e-08,2.3646276278704344e-08,4.498816240692188e-10,0.0,2.7582261247959632e-30,9.460509859380922e-33,1.1863581353444763e-33
9,lbfgs,2069,11598.681599999996,14598.681599999996,4.256937520505929e-08,4.1878510726425484e-08,4.692865284823373e-10,1.7753700204617648e-08,2.3655523993325503e-08,4.508894351392939e-10,0.0,2.761244538693938e-30,9.46047019485715e-33,1.1863371386881282e-33
9,lbfgs,2079,11598.681599999996,14598.681599999996,4.2561905111893185e-08,4.187401096894885e-08,4.672805223676516e-10,1.7790107153998375e-08,2.361662329258283e-08,4.4792923698971795e-10,0.0,2.7434443959918012e-30,9.460561440901512e-33,1.1863840283496535e-33
10,adam,0,14598.681599999996,17598.681599999996,0.10882253311777305,0.0816168997716378,0.0002739026718043487,0.05880698642910943,0.022536010670724027,0.027205633257212595,0.0,7.245090824693148e-27,1.9600000001440017e-30,2.499999999999994e-31
10,adam,24,14598.681599999996,17598.681599999996,0.027942673051537026,0.013846236000234914,0.00011546538531419192,0.008683218322263136,0.005047552292657586,0.014096436960632194,0.0,2.2039139431983125e-28,2.9591953913191925e-31,5.614149426784179e-32
10,adam,49,14598.681599999996,17598.681599999996,0.021990488850648783,0.008574442402538783,4.4782677116966784e-05,0.005482111239773627,0.00304754848564819,0.013416046354694164,0.0,3.013298240259213e-28,1.919680911888713e-31,3.358448755662953e-32
10,adam,74,14598.681599999996,17598.681599999996,0.018860576310615513,0.005734302862573532,3.0298187371543915e-06,0.0038763101724837885,0.0018549628713525894,0.013126273350366667,0.0,8.603110749245719e-30,1.3996285827191153e-31,1.9843195367784487e-32
10,adam,99,14598.681599999996,17598.681599999996,0.017410634523565442,0.004544295665517877,3.30308372079682e-06,0.0030491826025059723,0.0014918099792911076,0.01286633875585863,0.0,2.638560428439551e-30,1.0958287805968817e-31,1.62679741503652e-32
10,adam,124,14598.681599999996,17598.681599999996,0.016577916957954648,0.003957822049907341,1.5818052148108518e-06,0.0026849911453173322,0.001271249099375198,0.012620094802510402,0.0,9.862514948707677e-31,9.369709515818551e-32,1.4385330088715843e-32
10,adam,149,14598.681599999996,17598.681599999996,0.016084343195077414,0.003657803658483831,9.922517155161572e-07,0.0024881700607701372,0.0011686413459981776,0.012426539428762233,0.0,4.869194297296957e-31,8.394923701210712e-32,1.3393824310129484e-32
10,adam,174,14598.681599999996,17598.681599999996,0.015738518403958165,0.0034647290072133035,8.371556945087326e-07,0.0023561060592691215,0.0011077857922496737,0.012273789287242322,0.0,4.122764693877323e-31,7.736618053290772e-32,1.2742795833628157e-32
10,adam,199,14598.681599999996,17598.681599999996,0.015458865790170539,0.0033231974536285557,5.652856772021167e-07,0.0022616508444015695,0.0010609813235497839,0.012135668225620878,0.0,2.506627736857997e-31,7.228115134999512e-32,1.2241485164063527e-32
10,adam,224,14598.681599999996,17598.681599999996,0.014794342674203168,0.00273403346997341,3.657974600256093e-07,0.0018974643838665928,0.0008362032886467915,0.012060309092178834,0.0,1.8586844918120118e-31,5.518871374534069e-32,1.0007991472858767e-32
10,adam,249,14598.681599999996,17598.681599999996,0.014610894058414491,0.002639410815087016,2.991820353647858e-07,0.0018233825020222963,0.0008157291310293551,0.01197148313018602,0.0,2.74837168018035e-31,5.313795441788254e-32,9.798735405564991e-33
10,adam,274,14598.681599999996,17598.681599999996,0.01438642463732479,0.0025194915709923814,2.519291930964062e-07,0.00171818023707572,0.0008010594047235649,0.011866932951811737,0.0,3.76230507349647e-31,5.143573699923433e-32,9.765124871603921e-33
10,adam,299,14598.681599999996,17598.681599999996,0.014074039250312214,0.0023238745022854325,1.1277298065014749e-07,0.0015249283337012446,0.0007988333956035375,0.011750164631670857,0.0,2.093252050510771e-31,4.982372072914231e-32,9.818439846384406e-33
10,adam,324,14598.681599999996,17598.681599999996,0.013539380109178755,0.0019738183488214717,3.2432024952424646e-07,0.0011843316971389373,0.0007891623314330101,0.011565561641544495,0.0,9.662413426259022e-31,4.626112851173181e-32,9.023586902131996e-33
10,adam,349,14598.681599999996,17598.681599999996,0.012820642486212376,0.0016384502258788504,3.222412604584482e-07,0.0009627973362199352,0.0006753306483984567,0.011182192139217548,0.0,2.157852177219867e-30,4.232352507637385e-32,7.538846211806456e-33
10,adam,374,14598.681599999996,17598.681599999996,0.01206859483901469,0.0014027457384610134,4.1936077216613695e-07,0.0008395905466377185,0.0005627358310511288,0.010665848976086275,0.0,2.8147536272727554e-30,3.9282445501441816e-32,6.585492993129237e-33
10,adam,399,14598.681599999996,17598.681599999996,0.011359733772863402,0.0012410215286173779,3.561189212933886e-07,0.0007645684638331534,0.0004760969458629312,0.010118712116124673,0.0,2.5415035782160115e-30,3.6977988503758576e-32,5.977676095598398e-33
10,adam,424,14598.681599999996,17598.681599999996,0.010852631312917565,0.0012835671485836135,2.203821276332045e-07,0.0008115616016138515,0.0004717851648421287,0.009569064032722866,0.0,1.6392654079696083e-30,4.0166100048972554e-32,6.187041321724067e-33
10,adam,449,14598.681599999996,17598.681599999996,0.010201856252114271,0.001159256080985735,1.3584250112069303e-07,0.0007453447164000194,0.000413775522084595,0.009042600036167388,0.0,1.2565665989736954e-30,3.8060743566086943e-32,5.7281728752747096e-33
10,adam,474,14598.681599999996,17598.681599999996,0.009593189041181269,0.001052943222500493,1.061361959272648e-07,0.0006884936435652458,0.00036434344273932,0.008540245680392794,0.0,1.1601117241649268e-30,3.621665791845351e-32,5.310311511214111e-33
10,adam,499,14598.681599999996,17598.681599999996,0.009023234607273601,0.0009625173080006016,9.572842479335075e-08,0.0006390418570588372,0.00032337972251697094,0.008060717157700459,0.0,1.0959335289284725e-30,3.456023939169739e-32,4.949787651452827e-33
10,adam,524,14598.681599999996,17598.681599999996,0.00849176719922738,0.0008863516511243537,9.306760394340626e-08,0.0005959052390298955,0.00029035334449051487,0.007605415403377288,0.0,9.638518879178156e-31,3.306626592128389e-32,4.642047185886054e-33
10,adam,549,14598.681599999996,17598.681599999996,0.007997633269209032,0.0008218779309008284,9.429600022817487e-08,0.0005582062383787278,0.00026357739652187244,0.00717575519064597,0.0,7.922775414761337e-31,3.174011640662171e-32,4.374830418432033e-33
10,adam,574,14598.681599999996,17598.681599999996,0.007536967639959463,0.0007655847178912826,1.0099601391006167e-07,0.000524983010479411,0.00024050071139796147,0.006771382771688136,0.0,6.3461496569391846e-31,3.0559110491037824e-32,4.1452390935253556e-33
10,adam,599,14598.681599999996,17598.681599999996,0.007120777253420587,0.0007269314091765827,7.437902606932821e-08,0.0004981042096828752,0.00022875282046763815,0.006393845691637384,0.0,5.520120583911864e-31,2.889146994250901e-32,4.154941403481729e-33
10,adam,624,14598.681599999996,17598.681599999996,0.006653869008994289,0.0006133330551223239,9.332094244412717e-08,0.0004115339321055089,0.0002017058020743709,0.006040535799345063,0.0,5.128405057836939e-31,2.482367939298544e-32,3.577568853359487e-33
10,adam,649,14598.681599999996,17598.681599999996,0.006284973929829069,0.0005794373545957713,8.730741799171559e-08,0.00039097850183244723,0.00018837154534533232,0.005705536418671494,0.0,3.5914398909458506e-31,2.424356957743817e-32,3.38267477261518e-33
10,adam,674,14598.681599999996,17598.681599999996,0.005939791436042016,0.0005491192945526096,8.848119349583102e-08,0.0003711083404074999,0.00017792247295161375,0.005390671982873219,0.0,2.7658286459909285e-31,2.356786420537941e-32,3.2583582485148546e-33
10,adam,699,14598.681599999996,17598.681599999996,0.005614328003582117,0.0005211428660398362,8.323926564068281e-08,0.0003520833377909304,0.00016897628898326515,0.005093184976874532,0.0,2.2736839133928573e-31,2.2912307263712036e-32,3.1502892130253605e-33
10,adam,724,14598.681599999996,17598.681599999996,0.005336721963430197,0.0005219231325995813,5.0833872010586306e-08,0.00035559511754704767,0.00016627718118052297,0.004814798668206859,0.0,2.5706439771311326e-31,2.1471592098654822e-32,3.583171511016474e-33
10,adam,749,14598.681599999996,17598.681599999996,0.00502680004773608,0.00047610746952341865,6.048016851057539e-08,0.0003167184397487242,0.0001593285496061839,0.004550692413894404,0.0,2.615742167069595e-31,2.1370688215000485e-32,3.0721128621673835e-33
10,adam,774,14598.681599999996,17598.681599999996,0.004748862639383006,0.000449497632633699,5.753710241910491e-08,0.0003011996808982111,0.00014824041463306877,0.004299364840559951,0.0,1.5568505489492408e-31,2.1103114722222728e-32,2.9088761717497733e-33
10,adam,799,14598.681599999996,17598.681599999996,0.004486363741351979,0.000424792622538399,5.381695804164726e-08,0.0002854404087789386,0.00013929839680141873,0.0040615709506417715,0.0,1.4197700039943815e-31,2.0740782538923286e-32,2.780723421258188e-33
10,adam,824,14598.681599999996,17598.681599999996,0.004292668140079733,0.00045163147054489713,5.042589714966531e-08,0.0003316093549451942,0.00011997168970255327,0.0038410364992783456,0.0,1.1704520731343064e-31,2.417441238736312e-32,2.1199644039250174e-33
10,adam,849,14598.681599999996,17598.681599999996,0.004032305063783062,0.0004084472021253675,3.4749092802903456e-08,0.0002753387095782414,0.0001330737434543232,0.003623857689640296,0.0,1.2038423399524227e-31,2.1280164575444128e-32,2.6775992107712378e-33
10,adam,874,14598.681599999996,17598.681599999996,0.0037995915804028583,0.0003807910248398881,3.623746079928774e-08,0.0002551135841948656,0.00012564120318422315,0.0034188003817228487,0.0,1.4410183546175062e-31,2.0630115332450643e-32,2.720383598384497e-33
10,adam,899,14598.681599999996,17598.681599999996,0.003582728970713964,0.00035548054421334293,3.3880221997735055e-08,0.0002380958090521104,0.00011735085493923482,0.003227248250758541,0.0,1.4822586442144976e-31,2.0220872853899947e-32,2.6205759658067925e-33
10,adam,924,14598.681599999996,17598.681599999996,0.6677920333395113,0.1829299857735641,1.824008879795679e-05,0.14553729103478602,0.037374454649980134,0.4848620473880034,0.0,1.3620406402388428e-28,4.120759647358605e-30,3.6545317979064185e-30
10,adam,949,14598.681599999996,17598.681599999996,0.021338270967891707,0.006914764484282396,4.967046105671041e-07,0.0023016447108515766,0.004612623068820252,0.014423506295452549,0.0,1.1421292721355992e-30,6.966816638803307e-32,1.3262766814242425e-32
10,adam,974,14598.681599999996,17598.681599999996,0.02001078552996461,0.006144978255357537,5.464380982678902e-07,0.002346204253589793,0.003798227563669476,0.01386580708453608,0.0,8.324550327016675e-31,5.605031774721192e-32,1.042988390609611e-32
10,adam,999,14598.681599999996,17598.681599999996,0.018846778509104756,0.005549791966471651,7.044545389230127e-08,0.0024408509098728377,0.003108870611144921,0.013296986352042496,0.0,2.063634248268724e-31,5.084874581168297e-32,9.183544781849759e-33
10,adam,1024,14598.681599999996,17598.681599999996,0.017916678331843343,0.005090861032877405,5.115001637686299e-08,0.002503154960022262,0.0025876549228387663,0.012825817107993869,0.0,6.710650259468279e-32,4.791390240675179e-32,8.381645133819199e-33
10,adam,1049,14598.681599999996,17598.681599999996,0.017132190506586105,0.004709646080251628,4.2050159776891397e-08,0.002537032514910756,0.002172571515181095,0.012422544234982518,0.0,6.410890650226097e-32,4.5972946698019794e-32,7.905840668996589e-33
10,adam,1074,14598.681599999996,17598.681599999996,0.01645980101183422,0.0043886655442577464,4.137900637740563e-08,0.0025418200726565715,0.0018468040925947976,0.012071135275816554,0.0,8.660777397302403e-32,4.473765515793126e-32,7.634773358974982e-33
10,adam,1099,14598.681599999996,17598.681599999996,0.01585772884121819,0.004103021401235645,4.531155262751915e-08,0.002508639320890308,0.0015943367687927094,0.011754707247751475,0.0,1.396315522523724e-31,4.3985525934819756e-32,7.5116414637879e-33
10,adam,1124,14598.681599999996,17598.681599999996,0.01526304665237359,0.003819899674267173,5.5898604300488924e-08,0.0024165904443324854,0.0014032533313303875,0.011443146785272832,0.0,2.4879316069243235e-31,4.355603649143172e-32,7.475537446355607e-33
10,adam,1149,14598.681599999996,17598.681599999996,0.014498709527909812,0.0034862994249526564,9.438620580457633e-08,0.002225967204817672,0.0012602378339291798,0.011012409909197093,0.0,5.625330559473731e-31,4.3170779458251447e-32,7.410029262972412e-33
10,adam,1174,14598.681599999996,17598.681599999996,0.007098650280239417,0.002417340733063156,2.7033790925723703e-07,0.0015956929095495111,0.0008213774856043881,0.004681309349550802,0.0,1.69284572978522e-30,3.282516260093029e-32,4.833659494881912e-33
10,adam,1199,14598.681599999996,17598.681599999996,0.004812256173016406,0.001303974127906288,9.062741145906024e-07,0.0007373247744241087,0.0005657430793675887,0.0035082818427480023,0.0,7.050714079473687e-30,1.978096805848782e-32,1.9233231803400048e-33
10,adam,1224,14598.681599999996,17598.681599999996,0.004264197170551129,0.0009088527297722694,4.455208308108625e-07,0.00047826390174509384,0.0004301433071963648,0.0033553442377097955,0.0,4.8887467659255685e-30,2.078647706705024e-32,2.4364078089893262e-33
10,adam,1249,14598.681599999996,17598.681599999996,0.003914514940089228,0.0006628070258700267,4.114010638565095e-07,0.00040430058983859297,0.0002580950349675772,0.003251707711018105,0.0,4.825845750777707e-30,2.1521238691085393e-32,2.5956994155001617e-33
10,adam,1274,14598.681599999996,17598.681599999996,0.003727082645078021,0.0005442868587521947,3.002072271295232e-07,0.00034777930688146966,0.0001962073446435955,0.0031827955830126165,0.0,4.486800929306046e-30,2.1481716632657985e-32,2.6045298264983726e-33
10,adam,1299,14598.681599999996,17598.681599999996,0.003589461351996689,0.0004837533778051137,2.1021325408881664e-07,0.0002756973799979618,0.0002078457845530631,0.0031057077707646336,0.0,3.301634097152999e-30,2.0385524522108174e-32,3.0504460390871037e-33
10,adam,1324,14598.681599999996,17598.681599999996,0.003484196922728754,0.00044681723258786863,1.6360561121473369e-07,0.00025266805510615884,0.00019398557187049506,0.003037379486585839,0.0,2.7986838254102796e-30,2.047349118432566e-32,3.0238405526725724e-33
10,adam,1349,14598.681599999996,17598.681599999996,0.003392380139954571,0.0004255394096313881,1.3924908257602858e-07,0.00023314699781092318,0.0001922531627378889,0.002966840526649634,0.0,2.4390863067027296e-30,2.033660590294016e-32,3.102718401392487e-33
10,adam,1374,14598.681599999996,17598.681599999996,0.003306748052393831,0.00040841780190292015,1.2412203715346284e-07,0.00022275365875901786,0.0001855400211067488,0.0028983300466929513,0.0,2.192741952856164e-30,2.0202259237366991e-32,3.109246421161931e-33
10,adam,1399,14598.681599999996,17598.681599999996,0.003224790338966792,0.0003931431276135624,1.1363061756099717e-07,0.00021415911481836026,0.00017887038217764112,0.0028316470074237553,0.0,2.0016025520317852e-30,1.999849065116486e-32,3.090736183575087e-33
10,lbfgs,1400,14598.681599999996,17598.681599999996,0.0031884479446647887,0.00035942812641356686,1.2777182232847978e-07,0.00017947262889090007,0.00017982772570033833,0.002829019614316308,0.0,2.359696768753709e-30,1.637651576136932e-32,2.5485073339662356e-33
10,lbfgs,1409,14598.681599999996,17598.681599999996,0.00157893302642607,0.00044010477675205837,9.279747694251524e-08,0.00014195189245451648,0.0002980600868205994,0.0011388280431470557,0.0,1.067969700954041e-30,1.7514055221486502e-32,4.502681487625534e-33
10,lbfgs,1419,14598.681599999996,17598.681599999996,0.0005660414298829354,0.00027227668934590686,1.9753095028683919e-07,0.00017663856726237118,9.544059113324884e-05,0.00029376452898659765,0.0,1.8394966674897735e-30,1.4718693913643378e-32,1.4423137757587525e-33
10,lbfgs,1429,14598.681599999996,17598.681599999996,0.00018159785123636636,0.0001761379683078962,9.100933597003451e-08,7.77433645311559e-05,9.830359444077025e-05,5.459668644813375e-06,0.0,7.113087652534445e-31,1.0727291665846876e-32,1.986447826266438e-33
10,lbfgs,1439,14598.681599999996,17598.681599999996,0.00016357591873537795,0.00016259855044741586,4.405654958405915e-08,6.197933838565395e-05,0.00010057515551217783,9.771493551826948e-07,0.0,5.1835274950728314e-31,1.1650782376894546e-32,2.0404346867384776e-33
10,lbfgs,1449,14598.681599999996,17598.681599999996,0.00014911095969905537,0.00014735403442755134,4.294180417161499e-08,6.893994502252842e-05,7.83711476008513e-05,1.756698633583582e-06,0.0,4.098985599359339e-31,1.2283058231533098e-32,1.8814147276767692e-33
10,lbfgs,1459,14598.681599999996,17598.681599999996,0.00011104560125332665,0.00010977357613074873,1.1639760777601818e-07,4.726337345710048e-05,6.239380506587224e-05,1.271795745310959e-06,0.0,1.472686956077164e-30,1.1175060887457143e-32,2.02500524141385e-33
10,lbfgs,1469,14598.681599999996,17598.681599999996,7.594008289108665e-05,7.438963476819503e-05,2.0725983302822962e-07,2.924415202756131e-05,4.4938222907605496e-05,1.55020887878722e-06,0.0,1.7468370790073662e-30,1.0671059891372588e-32,1.60129273212549e-33
10,lbfgs,1479,14598.681599999996,17598.681599999996,5.245083801936073e-05,5.2093218037716826e-05,9.959094026900078e-08,2.2074939707822474e-05,2.991868738962535e-05,3.5738898037516164e-07,0.0,1.1800490475672832e-30,9.940811266387035e-33,1.5263787355102084e-33
10,lbfgs,1489,14598.681599999996,17598.681599999996,4.163085615010242e-05,4.1251088132726366e-05,9.497005727287298e-08,1.8589269559933847e-05,2.256684851551964e-05,3.7954366305574014e-07,0.0,9.679263859561931e-31,1.0129108321437204e-32,1.3485314705934813e-33
10,lbfgs,1499,14598.681599999996,17598.681599999996,3.708061547736807e-05,3.6860078253279266e-05,9.44228995073729e-08,1.02316717550768e-05,2.6533983598695095e-05,2.2031620760194252e-07,0.0,1.0958528084966168e-30,9.711544335717419e-33,1.4308652835343726e-33
10,lbfgs,1509,14598.681599999996,17598.681599999996,2.9831702570177043e-05,2.9192596592132834e-05,8.467575980031574e-08,1.2372220523053758e-05,1.673570030927876e-05,6.388879696316898e-07,0.0,8.449896090181434e-31,9.239756265044826e-33,1.3029060480859751e-33
10,lbfgs,1519,14598.681599999996,17598.681599999996,2.4595573754476842e-05,2.370793294841e-05,7.19744355872306e-08,8.366907532459436e-06,1.5269050980363332e-05,8.874230668151473e-07,0.0,9.6830623699445e-31,8.866996429338202e-33,1.1885597093159129e-33
10,lbfgs,1529,14598.681599999996,17598.681599999996,2.055637185502943e-05,1.985934136004711e-05,4.416859110414944e-08,9.237803511039414e-06,1.0577369257903548e-05,6.968113140270609e-07,0.0,7.858160818602412e-31,9.186772541875306e-33,1.208447063071963e-33
10,lbfgs,1539,14598.681599999996,17598.681599999996,1.3533910610849985e-05,1.3379059641844628e-05,9.348080583098773e-08,7.479419690245687e-06,5.806159145767954e-06,1.546291880074745e-07,0.0,9.079353584415453e-31,9.225894277711362e-33,1.1908830413715623e-33
10,lbfgs,1549,14598.681599999996,17598.681599999996,1.0117602040880476e-05,9.67963344068924e-06,1.1677167333491054e-07,4.8667689277746194e-06,4.69609283957971e-06,4.377489142594225e-07,0.0,1.265441303371804e-30,9.063678466464062e-33,1.1682726588211481e-33
10,lbfgs,1559,14598.681599999996,17598.681599999996,5.562435844120095e-06,5.257540254390091e-06,3.022652710453017e-07,1.883070100458372e-06,3.072204882886417e-06,3.0467362931453734e-07,0.0,1.957628397449353e-30,9.519307440473208e-33,1.1611320679474342e-33
10,lbfgs,1569,14598.681599999996,17598.681599999996,4.325577333574259e-06,4.273909270018162e-06,5.186735908809022e-08,1.5962029159685455e-06,2.625838994961526e-06,5.1444464865182544e-08,0.0,5.588788265929221e-31,9.655195744445323e-33,1.1863338632581996e-33
10,lbfgs,1579,14598.681599999996,17598.681599999996,3.0947692708643596e-06,3.0476158453126234e-06,2.4047831836095353e-08,1.2260806436295051e-06,1.797487369847023e-06,4.693010438385235e-08,0.0,2.8953225928568153e-31,9.674939053040611e-33,1.162146502686353e-33
10,lbfgs,1589,14598.681599999996,17598.681599999996,2.6333913794619263e-06,2.6080765659913967e-06,2.4099811699687304e-08,1.0903267503990309e-06,1.4936500038926785e-06,2.5088769131724654e-08,0.0,2.45308747698852e-31,9.695880800750511e-33,1.1704425018015734e-33
10,lbfgs,1599,14598.681599999996,17598.681599999996,2.277519131309124e-06,2.2560310831715634e-06,2.6186516871318202e-08,9.432321534261132e-07,1.2866124128741317e-06,2.126270473190905e-08,0.0,3.2061877985894783e-31,9.74991795205207e-33,1.1674718382785803e-33
10,lbfgs,1609,14598.681599999996,17598.681599999996,1.6296503437776777e-06,1.5709141788390876e-06,2.26714601850977e-08,6.934991769269406e-07,8.547435417270493e-07,5.851097347592087e-08,0.0,2.4560512695377865e-31,9.602344138512936e-33,1.138236632367574e-33
10,lbfgs,1619,14598.681599999996,17598.681599999996,1.2198403199976737e-06,1.2032840580322e-06,1.7169868374430033e-08,4.930140946545033e-07,6.931000950032666e-07,1.6330751565300868e-08,0.0,2.6517161675296414e-31,9.585131021914996e-33,1.1411878136243992e-33
10,lbfgs,1629,14598.681599999996,17598.681599999996,1.100790586787874e-06,1.076004046086771e-06,1.504055560175965e-08,3.857465580161059e-07,6.752169324689055e-07,2.4560877691830278e-08,0.0,1.5293917438043395e-31,9.584985562794729e-33,1.140307542462585e-33
10,lbfgs,1639,14598.681599999996,17598.681599999996,7.988508051328806e-07,7.836881230312193e-07,4.459535697298231e-08,3.634074820686466e-07,3.756852839895904e-07,1.493542622240601e-08,0.0,8.772349746864231e-31,9.639799400544105e-33,1.148205446163663e-33
10,lbfgs,1649,14598.681599999996,17598.681599999996,7.231396787221763e-07,7.145561249849337e-07,3.6253158233662275e-08,3.311120136611946e-07,3.4719095309007686e-07,8.354960987861194e-09,0.0,7.558641519794177e-31,9.640215464661067e-33,1.1542114166344169e-33
10,lbfgs,1659,14598.681599999996,17598.681599999996,6.426019818375219e-07,6.31104643886294e-07,1.8352494403719338e-08,2.9619977579083236e-07,3.1655237369174226e-07,1.1268193492066634e-08,0.0,3.633249591580956e-31,9.619052797977079e-33,1.155291286959756e-33
10,lbfgs,1669,14598.681599999996,17598.681599999996,5.987274844249999e-07,5.94191338944341e-07,2.7023337302840756e-08,2.8720036291771167e-07,2.7996763872378864e-07,4.30575834166461e-09,0.0,4.680723807106464e-31,9.673208087143855e-33,1.1563532783960678e-33
10,lbfgs,1679,14598.681599999996,17598.681599999996,4.6255519167623125e-07,4.487062736202881e-07,2.055245652593298e-08,1.8498147853292086e-07,2.4317233856143423e-07,1.3614578846686384e-08,0.0,3.9658458257849065e-31,9.67101254589579e-33,1.1630622158353313e-33
10,lbfgs,1689,14598.681599999996,17598.681599999996,3.4288924798681815e-07,3.308841765011184e-07,2.697106256574252e-08,1.6221330131171483e-07,1.416998126236611e-07,1.1769381822463953e-08,0.0,6.02077230063915e-31,9.678234917502926e-33,1.1610216416311936e-33
10,lbfgs,1699,14598.681599999996,17598.681599999996,3.0538600090971816e-07,3.0149961805806817e-07,2.20567778916292e-08,1.2289313822868848e-07,1.5654970193775048e-07,3.6499678327472802e-09,0.0,4.2789618752607306e-31,9.683778777005296e-33,1.1658609729200719e-33
10,lbfgs,1709,14598.681599999996,17598.681599999996,2.49977167743049e-07,2.458081707241358e-07,1.334809580695932e-08,1.1506350442857573e-07,1.1739657048860076e-07,3.93002915848754e-09,0.0,2.425078508778234e-31,9.730040887805112e-33,1.1736320235260812e-33
10,lbfgs,1719,14598.681599999996,17598.681599999996,1.8717241765090314e-07,1.8187285954360104e-07,3.4414631919824924e-09,8.318991297534076e-08,9.52414833762778e-08,5.0595041410703845e-09,0.0,3.3933180307367625e-32,9.703301601239116e-33,1.1677240141127796e-33
10,lbfgs,1729,14598.681599999996,17598.681599999996,1.6688246582656476e-07,1.6402944196994738e-07,2.88981794440366e-09,6.382960263939933e-08,9.73100213861444e-08,2.61326282108095e-09,0.0,2.4819877275667625e-32,9.711898553923685e-33,1.1693727093146317e-33
10,lbfgs,1739,14598.681599999996,17598.681599999996,1.5958880828659887e-07,1.5847532385202113e-07,2.8290696243077606e-09,6.102358025367038e-08,9.462267397404299e-08,8.749338636536918e-10,0.0,2.6370523237076254e-32,9.710491375793208e-33,1.1672887282036055e-33
10,lbfgs,1749,14598.681599999996,17598.681599999996,1.5105406654989474e-07,1.495594680599811e-07,3.6861732906272633e-09,5.968099823355463e-08,8.61922965357992e-08,1.2561228096549583e-09,0.0,4.914237496435159e-32,9.701155882377012e-33,1.1680975152799118e-33
10,lbfgs,1759,14598.681599999996,17598.681599999996,1.3353454952498884e-07,1.304480474660907e-07,4.452203930002326e-09,5.742616728426848e-08,6.85696762518199e-08,2.848101344045268e-09,0.0,7.866723731048828e-32,9.693456367092728e-33,1.166518593777644e-33
10,lbfgs,1769,14598.681599999996,17598.681599999996,1.1312066175313085e-07,1.110915958690857e-07,1.563106109433381e-09,4.627225397952781e-08,6.325623578012452e-08,1.789354519717065e-09,0.0,7.934156035287122e-33,9.674438809376952e-33,1.1666868023175082e-33
10,lbfgs,1779,14598.681599999996,17598.681599999996,9.953073901617699e-08,9.772143374791346e-08,1.4066993826719165e-09,4.56965372882815e-08,5.0618197076960034e-08,1.5693422694988008e-09,0.0,7.707364455736107e-33,9.66226922073912e-33,1.166637343496535e-33
10,lbfgs,1789,14598.681599999996,17598.681599999996,9.613850108640301e-08,9.388208043679166e-08,1.2888119418545892e-09,4.3797627942046045e-08,4.879564055289102e-08,2.016081115580274e-09,0.0,1.107508184457304e-32,9.663803097512297e-33,1.1657760660699108e-33
10,lbfgs,1799,14598.681599999996,17598.681599999996,9.404675746061092e-08,9.291334891417827e-08,1.1870344145596948e-09,4.445665669635473e-08,4.726965780326384e-08,8.932609473319585e-10,0.0,9.088637150502324e-33,9.66339178741705e-33,1.165818092308303e-33
10,lbfgs,1809,14598.681599999996,17598.681599999996,9.27207277188342e-08,9.141862055891309e-08,1.1437817036597172e-09,4.49673538942293e-08,4.530748496102408e-08,1.0621349346681528e-09,0.0,8.875878766388848e-33,9.660379296349785e-33,1.1647158394991619e-33
10,lbfgs,1819,14598.681599999996,17598.681599999996,9.231852133945482e-08,9.106318453549506e-08,1.1229676940769999e-09,4.484574458024469e-08,4.509447226117336e-08,1.015309316869855e-09,0.0,8.724097920834654e-33,9.659713636820499e-33,1.1648774963775421e-33
10,lbfgs,1829,14598.681599999996,17598.681599999996,9.217184882601513e-08,9.09257133947354e-08,1.1059312414257215e-09,4.4683394220767515e-08,4.5136387932542156e-08,1.006101019236843e-09,0.0,8.478522333349307e-33,9.659769926122839e-33,1.1649409291190018e-33
10,lbfgs,1839,14598.681599999996,17598.681599999996,9.205559252897752e-08,9.083215612192673e-08,1.0934004372480932e-09,4.458247263032178e-08,4.515628305435685e-08,9.833970156913675e-10,0.0,8.30688671085145e-33,9.659691791237223e-33,1.164943047617438e-33
10,lbfgs,1849,14598.681599999996,17598.681599999996,9.192742795836724e-08,9.067382678061854e-08,1.0874387709552985e-09,4.4472880753042676e-08,4.5113507256620564e-08,1.0135794650067232e-09,0.0,8.292008930376263e-33,9.660079253758918e-33,1.1649960344944143e-33
10,lbfgs,1859,14598.681599999996,17598.681599999996,9.183158907263051e-08,9.060607750950056e-08,1.0822908176131686e-09,4.439916749338148e-08,4.512461919850592e-08,9.854865086177467e-10,0.0,8.226479331091256e-33,9.659908369105626e-33,1.1649825314488178e-33
10,lbfgs,1869,14598.681599999996,17598.681599999996,9.169614099942571e-08,9.043641466988605e-08,1.0760992440441567e-09,4.4299532959483595e-08,4.5060782466358294e-08,1.0197233609033831e-09,0.0,8.216065971777202e-33,9.660375609795525e-33,1.1650115291375204e-33
10,lbfgs,1879,14598.681599999996,17598.681599999996,9.160335562104165e-08,9.037081112635133e-08,1.072901532649578e-09,4.4230728176754905e-08,4.506718141694686e-08,9.925368562530849e-10,0.0,8.174438713624831e-33,9.660147626572293e-33,1.165001519666073e-33
10,lbfgs,1889,14598.681599999996,17598.681599999996,9.1491105470892e-08,9.025228946380448e-08,1.068594873351582e-09,4.41575744726076e-08,4.502612011784529e-08,9.988193530955457e-10,0.0,8.157598100717629e-33,9.660333382748383e-33,1.1649965470879714e-33
10,lbfgs,1899,14598.681599999996,17598.681599999996,9.139122624026371e-08,9.016288856998019e-08,1.065936567992892e-09,4.408096940330274e-08,4.501598259868455e-08,9.883416329628722e-10,0.0,8.136858667312633e-33,9.660238463289812e-33,1.1650000679838777e-33
10,lbfgs,1909,14598.681599999996,17598.681599999996,9.127906517338565e-08,9.006071775777651e-08,1.0631779988348543e-09,4.4001444325036255e-08,4.49960954339054e-08,9.783531613290049e-10,0.0,8.117254143548386e-33,9.660174452040958e-33,1.1649923630728775e-33
10,lbfgs,1919,14598.681599999996,17598.681599999996,9.116612893260915e-08,8.993628922721697e-08,1.0595267742324889e-09,4.392559141811641e-08,4.495117103486806e-08,9.8985750126466e-10,0.0,8.115099763558201e-33,9.660378786579263e-33,1.1649978213012142e-33
10,lbfgs,1929,14598.681599999996,17598.681599999996,9.105945795302591e-08,8.984902912552988e-08,1.058248110016082e-09,4.3841774237493305e-08,4.49490067780205e-08,9.704419762103553e-10,0.0,8.095195307275432e-33,9.660152481458505e-33,1.164986975167827e-33
10,lbfgs,1939,14598.681599999996,17598.681599999996,9.09645568685633e-08,8.97379032051285e-08,1.054645555754336e-09,4.3788123282080094e-08,4.489513436729406e-08,9.866814645522452e-10,0.0,8.100559927012264e-33,9.66044128001427e-33,1.1649885510109337e-33
10,lbfgs,1949,14598.681599999996,17598.681599999996,9.085595403135218e-08,8.964795329405991e-08,1.0541002344400374e-09,4.369127967540213e-08,4.4902573384217746e-08,9.68021415461169e-10,0.0,8.084149483797288e-33,9.660165820548663e-33,1.1649855062500747e-33
10,lbfgs,1959,14598.681599999996,17598.681599999996,9.0762219720497e-08,8.953697897365123e-08,1.050098857840716e-09,4.365170140963296e-08,4.483517870617755e-08,9.852792836160958e-10,0.0,8.093012032274397e-33,9.660523031980778e-33,1.1649778473412657e-33
10,lbfgs,1969,14598.681599999996,17598.681599999996,9.065647563067188e-08,8.945118901214716e-08,1.0505154965580494e-09,4.353968607924966e-08,4.486098743633946e-08,9.653137582696118e-10,0.0,8.078136905916957e-33,9.660161309344044e-33,1.1649842883399437e-33
10,lbfgs,1979,14598.681599999996,17598.681599999996,9.056497241715775e-08,8.934109023012545e-08,1.0459389352058682e-09,4.351929429259555e-08,4.477585700232402e-08,9.839309395569283e-10,0.0,8.089131681229555e-33,9.660598200944439e-33,1.164965598703829e-33
10,lbfgs,1989,14598.681599999996,17598.681599999996,9.046876075960524e-08,8.925141897892198e-08,1.0449452168768987e-09,4.3435833942057546e-08,4.477063981998754e-08,9.773890271140228e-10,0.0,8.08460236340108e-33,9.660489170685814e-33,1.164970505568717e-33
10,lbfgs,1999,14598.681599999996,17598.681599999996,9.034864559011911e-08,8.914300646187981e-08,1.044415676426883e-09,4.333020963811912e-08,4.476838114733381e-08,9.65681587893087e-10,0.0,8.07350366975304e-33,9.66030360997056e-33,1.1649602822565152e-33
10,lbfgs,2009,14598.681599999996,17598.681599999996,9.025712707044384e-08,8.904628169285732e-08,1.041689523189216e-09,4.327971399523155e-08,4.4724878174436555e-08,9.708976133128796e-10,0.0,8.078932729761302e-33,9.660452026696813e-33,1.1649566170619722e-33
10,lbfgs,2019,14598.681599999996,17598.681599999996,9.016999223063252e-08,8.895596465823217e-08,1.0396681894558113e-09,4.322113871782922e-08,4.4695157750947136e-08,9.74086531481338e-10,0.0,8.084966333339871e-33,9.660536533038644e-33,1.1649583577311242e-33
10,lbfgs,2029,14598.681599999996,17598.681599999996,9.007095648610014e-08,8.885336033005183e-08,1.0369894177233105e-09,4.316716429908425e-08,4.464920661324428e-08,9.776644680344346e-10,0.0,8.09037297703371e-33,9.660664173377571e-33,1.164949333224256e-33
10,lbfgs,2039,14598.681599999996,17598.681599999996,8.998271257819785e-08,8.877568230543297e-08,1.0376028830289898e-09,4.3068540341421596e-08,4.4669539080982396e-08,9.670904830387877e-10,0.0,8.08168558668956e-33,9.660448857632481e-33,1.1649506241440205e-33
10,lbfgs,2049,14598.681599999996,17598.681599999996,8.988392909896896e-08,8.866711633195839e-08,1.0334306577013962e-09,4.304051995895758e-08,4.4593165715299416e-08,9.768896684121823e-10,0.0,8.093279453418255e-33,9.660721088314838e-33,1.1649376574981072e-33
10,lbfgs,2059,14598.681599999996,17598.681599999996,8.981102570432267e-08,8.860357480529376e-08,1.0342946441030288e-09,4.295115953020064e-08,4.4618120630990095e-08,9.675203057628005e-10,0.0,8.08735852367938e-33,9.66053410494469e-33,1.1649420933171463e-33
10,lbfgs,2069,14598.681599999996,17598.681599999996,8.971001385200852e-08,8.849790496847698e-08,1.0311007333225846e-09,4.2905703636232356e-08,4.456110059892205e-08,9.721893069675122e-10,0.0,8.093247109361157e-33,9.660688536581471e-33,1.1649304057760037e-33
10,lbfgs,2079,14598.681599999996,17598.681599999996,8.960534977564796e-08,8.840817579585326e-08,1.0339168013405495e-09,4.2745876794970886e-08,4.462838219954183e-08,9.572386321162738e-10,0.0,8.08917482161995e-33,9.660343668411616e-33,1.1649432710574606e-33
10,lbfgs,2089,14598.681599999996,17598.681599999996,8.95090303130849e-08,8.830524833762567e-08,1.0296535419641924e-09,4.2727303935529735e-08,4.4548290860131745e-08,9.638616569037072e-10,0.0,8.09322642980659e-33,9.660576639177258e-33,1.1649240656022122e-33
11,adam,0,17598.681599999996,20000.0,0.10873196580194018,0.08154897428276328,0.00020597718703278643,0.058806986425006466,0.022536010670724027,0.027182991427587757,0.0,1.3839142770502437e-29,1.9600000000072525e-30,2.499999999999994e-31
11,adam,24,17598.681599999996,20000.0,0.025663698067884835,0.011918609634439126,5.105957027510764e-05,0.007855984710455491,0.004011565353708527,0.013745088340238637,0.0,8.368596130770676e-31,2.6956497100023368e-31,4.477024169778208e-32
11,adam,49,17598.681599999996,20000.0,0.02087444385106043,0.007554207822098737,2.764257731277832e-06,0.004987990209519547,0.0025634533548479117,0.013320235933305927,0.0,3.0354274407635977e-32,1.765663241583393e-31,2.845929596196849e-32
11,adam,74,17598.681599999996,20000.0,0.018541662904072564,0.005454947351333108,2.0916445296663664e-06,0.003690721169938874,0.0017621345368645683,0.013086715453850135,0.0,3.5170979918925075e-32,1.332986080726589e-31,1.9415504411703457e-32
11,adam,99,17598.681599999996,20000.0,0.01736481901949467,0.004527242541584845,1.7073385122019283e-06,0.0030510374969517696,0.001474497706120873,0.012837576375639035,0.0,1.9004131435396692e-32,1.0770706510949113e-31,1.6517702229852413e-32
11,adam,124,17598.681599999996,20000.0,0.01660429920998117,0.0040108494774119124,1.4578750340428034e-06,0.0027033713936824677,0.0013060202086954014,0.012593449627550636,0.0,7.94470881499076e-33,9.32463082442416e-32,1.496117854655236e-32
11,adam,149,17598.681599999996,20000.0,0.01605539821791264,0.0036988496541250264,1.0379519264785966e-06,0.0025026776351605353,0.0011951340670380121,0.012356548456370993,0.0,5.7071437544421686e-33,8.29735240085937e-32,1.386639716307709e-32
11,adam,174,17598.681599999996,20000.0,0.015682617203841676,0.0035379214983929765,9.645660615894511e-07,0.0024084396345589515,0.0011285172977724353,0.012144695596096032,0.0,6.512711770598562e-33,7.574517529312078e-32,1.3172663512515427e-32
11,adam,199,17598.681599999996,20000.0,0.015399693586436874,0.003438325960239729,8.51493779358607e-07,0.0023548460867919467,0.0010826283796684238,0.011961367515285143,0.0,6.277391481003527e-33,7.054794994621791e-32,1.2685940877163017e-32
11,adam,224,17598.681599999996,20000.0,0.015148002440679554,0.003338855218788901,6.409696825363901e-07,0.0022943848571748515,0.0010438293919315133,0.011809147109662776,0.0,4.486679515804339e-33,6.600539982693449e-32,1.2317874277819508e-32
11,adam,249,17598.681599999996,20000.0,0.014908413795903668,0.0032460604169855,3.582667892700066e-07,0.002227192374324135,0.0010185097758720952,0.011662353265389572,0.0,1.832427794564929e-33,6.305695974269462e-32,1.2107584817400207e-32
11,adam,274,17598.681599999996,20000.0,0.01458321756018242,0.003070843078098061,3.009361708413938e-07,0.002073410348196205,0.000997131793731015,0.011512374366964513,0.0,8.559616634243763e-34,6.061713866053529e-32,1.1995367665755745e-32
11,adam,299,17598.681599999996,20000.0,0.01388939663459624,0.0025846535128859717,3.488940806567772e-07,0.0016130952845836758,0.0009712093342216393,0.01130474300407956,0.0,6.417130108309776e-33,5.745689138536862e-32,1.1615295807866805e-32
11,adam,324,17598.681599999996,20000.0,0.012684052438513857,0.001945749953339968,2.581748672601233e-07,0.0011147261105978392,0.0008307656678748687,0.01073830236442429,0.0,4.666021806527274e-33,5.045575787343335e-32,9.211774900734168e-33
11,adam,349,17598.681599999996,20000.0,0.011519342833082776,0.0015791515827759547,3.403730014934144e-07,0.0009252748181442895,0.0006535363916301716,0.009940191126045592,0.0,4.9808973565835674e-33,4.628576030614702e-32,7.828021096156259e-33
11,adam,374,17598.681599999996,20000.0,0.010468158061234798,0.0013430599862121256,3.094304334903294e-07,0.000813531933880595,0.0005292186218980404,0.009125097946632509,0.0,3.691405491272253e-33,4.280775309954299e-32,7.070949734190401e-33
11,adam,399,17598.681599999996,20000.0,0.009519419351137265,0.0011586827437617129,2.2374367155702964e-07,0.0007241205695578608,0.0004343384305322951,0.008360736474850215,0.0,2.0176867044729188e-33,3.993735710771656e-32,6.309486020234152e-33
11,adam,424,17598.681599999996,20000.0,0.008522107063266263,0.0008504780936762202,1.6058348529520275e-07,0.0005346198367273159,0.00031569767346360924,0.007671628833195907,0.0,1.2757530134290387e-33,3.182216417757331e-32,5.008886744152332e-33
11,adam,449,17598.681599999996,20000.0,0.007794528439649383,0.0007547856259633415,1.6396984007844553e-07,0.0004825241747155356,0.0002720974814077275,0.007039742673560664,0.0,1.361651296672624e-33,2.993933377658344e-32,4.589200144791791e-33
11,adam,474,17598.681599999996,20000.0,0.007136197338907792,0.0006771006552224617,1.903299325803601e-07,0.0004389088685566319,0.00023800145673324942,0.006459096540011898,0.0,1.5262609399781643e-33,2.8366315854917294e-32,4.236429089377152e-33
11,adam,499,17598.681599999996,20000.0,0.006578589137251726,0.0006347560985642877,2.1769331115520468e-07,0.000422140284722944,0.00021239812053018849,0.005943832891665041,0.0,1.3898750576697919e-33,2.645930185055056e-32,4.366130333422791e-33
11,adam,524,17598.681599999996,20000.0,0.006002867259889955,0.0005631466200830083,1.892942206540428e-07,0.00037071872240937307,0.0001922386034529812,0.00543972048978534,0.0,1.3379361038217057e-33,2.554166742634259e-32,3.782559204836559e-33
11,adam,549,17598.681599999996,20000.0,0.005515457419642961,0.0005194547177212365,1.8188291166445268e-07,0.00033949082323681066,0.00017978201157276143,0.0049960025491022865,0.0,1.1935879906911125e-33,2.4700372768115077e-32,3.469474984927206e-33
11,adam,574,17598.681599999996,20000.0,0.005075768924588337,0.0004841455290553097,1.4921826886877763e-07,0.0003136665550646693,0.0001703297557217717,0.004591623240144301,0.0,1.2396328269616874e-33,2.3622388176575136e-32,3.310944911583778e-33
11,adam,599,17598.681599999996,20000.0,0.004678551883241968,0.00045223886593446355,1.3944424037432595e-07,0.0002953623678809798,0.00015673705381310938,0.004226312859553677,0.0,1.199834333891817e-33,2.2591253808240947e-32,3.318014104519059e-33
11,adam,624,17598.681599999996,20000.0,0.004347554085977615,0.00045979347810225224,1.1887361368532463e-07,0.00030034720137957644,0.00015932740310899048,0.003887760447714116,0.0,1.5139314797159698e-33,2.432405575911912e-32,3.320720470121885e-33
11,adam,649,17598.681599999996,20000.0,0.004030462686038699,0.00044046280391992377,1.0656179280673406e-07,0.0002990700387441776,0.00014128620338293944,0.0035899997194879904,0.0,1.4173078316216006e-33,2.3111583605150448e-32,3.558918099415535e-33
11,adam,674,17598.681599999996,20000.0,0.0036902410362223918,0.00039706304981792227,8.35289780357635e-08,0.0002667764603613087,0.0001302030604785778,0.003293177821377398,0.0,1.4166507773223603e-33,2.255130311291423e-32,3.231595400353591e-33
11,adam,699,17598.681599999996,20000.0,0.003410659599053477,0.0003743518577362027,6.817369645946007e-08,0.00024968900390482843,0.00012459468013491478,0.0030363075739604627,0.0,1.5720331096388232e-33,2.3244211548452824e-32,2.4482639580578392e-33
11,adam,724,17598.681599999996,20000.0,0.0031183199444890126,0.0003302215081711294,5.8643726484454874e-08,0.00021498989087789436,0.00011517297356675063,0.0027880982668125488,0.0,1.6201583101728188e-33,2.136938844204454e-32,2.7935070629914887e-33
11,adam,749,17598.681599999996,20000.0,0.0028699304347909673,0.0003034989119554951,5.6039540951409684e-08,0.0001981566154312487,0.000105286256983295,0.0025664313511514986,0.0,1.628350570085581e-33,2.0810077424713968e-32,2.5489089613117044e-33
11,adam,774,17598.681599999996,20000.0,0.002648994035915861,0.0002793319000600555,5.620213118420542e-08,0.00018558122009793877,9.369447783093252e-05,0.002369661962116552,0.0,1.6917691558447773e-33,1.9661048860136132e-32,2.829778088546755e-33
11,adam,799,17598.681599999996,20000.0,0.0024376578844269776,0.0002587897682565178,6.560605294426864e-08,0.00015193596931631896,0.00010678819288725461,0.0021788679404663386,0.0,1.8887868940347854e-33,1.9139138931670402e-32,2.387225301369629e-33
11,adam,824,17598.681599999996,20000.0,0.0034834963418698996,0.0007900318799297959,1.8416440199635571e-06,0.00042639478414102617,0.00036179545176880616,0.0026934642842186916,0.0,1.6609303077862967e-32,2.726311402261601e-32,2.007850432158467e-33
11,adam,849,17598.681599999996,20000.0,0.007279383059680122,0.0042129609226460255,9.379260384164535e-05,0.003259705838766397,0.000859462480037983,0.0030664219529477487,0.0,1.419929825445564e-30,2.1306143380815606e-32,2.070188286151211e-33
11,adam,874,17598.681599999996,20000.0,0.006900592578737757,0.0038496231001503125,1.8030076030849389e-06,0.0029256079952714956,0.0009222120972757319,0.003050969293570193,0.0,2.507289808280885e-32,1.9035634203369184e-32,1.6049276896236653e-33
11,adam,899,17598.681599999996,20000.0,0.006317589833908275,0.0033339718515372476,5.589670269537247e-07,0.0026524444739812053,0.0006809684105290889,0.0029836177968423036,0.0,1.3805466394338553e-32,1.9135653287877644e-32,1.5083696775033079e-33
11,adam,924,17598.681599999996,20000.0,0.0058135087535542505,0.0029142096287786395,2.583112941175183e-07,0.0023388757502229144,0.0005750755672616072,0.0028992989385161136,0.0,1.197569435643722e-32,1.918250802679951e-32,1.5245761595826595e-33
11,adam,949,17598.681599999996,20000.0,0.005375424874292783,0.0025422791671833086,2.3270053348747835e-07,0.002063584042381032,0.0004784624242687894,0.0028331455201298056,0.0,9.575915680812584e-33,1.936112555965232e-32,1.4971724967342582e-33
11,adam,974,17598.681599999996,20000.0,0.004991776058955152,0.0022205140422431567,2.23398576974153e-07,0.0018122002460152233,0.0004080903976509591,0.0027712618289076492,0.0,8.286418601675474e-33,1.9471303485727074e-32,1.4714576923272424e-33
11,adam,999,17598.681599999996,20000.0,0.004655245313387424,0.0019411908245279743,1.9966548939352434e-07,0.0015955515921362222,0.0003454395669023585,0.002714054300155434,0.0,7.064323239251776e-33,1.9484337216723386e-32,1.453255505462032e-33
11,adam,1024,17598.681599999996,20000.0,0.004350259197283734,0.0016915605829985292,1.6892044010736178e-07,0.001419383265856347,0.00027200839670207485,0.0026586984245840187,0.0,5.5738981327765744e-33,1.8477705491649073e-32,1.4648386926430975e-33
11,adam,1049,17598.681599999996,20000.0,0.004086251250013446,0.0014763892905853174,1.3629903193840575e-07,0.0012431893540152865,0.00023306363753809224,0.0026098617685942345,0.0,4.3607388657925723e-33,1.8444205212396115e-32,1.4972924161274383e-33
11,adam,1074,17598.681599999996,20000.0,0.003860478131232552,0.001298390212474627,1.2108084964849079e-07,0.001091858152377505,0.00020641097924747372,0.00256208772673205,0.0,4.043973797163763e-33,1.8437004755761798e-32,1.5445524360293132e-33
11,adam,1099,17598.681599999996,20000.0,0.0036659273910903925,0.0011507318392946682,1.1605795440719224e-07,0.0009651157139253424,0.00018550006741491855,0.0025151953585655106,0.0,4.214036831722184e-33,1.8458343218219988e-32,1.5980031976677886e-33
11,adam,1124,17598.681599999996,20000.0,0.0034959967393043694,0.0010273480643697257,1.1527998835860762e-07,0.0008582955797985721,0.00016893720458279488,0.0024686484805094317,0.0,4.5340291024562585e-33,1.8470706249781314e-32,1.6578379537311788e-33
11,adam,1149,17598.681599999996,20000.0,0.0033458659767658717,0.0009235985296568321,1.164276843256455e-07,0.000767016839825642,0.00015646526214686455,0.0024222672515180938,0.0,4.8751670986096726e-33,1.8472261697664854e-32,1.7203763181566552e-33
11,adam,1174,17598.681599999996,20000.0,0.003212197731954113,0.0008364636030363578,1.1836679172839799e-07,0.0006886092374647966,0.0001477359987798328,0.0023757339322147855,0.0,5.1871393038180233e-33,1.84726037425314e-32,1.7840661618544e-33
11,adam,1199,17598.681599999996,20000.0,0.003092692729417622,0.00076409469159636,1.1900725990319621e-07,0.0006219829756803298,0.00014199270865612704,0.002328597840082646,0.0,5.3631717055967915e-33,1.8492664418016435e-32,1.8467101664335862e-33
11,adam,1224,17598.681599999996,20000.0,0.0029901891067147445,0.0007101162790281593,1.2445592262456948e-07,0.0005671179155052783,0.00014287390760025655,0.0022800726289883316,0.0,5.811681561241833e-33,1.8133935232925252e-32,1.8535641798313714e-33
11,adam,1249,17598.681599999996,20000.0,0.0028904979367700458,0.0006601277345848815,1.1908554468369907e-07,0.0005224539982030014,0.0001375546508371964,0.0022303700025841297,0.0,5.4352550863460444e-33,1.818464480626291e-32,1.9145952585408037e-33
11,adam,1274,17598.681599999996,20000.0,0.0027990366549470883,0.0006188596289035222,1.1433039444435627e-07,0.0004842048601668133,0.00013454043834226458,0.0021801768255545746,0.0,4.961910832004575e-33,1.823107421716626e-32,1.9680443468929446e-33
11,adam,1299,17598.681599999996,20000.0,0.0027142014851488767,0.0005848228578389634,1.1063744444102007e-07,0.00045127916907159333,0.00013343305132292903,0.0021293784259341637,0.0,4.454205276232717e-33,1.824866799228141e-32,2.0206198666031378e-33
11,adam,1324,17598.681599999996,20000.0,0.0026346580109890957,0.0005567612331262048,1.0797194952342439e-07,0.000423586286046022,0.00013306697513065931,0.002077896575607608,0.0,3.955006944691272e-33,1.824599524138203e-32,2.070812807284402e-33
11,adam,1349,17598.681599999996,20000.0,0.00255923937947797,0.0005334179548069975,1.0632047887781303e-07,0.0004003172609331201,0.00013299437339499957,0.00202582122155135,0.0,3.50393630426465e-33,1.8227880667185895e-32,2.1159687782744257e-33
11,adam,1374,17598.681599999996,20000.0,0.0024869656715970265,0.0005136532159467232,1.0567971737024004e-07,0.00038054204474034656,0.0001330054914890063,0.0019733122516871556,0.0,3.12861144654694e-33,1.8192132215339422e-32,2.1554792019919952e-33
11,adam,1399,17598.681599999996,20000.0,0.0024170856760259763,0.0004965103927928417,1.0600528730696678e-07,0.00036336944181616855,0.00013303494568936612,0.0019205750784489371,0.0,2.8392445329229417e-33,1.813857691077857e-32,2.1890412543855925e-33
11,lbfgs,1400,17598.681599999996,20000.0,0.002422330263585545,0.0005038662524688381,1.0851919863578523e-07,0.00035984427400395457,0.00014391345926624774,0.0019184638063001243,0.0,2.945431844079232e-33,1.9612392387526016e-32,2.254594062306696e-33
11,lbfgs,1409,17598.681599999996,20000.0,0.001178663254797954,0.00048251080418542204,5.523060795906186e-07,0.0001749297678757373,0.00030702873023009415,0.0006961522438317844,0.0,1.7298196175052312e-32,1.3471200000506562e-32,5.1906161876603084e-33
11,lbfgs,1419,17598.681599999996,20000.0,0.0002585720311523945,0.00022971123695250223,5.100830244305554e-07,0.0001369429593022096,9.225819462586208e-05,2.886058171274356e-05,0.0,1.0783366807510588e-32,1.3547548195578247e-32,2.4119966065041105e-33
11,lbfgs,1429,17598.681599999996,20000.0,0.00016331653069371992,0.00015320636494408517,3.826299098476799e-07,7.74646874669638e-05,7.535904756727371e-05,1.0109951814914372e-05,0.0,9.659285659312152e-33,1.3901676131163525e-32,2.2197212571853047e-33
11,lbfgs,1439,17598.681599999996,20000.0,5.641730293045724e-05,5.382124918344926e-05,1.8602602882577223e-07,2.8753636845995668e-05,2.4881586308627816e-05,2.5958397602164114e-06,0.0,8.888680899056368e-33,1.2313069998089771e-32,1.6953039527459075e-33
11,lbfgs,1449,17598.681599999996,20000.0,2.0650804463645937e-05,2.0419280473953625e-05,5.640718105668371e-08,7.455789194325907e-06,1.2907084098571033e-05,2.3130930769295985e-07,0.0,1.547586904822984e-33,1.1324113516351729e-32,1.632475425639135e-33
11,lbfgs,1459,17598.681599999996,20000.0,6.476965537657412e-06,6.092731162799675e-06,4.0182739203095435e-08,3.6169998169419875e-06,2.4355486066545923e-06,3.8401973685918037e-07,0.0,1.7470264029844767e-33,1.0737980762786339e-32,1.5025655192607066e-33
11,lbfgs,1469,17598.681599999996,20000.0,4.584307147610541e-06,4.489214320698826e-06,1.700093252277924e-08,2.3646853289025383e-06,2.1075280592735086e-06,9.487799097996315e-08,0.0,2.9123004375111406e-34,1.0802377822943125e-32,1.4573536831553745e-33
11,lbfgs,1479,17598.681599999996,20000.0,3.008199115465826e-06,2.8982326146361874e-06,5.581643778301828e-08,1.9173684007732384e-06,9.250477760799309e-07,1.0975157904603951e-07,0.0,2.4868269105958047e-33,1.0744041830696238e-32,1.4703817239483906e-33
11,lbfgs,1489,17598.681599999996,20000.0,2.0541813560895397e-06,1.998083753561019e-06,1.0575702870785076e-07,1.181160493691196e-06,7.11166231161972e-07,5.588220832984758e-08,0.0,4.3735097831183085e-33,1.091026423212642e-32,1.4756678064488726e-33
11,lbfgs,1499,17598.681599999996,20000.0,1.458227644204962e-06,1.419806359070752e-06,7.419459063016216e-08,8.719520590886802e-07,4.7365970935190976e-07,3.8205587755115766e-08,0.0,4.076927027225382e-33,1.0997836544742826e-32,1.4851608449657504e-33
11,lbfgs,1509,17598.681599999996,20000.0,9.574864372962984e-07,9.489432348505437e-07,1.1779994041080322e-08,6.144197225320396e-07,3.2274351827742377e-07,8.327136406493726e-09,0.0,3.5773779368763954e-34,1.1027143874564495e-32,1.4752207524634775e-33
11,lbfgs,1519,17598.681599999996,20000.0,8.619353893390911e-07,8.32307161539663e-07,1.3772411764164484e-08,5.051706073509076e-07,3.133641424245909e-07,2.9412147758518712e-08,0.0,3.2877287641549506e-34,1.1091921048515367e-32,1.4801760724684078e-33
11,lbfgs,1529,17598.681599999996,20000.0,5.692077947855833e-07,5.590788639391717e-07,3.748073426721146e-09,1.960707724599853e-07,3.592600180524652e-07,9.912440143682754e-09,0.0,4.982156969318874e-35,1.1116008336268242e-32,1.4872755056657735e-33
11,lbfgs,1539,17598.681599999996,20000.0,5.231386179351012e-07,5.175736813808547e-07,4.371477318264182e-09,1.9488777870390998e-07,3.1831442535868056e-07,5.348358380806688e-09,0.0,9.595037782365095e-35,1.1137307502502027e-32,1.4806698801639307e-33
11,lbfgs,1549,17598.681599999996,20000.0,4.299670707816388e-07,4.228774260826943e-07,3.747739379931443e-09,1.840481465901448e-07,2.3508154011261807e-07,6.872990089038137e-09,0.0,6.396292611970501e-35,1.1105193732268789e-32,1.477115777870867e-33
11,lbfgs,1559,17598.681599999996,20000.0,3.651848904129297e-07,3.5695965658078186e-07,4.623331965145445e-09,1.428443412932871e-07,2.0949198332234932e-07,8.008476821039628e-09,0.0,1.8304958064593168e-34,1.1106887277527419e-32,1.4683504001315597e-33
11,lbfgs,1569,17598.681599999996,20000.0,2.5998047000140135e-07,2.42564778482963e-07,6.33492979959103e-09,1.263146103888791e-07,1.0991523829449287e-07,1.7198749008034452e-08,0.0,2.1857844056793426e-34,1.1133620178803026e-32,1.4640298922118775e-33
11,lbfgs,1579,17598.681599999996,20000.0,2.16988915558488e-07,2.0964050850087266e-07,3.8923256202647535e-09,1.270051648745176e-07,7.874301800609028e-08,7.131272519729796e-09,0.0,1.2555398122436563e-34,1.1114737120593481e-32,1.4625282041457757e-33
11,lbfgs,1589,17598.681599999996,20000.0,1.9227344254754685e-07,1.868192340039194e-07,3.4505348330438107e-09,1.1540045112250357e-07,6.796824804837203e-08,5.2371724774990135e-09,0.0,1.1194833504330741e-34,1.1094115856821659e-32,1.463586878240303e-33
11,lbfgs,1599,17598.681599999996,20000.0,1.4875833919439824e-07,1.471236718335517e-07,7.662198175965585e-09,7.870632950794859e-08,6.075514414963751e-08,1.4174603943283035e-09,0.0,2.1435490891381962e-34,1.1077213059673271e-32,1.4597905587672443e-33
11,lbfgs,1609,17598.681599999996,20000.0,1.326246696033378e-07,1.304094177766401e-07,5.271301632617277e-09,6.746425500778616e-08,5.767386113623666e-08,1.998046200412132e-09,0.0,1.2038357405066648e-34,1.1092255205893196e-32,1.46413276149474e-33
11,lbfgs,1619,17598.681599999996,20000.0,1.2579352901165833e-07,1.2489978745390008e-07,4.845811560013804e-09,6.697226495229724e-08,5.308171094158904e-08,6.764703070028286e-10,0.0,1.257116807708991e-34,1.1105983126647236e-32,1.4629167599884632e-33
11,lbfgs,1629,17598.681599999996,20000.0,1.238367308313501e-07,1.227689993034686e-07,3.928816613513158e-09,6.619785232009281e-08,5.264233036986262e-08,8.504562473602071e-10,0.0,9.782438171617442e-35,1.1103610975632283e-32,1.4643119067133042e-33
11,lbfgs,1639,17598.681599999996,20000.0,1.153471658119687e-07,1.1431422543225937e-07,2.691430895805185e-09,6.134368696310126e-08,5.0279107573352923e-08,8.15604696013184e-10,0.0,8.131896309066816e-35,1.1093365425341764e-32,1.4595790614956554e-33
11,lbfgs,1649,17598.681599999996,20000.0,1.0143102513971839e-07,9.950534236681697e-08,4.348287082135676e-09,4.914067350334949e-08,4.6016381781331817e-08,1.7083200123303657e-09,0.0,1.2778323676267502e-34,1.1094128974379932e-32,1.462109476963859e-33
11,lbfgs,1659,17598.681599999996,20000.0,9.44584308444663e-08,9.337682243285475e-08,5.344207284526488e-09,4.5315688803249067e-08,4.27169263450792e-08,8.642006595455109e-10,0.0,1.7472057284527291e-34,1.1108003269503114e-32,1.4639283362042668e-33
11,lbfgs,1669,17598.681599999996,20000.0,8.6364590951123e-08,8.508160501240722e-08,2.5375786542866644e-09,4.040205347005566e-08,4.214197288806489e-08,1.0655502477946575e-09,0.0,6.065983895824389e-35,1.1114234848404775e-32,1.4645695251365158e-33
11,lbfgs,1679,17598.681599999996,20000.0,7.902251811437092e-08,7.83106903249261e-08,2.335326253885998e-09,3.476698506158456e-08,4.120837900945556e-08,4.94376930652837e-10,0.0,7.244980147272587e-35,1.1102873791157695e-32,1.4648702236282493e-33
11,lbfgs,1689,17598.681599999996,20000.0,7.541197397165911e-08,7.458292660971235e-08,2.9226400724870197e-09,3.2935697993200503e-08,3.872458854402483e-08,6.115537448624592e-10,0.0,9.63620456032043e-35,1.1101203171324379e-32,1.4637757851415351e-33
11,lbfgs,1699,17598.681599999996,20000.0,7.282523997767784e-08,7.198477629990366e-08,2.3499084073583714e-09,3.188203597426531e-08,3.775283191827999e-08,6.228999051606037e-10,0.0,7.524584862788482e-35,1.1103673465115075e-32,1.463848200670243e-33
11,lbfgs,1709,17598.681599999996,20000.0,6.830170623172044e-08,6.746326140528142e-08,2.780417391628588e-09,2.93535778716759e-08,3.532926614197693e-08,6.208438328104055e-10,0.0,5.98780450114026e-35,1.1108318175264203e-32,1.4641040858231804e-33
11,lbfgs,1719,17598.681599999996,20000.0,5.992788575851146e-08,5.8552368567294326e-08,3.4906579190746627e-09,2.631383463679829e-08,2.8747876011421376e-08,1.1579606090422316e-09,0.0,9.198970903263229e-35,1.1099838162760033e-32,1.465085122050419e-33
11,lbfgs,1729,17598.681599999996,20000.0,5.9078335875514317e-08,5.7536038855568795e-08,3.1790987468790462e-09,2.596085427051973e-08,2.8396085838170017e-08,1.3247303006727174e-09,0.0,9.477357380864193e-35,1.1101092356536262e-32,1.464818712096934e-33
11,lbfgs,1739,17598.681599999996,20000.0,5.127985600667163e-08,5.014179365793189e-08,1.5723841522206168e-09,2.1359111366226046e-08,2.721029813948523e-08,9.204128126099294e-10,0.0,4.354678689467962e-35,1.1103216708747044e-32,1.466203478290864e-33
11,lbfgs,1749,17598.681599999996,20000.0,5.007674308507962e-08,4.9213929850018494e-08,1.6249593900409799e-09,2.1162472589426107e-08,2.6426497870551407e-08,6.451639657297434e-10,0.0,4.0777594556943704e-35,1.1102908618408343e-32,1.4653449886445184e-33
11,lbfgs,1759,17598.681599999996,20000.0,4.385544016685252e-08,4.337577025100036e-08,2.8216395814473315e-09,1.7212251630321493e-08,2.334187903923153e-08,2.619242725750578e-10,0.0,7.558133441948537e-35,1.1110039519077636e-32,1.4634414549110688e-33
11,lbfgs,1769,17598.681599999996,20000.0,3.447977455100438e-08,3.363512860627104e-08,1.2441407828005438e-09,1.3526844134290758e-08,1.8864143689179744e-08,6.267780818026056e-10,0.0,3.0750297792593906e-35,1.1119219589187034e-32,1.4633717687709792e-33
11,lbfgs,1779,17598.681599999996,20000.0,3.3060359622894376e-08,3.258289517184538e-08,1.0665336176028401e-09,1.253285722179275e-08,1.8983504332449795e-08,2.595173819615286e-10,0.0,3.2402229933959617e-35,1.1121418286383403e-32,1.46351235972062e-33
11,lbfgs,1789,17598.681599999996,20000.0,3.292703514255664e-08,3.248928789023344e-08,1.0533377449611624e-09,1.2544106848303787e-08,1.8891843296968488e-08,2.198033143334541e-10,0.0,3.164206822276728e-35,1.1122078809344763e-32,1.4636023876841808e-33
11,lbfgs,1799,17598.681599999996,20000.0,3.285930958867685e-08,3.2448873422550423e-08,1.0417987498232878e-09,1.2561121979175409e-08,1.884595269355173e-08,1.9249487954215713e-10,0.0,3.0911040934251956e-35,1.1122431507963929e-32,1.4636418770823268e-33
11,lbfgs,1809,17598.681599999996,20000.0,3.2802592235857775e-08,3.2408019811619e-08,1.0320011448154434e-09,1.2563515413327493e-08,1.8812503253476063e-08,1.7663139546630392e-10,0.0,3.038791982784028e-35,1.1122781696826288e-32,1.4636566511775282e-33
11,lbfgs,1819,17598.681599999996,20000.0,3.275612227709761e-08,3.236948053922961e-08,1.023659599435721e-09,1.2559425223321588e-08,1.8786395716472302e-08,1.6870071239970256e-10,0.0,2.9967743975892524e-35,1.1122976424154342e-32,1.4636662910496036e-33
11,lbfgs,1829,17598.681599999996,20000.0,3.271080657867136e-08,3.233261031727014e-08,1.0160375033342635e-09,1.2555647805723953e-08,1.8760925008211923e-08,1.6025440983472842e-10,0.0,2.9611539606488974e-35,1.1123163436194144e-32,1.463661790426307e-33
11,lbfgs,1839,17598.681599999996,20000.0,3.264437954320591e-08,3.226475325461265e-08,1.0041460823853269e-09,1.253178665885809e-08,1.8728820513369236e-08,1.6168462672791333e-10,0.0,2.9067831777991874e-35,1.1123224126000108e-32,1.4636832570684517e-33
11,lbfgs,1849,17598.681599999996,20000.0,3.259650402572475e-08,3.222107490233329e-08,9.966041277436714e-10,1.2520431466331546e-08,1.8704039308258072e-08,1.574864562403765e-10,0.0,2.873414903177596e-35,1.1123324749704229e-32,1.4636784620684987e-33
11,lbfgs,1859,17598.681599999996,20000.0,3.253856032652386e-08,3.2159884056567945e-08,9.865687648638535e-10,1.2499693097055195e-08,1.8673622194648897e-08,1.6073422008265148e-10,0.0,2.828843727453352e-35,1.1123291369449254e-32,1.4636950677787469e-33
11,lbfgs,1869,17598.681599999996,20000.0,3.24903546090517e-08,3.209859848870302e-08,9.775384429427008e-10,1.2471111278408598e-08,1.8649948767351722e-08,1.7381563918589333e-10,0.0,2.7911127531391554e-35,1.1123162936889274e-32,1.4637267138616787e-33
11,lbfgs,1879,17598.681599999996,20000.0,3.2447166363001025e-08,3.207588598562344e-08,9.72829415225737e-10,1.2474543476846329e-08,1.8628513093551376e-08,1.5333563438268672e-10,0.0,2.771862545248192e-35,1.112348484638549e-32,1.4636817900204105e-33
11,lbfgs,1889,17598.681599999996,20000.0,3.24026352915126e-08,3.2024526370427974e-08,9.656703863033504e-10,1.2453966444706599e-08,1.8604889539418025e-08,1.6016543074286368e-10,0.0,2.740840015925665e-35,1.1123394401595607e-32,1.4637023143107532e-33
11,lbfgs,1899,17598.681599999996,20000.0,3.236522633486104e-08,3.199051753575175e-08,9.602971536901913e-10,1.2443943075004128e-08,1.8586277307057428e-08,1.5676415024172196e-10,0.0,2.7188398606949107e-35,1.1123473314452003e-32,1.4636966533453209e-33
11,lbfgs,1909,17598.681599999996,20000.0,3.2316299067809205e-08,3.193970610557041e-08,9.529194435059221e-10,1.2425912760788054e-08,1.856087390127643e-08,1.5864831071135804e-10,0.0,2.68816457097283e-35,1.1123470945814384e-32,1.4637046457023057e-33
11,lbfgs,1919,17598.681599999996,20000.0,3.228227304519431e-08,3.190759985846122e-08,9.480628508352568e-10,1.2416002663109483e-08,1.854353434451648e-08,1.5672779377124766e-10,0.0,2.668243264484475e-35,1.1123519418034337e-32,1.4637029302153518e-33
11,lbfgs,1929,17598.681599999996,20000.0,3.2243276380767497e-08,3.186910892645496e-08,9.425118581853236e-10,1.2403239785610246e-08,1.852335728265939e-08,1.5622160173123546e-10,0.0,2.645394262112e-35,1.1123547796386182e-32,1.4637049564573579e-33
11,lbfgs,1939,17598.681599999996,20000.0,3.220306186076769e-08,3.183020733774684e-08,9.368698608044016e-10,1.2390866080410062e-08,1.850247139653238e-08,1.5490805540163406e-10,0.0,2.6221990885534545e-35,1.112358518893926e-32,1.4637059960391214e-33
11,lbfgs,1949,17598.681599999996,20000.0,3.216738690336651e-08,3.179090491011888e-08,9.319273715233774e-10,1.237512759552784e-08,1.848384994306766e-08,1.5853584844701208e-10,0.0,2.602233389350944e-35,1.1123565170120293e-32,1.4637142583504179e-33
11,lbfgs,1959,17598.681599999996,20000.0,3.2122292716900286e-08,3.17411288316628e-08,9.256497807703261e-10,1.2355156978010627e-08,1.8460322072881846e-08,1.6321812591566702e-10,0.0,2.577380886490172e-35,1.1123536725411064e-32,1.4637256717338589e-33
11,lbfgs,1969,17598.681599999996,20000.0,3.209053650388977e-08,3.171560982717374e-08,9.216273093552136e-10,1.2350415454818444e-08,1.844356706300008e-08,1.5697950374779556e-10,0.0,2.5605721503501026e-35,1.1123630522924966e-32,1.4637168449059803e-33
11,lbfgs,1979,17598.681599999996,20000.0,3.2051588227399695e-08,3.1677271170370635e-08,9.165029657558295e-10,1.2337754633160174e-08,1.842301357145463e-08,1.563693997858367e-10,0.0,2.5399897007482196e-35,1.1123661174090894e-32,1.4637184886275225e-33
11,lbfgs,1989,17598.681599999996,20000.0,3.201905686503835e-08,3.164398595441604e-08,9.122784177206175e-10,1.2325779246474939e-08,1.840592829022048e-08,1.571230739425046e-10,0.0,2.52339348644201e-35,1.1123671222028032e-32,1.4637222043897489e-33
11,lbfgs,1999,17598.681599999996,20000.0,3.194921500222355e-08,3.157206462946079e-08,9.03437807181666e-10,1.2299495241771586e-08,1.836913158050754e-08,1.5920222233317807e-10,0.0,2.488529913307338e-35,1.1123687852455431e-32,1.4637310940473809e-33
11,lbfgs,2009,17598.681599999996,20000.0,3.191864153720747e-08,3.1543616322202536e-08,8.996970880191041e-10,1.2291538116121757e-08,1.8352381118061676e-08,1.5707634571790733e-10,0.0,2.472967744631776e-35,1.1123742683843443e-32,1.4637272982744771e-33
11,lbfgs,2019,17598.681599999996,20000.0,3.185442030782753e-08,3.147685504146408e-08,8.919227906597831e-10,1.226626810075974e-08,1.8318664150044553e-08,1.596162809946917e-10,0.0,2.443460586147476e-35,1.1123736319210254e-32,1.4637392654889665e-33
11,lbfgs,2029,17598.681599999996,20000.0,3.182079889650132e-08,3.144587536030325e-08,8.879793418260006e-10,1.2257564811045328e-08,1.830033120743192e-08,1.5697373305454132e-10,0.0,2.4274063313589477e-35,1.1123790722783557e-32,1.4637365541719669e-33
11,lbfgs,2039,17598.681599999996,20000.0,3.178589030773666e-08,3.141134622598185e-08,8.839061599066572e-10,1.2245904140729187e-08,1.828153592534601e-08,1.5659386288994296e-10,0.0,2.4116163442543967e-35,1.1123816270407802e-32,1.4637384002068877e-33
11,lbfgs,2049,17598.681599999996,20000.0,3.1753459239516146e-08,3.137894804028797e-08,8.801988537598068e-10,1.2234675231967109e-08,1.8264073954561054e-08,1.5656064664597535e-10,0.0,2.3973386947396636e-35,1.1123836508987004e-32,1.4637406018112763e-33
11,lbfgs,2059,17598.681599999996,20000.0,3.171975496491268e-08,3.134508518811236e-08,8.763969616092437e-10,1.2222617858281133e-08,1.8246070368221983e-08,1.5671887107099873e-10,0.0,2.382748136635481e-35,1.112385688276665e-32,1.4637431590003145e-33
11,lbfgs,2069,17598.681599999996,20000.0,3.167367884886892e-08,3.129714905493209e-08,8.712728607883489e-10,1.2204766770508238e-08,1.8221109423635505e-08,1.5857884270430562e-10,0.0,2.3633544752274707e-35,1.1123858199249509e-32,1.4637505968666094e-33
11,lbfgs,2079,17598.681599999996,20000.0,3.1637976704509206e-08,3.126120222303397e-08,8.674095076203636e-10,1.2192198148337448e-08,1.8201594567076157e-08,1.5882325858715199e-10,0.0,2.348780076813336e-35,1.1123875054009545e-32,1.4637538810849423e-33
11,lbfgs,2089,17598.681599999996,20000.0,3.1576296604072855e-08,3.119983295896882e-08,8.608959285543023e-10,1.2170762852454744e-08,1.8168174177959776e-08,1.5851169383022287e-10,0.0,2.324125488417298e-35,1.1123917368819272e-32,1.4637578970497097e-33
11,lbfgs,2099,17598.681599999996,20000.0,3.153359457251838e-08,3.115973208183563e-08,8.565199465924473e-10,1.2158833487685846e-08,1.8144378647557332e-08,1.5590961736850207e-10,0.0,2.3074548249947249e-35,1.1123975516003286e-32,1.4637556909379698e-33
11,lbfgs,2109,17598.681599999996,20000.0,3.1498093591382755e-08,3.11284279175673e-08,8.528704695601029e-10,1.2151547534654947e-08,1.812400991335225e-08,1.5171159443010242e-10,0.0,2.2932781282746526e-35,1.1124052077684811e-32,1.463749190024304e-33
11,lbfgs,2119,17598.681599999996,20000.0,3.1461046071948535e-08,3.1080303332490295e-08,8.491815405587118e-10,1.2125594796399454e-08,1.810552699553213e-08,1.6279039552059823e-10,0.0,2.2810979115182368e-35,1.1123934477977908e-32,1.4637756791345175e-33
11,lbfgs,2129,17598.681599999996,20000.0,3.143237488024478e-08,3.105772592624484e-08,8.463939544109955e-10,1.2122480464920252e-08,1.8088851506913593e-08,1.566952159373805e-10,0.0,2.2702136731883362e-35,1.1124024830491702e-32,1.4637652416975442e-33
11,lbfgs,2139,17598.681599999996,20000.0,3.1398501271876935e-08,3.1024736200781315e-08,8.431511192777145e-10,1.2111670707681109e-08,1.806991437382249e-08,1.5581081946757303e-10,0.0,2.2581909044098306e-35,1.1124055968699557e-32,1.463765963806655e-33
11,lbfgs,2149,17598.681599999996,20000.0,3.137080333254933e-08,3.0995913751207015e-08,8.405341778699045e-10,1.21005723020596e-08,1.805480727127751e-08,1.569352635285041e-10,0.0,2.248838834733566e-35,1.112405817164015e-32,1.46377050569961e-33
