window,stage,step,t0,t1,total,physics,res_S,res_E,res_I,endpoint_physics,bound,orig_mse_S,orig_mse_E,orig_mse_I
0,adam,0,0.0,250.0,1.7263135447808815,1.2947351585188782,0.10015118908009016,0.1945839694387881,1.0,0.4315783861729594,0.0,1.2978036600143544e-12,8.070097714916518e-12,8.999999999999995e-12
0,adam,24,0.0,250.0,0.37721224094884526,0.1826136706226652,0.022908109874785903,0.035612793706840125,0.12409276704103919,0.19459857023501745,0.0,7.210726721632159e-12,1.032361835352339e-12,1.4526957579026726e-12
0,adam,49,0.0,250.0,0.29807035110169045,0.11974290580555562,0.001667733757761198,0.030539703364439005,0.08753546868335542,0.17832744520443303,0.0,3.605858594213552e-13,7.931782396791306e-13,1.023414987775073e-12
0,adam,74,0.0,250.0,0.2347695183571984,0.07945875316940477,0.000432639312995756,0.019510216554152433,0.059515897302256586,0.15531076509361538,0.0,2.222835106867895e-13,5.579056093181624e-13,7.185442538801437e-13
0,adam,99,0.0,250.0,0.18543627122584966,0.05642734686589117,0.00223143797524221,0.02479370107256244,0.02940220781808652,0.12900892426251023,0.0,5.972830476503437e-13,4.862076641554427e-13,3.79565932482664e-13
0,adam,124,0.0,250.0,0.13617303527545135,0.035410901681237145,0.0009408979475036812,0.014802962859470933,0.019667040874262527,0.10076213349512624,0.0,4.05077233474583e-13,3.247583769280722e-13,2.956791779440716e-13
0,adam,149,0.0,250.0,0.11522225343927343,0.03122986898019575,0.0021814181979924693,0.009945328182979178,0.0191031225992241,0.08399238435897509,0.0,1.0436616116336014e-12,2.617305065820546e-13,4.482385911090677e-13
0,adam,174,0.0,250.0,0.09940820092444881,0.02606045874033769,0.0026060173671807476,0.011438289775637728,0.012016151597519214,0.07334774208296718,0.0,1.1518694536974144e-12,2.879637175529905e-13,2.4744511627636614e-13
0,adam,199,0.0,250.0,0.0878687812662318,0.022294582816271995,0.002928388429164936,0.006884968364841417,0.012481226022265644,0.06557419834797053,0.0,1.7314976437638554e-12,2.0834200045415373e-13,3.609854637818682e-13
0,adam,224,0.0,250.0,0.07975446101072035,0.02140662231097954,0.0026858750582902696,0.006989973195744516,0.011730774056944754,0.05834783859682132,0.0,1.5494065920483197e-12,2.2301319883489e-13,4.557480434136527e-13
0,adam,249,0.0,250.0,0.1165987631909368,0.05306330301442709,0.0025683055392783367,0.020789513104039425,0.029705484371109328,0.06353546007246351,0.0,1.8221629000839944e-12,8.645267225688836e-13,1.4769316337001037e-12
0,adam,274,0.0,250.0,1.434205341199501,0.6026397720371801,0.005305309597485335,0.5509535131680399,0.046380949271654946,0.8315655690606616,0.0,5.1398619452777105e-12,1.2344907965826022e-11,1.639525079632848e-11
0,adam,299,0.0,250.0,0.17697991628568738,0.06152742557976845,0.0007895585224107409,0.03262289516340688,0.028114971893950836,0.11545249060581025,0.0,1.160288340403097e-12,1.3640766535168477e-12,7.138095333488666e-13
0,adam,324,0.0,250.0,0.10992204427300284,0.023408615781325116,0.0004988567033934298,0.00964515099858306,0.013264608079348629,0.08651342839091979,0.0,4.288138501346916e-13,3.620949590081e-13,3.0907246238365806e-13
0,adam,349,0.0,250.0,0.08087381845540736,0.021599939143645795,0.0019080486587789952,0.009437935165028806,0.010253955319837992,0.05927387920926289,0.0,1.0951906657404274e-12,3.186265285262689e-13,4.577503417586003e-13
0,adam,374,0.0,250.0,0.06728637477732359,0.01693700178354781,0.0018266893919349216,0.007095558010627449,0.00801475438098544,0.05034937288993862,0.0,1.4527692169129993e-12,2.4015133610248134e-13,3.6668216962833893e-13
0,adam,399,0.0,250.0,0.05635721126637329,0.014451502682485837,0.001577014652098451,0.005787989841450058,0.007086498188937327,0.04190570847850248,0.0,1.3940753354953217e-12,1.9471887106336664e-13,3.5521944099502525e-13
0,adam,424,0.0,250.0,0.7877461379783379,0.39793439557458227,0.006861228443629125,0.09578042103094984,0.2952927461000033,0.3898117422989272,0.0,1.1043990353706774e-11,6.399002219456307e-12,7.93059677673532e-12
0,adam,449,0.0,250.0,0.15712501167042647,0.05928117112942229,0.004145685148574517,0.026354213978085447,0.02878127200276233,0.09784384043899254,0.0,6.026480787429643e-12,1.2589266408340472e-12,1.3841728095536953e-12
0,adam,474,0.0,250.0,0.08555122680366258,0.0180985845540067,0.0007137893414301491,0.009897296298161514,0.0074874989144150346,0.067452642147153,0.0,7.328175264571115e-13,4.0356650411450604e-13,1.4995073284179395e-13
0,adam,499,0.0,250.0,0.06262537193067252,0.01841266185074391,0.0018769734493567392,0.007852050737055,0.008683637664332172,0.0442127099759756,0.0,1.006369094329799e-12,2.830679641205154e-13,5.213473496417068e-13
0,adam,524,0.0,250.0,0.05085917823367844,0.013395835401858847,0.001411224253415283,0.005381403946034352,0.006603207202409211,0.03746334272661862,0.0,9.691102042514236e-13,1.9332526504452435e-13,3.6279335497826325e-13
0,adam,549,0.0,250.0,0.23551636422827585,0.14303458733871457,0.0013908617452467868,0.12710612794517404,0.014537597648293767,0.09248177678315313,0.0,2.1071798350094753e-12,5.710861549841934e-12,3.671294991540467e-12
0,adam,574,0.0,250.0,2.382327298145395,1.3510358651946532,0.01972165985699615,1.2871207766421093,0.04419342869554756,1.0312914328464042,0.0,4.2586602341415924e-11,4.50347583191189e-11,4.267821715884119e-11
0,adam,599,0.0,250.0,0.11584711382615165,0.03420295864337873,0.0009286392980186599,0.015582384659071347,0.01769193468628872,0.08164415507960286,0.0,1.5212784569969779e-12,6.259570356453925e-13,6.970455546272311e-13
0,adam,624,0.0,250.0,0.06331583023278138,0.012386386727258357,0.0006866258297907807,0.0052749629963477615,0.006424797901119814,0.05092944340145991,0.0,4.468998757963544e-13,2.0762033157529356e-13,3.2700739542179553e-13
0,adam,649,0.0,250.0,0.049564409602917574,0.013250414976066677,0.0008775401929899569,0.006268799118838623,0.006104075664238098,0.03631399452142845,0.0,5.754659594871519e-13,2.2552836879966347e-13,3.2846630700196847e-13
0,adam,674,0.0,250.0,0.039551261453883324,0.009797686596998437,0.0005586241347824068,0.00398296846935629,0.0052560939928597405,0.029753574750043827,0.0,3.879778283750488e-13,1.4355970144007033e-13,2.9061703115838983e-13
0,adam,699,0.0,250.0,0.07583213402750172,0.042497556121308934,0.0008775656992003835,0.017768200158401352,0.0238517902637072,0.03333457779800212,0.0,9.604514405001579e-13,1.0353247359671562e-12,1.834555941187225e-12
0,adam,724,0.0,250.0,0.05131508038126297,0.023624462118502845,0.0006738359262148786,0.00977124715908403,0.01317937903320394,0.027690618154400146,0.0,6.272766006637267e-13,5.404358024512368e-13,1.0865415769573586e-12
0,adam,749,0.0,250.0,0.5638860234918142,0.30542663406483445,0.00210457099838012,0.28195217040863224,0.02136989265782209,0.2584593893188859,0.0,4.75273456697616e-12,1.0458633375073494e-11,9.348716127525237e-12
0,adam,774,0.0,250.0,0.12181060666404733,0.062464413942749444,0.0012464171309179398,0.053392481954146864,0.007825514857684637,0.05934619261433443,0.0,2.0875610703431265e-12,2.243711589822569e-12,1.1158503383707047e-12
0,adam,799,0.0,250.0,0.0795473851855119,0.029353268537777033,0.0006691233758424759,0.023865630037986918,0.004818515123947638,0.05019411654128066,0.0,1.3480201430177568e-12,1.0085752404643877e-12,3.62162665873486e-13
0,adam,824,0.0,250.0,0.03980417823781755,0.011762140774715962,0.0005779526828571463,0.004163031185481595,0.007021156906377221,0.02804203735564673,0.0,2.5569405594971285e-13,1.585119562755024e-13,4.3265788045697677e-13
0,adam,849,0.0,250.0,0.029542138371391705,0.008327679736058462,0.0004808385594758309,0.003195452949087456,0.004651388227495176,0.021214458526409435,0.0,2.147134616393876e-13,1.1691013291633313e-13,2.082651986335815e-13
0,adam,874,0.0,250.0,0.024366869745531816,0.00820108951527624,0.0005839372885504006,0.0021379804615592715,0.005479171765166568,0.01616578011989842,0.0,2.9266940033103013e-13,8.367887899771944e-14,3.3611875497941425e-13
0,adam,899,0.0,250.0,0.02481796515217282,0.00882386838102441,0.0005544521851019038,0.005638344719795036,0.00263107147612747,0.01599409666021591,0.0,2.850842862735824e-13,2.2967010159467303e-13,8.50911188501801e-14
0,adam,924,0.0,250.0,0.034657446033636845,0.012931267494702891,0.0005378554654079116,0.008260091039997485,0.004133320989297494,0.021726178427597095,0.0,3.2990350136040675e-13,3.828661820937965e-13,3.3033244555947553e-13
0,adam,949,0.0,250.0,0.02700955037847981,0.011609883200419788,0.0005039388711238607,0.004019801435258196,0.007086142894037732,0.015399667066071822,0.0,2.514477089753416e-13,2.3113372133999824e-13,5.638586444880755e-13
0,adam,974,0.0,250.0,0.021582763130015926,0.00881536247670889,0.000470307258842727,0.005291822969898809,0.003053232247967354,0.012767400540723685,0.0,2.973237319994325e-13,2.392942681403646e-13,1.4741818719272869e-13
0,adam,999,0.0,250.0,0.025165433580354193,0.01159587380660178,0.0004921258881180351,0.00749651944371375,0.0036072284747699947,0.013569559660526745,0.0,4.131238466881931e-13,3.561200712440444e-13,2.4326251220458283e-13
0,adam,1024,0.0,250.0,0.03322006169891601,0.01831777552963827,0.0005430884997529235,0.013663241600183779,0.004111445429701566,0.014902286055542576,0.0,6.58623654616574e-13,6.466668124781923e-13,4.0985788090723907e-13
0,adam,1049,0.0,250.0,0.10675471082630346,0.07132955624186091,0.0009344535172781269,0.032188858301244905,0.038206244423337886,0.035425154470926805,0.0,1.2376593499364816e-12,2.370473966109438e-12,2.662095593959157e-12
0,adam,1074,0.0,250.0,0.040813053199331775,0.02052707968004221,0.00040094321690515645,0.010065379953306045,0.01006075650983101,0.020285973406063654,0.0,3.4916359598245395e-13,6.79916317801634e-13,9.070628115611294e-13
0,adam,1099,0.0,250.0,0.07772866136566652,0.04069639918521821,0.0007640213567593036,0.0335585550632218,0.006373822765237103,0.03703226206744433,0.0,1.3653963804367053e-12,1.4837358386027175e-12,1.2261463130184737e-12
0,adam,1124,0.0,250.0,0.06741591471044593,0.03624901749304067,0.0006538895012676174,0.02981085091336353,0.005784277078409519,0.03116689710447393,0.0,1.2084700250282556e-12,1.3141302231912275e-12,1.0021277664246432e-12
0,adam,1149,0.0,250.0,0.04183275263540095,0.021517534702089197,0.00032713612327922164,0.010465614395283287,0.01072478418352669,0.020315217820320423,0.0,3.9161496094931087e-13,7.090929689394365e-13,9.314726815908033e-13
0,adam,1174,0.0,250.0,0.04085101524396068,0.02179165075146759,0.0003584393013238849,0.01065963860394352,0.010773572846200185,0.019059364379397432,0.0,4.88705985732721e-13,7.207127234602884e-13,9.219320206016398e-13
0,adam,1199,0.0,250.0,0.05976470190495249,0.0333538662005111,0.0006415139721380202,0.027225949282354753,0.005486402946018327,0.026410835591228084,0.0,1.3085040291408579e-12,1.2051127895762838e-12,8.915886505729105e-13
0,adam,1224,0.0,250.0,0.04894848737888606,0.028748456271943036,0.0005585259601237619,0.023337182202133128,0.004852748109686146,0.020200030993531872,0.0,1.1465229055688623e-12,1.0387428129439184e-12,6.812174619180378e-13
0,adam,1249,0.0,250.0,0.040548761038677675,0.021022002554967383,0.00032027486392002054,0.010322085902875724,0.01037964178817164,0.019526758370092608,0.0,4.016090919883749e-13,7.010777897603186e-13,8.936044310707045e-13
0,adam,1274,0.0,250.0,0.04391816421558932,0.02860193419932336,0.0004719499110407437,0.014170811648930635,0.013959172639351982,0.015316229902444514,0.0,7.756962099844584e-13,1.0020021940035872e-12,1.1256972684708718e-12
0,adam,1299,0.0,250.0,0.028962611065537668,0.01196342030893503,0.00022719883645569433,0.008557787903259947,0.0031784335692193882,0.016999190642625072,0.0,3.0817542747967083e-13,3.997737520483177e-13,3.21134910365714e-13
0,adam,1324,0.0,250.0,0.013480505831554909,0.004014694195991742,0.0001444697229264463,0.0010233770539113955,0.0028468474191539,0.009465811521196757,0.0,7.246179694536005e-14,3.776452274600734e-14,1.1441371999971654e-13
0,adam,1349,0.0,250.0,0.01037547348649693,0.004360025578095307,0.00015632230444018587,0.0010582068821881013,0.0031454963914670196,0.006015447793116672,0.0,6.437814144467664e-14,4.0398741383002026e-14,1.0722721584558194e-13
0,adam,1374,0.0,250.0,0.007707520724163038,0.0036245349462360153,0.00015615054063546373,0.0005800875847801568,0.0028882968208203946,0.0040829856616574935,0.0,6.41479287277967e-14,2.0654492743495807e-14,9.741371952196721e-14
0,adam,1399,0.0,250.0,0.01185206247437198,0.0075801673492185365,0.00022236353762405134,0.002618118875031523,0.004739684936562962,0.00427189500806394,0.0,1.9174926460734724e-13,1.7872475942131756e-13,3.367672447750081e-13
0,lbfgs,1400,0.0,250.0,0.025369386283945836,0.015861899769643844,0.00027776821825296156,0.011549222261988587,0.004034909289402294,0.00950748639719278,0.0,3.33379138203666e-13,5.987914685347207e-13,4.899403712919928e-13
0,lbfgs,1409,0.0,250.0,0.00617794029347283,0.003276302899222234,0.0001510681958442198,0.0006504457709145941,0.00247478893246342,0.0029016372771400543,0.0,7.38716599553814e-14,2.0273179214836574e-14,7.985191278258026e-14
0,lbfgs,1419,0.0,250.0,0.006025587108876412,0.003159099247241526,0.0001456394932884585,0.00037306716739288225,0.0026403925865601855,0.0028664877445208417,0.0,6.748530703730691e-14,1.2489194603964159e-14,9.304538703254821e-14
0,lbfgs,1429,0.0,250.0,0.005104643601253112,0.0038437530892762107,0.00033649571700307,0.00028492819692415276,0.003222329175348988,0.0012608903946647663,0.0,3.0940617494145067e-13,8.942521008201064e-15,1.0536635157523547e-13
0,lbfgs,1439,0.0,250.0,0.004132443206713874,0.0037150128609621316,0.0003073581595962593,0.000215261498059876,0.003192393203305996,0.0004174302281986572,0.0,2.3737647256457285e-13,6.530726448729842e-15,9.685506213122067e-14
0,lbfgs,1449,0.0,250.0,0.002659390188673615,0.002146322649307697,0.00027676725066148617,0.00029671109359949226,0.0015728443050467187,0.0005130674213550844,0.0,2.8275206425989533e-13,1.002220969645118e-14,5.686512776630968e-14
0,lbfgs,1459,0.0,250.0,0.0028641461069220963,0.002266073503687511,0.00041910173597217433,0.0010359492243980826,0.0008110225433172541,0.0005980724848812173,0.0,5.394925183214344e-13,4.057569557612479e-14,4.763501070374745e-14
0,lbfgs,1469,0.0,250.0,0.0019368516143282045,0.0016771018816050631,0.0003175837765483216,0.0004601467878395287,0.0008993713172172128,0.0002597496143582375,0.0,3.2982934509572677e-13,1.726099877204775e-14,3.7713276080528563e-14
0,lbfgs,1479,0.0,250.0,0.001559064279083099,0.0014010040267408534,0.0002382349945307141,0.0005691191517214594,0.0005936498804886798,0.00015806013364338332,0.0,2.8599638752002235e-13,2.1784009714571757e-14,3.5408315657717347e-14
0,lbfgs,1489,0.0,250.0,0.0013595953629854877,0.0012592370411728185,0.000229545865315052,0.00047896105612019673,0.0005507301197375698,0.00010035820292658347,0.0,3.875612381302047e-13,1.607496959290273e-14,2.8475149895324555e-14
0,lbfgs,1499,0.0,250.0,0.0012592795638252173,0.001141007837320539,0.00026375754036645426,0.0004475609803972991,0.0004296893165567856,0.00011827160729774408,0.0,4.85595876971277e-13,1.3317992830813125e-14,2.6501911814052418e-14
0,lbfgs,1509,0.0,250.0,0.001161049576896991,0.0011075190423625843,0.00023366036824212522,0.00041984826619335914,0.0004540104079271001,5.3530415455655735e-05,0.0,3.5168813033553555e-13,1.1669421381724496e-14,1.717008397705242e-14
0,lbfgs,1519,0.0,250.0,0.0010930367479354951,0.0010206278764581637,0.00023493759288263858,0.0004171720704892254,0.0003685182130862997,7.24087521808739e-05,0.0,3.713519483410424e-13,1.2523707280346742e-14,1.3726959407108476e-14
0,lbfgs,1529,0.0,250.0,0.0010153510887772892,0.0009479987224186779,0.00020149183163793968,0.00041296283976802856,0.0003335440510127096,6.735224703437631e-05,0.0,3.098039252518197e-13,1.3107478184331378e-14,1.1268883648681624e-14
0,lbfgs,1539,0.0,250.0,0.001001741608966532,0.0009114852596879052,0.00019181159737190716,0.0004235530308042824,0.00029612063151171546,9.025622985663203e-05,0.0,2.9815180230113223e-13,1.3552656647443136e-14,1.06855100415686e-14
0,lbfgs,1549,0.0,250.0,0.0008923750641587916,0.0007895806508164637,0.00016711210749723154,0.00034928034556142907,0.00027318819775780297,0.0001027942938871596,0.0,1.6648346887518147e-13,9.693067171025455e-15,1.1999959400791728e-14
0,lbfgs,1559,0.0,250.0,0.0008533426873904345,0.0007531719158672498,0.0001555114455823554,0.000336883496634595,0.0002607769736502993,0.00010017065195271043,0.0,1.3830972322465385e-13,9.20957404609608e-15,1.1451941213642463e-14
0,lbfgs,1569,0.0,250.0,0.0008163730312862174,0.0007336679563286013,0.00014677013761347718,0.00034203022982760964,0.0002448675888875145,8.270495529675431e-05,0.0,1.2081558837341706e-13,9.277433951368228e-15,1.2157865213409924e-14
0,lbfgs,1579,0.0,250.0,0.0007787129910232351,0.000717588591528103,0.00013407146692917914,0.00034724745630400046,0.00023626966829492339,6.112427977490792e-05,0.0,1.0538166643704002e-13,9.884916197673422e-15,1.3587899026385758e-14
0,lbfgs,1589,0.0,250.0,0.0006822867197200088,0.0006446893217021389,0.00011004507510596986,0.0003528800988925919,0.00018176414770357716,3.75972777676374e-05,0.0,9.381931256415867e-14,1.0016516439880999e-14,2.2418840172453215e-14
0,lbfgs,1599,0.0,250.0,0.0006522781370079357,0.0006378245328848892,9.499152083783866e-05,0.0003777261687308518,0.00016510684331619865,1.4453483688933265e-05,0.0,7.426064468099195e-14,1.0711252271782121e-14,2.3395645095113216e-14
0,lbfgs,1609,0.0,250.0,0.000556804153744397,0.0005455901915153884,9.324186320913342e-05,0.0003450096969291632,0.00010733863137709181,1.1213841448582538e-05,0.0,6.747806895053101e-14,9.666249661639281e-15,1.026532623076131e-14
0,lbfgs,1619,0.0,250.0,0.000461444066959064,0.0004458160796113295,6.256114568086849e-05,0.0003102049345175057,7.304999941295526e-05,1.562786565093635e-05,0.0,3.602599541163315e-14,8.194898606564367e-15,5.7023924184527364e-15
0,lbfgs,1629,0.0,250.0,0.0004485218258748858,0.0004280648746322226,5.675930735260877e-05,0.00029539531452921756,7.591025275039627e-05,2.045682954427058e-05,0.0,3.469869994831672e-14,7.872558217079276e-15,5.74453286513394e-15
0,lbfgs,1639,0.0,250.0,0.0004168956486834512,0.0003923624545084749,6.0718293119462734e-05,0.0002706778346452932,6.096632674371895e-05,2.453307187082509e-05,0.0,4.9872809723866907e-14,7.372717263642536e-15,4.617479163147536e-15
0,lbfgs,1649,0.0,250.0,0.0003219346643809346,0.00031642432401063586,5.376385846394035e-05,0.0002031643919142945,5.949607363240097e-05,5.510218090393945e-06,0.0,5.824074576261199e-14,5.269730218162719e-15,4.666846072751931e-15
0,lbfgs,1659,0.0,250.0,0.00029628395218813747,0.0002917156218058392,4.314687659606729e-05,0.000194155916128155,5.44128290816169e-05,4.568208174234756e-06,0.0,4.0351914281592296e-14,4.942746567676707e-15,4.823951796795708e-15
0,lbfgs,1669,0.0,250.0,0.00029058193409341914,0.00028710498354814575,4.5900068795837284e-05,0.00018373980527513795,5.746510947717052e-05,3.47682828189031e-06,0.0,5.036700332331549e-14,4.7378026104564374e-15,5.714160850529349e-15
0,lbfgs,1679,0.0,250.0,0.00027367029155332543,0.00026596069005565225,4.6077207876471495e-05,0.00015871415945924094,6.116932271993983e-05,7.709479205194323e-06,0.0,5.847392331468937e-14,4.35963510225273e-15,6.382783427934158e-15
0,lbfgs,1689,0.0,250.0,0.0001796152502648598,0.00017440058361903565,2.017528222081037e-05,9.012825192993946e-05,6.409704946828581e-05,5.214544182508433e-06,0.0,1.034332353514479e-14,3.2543167328843636e-15,1.0961125739417021e-14
0,lbfgs,1699,0.0,250.0,0.0001756105386741042,0.00016879906023341257,1.907208892915347e-05,8.991740408295922e-05,5.9809567221299874e-05,6.811355969293246e-06,0.0,9.208413811655198e-15,3.3233538492073987e-15,1.0075289799396187e-14
0,lbfgs,1709,0.0,250.0,0.00016037806549845928,0.00015149034912077903,1.4315405976625487e-05,8.213012637908171e-05,5.5044816765071826e-05,8.887593927948326e-06,0.0,7.026839844201798e-15,3.190297639947441e-15,1.0170998185740086e-14
0,lbfgs,1719,0.0,250.0,0.00014318542562981616,0.0001347679461682385,1.94924210019659e-05,6.466874887226942e-05,5.060677629400319e-05,8.41735684847706e-06,0.0,1.025545339258503e-14,2.4421373614460203e-15,7.838463903506634e-15
0,lbfgs,1729,0.0,250.0,0.00012974145775900085,0.0001252165978386591,2.1972351396270943e-05,5.819141989973679e-05,4.5052826542651374e-05,4.52473716831298e-06,0.0,1.6177839600470528e-14,1.891928582594168e-15,6.4074964573842034e-15
0,lbfgs,1739,0.0,250.0,0.00012434082718507057,0.0001194912030372782,1.97274291645288e-05,5.7498909712602324e-05,4.226486416014709e-05,4.8495013611438695e-06,0.0,1.1622626800317779e-14,1.9368595222424473e-15,5.802202920657557e-15
0,lbfgs,1749,0.0,250.0,0.0001205764974552495,0.00011321884188414425,1.9278458530555265e-05,5.298171151528987e-05,4.0958671838299115e-05,7.357532791875625e-06,0.0,1.4322823726791283e-14,1.8277486711010802e-15,4.971098933695342e-15
0,lbfgs,1759,0.0,250.0,0.00011725381372468315,0.00010778325349753223,1.6737997236991728e-05,4.898094763982204e-05,4.2064308620718475e-05,9.470437476707367e-06,0.0,9.290798804294635e-15,1.8259793705442725e-15,4.5214109916238055e-15
0,lbfgs,1769,0.0,250.0,9.473681791327496e-05,8.993819510028762e-05,1.7015252880929283e-05,3.4411093793404975e-05,3.851184842595336e-05,4.7984998905416785e-06,0.0,1.4685430703918046e-14,1.512200623407004e-15,4.861546487923019e-15
0,lbfgs,1779,0.0,250.0,9.204982510294461e-05,8.777358684526231e-05,1.680436832850454e-05,3.5075173939642006e-05,3.589404457711577e-05,4.2761153648156545e-06,0.0,1.3914625983651602e-14,1.5332829022888987e-15,4.054896468207825e-15
0,lbfgs,1789,0.0,250.0,9.246540250329173e-05,8.790713514101281e-05,1.6154700248507733e-05,3.4266617718050966e-05,3.748581717445411e-05,4.558144450769708e-06,0.0,1.4537255113099587e-14,1.9444784646618227e-15,4.0586416409167295e-15
0,lbfgs,1799,0.0,250.0,8.695113958549127e-05,8.35983368022006e-05,1.4339537536122482e-05,3.435426277871811e-05,3.4904536487360006e-05,3.352680021654814e-06,0.0,1.3626890520042634e-14,1.6743172719352003e-15,3.2041201169851125e-15
0,lbfgs,1809,0.0,250.0,7.610337193745178e-05,7.422529647554666e-05,1.417711317301154e-05,2.228191888649952e-05,3.776626441603559e-05,1.8779525945054369e-06,0.0,1.068031824550091e-14,8.095030057015372e-16,4.612110856988707e-15
0,lbfgs,1819,0.0,250.0,6.494235969650194e-05,6.15334331862585e-05,1.2362764764472003e-05,1.869005532844662e-05,3.0480613093339886e-05,3.4088036322569156e-06,0.0,1.3001158576997224e-14,7.036663947856274e-16,3.011999215522828e-15
0,lbfgs,1829,0.0,250.0,6.0815085944565686e-05,5.820387451528737e-05,1.0354251744313962e-05,1.5993370531717143e-05,3.185625223925627e-05,2.611088660274696e-06,0.0,1.3764094881917548e-14,5.608382185107762e-16,2.563844010582191e-15
0,lbfgs,1839,0.0,250.0,5.91727550469377e-05,5.643547005750877e-05,1.0715724093983154e-05,1.545254248823065e-05,3.026720347529496e-05,2.737162189005259e-06,0.0,1.6083790165006365e-14,6.457010835502414e-16,2.1279452444376233e-15
0,lbfgs,1849,0.0,250.0,5.3134563377657686e-05,5.060781816068395e-05,8.321761998791792e-06,1.2098586815784041e-05,3.018746934610812e-05,2.526622361744826e-06,0.0,9.640753588065284e-15,5.118442668654752e-16,2.3247288605491087e-15
0,lbfgs,1859,0.0,250.0,5.135846584135744e-05,4.933262500855242e-05,7.046291779547176e-06,1.199991033270796e-05,3.0286422896297283e-05,2.025718008560156e-06,0.0,8.970533600637648e-15,5.296877495793793e-16,2.0512429036440736e-15
0,lbfgs,1869,0.0,250.0,4.993351531004432e-05,4.788160185449675e-05,6.549538785811016e-06,1.4448810869234532e-05,2.68832521994512e-05,2.0517906243847637e-06,0.0,8.859751392214072e-15,5.963402662661504e-16,1.8896574467206343e-15
0,lbfgs,1879,0.0,250.0,4.933160257062287e-05,4.74962964599662e-05,6.378305960982692e-06,1.4394149043715198e-05,2.672384145526831e-05,1.83518329279735e-06,0.0,8.543357850067647e-15,6.240407877874383e-16,1.774706752080568e-15
0,lbfgs,1889,0.0,250.0,4.8373975120101906e-05,4.6836304779737116e-05,6.0562997826979215e-06,1.3561365818980464e-05,2.721863917805873e-05,1.5375475176733228e-06,0.0,7.884215040599927e-15,5.531912965976872e-16,2.093472855216669e-15
0,lbfgs,1899,0.0,250.0,4.455213785875152e-05,4.2081757995618345e-05,6.843817079360989e-06,1.2132290164804488e-05,2.310565075145287e-05,2.470256935743478e-06,0.0,8.63908544203445e-15,4.719083677086702e-16,1.9699118548901387e-15
0,lbfgs,1909,0.0,250.0,3.917124471999474e-05,3.7489729764896034e-05,7.045572890269663e-06,1.1324026315172076e-05,1.9120130559454296e-05,1.6813918208551239e-06,0.0,7.592344881229026e-15,3.922022610899706e-16,1.469703337421662e-15
0,lbfgs,1919,0.0,250.0,7.281070491254923e-05,6.332273034653402e-05,1.117105934927093e-05,2.308521319465703e-05,2.9066457802606055e-05,9.48785137124505e-06,0.0,1.3923508111667485e-14,1.875654637604347e-15,3.1984945097182236e-15
0,lbfgs,1929,0.0,250.0,2.896262903850432e-05,2.8196635435553397e-05,5.717872701072779e-06,7.681858219867065e-06,1.4796904514613554e-05,7.658704497784957e-07,0.0,3.7921545109344175e-15,2.9464865016770016e-16,9.6690697633945e-16
0,lbfgs,1939,0.0,250.0,2.778537281997655e-05,2.734075037066316e-05,5.222869360673808e-06,7.43402732892367e-06,1.4683853681065684e-05,4.444992624774297e-07,0.0,3.4571805342962132e-15,2.867381499100392e-16,1.0065072886919321e-15
0,lbfgs,1949,0.0,250.0,2.6286147561927137e-05,2.547915262194252e-05,4.287058196209216e-06,7.584478965271301e-06,1.3607615460462004e-05,8.068716772829648e-07,0.0,2.615770359293181e-15,3.2805506847396756e-16,1.0080838315848572e-15
0,lbfgs,1959,0.0,250.0,2.6000552376794738e-05,2.521180810717477e-05,4.171169188586604e-06,7.758358183948602e-06,1.3282280734639563e-05,7.886210047952879e-07,0.0,2.2117878496488717e-15,3.317489738151762e-16,9.515196930505298e-16
0,lbfgs,1969,0.0,250.0,2.5771954078159465e-05,2.523311743371179e-05,4.164646418118194e-06,8.097021473531072e-06,1.2971449542062524e-05,5.387133886058764e-07,0.0,2.3392208896510194e-15,3.208414770863248e-16,9.822231588229908e-16
0,lbfgs,1979,0.0,250.0,2.5595941385613666e-05,2.5130202698963203e-05,4.30965080164386e-06,7.992454415615394e-06,1.282809748170395e-05,4.6561543587312645e-07,0.0,2.1632782526599055e-15,3.3866569012976607e-16,9.134762876925305e-16
0,lbfgs,1989,0.0,250.0,2.5578699858712143e-05,2.5068925993625858e-05,4.3518559713611455e-06,8.289906479701416e-06,1.2427163542563294e-05,5.096506165060866e-07,0.0,2.123555451971112e-15,3.5299547646200626e-16,8.651894204306199e-16
0,lbfgs,1999,0.0,250.0,2.5214318673978952e-05,2.4395379071361926e-05,4.2830380874589725e-06,7.813600063418057e-06,1.2298740920484897e-05,8.188163421898158e-07,0.0,1.7346016704739387e-15,3.3924758328474175e-16,8.32890928255403e-16
0,lbfgs,2009,0.0,250.0,2.4995128770214256e-05,2.4149360066694737e-05,4.1864500715274825e-06,7.947430739025044e-06,1.201547925614221e-05,8.456454519134945e-07,0.0,1.784689702974982e-15,3.2598915109897485e-16,8.334344502744873e-16
0,lbfgs,2019,0.0,250.0,2.4573819912148355e-05,2.3948360068255443e-05,4.3712325315034486e-06,7.808980354978018e-06,1.1768147181773977e-05,6.253365912866773e-07,0.0,1.5596244155128319e-15,3.3342531525469245e-16,8.676205408822453e-16
1,adam,0,250.0,600.0,0.0220150648699551,0.01651129858355936,0.013737120963282974,0.0012040069525434437,0.001570170667732941,0.005503766194519786,0.0,7.499091298503004e-11,2.687630485004794e-13,9.721071961603855e-13
1,adam,24,250.0,600.0,0.003930258787472164,0.0028761918531872606,0.0005108482595917717,0.0009187260201021827,0.0014466175734933063,0.0010540668424795878,0.0,1.2408670019084408e-11,2.2255577233108484e-13,9.589364599411668e-13
1,adam,49,250.0,600.0,0.0014235569984187677,0.0011679930841572003,7.760369938387133e-05,0.00036697630223246484,0.0007234130825408641,0.0002555638214044244,0.0,3.650853280716025e-12,1.5574456155945175e-13,8.391009396870964e-13
1,adam,74,250.0,600.0,0.000602154763311359,0.00041168972680060713,1.915952732919962e-05,0.00022617710251416072,0.00016635309695724678,0.00019046494177499298,0.0,1.5280895199096603e-12,9.18477694471193e-13,8.091119262671777e-13
1,adam,99,250.0,600.0,2.7110783798934098e-05,1.9855811425836254e-05,3.293456595162681e-06,4.448234463294262e-06,1.211412036737931e-05,7.254877305419468e-06,0.0,3.174581598611026e-13,9.214529135492977e-15,7.715306834926305e-14
1,adam,124,250.0,600.0,1.055080069017085e-05,7.2040451116810355e-06,1.5636577988000474e-06,2.0251524302958476e-06,3.6152348825851403e-06,3.346660365925083e-06,0.0,1.7709164095406117e-13,8.097385535294885e-15,1.9897175935751075e-14
1,adam,149,250.0,600.0,7.422213911275061e-05,4.933608747151746e-05,1.6627539828429707e-06,2.6320631595853138e-05,2.1352701892821355e-05,2.48859565159882e-05,0.0,2.0621497408888904e-13,1.292122858706724e-13,2.189824265146467e-13
1,adam,174,250.0,600.0,1.670778737613927e-05,1.0940486973140662e-05,1.4340825131326654e-06,5.753106043884291e-06,3.753298416123705e-06,5.767205153712463e-06,0.0,2.1265953172885516e-13,2.7170816090636563e-14,4.650534464150933e-14
1,adam,199,250.0,600.0,4.761291717105195e-06,3.355429266994428e-06,8.756674640574499e-07,8.43135117343041e-07,1.6366266855939372e-06,1.4057671547998905e-06,0.0,1.0914797380123788e-13,3.2436312478726042e-15,1.309974666827832e-14
1,adam,224,250.0,600.0,0.00022485616210544498,0.00015798978198974892,6.040107646605828e-06,0.00013824849470428895,1.3701179638854136e-05,6.68662850285856e-05,0.0,9.310985362665912e-13,5.563980993256588e-13,1.6677264010537176e-13
1,adam,249,250.0,600.0,1.9893333752518102e-05,1.426705418220983e-05,8.901108457720175e-07,9.37214292524288e-06,4.004800411194932e-06,5.626184383666956e-06,0.0,8.348418352900155e-14,4.7179736393902444e-14,3.2315734560353535e-14
1,adam,274,250.0,600.0,2.4987917266805253e-06,1.8287207951221656e-06,4.962625270003166e-07,4.570624191951225e-07,8.753958489267266e-07,6.699756917207567e-07,0.0,5.1927683956052306e-14,1.2523830297693314e-15,6.1521772434967224e-15
1,adam,299,250.0,600.0,1.680155694124026e-06,1.189906160222673e-06,3.7554793900923265e-07,2.830102181414438e-07,5.313480030719966e-07,4.90154261778475e-07,0.0,4.1049799275710084e-14,5.830793947476656e-16,1.7973813644539148e-15
1,adam,324,250.0,600.0,1.4901349930293257e-06,1.0504793462751571e-06,2.9847842215547317e-07,2.5061881586178873e-07,5.013821082578953e-07,4.39560348339287e-07,0.0,3.18063814382498e-14,5.124455122002635e-16,1.5984858116192782e-15
1,adam,349,250.0,600.0,1.4580299827092207e-06,1.0177632064291937e-06,2.487966237634328e-07,2.838853432930549e-07,4.850812393727059e-07,4.401714560310972e-07,0.0,2.6895568760601497e-14,7.634645804074612e-16,1.748544376255927e-15
1,adam,374,250.0,600.0,0.00019976385197393543,0.0001358759335552487,3.4525153465465094e-06,5.829920053099875e-05,7.412421767770346e-05,6.388782335050097e-05,0.0,5.315489893871337e-13,2.628685480684828e-13,7.181746879934622e-13
1,adam,399,250.0,600.0,1.6240976247183665e-05,1.2841097374232807e-05,3.242260614464179e-06,7.401347937154087e-06,2.19748882261454e-06,3.399783605763643e-06,0.0,4.514753259368612e-13,3.339958442342912e-14,2.3418284756623318e-14
1,adam,424,250.0,600.0,1.6136640567133836e-06,1.132775548985542e-06,1.9839745614051195e-07,5.78377374726521e-07,3.56000718118509e-07,4.807932428733871e-07,0.0,1.6942045268774528e-14,2.259996161384346e-15,1.480682639375625e-15
1,adam,449,250.0,600.0,9.784462733933262e-07,6.345520430300549e-07,1.4268171461764248e-07,2.1205033892242643e-07,2.798199894899859e-07,3.437989297556792e-07,0.0,1.0226987626348674e-14,4.608865253984806e-16,8.942565438128778e-16
1,adam,474,250.0,600.0,8.000832941858816e-07,5.063083475952219e-07,9.897164650827348e-08,1.7676140703765405e-07,2.3057529404929443e-07,2.936796376757699e-07,0.0,6.5527466023902395e-15,2.5973839337679814e-16,6.89412271135249e-16
1,adam,499,250.0,600.0,7.588217247245937e-07,4.747083607170185e-07,8.885253254656079e-08,1.724313393605846e-07,2.1342448880987312e-07,2.8401804139796055e-07,0.0,5.920835896040897e-15,2.642500573804812e-16,6.255001423357799e-16
1,adam,524,250.0,600.0,0.00014522446190523723,0.00010250597870015135,1.4402917475625973e-05,5.1877881634329464e-05,3.622517959019592e-05,4.271838797557369e-05,0.0,1.7813910933847767e-12,2.471890495504075e-13,4.656271019521823e-13
1,adam,549,250.0,600.0,7.448771884638346e-06,4.732375028811013e-06,4.295593458449258e-07,3.273654692975987e-06,1.0291609899901003e-06,2.7163016016582517e-06,0.0,4.8562341202766344e-14,1.739554117288541e-14,1.3411203021698573e-14
1,adam,574,250.0,600.0,1.311079460724186e-06,8.701682172630956e-07,2.3372858184056736e-07,4.620381111004235e-07,1.7440152432210468e-07,4.408159859368052e-07,0.0,3.48424242102943e-14,1.7421544966776444e-15,6.6227680822676835e-16
1,adam,599,250.0,600.0,1.2348447759506928e-06,8.012007379571011e-07,8.523250850523444e-08,4.766590913003464e-07,2.393091381515203e-07,4.335487612192589e-07,0.0,6.406641371398972e-15,1.904015918680069e-15,1.549755127712888e-15
1,adam,624,250.0,600.0,8.611418107457588e-05,5.880847346828987e-05,9.412170524176727e-07,4.1449360898711776e-05,1.641789551716041e-05,2.7305612340693132e-05,0.0,1.7259611014337015e-13,2.0505502659465359e-13,2.20886188249753e-13
1,adam,649,250.0,600.0,2.1701728018689655e-06,1.3785479452478535e-06,1.2864372068734337e-07,9.433802516027151e-07,3.06523972957795e-07,7.915295918766205e-07,0.0,9.880779054596112e-15,4.06949367158034e-15,3.112461217546821e-15
1,adam,674,250.0,600.0,7.744984911721146e-07,4.92992239099997e-07,6.476863178460706e-08,2.8465381696885177e-07,1.435697903465382e-07,2.814109898157545e-07,0.0,3.3420424618320826e-15,7.487571017986202e-16,4.006911979269276e-16
1,adam,699,250.0,600.0,3.513552659667183e-06,2.8234117292539405e-06,1.0255452255803924e-07,1.3303735845681275e-06,1.3904836221277738e-06,6.900457342136059e-07,0.0,9.78746410929365e-15,4.011894967930403e-15,1.0940739652120158e-14
1,adam,724,250.0,600.0,4.665607900749561e-06,3.3628968825556197e-06,1.690062205486168e-07,2.400771922530557e-06,7.93118739476446e-07,1.302615751275217e-06,0.0,1.265798853058948e-14,1.0492594048067584e-14,9.526768924668634e-15
1,adam,749,250.0,600.0,1.1006851647480551e-06,6.517553282834582e-07,2.140871794875702e-07,2.433407617916978e-07,1.9432738700419018e-07,4.488345758410344e-07,0.0,2.869515676561726e-14,6.152414945694526e-16,1.6668805995032362e-15
1,adam,774,250.0,600.0,3.5066798183207723e-06,2.3011722315137973e-06,2.2691266334198654e-07,1.4228148587419008e-06,6.514447094299102e-07,1.2054123257705544e-06,0.0,2.8900824860525396e-14,6.454633622093547e-15,8.574416091676369e-15
1,adam,799,250.0,600.0,9.390293254836892e-06,7.2666446042847e-06,1.452239601670947e-06,3.926705684472359e-06,1.8876993181413948e-06,2.12355355522065e-06,0.0,2.843300087299773e-13,1.0702032337795925e-14,1.226971133663556e-14
1,adam,824,250.0,600.0,5.830455164402472e-05,4.2815937507020206e-05,6.16415771055392e-07,3.737969098263257e-05,4.819830753332247e-06,1.5488519134083582e-05,0.0,5.942046911183897e-14,1.472731711523141e-13,7.897558011858153e-14
1,adam,849,250.0,600.0,1.1204617343491336e-06,7.080661751831545e-07,8.006444485191598e-08,3.617466569721664e-07,2.6625507335907217e-07,4.123004752935987e-07,0.0,3.3461383399821093e-15,7.315752301706323e-16,2.8215454176557404e-15
1,adam,874,250.0,600.0,6.207685741733019e-07,3.1409407576915937e-07,6.600250000890421e-08,1.7454852852601685e-07,7.354304723423834e-08,3.0657942860242976e-07,0.0,4.8341447596147645e-15,1.3152335410756745e-16,2.714247378594575e-16
1,adam,899,250.0,600.0,5.703616653773248e-07,2.8789891140334793e-07,5.446394630898294e-08,1.572369467221164e-07,7.619801837224859e-08,2.823676909729507e-07,0.0,2.234377627397443e-15,1.0893759198569965e-16,3.182715400245537e-16
1,adam,924,250.0,600.0,5.410178089523027e-07,2.6979402272188596e-07,5.238842443813522e-08,1.5045926841888538e-07,6.694632986486536e-08,2.711287243087543e-07,0.0,1.8850322264897817e-15,1.0571353126771433e-16,2.4084728792782136e-16
1,adam,949,250.0,600.0,7.824003269083681e-07,4.4083339311496004e-07,5.2481977957006036e-08,2.596129734857526e-07,1.2873844167220144e-07,3.4147187287561e-07,0.0,1.950183356259587e-15,7.489681163601525e-16,1.125704296944289e-15
1,adam,974,250.0,600.0,9.387368329943958e-06,8.44770456620081e-06,3.6059572271281664e-07,4.605019528030003e-06,3.4820893154579907e-06,9.395688419750464e-07,0.0,3.4242771060586954e-14,1.0970981485430329e-14,2.0979526443115893e-14
1,adam,999,250.0,600.0,2.536251315461545e-06,1.6383397910209874e-06,1.5707800017829657e-07,1.1815050466123097e-06,2.997567442303813e-07,8.978164853139223e-07,0.0,1.7659753419983495e-14,5.7547285063649374e-15,2.2782298243415216e-15
1,adam,1024,250.0,600.0,8.047524056674463e-07,4.5354832670494523e-07,5.289903179858853e-08,2.9392319226393797e-07,1.0672610264241877e-07,3.5110903569942366e-07,0.0,1.82053425817414e-15,7.468128708256852e-16,7.31803963802062e-16
1,adam,1049,250.0,600.0,5.307776787029e-07,2.551256565764285e-07,4.64349362296015e-08,1.4719857094855e-07,6.149214939827703e-08,2.7555699130423703e-07,0.0,1.6202881029084352e-15,1.0829852561991728e-16,1.551354005940338e-16
1,adam,1074,250.0,600.0,4.219889613867121e-06,2.8107899251739493e-06,9.778239957368512e-08,1.969570650407087e-06,7.434368751931775e-07,1.4090046594501949e-06,0.0,1.1078127976297595e-14,9.7215205774249e-15,9.892941661696972e-15
1,adam,1099,250.0,600.0,2.9456930249050243e-05,2.119893620706216e-05,8.852613186564032e-07,1.7148675954535495e-05,3.1649989338702616e-06,8.257899063106592e-06,0.0,1.9859819745512344e-13,7.107570525283618e-14,5.566219915210568e-14
1,adam,1124,250.0,600.0,4.210533699933289e-06,2.6890937623943072e-06,1.9477662052285295e-07,1.722127392231529e-06,7.721897496399254e-07,1.5213449252713226e-06,0.0,2.6401847464369682e-14,9.195244635474577e-15,9.014277694914404e-15
1,adam,1149,250.0,600.0,5.397487766665094e-07,2.626757832993166e-07,4.7225955000924005e-08,1.599009052233129e-07,5.5548923075079685e-08,2.769779727007624e-07,0.0,1.5135306727079692e-15,1.800415454426334e-16,1.8107995990355627e-16
1,adam,1174,250.0,600.0,0.00013268349303131353,9.14837870980632e-05,1.33583793280177e-06,6.416295390309857e-05,2.598499526216286e-05,4.1199610938197116e-05,0.0,2.938019697855733e-13,3.304750087990731e-13,3.523160414321998e-13
1,adam,1199,250.0,600.0,1.4401764786708772e-05,1.0152011691044698e-05,2.4821662864245863e-06,5.810911212286546e-06,1.8589341923335646e-06,4.249658096076811e-06,0.0,4.4031681872384124e-13,2.808962849101307e-14,2.2554694579107113e-14
1,adam,1224,250.0,600.0,5.293927210136277e-07,2.4855690936449877e-07,7.302586517662608e-08,1.210716695436137e-07,5.445937464425896e-08,2.807408104092157e-07,0.0,6.565325237760126e-15,1.0265837405904003e-16,1.5462090372379243e-16
1,adam,1249,250.0,600.0,5.2333564359101866e-05,3.595646408114119e-05,1.6342328728605896e-07,2.462190721471827e-05,1.1171133579136862e-05,1.6377005301221728e-05,0.0,3.2232095107537677e-14,1.2386025062265739e-13,1.459865835822038e-13
1,adam,1274,250.0,600.0,8.166852409350388e-06,5.608676389036486e-06,7.84742266583145e-08,3.5283298050292304e-06,2.001872357348941e-06,2.558081044803913e-06,0.0,6.0791614769057275e-15,1.7622638201233412e-14,2.481146126371046e-14
1,adam,1299,250.0,600.0,6.687307065075923e-05,4.572317247765868e-05,6.264552178446669e-07,3.088962498785115e-05,1.4207092271962863e-05,2.11498032097958e-05,0.0,1.2994000397812922e-13,1.5583348882284734e-13,1.8441710868130223e-13
1,adam,1324,250.0,600.0,3.872538972802999e-06,2.524193239158707e-06,1.8099767956952148e-06,5.330059319512151e-07,1.81210511512277e-07,1.3482507594166497e-06,0.0,2.929398764641587e-13,2.191574845560611e-15,1.917368500436223e-15
1,adam,1349,250.0,600.0,5.53779285664458e-06,3.6437864202114635e-06,8.349122444670153e-07,1.5343191541844106e-06,1.274555021560038e-06,1.8939114901676057e-06,0.0,1.2659435688933946e-13,8.330394915457872e-15,1.3918123017705772e-14
1,adam,1374,250.0,600.0,6.171657841588096e-06,4.55220084272519e-06,1.0179137284566747e-06,3.3407544055086165e-06,1.9353270875989948e-07,1.6193620792634087e-06,0.0,1.907753710067651e-13,1.2209172034348637e-14,1.6756975092142473e-15
1,adam,1399,250.0,600.0,2.0663029723037096e-05,1.4335319537162706e-05,2.3479422548228207e-06,9.903536302169457e-06,2.0838409801704292e-06,6.327615244950301e-06,0.0,3.9658480051799374e-13,4.6162347828517854e-14,2.864072526617552e-14
1,lbfgs,1400,250.0,600.0,1.9413619863136086e-05,1.3259497437901786e-05,3.2658362632201346e-06,6.9859137725532505e-06,3.007747402128401e-06,6.1540274838833416e-06,0.0,5.76200530646976e-13,3.722414518143452e-14,3.93686486744602e-14
1,lbfgs,1409,250.0,600.0,1.2400792859138259e-06,6.753125901697805e-07,3.6560661287470196e-07,1.6158480622132112e-07,1.4812117107375748e-07,5.64671754429522e-07,0.0,6.977327989326875e-14,5.845237174511749e-16,9.573877350493708e-16
1,lbfgs,1419,250.0,600.0,5.706622680658261e-07,2.8025867524050363e-07,8.43950796027601e-08,1.2661649917893212e-07,6.924709645881141e-08,2.903086515209838e-07,0.0,7.808193556479065e-15,1.3730285630491678e-16,1.7704439630510207e-16
1,lbfgs,1429,250.0,600.0,5.008516374887262e-07,2.1710888624447144e-07,5.1086110497051335e-08,1.0053618099789204e-07,6.548659474952807e-08,2.836478098246172e-07,0.0,2.656920560424083e-15,6.106957687049913e-17,2.3074398143353175e-16
1,lbfgs,1439,250.0,600.0,4.752608190609496e-07,2.038274446244594e-07,4.184566784076932e-08,1.063669039903396e-07,5.56148727933505e-08,2.7133843306347895e-07,0.0,2.0336566839145627e-15,6.644125122732984e-17,1.5041469082727166e-16
1,lbfgs,1449,250.0,600.0,4.638077250060432e-07,2.0224132668102744e-07,4.3839546484513263e-08,9.850800467548559e-08,5.98937755210286e-08,2.6147145699521904e-07,0.0,2.317206147629993e-15,6.046039396945554e-17,1.5989259672933888e-16
1,lbfgs,1459,250.0,600.0,4.370549626115461e-07,1.8605834897658952e-07,4.627078398519245e-08,1.0118038707397734e-07,3.860717791741974e-08,2.5090167231132387e-07,0.0,2.1040943658653684e-15,5.506005801970086e-17,1.2446745240697525e-16
1,lbfgs,1469,250.0,600.0,4.3368532534087496e-07,1.8584882687487335e-07,4.731582400833502e-08,1.01798890756508e-07,3.6734112110030314e-08,2.4774155714640885e-07,0.0,2.280574410404985e-15,5.407838660689162e-17,1.3294698924484236e-16
1,lbfgs,1479,250.0,600.0,4.333385697177487e-07,1.857788760108981e-07,4.74148145080579e-08,1.0150337180739559e-07,3.6860689695444594e-08,2.474647523879471e-07,0.0,2.3192579778716427e-15,5.3908632836906417e-17,1.347200134727517e-16
1,lbfgs,1489,250.0,600.0,4.330561240757856e-07,1.8558262176019164e-07,4.721941835772258e-08,1.0153838283613136e-07,3.6824820566337686e-08,2.473785609973227e-07,0.0,2.2827573495001684e-15,5.3858834450128353e-17,1.3462843253109526e-16
1,lbfgs,1499,250.0,600.0,4.327088048118759e-07,1.8526883145147778e-07,4.68724787732414e-08,1.016837371299276e-07,3.671261554830877e-08,2.473450320430555e-07,0.0,2.205788513877471e-15,5.3766366792677906e-17,1.336366008623372e-16
1,lbfgs,1509,250.0,600.0,4.120601293744767e-07,1.8208989242286295e-07,4.227412300824531e-08,9.874765008208589e-08,4.1068119332531764e-08,2.2987529572562146e-07,0.0,1.4187116331018482e-15,5.438624834674404e-17,2.8426320053970966e-16
1,lbfgs,1519,250.0,600.0,3.7412991181701306e-07,1.8520762363732637e-07,3.952023996943055e-08,1.1212577098032326e-07,3.356161268757256e-08,1.888273475064146e-07,0.0,1.4416968141904985e-15,7.942412183121705e-17,2.744914442338905e-16
1,lbfgs,1529,250.0,600.0,3.245782387281391e-07,1.795717437225572e-07,3.9808559787999116e-08,1.1298201038892257e-07,2.6781173545635515e-08,1.44911555399657e-07,0.0,1.379506587037713e-15,8.529235008594782e-17,1.720208779404107e-16
1,lbfgs,1539,250.0,600.0,2.9412360060555124e-07,1.5743285294438456e-07,3.2110564024170544e-08,1.0268302242267411e-07,2.26392664975399e-08,1.3659580898976033e-07,0.0,1.220286253071553e-15,8.432900174207059e-17,1.4276403972895594e-16
1,lbfgs,1549,250.0,600.0,2.693028622009056e-07,1.534555195558065e-07,3.6070103559773675e-08,9.674327507371464e-08,2.064214092231818e-08,1.1575240396211989e-07,0.0,1.459642345737286e-15,9.194230226097932e-17,9.529592637930875e-17
1,lbfgs,1559,250.0,600.0,1.0530054647306661e-06,6.794411823123969e-07,2.565590549479847e-07,3.1826284509317594e-07,1.0461928227123618e-07,3.7346934334167554e-07,0.0,3.6609841350355644e-14,1.2871348812666822e-15,1.1109887204736818e-15
1,lbfgs,1569,250.0,600.0,5.896187504295931e-07,3.3419366404654516e-07,1.2373474486018159e-07,1.6930645895027717e-07,4.1152460236086404e-08,2.5533014724827716e-07,0.0,1.819140010183468e-14,4.494707508976722e-16,3.4718042562342635e-16
1,lbfgs,1579,250.0,600.0,1.0371454038447746e-06,6.693661406003821e-07,2.52193401312694e-07,3.140114642870133e-07,1.0316127500067485e-07,3.676843241668597e-07,0.0,3.5883909385316936e-14,1.2650242990496033e-15,1.0930172578270334e-15
1,lbfgs,1589,250.0,600.0,5.830042153909719e-07,3.30352716931101e-07,1.2197589899465079e-07,1.6768764021143248e-07,4.0689177725017734e-08,2.52556559324735e-07,0.0,1.7868724608243366e-14,4.417096747847368e-16,3.414866773297232e-16
1,lbfgs,1599,250.0,600.0,1.0216626539870808e-06,6.595269676139468e-07,2.4793132667368767e-07,3.098592373825493e-07,1.0173640355770989e-07,3.620407472946738e-07,0.0,3.5175527543851126e-14,1.2434256977741861e-15,1.07545622350823e-15
1,lbfgs,1609,250.0,600.0,5.765462658182641e-07,3.26605111928928e-07,1.2025890264356566e-07,1.661082845511032e-07,4.023792473425911e-08,2.498462147538389e-07,0.0,1.7553535447136013e-14,4.3414128725338774e-16,3.359394018290305e-16
1,lbfgs,1619,250.0,600.0,1.006547979399327e-06,6.499179544846061e-07,2.437703019990923e-07,3.058037688963843e-07,1.0034388358912945e-07,3.565350858353448e-07,0.0,3.448425998296186e-14,1.222326779878024e-15,1.0582958598837481e-15
1,lbfgs,1629,250.0,600.0,5.702410996398365e-07,3.2294853992622546e-07,1.1858273624750854e-07,1.6456741300831591e-07,3.979839067040102e-08,2.471976205777563e-07,0.0,1.7245654026208694e-14,4.267607518918389e-16,3.3053483895434124e-16
1,lbfgs,1639,250.0,600.0,9.917923780631368e-07,6.405335360885817e-07,2.3970786211131246e-07,3.0184272369265594e-07,9.898295028461336e-08,3.511639028942748e-07,0.0,3.3809682032304344e-14,1.2017155565622573e-15,1.0415266531656724e-15
1,lbfgs,1649,250.0,600.0,5.640850095025682e-07,3.193807498332028e-07,1.1694640569256322e-07,1.6306407124129963e-07,3.937027289933996e-08,2.446093205331568e-07,0.0,1.6944906141781237e-14,4.195633546813065e-16,3.252693246506767e-16
1,lbfgs,1659,250.0,600.0,9.773870765377824e-07,6.313682878978317e-07,2.3574160428126646e-07,2.9797382565962904e-07,9.765285795693626e-08,3.4592384955877705e-07,0.0,3.3151379941473886e-14,1.181580341054065e-15,1.0251393281340975e-15
1,lbfgs,1669,250.0,600.0,5.580743808579697e-07,3.1589954738893526e-07,1.1534894179462648e-07,1.6159732901876796e-07,3.895327657554081e-08,2.4207989433247546e-07,0.0,1.665112189269245e-14,4.125445014427309e-16,3.2013928893046016e-16
1,lbfgs,1679,250.0,600.0,9.633235210075895e-07,6.224169204134539e-07,2.3186918578587109e-07,2.9419485536144193e-07,9.635287926614081e-08,3.4081166151207973e-07,0.0,3.250895045424424e-14,1.161909736548789e-15,1.0091248385066282e-15
1,lbfgs,1689,250.0,600.0,5.52205687904098e-07,3.1250279273235256e-07,1.1378939920910356e-07,1.60166279197778e-07,3.8547114325470965e-08,2.3960795603483996e-07,0.0,1.6364135489358423e-14,4.056997127953851e-16,3.1514125201146426e-16
1,lbfgs,1699,250.0,600.0,9.495933738870256e-07,6.136742771402332e-07,2.2808832298620295e-07,2.9050364919155975e-07,9.508230496247054e-08,3.358241576638654e-07,0.0,3.1882000638204974e-14,1.1426926319362143e-15,9.934743636626955e-16
1,lbfgs,1709,250.0,600.0,5.464754932703285e-07,3.091884001345515e-07,1.122668563450353e-07,1.5877003760082452e-07,3.815150618869168e-08,2.3719215399852823e-07,0.0,1.608378524534305e-14,3.9902462348078616e-16,3.1027182365776927e-16
1,lbfgs,1719,250.0,600.0,9.361885065951559e-07,6.051353301071391e-07,2.243967893558787e-07,2.868980974840071e-07,9.384044326725322e-08,3.309582374042294e-07,0.0,3.1270147539121276e-14,1.123918192118887e-15,9.781793009400883e-16
1,lbfgs,1729,250.0,600.0,5.408804445539868e-07,3.0595433591747815e-07,1.1078041443397169e-07,1.574077421393672e-07,3.776617934413927e-08,2.3483116949892024e-07,0.0,1.580991341485964e-14,3.925149780324639e-16,3.0552769984815332e-16
1,lbfgs,1739,250.0,600.0,9.231009955710414e-07,5.967951774610634e-07,2.2079241439847146e-07,2.8337614350479164e-07,9.262661955780027e-08,3.2621087902534097e-07,0.0,3.067301798471845e-14,1.1055758528905771e-15,9.63231261655842e-16
1,lbfgs,1749,250.0,600.0,5.354172728723241e-07,3.0279861753795496e-07,1.093291971413046e-07,1.5607855242129086e-07,3.739086797535951e-08,2.325237161964446e-07,0.0,1.5542366128765266e-14,3.8616662879511963e-16,3.0090566116809783e-16
1,lbfgs,1759,250.0,600.0,9.103231127063597e-07,5.886490374827948e-07,2.172730810314899e-07,2.7993578092662826e-07,9.144017552467658e-08,3.215791361380886e-07,0.0,3.0090248132940014e-14,1.087655307944631e-15,9.486220606776988e-16
1,lbfgs,1769,250.0,600.0,5.300827894562376e-07,2.99719311545784e-07,1.0791234965003533e-07,1.5478164889204233e-07,3.702531300370637e-08,2.3026853877219624e-07,0.0,1.5280993234312815e-14,3.799755316872131e-16,2.9640256955897254e-16
1,lbfgs,1779,250.0,600.0,8.9784732893122e-07,5.806922510107131e-07,2.1383672658052536e-07,2.7657505486509684e-07,9.028046956509089e-08,3.1706013883420186e-07,0.0,2.952148362304435e-14,1.0701465143539354e-15,9.343437211159584e-16
1,lbfgs,1789,250.0,600.0,5.248738848390747e-07,2.9671453303612394e-07,1.0652903844180694e-07,1.535162325958583e-07,3.666926199845873e-08,2.2806441266436397e-07,0.0,1.5025648261702975e-14,3.7393774496959447e-16,2.920153672661557e-16
1,lbfgs,1799,250.0,600.0,8.856662978120679e-07,5.729202710780294e-07,2.104813382860619e-07,2.732920574985127e-07,8.914687529345476e-08,3.1265108764691507e-07,0.0,2.896637881215477e-14,1.0530396699502257e-15,9.203884559961523e-16
1,lbfgs,1809,250.0,600.0,5.19787526559785e-07,2.9378244425210586e-07,1.0517845068074644e-07,1.5228152458425364e-07,3.63224689871058e-08,2.2591014316876608e-07,0.0,1.4776188317989363e-14,3.680494263065081e-16,2.877410745428194e-16
1,lbfgs,1819,250.0,600.0,8.737728604556026e-07,5.653286661777885e-07,2.072049546604078e-07,2.700849294603641e-07,8.803878205701665e-08,3.0834925518988237e-07,0.0,2.8424596987515985e-14,1.0363252206467272e-15,9.067486744515958e-16
1,lbfgs,1829,250.0,600.0,5.148207562924488e-07,2.9092125285872534e-07,1.0385979344094193e-07,1.510767651893187e-07,3.598469422846473e-08,2.2380456429448743e-07,0.0,1.4532473952202115e-14,3.623068291764159e-16,2.835767868887676e-16
1,lbfgs,1839,250.0,600.0,8.621600351316148e-07,5.579131137403875e-07,2.040056626452525e-07,2.669518570856693e-07,8.695559400946574e-08,3.041519823024973e-07,0.0,2.7895809879597697e-14,1.0199938462485956e-15,8.934169702887158e-16
1,lbfgs,1849,250.0,600.0,5.099706898830668e-07,2.881292118875675e-07,1.0257229371639372e-07,1.4990121398947466e-07,3.565570418169912e-08,2.2174653885594357e-07,0.0,1.429436916329991e-14,3.567063026338048e-16,2.7951967472829295e-16
1,lbfgs,1859,250.0,600.0,8.508210131031266e-07,5.506693975864449e-07,2.0088159647712244e-07,2.638910713409044e-07,8.589672976841805e-08,3.000566764271635e-07,0.0,2.737969746034417e-14,1.0040364549923696e-15,8.803861176933189e-16
1,lbfgs,1869,250.0,600.0,5.052345134572829e-07,2.854046174297941e-07,1.013151973745482e-07,1.487541488424616e-07,3.5335271212784313e-08,2.1973495688761657e-07,0.0,1.4061741214724902e-14,3.5124428656170693e-16,2.7556697981447324e-16
1,lbfgs,1879,250.0,600.0,8.397491562645612e-07,5.435934065310998e-07,1.9783093704657543e-07,2.6090084724188526e-07,8.486162224263911e-08,2.960608106431646e-07,0.0,2.687594782334516e-14,9.884441806195244e-16,8.676490690192585e-16
1,lbfgs,1889,250.0,600.0,5.006094828000528e-07,2.827458082073391e-07,1.00087768990437e-07,1.4763486569599734e-07,3.502317352090474e-08,2.177687354525281e-07,0.0,1.383446060995417e-14,3.459173106878146e-16,2.7171601437188033e-16
1,lbfgs,1899,250.0,600.0,8.289379928750887e-07,5.366811317666868e-07,1.9485191073498478e-07,2.579795027535958e-07,8.38497182781062e-08,2.9216192201733625e-07,0.0,2.6384256978391065e-14,9.732083767565787e-16,8.551989503568011e-16
1,lbfgs,1909,250.0,600.0,4.960929207315147e-07,2.8015116399920804e-07,9.888929114054434e-08,1.4654267792613525e-07,3.4719194932528466e-08,2.158468175918108e-07,0.0,1.361240096882119e-14,3.4072199131871603e-16,2.6796415858909447e-16
1,lbfgs,1919,250.0,600.0,8.183812100629678e-07,5.299286621721947e-07,1.9194278736294436e-07,2.551253968125226e-07,8.286047799672772e-08,2.883576087989481e-07,0.0,2.59043284982244e-14,9.583206067367497e-16,8.430290533591252e-16
1,lbfgs,1929,250.0,600.0,4.916822165790588e-07,2.7761910526721815e-07,9.771906426080856e-08,1.454769161713516e-07,3.4423124835057976e-08,2.1396817217103736e-07,0.0,1.3395439007055295e-14,3.3565503047125424e-16,2.6430885984970347e-16
1,lbfgs,1939,250.0,600.0,8.080726525433976e-07,5.23332183601939e-07,1.8910187984724114e-07,2.523369290329414e-07,8.189337472175644e-08,2.8464552984888385e-07,0.0,2.543587344990876e-14,9.437726421612906e-16,8.311328342320162e-16
1,lbfgs,1949,250.0,600.0,4.873748232651685e-07,2.7514809142229906e-07,9.657640586484211e-08,1.4443692760412704e-07,3.413475795332993e-08,2.121317927017618e-07,0.0,1.3183454398383977e-14,3.3071321228819456e-16,2.607476300014776e-16
1,lbfgs,1959,250.0,600.0,7.980063172589481e-07,5.168879755555937e-07,1.863275427346353e-07,2.4961253830517217e-07,8.094789451578624e-08,2.810234026100389e-07,0.0,2.4978610139907305e-14,9.29556455706146e-16,8.195039079992669e-16
1,lbfgs,1969,250.0,600.0,4.831682566935226e-07,2.7273662040394685e-07,9.546065037773086e-08,1.434220757469573e-07,3.3853894279258636e-08,2.1033669714816676e-07,0.0,1.2976329749433044e-14,3.2589340208658767e-16,2.572780445345617e-16
1,lbfgs,1979,250.0,600.0,7.881763514346378e-07,5.105924100407047e-07,1.8361817167582068e-07,2.4695070232241645e-07,8.002353604246764e-08,2.7748900229988615e-07,0.0,2.453226401572468e-14,9.156642187493214e-16,8.081360467220467e-16
1,lbfgs,1989,250.0,600.0,4.79060093277353e-07,2.703832272031678e-07,9.437114847271748e-08,1.4243173985090206e-07,3.358033887954828e-08,2.085819269324777e-07,0.0,1.2773950483101362e-14,3.2119254329435693e-16,2.538977402361932e-16
1,lbfgs,1999,250.0,600.0,7.785770453176224e-07,5.044419470135534e-07,1.809722014371031e-07,2.4434993565651577e-07,7.911980991993447e-08,2.740401592092998e-07,0.0,2.409656732527016e-14,9.020882914552856e-16,7.970231715127793e-16
1,lbfgs,2009,250.0,600.0,4.7504796908955457e-07,2.68086483311239e-07,9.330726684301564e-08,1.4146531465727364e-07,3.3313901810949716e-08,2.0686654663631263e-07,0.0,1.2576204801666945e-14,3.1660765623878477e-16,2.5060441418726335e-16
1,lbfgs,2019,250.0,600.0,7.692028303866991e-07,4.984331333336318e-07,1.7838810541583704e-07,2.418087893234633e-07,7.823623859433135e-08,2.706747579575849e-07,0.0,2.367125902610599e-14,8.88821220598036e-16,7.861593509061937e-16
1,lbfgs,2029,250.0,600.0,4.7112957844476177e-07,2.658449958449755e-07,9.226838781914263e-08,1.4052221002691867e-07,3.305439799891422e-08,2.0518964345749054e-07,0.0,1.2382983621554264e-14,3.121358362960182e-16,2.4739582229955286e-16
1,lbfgs,2039,250.0,600.0,7.60048278545881e-07,4.925626023496641e-07,1.7586439542479673e-07,2.3932585061731305e-07,7.737235630755436e-08,2.673907371000299e-07,0.0,2.325608473938982e-14,8.758557387806205e-16,7.755388003807855e-16
1,lbfgs,2049,250.0,600.0,4.673026714088779e-07,2.63657406065461e-07,9.125390870163096e-08,1.396018503170445e-07,3.280164704678554e-08,2.0355032620083118e-07,0.0,1.2194180455521931e-14,3.0777425082813676e-16,2.4426977698347924e-16
1,lbfgs,2059,250.0,600.0,7.511080921662355e-07,4.868270675936276e-07,1.7339961896261803e-07,2.3689974044362897e-07,7.652770818738058e-08,2.641860854757253e-07,0.0,2.285079628777019e-14,8.631847506486768e-16,7.65155871167618e-16
1,lbfgs,2069,250.0,600.0,4.635650540977372e-07,2.6152238948473447e-07,9.026324184016365e-08,1.3870367441651242e-07,3.2555473228058404e-08,2.0194772547012982e-07,0.0,1.2009691431621759e-14,3.035201392919397e-16,2.4122414710427384e-16
1,lbfgs,2079,250.0,600.0,7.42377106228088e-07,4.81223324259974e-07,1.7099235980930883e-07,2.345291139558137e-07,7.570185049485148e-08,2.610588428705442e-07,0.0,2.2455151784426852e-14,8.508013362777339e-16,7.550050531916559e-16
1,lbfgs,2089,250.0,600.0,4.5991458521350223e-07,2.5943865383403346e-07,8.929581370348412e-08,1.3782713489641665e-07,3.231570523413271e-08,2.0038099223631128e-07,0.0,1.1829415127152846e-14,2.9937080909106206e-16,2.3825685487627434e-16
1,lbfgs,2099,250.0,600.0,7.338502825597361e-07,4.757482455936149e-07,1.6864123644751796e-07,2.322126590321247e-07,7.489435011397225e-08,2.580070978678727e-07,0.0,2.206891536235268e-14,8.386987433289744e-16,7.450809687655953e-16
1,lbfgs,2109,250.0,600.0,4.5634917666940994e-07,2.5740493935753963e-07,8.83510650464832e-08,1.36971698122558e-07,3.2082176188498446e-08,1.98849298168431e-07,0.0,1.165325260349871e-14,2.9532363605799167e-16,2.3536587609175004e-16
1,lbfgs,2119,250.0,600.0,7.255227071876649e-07,4.703987812786985e-07,1.663449013408579e-07,2.299490956000025e-07,7.410478433783808e-08,2.5502898681004773e-07,0.0,2.1691857045922386e-14,8.268703836087696e-16,7.353783699018404e-16
1,lbfgs,2129,250.0,600.0,4.528667904198813e-07,2.554200169540316e-07,8.74284500597026e-08,1.361368434783903e-07,3.185472341593868e-08,1.9735183432213117e-07,0.0,1.148110725406785e-14,2.9137606065984155e-16,2.3254923728000665e-16
1,lbfgs,2139,250.0,600.0,7.173895882657651e-07,4.651719562007915e-07,1.6410204037066713e-07,2.2773717511976055e-07,7.333274071036382e-08,2.5212269296539297e-07,0.0,2.1323752648631442e-14,8.153098304571845e-16,7.258921363082753e-16
1,lbfgs,2149,250.0,600.0,4.494654393773143e-07,2.5348268863723567e-07,8.652743661426036e-08,1.3532206354695667e-07,3.1633188476018636e-08,1.958878115960835e-07,0.0,1.1312884853618555e-14,2.8752558881488797e-16,2.298050161772664e-16
2,adam,0,600.0,1090.0,0.012389655342049478,0.009292241437508581,0.007621189495878171,0.0007551311271118902,0.0009159208145185193,0.003097413812502859,0.0,2.730110300065127e-09,6.819211599183695e-12,2.413660332563119e-11
2,adam,24,600.0,1090.0,0.0017940082119013293,0.0013056621188821107,0.00015307540439798411,0.00017124579893860916,0.0009813409155455175,0.0004883460006982564,0.0,1.9406430180100357e-10,1.635810538423167e-12,2.8646557649132602e-11
2,adam,49,600.0,1090.0,0.00067756453183299,0.0005174007381545773,3.0897927122509535e-05,0.00022344210331993395,0.00026306070771213387,0.00016016369996473285,0.0,5.4750306222763714e-11,3.401392793608609e-12,1.227948913380406e-11
2,adam,74,600.0,1090.0,0.00018016764474123093,0.00010646841576766282,2.395271653873888e-06,5.939821188098796e-05,4.467493223280098e-05,7.369913387844454e-05,0.0,5.771253640464975e-12,1.147675588044766e-12,2.6332649055755762e-12
2,adam,99,600.0,1090.0,9.697862829115468e-05,5.661256022975402e-05,9.9094771124146e-07,3.300855404351298e-05,2.261305847499958e-05,4.036597246136746e-05,0.0,1.8586821892722784e-12,1.4164189033364006e-12,1.3158425722601676e-12
2,adam,124,600.0,1090.0,4.1658281942635105e-05,1.792652335826898e-05,6.637583911696963e-07,8.619141879712682e-06,8.643623087386598e-06,2.3731662442594584e-05,0.0,1.573775849611454e-12,1.2382894174178113e-13,6.973879406378051e-13
2,adam,149,600.0,1090.0,2.5098734253732352e-05,1.1005570061037809e-05,3.970810890461728e-07,5.15114278230153e-06,5.457346189690106e-06,1.409306760089032e-05,0.0,9.642937982886357e-13,1.0297549285495631e-13,4.3393807859671193e-13
2,adam,174,600.0,1090.0,1.907884275118893e-05,9.632892963192978e-06,2.6525699687399484e-07,3.972460189144203e-06,5.395175777174779e-06,9.445852917098819e-06,0.0,7.645503459944633e-13,9.155921834721809e-14,4.413172062295726e-13
2,adam,199,600.0,1090.0,1.5544538915835154e-05,8.316355564411566e-06,1.8700177396932986e-07,3.3444431156092114e-06,4.784910674833025e-06,7.228086298474817e-06,0.0,5.80017625424242e-13,7.68184937522366e-14,3.788660036355079e-13
2,adam,224,600.0,1090.0,0.00014417330775071078,0.00010040308832228375,5.492506118329852e-06,5.419157266223367e-05,4.071900954172023e-05,4.377012249562065e-05,0.0,2.585405090482812e-11,3.0377455164241746e-12,6.880753338388451e-12
2,adam,249,600.0,1090.0,1.3509209377602113e-05,7.373474141746136e-06,6.153491848069125e-07,3.679589544100071e-06,3.078535412839153e-06,6.135638181456622e-06,0.0,2.39880835660834e-12,1.233024066654558e-13,3.429898882320766e-13
2,adam,274,600.0,1090.0,8.333696430864393e-06,4.5683507455719816e-06,1.5413849318700903e-07,2.4542277062200148e-06,1.9599845461649583e-06,3.7652484465681166e-06,0.0,5.528090494799994e-13,6.711306702636696e-14,1.6429207404394088e-13
2,adam,299,600.0,1090.0,5.790439544014104e-06,3.2279350498564405e-06,1.2585956928279475e-07,1.433303496817273e-06,1.6687719837563726e-06,2.5624071115571176e-06,0.0,4.760075085110403e-13,3.163000115452268e-14,1.2453584745049424e-13
2,adam,324,600.0,1090.0,4.1488117474862794e-06,2.3466970535731035e-06,1.0350971498082559e-07,1.0929177448244764e-06,1.1502695937678014e-06,1.8020171711044675e-06,0.0,4.2963771854465476e-13,2.3791605210070236e-14,8.955247237407964e-14
2,adam,349,600.0,1090.0,2.8515546064112356e-06,1.666655638390222e-06,8.659964651704067e-08,8.04396095495141e-07,7.756598963780404e-07,1.1848013074719768e-06,0.0,3.9931264207573873e-13,1.800424181614374e-14,6.483124262191328e-14
2,adam,374,600.0,1090.0,1.867726608325379e-06,1.1480196807101949e-06,7.228151312477599e-08,5.646078937557563e-07,5.111302738296627e-07,7.196091381951947e-07,0.0,3.7005466650127456e-13,1.324184208084145e-14,4.672066101493041e-14
2,adam,399,600.0,1090.0,1.2327467512684763e-06,8.208237459330102e-07,6.272129308987671e-08,4.084455133115232e-07,3.4965693953161025e-07,4.118251011669539e-07,0.0,3.4864880338125337e-13,1.1501746010412045e-14,3.519840255575633e-14
2,adam,424,600.0,1090.0,2.6213851454596344e-05,1.897484344077209e-05,3.384313598283062e-06,1.2605372754418046e-05,2.985157088070986e-06,7.2389103381036915e-06,0.0,1.2411716479248211e-11,6.213885325524422e-13,6.581675436371814e-13
2,adam,449,600.0,1090.0,8.308797712352497e-06,6.04789020030038e-06,5.861038518463732e-07,4.2833767770693215e-06,1.1784095713846854e-06,2.2608098483850325e-06,0.0,2.4579201281846617e-12,2.4605283209792593e-13,2.2800409754153176e-13
2,adam,474,600.0,1090.0,5.971691652641198e-07,5.518444307661629e-07,4.7066352419296555e-08,3.1612539524246735e-07,1.8865268310439893e-07,4.5227010675436475e-08,0.0,2.907746384474148e-13,1.123635645581664e-14,2.3466480201032975e-14
2,adam,499,600.0,1090.0,4.395047656191721e-07,3.8370599101061396e-07,2.8415473149263152e-08,2.2225248758505848e-07,1.3303803027629233e-07,5.5701032289785715e-08,0.0,1.841309969962547e-13,7.082366731769844e-15,1.6249337946991535e-14
2,adam,524,600.0,1090.0,3.0700796395973456e-07,2.872586832471035e-07,2.0456636388639226e-08,1.578230054877968e-07,1.0897904137066748e-07,1.9651511268040088e-08,0.0,1.2947845920921644e-13,4.394826642250354e-15,1.2956838420428966e-14
2,adam,549,600.0,1090.0,2.494935608242442e-07,2.367909504436224e-07,1.5450028738255783e-08,1.2978413701240574e-07,9.15567846929609e-08,1.2604821692202124e-08,0.0,9.785954246487704e-14,3.627445788824046e-15,1.072232818529109e-14
2,adam,574,600.0,1090.0,2.0940176543698968e-07,1.989411185801447e-07,1.2035207859327205e-08,1.0951475285212482e-07,7.739115786869269e-08,1.0362843073248985e-08,0.0,7.38943213673714e-14,3.0889358861246072e-15,8.689276208679514e-15
2,adam,599,600.0,1090.0,1.783682777023206e-07,1.6927116282277616e-07,9.73072329706784e-09,9.359760898046489e-08,6.594283054524342e-08,8.999299342047569e-09,0.0,5.66746943219276e-14,2.6677583794383394e-15,7.116675861381167e-15
2,adam,624,600.0,1090.0,8.850879004120346e-07,6.794735113547001e-07,1.8568785870516248e-08,5.162786218425974e-07,1.4462610364158637e-07,2.0551656432410057e-07,0.0,1.0781734744378618e-13,2.904945926968736e-14,2.290887355962412e-14
2,adam,649,600.0,1090.0,2.3421654856019417e-06,2.2079183284769813e-06,3.056803122438196e-07,8.809676799466497e-07,1.0212703362865121e-06,1.341494413751385e-07,0.0,1.6135604818642251e-12,4.3354261297948784e-14,1.256677274547904e-13
2,adam,674,600.0,1090.0,2.478478244590856e-06,1.910772282808311e-06,1.1892940816132755e-07,1.4006410457378943e-06,3.91201828909089e-07,5.676082412489162e-07,0.0,8.157829368336939e-13,8.872722755019681e-14,7.363781909575284e-14
2,adam,699,600.0,1090.0,7.280558858961436e-07,5.90336160256882e-07,2.531700000361343e-08,4.0222443338925664e-07,1.6279472686401186e-07,1.3762202321570447e-07,0.0,1.2793530934935442e-13,2.1990330446854794e-14,2.427305269334321e-14
2,adam,724,600.0,1090.0,1.7075850464608047e-07,1.5259762850838417e-07,7.594867838345966e-09,8.90809953396402e-08,5.5921765330398e-08,1.806317346656023e-08,0.0,3.5905205738647113e-14,2.5591409233907126e-15,4.960631303004025e-15
2,adam,749,600.0,1090.0,1.6871757925703481e-06,1.2491563676430895e-06,3.098412034147751e-08,9.84449515293913e-07,2.3372273200769907e-07,4.379217205853609e-07,0.0,1.820127521043108e-13,5.765300177586288e-14,4.080077763979808e-14
2,adam,774,600.0,1090.0,3.6860955554587173e-06,3.0500191899297267e-06,1.5532679211931998e-07,1.9933055403190077e-06,9.013868574913991e-07,6.359787198980061e-07,0.0,9.924446084351803e-13,1.2476386125022776e-13,1.2943436732168244e-13
2,adam,799,600.0,1090.0,6.638070516791844e-06,4.829569086872973e-06,1.3416575853486545e-07,3.990437903657524e-06,7.049654246805835e-07,1.8084037807360092e-06,0.0,8.305852357936009e-13,2.429194009503602e-13,1.2574303565009658e-13
2,adam,824,600.0,1090.0,8.705341436536584e-07,6.776409950424214e-07,3.0810968935597164e-08,4.918175441686554e-07,1.5501248193816875e-07,1.927955107408668e-07,0.0,1.777545521664802e-13,2.8649393368251654e-14,2.4252120913320886e-14
2,adam,849,600.0,1090.0,1.478324584088566e-07,1.2694439569709557e-07,6.5044029305110235e-09,7.494268858436802e-08,4.549730418221652e-08,2.07904222906926e-08,0.0,2.8069974273492057e-14,2.3922793549090057e-15,4.01906815040656e-15
2,adam,874,600.0,1090.0,8.686899716146029e-05,6.708335147429226e-05,5.072433945258708e-06,5.7371683202454215e-05,4.639234326579343e-06,1.9785548137347744e-05,0.0,3.250149949737522e-11,3.0723238197464836e-12,8.867242154586669e-13
2,adam,899,600.0,1090.0,2.67488093582208e-06,2.2261241590209736e-06,2.1141280777238394e-07,1.5869302590924873e-06,4.277810921561026e-07,4.4865924757963366e-07,0.0,4.290679408340503e-13,9.835088592899401e-14,7.354630298013796e-14
2,adam,924,600.0,1090.0,7.511821444210474e-07,6.132907194202211e-07,2.982299841608261e-08,4.222107121710631e-07,1.6125700883307538e-07,1.3779391129005716e-07,0.0,1.3067597448864774e-13,2.2646608870790347e-14,2.5071337029761835e-14
2,adam,949,600.0,1090.0,2.542324448141832e-07,1.9922371996064113e-07,7.2471351038572875e-09,1.3597227173107009e-07,5.6004313125713785e-08,5.491121037275172e-08,0.0,3.5189789106255133e-14,5.573253562162e-15,5.534772395152202e-15
2,adam,974,600.0,1090.0,4.13397725363504e-07,3.0820450535499003e-07,1.0442290867094067e-08,2.2350611038046083e-07,7.425610410743511e-08,1.0509570230737398e-07,0.0,5.581252321947412e-14,1.1448082183097583e-14,9.795674374074016e-15
2,adam,999,600.0,1090.0,5.13961309320582e-05,3.7892142013890674e-05,1.354126608585668e-06,3.073090319721068e-05,5.807112208094325e-06,1.3503891446565819e-05,0.0,7.952177353092333e-12,1.7873455400973733e-12,1.1797636512442203e-12
2,adam,1024,600.0,1090.0,2.2323741564709092e-07,1.9405730336514742e-07,3.4126156299548934e-08,9.976039187768439e-08,6.01707551879141e-08,2.9082646474911448e-08,0.0,1.66518342477162e-13,4.39627146093936e-15,5.917654254151281e-15
2,adam,1049,600.0,1090.0,1.3661927131952283e-06,1.019162690537224e-06,3.206304941890484e-08,8.170933603234298e-07,1.7000628079488934e-07,3.4693256680080204e-07,0.0,1.9300215889939293e-13,4.6061864018517166e-14,2.8130070290758266e-14
2,adam,1074,600.0,1090.0,9.571731208960124e-06,7.082823789023122e-06,2.2394773866514855e-07,5.4782782964014e-06,1.3805977539565735e-06,2.4888099605926723e-06,0.0,1.36232986574925e-12,3.39242117407173e-13,2.637171027977081e-13
2,adam,1099,600.0,1090.0,1.8246737222575383e-05,1.4058333195893587e-05,8.412835718506917e-07,1.2099760938807738e-05,1.1172886852351577e-06,4.188306636691328e-06,0.0,6.2067046913487745e-12,6.646313322226103e-13,2.138873538797261e-13
2,adam,1124,600.0,1090.0,3.752757030086657e-06,2.8383091809353635e-06,1.307951017212586e-07,2.2299772931438206e-06,4.775367860702842e-07,9.143504469057061e-07,0.0,9.551802171687117e-13,1.3883784337913822e-13,8.755876710510123e-14
2,adam,1149,600.0,1090.0,1.2130726949056385e-07,1.1097989976368043e-07,6.697877982229343e-09,6.022969461317097e-08,4.405232716828011e-08,1.0229974918337231e-08,0.0,2.877865571208352e-14,1.813521117555981e-15,3.772156479000583e-15
2,adam,1174,600.0,1090.0,3.0318815692977173e-05,2.2050865391602387e-05,6.788599642647083e-07,1.6887867052646975e-05,4.484138374690702e-06,8.26785290590767e-06,0.0,4.303914911125861e-12,1.0544636436465136e-12,8.644715160710118e-13
2,adam,1199,600.0,1090.0,7.598064715560868e-06,5.388773808176684e-06,1.0022100612516294e-07,4.533454394775592e-06,7.550984072759294e-07,2.2091935778921928e-06,0.0,2.395813570657268e-13,2.6194619695708706e-13,1.57166911507981e-13
2,adam,1224,600.0,1090.0,1.829958365783705e-05,1.3339911637722708e-05,4.0841857453403264e-07,1.0043726263551467e-05,2.8877667996372086e-06,4.959574695237514e-06,0.0,2.447819049844403e-12,6.398006198416404e-13,5.676762670224982e-13
2,adam,1249,600.0,1090.0,6.5441024452041816e-06,4.533013948649855e-06,1.3967820155423245e-07,3.5425772507847286e-06,8.507584963108942e-07,2.010991178946015e-06,0.0,8.033429914533869e-13,2.181294568058706e-13,1.6860051392774782e-13
2,adam,1274,600.0,1090.0,1.7891474452074967e-05,1.3609593654512787e-05,4.5482913162303924e-07,1.1925767039219236e-05,1.2289974836705116e-06,4.281783498035482e-06,0.0,2.9108425421339393e-12,7.015704247775334e-13,2.280201628426479e-13
2,adam,1299,600.0,1090.0,3.10464024207953e-05,2.4089692238440282e-05,4.1826634077973307e-07,1.973753794906774e-05,3.933887948592808e-06,6.956612887936511e-06,0.0,2.570980971515138e-12,1.2586733740307845e-12,7.537240130362024e-13
2,adam,1324,600.0,1090.0,4.941722194244406e-06,3.574095157550785e-06,7.344354627671782e-08,2.9640725206520853e-06,5.365790906219822e-07,1.3675297672255658e-06,0.0,2.550633706612422e-13,1.7954745312008972e-13,1.038598924387177e-13
2,adam,1349,600.0,1090.0,1.900177544656021e-07,1.435438449777271e-07,6.511594839062946e-09,7.840921818554811e-08,5.862303195311604e-08,4.6376638021181775e-08,0.0,3.1109598008721434e-14,2.912980820427762e-15,6.580711405911515e-15
2,adam,1374,600.0,1090.0,3.5972742880205214e-05,2.685295891968692e-05,8.343895372995562e-07,2.2681123753599872e-05,3.337445628787492e-06,9.119686696381087e-06,0.0,4.900562446869439e-12,1.3540336221558058e-12,6.407361883169179e-13
2,adam,1399,600.0,1090.0,9.26985480088176e-06,7.790495869716458e-06,1.4497078822654728e-07,6.075052125598399e-06,1.570472955891512e-06,1.4792617179257627e-06,0.0,6.803288490877517e-13,3.733875907191077e-13,2.7670738161959014e-13
2,lbfgs,1400,600.0,1090.0,3.7713077258344297e-06,2.2925340745270982e-06,5.079492165733068e-07,1.1313947796239637e-06,6.531900783298276e-07,1.4786764403534391e-06,0.0,4.10705553797467e-12,6.547407355722075e-14,1.5335621229255558e-13
2,lbfgs,1409,600.0,1090.0,8.078164346367742e-07,4.7359734409876156e-07,2.6682247465906763e-07,8.413340875856595e-08,1.2264146068112799e-07,3.341218796343978e-07,0.0,2.0339939003612184e-12,1.5713293795543123e-15,2.3338102324502297e-14
2,lbfgs,1419,600.0,1090.0,4.894592696265921e-07,3.8556782833674476e-07,1.4883231520944673e-07,1.821402952975097e-07,5.45952178297883e-08,1.0379423039240913e-07,0.0,8.785062188338732e-13,8.783522319325011e-15,5.01362371032568e-15
2,lbfgs,1429,600.0,1090.0,2.3285075524588777e-07,2.049133831840955e-07,5.235288970328764e-08,9.659620667369153e-08,5.5964286807116363e-08,2.784016115117278e-08,0.0,1.869291389593059e-13,3.230659422266314e-15,5.8116905970208994e-15
2,lbfgs,1439,600.0,1090.0,1.8983251748670015e-07,1.6812702921918352e-07,1.8779440028486665e-08,8.119941248865881e-08,6.814817670203803e-08,2.160827736583949e-08,0.0,7.448247327055891e-14,2.2062200990514336e-15,6.234956055740882e-15
2,lbfgs,1449,600.0,1090.0,1.6029208355061745e-07,1.4655358306623054e-07,1.6438797468481695e-08,5.981744954040439e-08,7.029733605734447e-08,1.3641289305688927e-08,0.0,8.00504237337367e-14,1.520573184648927e-15,7.472935575074523e-15
2,lbfgs,1459,600.0,1090.0,1.5485727816557482e-07,1.4276997910513974e-07,1.543647098950692e-08,5.500960618786435e-08,7.232390192776847e-08,1.199008784381429e-08,0.0,7.322589289438457e-14,1.5303195769712023e-15,7.212797465109292e-15
2,lbfgs,1469,600.0,1090.0,1.5437678904609983e-07,1.42359912939013e-07,1.541676111810295e-08,5.477714265826121e-08,7.216600916264883e-08,1.1919664887242753e-08,0.0,7.326836799986799e-14,1.522180808075046e-15,7.206519167067967e-15
2,lbfgs,1479,600.0,1090.0,1.537671971435375e-07,1.4185360372996236e-07,1.540979617324724e-08,5.441330164658405e-08,7.203050591013106e-08,1.1816382188227126e-08,0.0,7.348064512076438e-14,1.5091202102184708e-15,7.217040648607101e-15
2,lbfgs,1489,600.0,1090.0,1.5329553066253775e-07,1.4142665222280074e-07,1.5338193756246368e-08,5.430294374645334e-08,7.178551472010103e-08,1.1771667213631236e-08,0.0,7.305285271564447e-14,1.5109755511035322e-15,7.162039270788197e-15
2,lbfgs,1499,600.0,1090.0,1.5269671604866438e-07,1.4087090415773804e-07,1.522968319068439e-08,5.421798445978518e-08,7.142323650726847e-08,1.1728600664960962e-08,0.0,7.235907778344527e-14,1.5159773279693116e-15,7.076782795234965e-15
2,lbfgs,1509,600.0,1090.0,1.522335313222668e-07,1.4047122152516786e-07,1.5208824376173553e-08,5.400513064083548e-08,7.125726650815881e-08,1.1665098568260915e-08,0.0,7.23908996857985e-14,1.507945748469288e-15,7.068222404601254e-15
2,lbfgs,1519,600.0,1090.0,1.516452351374448e-07,1.3997351387525522e-07,1.5197327665020713e-08,5.3684703666715596e-08,7.109148254351893e-08,1.1574510028651581e-08,0.0,7.257002663311518e-14,1.4953052613977847e-15,7.071807466194982e-15
2,lbfgs,1529,600.0,1090.0,1.5119023149049035e-07,1.3956306701836396e-07,1.512926980609313e-08,5.3565672890357696e-08,7.086812432191312e-08,1.152995323762102e-08,0.0,7.21572490812744e-14,1.496873744088403e-15,7.021106875408078e-15
2,lbfgs,1539,600.0,1090.0,1.5061219447324328e-07,1.3903140537058055e-07,1.5027960813063625e-08,5.3455093731058775e-08,7.054835082645815e-08,1.1483577867731486e-08,0.0,7.150025808413909e-14,1.5012925992307245e-15,6.944349952502044e-15
2,lbfgs,1549,600.0,1090.0,1.5016510200642522e-07,1.3864206385473668e-07,1.500665056747986e-08,5.325678848291715e-08,7.037862480433966e-08,1.1425826914145259e-08,0.0,7.152460582225484e-14,1.49334333358351e-15,6.9344459721526535e-15
2,lbfgs,1559,600.0,1090.0,1.495970685776179e-07,1.381543491858282e-07,1.4992405690950315e-08,5.2967768646614576e-08,7.019417484826331e-08,1.1345508150132813e-08,0.0,7.167907607856032e-14,1.481024871869763e-15,6.933533331212922e-15
2,lbfgs,1569,600.0,1090.0,1.4915764130859185e-07,1.3775881500086408e-07,1.4927236084769894e-08,5.284394233377429e-08,6.99876365823199e-08,1.1301615064966538e-08,0.0,7.127867455413101e-14,1.482374501292305e-15,6.886154058381741e-15
2,lbfgs,1579,600.0,1090.0,1.4859936112830916e-07,1.372485876131077e-07,1.4831572574166979e-08,5.271713878510948e-08,6.969987625383123e-08,1.1253562271626958e-08,0.0,7.065110700175738e-14,1.486348705827648e-15,6.815759890682637e-15
2,lbfgs,1589,600.0,1090.0,1.4816737222393913e-07,1.3686949975161396e-07,1.481031407662611e-08,5.252996578664655e-08,6.952921988834129e-08,1.1200661226335467e-08,0.0,7.06708670238408e-14,1.4784656694541403e-15,6.805128033021201e-15
2,lbfgs,1599,600.0,1090.0,1.4761860184673723e-07,1.3639265879773603e-07,1.4794599876742609e-08,5.2264195358975974e-08,6.933386356201743e-08,1.1128731799330416e-08,0.0,7.08080738687381e-14,1.4663981099959794e-15,6.801338188148884e-15
2,lbfgs,1609,600.0,1090.0,1.4719384002145803e-07,1.360107682943711e-07,1.4731836170883909e-08,5.213816396655964e-08,6.914076815692753e-08,1.108586047622564e-08,0.0,7.041774585752689e-14,1.4675830825191308e-15,6.756602646602923e-15
2,lbfgs,1619,600.0,1090.0,1.466543431548071e-07,1.3551983843308144e-07,1.4640672779277734e-08,5.200147794268422e-08,6.887768771111949e-08,1.1037293469789565e-08,0.0,6.981335597118947e-14,1.4712212699593325e-15,6.6910983199353376e-15
2,lbfgs,1629,600.0,1090.0,1.4623661008921925e-07,1.35150858178555e-07,1.4619826300366759e-08,5.182308817334649e-08,6.870794370484175e-08,1.0988540656464332e-08,0.0,6.983095383399658e-14,1.4633941650437137e-15,6.680144131696357e-15
2,lbfgs,1639,600.0,1090.0,1.4570615817120731e-07,1.346853994621357e-07,1.4603557401891624e-08,5.1574944240468384e-08,6.850689781977571e-08,1.0923547451513638e-08,0.0,6.995696073609725e-14,1.4515257662856854e-15,6.67456363185663e-15
2,lbfgs,1649,600.0,1090.0,1.4529526650029817e-07,1.3431611789568998e-07,1.4542841161114212e-08,5.144844923017056e-08,6.832482750440521e-08,1.0881937345809257e-08,0.0,6.95748133609168e-14,1.4525894918162028e-15,6.6319933764860555e-15
2,lbfgs,1659,600.0,1090.0,1.4477363845383968e-07,1.3384275746546364e-07,1.4455330618549106e-08,5.130620390302669e-08,6.808122294388784e-08,1.0833669728329783e-08,0.0,6.89885490171234e-14,1.4559775247178869e-15,6.5703476133514775e-15
2,lbfgs,1669,600.0,1090.0,1.443694102701932e-07,1.3348368613805926e-07,1.4435151395405793e-08,5.1134954137646374e-08,6.791358060500711e-08,1.0788512869942609e-08,0.0,6.90059344904715e-14,1.4481999449775336e-15,6.559338241420665e-15
2,lbfgs,1679,600.0,1090.0,1.4385639260450233e-07,1.330298489673023e-07,1.4418979524571458e-08,5.090050888905445e-08,6.771036055367638e-08,1.0729332371895258e-08,0.0,6.912554278441263e-14,1.4364930544806213e-15,6.5527003035920246e-15
2,lbfgs,1689,600.0,1090.0,1.4345865826769562e-07,1.3267231536020988e-07,1.4360040683214797e-08,5.0774723951476025e-08,6.753755072551906e-08,1.0689131640914667e-08,0.0,6.87500690917933e-14,1.4374704319491658e-15,6.5119506369419116e-15
2,lbfgs,1699,600.0,1090.0,1.4295404466620901e-07,1.322151145643244e-07,1.4275551934345165e-08,5.0629886824959554e-08,6.730967580501969e-08,1.0641718833956565e-08,0.0,6.817795539938526e-14,1.4406764260929207e-15,6.45343027494697e-15
2,lbfgs,1709,600.0,1090.0,1.4256264187264513e-07,1.318657126234272e-07,1.4256218171859991e-08,5.0464608429331967e-08,6.714488602223522e-08,1.0599717979239957e-08,0.0,6.81966524335686e-14,1.432944590558227e-15,6.442540802439041e-15
2,lbfgs,1719,600.0,1090.0,1.4206623309219434e-07,1.314235438859947e-07,1.4240605276958515e-08,5.024108374178207e-08,6.694185486725412e-08,1.054547793329661e-08,0.0,6.831358074761336e-14,1.4213718523318396e-15,6.435341976389163e-15
2,lbfgs,1729,600.0,1090.0,1.4168100613131963e-07,1.310770282857967e-07,1.4183236894682545e-08,5.0116798010699244e-08,6.677699338041489e-08,1.0506766571345815e-08,0.0,6.794360061222714e-14,1.4222910126524315e-15,6.396159526500765e-15
2,lbfgs,1739,600.0,1090.0,1.4119260956596295e-07,1.3063482299451723e-07,1.4101295600286115e-08,4.9971413556687854e-08,6.656211383754328e-08,1.0460575295846603e-08,0.0,6.738255915570393e-14,1.4253691368255301e-15,6.340235359732378e-15
2,lbfgs,1749,600.0,1090.0,1.4081340870055705e-07,1.3029482214682803e-07,1.4082929169303837e-08,4.9811261710407084e-08,6.640063126711712e-08,1.0421375276157884e-08,0.0,6.740373651493857e-14,1.417681011655302e-15,6.329579116008636e-15
2,lbfgs,1759,600.0,1090.0,1.4033283820411306e-07,1.2986423331507638e-07,1.40682002221817e-08,4.959666914726895e-08,6.619936394562573e-08,1.0371393608688125e-08,0.0,6.752082348480245e-14,1.4062225967426475e-15,6.322155796160091e-15
2,lbfgs,1769,600.0,1090.0,1.399595191820764e-07,1.2952810593247658e-07,1.4012240553312904e-08,4.947440834385191e-08,6.604145703531175e-08,1.0334201967981706e-08,0.0,6.715541803904539e-14,1.4071062587128101e-15,6.284350508858993e-15
2,lbfgs,1779,600.0,1090.0,1.3948659466410294e-07,1.2909992098597106e-07,1.3932485919208485e-08,4.9329885096231564e-08,6.5837549970531e-08,1.0289462395058326e-08,0.0,6.660308266892522e-14,1.4100996693683853e-15,6.230634592430881e-15
2,lbfgs,1789,600.0,1090.0,1.3911901827672085e-07,1.287690346508464e-07,1.3915167625970501e-08,4.9174238733139386e-08,6.567962829173652e-08,1.0252772340894133e-08,0.0,6.662762462511144e-14,1.4024543465864284e-15,6.220283223015187e-15
2,lbfgs,1799,600.0,1090.0,1.3865356550503188e-07,1.2834984380492582e-07,1.390154876599966e-08,4.896713832700952e-08,6.548115671191665e-08,1.0206510412466357e-08,0.0,6.674701640985612e-14,1.3910959074742583e-15,6.21286251913931e-15
2,lbfgs,1809,600.0,1090.0,1.3829159725234408e-07,1.2802355243898544e-07,1.3846868517396441e-08,4.884724602463331e-08,6.532943789695567e-08,1.0170833524462486e-08,0.0,6.638546827962493e-14,1.3919624449846064e-15,6.176288868266458e-15
2,lbfgs,1819,600.0,1090.0,1.378334474991251e-07,1.2760855819339755e-07,1.376902202943593e-08,4.8704550048161844e-08,6.513498611579978e-08,1.0127678015364767e-08,0.0,6.584002242485987e-14,1.3949055809621806e-15,6.124492203078404e-15
2,lbfgs,1829,600.0,1090.0,1.3747695725505007e-07,1.27286489836035e-07,1.3752802851812303e-08,4.855294442245872e-08,6.498074256176399e-08,1.0093256126801426e-08,0.0,6.58685910786684e-14,1.387302836252586e-15,6.114489104302024e-15
2,lbfgs,1839,600.0,1090.0,1.37025947103582e-07,1.2687845240206929e-07,1.3740448951389964e-08,4.835228083047043e-08,6.47857226202089e-08,1.0050283406736046e-08,0.0,6.599190004879907e-14,1.3760339877552904e-15,6.107223072798883e-15
2,lbfgs,1849,600.0,1090.0,1.366748088780821e-07,1.265615057854462e-07,1.3686942222521088e-08,4.8234973702612397e-08,6.463958986031272e-08,1.0016091796621802e-08,0.0,6.563364353090275e-14,1.37689827660749e-15,6.071767271048137e-15
2,lbfgs,1859,600.0,1090.0,1.3623077992104522e-07,1.2615898519231289e-07,1.3610785046375677e-08,4.809476076319797e-08,6.445343938273924e-08,9.974583431256202e-09,0.0,6.509368640658754e-14,1.3798186655727385e-15,6.021670894589248e-15
2,lbfgs,1869,600.0,1090.0,1.358848715924387e-07,1.2584543463697914e-07,1.3595694383242571e-08,4.7946841392151967e-08,6.430289886158461e-08,9.942225656181376e-09,0.0,6.51267732111092e-14,1.3722586450341028e-15,6.012040290445451e-15
2,lbfgs,1879,600.0,1090.0,1.3544767025171586e-07,1.254482656900428e-07,1.3584708977693361e-08,4.775183126120224e-08,6.411172545114722e-08,9.902193259912184e-09,0.0,6.525520585726907e-14,1.3610718354293134e-15,6.0050292062762766e-15
2,lbfgs,1889,600.0,1090.0,1.3510687339278936e-07,1.2514022111982989e-07,1.353228681556402e-08,4.763723709501621e-08,6.397069720924967e-08,9.869440969984247e-09,0.0,6.48997874190604e-14,1.3619459288728478e-15,5.970600386872901e-15
2,lbfgs,1899,600.0,1090.0,1.346763506653461e-07,1.2474954496209834e-07,1.3457643486837827e-08,4.749994403293872e-08,6.379195744232179e-08,9.829594398826109e-09,0.0,6.436422849840953e-14,1.3648656142803189e-15,5.922035408873917e-15
2,lbfgs,1909,600.0,1090.0,1.343405503198825e-07,1.244442130030029e-07,1.3443695203848206e-08,4.7355434880876085e-08,6.364508291827861e-08,9.79912601069935e-09,0.0,6.440219530109769e-14,1.3573486157090559e-15,5.912788529990446e-15
2,lbfgs,1919,600.0,1090.0,1.3391656161271032e-07,1.2405760331367232e-07,1.3434144909739864e-08,4.716548861109575e-08,6.34579697928367e-08,9.761746990443541e-09,0.0,6.453665234484808e-14,1.3462382903004054e-15,5.906096843410279e-15
2,lbfgs,1929,600.0,1090.0,1.3358564616589548e-07,1.23758057408445e-07,1.338273072199364e-08,4.7053672737897365e-08,6.332165394855398e-08,9.73037744766739e-09,0.0,6.418370028872199e-14,1.3471319598811941e-15,5.872620908835129e-15
2,lbfgs,1939,600.0,1090.0,1.3316805108336797e-07,1.2337866573990944e-07,1.330945739068951e-08,4.691958127773082e-08,6.31496270714891e-08,9.69217403225223e-09,0.0,6.365167825910538e-14,1.3500686298669424e-15,5.825454592691286e-15
2,lbfgs,1949,600.0,1090.0,1.3284191206831574e-07,1.2308125740161196e-07,1.329665424633865e-08,4.677826256805361e-08,6.30063405872197e-08,9.66344335377822e-09,0.0,6.369478925586158e-14,1.3425949537080463e-15,5.816593906875228e-15
2,lbfgs,1959,600.0,1090.0,1.324305742611431e-07,1.227048848767317e-07,1.3288579200998868e-08,4.659292949188314e-08,6.282337618384971e-08,9.628478069131117e-09,0.0,6.383594255796485e-14,1.3315569386103936e-15,5.8102612599437775e-15
2,lbfgs,1969,600.0,1090.0,1.3210910626145604e-07,1.2241346662295644e-07,1.3238105489908984e-08,4.648391332707792e-08,6.269144780596955e-08,9.59842832205812e-09,0.0,6.348514422484258e-14,1.3324781082532078e-15,5.777676545957977e-15
2,lbfgs,1979,600.0,1090.0,1.3170389324912897e-07,1.220448548715869e-07,1.3166081455018069e-08,4.635319501925533e-08,6.25255783973135e-08,9.561827059705952e-09,0.0,6.295596586257047e-14,1.3354459894696736e-15,5.731802522963781e-15
2,lbfgs,1989,600.0,1090.0,1.3138699372679086e-07,1.2175508163638742e-07,1.315441833943329e-08,4.6214887638850256e-08,6.238577565810387e-08,9.534700770884117e-09,0.0,6.300441212161804e-14,1.328015840961669e-15,5.723324643253976e-15
2,lbfgs,1999,600.0,1090.0,1.3098777675854703e-07,1.2138861939123263e-07,1.3147839767820239e-08,4.603381732614348e-08,6.22069622972689e-08,9.501946045493042e-09,0.0,6.315276306667557e-14,1.3170468927843391e-15,5.7173735164762035e-15
2,lbfgs,2009,600.0,1090.0,1.3067534598044292e-07,1.2110498487189667e-07,1.3098245803399863e-08,4.592759147040886e-08,6.207914759808795e-08,9.473149785592136e-09,0.0,6.280384797349278e-14,1.318001987915523e-15,5.685627706189476e-15
2,lbfgs,2019,600.0,1090.0,1.3028199988741138e-07,1.2074669341902978e-07,1.3027367418938414e-08,4.580033956393435e-08,6.191898643615703e-08,9.438095144064965e-09,0.0,6.227694261845618e-14,1.3210125534832357e-15,5.640959043490005e-15
2,lbfgs,2029,600.0,1090.0,1.29973940768703e-07,1.2046427468423216e-07,1.3016833724181801e-08,4.566489403102598e-08,6.178254692902436e-08,9.412454758504443e-09,0.0,6.233086073724316e-14,1.3136259821440395e-15,5.6328567313740564e-15
2,lbfgs,2039,600.0,1090.0,1.2958634383443577e-07,1.2010739666587416e-07,1.3011759430559846e-08,4.548780881137462e-08,6.16078284239397e-08,9.38173584034059e-09,0.0,6.248678422484336e-14,1.302723462330726e-15,5.627297772324039e-15
2,lbfgs,2049,600.0,1090.0,1.2928256188389434e-07,1.1983122502705032e-07,1.296298959130622e-08,4.5384342362795747e-08,6.148389307294836e-08,9.354125527519261e-09,0.0,6.213951174266873e-14,1.3037176911637057e-15,5.5963456799985496e-15
2,lbfgs,2059,600.0,1090.0,1.2890059572162695e-07,1.1948283136427997e-07,1.2893165879025348e-08,4.526059453789358e-08,6.132907094736104e-08,9.320553026694087e-09,0.0,6.161439769875046e-14,1.3067802217129583e-15,5.5528099358915134e-15
2,lbfgs,2069,600.0,1090.0,1.2860099889641337e-07,1.1920749533562337e-07,1.2883747234818128e-08,4.512788315664148e-08,6.119586494416376e-08,9.296292228518612e-09,0.0,6.167388392782006e-14,1.2994370876476815e-15,5.545073481588383e-15
2,lbfgs,2079,600.0,1090.0,1.2822454832711433e-07,1.1885988017654623e-07,1.2880175594597159e-08,4.495455851073788e-08,6.102514607121119e-08,9.267456816085349e-09,0.0,6.18376613777157e-14,1.288598730064793e-15,5.539909228059091e-15
2,lbfgs,2089,600.0,1090.0,1.2792904699316684e-07,1.1859087050729159e-07,1.283217818251877e-08,4.48538057135128e-08,6.090488661126001e-08,9.240965150318034e-09,0.0,6.149181181450292e-14,1.2896363106369918e-15,5.5097111934773856e-15
2,lbfgs,2099,600.0,1090.0,1.2755799994419748e-07,1.182519832981043e-07,1.2763327670767618e-08,4.473356036794476e-08,6.075509525939192e-08,9.208805309243754e-09,0.0,6.096807171373377e-14,1.292758339267291e-15,5.467246867145621e-15
2,lbfgs,2109,600.0,1090.0,1.2726650673974464e-07,1.1798346747719084e-07,1.2755007216705298e-08,4.4603471625104724e-08,6.062498863538081e-08,9.185827924115314e-09,0.0,6.103319262574591e-14,1.2854582983911315e-15,5.459865038922731e-15
2,lbfgs,2119,600.0,1090.0,1.2690075412833527e-07,1.1764480107660893e-07,1.2752930083099072e-08,4.443372213425705e-08,6.04581488592528e-08,9.15874171111645e-09,0.0,6.120503669192488e-14,1.2746820461916843e-15,5.455092524043726e-15
2,lbfgs,2129,600.0,1090.0,1.266131839366322e-07,1.1738266996479155e-07,1.2705656475371011e-08,4.433562714124773e-08,6.034138634817281e-08,9.133302630185526e-09,0.0,6.086040489302292e-14,1.2757663899857134e-15,5.425613238929304e-15
2,lbfgs,2139,600.0,1090.0,1.262526195872656e-07,1.1705292451145007e-07,1.2637704918239265e-08,4.4218855098266374e-08,6.019636449494443e-08,9.102483732904899e-09,0.0,6.033766772121859e-14,1.278954055530241e-15,5.3841672049348864e-15
2,lbfgs,2149,600.0,1090.0,1.2596888940669043e-07,1.1679097589508675e-07,1.2630464237233401e-08,4.409128964636234e-08,6.0069222011491e-08,9.08070216713194e-09,0.0,6.04084682697798e-14,1.2716965577774011e-15,5.377127899271962e-15
3,adam,0,1090.0,1776.0,0.001715630936863175,0.0012867231339343257,0.0012802760138739496,1.9015773685131753e-06,4.545542691862833e-06,0.00042890771131144195,0.0,1.4220820183197968e-08,1.4699015866991093e-13,1.2045168537333353e-12
3,adam,24,1090.0,1776.0,0.00027313517451286925,0.00018844793051279004,1.7440362588537803e-05,0.00014484024549779934,2.616732242645289e-05,8.468715303551325e-05,0.0,2.6026639191621183e-10,1.064806254570171e-11,6.9544799798544626e-12
3,adam,49,1090.0,1776.0,0.00010221462568546346,7.54667780000756e-05,1.9603041058627457e-05,1.683448668140298e-05,3.902925026004517e-05,2.6747756858857603e-05,0.0,4.870292403800772e-10,1.2030548631611374e-12,1.0161922855530958e-11
3,adam,74,1090.0,1776.0,6.265686939366885e-05,5.1640961380414344e-05,1.5648145038811483e-05,7.420715192304889e-06,2.8572101149297973e-05,1.1015816958121692e-05,0.0,3.5873341658918304e-10,5.166149979074732e-13,7.159825144529638e-12
3,adam,99,1090.0,1776.0,2.977039128622488e-05,2.721809525814259e-05,5.1790475292482914e-06,5.512453687340586e-06,1.6526594041553714e-05,2.552204789245319e-06,0.0,1.1568170289224161e-10,3.707940473348091e-13,3.9386585980274385e-12
3,adam,124,1090.0,1776.0,1.255845495278108e-05,9.838237953933951e-06,1.6473143648113613e-06,2.5504001024429333e-06,5.640523486679656e-06,2.720125728215848e-06,0.0,3.8354077183990007e-11,1.6801935225623544e-13,1.2579508156090195e-12
3,adam,149,1090.0,1776.0,5.859332171340571e-06,3.064328348299839e-06,5.289279066908578e-07,1.164439072010829e-06,1.3709613695981525e-06,2.7949124622129845e-06,0.0,1.319837725999208e-11,8.444305996494035e-14,3.323397997743873e-13
3,adam,174,1090.0,1776.0,7.453126887154361e-06,4.985462437032138e-06,1.282379311412252e-06,9.840668843830026e-07,2.7190162412368834e-06,2.467573287680732e-06,0.0,2.962961355364174e-11,7.086558102087037e-14,5.758740608517888e-13
3,adam,199,1090.0,1776.0,4.867875132655888e-06,2.7609109210776774e-06,4.616203627615419e-07,8.141144119021016e-07,1.4851761464140338e-06,2.106872988882929e-06,0.0,1.0195591102962801e-11,5.6415514107168534e-14,3.2279432703920246e-13
3,adam,224,1090.0,1776.0,3.071150483020711e-06,1.3155990744929859e-06,2.0281661961862358e-07,6.327728821107234e-07,4.800095727636388e-07,1.755460086593413e-06,0.0,4.5089725465072555e-12,4.646206108721008e-14,1.1927063057357085e-13
3,adam,249,1090.0,1776.0,2.4674271906754474e-06,1.028800221241865e-06,1.4233461340505283e-07,4.571860026392062e-07,4.2927960519760605e-07,1.43853559829511e-06,0.0,3.047921533712375e-12,3.396973409923166e-14,1.062248270863463e-13
3,adam,274,1090.0,1776.0,2.0422568026430963e-06,8.731213876378047e-07,1.1341311912697701e-07,3.6444858494492815e-07,3.952596835658995e-07,1.1690440059955424e-06,0.0,2.343899761835833e-12,2.692551567247497e-14,9.726423170554887e-14
3,adam,299,1090.0,1776.0,1.6818827733794407e-06,7.331884328414865e-07,8.954575305062936e-08,2.931140431975295e-07,3.505286365933276e-07,9.486028912824874e-07,0.0,1.7894792923542106e-12,2.1605686783003922e-14,8.610629238037863e-14
3,adam,324,1090.0,1776.0,1.3657600629509036e-06,6.039986864148223e-07,7.07234716588061e-08,2.3373810258231895e-07,2.995371121736973e-07,7.61669885610714e-07,0.0,1.367770835258083e-12,1.7185618977482736e-14,7.330600058175062e-14
3,adam,349,1090.0,1776.0,1.0888431074793671e-06,4.871369321250065e-07,5.666608720076687e-08,1.832310115607639e-07,2.4723983336347567e-07,6.016146401317542e-07,0.0,1.0647646813757592e-12,1.3437925489234064e-14,6.016197775955445e-14
3,adam,374,1090.0,1776.0,8.501695404681338e-07,3.8492130259206565e-07,4.618957747744229e-08,1.407049136413159e-07,1.9802681147330749e-07,4.6515665578305407e-07,0.0,8.463555621763033e-13,1.0293217704021404e-14,4.7805692766847735e-14
3,adam,399,1090.0,1776.0,6.493155260384779e-07,2.9856621580250097e-07,3.8357724110335494e-08,1.0571948184148158e-07,1.5448900985068388e-07,3.506576796180765e-07,0.0,6.882261148994873e-13,7.709979703634464e-15,3.6900310309125e-14
3,adam,424,1090.0,1776.0,4.795193248748165e-07,2.2132994517732444e-07,2.953584177637806e-08,7.675877808255009e-08,1.1503532531839627e-07,2.580977021868446e-07,0.0,5.269403111079253e-13,5.576101831526392e-15,2.7208737504537877e-14
3,adam,449,1090.0,1776.0,3.5251653213805324e-07,1.6707722825596077e-07,2.5211288908641772e-08,5.529789777553505e-08,8.656804157178395e-08,1.8534757925850385e-07,0.0,4.4569687672887243e-13,4.012387973721433e-15,1.9975844588677865e-14
3,adam,474,1090.0,1776.0,1.9881286588160566e-06,1.6465961608497598e-06,5.040924845059923e-07,5.917484327252693e-07,5.507552436184982e-07,3.414408385993882e-07,0.0,1.2948010785922027e-11,3.2199833911791715e-14,1.174423474934183e-13
3,adam,499,1090.0,1776.0,1.396956384914936e-06,9.236668056220532e-07,5.7015696158001815e-08,6.792213390133797e-07,1.8742977045067157e-07,4.731978771482397e-07,0.0,1.2382732827483032e-12,3.4092037041418595e-14,3.273346073958066e-14
3,adam,524,1090.0,1776.0,1.9623013781019048e-07,1.257624490760454e-07,1.9813879333601804e-08,5.864407450064378e-08,4.730449524179981e-08,7.037594915209565e-08,0.0,3.524834666071528e-13,3.4941455224433975e-15,9.578982785042893e-15
3,adam,549,1090.0,1776.0,9.30405021460865e-08,5.9353061461383106e-08,1.7334767320943587e-08,1.6949470033159013e-08,2.5068824107280506e-08,3.359567634764297e-08,0.0,3.1438640576286704e-13,1.1980474590982622e-15,5.14800199496369e-15
3,adam,574,1090.0,1776.0,6.817363104446992e-08,4.796428125833842e-08,1.562833577008561e-08,1.0668170426262443e-08,2.1667775061990365e-08,2.0117559223267215e-08,0.0,2.789520426509001e-13,7.461233062748777e-16,4.221319370954188e-15
3,adam,599,1090.0,1776.0,5.294786423636318e-08,4.0255744243857e-08,1.4536804721740052e-08,7.58083293326465e-09,1.8138106588852293e-08,1.2600308573829022e-08,0.0,2.5969672354123414e-13,5.143977768692707e-16,3.4937289169797907e-15
3,adam,624,1090.0,1776.0,4.352025087868251e-08,3.5745523097047825e-08,1.3545632444367898e-08,6.020125910837489e-09,1.6179764741842438e-08,7.682899437981926e-09,0.0,2.4468517094942077e-13,4.00453909621197e-16,3.095607805924919e-15
3,adam,649,1090.0,1776.0,3.767403828679886e-08,3.260837762238432e-08,1.302846718668552e-08,4.8636328093282855e-09,1.4716277626370516e-08,4.97382008179326e-09,0.0,2.35870223144357e-13,3.179557228888781e-16,2.8059132333963307e-15
3,adam,674,1090.0,1776.0,3.379307268344127e-08,3.023765203861445e-08,1.251414670552679e-08,4.070570107081367e-09,1.3652935226006295e-08,3.4635713605199042e-09,0.0,2.2751679049242885e-13,2.62172387420125e-16,2.5998923913505465e-15
3,adam,699,1090.0,1776.0,4.1270074110440965e-05,2.5682287103224647e-05,3.6945214365900853e-07,1.9236141104300556e-05,6.0766938552650815e-06,1.558769517040238e-05,0.0,1.1205328535848918e-11,8.984791724247998e-13,1.054062044678193e-12
3,adam,724,1090.0,1776.0,2.815773398695546e-07,2.254969776410697e-07,3.867056017024489e-08,1.2976581980520998e-07,5.706059766561483e-08,5.59885997778105e-08,0.0,9.560997382846676e-13,6.840529630706922e-15,1.1761718838956266e-14
3,adam,749,1090.0,1776.0,6.714647726468407e-08,5.661890508835739e-08,1.9258346679821752e-08,8.282797200545938e-09,2.90777612079897e-08,1.0435828668291722e-08,0.0,4.178035892352845e-13,5.608344606002084e-16,6.067613434983535e-15
3,adam,774,1090.0,1776.0,3.0403341639221914e-08,2.8679264411291412e-08,1.2023848949447446e-08,4.047898828236902e-09,1.2607516633607064e-08,1.6323287409049867e-09,0.0,2.2447521790070888e-13,2.787415880936328e-16,2.4791751945848815e-15
3,adam,799,1090.0,1776.0,2.5519129066177933e-08,2.3145017888313494e-08,1.084741898556634e-08,2.796483503518548e-09,9.501115399228607e-09,2.2823625997658673e-09,0.0,1.9942020064707951e-13,1.8129145864318916e-16,1.8986444411320572e-15
3,adam,824,1090.0,1776.0,2.3774792180275388e-08,2.2312937632293954e-08,1.0928199716841084e-08,2.1436714330622295e-09,9.241066482390643e-09,1.3701045350412257e-09,0.0,2.0001406296385008e-13,1.4347322402658004e-16,1.812620724303097e-15
3,adam,849,1090.0,1776.0,2.2389188273428757e-08,2.1007417904605103e-08,1.0426262288597576e-08,1.981721833991919e-09,8.599433782015605e-09,1.2900195640143129e-09,0.0,1.9128970753007598e-13,1.3110940784521498e-16,1.6872574060548897e-15
3,adam,874,1090.0,1776.0,2.1180285203704823e-08,1.986012937096534e-08,1.0081114927844393e-08,1.8227733429977277e-09,7.95624110012322e-09,1.2284046225326338e-09,0.0,1.8549420616974425e-13,1.201472260909093e-16,1.5619990330129857e-15
3,adam,899,1090.0,1776.0,2.0415582421148363e-08,1.9178925631504185e-08,9.795879171052742e-09,1.8566225974949194e-09,7.526423862956525e-09,1.1449054963600611e-09,0.0,1.807400828418933e-13,1.1837840188857058e-16,1.4706719522424017e-15
3,adam,924,1090.0,1776.0,1.5440867603861206e-05,9.766245826243897e-06,4.384499642747412e-07,8.88742218417968e-06,4.4037367778947633e-07,5.674530107559676e-06,0.0,1.2681167509174272e-11,4.5099732388359326e-13,7.575454517133634e-14
3,adam,949,1090.0,1776.0,1.8999536418273e-07,1.6795666658299378e-07,6.481217170767179e-08,3.8767281441189207e-08,6.437721343413279e-08,2.1947018537807126e-08,0.0,1.655568889759099e-12,2.5514793118989767e-15,1.1888496105620698e-14
3,adam,974,1090.0,1776.0,7.306290405107497e-08,5.0849328352431695e-08,1.1639666887222884e-08,2.0201968335991478e-08,1.9007693129217336e-08,2.212193263217029e-08,0.0,2.37472708929046e-13,1.0681894610365855e-15,3.7165847681945885e-15
3,adam,999,1090.0,1776.0,1.8530809912129045e-08,1.682695449393509e-08,9.256686474977354e-09,1.952516779492795e-09,5.617751239464943e-09,1.6122090305768766e-09,0.0,1.7332770702820042e-13,1.3940192200187354e-16,1.1534722968236567e-15
3,adam,1024,1090.0,1776.0,1.69630210577777e-08,1.5802777833492514e-08,9.217075193236053e-09,1.7057691500344888e-09,4.879933490221971e-09,1.0685958154710637e-09,0.0,1.6996221483696886e-13,1.1632019650591796e-16,1.0011967972718787e-15
3,adam,1049,1090.0,1776.0,1.6023223146501888e-08,1.497531943408423e-08,8.954722554236655e-09,1.5995560079417563e-09,4.421040871905821e-09,9.562565464619935e-10,0.0,1.6569056146945702e-13,1.0845969038979044e-16,9.028242480778812e-16
3,adam,1074,1090.0,1776.0,1.53442991668278e-08,1.4299827950929866e-08,8.754535258229424e-09,1.4566384663510923e-09,4.08865422634935e-09,9.52824396278614e-10,0.0,1.6234529668872573e-13,9.842156263271025e-17,8.373057741488373e-16
3,adam,1099,1090.0,1776.0,1.4732767951730798e-08,1.3718276168301312e-08,8.573264356172795e-09,1.3566616597242253e-09,3.788350152404292e-09,9.228453104424879e-10,0.0,1.5930151274878598e-13,9.094896766137218e-17,7.769219302543696e-16
3,adam,1124,1090.0,1776.0,7.500148144482537e-08,4.87636611867072e-08,8.973977121085491e-09,3.000410967446956e-08,9.785574391152151e-09,2.6146174173690456e-08,0.0,1.7365951532048476e-13,1.4241845788350794e-15,1.7920350767031696e-15
3,adam,1149,1090.0,1776.0,7.766194307679074e-07,7.178612377401363e-07,1.968029047233743e-07,4.038513914664538e-08,4.806731938701166e-07,5.866662750326357e-08,0.0,4.328886964574481e-12,2.2769901152510088e-15,9.514445274797167e-14
3,adam,1174,1090.0,1776.0,5.282691926073631e-08,4.034773755217899e-08,1.4394323465661167e-08,8.954718372907738e-09,1.699869571361008e-08,1.238760795836986e-08,0.0,3.2343995220092476e-13,6.217785549815257e-16,3.552793399847237e-15
3,adam,1199,1090.0,1776.0,2.306625546498268e-08,2.0816463290140923e-08,9.855786268217923e-09,5.434641777829052e-09,5.526035244093949e-09,2.158217131164934e-09,0.0,1.9135673392956517e-13,3.2520290124323074e-16,1.1024837023448563e-15
3,adam,1224,1090.0,1776.0,1.4771004065261379e-08,1.2951835584291509e-08,8.18297983047337e-09,1.9855307419480085e-09,2.783325011870131e-09,1.727595392171259e-09,0.0,1.4956828279135982e-13,1.2591960518629764e-16,5.921998855461456e-16
3,adam,1249,1090.0,1776.0,1.3754531820478422e-08,1.259491973255459e-08,7.995041075292515e-09,2.0494885989715396e-09,2.5503900582905363e-09,1.0680392857155145e-09,0.0,1.4726859618858472e-13,1.2192338865106858e-16,5.399043688292978e-16
3,adam,1274,1090.0,1776.0,8.201305110373754e-08,5.2821559753473125e-08,8.631149195796094e-09,3.412529989279813e-08,1.0065110664878904e-08,2.909991892585019e-08,0.0,1.6824394511194932e-13,1.607222264476446e-15,1.797490043372244e-15
3,adam,1299,1090.0,1776.0,2.2067145228997975e-06,1.3931258892551702e-06,7.340694158938918e-08,1.217938640335512e-06,1.01780307330269e-07,8.134970998526323e-07,0.0,2.0928420785948488e-12,5.936478397840188e-14,1.5996849778001633e-14
3,adam,1324,1090.0,1776.0,1.890053188368462e-07,1.167938245792703e-07,1.4368147031492702e-08,6.570799327962834e-08,3.671768426814926e-08,7.211995026544502e-08,0.0,3.4149814250440075e-13,3.111417355000031e-15,6.334871957196675e-15
3,adam,1349,1090.0,1776.0,2.091857411721054e-07,1.394394144689277e-07,1.1688399872785308e-08,1.0212688362721486e-07,2.5624130968927536e-08,6.965478451006186e-08,0.0,2.6337663009388747e-13,4.753785556118127e-15,4.3723235174072045e-15
3,adam,1374,1090.0,1776.0,3.1736473238264225e-07,1.95802590261047e-07,1.1999114236134107e-08,1.4720291045795306e-07,3.6600565566959824e-08,1.2147060229177133e-07,0.0,2.7862228381979973e-13,6.831125635878837e-15,6.2353955428225194e-15
3,adam,1399,1090.0,1776.0,1.3633284053833336e-06,8.704751908651536e-07,3.300104239323318e-08,7.375202077452202e-07,9.99539407267003e-08,4.927616966185872e-07,0.0,9.700977155235184e-13,3.503209189398128e-14,1.6076759469026878e-14
3,lbfgs,1400,1090.0,1776.0,1.0590301436875882e-06,6.378644738773115e-07,3.329262836523449e-08,4.36425502943677e-07,1.681463425684e-07,4.210741494520786e-07,0.0,8.590853693347745e-13,2.02233290368707e-14,2.9974159779344396e-14
3,lbfgs,1409,1090.0,1776.0,2.8667419008209952e-08,2.5672450398542274e-08,1.0867209381043599e-08,4.416287296138906e-09,1.0388953721359772e-08,2.903448248643384e-09,0.0,2.2166812535521084e-13,2.910132450713192e-16,2.2364794558347956e-15
3,lbfgs,1419,1090.0,1776.0,1.7802006115215895e-08,1.4136849581587856e-08,8.313962155081858e-09,1.8402267096051437e-09,3.982660716900854e-09,3.5736361528321586e-09,0.0,1.6071786398853905e-13,1.2618621029245593e-16,8.342945476002698e-16
3,lbfgs,1429,1090.0,1776.0,1.2423644545704287e-08,1.1672392200169803e-08,8.085813504065744e-09,1.379196830626396e-09,2.207381865477664e-09,6.597319577101852e-10,0.0,1.4996755225162194e-13,8.547580002905326e-17,5.037719877753446e-16
3,lbfgs,1439,1090.0,1776.0,1.2002645441752095e-08,1.1207990054835653e-08,8.070911278264691e-09,1.1959471111727363e-09,1.9411316653982264e-09,7.031349856434168e-10,0.0,1.4963289505253685e-13,7.550083766519772e-17,4.48309086024172e-16
3,lbfgs,1449,1090.0,1776.0,1.1843167390723384e-08,1.1089453703209591e-08,8.055270770704673e-09,1.174906429819879e-09,1.8592765026850387e-09,6.621932768489396e-10,0.0,1.4929336779220726e-13,7.38989008877802e-17,4.275477656335241e-16
3,lbfgs,1459,1090.0,1776.0,1.1749020135026021e-08,1.0968767567873522e-08,8.034568830944081e-09,1.1393278329474026e-09,1.7948709039820374e-09,6.887321501761034e-10,0.0,1.4876763943414702e-13,7.195129645377598e-17,4.134228365222084e-16
3,lbfgs,1469,1090.0,1776.0,1.1681774118493511e-08,1.0888757283773993e-08,8.014961713116924e-09,1.12048118492705e-09,1.7533143857300194e-09,7.014964136265754e-10,0.0,1.4831102587532136e-13,7.090557787306004e-17,4.040124045619248e-16
3,lbfgs,1479,1090.0,1776.0,1.161265248623321e-08,1.0793639084605065e-08,7.984774223283079e-09,1.0996741097267919e-09,1.7091907515951938e-09,7.274929762145492e-10,0.0,1.4764336022740733e-13,6.98218470921185e-17,3.942516211655052e-16
3,lbfgs,1489,1090.0,1776.0,1.1565736685887387e-08,1.0751300327941431e-08,7.972045948041057e-09,1.0927898176637369e-09,1.6864645622366375e-09,7.229159306664811e-10,0.0,1.474077813158022e-13,6.938256512381205e-17,3.887979666955391e-16
3,lbfgs,1499,1090.0,1776.0,1.151621112858316e-08,1.071640166814821e-08,7.961979681904212e-09,1.08800405949827e-09,1.6664179267457271e-09,7.082890313967633e-10,0.0,1.472586832454145e-13,6.898117158271169e-17,3.835382450219556e-16
3,lbfgs,1509,1090.0,1776.0,1.1479152361418371e-08,1.0662612418303998e-08,7.942857286606025e-09,1.0765476598539765e-09,1.6432074718439966e-09,7.250195120697155e-10,0.0,1.4689844849696928e-13,6.841538440509352e-17,3.7853727975710606e-16
3,lbfgs,1519,1090.0,1776.0,1.14414430668066e-08,1.0588924523681468e-08,7.914067398114178e-09,1.0616836245151e-09,1.6131735010521903e-09,7.609981093110906e-10,0.0,1.4635631894436837e-13,6.777958635685601e-17,3.722981607968821e-16
3,lbfgs,1529,1090.0,1776.0,1.1409330258083331e-08,1.0569262939891276e-08,7.907036018366888e-09,1.057825299019875e-09,1.6044016225045134e-09,7.485468832900538e-10,0.0,1.4624124312433455e-13,6.744425231780263e-17,3.699709562437156e-16
3,lbfgs,1539,1090.0,1776.0,1.138210726079499e-08,1.0543360204252168e-08,7.897340128947398e-09,1.0521268162599015e-09,1.5938932590448688e-09,7.472266203527245e-10,0.0,1.460787440834257e-13,6.707913063420346e-17,3.6743248779296503e-16
3,lbfgs,1549,1090.0,1776.0,1.1349892070696598e-08,1.0518218437780391e-08,7.888122176157565e-09,1.0455067185607704e-09,1.584589543062057e-09,7.401531952270102e-10,0.0,1.4593545281269e-13,6.660294035093491e-17,3.6494503030028e-16
3,lbfgs,1559,1090.0,1776.0,1.1325697387075953e-08,1.0485122584354514e-08,7.875239322220448e-09,1.037903366692743e-09,1.5719798954413226e-09,7.490543635723409e-10,0.0,1.4570785805262304e-13,6.620772454551658e-17,3.622440114192503e-16
3,lbfgs,1569,1090.0,1776.0,1.1297405067474789e-08,1.043836918934597e-08,7.856390677573769e-09,1.0277457949748162e-09,1.5542327167973856e-09,7.675154369789534e-10,0.0,1.453704216267204e-13,6.573096332894412e-17,3.5859720580096303e-16
3,lbfgs,1579,1090.0,1776.0,1.1275094294262977e-08,1.0422416178206872e-08,7.85061899885235e-09,1.022339759466208e-09,1.5494574198883155e-09,7.6115767384463e-10,0.0,1.4527650077254543e-13,6.533865243357987e-17,3.5729891580003577e-16
3,lbfgs,1589,1090.0,1776.0,1.1250003925091398e-08,1.0413457672042765e-08,7.84768832598563e-09,1.0164413276624018e-09,1.5493280183947344e-09,7.450258096757182e-10,0.0,1.4524080395906733e-13,6.482088184335902e-17,3.5665693654186076e-16
3,lbfgs,1599,1090.0,1776.0,1.1228746283535568e-08,1.0381036495769314e-08,7.835165649761123e-09,1.0085386440400645e-09,1.537332201968127e-09,7.561893430157981e-10,0.0,1.4501890808145835e-13,6.443350296483645e-17,3.542607288007421e-16
3,lbfgs,1609,1090.0,1776.0,1.1209521907757769e-08,1.035727734459885e-08,7.825997582877167e-09,1.0018232481783332e-09,1.5294565135433493e-09,7.60724117206408e-10,0.0,1.4485834501410876e-13,6.405507879087189e-17,3.525724929858681e-16
3,lbfgs,1619,1090.0,1776.0,1.1185735205368485e-08,1.0324039333166858e-08,7.81296213832784e-09,9.929965327378785e-10,1.5180806621011407e-09,7.701754246468138e-10,0.0,1.4462755322839474e-13,6.358518524577006e-17,3.502286890402949e-16
3,lbfgs,1629,1090.0,1776.0,1.1167622123644888e-08,1.0309527832786886e-08,7.807774575646503e-09,9.87123130581693e-10,1.5146301265586901e-09,7.665738423283094e-10,0.0,1.445392143961852e-13,6.318885479495908e-17,3.493239800628997e-16
3,lbfgs,1639,1090.0,1776.0,1.114550016103816e-08,1.0296645134601068e-08,7.803454423693561e-09,9.798840972591827e-10,1.513306613648324e-09,7.573345767703117e-10,0.0,1.4446826814432976e-13,6.265887210801044e-17,3.4869553780791597e-16
3,lbfgs,1649,1090.0,1776.0,1.1128230852752095e-08,1.0273432952814545e-08,7.794634798413218e-09,9.731355796768013e-10,1.5056625747245263e-09,7.632774491624525e-10,0.0,1.4431178106870945e-13,6.229245693284942e-17,3.471466858439039e-16
3,lbfgs,1659,1090.0,1776.0,1.110769643372164e-08,1.0238620385553514e-08,7.780942216467388e-09,9.642973759961991e-10,1.4933807930899262e-09,7.775555958635706e-10,0.0,1.4406768166628648e-13,6.1860302431531e-17,3.4476624480359973e-16
3,lbfgs,1669,1090.0,1776.0,1.1091008730421937e-08,1.0229249320271563e-08,7.778066715850129e-09,9.588089004847921e-10,1.4923737039366427e-09,7.702389570535516e-10,0.0,1.4401731062730143e-13,6.146054115593586e-17,3.4434609432101813e-16
3,lbfgs,1679,1090.0,1776.0,1.1072129936897195e-08,1.0226973162868065e-08,7.778080275323858e-09,9.525469024754871e-10,1.4963459850687196e-09,7.536363200900617e-10,0.0,1.4401884791915504e-13,6.093286741439539e-17,3.4468867189225227e-16
3,lbfgs,1689,1090.0,1776.0,1.105571085979407e-08,1.0201535209966994e-08,7.768547705676462e-09,9.456098422977507e-10,1.4873776619927809e-09,7.626551948332789e-10,0.0,1.4384814898773054e-13,6.058250301541336e-17,3.4298429666518486e-16
3,lbfgs,1699,1090.0,1776.0,1.1040785061301237e-08,1.0183563957735879e-08,7.761947184038447e-09,9.395431754666027e-10,1.482073598230829e-09,7.657006476633555e-10,0.0,1.4372957771013683e-13,6.023237139018355e-17,3.418937806861026e-16
3,lbfgs,1709,1090.0,1776.0,1.1022155476533628e-08,1.015755936635072e-08,7.752192871096982e-09,9.316790712318132e-10,1.473687424021926e-09,7.730756530636267e-10,0.0,1.435542843067558e-13,5.980276107767694e-17,3.4023994907962404e-16
3,lbfgs,1719,1090.0,1776.0,1.1007819759426216e-08,1.0147388815831974e-08,7.748908312984674e-09,9.262771581221129e-10,1.4722033447251875e-09,7.689104857583712e-10,0.0,1.4349378025140848e-13,5.943695208932497e-17,3.3980305204799765e-16
3,lbfgs,1729,1090.0,1776.0,1.0990209386042298e-08,1.0139299446626304e-08,7.746652150646012e-09,9.195939723168189e-10,1.4730533236634728e-09,7.593894807621066e-10,0.0,1.4345006554423286e-13,5.895133048673985e-17,3.3970835346575986e-16
3,lbfgs,1739,1090.0,1776.0,1.0976339317468049e-08,1.0120590110285776e-08,7.739837087430853e-09,9.136228019697929e-10,1.4671302208851304e-09,7.642287476907478e-10,0.0,1.433267613481827e-13,5.862164041638296e-17,3.3855408863885764e-16
3,lbfgs,1749,1090.0,1776.0,1.0959784419330267e-08,1.0091655967065013e-08,7.72886002080818e-09,9.058692526663125e-10,1.4569266935905201e-09,7.766079916023202e-10,0.0,1.4312993923212997e-13,5.823358241924417e-17,3.366419340247565e-16
3,lbfgs,1759,1090.0,1776.0,1.0946222521333758e-08,1.0085369074995092e-08,7.727274263964035e-09,9.009596848867729e-10,1.457135126144284e-09,7.693329851117446e-10,0.0,1.430972532626292e-13,5.787805941252375e-17,3.3652112369094606e-16
3,lbfgs,1769,1090.0,1776.0,1.0930843324164123e-08,1.0086019278722643e-08,7.728478602889097e-09,8.953148125706328e-10,1.4622258632629134e-09,7.533035836474264e-10,0.0,1.4311101174642078e-13,5.741144708962962e-17,3.371748145948669e-16
3,lbfgs,1779,1090.0,1776.0,1.091736888985503e-08,1.0064542472178023e-08,7.720690481683171e-09,8.89223719893884e-10,1.4546282706009663e-09,7.613059550789897e-10,0.0,1.429705104036521e-13,5.709865591103888e-17,3.357706857304288e-16
3,lbfgs,1789,1090.0,1776.0,1.0905086376445577e-08,1.0049815140160096e-08,7.715515301170062e-09,8.838949861871127e-10,1.4504048528029213e-09,7.637507730114994e-10,0.0,1.4287529128954249e-13,5.678871148075257e-17,3.3493064658042093e-16
3,lbfgs,1799,1090.0,1776.0,1.0889697331668871e-08,1.0028076219753902e-08,7.707672026332441e-09,8.770251263429766e-10,1.4433790670784843e-09,7.701006477257052e-10,0.0,1.4273258588430585e-13,5.640907721502598e-17,3.335854036507426e-16
3,lbfgs,1809,1090.0,1776.0,1.0877806209627407e-08,1.0020336821632594e-08,7.705390250656829e-09,8.722741651328978e-10,1.4426724058428673e-09,7.659489232952113e-10,0.0,1.4268670495699148e-13,5.608846572624965e-17,3.3334348263103963e-16
3,lbfgs,1819,1090.0,1776.0,1.0863147444566065e-08,1.0014844008339022e-08,7.704170421311842e-09,8.66369590755506e-10,1.4443039962716746e-09,7.567829709636904e-10,0.0,1.426564038904951e-13,5.566353521669236e-17,3.3346321268100444e-16
3,lbfgs,1829,1090.0,1776.0,1.085156191223574e-08,9.999012076458438e-09,7.698603571672147e-09,8.611377384168635e-10,1.439270766369428e-09,7.610293698878136e-10,0.0,1.425544692244722e-13,5.537215361081585e-17,3.325081669746015e-16
3,lbfgs,1839,1090.0,1776.0,1.0837683965691238e-08,9.974033126148224e-09,7.68941482092928e-09,8.543735858219308e-10,1.4302447193970138e-09,7.721303727612266e-10,0.0,1.4238970378939028e-13,5.502824382817959e-17,3.308501469472558e-16
3,lbfgs,1849,1090.0,1776.0,1.0826286867798914e-08,9.9695470882758e-09,7.688511654150335e-09,8.500793243828722e-10,1.430956109742594e-09,7.652193123561938e-10,0.0,1.423664566434541e-13,5.471954225058436e-17,3.308652002732035e-16
3,lbfgs,1859,1090.0,1776.0,1.0813305843574363e-08,9.97164855033e-09,7.690224593867048e-09,8.451029533171045e-10,1.436321003145847e-09,7.501368257246621e-10,0.0,1.4238448668937275e-13,5.4315110431440564e-17,3.316350956876013e-16
3,lbfgs,1869,1090.0,1776.0,1.0801924817243666e-08,9.95299664966628e-09,7.68364135376324e-09,8.397559182947517e-10,1.4295993776082886e-09,7.574076994487403e-10,0.0,1.4226572934473806e-13,5.403702295191546e-17,3.3041387901144036e-16
3,lbfgs,1879,1090.0,1776.0,1.0791513923521876e-08,9.940488102438062e-09,7.679399729331994e-09,8.350905751503584e-10,1.4259977979557089e-09,7.595053524595738e-10,0.0,1.4218656304990576e-13,5.376440280734813e-17,3.297159896606698e-16
3,lbfgs,1889,1090.0,1776.0,1.0778430707799265e-08,9.921774082003998e-09,7.672856941879173e-09,8.291032789374082e-10,1.4198138611874183e-09,7.651361564903478e-10,0.0,1.4206696583047707e-13,5.3430683590833625e-17,3.2855621692179976e-16
3,lbfgs,1899,1090.0,1776.0,1.076830125017861e-08,9.915601094176959e-09,7.671178176380007e-09,8.249322737874848e-10,1.4194906440094677e-09,7.611796863456258e-10,0.0,1.4203045267119186e-13,5.31505886795828e-17,3.284167696704721e-16
3,lbfgs,1909,1090.0,1776.0,1.0755772987726537e-08,9.911675093143229e-09,7.670532645711757e-09,8.197101520250037e-10,1.4214322954064688e-09,7.525774245588691e-10,0.0,1.4200810533808566e-13,5.2778789705072e-17,3.286393184155204e-16
3,lbfgs,1919,1090.0,1776.0,1.0745860736301893e-08,9.897958606861475e-09,7.665844818641351e-09,8.151203775462756e-10,1.4169934106738478e-09,7.563816589537791e-10,0.0,1.4192195714418773e-13,5.2521343033630376e-17,3.2781305750440647e-16
3,lbfgs,1929,1090.0,1776.0,1.0733938107410844e-08,9.876012817540002e-09,7.657972692053202e-09,8.09220594514068e-10,1.4088195309727314e-09,7.664048187090664e-10,0.0,1.4178157377841034e-13,5.221719667050225e-17,3.263306989432462e-16
3,lbfgs,1939,1090.0,1776.0,1.0724151705620488e-08,9.87266869292213e-09,7.657462856453663e-09,8.054455396999841e-10,1.409760296768484e-09,7.599625412882736e-10,0.0,1.417642158048178e-13,5.194805541328826e-17,3.264168797257941e-16
3,lbfgs,1949,1090.0,1776.0,1.0712938621737997e-08,9.875460729847393e-09,7.659366055051178e-09,8.010161217967661e-10,1.415078552999449e-09,7.459574202901158e-10,0.0,1.4178341836693435e-13,5.1594822210842374e-17,3.272249541145493e-16
3,lbfgs,1959,1090.0,1776.0,1.0703139954493702e-08,9.85903327018307e-09,7.653692265078104e-09,7.963141673857575e-10,1.4090268377192087e-09,7.525862122528348e-10,0.0,1.416816606967825e-13,5.134746174165791e-17,3.2613775918485585e-16
3,lbfgs,1969,1090.0,1776.0,1.0694139150363334e-08,9.84819298937648e-09,7.650121015879257e-09,7.922157577273712e-10,1.405856215769852e-09,7.544256885727879e-10,0.0,1.4161463842246056e-13,5.110696493388142e-17,3.2553599979890845e-16
3,lbfgs,1979,1090.0,1776.0,1.068279881549237e-08,9.831822261272995e-09,7.644541940283796e-09,7.869877598510589e-10,1.4002925611381397e-09,7.594560813064119e-10,0.0,1.4151284881070343e-13,5.0813175904528925e-17,3.2450813009727144e-16
3,lbfgs,1989,1090.0,1776.0,1.0674012642058648e-08,9.826734994181746e-09,7.643254579644537e-09,7.832996849278648e-10,1.4001807296093437e-09,7.557571747346323e-10,0.0,1.4148298818545634e-13,5.056684414242642e-17,3.244293379855975e-16
3,lbfgs,1999,1090.0,1776.0,1.0663111345276993e-08,9.82380396376204e-09,7.642941490449686e-09,7.786362225899254e-10,1.4022262507224292e-09,7.477869081528028e-10,0.0,1.4146586259587052e-13,5.023866814664794e-17,3.2470352770551166e-16
3,lbfgs,2009,1090.0,1776.0,1.065448995210981e-08,9.81175816029732e-09,7.638918051647674e-09,7.745982466302506e-10,1.3982418620193962e-09,7.512113181151805e-10,0.0,1.4139213168646274e-13,5.001063539895561e-17,3.2397235766909247e-16
3,lbfgs,2019,1090.0,1776.0,1.0644074286986465e-08,9.792293549115512e-09,7.632077739133127e-09,7.694523860742652e-10,1.3907634239081188e-09,7.602602636678603e-10,0.0,1.4127129136909165e-13,4.974185966833514e-17,3.2262764115992984e-16
3,lbfgs,2029,1090.0,1776.0,1.0635544771786326e-08,9.789708741287438e-09,7.631803752143908e-09,7.661025435140123e-10,1.3918024456295168e-09,7.543155561514925e-10,0.0,1.4125792460198803e-13,4.9505188583643305e-17,3.2275268814754163e-16
3,lbfgs,2039,1090.0,1776.0,1.062570498239273e-08,9.792766952461638e-09,7.633733058213228e-09,7.621045187852945e-10,1.3969293754631157e-09,7.414175555151743e-10,0.0,1.4127687267635383e-13,4.9193011371265693e-17,3.2356091536143394e-16
3,lbfgs,2049,1090.0,1776.0,1.0617155151865965e-08,9.77818193114077e-09,7.628782033524351e-09,7.579651492361221e-10,1.3914347483802946e-09,7.474527459703331e-10,0.0,1.4118893354018803e-13,4.8972902657579427e-17,3.2258136511528187e-16
3,lbfgs,2059,1090.0,1776.0,1.0609266253990363e-08,9.768667969054862e-09,7.625720494617119e-09,7.543522357288886e-10,1.3885952387088553e-09,7.490778099321629e-10,0.0,1.4113154387599326e-13,4.876002297998997e-17,3.2205132646335895e-16
3,lbfgs,2069,1090.0,1776.0,1.0599304529338725e-08,9.754207308983229e-09,7.620894002923859e-09,7.49780586906449e-10,1.3835327191529211e-09,7.53576744994551e-10,0.0,1.4104406378310018e-13,4.850102645673359e-17,3.2112637401878277e-16
3,lbfgs,2079,1090.0,1776.0,1.0591587323583482e-08,9.749912023012442e-09,7.619873463919842e-09,7.464955590620549e-10,1.3835430000305458e-09,7.501548250739151e-10,0.0,1.4101918999754786e-13,4.8282864109007505e-17,3.210857226458008e-16
3,lbfgs,2089,1090.0,1776.0,1.0581983666152578e-08,9.747634369889162e-09,7.619754135827948e-09,7.422914047106278e-10,1.3855888293505856e-09,7.428288206591911e-10,0.0,1.410056720182037e-13,4.7990643005798174e-17,3.2138427002614574e-16
3,lbfgs,2099,1090.0,1776.0,1.0574398511620561e-08,9.736965531357615e-09,7.616255863877228e-09,7.387317233361775e-10,1.3819779441442096e-09,7.459125044224416e-10,0.0,1.409420314094289e-13,4.7788305296193794e-17,3.2072875593493203e-16
3,lbfgs,2109,1090.0,1776.0,1.0565194047796707e-08,9.719605456678781e-09,7.610256003457814e-09,7.342484243978406e-10,1.3751010288231267e-09,7.540681149045061e-10,0.0,1.4083729836955198e-13,4.7551178448846816e-17,3.194993003764097e-16
3,lbfgs,2119,1090.0,1776.0,1.0557681861851863e-08,9.717543839538252e-09,7.610125061173087e-09,7.31250783330363e-10,1.3761679950348029e-09,7.486175460349774e-10,0.0,1.408267567482174e-13,4.734143283152022e-17,3.1964510208839385e-16
3,lbfgs,2129,1090.0,1776.0,1.0548953701468058e-08,9.720626090957617e-09,7.61199201683407e-09,7.275979629585268e-10,1.3810361111650194e-09,7.368071342545604e-10,0.0,1.408447256584618e-13,4.706258984758226e-17,3.204334269583879e-16
3,lbfgs,2139,1090.0,1776.0,1.0541422505958245e-08,9.707612226290148e-09,7.607634475642261e-09,7.239532523584447e-10,1.3760244982894424e-09,7.422898031663001e-10,0.0,1.4076826227542394e-13,4.686683022114446e-17,3.1954476379363805e-16
3,lbfgs,2149,1090.0,1776.0,1.0533307087946992e-08,9.685087273393749e-09,7.59952186821812e-09,7.194226617241203e-10,1.366142743451509e-09,7.566993376151677e-10,0.0,1.4063207759839757e-13,4.6653976754161796e-17,3.1780447870335287e-16
4,adam,0,1776.0,2736.3999999999996,6.998844679718013e-05,5.249126827576609e-05,2.2638230287144174e-05,1.3706698174323983e-05,1.6146339814297934e-05,1.7497089425255357e-05,0.0,7.650620235321955e-10,5.467188088712343e-13,2.291027270129818e-12
4,adam,24,1776.0,2736.3999999999996,0.0001333917690579091,0.00010022126963991668,2.096977530698135e-05,2.36600998795672e-05,5.559139445336812e-05,3.317041117258054e-05,0.0,7.078658276779406e-10,9.20901187911203e-13,7.942200608057039e-12
4,adam,49,1776.0,2736.3999999999996,6.0742128314359825e-05,4.7356129008264167e-05,1.669073092296354e-05,1.7157748383819978e-05,1.3507649701480649e-05,1.3385911313320094e-05,0.0,5.663867771720759e-10,6.768366070917146e-13,1.893619737632663e-12
4,adam,74,1776.0,2736.3999999999996,5.000093633762552e-05,4.074521292215707e-05,1.56717813004298e-05,7.449571082324242e-06,1.7623860539403032e-05,9.25563541650206e-06,0.0,5.322111574081622e-10,2.9236141817510573e-13,2.4459328210991187e-12
4,adam,99,1776.0,2736.3999999999996,4.256647041962868e-05,3.5509218728026205e-05,1.2900440311284255e-05,6.846652607485687e-06,1.5762125809256265e-05,7.057163628084776e-06,0.0,4.4049128809661926e-10,2.6553309176183696e-13,2.152938253943278e-12
4,adam,124,1776.0,2736.3999999999996,3.411242135712666e-05,2.8649539332739997e-05,9.26739538417415e-06,5.888200858033705e-06,1.3493943090532142e-05,5.462793879489331e-06,0.0,3.187699290675068e-10,2.2386785127949814e-13,1.7916628043653666e-12
4,adam,149,1776.0,2736.3999999999996,2.3770750260796477e-05,1.9384319246854947e-05,5.761893903281642e-06,4.297564051329685e-06,9.324861292243622e-06,4.3863427650708465e-06,0.0,1.9945848765088905e-10,1.5784442453466998e-13,1.1782775530415828e-12
4,adam,174,1776.0,2736.3999999999996,1.1664353729132066e-05,8.555193598806727e-06,2.7168703570015307e-06,1.975011512544344e-06,3.863311729260851e-06,3.109071622656635e-06,0.0,9.452490738977305e-11,7.008383642573799e-14,4.576214735691897e-13
4,adam,199,1776.0,2736.3999999999996,4.6806736755949725e-05,3.269567897894836e-05,2.2867802924619573e-06,2.868650055880911e-05,1.7223981276772898e-06,1.4110969415882089e-05,0.0,8.085314037520164e-11,9.238188973765316e-13,2.112371410951431e-13
4,adam,224,1776.0,2736.3999999999996,1.5653205804744165e-05,1.2709223971361156e-05,4.167379124903755e-06,4.379168890436575e-06,4.1626759560208256e-06,2.943893511115378e-06,0.0,1.451201751411868e-10,1.474189993602445e-13,4.955698780012187e-13
4,adam,249,1776.0,2736.3999999999996,6.094569416712297e-06,4.590559983323045e-06,1.3727208084378367e-06,8.083917090965002e-07,2.4094474657887074e-06,1.5039208741487987e-06,0.0,4.823893081613572e-11,2.8085329372516435e-14,2.6293258551876077e-13
4,adam,274,1776.0,2736.3999999999996,1.8601523991400914e-06,1.1229784429244056e-06,2.9977753578978316e-07,2.901787969605512e-07,5.330221101740712e-07,7.370851114429079e-07,0.0,1.0615532490459056e-11,1.0326282953017693e-14,5.814484612553443e-14
4,adam,299,1776.0,2736.3999999999996,8.900116510155416e-07,4.782018695460667e-07,1.2284189037843445e-07,1.6820146915570236e-07,1.8715851001192994e-07,4.1172074890488815e-07,0.0,4.417691073487036e-12,5.982529688294028e-15,2.2234085264100972e-14
4,adam,324,1776.0,2736.3999999999996,6.992374108794798e-07,3.9352844116672326e-07,9.393534566810902e-08,1.3829345278960954e-07,1.612996427090047e-07,3.0561986026102075e-07,0.0,3.4020163502845073e-12,4.8506516912650376e-15,1.9143442968263507e-14
4,adam,349,1776.0,2736.3999999999996,6.01114628642787e-07,3.397495009312473e-07,6.927376000443512e-08,1.198881904907895e-07,1.5058755043602266e-07,2.612759893190474e-07,0.0,2.5104483054876045e-12,4.188680270295677e-15,1.7851092923691074e-14
4,adam,374,1776.0,2736.3999999999996,5.236971803779242e-07,2.9547579625050644e-07,5.368605597482887e-08,1.028257437134301e-07,1.3896399656224746e-07,2.2813222546192096e-07,0.0,1.9453758335931084e-12,3.5779667243694365e-15,1.6456833404135498e-14
4,adam,399,1776.0,2736.3999999999996,4.582401283823044e-07,2.6005320410916553e-07,4.457000867960025e-08,8.74601797751506e-08,1.2802301565441467e-07,1.9809774415397365e-07,0.0,1.6147593908135247e-12,3.0288508583704257e-15,1.5121643451321842e-14
4,adam,424,1776.0,2736.3999999999996,3.9302395933795733e-07,2.204360382720238e-07,3.796910299827208e-08,7.017819935566724e-08,1.1228873591808447e-07,1.724987187600573e-07,0.0,1.3756668753060649e-12,2.412732047378705e-15,1.3189619903809186e-14
4,adam,449,1776.0,2736.3999999999996,3.444204529190736e-07,1.9534240127244325e-07,3.349091076457078e-08,6.00757968043406e-08,1.0177569370353186e-07,1.4898882623288262e-07,0.0,1.212968836489537e-12,2.0558401013638828e-15,1.1965668361991895e-14
4,adam,474,1776.0,2736.3999999999996,3.008672994461087e-07,1.7326990044212412e-07,2.9969444505670223e-08,5.14471208178144e-08,9.18533351186395e-08,1.275081492274016e-07,0.0,1.0849224660489677e-12,1.748683209787772e-15,1.079611302082988e-14
4,adam,499,1776.0,2736.3999999999996,5.289927162520029e-06,3.996864204039055e-06,3.7311346118016876e-08,2.9923624635913957e-06,9.671903943296423e-07,1.2929736854556517e-06,0.0,1.3523654499843735e-12,7.238581059655685e-14,8.549602719123289e-14
4,adam,524,1776.0,2736.3999999999996,1.627676621926091e-06,1.36498890650309e-06,5.23684396388826e-07,1.2116804427816333e-07,7.201364658361007e-07,2.6259863641390097e-07,0.0,1.867880010282389e-11,4.000647197293979e-15,7.085334793467631e-14
4,adam,549,1776.0,2736.3999999999996,4.831588858217106e-07,3.455080896319312e-07,4.6803798474511743e-08,1.238958845037912e-07,1.7480840665362825e-07,1.3756157852174154e-07,0.0,1.6804995669514368e-12,3.404060165291348e-15,1.6826910446721016e-14
4,adam,574,1776.0,2736.3999999999996,1.7321785552174097e-07,1.2426962473024531e-07,2.1093137968180426e-08,3.820940947298094e-08,6.496707728908396e-08,4.8858934500577526e-08,0.0,7.595458646703729e-13,1.1147810353528294e-15,6.976294613533539e-15
4,adam,599,1776.0,2736.3999999999996,1.204106567796874e-07,8.419446365996043e-08,1.820014929551125e-08,2.3833095101899026e-08,4.216121926255016e-08,3.612688687778386e-08,0.0,6.559938114036766e-13,7.649637474761167e-16,4.8045917774520526e-15
4,adam,624,1776.0,2736.3999999999996,9.941749392378878e-08,7.023093603863743e-08,1.6178126634184703e-08,1.936125639246409e-08,3.4691553011988637e-08,2.9097236604265967e-08,0.0,5.832538563397351e-13,6.180301388222953e-16,3.981366707540792e-15
4,adam,649,1776.0,2736.3999999999996,8.462283023163386e-08,6.193199004857087e-08,1.4968253622037865e-08,1.6284290419518986e-08,3.067944600701402e-08,2.2601497161554592e-08,0.0,5.396206879717268e-13,5.139802522057752e-16,3.5036193669423957e-15
4,adam,674,1776.0,2736.3999999999996,7.22210740694513e-08,5.447294093816433e-08,1.3679090693699614e-08,1.3709198106718504e-08,2.7084652137746214e-08,1.7658769211691525e-08,0.0,4.929122847878784e-13,4.291831246425037e-16,3.0862682385635414e-15
4,adam,699,1776.0,2736.3999999999996,6.179701038938041e-08,4.8016468594455916e-08,1.2520113790560472e-08,1.1589156516945734e-08,2.390719828694971e-08,1.369115837336933e-08,0.0,4.509168120149917e-13,3.59984022182502e-16,2.717202968224159e-15
4,adam,724,1776.0,2736.3999999999996,5.319270448801272e-08,4.257278076996604e-08,1.1478526580529088e-08,9.971542707211618e-09,2.1122711482225337e-08,1.0530521915184147e-08,0.0,4.1317261804819096e-13,3.0754253143469216e-16,2.3939853567400466e-15
4,adam,749,1776.0,2736.3999999999996,2.334470505214232e-06,1.908767368958952e-06,3.4084409164575933e-07,7.562855514548355e-07,8.116377258583573e-07,4.2561377873724245e-07,0.0,1.2242291512075696e-11,1.9299580672178593e-14,7.489461802250561e-14
4,adam,774,1776.0,2736.3999999999996,1.570016615817185e-06,1.2609711302363573e-06,2.2929130780092176e-07,3.4368512997527574e-07,6.879946924601598e-07,3.08956181656802e-07,0.0,8.128577927859319e-12,8.714760771655208e-15,6.262666447217661e-14
4,adam,799,1776.0,2736.3999999999996,1.9179783931720932e-07,1.5003144342571018e-07,1.2285747861401427e-08,8.73352850024124e-08,5.041041056189635e-08,4.167697854976973e-08,0.0,4.3881675637650273e-13,2.1231230669940218e-15,4.519748350197114e-15
4,adam,824,1776.0,2736.3999999999996,4.13023624457284e-08,3.6863998752717884e-08,9.716078350478423e-09,1.3447883990073017e-08,1.3700036412166447e-08,4.348950600739052e-09,0.0,3.483172154299908e-13,3.6540053935013726e-16,1.4386328509496418e-15
4,adam,849,1776.0,2736.3999999999996,2.6646198589631492e-08,2.5454380409800383e-08,8.595885418385596e-09,6.2989125327839976e-09,1.0559582458630788e-08,1.1024144030143114e-09,0.0,3.075902259696858e-13,1.911212962442584e-16,1.132038723713996e-15
4,adam,874,1776.0,2736.3999999999996,2.432877920968264e-08,2.3341718108838494e-08,7.94844352754776e-09,5.545913701012261e-09,9.847360880278472e-09,8.97652797780713e-10,0.0,2.8444266109770684e-13,1.6946169007592832e-16,1.0630325703669785e-15
4,adam,899,1776.0,2736.3999999999996,2.2492346738406277e-08,2.169509823436393e-08,7.438958074452392e-09,4.970671882606443e-09,9.285468277305094e-09,7.07836096461914e-10,0.0,2.6619618183321896e-13,1.524817257773171e-16,1.00452022357157e-15
4,adam,924,1776.0,2736.3999999999996,2.0971299237679873e-08,2.029448279897716e-08,7.001942540959128e-09,4.521803877516037e-09,8.770736380501995e-09,5.874008016595998e-10,0.0,2.5050130400531277e-13,1.3913677127291645e-16,9.511699544388531e-16
4,adam,949,1776.0,2736.3999999999996,1.9697015326387946e-08,1.9109824225117753e-08,6.6163404113529435e-09,4.154171583070521e-09,8.339312230694292e-09,4.977724919225921e-10,0.0,2.366478993320284e-13,1.2835062752015938e-16,9.064097654746206e-16
4,adam,974,1776.0,2736.3999999999996,5.6849330989340744e-08,4.728760391505226e-08,6.346737048967002e-09,2.6107297971028713e-08,1.4833568895056544e-08,9.472305885251621e-09,0.0,2.2683427183179697e-13,6.573167028146921e-16,1.448641440171305e-15
4,adam,999,1776.0,2736.3999999999996,3.420779338008576e-06,2.755390123605825e-06,3.5963644344555704e-07,2.335379223587107e-06,6.037445657316046e-08,6.652999004134359e-07,0.0,1.2921641003521516e-11,6.217820525757733e-14,6.136713824667194e-15
4,adam,1024,1776.0,2736.3999999999996,6.004743475753598e-08,5.4301574632090993e-08,7.715800412614986e-09,1.2605312455838394e-08,3.398046176363761e-08,5.656462741033679e-09,0.0,2.731501303903644e-13,3.351215953533526e-16,3.209490786508741e-15
4,adam,1049,1776.0,2736.3999999999996,5.745880116981525e-08,4.673650457751631e-08,6.277033343806047e-09,2.5379017962305453e-08,1.508045327140481e-08,1.063289218392204e-08,0.0,2.2442422518726243e-13,6.480204835945884e-16,1.3870443444418775e-15
4,adam,1074,1776.0,2736.3999999999996,2.3048017870886435e-08,1.9875703733600317e-08,5.689141329660976e-09,7.979853899933929e-09,6.2067085040054115e-09,3.0829370716237093e-09,0.0,2.0259551651802435e-13,2.1877992684596678e-16,6.57783906703043e-16
4,adam,1099,1776.0,2736.3999999999996,3.744999404950651e-08,3.1617782418060254e-08,5.3247870284323984e-09,1.5610117316841938e-08,1.0682878072785916e-08,5.742839536210205e-09,0.0,1.8958538273344676e-13,3.9779707955772835e-16,1.0457870527401939e-15
4,adam,1124,1776.0,2736.3999999999996,4.44315272042708e-07,3.908492905375418e-07,1.0156751083785213e-07,2.599352568769554e-07,2.934652282273424e-08,5.337665831754272e-08,0.0,3.677545646217324e-12,6.634009962891781e-15,2.992602166396159e-15
4,adam,1149,1776.0,2736.3999999999996,1.6707643251163242e-07,1.2949786205986523e-07,7.963488704795136e-09,7.757286736482767e-08,4.3961505990242414e-08,3.748921427487737e-08,0.0,2.8280522573335585e-13,1.8827960695929545e-15,3.973823001439566e-15
4,adam,1174,1776.0,2736.3999999999996,3.2281824572980414e-08,3.020471004735686e-08,1.1305616417432901e-08,3.6216035595015167e-09,1.5277490070422444e-08,1.987765298526559e-09,0.0,4.078460462485208e-13,1.0945060858925899e-16,1.4480932819962906e-15
4,adam,1199,1776.0,2736.3999999999996,9.200725158182518e-08,7.05003178874136e-08,4.793336675359933e-09,5.2604788114713347e-08,1.3102193097340319e-08,2.1417596252839193e-08,0.0,1.7038085833694845e-13,1.3022606952477714e-15,1.210480645939689e-15
4,adam,1224,1776.0,2736.3999999999996,1.243620544504887e-06,9.485668886871684e-07,3.1698702453122084e-08,6.32881757947622e-07,2.8398642828642425e-07,2.9496433612828345e-07,0.0,1.1446111326438207e-12,1.5455487484030757e-14,2.4892742334760168e-14
4,adam,1249,1776.0,2736.3999999999996,2.410650496908307e-07,1.8488761337015904e-07,7.909150880661454e-09,1.234347172068881e-07,5.354374528260949e-08,5.608811850195796e-08,0.0,2.809017378978802e-13,2.9988570499200463e-15,4.733668578639951e-15
4,adam,1274,1776.0,2736.3999999999996,6.186328857745448e-07,4.881478694465592e-07,7.808616875109485e-08,3.9593036642184324e-07,1.4131334273621149e-08,1.3039572333592472e-07,0.0,2.8268132629175675e-12,9.8913390098293e-15,1.3382996705640578e-15
4,adam,1299,1776.0,2736.3999999999996,3.771853283657889e-07,2.902922650724324e-07,1.922078299976779e-08,1.7412761810498036e-07,9.69438639676842e-08,8.6803773100576e-08,0.0,6.825607117088864e-13,4.240122226424995e-15,8.616918944271511e-15
4,adam,1324,1776.0,2736.3999999999996,1.1641469227971914e-07,9.134956997002971e-08,6.990672435700396e-09,5.47386587762353e-08,2.962023875809401e-08,2.4975825752915198e-08,0.0,2.5075205695257496e-13,1.350776561666188e-15,2.6225911326832075e-15
4,adam,1349,1776.0,2736.3999999999996,1.4345505442082603e-07,1.075809481771708e-07,4.189670771464822e-09,8.27579225871555e-08,2.0633354818550486e-08,3.5784830590663164e-08,0.0,1.4907607249934593e-13,2.030478628765046e-15,1.826691317781523e-15
4,adam,1374,1776.0,2736.3999999999996,1.1785521843333167e-07,1.0187041328248626e-07,2.246048671516614e-08,7.102157370624685e-08,8.388352861073271e-09,1.589555872171974e-08,0.0,8.107912837303395e-13,1.7895431641990515e-15,8.784892939147936e-16
4,adam,1399,1776.0,2736.3999999999996,3.4573763675717845e-07,2.60931590412399e-07,4.781468203536373e-09,1.9507381949878114e-07,6.107630271008145e-08,8.471678394687681e-08,0.0,1.7040061727328353e-13,4.715455786282505e-15,5.3283186726250364e-15
4,lbfgs,1400,1776.0,2736.3999999999996,4.25538991523428e-07,3.1549144534840707e-07,4.061098438052171e-09,2.525795731030537e-07,5.8850773807301205e-08,1.0995828437826628e-07,0.0,1.4446192467366917e-13,6.1732194764092565e-15,5.060747950747693e-15
4,lbfgs,1409,1776.0,2736.3999999999996,1.364185393007048e-08,1.1920670286101417e-08,3.945296997687974e-09,2.5016286944364822e-09,5.473744593976961e-09,1.631921846880649e-09,0.0,1.4023053242625636e-13,7.780200652314723e-17,5.683259828533315e-16
4,lbfgs,1419,1776.0,2736.3999999999996,1.3095030361880907e-08,1.1397981255580862e-08,4.036746140089948e-09,2.4346153809770663e-09,4.926619734513848e-09,1.6077873137832763e-09,0.0,1.4350525526495214e-13,7.61205374853366e-17,5.181083994592109e-16
4,lbfgs,1429,1776.0,2736.3999999999996,1.2721744554431797e-08,1.1150502507509477e-08,4.049624275557837e-09,2.2302600813467076e-09,4.870618150604932e-09,1.4819802951619587e-09,0.0,1.438861110663577e-13,7.065700467759173e-17,5.122752004040539e-16
4,lbfgs,1439,1776.0,2736.3999999999996,1.2432442845432002e-08,1.1070906723444157e-08,4.149982701474484e-09,2.19087319148877e-09,4.730050830480902e-09,1.2722744299089275e-09,0.0,1.4739353525949628e-13,6.957935201551312e-17,5.008543642458506e-16
4,lbfgs,1449,1776.0,2736.3999999999996,1.2275719166342982e-08,1.0971716076435035e-08,4.112779873249261e-09,2.1668661751354843e-09,4.692070028050288e-09,1.2147414229078128e-09,0.0,1.4605530587097443e-13,6.885666941208501e-17,4.989133282377074e-16
4,lbfgs,1459,1776.0,2736.3999999999996,1.2122449600612807e-08,1.087377030139358e-08,4.062739296226619e-09,2.143563048279547e-09,4.667467956887415e-09,1.1594176567511433e-09,0.0,1.4428430444749353e-13,6.806245335334299e-17,4.985118785896411e-16
4,lbfgs,1469,1776.0,2736.3999999999996,1.2016485697836882e-08,1.0804143363576652e-08,4.047466252601363e-09,2.131424105428559e-09,4.62525300554673e-09,1.1230807074624658e-09,0.0,1.437444176153602e-13,6.77207678462249e-17,4.954946375924555e-16
4,lbfgs,1479,1776.0,2736.3999999999996,1.1908151191044875e-08,1.073474853199892e-08,4.037783383895203e-09,2.1326953530430337e-09,4.564269795060683e-09,1.0841410500982923e-09,0.0,1.4340156912977614e-13,6.783565847172546e-17,4.906386539645336e-16
4,lbfgs,1489,1776.0,2736.3999999999996,1.182301182646853e-08,1.0682891438127918e-08,4.007099430016846e-09,2.1166579656890435e-09,4.559134042422028e-09,1.0508587914785405e-09,0.0,1.42324932084145e-13,6.72731993878659e-17,4.911399979510754e-16
4,lbfgs,1499,1776.0,2736.3999999999996,1.175193277754705e-08,1.0640993044674286e-08,3.985223485625256e-09,2.108151313442381e-09,4.547618245606649e-09,1.0216781473455476e-09,0.0,1.4155798379521442e-13,6.697925729457066e-17,4.908508561641672e-16
4,lbfgs,1509,1776.0,2736.3999999999996,1.1671150769736655e-08,1.0596295354595232e-08,3.956112565790409e-09,2.0965634225576544e-09,4.543619366247168e-09,9.855938435109371e-10,0.0,1.40539156863618e-13,6.656240825389022e-17,4.915154478485198e-16
4,lbfgs,1519,1776.0,2736.3999999999996,1.1613543239425101e-08,1.0562288828676982e-08,3.943614596837599e-09,2.0950573905638263e-09,4.5236168412755565e-09,9.619928490100197e-10,0.0,1.4010075990790158e-13,6.65305641826046e-17,4.901203385950003e-16
4,lbfgs,1529,1776.0,2736.3999999999996,1.1549458435081254e-08,1.0524843563767571e-08,3.93237085726084e-09,2.1004845834255488e-09,4.491988123081182e-09,9.353533216944966e-10,0.0,1.3970561005541654e-13,6.674487774005355e-17,4.875840673035606e-16
4,lbfgs,1539,1776.0,2736.3999999999996,1.150128909996782e-08,1.0499627980783134e-08,3.914241621831364e-09,2.092583866937671e-09,4.4928024920141e-09,9.123995785190772e-10,0.0,1.3907227891721975e-13,6.646580271427195e-17,4.882782096928313e-16
4,lbfgs,1549,1776.0,2736.3999999999996,1.1450609239386533e-08,1.0477934944983541e-08,3.888689802815342e-09,2.080439988350001e-09,4.508805153818198e-09,8.834127650545718e-10,0.0,1.3818250084965676e-13,6.600701801256031e-17,4.907337261291026e-16
4,lbfgs,1559,1776.0,2736.3999999999996,1.1408683823778633e-08,1.0453229741064311e-08,3.881668055728036e-09,2.083292576573476e-09,4.488269108762799e-09,8.661925613059643e-10,0.0,1.3793592636100388e-13,6.61352644653348e-17,4.889998335571645e-16
4,lbfgs,1569,1776.0,2736.3999999999996,1.1372923583961812e-08,1.0434446544505084e-08,3.872223176681366e-09,2.084039089655918e-09,4.478184278167799e-09,8.492155257424081e-10,0.0,1.376061226828891e-13,6.617016424120671e-17,4.883560277960718e-16
4,lbfgs,1579,1776.0,2736.3999999999996,1.1331129116428686e-08,1.0412473035872457e-08,3.8625194901971614e-09,2.088593766475094e-09,4.461359779200201e-09,8.29394576384828e-10,0.0,1.3726708009553136e-13,6.634282677674299e-17,4.870511357757767e-16
4,lbfgs,1589,1776.0,2736.3999999999996,1.1300420044990329e-08,1.03983580051682e-08,3.850920114877122e-09,2.084818225369513e-09,4.462619664921564e-09,8.128005428137053e-10,0.0,1.3686376619415586e-13,6.620788669958485e-17,4.875707319002449e-16
4,lbfgs,1599,1776.0,2736.3999999999996,1.1265319956780992e-08,1.038455061862903e-08,3.8349158952760705e-09,2.077767144451545e-09,4.471867578901415e-09,7.915078502444694e-10,0.0,1.3630882378301772e-13,6.594410144146087e-17,4.890487550046208e-16
4,lbfgs,1609,1776.0,2736.3999999999996,1.12382692574536e-08,1.0370397366493711e-08,3.828804897320941e-09,2.080691386474198e-09,4.460901082698572e-09,7.786104094620071e-10,0.0,1.3609577515823344e-13,6.605930680733638e-17,4.88154600324049e-16
4,lbfgs,1619,1776.0,2736.3999999999996,1.1208894332280089e-08,1.0354890839424345e-08,3.824274189704932e-09,2.090912630361528e-09,4.439704019357884e-09,7.647420192545493e-10,0.0,1.3593720558281613e-13,6.643449946202603e-17,4.861697001292302e-16
4,lbfgs,1629,1776.0,2736.3999999999996,1.118425786502925e-08,1.0344663338876153e-08,3.813685240838462e-09,2.0848475837006943e-09,4.446130514336998e-09,7.50333058720427e-10,0.0,1.355705456963963e-13,6.62165605161107e-17,4.871580447656899e-16
4,lbfgs,1639,1776.0,2736.3999999999996,1.1162659660476302e-08,1.0335560288277657e-08,3.805686871977767e-09,2.083054537315513e-09,4.4468188789843774e-09,7.378379106373219e-10,0.0,1.3529368616048756e-13,6.615108558406333e-17,4.874838544492902e-16
4,lbfgs,1649,1776.0,2736.3999999999996,1.1136729361040174e-08,1.0325709813800294e-08,3.794855696601643e-09,2.0791745042599398e-09,4.4516796129387115e-09,7.217580931482008e-10,0.0,1.3491955675760416e-13,6.600505408761081e-17,4.883291106615116e-16
4,lbfgs,1659,1776.0,2736.3999999999996,1.1117326642038352e-08,1.0316463619915531e-08,3.7897235083073525e-09,2.081251028876823e-09,4.4454890827313555e-09,7.116015733548709e-10,0.0,1.3474167425471683e-13,6.608387026638758e-17,4.878456409596911e-16
4,lbfgs,1669,1776.0,2736.3999999999996,1.1094448266529279e-08,1.0305210379145785e-08,3.784791980752644e-09,2.0870739892513892e-09,4.433344409141752e-09,6.999764452372318e-10,0.0,1.345705026089152e-13,6.629880187963848e-17,4.8672803689363e-16
4,lbfgs,1679,1776.0,2736.3999999999996,1.1076666264304225e-08,1.0298267155052812e-08,3.7775818797417015e-09,2.083982271690103e-09,4.436703003621008e-09,6.891376722287567e-10,0.0,1.343218363702609e-13,6.61849036505309e-17,4.872884554836746e-16
4,lbfgs,1689,1776.0,2736.3999999999996,1.1056513385930147e-08,1.0292425552922152e-08,3.767217564462872e-09,2.077643186349923e-09,4.447564802109357e-09,6.748264025900612e-10,0.0,1.3396553420874948e-13,6.594180255298064e-17,4.887353836443253e-16
4,lbfgs,1699,1776.0,2736.3999999999996,1.1039801173787528e-08,1.0283675585437436e-08,3.763815711337097e-09,2.080943232811356e-09,4.438916641288983e-09,6.668641624901782e-10,0.0,1.338474654143094e-13,6.606868919907179e-17,4.879118247936709e-16
4,lbfgs,1709,1776.0,2736.3999999999996,1.1022310761729962e-08,1.0274166551434436e-08,3.762042569130532e-09,2.091120289508963e-09,4.421003692794941e-09,6.58882790035872e-10,0.0,1.3378529031639328e-13,6.644263703385846e-17,4.860526362465155e-16
4,lbfgs,1719,1776.0,2736.3999999999996,1.1006058932446904e-08,1.0268026638258763e-08,3.754765058955418e-09,2.0853911233277513e-09,4.427870455975593e-09,6.487708785041366e-10,0.0,1.3353495906791381e-13,6.623302267186093e-17,4.869729844673604e-16
4,lbfgs,1729,1776.0,2736.3999999999996,1.099200189812015e-08,1.0262464853564918e-08,3.749449699087381e-09,2.0837157408341008e-09,4.429299413643437e-09,6.402756332099997e-10,0.0,1.3335214426959573e-13,6.616942299111252e-17,4.872611820574709e-16
4,lbfgs,1739,1776.0,2736.3999999999996,1.0974929761752007e-08,1.025656787770079e-08,3.741996245982235e-09,2.0800025346384605e-09,4.434569097080095e-09,6.291004782865926e-10,0.0,1.330963324649832e-13,6.602590824372601e-17,4.880161670400395e-16
4,lbfgs,1749,1776.0,2736.3999999999996,1.0961687099606911e-08,1.0250055909281981e-08,3.738743737264135e-09,2.081901516705681e-09,4.429410655312164e-09,6.223697885059049e-10,0.0,1.329840466408608e-13,6.609754131663736e-17,4.875345077864575e-16
4,lbfgs,1759,1776.0,2736.3999999999996,1.0946039866895602e-08,1.0241919060271057e-08,3.735867377060759e-09,2.0871988103180367e-09,4.418852872892262e-09,6.148594097200674e-10,0.0,1.328844256240231e-13,6.629397469085966e-17,4.864506322054717e-16
4,lbfgs,1769,1776.0,2736.3999999999996,1.0933350934501949e-08,1.0237006028774364e-08,3.7306637548551655e-09,2.0841362779431478e-09,4.422205995976049e-09,6.070835127313144e-10,0.0,1.3270582667448246e-13,6.617874073707495e-17,4.869325453378087e-16
4,lbfgs,1779,1776.0,2736.3999999999996,1.091913944528298e-08,1.0233296513035513e-08,3.7229285833065035e-09,2.078005277094503e-09,4.432362652634506e-09,5.965815443557021e-10,0.0,1.3244129239406213e-13,6.593917657354598e-17,4.882175287877246e-16
4,lbfgs,1789,1776.0,2736.3999999999996,1.0906700377346276e-08,1.022624896836973e-08,3.720736941963665e-09,2.080857050570395e-09,4.4246549758356695e-09,5.911900245424424e-10,0.0,1.32365186879119e-13,6.605020723614577e-17,4.874141906913856e-16
4,lbfgs,1799,1776.0,2736.3999999999996,1.0895467931217794e-08,1.0220815118567619e-08,3.717696404909396e-09,2.0817890599170587e-09,4.421329653741164e-09,5.853914316870209e-10,0.0,1.3226049960197792e-13,6.608466533025899e-17,4.871085467852345e-16
4,lbfgs,1809,1776.0,2736.3999999999996,1.0881510695383294e-08,1.0213706595485017e-08,3.714463813310454e-09,2.0844027344078767e-09,4.414840047766686e-09,5.785427233041522e-10,0.0,1.3214899332145274e-13,6.618196176845699e-17,4.864516169687376e-16
4,lbfgs,1819,1776.0,2736.3999999999996,1.0870750278818244e-08,1.0209210401047718e-08,3.710430977362545e-09,2.082613983980592e-09,4.416165439704581e-09,5.722785045845173e-10,0.0,1.320106831678894e-13,6.611287356181908e-17,4.866752108321555e-16
4,lbfgs,1829,1776.0,2736.3999999999996,1.0857616390435356e-08,1.0204460940302092e-08,3.704622843778183e-09,2.0789047450484383e-09,4.42093335147547e-09,5.638940813748731e-10,0.0,1.3181192642188172e-13,6.596707348521004e-17,4.873146407665055e-16
4,lbfgs,1839,1776.0,2736.3999999999996,1.0847198695715904e-08,1.0198883611234099e-08,3.702262195547037e-09,2.0803696829400176e-09,4.416251732747044e-09,5.59053718830794e-10,0.0,1.3173042118913197e-13,6.60233819007272e-17,4.868324244603138e-16
4,lbfgs,1849,1776.0,2736.3999999999996,1.0834908614601853e-08,1.019185621709359e-08,3.700345699625048e-09,2.084823207732885e-09,4.406687309735657e-09,5.537910357318691e-10,0.0,1.316638251719176e-13,6.619121780047043e-17,4.857894972477695e-16
4,lbfgs,1859,1776.0,2736.3999999999996,1.0824676826344874e-08,1.0187600534880236e-08,3.6961557625297904e-09,2.0817852134022977e-09,4.409659558948147e-09,5.478149328467266e-10,0.0,1.3152027085083492e-13,6.607514211994202e-17,4.861933466952271e-16
4,lbfgs,1869,1776.0,2736.3999999999996,1.0813340559376255e-08,1.0184468328584489e-08,3.689776578392286e-09,2.075957945675979e-09,4.418733804516224e-09,5.396108763476317e-10,0.0,1.3130258287734422e-13,6.584328249192034e-17,4.873207757911268e-16
4,lbfgs,1879,1776.0,2736.3999999999996,1.0803078351247372e-08,1.0178148535798868e-08,3.688179057090333e-09,2.0782476273740423e-09,4.411721851334493e-09,5.356684637848161e-10,0.0,1.3124685440336856e-13,6.59351759786922e-17,4.865522076245032e-16
4,lbfgs,1889,1776.0,2736.3999999999996,1.0793845662163863e-08,1.0173283630360965e-08,3.6857949467677387e-09,2.078828458410727e-09,4.4086602251825e-09,5.313006829639822e-10,0.0,1.31164713059032e-13,6.595724978291664e-17,4.862403856655018e-16
4,lbfgs,1899,1776.0,2736.3999999999996,1.078232388405843e-08,1.0166884165586203e-08,3.683310489691604e-09,2.080836311401925e-09,4.402737364492675e-09,5.261783731998187e-10,0.0,1.3107885113444572e-13,6.603381328435036e-17,4.856011970549719e-16
4,lbfgs,1909,1776.0,2736.3999999999996,1.0773339830198252e-08,1.0162806933992055e-08,3.67995925830174e-09,2.0789947218674215e-09,4.403852953822894e-09,5.21271553759595e-10,0.0,1.3096395784386525e-13,6.596192301230717e-17,4.857753480252161e-16
4,lbfgs,1919,1776.0,2736.3999999999996,1.0762360904890811e-08,1.015847898210467e-08,3.6750432080371163e-09,2.075401471748191e-09,4.408034302319363e-09,5.146205840424033e-10,0.0,1.3079582562058036e-13,6.581848997819475e-17,4.863204438609927e-16
4,lbfgs,1929,1776.0,2736.3999999999996,1.0753541823471104e-08,1.0153374943645998e-08,3.6731536898922444e-09,2.0764620206229154e-09,4.403759233130839e-09,5.109055436630791e-10,0.0,1.3073042384175578e-13,6.586099095280033e-17,4.858554408889601e-16
4,lbfgs,1939,1776.0,2736.3999999999996,1.0743167743404739e-08,1.0146948497107882e-08,3.6717342206270243e-09,2.0801111335417355e-09,4.395103142939123e-09,5.069579133563221e-10,0.0,1.30680761809826e-13,6.60021233581734e-17,4.848764311765683e-16
4,lbfgs,1949,1776.0,2736.3999999999996,1.0734396392849574e-08,1.0143003113857667e-08,3.6681168572348953e-09,2.0771947335011533e-09,4.39769152312162e-09,5.021319487337555e-10,0.0,1.3055681876693924e-13,6.588908835480736e-17,4.852196314487528e-16
4,lbfgs,1959,1776.0,2736.3999999999996,1.0724763515244486e-08,1.0140066085608455e-08,3.6625188823445986e-09,2.0718170913927307e-09,4.405730111871125e-09,4.954361029571875e-10,0.0,1.3036585200595987e-13,6.56707059194614e-17,4.862138886460556e-16
4,lbfgs,1969,1776.0,2736.3999999999996,1.071586099159659e-08,1.0134230310078874e-08,3.661247732882319e-09,2.073598190581617e-09,4.399384386614937e-09,4.923693571895621e-10,0.0,1.30321233963155e-13,6.57456516006219e-17,4.854960568356797e-16
4,lbfgs,1979,1776.0,2736.3999999999996,1.0707880478316726e-08,1.0129722563055258e-08,3.6592352384891453e-09,2.0739025172514133e-09,4.396584807314699e-09,4.88896593345637e-10,0.0,1.3025175115014527e-13,6.57582850518094e-17,4.851942277525948e-16
4,lbfgs,1989,1776.0,2736.3999999999996,1.0697906263235002e-08,1.012379757140232e-08,3.6571729292617195e-09,2.0754042812892356e-09,4.391220360851365e-09,4.848473729698901e-10,0.0,1.3018024661122793e-13,6.581795724813714e-17,4.845923447171685e-16
4,lbfgs,1999,1776.0,2736.3999999999996,1.0690079648958574e-08,1.0119985689746234e-08,3.6542271039945147e-09,2.073597452534691e-09,4.392161133217029e-09,4.808326427997883e-10,0.0,1.3007916645299553e-13,6.574668217158894e-17,4.847331998655425e-16
4,lbfgs,2009,1776.0,2736.3999999999996,1.0680518595787247e-08,1.0115912854055095e-08,3.649852160471544e-09,2.0702327855948836e-09,4.395827907988667e-09,4.753444285526647e-10,0.0,1.2992945070856039e-13,6.561004458717314e-17,4.85205847214726e-16
4,lbfgs,2019,1776.0,2736.3999999999996,1.0672780830667735e-08,1.0111171085164212e-08,3.648240596866488e-09,2.0709675688634915e-09,4.391962919434231e-09,4.723484345658126e-10,0.0,1.298734895764963e-13,6.564169390468469e-17,4.847707974329544e-16
4,lbfgs,2029,1776.0,2736.3999999999996,1.0663705858577426e-08,1.0105222151224612e-08,3.6471060813227968e-09,2.0739221625535263e-09,4.384193907348289e-09,4.692223992136048e-10,0.0,1.2983348046412682e-13,6.576011118953142e-17,4.83869372658926e-16
4,lbfgs,2039,1776.0,2736.3999999999996,1.0655957957783687e-08,1.0101508933635394e-08,3.6438499980277115e-09,2.0712031578507553e-09,4.386455777756927e-09,4.651877183794127e-10,0.0,1.2972181987278935e-13,6.565308843969523e-17,4.841666320699674e-16
4,lbfgs,2049,1776.0,2736.3999999999996,1.0647508234628504e-08,1.0098691679415193e-08,3.638754228777276e-09,2.0663623801864123e-09,4.3935750704515035e-09,4.5955525263150854e-10,0.0,1.2954788415160421e-13,6.545173593062753e-17,4.850494642672225e-16
4,lbfgs,2059,1776.0,2736.3999999999996,1.0639591678202097e-08,1.0093275569908398e-08,3.637681676437417e-09,2.0677146177364004e-09,4.38787927573458e-09,4.5705480778113403e-10,0.0,1.2951000615132024e-13,6.551259587279116e-17,4.843903788899643e-16
4,lbfgs,2069,1776.0,2736.3999999999996,1.0632516940787672e-08,1.008907333876116e-08,3.6359023235872567e-09,2.0678174451542697e-09,4.385353570019633e-09,4.5418230365438813e-10,0.0,1.2944842301898053e-13,6.551854733209423e-17,4.84108111000156e-16
4,lbfgs,2079,1776.0,2736.3999999999996,1.062367090862143e-08,1.0083562500236836e-08,3.634102415252417e-09,2.0689160421580353e-09,4.380544042826383e-09,4.508471127262484e-10,0.0,1.29385801515674e-13,6.55650261984054e-17,4.835536727015967e-16
4,lbfgs,2089,1776.0,2736.3999999999996,1.0616702389219844e-08,1.0079980802114398e-08,3.631423692920765e-09,2.0672044729700142e-09,4.3813526362236175e-09,4.4746029364690007e-10,0.0,1.2929376650261124e-13,6.549669277226137e-17,4.836721056352129e-16
4,lbfgs,2099,1776.0,2736.3999999999996,1.0608196070492866e-08,1.0076129110402213e-08,3.6274121131635912e-09,2.064133977614063e-09,4.3845830196245584e-09,4.428056695500295e-10,0.0,1.291563351389471e-13,6.536947378658165e-17,4.840878912894306e-16
4,lbfgs,2109,1776.0,2736.3999999999996,1.0601278026457442e-08,1.0071715559528969e-08,3.625980016597398e-09,2.064613865050485e-09,4.381121677881086e-09,4.403011784023752e-10,0.0,1.2910644865399545e-13,6.539279572675257e-17,4.836885979077115e-16
4,lbfgs,2119,1776.0,2736.3999999999996,1.0593185098218675e-08,1.0066200810378493e-08,3.625021299022019e-09,2.0669813489471685e-09,4.374198162409306e-09,4.3772300182950637e-10,0.0,1.290723790817223e-13,6.549218894782601e-17,4.828687799933339e-16
4,lbfgs,2129,1776.0,2736.3999999999996,1.0586229269307276e-08,1.0062699818715166e-08,3.6220159824159e-09,2.064499359753321e-09,4.3761844765459446e-09,4.342681667398946e-10,0.0,1.289691962778378e-13,6.53927831189417e-17,4.831300149738568e-16
4,lbfgs,2139,1776.0,2736.3999999999996,1.0578684054999836e-08,1.0059992069419584e-08,3.6172755422335102e-09,2.0602239684942313e-09,4.3824925586918425e-09,4.2943070464670777e-10,0.0,1.2880722792765775e-13,6.520985221803252e-17,4.839177967758216e-16
4,lbfgs,2149,1776.0,2736.3999999999996,1.0571546010112944e-08,1.0054963180021958e-08,3.6163325239567536e-09,2.0612193680797874e-09,4.377411287985417e-09,4.2732155103603023e-10,0.0,1.2877374414973524e-13,6.525908955259088e-17,4.833189447363963e-16
5,adam,0,2736.3999999999996,4080.959999999999,1.8282984693626919e-06,1.371154950206934e-06,1.0470396526216e-06,1.306070769566402e-07,1.9350822062869376e-07,4.5705165006897816e-07,0.0,3.725602545660557e-11,2.893162879332119e-15,1.492256137900158e-14
5,adam,24,2736.3999999999996,4080.959999999999,0.00011620844007284121,6.557766211093193e-05,1.1476273823968564e-06,5.1589948083748746e-05,1.2840086644786332e-05,5.063068687122333e-05,0.0,4.0775471212393385e-11,1.1654233121107917e-12,9.723114391907446e-13
5,adam,49,2736.3999999999996,4080.959999999999,8.33322037663366e-06,5.287786629723726e-06,2.559750940341606e-07,4.353470941269799e-06,6.78340594419767e-07,3.0453428483889434e-06,0.0,8.887068223810215e-12,9.622757767973517e-14,5.253060000329263e-14
5,adam,74,2736.3999999999996,4080.959999999999,1.6113337360283027e-06,9.90403977020055e-07,1.821157970050363e-07,5.836321994471005e-07,2.2465598056791805e-07,6.208389114604524e-07,0.0,6.344817114009702e-12,1.2968505653980308e-14,1.7288637557807355e-14
5,adam,99,2736.3999999999996,4080.959999999999,9.853465063962476e-07,7.205581888613729e-07,1.6970508570888925e-07,4.275080405993377e-07,1.2334506255314593e-07,2.646974809036808e-07,0.0,5.899068392398172e-12,9.497048553613868e-15,9.504871457273158e-15
5,adam,124,2736.3999999999996,4080.959999999999,8.170160855078314e-07,6.067242545802819e-07,1.430668353221819e-07,3.82949015309833e-07,8.070840394826693e-08,2.1020099965928456e-07,0.0,4.9672335721398494e-12,8.50951899459209e-15,6.226025737097323e-15
5,adam,149,2736.3999999999996,4080.959999999999,6.914840896564352e-07,5.014701051319991e-07,1.2747301923733822e-07,2.912426693524302e-07,8.27544165422307e-08,1.899231565096452e-07,0.0,4.419276339927026e-12,6.474513714589258e-15,6.387094280964956e-15
5,adam,174,2736.3999999999996,4080.959999999999,5.904530041228377e-07,4.25304073980173e-07,1.1433046763313845e-07,2.3582776784069856e-07,7.5145838506336e-08,1.6505810312619663e-07,0.0,3.957441767385646e-12,5.244967960296784e-15,5.8036166045161956e-15
5,adam,199,2736.3999999999996,4080.959999999999,5.083953692969742e-07,3.6210295700585567e-07,1.0351390992752334e-07,1.8878806453136736e-07,6.980098254696498e-08,1.4620158456645675e-07,0.0,3.5772916614456102e-12,4.200556274466595e-15,5.394241847765313e-15
5,adam,224,2736.3999999999996,4080.959999999999,4.4431109695510095e-07,3.118441906910582e-07,9.867886604704717e-08,1.461595956075461e-07,6.700572903646493e-08,1.3237607684002045e-07,0.0,3.4050125304646892e-12,3.2539060550639446e-15,5.181477080633237e-15
5,adam,249,2736.3999999999996,4080.959999999999,3.9158446348283436e-07,2.7011587549966283e-07,9.145055490004249e-08,1.1576933668547544e-07,6.28959839141449e-08,1.2137775596783607e-07,0.0,3.1521656252580963e-12,2.5780504273072612e-15,4.866761504767098e-15
5,adam,274,2736.3999999999996,4080.959999999999,3.5006937320466917e-07,2.375778995744571e-07,8.423431696180167e-08,9.280773071371308e-08,6.053585189894235e-08,1.1240063829581875e-07,0.0,2.899576383008526e-12,2.067170503267689e-15,4.6868176014831535e-15
5,adam,299,2736.3999999999996,4080.959999999999,3.172404106936826e-07,2.1199959592083618e-07,7.81016693514742e-08,7.51571622494364e-08,5.8740764319925556e-08,1.0514997574914054e-07,0.0,2.6852973013416287e-12,1.6743195363778162e-15,4.550102879595832e-15
5,adam,324,2736.3999999999996,4080.959999999999,2.910653566731739e-07,1.9171749333390135e-07,7.221011929825983e-08,6.175617777256476e-08,5.775119626307675e-08,9.925702056250498e-08,0.0,2.4800932770137902e-12,1.3759971745034205e-15,4.475370670597779e-15
5,adam,349,2736.3999999999996,4080.959999999999,2.6997278641077045e-07,1.754052628890518e-07,6.65289998967536e-08,5.163332140922375e-08,5.7242941583074415e-08,9.447667712118098e-08,0.0,2.2829045248321353e-12,1.1506356563544206e-15,4.43760171936789e-15
5,adam,374,2736.3999999999996,4080.959999999999,2.527665484806454e-07,1.620917426844962e-07,6.106164421671493e-08,4.4018186902672295e-08,5.701191156510897e-08,9.058395601074715e-08,0.0,2.093723515981633e-12,9.811091157655953e-16,4.421046395123214e-15
5,adam,399,2736.3999999999996,4080.959999999999,2.385417419339235e-07,1.510567742164504e-07,5.583870544447391e-08,3.8300723884747587e-08,5.691734488722889e-08,8.73941148361114e-08,0.0,1.91345176153679e-12,8.538433159621548e-16,4.4148414568288355e-15
5,adam,424,2736.3999999999996,4080.959999999999,2.3032993675063375e-07,1.4591846224490055e-07,4.975637295178304e-08,3.6960973734554526e-08,5.9201115558562975e-08,8.432061835435082e-08,0.0,1.705560528459263e-12,8.236629654619656e-16,4.5907761797369195e-15
5,adam,449,2736.3999999999996,4080.959999999999,2.2042699885222768e-07,1.386973577580448e-07,4.616558469846935e-08,3.3073360970689544e-08,5.9458412088885905e-08,8.163878190666301e-08,0.0,1.5809046675705959e-12,7.371036157523104e-16,4.6113711137943914e-15
5,adam,474,2736.3999999999996,4080.959999999999,2.1204078396957068e-07,1.3224258908270831e-07,4.234310638419065e-08,3.037105915225237e-08,5.952842354626528e-08,7.970733312776776e-08,0.0,1.4491776019846657e-12,6.770043984748433e-16,4.617247319087942e-15
5,adam,499,2736.3999999999996,4080.959999999999,2.0474617730756802e-07,1.2647128510490024e-07,3.8752321444866344e-08,2.8288901084633045e-08,5.943006257540085e-08,7.81840282399183e-08,0.0,1.3257539450400341e-12,6.306848124650743e-16,4.609959480070151e-15
5,adam,524,2736.3999999999996,4080.959999999999,1.982796842928589e-07,1.2127435109253627e-07,3.542512985577563e-08,2.669032697897834e-08,5.915889425778229e-08,7.691446730326637e-08,0.0,1.211508283505179e-12,5.951249774572287e-16,4.589179504129369e-15
5,adam,549,2736.3999999999996,4080.959999999999,1.924585775922044e-07,1.1652698934582805e-07,3.239785958010653e-08,2.542252316574464e-08,5.870660659997688e-08,7.584072060959259e-08,0.0,1.1076419976260083e-12,5.669153636792799e-16,4.554255192280132e-15
5,adam,574,2736.3999999999996,4080.959999999999,1.8715339529881712e-07,1.1214127299813826e-07,2.9644760096379e-08,2.439333822451324e-08,5.8103174677246024e-08,7.492125306151094e-08,0.0,1.0132377969500433e-12,5.440033721010374e-16,4.507521282244446e-15
5,adam,599,2736.3999999999996,4080.959999999999,1.8227078842962925e-07,1.0805505174595531e-07,2.7150671287821812e-08,2.3538585767997934e-08,5.736579469013556e-08,7.412486593275171e-08,0.0,9.277551770045184e-13,5.249600940503164e-16,4.450316726119174e-15
5,adam,624,2736.3999999999996,4080.959999999999,1.747208403567367e-07,1.012092074483136e-07,2.3192435989326197e-08,2.208431850408995e-08,5.593245295489745e-08,7.342076092217603e-08,0.0,7.915797761738207e-13,4.929515238142103e-16,4.341735564904019e-15
5,adam,649,2736.3999999999996,4080.959999999999,1.7034677475332861e-07,9.722450364796836e-08,2.197789510451163e-08,2.1229358329938424e-08,5.40172502135183e-08,7.303139775712909e-08,0.0,7.50507725491226e-13,4.737473713134627e-16,4.1924627852355694e-15
5,adam,674,2736.3999999999996,4080.959999999999,1.6627175247110987e-07,9.37111584628751e-08,2.001486227536257e-08,2.0736102918584613e-08,5.2960193268927916e-08,7.246971926247726e-08,0.0,6.831974924510669e-13,4.627326047897955e-16,4.110477946854479e-15
5,adam,699,2736.3999999999996,4080.959999999999,1.624332810303248e-07,9.033651594473712e-08,1.8456698266078824e-08,2.0225458743516003e-08,5.165435893514229e-08,7.200588891702572e-08,0.0,6.298814851600354e-13,4.513023223571527e-16,4.008950095381244e-15
5,adam,724,2736.3999999999996,4080.959999999999,1.5880304845549621e-07,8.713213116521525e-08,1.6985162339719873e-08,1.975776748385454e-08,5.038920134164082e-08,7.158003966460921e-08,0.0,5.795379548483588e-13,4.4082401019378546e-16,3.910544537169973e-15
5,adam,749,2736.3999999999996,4080.959999999999,1.5535824854631963e-07,8.408071643155368e-08,1.5670264387081072e-08,1.9326007822831852e-08,4.908444422164076e-08,7.118665297816042e-08,0.0,5.345706146608132e-13,4.3114226032109353e-16,3.809006016450703e-15
5,adam,774,2736.3999999999996,4080.959999999999,1.5207892634055777e-07,8.117359287178875e-08,1.4479953639614563e-08,1.8923695770665555e-08,4.7769943461508636e-08,7.081445275663541e-08,0.0,4.938732704310913e-13,4.221132256178093e-16,3.706677170168515e-15
5,adam,799,2736.3999999999996,4080.959999999999,1.4894745161521767e-07,7.839910512977394e-08,1.3405886671738204e-08,1.8545735036153518e-08,4.644748342188223e-08,7.045746412482176e-08,0.0,4.571620545272158e-13,4.1362423760602713e-16,3.603701625498305e-15
5,adam,824,2736.3999999999996,4080.959999999999,1.4421725000713277e-07,7.397590651696099e-08,1.2726670771641067e-08,1.7859882932625376e-08,4.338935281269454e-08,7.015045930839711e-08,0.0,4.3411076878002094e-13,3.982745395363214e-16,3.365810905135632e-15
5,adam,849,2736.3999999999996,4080.959999999999,1.414388751707732e-07,7.157717227853714e-08,1.1641292966936523e-08,1.7529190430951436e-08,4.240668888064919e-08,6.977081688608253e-08,0.0,3.969117128014501e-13,3.9084891680452645e-16,3.2893879111898905e-15
5,adam,874,2736.3999999999996,4080.959999999999,1.9168544720405812e-07,1.0234640738179198e-07,1.2365245345031766e-08,3.067816993630987e-08,5.930299210045035e-08,8.924815223182343e-08,0.0,4.2151971712946785e-13,6.908891403695273e-16,4.6294472966109045e-15
5,adam,899,2736.3999999999996,4080.959999999999,2.393136757146155e-07,1.6237418253516253e-07,1.4939573901979114e-08,1.1785966059667193e-07,2.9574948036511473e-08,7.684870048412569e-08,0.0,5.109179698746025e-13,2.6559957060764462e-15,2.300543769808025e-15
5,adam,924,2736.3999999999996,4080.959999999999,2.695179512542244e-07,1.8807470077382465e-07,1.6044814403096103e-08,1.4387129025787682e-07,2.8158596112851723e-08,8.135248772317545e-08,0.0,5.504856022459727e-13,3.247361042574142e-15,2.192676736024635e-15
5,adam,949,2736.3999999999996,4080.959999999999,1.9897712756739524e-07,1.265557387982035e-07,1.320820029319274e-08,8.793868273418271e-08,2.5408855770828043e-08,7.23306244057962e-08,0.0,4.5227744151063246e-13,1.978290363613984e-15,1.9745338700541453e-15
5,adam,974,2736.3999999999996,4080.959999999999,1.5782695920425129e-07,8.992865176519492e-08,1.2200237575879458e-08,5.105292947074681e-08,2.6675484718568656e-08,6.780753820476452e-08,0.0,4.167120416047411e-13,1.1418649109681912e-15,2.07321643950785e-15
5,adam,999,2736.3999999999996,4080.959999999999,1.4339529818589953e-07,7.631626114783809e-08,1.1477879540284566e-08,3.722250568448782e-08,2.76158759230657e-08,6.698826284366014e-08,0.0,3.9148087368160407e-13,8.300920133630795e-16,2.1462823616831383e-15
5,adam,1024,2736.3999999999996,4080.959999999999,1.3790312649541329e-07,7.139382242349474e-08,1.05423078035344e-08,3.171614199081446e-08,2.9135372629145873e-08,6.641852514483165e-08,0.0,3.590503744715284e-13,7.063145103424149e-16,2.263018863311481e-15
5,adam,1049,2736.3999999999996,4080.959999999999,1.321261957975738e-07,6.622271469707221e-08,9.842253365162232e-09,2.7563308000462446e-08,2.8817153331447544e-08,6.581269787365476e-08,0.0,3.352177268934722e-13,6.136617370440658e-16,2.2367218893941014e-15
5,adam,1074,2736.3999999999996,4080.959999999999,1.278567216464053e-07,6.245825697433686e-08,9.109692863386385e-09,2.4658005178989328e-08,2.8690558931961146e-08,6.530767751370281e-08,0.0,3.1034328789019857e-13,5.48828797666401e-16,2.225999207733005e-15
5,adam,1099,2736.3999999999996,4080.959999999999,1.2447006682351254e-07,5.953886638308357e-08,8.504613596510969e-09,2.2600917342613933e-08,2.843333544395867e-08,6.484040955745695e-08,0.0,2.898346748324407e-13,5.029542384028267e-16,2.2052901137844844e-15
5,adam,1124,2736.3999999999996,4080.959999999999,1.2162152871832048e-07,5.714390738007798e-08,7.994151185659758e-09,2.1082292112127267e-08,2.806746408229096e-08,6.438682685866557e-08,0.0,2.7255503098025835e-13,4.691052683779861e-16,2.176269170137593e-15
5,adam,1149,2736.3999999999996,4080.959999999999,1.1911058450645026e-07,5.508904697348527e-08,7.54997537982701e-09,1.99172728486541e-08,2.762179874500416e-08,6.393073953753605e-08,0.0,2.5752894364231063e-13,4.431437349615027e-16,2.141170400651513e-15
5,adam,1174,2736.3999999999996,4080.959999999999,1.1681924962298627e-07,5.326448167740579e-08,7.16207037676183e-09,1.8993403227571795e-08,2.7109008073072167e-08,6.34639664799521e-08,0.0,2.444147458584939e-13,4.2255685181771433e-16,2.100947035054126e-15
5,adam,1199,2736.3999999999996,4080.959999999999,1.1467785609238055e-07,5.1605293362962553e-08,6.819496146514485e-09,1.823715337631872e-08,2.6548643840129348e-08,6.29817578104147e-08,0.0,2.3283976519236744e-13,4.057030391651794e-16,2.0570987033603677e-15
5,adam,1224,2736.3999999999996,4080.959999999999,1.1063271573107418e-07,4.805514451506942e-08,7.103054030223653e-09,1.6264778638324386e-08,2.4687311846521384e-08,6.248676291845926e-08,0.0,2.427174233233803e-13,3.6200953217669243e-16,1.9128773190809945e-15
5,adam,1249,2736.3999999999996,4080.959999999999,1.0861658823755152e-07,4.6492515953843755e-08,6.613476515979637e-09,1.5711812934564983e-08,2.4167226503299135e-08,6.203326066872552e-08,0.0,2.2610384426194052e-13,3.496326818330319e-16,1.8724236055576528e-15
5,adam,1274,2736.3999999999996,4080.959999999999,1.0668601714984511e-07,4.503753679338672e-08,6.275998557771401e-09,1.5272939143116984e-08,2.3488599092498334e-08,6.15576653639633e-08,0.0,2.1466543322598057e-13,3.3982051848197073e-16,1.8194475560404954e-15
5,adam,1299,2736.3999999999996,4080.959999999999,1.048289351745667e-07,4.368641071893773e-08,5.993950127173898e-09,1.4876230685374475e-08,2.281622990638936e-08,6.105170602140896e-08,0.0,2.0512636461991063e-13,3.3095087271738213e-16,1.7669622122122403e-15
5,adam,1324,2736.3999999999996,4080.959999999999,1.0303963829914025e-07,4.2428168306053136e-08,5.721139310961966e-09,1.4523851185861929e-08,2.218317780922924e-08,6.052064805347538e-08,0.0,1.958998755916549e-13,3.230794681905446e-16,1.7175532423739381e-15
5,adam,1349,2736.3999999999996,4080.959999999999,1.0131407476024027e-07,4.1256609559672687e-08,5.473119729729305e-09,1.4197153175899005e-08,2.158633665404438e-08,5.996663969257421e-08,0.0,1.875165885513749e-13,3.1577991771666774e-16,1.670975394923915e-15
5,adam,1374,2736.3999999999996,4080.959999999999,9.96492671946976e-08,4.0167788400206595e-08,5.2493245981427475e-09,1.3894310519819587e-08,2.1024153282244265e-08,5.939064965791346e-08,0.0,1.7995773217628065e-13,3.0901293909221957e-16,1.6270978364695831e-15
5,adam,1399,2736.3999999999996,4080.959999999999,9.804297183741841e-08,3.915763143561762e-08,5.0474077263305135e-09,1.3612431378220131e-08,2.0497792331066976e-08,5.879450758039883e-08,0.0,1.7314277193458734e-13,3.027138357402691e-16,1.5860066508924396e-15
5,lbfgs,1400,2736.3999999999996,4080.959999999999,1.0291413957224436e-07,4.405299868003987e-08,4.900546830516228e-09,1.6143928632335025e-08,2.300852321718862e-08,5.877030792231771e-08,0.0,1.6816818841393307e-13,3.588218377963782e-16,1.778981205712577e-15
5,lbfgs,1409,2736.3999999999996,4080.959999999999,1.0421710695550045e-07,4.468996281210028e-08,4.927866742143035e-09,1.541184242875685e-08,2.43502536412004e-08,5.943631117351217e-08,0.0,1.690952895636139e-13,3.419878503638278e-16,1.8854717666242626e-15
5,lbfgs,1419,2736.3999999999996,4080.959999999999,1.0294712417009432e-07,4.412513123134658e-08,4.880593312857662e-09,1.641329344905516e-08,2.283124446943376e-08,5.873115996847725e-08,0.0,1.6748547198976244e-13,3.649983378672859e-16,1.7650101750980414e-15
5,lbfgs,1429,2736.3999999999996,4080.959999999999,1.0399308799925408e-07,4.456363277274953e-08,4.9199042697253505e-09,1.540830145028346e-08,2.423542705274072e-08,5.933862225642288e-08,0.0,1.6882320212388504e-13,3.4191136029467157e-16,1.8763638153067684e-15
5,lbfgs,1439,2736.3999999999996,4080.959999999999,1.0292915987320042e-07,4.411417131397226e-08,4.876412145317545e-09,1.639212969110474e-08,2.2845629477549978e-08,5.8724155588787335e-08,0.0,1.6734219030891308e-13,3.6451535265030956e-16,1.7661548556140409e-15
5,lbfgs,1449,2736.3999999999996,4080.959999999999,1.0392213191732586e-07,4.452504227687392e-08,4.914766058242763e-09,1.540560974528673e-08,2.4204666473344424e-08,5.930625667019117e-08,0.0,1.6864744593064828e-13,3.418536100752749e-16,1.8739279484579533e-15
5,lbfgs,1459,2736.3999999999996,4080.959999999999,1.029151282266459e-07,4.4107451301521125e-08,4.872611583225424e-09,1.6383603830656206e-08,2.2851235887639494e-08,5.871684395451192e-08,0.0,1.672120401279106e-13,3.643222288749906e-16,1.7666042755377345e-15
5,lbfgs,1469,2736.3999999999996,4080.959999999999,1.0388771675646644e-07,4.450714665546559e-08,4.910793087374445e-09,1.5402217524083522e-08,2.4194136044007625e-08,5.9289737130564903e-08,0.0,1.6851151368606024e-13,3.417793792009698e-16,1.873097355304703e-15
5,lbfgs,1479,2736.3999999999996,4080.959999999999,1.0290223551597888e-07,4.4101976885194335e-08,4.869318301546216e-09,1.6378854517502287e-08,2.285380406614583e-08,5.870942565999939e-08,0.0,1.670993035316871e-13,3.642157423103719e-16,1.7668129479116932e-15
5,lbfgs,1489,2736.3999999999996,4080.959999999999,1.0386484949453754e-07,4.449587641843661e-08,4.907547749571505e-09,1.5398655786879295e-08,2.4189672881985813e-08,5.9278140105491304e-08,0.0,1.684004811535362e-13,3.4170101772230635e-16,1.872748050931887e-15
5,lbfgs,1499,2736.3999999999996,4080.959999999999,1.0288977373248621e-07,4.4096982019327864e-08,4.8665162921587616e-09,1.6375427692984504e-08,2.2855038034184603e-08,5.8701958742201e-08,0.0,1.6700341115709007e-13,3.641396079468302e-16,1.7669158888214513e-15
5,lbfgs,1509,2736.3999999999996,4080.959999999999,1.038464913750637e-07,4.448730209884597e-08,4.904859431682208e-09,1.539509668261761e-08,2.4187345984546153e-08,5.926835630543518e-08,0.0,1.6830851929198624e-13,3.4162255621005095e-16,1.872568155093672e-15
5,lbfgs,1519,2736.3999999999996,4080.959999999999,1.0287751377777208e-07,4.409221634077156e-08,4.864160976270211e-09,1.637249444418167e-08,2.2855560920319672e-08,5.8694464465871216e-08,0.0,1.6692282671419785e-13,3.640748038976863e-16,1.7669625080533248e-15
5,lbfgs,1529,2736.3999999999996,4080.959999999999,1.0383021780466398e-07,4.448005576712058e-08,4.902633795035075e-09,1.539157625175139e-08,2.418584572033412e-08,5.9259329066588486e-08,0.0,1.682324004885888e-13,3.4154486852057e-16,1.872453804147127e-15
5,lbfgs,1539,2736.3999999999996,4080.959999999999,1.0286536648750415e-07,4.408757993544102e-08,4.8622045573560095e-09,1.6369736319629106e-08,2.2855639058455905e-08,5.8686953580762174e-08,0.0,1.668559086055075e-13,3.640140172776322e-16,1.7669739292024266e-15
5,lbfgs,1549,2736.3999999999996,4080.959999999999,1.0381505062327054e-07,4.4473565354098526e-08,4.900805297686026e-09,1.5388093667749304e-08,2.41846663886632e-08,5.9250652298045186e-08,0.0,1.6816988092854475e-13,3.4146796642866085e-16,1.8723649057197246e-15
5,lbfgs,1559,2736.3999999999996,4080.959999999999,1.0285329145041437e-07,4.40830253667092e-08,4.860602238351901e-09,1.6367021304200346e-08,2.285540182415695e-08,5.867943311223287e-08,0.0,1.6680112034807427e-13,3.63954214820701e-16,1.7669604077306775e-15
5,lbfgs,1569,2736.3999999999996,4080.959999999999,1.038005389503507e-07,4.4467550658577256e-08,4.899322555289001e-09,1.5384640671674515e-08,2.4183587431613742e-08,5.924215532047511e-08,0.0,1.68119201236558e-13,3.4139168177448236e-16,1.872283975835448e-15
5,lbfgs,1579,2736.3999999999996,4080.959999999999,1.0284126787296637e-07,4.4078526576775023e-08,4.859313582577123e-09,1.6364293177514793e-08,2.2854919816683104e-08,5.8671908324548034e-08,0.0,1.6675707605193536e-13,3.6389410444695554e-16,1.766927532953686e-15
5,lbfgs,1589,2736.3999999999996,4080.959999999999,1.0378645072240461e-07,4.446185603002468e-08,4.898142864576742e-09,1.5381209309302995e-08,2.4182503856144943e-08,5.923376172091045e-08,0.0,1.6807889936561452e-13,3.4131584723393216e-16,1.872202690015504e-15
5,lbfgs,1599,2736.3999999999996,4080.959999999999,1.028292839008788e-07,4.407406753577791e-08,4.858302534503024e-09,1.636152888630655e-08,2.2854236114968334e-08,5.866438339328683e-08,0.0,1.6672254056081315e-13,3.6383315643823263e-16,1.766878710155723e-15
5,lbfgs,1609,2736.3999999999996,4080.959999999999,1.0377265533346036e-07,4.445638660555625e-08,4.897229710915696e-09,1.5377793495430015e-08,2.418136339921054e-08,5.92254357562638e-08,0.0,1.6804772529736368e-13,3.412403340929706e-16,1.8721169025317042e-15
5,lbfgs,1619,2736.3999999999996,4080.959999999999,1.0281733219821316e-07,4.4069637520505297e-08,4.857537076593438e-09,1.635872050842226e-08,2.28533799354896e-08,5.865686170572339e-08,0.0,1.6669641739091122e-13,3.6377118896520956e-16,1.7668162458135068e-15
5,lbfgs,1629,2736.3999999999996,4080.959999999999,1.0375907369819945e-07,4.4451080605947205e-08,4.896551403510685e-09,1.537438895635642e-08,2.4180140246080095e-08,5.9217160120441426e-08,0.0,1.6802459427554673e-13,3.4116505216005887e-16,1.8720245639711837e-15
5,lbfgs,1639,2736.3999999999996,4080.959999999999,1.0280540791174333e-07,4.4065228901275836e-08,4.856988811054623e-09,1.635586708587506e-08,2.2852373004346157e-08,5.8649346038312864e-08,0.0,1.666777342321929e-13,3.637081803039243e-16,1.7667418538353349e-15
5,lbfgs,1649,2736.3999999999996,4080.959999999999,1.0374565485363758e-07,4.444589579183544e-08,4.896080205837554e-09,1.5370992840558098e-08,2.4178822745439783e-08,5.920892608982111e-08,0.0,1.680085569901627e-13,3.4108994168982037e-16,1.8719247479822427e-15
5,lbfgs,1659,2736.3999999999996,4080.959999999999,1.0279350765171386e-07,4.406083599804816e-08,4.856632553301114e-09,1.6352970776646542e-08,2.28512326681005e-08,5.864183868134118e-08,0.0,1.666656289240467e-13,3.636441803304691e-16,1.7666569024728022e-15
5,lbfgs,1669,2736.3999999999996,4080.959999999999,1.0373236417899383e-07,4.444080221407391e-08,4.8957917189929125e-09,1.5367603331700873e-08,2.4177407163380125e-08,5.920072899276893e-08,0.0,1.6799877843064982e-13,3.410149651146685e-16,1.871817156374917e-15
5,lbfgs,1679,2736.3999999999996,4080.959999999999,1.027816289451479e-07,4.405645443941226e-08,4.856445961808091e-09,1.6350035007944503e-08,2.2849973469659663e-08,5.863434153324148e-08,0.0,1.6665933671869789e-13,3.6357926804912846e-16,1.7665625391743805e-15
5,lbfgs,1689,2736.3999999999996,4080.959999999999,1.0371917709984861e-07,4.4435778039769934e-08,4.895664410992218e-09,1.5364219338659996e-08,2.417589429011772e-08,5.9192566087757973e-08,0.0,1.6799452174648816e-13,3.4094010037214726e-16,1.871701850154814e-15
5,lbfgs,1699,2736.3999999999996,4080.959999999999,1.0276976992522352e-07,4.4052080778682e-08,4.856409208850948e-09,1.6347063592164397e-08,2.284860797766666e-08,5.862685617387792e-08,0.0,1.6665817896932475e-13,3.6351353126823977e-16,1.7664597561194419e-15
5,lbfgs,1709,2736.3999999999996,4080.959999999999,1.0370607555808118e-07,4.4430807013462924e-08,4.895679239675765e-09,1.53608402638503e-08,2.4174287509936864e-08,5.918443557212805e-08,0.0,1.6799513532097714e-13,3.4086533590660166e-16,1.87157909645611e-15
5,lbfgs,1719,2736.3999999999996,4080.959999999999,1.0275792914497966e-07,4.404771225024585e-08,4.856504690129314e-09,1.6344060314069798e-08,2.2847147246046736e-08,5.861938392190097e-08,0.0,1.6666155316455766e-13,3.634470571167478e-16,1.7663494264053536e-15
5,lbfgs,1729,2736.3999999999996,4080.959999999999,1.0369304591316774e-07,4.442587682550087e-08,4.895819340243318e-09,1.5357465837807626e-08,2.4172591647449925e-08,5.917633611500738e-08,0.0,1.680000420637944e-13,3.4079066710268147e-16,1.8714492769847482e-15
5,lbfgs,1739,2736.3999999999996,4080.959999999999,1.0274610545974042e-07,4.4043346606704306e-08,4.8567167693896785e-09,1.634102874915552e-08,2.284560108815911e-08,5.861192588003424e-08,0.0,1.6666892417058753e-13,3.6337992787770504e-16,1.7662323255587473e-15
5,lbfgs,1749,2736.3999999999996,4080.959999999999,1.0368007766730891e-07,4.442097804138063e-08,4.896069761389072e-09,1.535409600060168e-08,2.4170812279389882e-08,5.916826665309971e-08,0.0,1.680087303715742e-13,3.407160937293897e-16,1.8713128333682175e-15
5,lbfgs,1759,2736.3999999999996,4080.959999999999,1.0273429794946081e-07,4.403898200537674e-08,4.8570315538471775e-09,1.6337972195417917e-08,2.2843978256111647e-08,5.8604482970913324e-08,0.0,1.6667981653365838e-13,3.633122194286452e-16,1.766109145565957e-15
5,lbfgs,1769,2736.3999999999996,4080.959999999999,1.036671626020937e-07,4.441610334494081e-08,4.896417238238597e-09,1.5350730822634474e-08,2.4168955284067734e-08,5.916022628415536e-08,0.0,1.6802074635143956e-13,3.4064161824172514e-16,1.8711702313572655e-15
5,lbfgs,1779,2736.3999999999996,4080.959999999999,1.027225058644936e-07,4.4034616925284915e-08,4.857436696561683e-09,1.6334893656725445e-08,2.284228657199779e-08,5.8597055965869234e-08,0.0,1.6669380770914851e-13,3.6324400086675824e-16,1.7659805051307508e-15
5,lbfgs,1789,2736.3999999999996,4080.959999999999,1.0365429423047715e-07,4.4411247025377546e-08,4.896849996277759e-09,1.5347370447540893e-08,2.4167026581558894e-08,5.915221423193329e-08,0.0,1.6803568710733313e-13,3.405672445560397e-16,1.8710219401656606e-15
5,lbfgs,1799,2736.3999999999996,4080.959999999999,1.027107285872657e-07,4.4030250105781536e-08,4.857921222218642e-09,1.633179585293615e-08,2.2840533030626742e-08,5.858964550797615e-08,0.0,1.6671052209439068e-13,3.6317533474735094e-16,1.7658469577062207e-15
5,lbfgs,1809,2736.3999999999996,4080.959999999999,1.0364146736907933e-07,4.440640458290914e-08,4.897357579595406e-09,1.5344015057336385e-08,2.4165031945977352e-08,5.914422981283524e-08,0.0,1.680531948601327e-13,3.404929773118645e-16,1.8708684175380285e-15
5,lbfgs,1819,2736.3999999999996,4080.959999999999,1.0269896560296816e-07,4.402588049822631e-08,4.858475373432769e-09,1.632868123634362e-08,2.2838723888449918e-08,5.8582252131065414e-08,0.0,1.6672962576565623e-13,3.631062774663498e-16,1.7657089984598529e-15
5,lbfgs,1829,2736.3999999999996,4080.959999999999,1.0362867786639267e-07,4.440157246138514e-08,4.897930701049777e-09,1.5340664846419097e-08,2.4162976913916265e-08,5.913627243150407e-08,0.0,1.6807295181896496e-13,3.404188213195401e-16,1.8707101024559413e-15
5,lbfgs,1839,2736.3999999999996,4080.959999999999,1.0268721647807117e-07,4.402150722908e-08,4.8590904748498545e-09,1.632555201445448e-08,2.283686473977566e-08,5.8574876275146424e-08,0.0,1.6675082182548762e-13,3.6303687978716187e-16,1.7655670702525524e-15
5,lbfgs,1849,2736.3999999999996,4080.959999999999,1.036159223611584e-07,4.4396747826693654e-08,4.898561109831585e-09,1.5337320008104474e-08,2.4160866708757595e-08,5.91283415607929e-08,0.0,1.680946756486943e-13,3.4034478128302256e-16,1.870547409110406e-15
5,lbfgs,1859,2736.3999999999996,4080.959999999999,1.0267548084441288e-07,4.40171295711249e-08,4.8597588128440836e-09,1.632241017424795e-08,2.2834960584032873e-08,5.856751829927505e-08,0.0,1.6677384628457957e-13,3.6296718740052175e-16,1.7654215689245178e-15
5,lbfgs,1869,2736.3999999999996,4080.959999999999,1.0360319811399618e-07,4.439192840822701e-08,4.899241474987042e-09,1.5333980725491872e-08,2.4158706207748095e-08,5.912043673192906e-08,0.0,1.6811811548398428e-13,3.4027086161306963e-16,1.87038072427322e-15
5,lbfgs,1879,2736.3999999999996,4080.959999999999,1.0266375838480279e-07,4.401274691803962e-08,4.860473529081037e-09,1.6319257498519353e-08,2.2833015890439228e-08,5.8560178492582144e-08,0.0,1.667984644187064e-13,3.6289724130191015e-16,1.7652728483873035e-15
5,lbfgs,1889,2736.3999999999996,4080.959999999999,1.0359050288999428e-07,4.438711238512304e-08,4.899965282739759e-09,1.533064716520797e-08,2.415649993717531e-08,5.911255753086296e-08,0.0,1.681430484158244e-13,3.4019706630004915e-16,1.8702104069022738e-15
5,lbfgs,1899,2736.3999999999996,4080.959999999999,1.026520488241859e-07,4.4008358766593995e-08,4.861228525949419e-09,1.6316095589467664e-08,2.283103465117691e-08,5.85528570832429e-08,0.0,1.6682446753222615e-13,3.628270783347493e-16,1.7651212248142325e-15
5,lbfgs,1909,2736.3999999999996,4080.959999999999,1.035778348426385e-07,4.438229828494611e-08,4.9007267452279e-09,1.5327319476225165e-08,2.415425206349304e-08,5.910470358351603e-08,0.0,1.681692763689534e-13,3.4012339889856713e-16,1.8700367874288693e-15
5,lbfgs,1919,2736.3999999999996,4080.959999999999,1.026403519205684e-07,4.400396469957076e-08,4.862018382786147e-09,1.6312925882857373e-08,2.2829020433927245e-08,5.854555424648073e-08,0.0,1.668516700911661e-13,3.627567315167001e-16,1.764966980786359e-15
5,lbfgs,1929,2736.3999999999996,4080.959999999999,1.035651924445103e-07,4.437748491767893e-08,4.901520720055358e-09,1.5323997788136815e-08,2.415196640948676e-08,5.9096874552487016e-08,0.0,1.6819662334936816e-13,3.4004986249635615e-16,1.8698601690340492e-15
5,lbfgs,1939,2736.3999999999996,4080.959999999999,1.0262866745941883e-07,4.3999564373563675e-08,4.862838281355927e-09,1.6309749666431184e-08,2.2826976425776565e-08,5.8538270111170445e-08,0.0,1.668799071731914e-13,3.626862304633335e-16,1.7648103687594463e-15
5,lbfgs,1949,2736.3999999999996,4080.959999999999,1.0355257441528211e-07,4.437267131434511e-08,4.90234263866007e-09,1.5320682212372183e-08,2.4149646463312858e-08,5.908907012642475e-08,0.0,1.6822493299366493e-13,3.399764597481613e-16,1.8696808283615236e-15
5,lbfgs,1959,2736.3999999999996,4080.959999999999,1.0261699524792961e-07,4.39951575073034e-08,4.863683939724192e-09,1.6306568092152062e-08,2.2824905475427153e-08,5.8531004765773746e-08,0.0,1.6690903220488257e-13,3.626156016698537e-16,1.764651614399907e-15
5,lbfgs,1969,2736.3999999999996,4080.959999999999,1.0353997967905826e-07,4.436785668726707e-08,4.903188443010261e-09,1.5317372842453553e-08,2.4147295401803263e-08,5.908129001711112e-08,0.0,1.6825406640332565e-13,3.3990319288603246e-16,1.869499017363488e-15
5,lbfgs,1979,2736.3999999999996,4080.959999999999,1.026053351119176e-07,4.399074387362363e-08,4.864551553359368e-09,1.630338219224383e-08,2.282281012802043e-08,5.852375826327387e-08,0.0,1.669389149464872e-13,3.625448688798965e-16,1.7644909193379462e-15
5,lbfgs,1989,2736.3999999999996,4080.959999999999,1.0352740731194308e-07,4.4363040388173e-08,4.904054529080442e-09,1.5314069756493135e-08,2.414491610259943e-08,5.907353394892226e-08,0.0,1.6828390021105671e-13,3.398300637797001e-16,1.8693149642612364e-15
5,lbfgs,1999,2736.3999999999996,4080.959999999999,1.0259368689195401e-07,4.398632329105314e-08,4.865437742851515e-09,1.6300192888866024e-08,2.2820692659335602e-08,5.851653062571318e-08,0.0,1.6696943970309766e-13,3.6247405330800563e-16,1.7643284638728421e-15
5,lbfgs,2009,2736.3999999999996,4080.959999999999,1.0351485653061327e-07,4.435822189220205e-08,4.904937697152266e-09,1.5310773016857697e-08,2.4142511178192087e-08,5.906580166339572e-08,0.0,1.68314324880558e-13,3.397570739311591e-16,1.8691288762442587e-15
5,lbfgs,2019,2736.3999999999996,4080.959999999999,1.0258205044081808e-07,4.398189561742823e-08,4.866339507353723e-09,1.6297001005064655e-08,2.2818555105009852e-08,5.850932184803465e-08,0.0,1.670005037316848e-13,3.6240317389139947e-16,1.7641644092849937e-15
5,lbfgs,2029,2736.3999999999996,4080.959999999999,1.035023266460145e-07,4.435340076416325e-08,4.905835107010809e-09,1.530748267355633e-08,2.414008298359611e-08,5.905809290666814e-08,0.0,1.6834524317389833e-13,3.3968422455399205e-16,1.8689409400782264e-15
5,lbfgs,2039,2736.3999999999996,4080.959999999999,1.0257042562210903e-07,4.3977460745163364e-08,4.867254183099892e-09,1.6293807276608712e-08,2.2816399285454757e-08,5.8502131901423e-08,0.0,1.67032015821858e-13,3.623322475619322e-16,1.7639988998079824e-15
5,lbfgs,2049,2736.3999999999996,4080.959999999999,1.0348981705648849e-07,4.434857664865187e-08,4.906744238625308e-09,1.530419876453777e-08,2.4137633645488793e-08,5.9050407432485954e-08,0.0,1.683765688064341e-13,3.3961151658135696e-16,1.8687513244159727e-15
5,lbfgs,2059,2736.3999999999996,4080.959999999999,1.0255881230779388e-07,4.397301859568461e-08,4.8681794065807415e-09,1.629061235819295e-08,2.2814226830910917e-08,5.849496073641921e-08,0.0,1.6706389503600112e-13,3.6226128938868817e-16,1.7638320646120494e-15
5,lbfgs,2069,2736.3999999999996,4080.959999999999,1.0347732723314025e-07,4.434374925691202e-08,4.9076628570167226e-09,1.5300921316890435e-08,2.413516508300486e-08,5.904274500071007e-08,0.0,1.684082252449987e-13,3.395389506943894e-16,1.8685601814468317e-15
5,lbfgs,2079,2736.3999999999996,4080.959999999999,1.0254721037764049e-07,4.396856911634078e-08,4.86911308164769e-09,1.6287416834034147e-08,2.2812039200658947e-08,5.84878082854423e-08,0.0,1.6709606958383024e-13,3.621903128214482e-16,1.76366401932513e-15
5,lbfgs,2089,2736.3999999999996,4080.959999999999,1.0346485669669146e-07,4.4338918349696935e-08,4.908588980807565e-09,1.5297650349102515e-08,2.4132679019786854e-08,5.903510537130894e-08,0.0,1.6844014463209628e-13,3.3946652737461456e-16,1.8683676478524434e-15
5,lbfgs,2099,2736.3999999999996,4080.959999999999,1.025356197172314e-07,4.396411227593093e-08,4.870053350337759e-09,1.6284221222091817e-08,2.2809837703501353e-08,5.84806744652758e-08,0.0,1.671284758242482e-13,3.6211932978767387e-16,1.7634948676548353e-15
5,lbfgs,2109,2736.3999999999996,4080.959999999999,1.0345240502129224e-07,4.433408373626033e-08,4.909520854624749e-09,1.529438587086843e-08,2.413017701076715e-08,5.902748830917895e-08,0.0,1.6847226684183747e-13,3.3939424689999314e-16,1.8681738469312457e-15
5,lbfgs,2119,2736.3999999999996,4080.959999999999,1.0252404021812982e-07,4.395964806297737e-08,4.870998566758158e-09,1.628102598404746e-08,2.280762351217175e-08,5.8473559178960525e-08,0.0,1.6716105737190906e-13,3.6204835092177464e-16,1.7633247025295929e-15
5,lbfgs,2129,2736.3999999999996,4080.959999999999,1.0343997181008814e-07,4.432924525769442e-08,4.910456924058556e-09,1.5291127885651527e-08,2.412766044798434e-08,5.901989357637341e-08,0.0,1.6850453862340226e-13,3.3932210940399973e-16,1.867978889059893e-15
5,lbfgs,2139,2736.3999999999996,4080.959999999999,1.025124717769587e-07,4.395517648288631e-08,4.8719472739021236e-09,1.6277831530382052e-08,2.280539767860214e-08,5.84664623177133e-08,0.0,1.6719376430405615e-13,3.6197738568173324e-16,1.7631536073078272e-15
5,lbfgs,2149,2736.3999999999996,4080.959999999999,1.0342755669971573e-07,4.4324402787238294e-08,4.911395813790013e-09,1.5287876390571694e-08,2.4125130582876582e-08,5.9012320936289867e-08,0.0,1.68536912852811e-13,3.3925011487328756e-16,1.8677828734617252e-15
6,adam,0,4080.959999999999,5963.343999999998,1.3780014347039818e-07,1.0328122335371871e-07,5.4107547358403976e-09,4.790808169996058e-08,4.996238691791773e-08,3.442707445123958e-08,0.0,1.8104255057786973e-13,1.1207096650392495e-15,4.052621262850769e-15
6,adam,24,4080.959999999999,5963.343999999998,9.479991903789573e-06,8.975735816826458e-06,6.704613509329422e-08,6.9633433644308374e-06,1.9453463173023264e-06,5.041647232293385e-07,0.0,2.2554113085988792e-12,1.6290472615965655e-13,1.5780417041580986e-13
6,adam,49,4080.959999999999,5963.343999999998,1.1099081991569111e-05,9.105455694519586e-06,5.6485244803063676e-08,6.945741741175382e-06,2.10322870854114e-06,1.9935351684258053e-06,0.0,1.907557987102497e-12,1.6358064543177157e-13,1.6985725389153526e-13
6,adam,74,4080.959999999999,5963.343999999998,1.0609866995852358e-06,9.560224532943485e-07,4.426051018128302e-08,6.718108640087357e-07,2.399510791043297e-07,1.0487315138525064e-07,0.0,1.491458451106754e-12,1.5760504974940976e-14,1.9464329413802986e-14
6,adam,99,4080.959999999999,5963.343999999998,4.3584404349886023e-07,4.171266198976902e-07,3.2881837206082236e-08,2.944148390475179e-07,8.982994364409011e-08,1.8626340109324117e-08,0.0,1.1070226537383676e-12,6.897508264786696e-15,7.293933798552636e-15
6,adam,124,4080.959999999999,5963.343999999998,3.0902141788735214e-07,2.7615358794282955e-07,2.8781774565644824e-08,2.044605248896909e-07,4.2911288487493844e-08,3.2776751470738745e-08,0.0,9.685203918934935e-13,4.786681212027855e-15,3.486659786065247e-15
6,adam,149,4080.959999999999,5963.343999999998,2.4896909313369095e-07,2.2404612480019384e-07,2.7218699039710976e-08,1.5570084790983737e-07,4.112657785064551e-08,2.483189208432614e-08,0.0,9.157969059979238e-13,3.647038680117854e-15,3.3427262212880778e-15
6,adam,174,4080.959999999999,5963.343999999998,2.0202453153509348e-07,1.76630486502176e-07,2.5058504181245662e-08,1.1837487594078513e-07,3.319710638014519e-08,2.530297027428504e-08,0.0,8.429125010345726e-13,2.7734035099669024e-15,2.6993378549637737e-15
6,adam,199,4080.959999999999,5963.343999999998,1.6538514061188347e-07,1.417165702554269e-07,2.3365729046638245e-08,8.954973963154043e-08,2.8801101577248206e-08,2.3577496139719976e-08,0.0,7.858002852786751e-13,2.0987801154286265e-15,2.3427271172180854e-15
6,adam,224,4080.959999999999,5963.343999999998,1.3494715948003413e-07,1.1336972964805481e-07,2.2059796933740026e-08,6.578235609165075e-08,2.552757662266405e-08,2.148635556056761e-08,0.0,7.417264963118722e-13,1.5422705025181304e-15,2.0769586109861507e-15
6,adam,249,4080.959999999999,5963.343999999998,1.1565631210891504e-07,9.484358204230444e-08,2.0733528567149178e-08,5.067249693760439e-08,2.3437556537550864e-08,2.0721655252079977e-08,0.0,6.969903479591067e-13,1.1884825747006287e-15,1.907341474281115e-15
6,adam,274,4080.959999999999,5963.343999999998,1.0103751140119626e-07,8.081019659779413e-08,1.960452323554066e-08,3.927758015619329e-08,2.192809320606019e-08,2.0136239206172583e-08,0.0,6.589212851304659e-13,9.21606750227658e-16,1.784765334215973e-15
6,adam,299,4080.959999999999,5963.343999999998,8.997664172860266e-08,7.024572197450426e-08,1.850337792181343e-08,3.089799486371651e-08,2.0844349188974314e-08,1.9639843280537715e-08,0.0,6.21802591697003e-13,7.252958444529071e-16,1.6967038199662873e-15
6,adam,324,4080.959999999999,5963.343999999998,8.155961154597036e-08,6.231162572728136e-08,1.7457871697425285e-08,2.4778489704317758e-08,2.0075264325538314e-08,1.915690846798415e-08,0.0,5.865717278962802e-13,5.818951334156028e-16,1.634177392519789e-15
6,adam,349,4080.959999999999,5963.343999999998,7.505323633422458e-08,5.627855447639286e-08,1.645546678034222e-08,2.03302297025064e-08,1.9492857993544235e-08,1.868360368873733e-08,0.0,5.528050196403427e-13,4.77631658802932e-16,1.5868102444302044e-15
6,adam,374,4080.959999999999,5963.343999999998,6.989810781968475e-08,5.1596516759135994e-08,1.5490579762426738e-08,1.7092260040281646e-08,1.9013676956427613e-08,1.8210512162383724e-08,0.0,5.203129254729798e-13,4.0171980061125325e-16,1.5478368053876903e-15
6,adam,399,4080.959999999999,5963.343999999998,6.568629763625515e-08,4.7857429265185645e-08,1.4561303135731851e-08,1.4717482547619658e-08,1.8578643581834137e-08,1.773778884210805e-08,0.0,4.890295881147719e-13,3.4603456699554474e-16,1.5124626483719513e-15
6,adam,424,4080.959999999999,5963.343999999998,6.28178005343609e-08,4.5434995707141384e-08,1.3640653814343337e-08,1.3278040901985746e-08,1.8516300990812298e-08,1.7291724832830496e-08,0.0,4.580139993145935e-13,3.1228533815314004e-16,1.5071575013903682e-15
6,adam,449,4080.959999999999,5963.343999999998,5.973362315637392e-08,4.285503361361482e-08,1.276371099492844e-08,1.185252081657654e-08,1.8238801802109835e-08,1.6787509203031137e-08,0.0,4.285264583128421e-13,2.788354679346622e-16,1.4846131746494108e-15
6,adam,474,4080.959999999999,5963.343999999998,5.699732767380195e-08,4.060033922392387e-08,1.1836610773496922e-08,1.0838131161716112e-08,1.7925597288710834e-08,1.6305907811725514e-08,0.0,3.9734362738203366e-13,2.550372743861124e-16,1.4591987414980565e-15
6,adam,499,4080.959999999999,5963.343999999998,5.4515283947808483e-08,3.857246303535973e-08,1.1013421833367883e-08,1.003779873384067e-08,1.752124246815118e-08,1.585173999938683e-08,0.0,3.696617741410729e-13,2.362610785742418e-16,1.426367292467782e-15
6,adam,524,4080.959999999999,5963.343999999998,5.222842315854853e-08,3.6713473242258326e-08,1.026202076582061e-08,9.37871263746639e-09,1.7072739838971327e-08,1.5423868740655748e-08,0.0,3.4439801078268004e-13,2.207976297072363e-16,1.3899451016027253e-15
6,adam,549,4080.959999999999,5963.343999999998,5.009888997016913e-08,3.4985404176235715e-08,9.563283652213037e-09,8.820760396524205e-09,1.6601360127498476e-08,1.5022404358238778e-08,0.0,3.2090800755820285e-13,2.0770533596281482e-16,1.3516608536881472e-15
6,adam,574,4080.959999999999,5963.343999999998,4.8101867992447325e-08,3.336601200660737e-08,8.91249721435081e-09,8.336522380707619e-09,1.6116992411548946e-08,1.464477428360101e-08,0.0,2.9903307381406e-13,1.96340424414151e-16,1.3123154084348051e-15
6,adam,599,4080.959999999999,5963.343999999998,4.6220762654552907e-08,3.1840660169249185e-08,8.305402055379558e-09,7.908345708578208e-09,1.5626912405291415e-08,1.4289020502616701e-08,0.0,2.7862966764892386e-13,1.8628845703156818e-16,1.2724979291055897e-15
6,adam,624,4080.959999999999,5963.343999999998,4.385063775994552e-08,2.9719826651320368e-08,7.670084103281052e-09,7.333196599743187e-09,1.4716545948296127e-08,1.403972869900406e-08,0.0,2.572821971306893e-13,1.7281835064816228e-16,1.198755298512655e-15
6,adam,649,4080.959999999999,5963.343999999998,4.211905054662625e-08,2.8306913287217747e-08,7.184031885720686e-09,6.904071454835089e-09,1.4218809946661973e-08,1.3721054364118857e-08,0.0,2.409478891269951e-13,1.6273496563387597e-16,1.1582662728064072e-15
6,adam,674,4080.959999999999,5963.343999999998,4.049887316752215e-08,2.6985389270205695e-08,6.744101071559177e-09,6.511046864790553e-09,1.3730241333855965e-08,1.342240053650232e-08,0.0,2.2616846325316916e-13,1.534914314213533e-16,1.1185175259277473e-15
6,adam,699,4080.959999999999,5963.343999999998,3.897704041426096e-08,2.5746754563937523e-08,6.296683396326541e-09,6.187961066581552e-09,1.326211010102943e-08,1.3139202033818432e-08,0.0,2.1113944965999265e-13,1.4589133960617117e-16,1.0804355000337706e-15
6,adam,724,4080.959999999999,5963.343999999998,3.7544451039959484e-08,2.458444392865933e-08,5.872254777905205e-09,5.905466742364603e-09,1.2806722408389525e-08,1.2868922831814436e-08,0.0,1.9688530558389557e-13,1.392429247872887e-16,1.0433853413948773e-15
6,adam,749,4080.959999999999,5963.343999999998,3.619492350282966e-08,2.349325493811468e-08,5.474104083722217e-09,5.6527033421969356e-09,1.2366447512195528e-08,1.2610583804205543e-08,0.0,1.8351597722392317e-13,1.3329147309552744e-16,1.0075584254232626e-15
6,adam,774,4080.959999999999,5963.343999999998,3.49235968666024e-08,2.2467676384805452e-08,5.1010792871516824e-09,5.423628650959349e-09,1.1942968446694421e-08,1.2364835215942666e-08,0.0,1.709923388784541e-13,1.2789502511753436e-16,9.730923495300487e-16
6,adam,799,4080.959999999999,5963.343999999998,3.3726270145479186e-08,2.1504319758893588e-08,4.753964535170149e-09,5.21396577013188e-09,1.1536389453591561e-08,1.2130864587555992e-08,0.0,1.5934043800292274e-13,1.229533023506634e-16,9.39995483347384e-16
6,adam,824,4080.959999999999,5963.343999999998,3.25947982415666e-08,2.0619966985777296e-08,4.447649355877466e-09,4.991656234540108e-09,1.1180661395359722e-08,1.188374497170248e-08,0.0,1.490623663183639e-13,1.1771799824727286e-16,9.11019838064095e-16
6,adam,849,4080.959999999999,5963.343999999998,3.152199087107707e-08,1.975446877127507e-08,4.157904556381588e-09,4.82987609717185e-09,1.0766688117721636e-08,1.1676435314943611e-08,0.0,1.3933848613560095e-13,1.1389513357322288e-16,8.773302090904842e-16
6,adam,874,4080.959999999999,5963.343999999998,3.051585524091384e-08,1.8946453182346062e-08,3.8854365159955165e-09,4.687178178992042e-09,1.0373838487358505e-08,1.147831469897727e-08,0.0,1.301960282451827e-13,1.1052376871239116e-16,8.453348007861142e-16
6,adam,899,4080.959999999999,5963.343999999998,2.9570971944002548e-08,1.819298446826322e-08,3.6298387398731205e-09,4.5418254888187755e-09,1.0021320239571325e-08,1.1286899482126438e-08,0.0,1.216210673302309e-13,1.0709015445444371e-16,8.166166241617754e-16
6,adam,924,4080.959999999999,5963.343999999998,2.8683686260713105e-08,1.7488940595993133e-08,3.3932102781443362e-09,4.40016022252411e-09,9.695570095324687e-09,1.110365699285783e-08,0.0,1.1368381710324232e-13,1.0374242587126774e-16,7.90076253494691e-16
6,adam,949,4080.959999999999,5963.343999999998,2.7850757405938923e-08,1.683162327287973e-08,3.17555327052331e-09,4.265092877115688e-09,9.390977125240732e-09,1.0928044747050882e-08,0.0,1.0638416031910464e-13,1.0054963805764389e-16,7.652572531679586e-16
6,adam,974,4080.959999999999,5963.343999999998,2.7069053086918487e-08,1.621835702230072e-08,2.9761326153544497e-09,4.138392261343878e-09,9.103832145602395e-09,1.0759605933609331e-08,0.0,9.969724208304437e-14,9.755370215489892e-17,7.418585483832748e-16
6,adam,999,4080.959999999999,5963.343999999998,2.6335479368067504e-08,1.5646430594072697e-08,2.793916016197492e-09,4.019989036512371e-09,8.832525541362834e-09,1.0597957870282276e-08,0.0,9.358826111445227e-14,9.475316952956275e-17,7.19750006681615e-16
6,adam,1024,4080.959999999999,5963.343999999998,2.540951115915151e-08,1.4857503301724877e-08,2.5577860408603545e-09,3.894610563051839e-09,8.405106697812684e-09,1.0460916175281284e-08,0.0,8.567459966082448e-14,9.178861157505643e-17,6.849067387951664e-16
6,adam,1049,4080.959999999999,5963.343999999998,2.4780770953594633e-08,1.4385195978445088e-08,2.390730167465254e-09,3.80079499488277e-09,8.193670816097063e-09,1.030448249464779e-08,0.0,8.007571125572147e-14,8.956664471859748e-17,6.676839828655922e-16
6,adam,1074,4080.959999999999,5963.343999999998,2.419147503104671e-08,1.3938665333895735e-08,2.2522537441011107e-09,3.7056648186822733e-09,7.98074677111235e-09,1.0161716389047797e-08,0.0,7.543550186324337e-14,8.731509524150108e-17,6.503334372340923e-16
6,adam,1099,4080.959999999999,5963.343999999998,2.3637679615467215e-08,1.352320742628297e-08,2.1322377268952505e-09,3.618017692348265e-09,7.772952007039455e-09,1.0023378031038951e-08,0.0,7.141461301829196e-14,8.524099072048688e-17,6.334029902821811e-16
6,adam,1124,4080.959999999999,5963.343999999998,2.3116401343809365e-08,1.3134787591495195e-08,2.0256195389914306e-09,3.534088363172763e-09,7.575079689331002e-09,9.8905187249837e-09,0.0,6.784327577018752e-14,8.325496356415707e-17,6.172839443351772e-16
6,adam,1149,4080.959999999999,5963.343999999998,2.2625002010575156e-08,1.277136420034537e-08,1.929971531371857e-09,3.4552439191295535e-09,7.38614874984396e-09,9.762541896483843e-09,0.0,6.464000508485203e-14,8.138936963919751e-17,6.018955649359431e-16
6,adam,1174,4080.959999999999,5963.343999999998,2.2161017136279463e-08,1.2430721638355281e-08,1.8438136562363301e-09,3.3807410088347893e-09,7.206166973284161e-09,9.639198681392772e-09,0.0,6.175510967273868e-14,7.962664267440302e-17,5.872382424996843e-16
6,adam,1199,4080.959999999999,5963.343999999998,2.172211876813377e-08,1.2110851882596382e-08,1.7661680334439473e-09,3.310052211723815e-09,7.03463163742862e-09,9.520169150438813e-09,0.0,5.915573179568223e-14,7.795435839893135e-17,5.73270758127176e-16
6,adam,1224,4080.959999999999,5963.343999999998,2.0823074222960298e-08,1.132359935366878e-08,1.6082418663167867e-09,3.1782064400345457e-09,6.5371510473174486e-09,9.408376163551623e-09,0.0,5.387038869135398e-14,7.485627911610464e-17,5.327664396385404e-16
6,adam,1249,4080.959999999999,5963.343999999998,2.044254022524575e-08,1.1046229235821353e-08,1.5828961102915264e-09,3.0998758809976937e-09,6.3634572445321325e-09,9.305211305949348e-09,0.0,5.302343226758071e-14,7.300000377090011e-17,5.186013930490688e-16
6,adam,1274,4080.959999999999,5963.343999999998,2.0083844607599738e-08,1.0797215699820677e-08,1.5397939540371068e-09,3.035947654285858e-09,6.221474091497712e-09,9.195528257242657e-09,0.0,5.15814668812225e-14,7.148693322478271e-17,5.070360582956513e-16
6,adam,1299,4080.959999999999,5963.343999999998,1.974268963724738e-08,1.0559706289101049e-08,1.4918998392856333e-09,2.9785238803327236e-09,6.089282569482693e-09,9.09188173099326e-09,0.0,4.9979106724281207e-14,7.012671870851022e-17,4.962730460495377e-16
6,adam,1324,4080.959999999999,5963.343999999998,1.941705542419418e-08,1.0334535009337152e-08,1.4456368891381367e-09,2.9242820489444894e-09,5.964616071254527e-09,8.991417823516007e-09,0.0,4.843144933645175e-14,6.884244694166564e-17,4.861250375890141e-16
6,adam,1349,4080.959999999999,5963.343999999998,1.910526089269413e-08,1.0119819016825592e-08,1.4029036085278778e-09,2.8720576619916148e-09,5.8448577463061e-09,8.89433830040111e-09,0.0,4.700207930094393e-14,6.760639709297972e-17,4.763774478624907e-16
6,adam,1374,4080.959999999999,5963.343999999998,1.880579154189884e-08,9.914368542020324e-09,1.3636233459844324e-09,2.8212751806921736e-09,5.729470015343719e-09,8.800318429758094e-09,0.0,4.568839315719736e-14,6.640493420175208e-17,4.669861502969333e-16
6,adam,1399,4080.959999999999,5963.343999999998,1.8517275910620867e-08,9.717108166778668e-09,1.3273338257835175e-09,2.7717246527099767e-09,5.618049688285174e-09,8.70906216845916e-09,0.0,4.447487380422252e-14,6.523304680581836e-17,4.579180784590144e-16
6,lbfgs,1400,4080.959999999999,5963.343999999998,1.877084359055851e-08,9.974273415639803e-09,1.326034141628704e-09,2.905927209209788e-09,5.7423120648013114e-09,8.705464559104014e-09,0.0,4.4433787905940466e-14,6.836187452978993e-17,4.679671682764886e-16
6,lbfgs,1409,4080.959999999999,5963.343999999998,1.9213394349885952e-08,1.0421020539613987e-08,1.3221084984856168e-09,3.2016267483874147e-09,5.897285292740956e-09,8.701268194275157e-09,0.0,4.430170786035624e-14,7.54912141976035e-17,4.806407701318921e-16
6,lbfgs,1419,4080.959999999999,5963.343999999998,1.8785913051705444e-08,9.956318215826755e-09,1.3303252796298087e-09,2.918604429936499e-09,5.707388506260447e-09,8.738489220017196e-09,0.0,4.4578161670194346e-14,6.865271229679517e-17,4.651301664394093e-16
6,lbfgs,1429,4080.959999999999,5963.343999999998,1.919003074173645e-08,1.0401392872644548e-08,1.3238050061944688e-09,3.190213461358304e-09,5.887374405091776e-09,8.697532253063062e-09,0.0,4.435878017034826e-14,7.521791736575845e-17,4.798288893803665e-16
6,lbfgs,1439,4080.959999999999,5963.343999999998,1.8780576847225335e-08,9.953609726417059e-09,1.3318986697869987e-09,2.9176699883792654e-09,5.704041068250794e-09,8.735861504912045e-09,0.0,4.463109180552126e-14,6.863117638206209e-17,4.64858445230692e-16
6,lbfgs,1449,4080.959999999999,5963.343999999998,1.917758124334272e-08,1.039151927947113e-08,1.3254190273021912e-09,3.1861228741917153e-09,5.879977377977223e-09,8.694956347809644e-09,0.0,4.4413079540984474e-14,7.512029642836321e-17,4.792235833809148e-16
6,lbfgs,1459,4080.959999999999,5963.343999999998,1.8775556992310612e-08,9.950683422854872e-09,1.3334853388761385e-09,2.9167362424857888e-09,5.700461841492945e-09,8.733767953525252e-09,0.0,4.468446935728204e-14,6.860954991043599e-17,4.645676907332895e-16
6,lbfgs,1469,4080.959999999999,5963.343999999998,1.9167357319965207e-08,1.038363508744089e-08,1.3270309034030853e-09,3.1832387153409825e-09,5.873365468696823e-09,8.692616616429272e-09,0.0,4.446730663096624e-14,7.505166225240213e-17,4.786827766301776e-16
6,lbfgs,1479,4080.959999999999,5963.343999999998,1.877065668204898e-08,9.94778032058995e-09,1.335087375624503e-09,2.915698218781684e-09,5.6969947261837625e-09,8.731770745494603e-09,0.0,4.4738363560914206e-14,6.858542758702733e-17,4.642861086378334e-16
6,lbfgs,1489,4080.959999999999,5963.343999999998,1.915785893757198e-08,1.0376412733678115e-08,1.3286516294273404e-09,3.1806129101464848e-09,5.86714819410429e-09,8.690340587765888e-09,0.0,4.452183100751426e-14,7.498925731147993e-17,4.781743721204212e-16
6,lbfgs,1499,4080.959999999999,5963.343999999998,1.876583244551467e-08,9.94493077425096e-09,1.3367028171732295e-09,2.9145802700543655e-09,5.693647687023365e-09,8.729796055265605e-09,0.0,4.479270818816088e-14,6.855940296024068e-17,4.640143288694341e-16
6,lbfgs,1509,4080.959999999999,5963.343999999998,1.914873798878687e-08,1.0369544410434973e-08,1.330282176152421e-09,3.1780614627271346e-09,5.861200771555417e-09,8.688087962191177e-09,0.0,4.4576685224316355e-14,7.492865806208033e-17,4.776881112006271e-16
6,lbfgs,1519,4080.959999999999,5963.343999999998,1.876107182204261e-08,9.942138062619902e-09,1.338329848099551e-09,2.9134063010180743e-09,5.690401913502277e-09,8.727828143391154e-09,0.0,4.484744208017536e-14,6.853204667406504e-17,4.637507995905789e-16
6,lbfgs,1529,4080.959999999999,5963.343999999998,1.9139897371816304e-08,1.03629421843689e-08,1.3319217090856156e-09,3.1755477244945376e-09,5.855472750788746e-09,8.685849571254128e-09,0.0,4.4631841135616976e-14,7.486898004668555e-17,4.772198467435126e-16
6,lbfgs,1539,4080.959999999999,5963.343999999998,1.8756369476176513e-08,9.939400989946674e-09,1.3399669116037965e-09,2.91219166561586e-09,5.6872424127270185e-09,8.725862870165049e-09,0.0,4.490251280204935e-14,6.850372374881199e-17,4.634942895531736e-16
6,lbfgs,1549,4080.959999999999,5963.343999999998,1.9131298003028136e-08,1.0356569226078199e-08,1.33356910245269e-09,3.1730638756240612e-09,5.849936248001447e-09,8.683623160724281e-09,0.0,4.4687260809802264e-14,7.481003225613321e-17,4.767672877904142e-16
6,lbfgs,1559,4080.959999999999,5963.343999999998,1.8751721935138818e-08,9.936717290349008e-09,1.3416126129217667e-09,2.9109462099068037e-09,5.684158467520437e-09,8.723899028691979e-09,0.0,4.4957873382265495e-14,6.847466778342153e-17,4.632439211233865e-16
6,lbfgs,1569,4080.959999999999,5963.343999999998,1.9122916009578786e-08,1.0350402430090428e-08,1.3352232325422558e-09,3.170607504769629e-09,5.844571692778542e-09,8.681407963230471e-09,0.0,4.474290639529143e-14,7.475175427949265e-17,4.76328827353731e-16
6,lbfgs,1579,4080.959999999999,5963.343999999998,1.8747126387296256e-08,9.93408441941634e-09,1.343265672716925e-09,2.9096767151076573e-09,5.681142031591758e-09,8.721936351749228e-09,0.0,4.501348074242022e-14,6.844503944367509e-17,4.629990367867203e-16
6,lbfgs,1589,4080.959999999999,5963.343999999998,1.911473292105132e-08,1.0344423737657398e-08,1.3368830316828678e-09,3.168177187887399e-09,5.839363518087132e-09,8.679203567103962e-09,0.0,4.4798741935280105e-14,7.469410987138002e-17,4.759031877352619e-16
6,lbfgs,1599,4080.959999999999,5963.343999999998,1.8742580380700993e-08,9.931499827709856e-09,1.3449249062262917e-09,2.90838823094136e-09,5.678186690542204e-09,8.719974936827755e-09,0.0,4.506929499448411e-14,6.8414958262268e-17,4.627591131880672e-16
6,lbfgs,1609,4080.959999999999,5963.343999999998,1.910673317237156e-08,1.0338617861622535e-08,1.3385474947518775e-09,3.1657717605498248e-09,5.834298606320834e-09,8.677009694427124e-09,0.0,4.485473358573382e-14,7.463706934188167e-17,4.754892925821087e-16
6,lbfgs,1619,4080.959999999999,5963.343999999998,1.873808172553077e-08,9.928961068590806e-09,1.3465892116532284e-09,2.9070847572305955e-09,5.675287099706981e-09,8.71801504074405e-09,0.0,4.51252790493594e-14,6.838451886857705e-17,4.625237147216389e-16
6,lbfgs,1629,4080.959999999999,5963.343999999998,1.9098903289057756e-08,1.0332971516619273e-08,1.3402156766839942e-09,3.163390241354559e-09,5.8293655985807206e-09,8.674826156084769e-09,0.0,4.491084953066687e-14,7.458060764281965e-17,4.750862100134684e-16
6,lbfgs,1639,4080.959999999999,5963.343999999998,1.8733628447213085e-08,9.92646583749223e-09,1.3482575621311609e-09,2.9057695953299846e-09,5.6724386800310844e-09,8.716056993492547e-09,0.0,4.5181398345666994e-14,6.835379934734824e-17,4.622924684647042e-16
6,lbfgs,1649,4080.959999999999,5963.343999999998,1.9091231475270593e-08,1.0327473025678762e-08,1.3418866888097003e-09,3.161031821377111e-09,5.824554515491951e-09,8.672652833206427e-09,0.0,4.496705985812666e-14,7.452470406856351e-17,4.74693121414409e-16
6,lbfgs,1659,4080.959999999999,5963.343999999998,1.8729218753788578e-08,9.924011981073294e-09,1.3499289992921321e-09,2.9044455376434375e-09,5.669637444137724e-09,8.714101156454716e-09,0.0,4.52376206325989e-14,6.832286574134399e-17,4.62065049865732e-16
6,lbfgs,1669,4080.959999999999,5963.343999999998,1.908370734806074e-08,1.032211206746832e-08,1.3435596952166025e-09,3.158695853758372e-09,5.819856518493346e-09,8.670489664175438e-09,0.0,4.5023336437020194e-14,7.44693419745479e-17,4.743093018042789e-16
6,lbfgs,1679,4080.959999999999,5963.343999999998,1.8724851011380813e-08,9.921597493439882e-09,1.3516026278442737e-09,2.903114978342744e-09,5.666879887252865e-09,8.712147901648232e-09,0.0,4.529391578678226e-14,6.829177467812358e-17,4.618411737865921e-16
6,lbfgs,1689,4080.959999999999,5963.343999999998,1.907632171748711e-08,1.0316879470555147e-08,1.3452339094913302e-09,3.1563818250898574e-09,5.815263735973959e-09,8.668336630483506e-09,0.0,4.5079652806809114e-14,7.44145080662942e-17,4.73934105548765e-16
6,lbfgs,1699,4080.959999999999,5963.343999999998,1.87205237228906e-08,9.919220507237926e-09,1.3532776107491165e-09,2.9017799841332517e-09,5.664162912355559e-09,8.710197599327957e-09,0.0,4.5350255649386525e-14,6.82605750467972e-17,4.616205883657343e-16
6,lbfgs,1709,4080.959999999999,5963.343999999998,1.906906641248769e-08,1.0311767050883183e-08,1.3469085916844313e-09,3.1540893287060392e-09,5.810769130492714e-09,8.66619374512467e-09,0.0,4.5135984074769796e-14,7.43601917389706e-17,4.735669554542034e-16
6,lbfgs,1719,4080.959999999999,5963.343999999998,1.8716235510742553e-08,9.916879283195373e-09,1.3549531649286903e-09,2.9004423444631114e-09,5.661483773803571e-09,8.708250611190559e-09,0.0,4.540661388111337e-14,6.822930918607387e-17,4.614030704033432e-16
6,lbfgs,1729,4080.959999999999,5963.343999999998,1.9061934137688135e-08,1.0306767478061153e-08,1.3485830454668675e-09,3.151818041000863e-09,5.806366391593424e-09,8.664061043115858e-09,0.0,4.519230681975731e-14,7.430638449269714e-17,4.732073339676261e-16
6,lbfgs,1739,4080.959999999999,5963.343999999998,1.8711985102529256e-08,9.914572199600861e-09,1.3566285573800585e-09,2.899103610095985e-09,5.658840032124818e-09,8.706307286539967e-09,0.0,4.546296583094785e-14,6.819801379604088e-17,4.61188421664621e-16
6,lbfgs,1749,4080.959999999999,5963.343999999998,1.9054918353086377e-08,1.0301874162739343e-08,1.3502566154848209e-09,3.1495677011308978e-09,5.8020498461236255e-09,8.66193857380471e-09,0.0,4.524859900269406e-14,7.425307943144428e-17,4.7285477581589715e-16
6,lbfgs,1759,4080.959999999999,5963.343999999998,1.8707771317794577e-08,9.912297742382594e-09,1.358303101609866e-09,2.8977651242032436e-09,5.656229516569485e-09,8.704367958991847e-09,0.0,4.551928841572686e-14,6.816672067289271e-17,4.609764658192317e-16
6,lbfgs,1769,4080.959999999999,5963.343999999998,1.9048013165201485e-08,1.0297081154869882e-08,1.3519286849480125e-09,3.147338089941885e-09,5.797814379979983e-09,8.659826393758157e-09,0.0,4.5304839884965273e-14,7.420027074501802e-17,4.725088615839106e-16
6,lbfgs,1779,4080.959999999999,5963.343999999998,1.87035930581952e-08,9.910054495975872e-09,1.359976154415782e-09,2.89642804891396e-09,5.653650292646129e-09,8.702432945767574e-09,0.0,4.5575560011424244e-14,6.81354573357726e-17,4.607670457903033e-16
6,lbfgs,1789,4080.959999999999,5963.343999999998,1.9041213253296104e-08,1.02923830728928e-08,1.3535986732157534e-09,3.1451290241985856e-09,5.7936553754784605e-09,8.657724563798813e-09,0.0,4.536100994678302e-14,7.414795356022817e-17,4.721692125756857e-16
6,lbfgs,1799,4080.959999999999,5963.343999999998,1.8699449297479353e-08,9.907841135023445e-09,1.3616471128912486e-09,2.895093387758577e-09,5.6511006343736205e-09,8.700502545972617e-09,0.0,4.5631760351991474e-14,6.810424755693408e-17,4.605600214882386e-16
6,lbfgs,1809,4080.959999999999,5963.343999999998,1.903451378658943e-08,1.0287775025883762e-08,1.3552660337183596e-09,3.142940340385578e-09,5.789568651779825e-09,8.655633144070202e-09,0.0,4.541709081687503e-14,7.409612354266801e-17,4.71835485926557e-16
6,lbfgs,1819,4080.959999999999,5963.343999999998,1.8695339073947983e-08,9.905656416874275e-09,1.3633154117093076e-09,2.893762005460109e-09,5.6485789997048575e-09,8.698577040558963e-09,0.0,4.568787043762653e-14,6.807311182893997e-17,4.603552678048494e-16
6,lbfgs,1829,4080.959999999999,5963.343999999998,1.902791036884008e-08,1.0283252559838113e-08,1.3569302518754456e-09,3.1407718910258872e-09,5.7855504169367806e-09,8.653552192335588e-09,0.0,4.547306520210743e-14,7.40447768003672e-17,4.715073706691998e-16
6,lbfgs,1839,4080.959999999999,5963.343999999998,1.869126148408224e-08,9.903499174785334e-09,1.36498052063138e-09,2.8924346452408345e-09,5.646084008913121e-09,8.696656692750779e-09,0.0,4.574387245064719e-14,6.804206777318864e-17,4.601526728497048e-16
6,lbfgs,1849,4080.959999999999,5963.343999999998,1.9021398983813565e-08,1.0278811605248181e-08,1.358590843207062e-09,3.138623537946708e-09,5.781597224094413e-09,8.651481761868157e-09,0.0,4.5528916823630046e-14,7.399390971501827e-17,4.711845841405419e-16
6,lbfgs,1859,4080.959999999999,5963.343999999998,1.8687215675639724e-08,9.901368311822416e-09,1.3666419421566095e-09,2.891111943745399e-09,5.643614425920409e-09,8.694741747239873e-09,0.0,4.5799749676126017e-14,6.8011130492488e-17,4.599521364259266e-16
6,lbfgs,1869,4080.959999999999,5963.343999999998,1.901497594630032e-08,1.0274448429953514e-08,1.3602473515962041e-09,3.136495145815364e-09,5.777705932541946e-09,8.649421899618786e-09,0.0,4.5584630358146965e-14,7.39435187805161e-17,4.7086686878682725e-16
6,lbfgs,1879,4080.959999999999,5963.343999999998,1.8683200843629185e-08,9.89926279528701e-09,1.3682992094320168e-09,2.889794444553689e-09,5.641169141301305e-09,8.692832431733495e-09,0.0,4.585548643132964e-14,6.798031288984732e-17,4.597535686443674e-16
6,lbfgs,1889,4080.959999999999,5963.343999999998,1.9008637871078464e-08,1.0270159607876407e-08,1.3618993475474622e-09,3.1343865839450874e-09,5.773873676383857e-09,8.647372646443305e-09,0.0,4.564019137908627e-14,7.389360064096352e-17,4.7055398959379e-16
6,lbfgs,1899,4080.959999999999,5963.343999999998,1.8679216224907402e-08,9.89718165170582e-09,1.3699518842454802e-09,2.8884826096337312e-09,5.63874715782661e-09,8.690928956561722e-09,0.0,4.5911067997972154e-14,6.794962593913911e-17,4.595568887437735e-16
6,lbfgs,1909,4080.959999999999,5963.343999999998,1.900238162737956e-08,1.026594197568745e-08,1.363546426739288e-09,3.1322977168368868e-09,5.770097832111275e-09,8.645334034902674e-09,0.0,4.5695586307674626e-14,7.384415185860742e-17,4.702457314267053e-16
6,lbfgs,1919,4080.959999999999,5963.343999999998,1.8675261094666266e-08,9.895123962286753e-09,1.371599555219758e-09,2.887176829716562e-09,5.636347577350433e-09,8.689031515708533e-09,0.0,4.5966480561257326e-14,6.791907892997713e-17,4.593620240216932e-16
6,lbfgs,1929,4080.959999999999,5963.343999999998,1.8996204329611985e-08,1.0261792621060625e-08,1.365188208404335e-09,3.130228414904982e-09,5.766375997751308e-09,8.64330609173129e-09,0.0,4.5750802358252555e-14,7.379516916744584e-17,4.699418973201611e-16
6,lbfgs,1939,4080.959999999999,5963.343999999998,1.867133476287869e-08,9.893088858740474e-09,1.3732418361364216e-09,2.885877433250834e-09,5.633969589353217e-09,8.687140287436174e-09,0.0,4.602171115331293e-14,6.788867967921383e-17,4.591689089001882e-16
6,lbfgs,1949,4080.959999999999,5963.343999999998,1.899010329190246e-08,1.0257708840111134e-08,1.3668243341376183e-09,3.128178541066129e-09,5.7627059649073876e-09,8.641288834940669e-09,0.0,4.580582749800385e-14,7.374664914722481e-17,4.696423061847877e-16
6,lbfgs,1959,4080.959999999999,5963.343999999998,1.8667436571452936e-08,9.891075519531092e-09,1.3748783643669361e-09,2.8845846943625935e-09,5.631612460801563e-09,8.685255435188784e-09,0.0,4.6076747600251416e-14,6.785843471887417e-17,4.589774840992884e-16
6,lbfgs,1969,4080.959999999999,5963.343999999998,1.8984076013418568e-08,1.0253688121625388e-08,1.3684544665506972e-09,3.1261479546859974e-09,5.7590857003886935e-09,8.639282274911979e-09,0.0,4.586065040152542e-14,7.369858831502638e-17,4.693467913005211e-16
6,lbfgs,1979,4080.959999999999,5963.343999999998,1.8663565890901132e-08,9.889083166457651e-09,1.3765087994085086e-09,2.883298839680409e-09,5.629275527368733e-09,8.683377107679466e-09,0.0,4.613157847277299e-14,6.782834945751498e-17,4.587876959209493e-16
6,lbfgs,1989,4080.959999999999,5963.343999999998,1.8978120168989143e-08,1.0249728136195156e-08,1.370078288014328e-09,3.124136517355265e-09,5.755513330825563e-09,8.637286415882288e-09,0.0,4.59152604083914e-14,7.365098326128201e-17,4.690551990547783e-16
6,lbfgs,1999,4080.959999999999,5963.343999999998,1.865972211889517e-08,9.887111061487561e-09,1.3781328215811322e-09,2.882020054598203e-09,5.6269581853082255e-09,8.681505440612681e-09,0.0,4.6186193042208597e-14,6.779842832792293e-17,4.585994955874443e-16
6,lbfgs,2009,4080.959999999999,5963.343999999998,1.8972233571184083e-08,1.02458267009001e-08,1.3716954997043317e-09,3.1221440797348e-09,5.751987121460969e-09,8.635301253341818e-09,0.0,4.59696474909341e-14,7.360383033103811e-17,4.687673872030478e-16
6,lbfgs,2019,4080.959999999999,5963.343999999998,1.8655904677409985e-08,9.885158503915287e-09,1.3797501307375067e-09,2.880748488477757e-09,5.624659884700024e-09,8.679640556668903e-09,0.0,4.6240581237011874e-14,6.776867491019231e-17,4.584128386905774e-16
6,lbfgs,2029,4080.959999999999,5963.343999999998,1.8966414175724395e-08,1.0241981781697932e-08,1.3733058203905871e-09,3.1201704941037054e-09,5.748505467203639e-09,8.63332677705388e-09,0.0,4.602380221339841e-14,7.355712592338214e-17,4.684832241350482e-16
6,lbfgs,2039,4080.959999999999,5963.343999999998,1.8652113010704763e-08,9.883224827749624e-09,1.3813604451118266e-09,2.8794842593278277e-09,5.622380123309969e-09,8.677782566098524e-09,0.0,4.6294733603935467e-14,6.773909204231377e-17,4.582276846913606e-16
6,lbfgs,2049,4080.959999999999,5963.343999999998,1.8960660063403822e-08,1.0238191475693224e-08,1.3749089855142517e-09,3.1182156114057754e-09,5.745066878773197e-09,8.631362970707625e-09,0.0,4.607771570080558e-14,7.351086641850349e-17,4.682025877384332e-16
6,lbfgs,2059,4080.959999999999,5963.343999999998,1.8648346584399798e-08,9.881309399276778e-09,1.382963500277266e-09,2.878227458023274e-09,5.6201184409762385e-09,8.675931568235625e-09,0.0,4.634864127287693e-14,6.770968191964726e-17,4.580439964634265e-16
6,lbfgs,2069,4080.959999999999,5963.343999999998,1.895496941616078e-08,1.023445398853639e-08,1.3765047463674343e-09,3.116279273687612e-09,5.741669968481344e-09,8.629409810591064e-09,0.0,4.6131379611275567e-14,7.346504799421561e-17,4.679253642327073e-16
6,lbfgs,2079,4080.959999999999,5963.343999999998,1.8644604883354556e-08,9.879411614902197e-09,1.3845590480997727e-09,2.8769781518157487e-09,5.6178744149866754e-09,8.674087651534221e-09,0.0,4.640229592161188e-14,6.768044617805208e-17,4.578617399161658e-16
6,lbfgs,2089,4080.959999999999,5963.343999999998,1.8949340520502562e-08,1.023076763563988e-08,1.3780928691138949e-09,3.1143613228054385e-09,5.738313443720546e-09,8.627467267799032e-09,0.0,4.6184786103012374e-14,7.341966683374243e-17,4.67651447635139e-16
6,lbfgs,2099,4080.959999999999,5963.343999999998,1.8640887410352928e-08,9.877530899137716e-09,1.3861468558129843e-09,2.875736387481638e-09,5.6156476558430945e-09,8.672250894266373e-09,0.0,4.6455689744611146e-14,6.765138596826508e-17,4.576808836499996e-16
6,lbfgs,2109,4080.959999999999,5963.343999999998,1.8943771761589442e-08,1.0227130835491704e-08,1.3796731339720218e-09,3.112461602682238e-09,5.734996098837444e-09,8.625535309003803e-09,0.0,4.623792780675824e-14,7.337471917867233e-17,4.673807390942148e-16
6,lbfgs,2119,4080.959999999999,5963.343999999998,1.8637193684993234e-08,9.875666702710479e-09,1.3877267051633132e-09,2.8745021940925216e-09,5.613437803454645e-09,8.670421365303252e-09,0.0,4.6508815424227484e-14,6.7622502021349e-17,4.575013986466717e-16
6,lbfgs,2129,4080.959999999999,5963.343999999998,1.8938261595766914e-08,1.0223542084414358e-08,1.3812453346245956e-09,3.1105799473762615e-09,5.731716802413501e-09,8.623613894228358e-09,0.0,4.62907978058851e-14,7.333020104098164e-17,4.671131458466657e-16
6,lbfgs,2139,4080.959999999999,5963.343999999998,1.863352324266559e-08,9.873818500903941e-09,1.3892983915812515e-09,2.873275585451738e-09,5.611244523870952e-09,8.668599124751515e-09,0.0,4.6561666102772776e-14,6.759379470627854e-17,4.573232580035261e-16
6,lbfgs,2149,4080.959999999999,5963.343999999998,1.8932808560917327e-08,1.021999996422562e-08,1.3828092773513468e-09,3.108716192338165e-09,5.728474494536107e-09,8.621702979537278e-09,0.0,4.6343389607169304e-14,7.32861084726105e-17,4.668485809935012e-16
7,adam,0,5963.343999999998,8598.681599999996,7.139028075143229e-09,5.287179006593187e-09,3.846717283208086e-09,5.460283729996e-10,8.944333503855004e-10,1.7623930021977286e-09,0.0,1.2952117481764033e-13,1.3074673974918348e-17,7.437591710528554e-17
7,adam,24,5963.343999999998,8598.681599999996,1.2551731512428198e-05,1.0720589479535564e-05,3.7933062868577905e-07,8.568455286192686e-06,1.7728035646570994e-06,1.8310534154326306e-06,0.0,1.2803120978126558e-11,2.0669316140774545e-13,1.464603088624729e-13
7,adam,49,5963.343999999998,8598.681599999996,1.624711167738965e-06,1.2572898717458386e-06,4.876905188529142e-08,9.930041291899254e-07,2.155166906706217e-07,3.6733293497171016e-07,0.0,1.629372472776557e-12,2.375557641423373e-14,1.79750279707935e-14
7,adam,74,5963.343999999998,8598.681599999996,3.2663470634119994e-07,3.154833427146296e-07,2.884833535277038e-08,2.2788046475310468e-07,5.87545426087545e-08,1.1063049141775513e-08,0.0,9.683183327114358e-13,5.465616585562043e-15,4.889019714773918e-15
7,adam,99,5963.343999999998,8598.681599999996,2.469669226164302e-07,2.2004995131253578e-07,2.156929632192574e-08,1.672262503133619e-07,3.125440467724814e-08,2.682866648339441e-08,0.0,7.258381848386653e-13,4.0112334257808844e-15,2.600580500921654e-15
7,adam,124,5963.343999999998,8598.681599999996,1.7359708977184482e-07,1.6726271446256533e-07,1.9645018654695175e-08,1.17969891909038e-07,2.9647803898832174e-08,6.2460735637588405e-09,0.0,6.610881781104426e-13,2.8268412314259104e-15,2.469048677044233e-15
7,adam,149,5963.343999999998,8598.681599999996,1.4200660838373966e-07,1.364262580380014e-07,1.7466572569580932e-08,9.590108963456458e-08,2.3058595833855902e-08,5.492050838796812e-09,0.0,5.878543770237145e-13,2.2980001536486145e-15,1.9197605648839153e-15
7,adam,174,5963.343999999998,8598.681599999996,1.1560434141448324e-07,1.1064199526709021e-07,1.5330919153371783e-08,7.707123065843879e-08,1.823984545527964e-08,4.874048146590924e-09,0.0,5.160299761881934e-13,1.8466046372980824e-15,1.5182528954795943e-15
7,adam,199,5963.343999999998,8598.681599999996,9.30226405329063e-08,8.891315180310697e-08,1.3438149736633742e-08,6.099940605103381e-08,1.4475596015439414e-08,4.021191544127228e-09,0.0,4.5234847611965203e-13,1.4613166579984063e-15,1.2047055359341973e-15
7,adam,224,5963.343999999998,8598.681599999996,7.440872918301782e-08,7.058763992642593e-08,1.2083356276064436e-08,4.7126556976784796e-08,1.1377726673576693e-08,3.732792302263143e-09,0.0,4.0678203954081247e-13,1.1288009043481387e-15,9.467442264804136e-16
7,adam,249,5963.343999999998,8598.681599999996,5.8738309529157075e-08,5.5866297699595525e-08,1.0534932958027891e-08,3.6456089700244405e-08,8.875275041323229e-09,2.7837145270020015e-09,0.0,3.546646276256466e-13,8.730748769267815e-16,7.383599359579302e-16
7,adam,274,5963.343999999998,8598.681599999996,4.5987370519728497e-08,4.3714377973948064e-08,9.130734058169306e-09,2.77034781479599e-08,6.880165767818861e-09,2.184694477386016e-09,0.0,3.0740250228417627e-13,6.633429115674692e-16,5.722613399766179e-16
7,adam,299,5963.343999999998,8598.681599999996,3.5793218425674685e-08,3.400081197685259e-08,7.920402943347537e-09,2.0778350806374424e-08,5.302058227130629e-09,1.7041072902862007e-09,0.0,2.6666500536473667e-13,4.974327396324434e-16,4.409060004566539e-16
7,adam,324,5963.343999999998,8598.681599999996,2.7790694910330213e-08,2.636935054754534e-08,6.8885569389760506e-09,1.5404686316304976e-08,4.076107292264313e-09,1.3330438969634849e-09,0.0,2.319342304881359e-13,3.687165267920169e-16,3.388838126404256e-16
7,adam,349,5963.343999999998,8598.681599999996,2.1617603245024276e-08,2.0474804295779475e-08,6.012616978141288e-09,1.1317875928157914e-08,3.1443113894802713e-09,1.0544970576872844e-09,0.0,2.0245074375328695e-13,2.7084330394144266e-16,2.6135676356047904e-16
7,adam,374,5963.343999999998,8598.681599999996,1.6931521796645222e-08,1.599597633321701e-08,5.272461685182474e-09,8.2737736692721e-09,2.4497409787624353e-09,8.472421123396492e-10,0.0,1.7753729076675694e-13,1.9795548273985423e-16,2.0357884596856703e-16
7,adam,399,5963.343999999998,8598.681599999996,1.3422977965720094e-08,1.2640157894459612e-08,4.647201077709735e-09,6.05158577638737e-09,1.9413710403625073e-09,6.945152952385665e-10,0.0,1.564907669635172e-13,1.4475765863731998e-16,1.6129811325207733e-16
7,adam,424,5963.343999999998,8598.681599999996,1.068447238564337e-08,9.95617526708397e-09,4.0174907975119365e-09,4.4154459498894895e-09,1.5232385196825436e-09,6.399909848365972e-10,0.0,1.3528625041771114e-13,1.05598847083424e-16,1.265308993532531e-16
7,adam,449,5963.343999999998,8598.681599999996,8.755831529145318e-09,8.14033851308131e-09,3.592503373389532e-09,3.2776684328474176e-09,1.2701667068443593e-09,5.27185635112403e-10,0.0,1.2098010265925023e-13,7.837116080621326e-17,1.0549053397832191e-16
7,adam,474,5963.343999999998,8598.681599999996,7.356969244989419e-09,6.812812618991806e-09,3.216243535008978e-09,2.5098082789814154e-09,1.0867608050014127e-09,4.5584814833168906e-10,0.0,1.0831517942424981e-13,5.999858564646697e-17,9.024456565095031e-17
7,adam,499,5963.343999999998,8598.681599999996,6.333039280236522e-09,5.839442059932482e-09,2.8968818553209946e-09,1.9851666497536175e-09,9.573935548578705e-10,4.0528780113518925e-10,0.0,9.756459444551417e-14,4.7447037534921716e-17,7.949155470725337e-17
7,adam,524,5963.343999999998,8598.681599999996,5.569762764053004e-09,5.1156013631614755e-09,2.6184829043586983e-09,1.6318997403313692e-09,8.652187184714083e-10,3.658511915124775e-10,0.0,8.819258074827867e-14,3.8996160113773914e-17,7.183016321716867e-17
7,adam,549,5963.343999999998,8598.681599999996,4.985394485602027e-09,4.562857353162869e-09,2.3736656030797555e-09,1.391884593079944e-09,7.973071570031699e-10,3.342262727972291e-10,0.0,7.995071252795817e-14,3.325470309122947e-17,6.618536278811093e-17
7,adam,574,5963.343999999998,8598.681599999996,4.523127904633833e-09,4.126956112002253e-09,2.1565520363623975e-09,1.2257691790756505e-09,7.446348965642049e-10,3.0786040716213685e-10,0.0,7.264116034206401e-14,2.928094717041222e-17,6.180707351363206e-17
7,adam,599,5963.343999999998,8598.681599999996,4.144538295529638e-09,3.7710306821652806e-09,1.9625863114533864e-09,1.1068821975607065e-09,7.015621731511875e-10,2.851958092413455e-10,0.0,6.611060333362515e-14,2.6436796017464496e-17,5.822660412015412e-17
7,adam,624,5963.343999999998,8598.681599999996,3.825589466776465e-09,3.4649631954159356e-09,1.8205363601738772e-09,9.838597083484987e-10,6.605671268935598e-10,2.723141142046635e-10,0.0,6.13284799437447e-14,2.3495241762326544e-17,5.481921172805034e-17
7,adam,649,5963.343999999998,8598.681599999996,3.532358468229078e-09,3.1915329141570954e-09,1.652531420669481e-09,9.199533716732205e-10,6.19048121814394e-10,2.5251311073214215e-10,0.0,5.5671243675754383e-14,2.1966131995506505e-17,5.136998153067889e-17
7,adam,674,5963.343999999998,8598.681599999996,3.276346323001853e-09,2.9526187738542255e-09,1.498707498345564e-09,8.647236594605617e-10,5.891876160481e-10,2.354148878942042e-10,0.0,5.049136480631497e-14,2.0644669416321014e-17,4.8888261228243626e-17
7,adam,699,5963.343999999998,8598.681599999996,3.04869763688156e-09,2.7404369527174177e-09,1.3617555063749528e-09,8.172654510987245e-10,5.614159952437401e-10,2.1994785906293881e-10,0.0,4.5879319336665064e-14,1.9509183634316162e-17,4.658032255854747e-17
7,adam,724,5963.343999999998,8598.681599999996,2.843880363596401e-09,2.5497015325790453e-09,1.2388990119409374e-09,7.754774538390778e-10,5.353250667990301e-10,2.0586588336163625e-10,0.0,4.174171641326345e-14,1.850941523708489e-17,4.441232284900713e-17
7,adam,749,5963.343999999998,8598.681599999996,2.658293622926819e-09,2.376686895570672e-09,1.1286595678087918e-09,7.375960061466772e-10,5.104313216152031e-10,1.9329368839322157e-10,0.0,3.80288068537756e-14,1.7603228819031138e-17,4.234409168956673e-17
7,adam,774,5963.343999999998,8598.681599999996,2.489484697426622e-09,2.2191534359892346e-09,1.02970670253562e-09,7.026784614440591e-10,4.867682720095557e-10,1.8201815436891032e-10,0.0,3.469583898121104e-14,1.676808755202111e-17,4.037838077604117e-17
7,adam,799,5963.343999999998,8598.681599999996,2.335672824422079e-09,2.07542384977293e-09,9.408483786744798e-10,6.702735987580478e-10,4.6430187234040233e-10,1.7193581641712334e-10,0.0,3.1702713959056324e-14,1.5993193899173668e-17,3.8512333587447545e-17
7,adam,824,5963.343999999998,8598.681599999996,2.241162105320116e-09,1.995371699347918e-09,8.726111737429127e-10,6.612250696040566e-10,4.6153545600094826e-10,1.5747722190263572e-10,0.0,2.940419667422728e-14,1.5775409429867515e-17,3.8281975824427265e-17
7,adam,849,5963.343999999998,8598.681599999996,2.115951097198148e-09,1.8775332591726166e-09,8.02211463636088e-10,6.321075568782213e-10,4.4321423865830724e-10,1.5010464437203867e-10,0.0,2.703278105107523e-14,1.5079655382522348e-17,3.675979519469568e-17
7,adam,874,5963.343999999998,8598.681599999996,2.0020522114412355e-09,1.7697136120137084e-09,7.389994012907211e-10,6.062996507999041e-10,4.2441455992308325e-10,1.4402539739447237e-10,0.0,2.4903367114269316e-14,1.44628950678674e-17,3.519892922602562e-17
7,adam,899,5963.343999999998,8598.681599999996,1.897975262502468e-09,1.6711805103757205e-09,6.82714045943918e-10,5.809582867160039e-10,4.075081777157985e-10,1.3848154125080202e-10,0.0,2.300717446934285e-14,1.3857425905558156e-17,3.379518819577342e-17
7,adam,924,5963.343999999998,8598.681599999996,1.8027814316136435e-09,1.5808289317159132e-09,6.321638504133852e-10,5.571305548216328e-10,3.9153452648089523e-10,1.336392797476631e-10,0.0,2.1304104777327895e-14,1.328821529735428e-17,3.246902318884318e-17
7,adam,949,5963.343999999998,8598.681599999996,1.7157018544571905e-09,1.4980731917537436e-09,5.867284033412555e-10,5.349414217676521e-10,3.764033666448359e-10,1.2931543275966848e-10,0.0,1.9773288392747675e-14,1.275823698247396e-17,3.12129198228737e-17
7,adam,974,5963.343999999998,8598.681599999996,1.6360424489068953e-09,1.4222792380557472e-09,5.459127525626263e-10,5.143344251084231e-10,3.6203206038469794e-10,1.2544997066785672e-10,0.0,1.8398070746676546e-14,1.226613283995575e-17,3.0020000586911076e-17
7,adam,999,5963.343999999998,8598.681599999996,1.5631646868596872e-09,1.3528804027971947e-09,5.092143036566484e-10,4.952060348192835e-10,3.484600643212628e-10,1.2197103330754605e-10,0.0,1.716153604084971e-14,1.1809417937309682e-17,2.889351121761157e-17
7,adam,1024,5963.343999999998,8598.681599999996,1.4628779241083183e-09,1.2547835239096626e-09,4.6565285390207075e-10,4.6173947704313636e-10,3.2739119296445543e-10,1.1978112380085206e-10,0.0,1.5693456187750287e-14,1.1011012801281742e-17,2.7145064910053348e-17
7,adam,1049,5963.343999999998,8598.681599999996,1.402148137299961e-09,1.197117240348145e-09,4.3619344146868e-10,4.4938288778614596e-10,3.11540911093319e-10,1.1671759000673478e-10,0.0,1.470075147694889e-14,1.0716191682973115e-17,2.5829694139809535e-17
7,adam,1074,5963.343999999998,8598.681599999996,1.3472143769572662e-09,1.145023658522936e-09,4.108155467384956e-10,4.348543676092453e-10,2.9935374417519504e-10,1.1387738754928909e-10,0.0,1.3845559634462982e-14,1.036948175479472e-17,2.4818480422645898e-17
7,adam,1099,5963.343999999998,8598.681599999996,1.2972402600842435e-09,1.0977630873555167e-09,3.8765552374870533e-10,4.2183474901045494e-10,2.882728145963564e-10,1.1116382321039828e-10,0.0,1.3065120041087533e-14,1.0058840552301524e-17,2.389900505124201e-17
7,adam,1124,5963.343999999998,8598.681599999996,1.2516693943319063e-09,1.0546410765775367e-09,3.669728858810743e-10,4.0921152148196595e-10,2.784566692144964e-10,1.0871495367990467e-10,0.0,1.236816460320609e-14,9.757695503112196e-18,2.3084502943334332e-17
7,adam,1149,5963.343999999998,8598.681599999996,1.2100180204826752e-09,1.0152186463847078e-09,3.484409600596931e-10,3.97355996183107e-10,2.694216901419077e-10,1.0648599849804566e-10,0.0,1.1743685618838948e-14,9.474904578185573e-18,2.233485016636788e-17
7,adam,1174,5963.343999999998,8598.681599999996,1.171854365536427e-09,9.790894827215482e-10,3.3182900859392413e-10,3.8617688346886323e-10,2.6108359065876086e-10,1.0445149805581769e-10,0.0,1.1183906813517302e-14,9.208280088851896e-18,2.1643053848818163e-17
7,adam,1199,5963.343999999998,8598.681599999996,1.1367906848085385e-09,9.458976165527781e-10,3.169140828471136e-10,3.756210220921081e-10,2.5336251161355657e-10,1.0257967624404292e-10,0.0,1.068131509177115e-14,8.956548071368062e-18,2.100247832152137e-17
7,adam,1224,5963.343999999998,8598.681599999996,1.0977838623778814e-09,9.095743787252448e-10,3.0593350205338305e-10,3.573810624575262e-10,2.4625981421433557e-10,9.98960841517416e-11,0.0,1.0311463403164415e-14,8.521759910615565e-18,2.0414336266594842e-17
7,adam,1249,5963.343999999998,8598.681599999996,1.066525872671274e-09,8.795708672355134e-10,2.94039608409251e-10,3.4404449600580556e-10,2.414867628204569e-10,9.864160252721981e-11,0.0,9.910657815647648e-15,8.203496836528915e-18,2.001896452187354e-17
7,adam,1274,5963.343999999998,8598.681599999996,1.038042084506353e-09,8.525808595817724e-10,2.820519790157709e-10,3.3430551470784837e-10,2.3622336585815313e-10,9.714781831241966e-11,0.0,9.506700025167444e-15,7.971228404627808e-18,1.9582275847712976e-17
7,adam,1299,5963.343999999998,8598.681599999996,1.011754178260543e-09,8.27646741430328e-10,2.7123310296264875e-10,3.2597289132801114e-10,2.3044074713966819e-10,9.579402663040395e-11,0.0,9.14212586801042e-15,7.772548975411515e-18,1.9102568949799607e-17
7,adam,1324,5963.343999999998,8598.681599999996,9.873806720707334e-10,8.045827016742421e-10,2.6142616249257917e-10,3.180885506349494e-10,2.2506798854671337e-10,9.448455684156337e-11,0.0,8.811653625008594e-15,7.584577155326809e-18,1.865685394854108e-17
7,adam,1349,5963.343999999998,8598.681599999996,9.646906298380664e-10,7.831615285196823e-10,2.5250987474290586e-10,3.10736605836015e-10,2.199150479407614e-10,9.321568502688178e-11,0.0,8.511193912139316e-15,7.40931256728657e-18,1.8229382174005338e-17
7,adam,1374,5963.343999999998,8598.681599999996,9.435394566897813e-10,7.633664142220189e-10,2.443794765313426e-10,3.033679539232771e-10,2.1561898376739925e-10,9.185962404005184e-11,0.0,8.237214753070483e-15,7.233627276038304e-18,1.7872940958231645e-17
7,adam,1399,5963.343999999998,8598.681599999996,2.2905528906977571e-07,1.504381049059541e-07,4.274557560224621e-10,1.207197024120375e-07,2.9290946737894132e-08,7.85288714960668e-08,0.0,1.4422862729657695e-14,2.8728600092695293e-15,2.4165770920237493e-15
7,lbfgs,1400,5963.343999999998,8598.681599999996,4.5129818905857754e-07,2.952943673925491e-07,7.148946099160042e-10,2.3389132757436876e-07,6.068814520826432e-08,1.559155073126287e-07,0.0,2.4082292114113943e-14,5.556338112924388e-15,5.016423250594983e-15
7,lbfgs,1409,5963.343999999998,8598.681599999996,2.2628487374358928e-09,1.7305028442435044e-09,4.4426421585757974e-10,9.392642462556586e-10,3.4697438213026606e-10,4.440315435739902e-10,0.0,1.4968092946174857e-14,2.2397821468266872e-17,2.867327682569061e-17
7,lbfgs,1419,5963.343999999998,8598.681599999996,2.03212089800785e-09,1.5475384564659664e-09,4.3215466463333027e-10,8.228798857022232e-10,2.9250390613041303e-10,3.962680920239347e-10,0.0,1.4560424979699636e-14,1.962316272010452e-17,2.4172963075572154e-17
7,lbfgs,1429,5963.343999999998,8598.681599999996,1.8472211103567704e-09,1.3991798941656037e-09,4.1728645449003115e-10,7.377450028309928e-10,2.4414843684457977e-10,3.5972686680077354e-10,0.0,1.4059854264585552e-14,1.7591781900589368e-17,2.0179213651089574e-17
7,lbfgs,1439,5963.343999999998,8598.681599999996,1.7483825047330967e-09,1.328043278152956e-09,4.060000895143042e-10,6.846593508297742e-10,2.373838378088775e-10,3.320248772970231e-10,0.0,1.3679841713101287e-14,1.632695765296254e-17,1.9620339158543562e-17
7,lbfgs,1449,5963.343999999998,8598.681599999996,1.652592242619216e-09,1.2571470216658083e-09,3.92045868244657e-10,6.286673920065394e-10,2.3643376141461185e-10,3.0713087180900275e-10,0.0,1.3209977206656786e-14,1.4993231239561015e-17,1.9541903385437736e-17
7,lbfgs,1459,5963.343999999998,8598.681599999996,1.5904275251614837e-09,1.207700734467234e-09,3.8259812081071626e-10,6.047827251696963e-10,2.203198884868213e-10,2.944124416408568e-10,0.0,1.289184805939733e-14,1.4422608021991018e-17,1.821253503442694e-17
7,lbfgs,1469,5963.343999999998,8598.681599999996,1.5239722690722504e-09,1.1559691360963676e-09,3.7110354695791016e-10,5.838092226232713e-10,2.0105636651518624e-10,2.7968878403546843e-10,0.0,1.2504783643057886e-14,1.39207432734569e-17,1.6623987331803718e-17
7,lbfgs,1479,5963.343999999998,8598.681599999996,1.4767803514226122e-09,1.1208621707569442e-09,3.6236919844739126e-10,5.558192547705721e-10,2.0267371753898083e-10,2.676038318203698e-10,0.0,1.2210647668780883e-14,1.325425574014686e-17,1.675822854849067e-17
7,lbfgs,1489,5963.343999999998,8598.681599999996,1.4250395779573905e-09,1.0816925758724164e-09,3.5159931843885456e-10,5.225478169990364e-10,2.0754544043452547e-10,2.550326533617967e-10,0.0,1.1847950586139417e-14,1.2462275973922087e-17,1.716123995692231e-17
7,lbfgs,1499,5963.343999999998,8598.681599999996,1.3868372839957659e-09,1.0535529055104407e-09,3.4438134272382767e-10,5.112678886562024e-10,1.979036741304106e-10,2.449700298401732e-10,0.0,1.1604870574855902e-14,1.2192465501289165e-17,1.6366853699581722e-17
7,lbfgs,1509,5963.343999999998,8598.681599999996,1.345076000242143e-09,1.0234876304026535e-09,3.356206361793126e-10,5.022237957199312e-10,1.8564319850340975e-10,2.3327402129036653e-10,0.0,1.130982949024476e-14,1.1975394694561551e-17,1.5357051907681172e-17
7,lbfgs,1519,5963.343999999998,8598.681599999996,1.3134774490418778e-09,1.0000475737662609e-09,3.28910731540953e-10,4.828158514765082e-10,1.883209907487996e-10,2.251155268089202e-10,0.0,1.1083842433352666e-14,1.1513495202741506e-17,1.5578882861450033e-17
7,lbfgs,1529,5963.343999999998,8598.681599999996,1.2793889033632276e-09,9.742152974076004e-10,3.2062940380291507e-10,4.598493977887667e-10,1.937364958159185e-10,2.168592575948452e-10,0.0,1.0804923034632474e-14,1.0967104010883762e-17,1.6026727982651377e-17
7,lbfgs,1539,5963.343999999998,8598.681599999996,1.2530024473488713e-09,9.56030794265155e-10,3.1512827740346653e-10,4.5366990843920056e-10,1.872326084224881e-10,2.086573047888394e-10,0.0,1.0619644390390247e-14,1.0819055415529114e-17,1.5491509575337118e-17
7,lbfgs,1549,5963.343999999998,8598.681599999996,1.2250645829837679e-09,9.37432526098747e-10,3.084561126441242e-10,4.4996779018467187e-10,1.790086232699509e-10,1.993177086708074e-10,0.0,1.0394922076781646e-14,1.0729557031630228e-17,1.4815050963783145e-17
7,lbfgs,1559,5963.343999999998,8598.681599999996,1.202891166120423e-09,9.210781977890087e-10,3.0329140211859817e-10,4.359808170915656e-10,1.8180597857884497e-10,1.9349862018837152e-10,0.0,1.0220962631969374e-14,1.0396820786453557e-17,1.5046612027896117e-17
7,lbfgs,1569,5963.343999999998,8598.681599999996,1.1799577730709448e-09,9.035580836857972e-10,2.9690451894436e-10,4.1974230660657874e-10,1.8691125813485856e-10,1.8808534133384116e-10,0.0,1.0005833301795115e-14,1.0010698310483346e-17,1.5468620392080036e-17
7,lbfgs,1579,5963.343999999998,8598.681599999996,1.1612224141781735e-09,8.914938514790628e-10,2.927012830460998e-10,4.1625466016251153e-10,1.825379082704515e-10,1.8141421470319731e-10,0.0,9.864259115231292e-15,9.926930831680001e-18,1.5109263403884758e-17
7,lbfgs,1589,5963.343999999998,8598.681599999996,1.1423895281115285e-09,8.80143552043095e-10,2.876051311496691e-10,4.1534398766348973e-10,1.7719443322993618e-10,1.7393162813993776e-10,0.0,9.69260856992716e-15,9.90413191246096e-18,1.4670567676397836e-17
7,lbfgs,1599,5963.343999999998,8598.681599999996,1.1264743490573554e-09,8.683692904001287e-10,2.836118250494867e-10,4.0499391239656093e-10,1.7976355295408104e-10,1.6979071079025584e-10,0.0,9.558097507195985e-15,9.658027602231207e-18,1.4883099089013807e-17
7,lbfgs,1609,5963.343999999998,8598.681599999996,1.1110164779417668e-09,8.562336792667718e-10,2.7866182322724137e-10,3.93353686459545e-10,1.842181695799854e-10,1.6646845088764852e-10,0.0,9.391358555174366e-15,9.381415540618632e-18,1.5251125216345487e-17
7,lbfgs,1619,5963.343999999998,8598.681599999996,1.097423152829555e-09,8.481572536873856e-10,2.754376117074162e-10,3.913284060731151e-10,1.813912359068543e-10,1.609515514012406e-10,0.0,9.282756148871386e-15,9.332591343237494e-18,1.501935546612576e-17
7,lbfgs,1629,5963.343999999998,8598.681599999996,1.0862475666250818e-09,8.41003455562698e-10,2.722846384842726e-10,3.8782692462527596e-10,1.8089189245314943e-10,1.5692976337017953e-10,0.0,9.176551019166953e-15,9.248965307110788e-18,1.4979242056102526e-17
7,lbfgs,1639,5963.343999999998,8598.681599999996,1.073076944317335e-09,8.328063488475865e-10,2.684257659410701e-10,3.840267039873184e-10,1.8035387891919795e-10,1.519562478382596e-10,0.0,9.046567820425274e-15,9.158127078358897e-18,1.4936301798742258e-17
7,lbfgs,1649,5963.343999999998,8598.681599999996,1.0636783455467097e-09,8.264004614310063e-10,2.6558490633303843e-10,3.796766059048211e-10,1.8113894919314682e-10,1.489635365318436e-10,0.0,8.950873999949063e-15,9.054545645937672e-18,1.5001823151278404e-17
7,lbfgs,1659,5963.343999999998,8598.681599999996,1.0526275858364018e-09,8.187792730874043e-10,2.620838116599508e-10,3.7438044868638434e-10,1.8231501274106913e-10,1.4553396522561366e-10,0.0,8.832939730279187e-15,8.928478982410874e-18,1.5099727694360506e-17
7,lbfgs,1669,5963.343999999998,8598.681599999996,1.0447033893767793e-09,8.139952842734965e-10,2.5964060052058274e-10,3.720432472466293e-10,1.8231143650628447e-10,1.4239375762127367e-10,0.0,8.750641202023168e-15,8.872626589730158e-18,1.5100413447255036e-17
7,lbfgs,1679,5963.343999999998,8598.681599999996,1.0354138934318402e-09,8.086155772760419e-10,2.56647712164439e-10,3.69559139585375e-10,1.8240872552622796e-10,1.384839687252636e-10,0.0,8.649827147743344e-15,8.813189130237342e-18,1.5109756585103935e-17
7,lbfgs,1689,5963.343999999998,8598.681599999996,1.0287158823694638e-09,8.041002039530872e-10,2.5443377324204447e-10,3.6643778934974816e-10,1.8322864136129448e-10,1.3630133102671135e-10,0.0,8.575250531461461e-15,8.738890638905135e-18,1.5178007619429454e-17
7,lbfgs,1699,5963.343999999998,8598.681599999996,1.020893010830122e-09,7.987132723717333e-10,2.5170055782143734e-10,3.6265103356253297e-10,1.84361680987763e-10,1.3386539112070843e-10,0.0,8.483181993189985e-15,8.648791555210216e-18,1.5272169289821847e-17
7,lbfgs,1709,5963.343999999998,8598.681599999996,1.015216915993368e-09,7.95524233677468e-10,2.4979751328272476e-10,3.610544084078859e-10,1.8467231198685735e-10,1.3137833501334097e-10,0.0,8.419078989753194e-15,8.610607860838259e-18,1.5298673497084635e-17
7,lbfgs,1719,5963.343999999998,8598.681599999996,1.0086178483375211e-09,7.920467524427543e-10,2.474642375647166e-10,3.593996975389407e-10,1.8518281733909705e-10,1.2825674863581906e-10,0.0,8.34048430386022e-15,8.570962589299909e-18,1.5341978040416643e-17
7,lbfgs,1729,5963.343999999998,8598.681599999996,1.0037950886967183e-09,7.88800930884011e-10,2.4572927134027753e-10,3.5712999069817285e-10,1.859416688455607e-10,1.2667981058887947e-10,0.0,8.282042416422508e-15,8.516958319623812e-18,1.540505552389672e-17
7,lbfgs,1739,5963.343999999998,8598.681599999996,9.982191705537752e-10,7.849165475824257e-10,2.4358350955629155e-10,3.5440290704509483e-10,1.8693013098103934e-10,1.249882757922847e-10,0.0,8.209763162715094e-15,8.452107725827093e-18,1.5487111337714315e-17
7,lbfgs,1749,5963.343999999998,8598.681599999996,9.941102577759563e-10,7.828093712016014e-10,2.4209333876941124e-10,3.5328070706246265e-10,1.8743532536972751e-10,1.229865394250887e-10,0.0,8.159568507122493e-15,8.425244917682554e-18,1.5529570021092095e-17
7,lbfgs,1759,5963.343999999998,8598.681599999996,9.893912664042966e-10,7.806259545289023e-10,2.402646897687039e-10,3.52149801136751e-10,1.882114636234474e-10,1.2045096476304446e-10,0.0,8.097973156202355e-15,8.3981026269166e-18,1.5594669951989948e-17
7,lbfgs,1769,5963.343999999998,8598.681599999996,9.858805117517645e-10,7.782376126153029e-10,2.3889737743046815e-10,3.5048343612439163e-10,1.8885679906044317e-10,1.1932855205434016e-10,0.0,8.051916600595246e-15,8.3584744186091e-18,1.5648260718965405e-17
7,lbfgs,1779,5963.343999999998,8598.681599999996,9.818804375074767e-10,7.753691861919712e-10,2.372031879033343e-10,3.485169852994292e-10,1.8964901298920762e-10,1.1819690427200207e-10,0.0,7.99484980021068e-15,8.311745404612539e-18,1.5713967747829507e-17
7,lbfgs,1789,5963.343999999998,8598.681599999996,9.78871680709896e-10,7.740001551135572e-10,2.360300588093882e-10,3.4769935657424425e-10,1.9027073972992475e-10,1.165571785781009e-10,0.0,7.955335532611812e-15,8.292152077094999e-18,1.5765953733642892e-17
7,lbfgs,1799,5963.343999999998,8598.681599999996,9.75475695236445e-10,7.727022498158844e-10,2.345892721147235e-10,3.4689782523054164e-10,1.9121515247061932e-10,1.1445909843353686e-10,0.0,7.90680638699662e-15,8.272874549806813e-18,1.5844830543396584e-17
7,lbfgs,1809,5963.343999999998,8598.681599999996,9.728888466087958e-10,7.708952832511962e-10,2.335055673989297e-10,3.4566747301479665e-10,1.9172224283746989e-10,1.1367921639664058e-10,0.0,7.87030406272177e-15,8.24363446752433e-18,1.5886909907480174e-17
7,lbfgs,1819,5963.343999999998,8598.681599999996,9.7000122388884e-10,7.687162585862203e-10,2.3216025054897222e-10,3.442580736812064e-10,1.9229793435604168e-10,1.1297061837504876e-10,0.0,7.824990204409372e-15,8.210175542800283e-18,1.5934616358695664e-17
7,lbfgs,1829,5963.343999999998,8598.681599999996,9.67769452311976e-10,7.678530135897686e-10,2.312317601332162e-10,3.436352915666227e-10,1.9298596188992967e-10,1.1160209181604019e-10,0.0,7.793717324358924e-15,8.195234234484533e-18,1.5991997017229886e-17
7,lbfgs,1839,5963.343999999998,8598.681599999996,9.653102454780235e-10,7.671637851655024e-10,2.3009054706360775e-10,3.430382611510917e-10,1.94034976950803e-10,1.0983211343270893e-10,0.0,7.75528019927614e-15,8.180842114411367e-18,1.6079412264783025e-17
7,lbfgs,1849,5963.343999999998,8598.681599999996,9.633776845250996e-10,7.65751741603645e-10,2.2922674940091164e-10,3.4212867461577784e-10,1.9439631758695556e-10,1.0931159606416242e-10,0.0,7.726186188531353e-15,8.159243690591243e-18,1.610937612417545e-17
7,lbfgs,1859,5963.343999999998,8598.681599999996,9.612800109407232e-10,7.640413400136321e-10,2.281523764449372e-10,3.411346180023424e-10,1.947543455663526e-10,1.0892432409873524e-10,0.0,7.689999999906591e-15,8.135678128191089e-18,1.6139007670209734e-17
7,lbfgs,1869,5963.343999999998,8598.681599999996,9.595998841382535e-10,7.635256468154601e-10,2.2741360848058845e-10,3.406351472639166e-10,1.9547689107095504e-10,1.0775989051254989e-10,0.0,7.665118457845247e-15,8.12368214315027e-18,1.61991720997389e-17
7,lbfgs,1879,5963.343999999998,8598.681599999996,9.578077024982262e-10,7.632562063068786e-10,2.2650494556116992e-10,3.4016194499769715e-10,1.9658931574801156e-10,1.062371494033169e-10,0.0,7.63451540055145e-15,8.112250283184991e-18,1.6291741318862503e-17
7,lbfgs,1889,5963.343999999998,8598.681599999996,9.563407828863758e-10,7.621123788913091e-10,2.258125717450445e-10,3.394920965393072e-10,1.968077106069573e-10,1.059140572265382e-10,0.0,7.61119633443975e-15,8.096362693093345e-18,1.6309834761445272e-17
7,lbfgs,1899,5963.343999999998,8598.681599999996,9.548070656371137e-10,7.607204565941329e-10,2.2494975607805646e-10,3.388126591924301e-10,1.969580413236463e-10,1.0577226229959796e-10,0.0,7.582137097043404e-15,8.080290611580379e-18,1.632223153886734e-17
7,lbfgs,1909,5963.343999999998,8598.681599999996,9.535204112223209e-10,7.604439250386177e-10,2.2435888126819316e-10,3.383895700738375e-10,1.976954736965869e-10,1.0476213945562728e-10,0.0,7.56223766425433e-15,8.070120095194993e-18,1.638357040403071e-17
7,lbfgs,1919,5963.343999999998,8598.681599999996,9.522056411289293e-10,7.604646763218172e-10,2.2363166983537056e-10,3.3798797397292123e-10,1.9884503251352535e-10,1.0342661809771667e-10,0.0,7.537747148986663e-15,8.06040196630434e-18,1.6479138506262925e-17
7,lbfgs,1929,5963.343999999998,8598.681599999996,9.510715494668343e-10,7.595025405408995e-10,2.2307365275316503e-10,3.374997890407525e-10,1.9892909874698195e-10,1.0325466223347131e-10,0.0,7.518954217461813e-15,8.048841455393919e-18,1.6486084609397332e-17
7,lbfgs,1939,5963.343999999998,8598.681599999996,9.499424765253375e-10,7.583265371411425e-10,2.2237693082168088e-10,3.370619755900093e-10,1.9888763072945236e-10,1.0330159271365004e-10,0.0,7.49549023147898e-15,8.038523802869812e-18,1.648257396480587e-17
7,lbfgs,1949,5963.343999999998,8598.681599999996,9.489376234141706e-10,7.582145862353761e-10,2.21901944428956e-10,3.3668439347994577e-10,1.9962824832647442e-10,1.024086905211638e-10,0.0,7.479494643306758e-15,8.029441846251004e-18,1.6544130904701107e-17
7,lbfgs,1959,5963.343999999998,8598.681599999996,9.480913819202067e-10,7.579098234461317e-10,2.2143875031751336e-10,3.363651371333361e-10,2.0010593599528223e-10,1.0186721182996925e-10,0.0,7.463896161907279e-15,8.021806004749152e-18,1.6583810110933368e-17
7,lbfgs,1969,5963.343999999998,8598.681599999996,9.47070961443003e-10,7.575965131676984e-10,2.2086491524006456e-10,3.359718087853494e-10,2.0075978914228444e-10,1.0116010164808476e-10,0.0,7.444572064709012e-15,8.012389779290914e-18,1.6638114849553512e-17
7,lbfgs,1979,5963.343999999998,8598.681599999996,9.463275611240854e-10,7.571484101724395e-10,2.2044195766430792e-10,3.356927466906962e-10,2.010137058174354e-10,1.0086480433765491e-10,0.0,7.430328892831948e-15,8.005750672147068e-18,1.6659190826817173e-17
7,lbfgs,1989,5963.343999999998,8598.681599999996,9.454313492679126e-10,7.565673163002842e-10,2.1991561266551018e-10,3.353694145487131e-10,2.0128228908606103e-10,1.0054968637045289e-10,0.0,7.412604391824977e-15,7.998066186884124e-18,1.668148011807129e-17
7,lbfgs,1999,5963.343999999998,8598.681599999996,9.44775375077271e-10,7.563631891598672e-10,2.1954022333940146e-10,3.351080876528266e-10,2.0171487816763917e-10,1.0009783933178913e-10,0.0,7.39996361501636e-15,7.99181206789765e-18,1.6717398530068128e-17
7,lbfgs,2009,5963.343999999998,8598.681599999996,9.439848280388132e-10,7.56170170318369e-10,2.19074685732213e-10,3.347810706560079e-10,2.0231441393014814e-10,9.950031114924472e-11,0.0,7.384287476423906e-15,7.983977713416748e-18,1.6767172409664854e-17
7,lbfgs,2019,5963.343999999998,8598.681599999996,9.43403253433446e-10,7.558022210178218e-10,2.1873056896950988e-10,3.345724371093439e-10,2.0249921493896805e-10,9.928668585584546e-11,0.0,7.372700021817166e-15,7.97901695570724e-18,1.678250682017394e-17
7,lbfgs,2029,5963.343999999998,8598.681599999996,9.427026936217967e-10,7.553159333305705e-10,2.1830174374377024e-10,3.3433808745693234e-10,2.0267610212986788e-10,9.90724137459902e-11,0.0,7.358260397946406e-15,7.973452800075215e-18,1.6797181363148208e-17
7,lbfgs,2039,5963.343999999998,8598.681599999996,9.42184500281886e-10,7.551802595958411e-10,2.1799604858791597e-10,3.341175895054302e-10,2.0306662150249497e-10,9.868989415069536e-11,0.0,7.347967165046607e-15,7.968172557706701e-18,1.6829595814866946e-17
7,lbfgs,2049,5963.343999999998,8598.681599999996,9.415606613947095e-10,7.550690945774632e-10,2.1761657285577054e-10,3.338368536773866e-10,2.0361566804430596e-10,9.817722029420506e-11,0.0,7.335189853870898e-15,7.961442308538867e-18,1.6875163319894356e-17
7,lbfgs,2059,5963.343999999998,8598.681599999996,9.410965215689139e-10,7.54754964943771e-10,2.173352569053189e-10,3.3368113433692486e-10,2.0373857370152723e-10,9.802721011198117e-11,0.0,7.325717720131965e-15,7.95774244655503e-18,1.6885358571205002e-17
7,lbfgs,2069,5963.343999999998,8598.681599999996,9.40538168373555e-10,7.543321411371841e-10,2.1698422165094323e-10,3.3351409736360683e-10,2.0383382212263403e-10,9.789168073581509e-11,0.0,7.31389826889676e-15,7.953782158174811e-18,1.689325657344558e-17
7,lbfgs,2079,5963.343999999998,8598.681599999996,9.401201790348558e-10,7.542427357200636e-10,2.167341323037114e-10,3.3332234836634504e-10,2.0418625505000721e-10,9.756309682269493e-11,0.0,7.305477941735635e-15,7.949187670551187e-18,1.6922501515239946e-17
7,lbfgs,2089,5963.343999999998,8598.681599999996,9.396177888402045e-10,7.541869339937567e-10,2.1642339984098087e-10,3.330738042136926e-10,2.0468972993908325e-10,9.71165083648618e-11,0.0,7.295015996708217e-15,7.943225436013699e-18,1.696427559739073e-17
7,lbfgs,2099,5963.343999999998,8598.681599999996,9.392392489319038e-10,7.539085228922203e-10,2.1619236843989065e-10,3.329581066255551e-10,2.0475804782677456e-10,9.701637956666335e-11,0.0,7.287237514531716e-15,7.940479195808575e-18,1.6969940194182386e-17
7,lbfgs,2109,5963.343999999998,8598.681599999996,9.387847445671096e-10,7.535276393507728e-10,2.1590370672317132e-10,3.328423390181006e-10,2.047815936095009e-10,9.694275875427216e-11,0.0,7.277518864473488e-15,7.937740435227016e-18,1.69718884679242e-17
7,lbfgs,2119,5963.343999999998,8598.681599999996,9.384399680207545e-10,7.534692435730168e-10,2.1569820651588355e-10,3.3267077247067627e-10,2.0510026458645688e-10,9.665637799291316e-11,0.0,7.270600301676127e-15,7.9336273703394e-18,1.6998325532506803e-17
7,lbfgs,2129,5963.343999999998,8598.681599999996,9.380264934912694e-10,7.534505985606777e-10,2.1544265783673805e-10,3.3244448672363643e-10,2.0556345400030324e-10,9.626154848474559e-11,0.0,7.261996920514362e-15,7.928196184020356e-18,1.703674834084392e-17
7,lbfgs,2139,5963.343999999998,8598.681599999996,9.377106521367155e-10,7.531955078806086e-10,2.1525209293725997e-10,3.323592389382219e-10,2.0558417600512672e-10,9.620079781770734e-11,0.0,7.255581333786263e-15,7.92617544677242e-18,1.7038463798740912e-17
7,lbfgs,2149,5963.343999999998,8598.681599999996,9.373323840758373e-10,7.528418447321708e-10,2.150136952085612e-10,3.322827606430805e-10,2.055453888805291e-10,9.617619291481537e-11,0.0,7.247555535053781e-15,7.924372731101758e-18,1.7035241235121737e-17
8,adam,0,8598.681599999996,11598.681599999996,2.8578980891126564e-10,1.4566367253489794e-10,9.776804581071582e-11,4.893870843559456e-12,4.3001755880622663e-11,4.855455751163263e-11,0.0,3.2954804575074377e-15,1.1629533464189037e-19,3.5478859340618264e-18
8,adam,24,8598.681599999996,11598.681599999996,0.00010135936949219733,6.235856830080876e-05,7.052769192479541e-08,4.874312904782987e-05,1.3544911561054094e-05,3.900071012043123e-05,0.0,2.4046404920377024e-12,1.1765720664248e-12,1.0990586116741516e-12
8,adam,49,8598.681599999996,11598.681599999996,8.176396818249632e-06,5.601238299656357e-06,2.634794968095658e-08,4.443226721689216e-06,1.1316636282861844e-06,2.575067624351639e-06,0.0,8.837958873655129e-13,1.0499734238282195e-13,9.384348153322927e-14
8,adam,74,8598.681599999996,11598.681599999996,1.4195281209101185e-06,9.431445824025293e-07,1.3792822851030583e-08,7.393675563761195e-07,1.899842031753792e-07,4.7629269460225357e-07,0.0,4.65775287929773e-13,1.7589920277375475e-14,1.565176182128307e-14
8,adam,99,8598.681599999996,11598.681599999996,7.719050533911862e-07,6.849891501720267e-07,1.221879859891973e-08,5.361494801922185e-07,1.3662087138088843e-07,8.682507374352019e-08,0.0,4.1235360274467854e-13,1.2743610108507965e-14,1.1267201724119873e-14
8,adam,124,8598.681599999996,11598.681599999996,5.854063486121595e-07,5.550966091162485e-07,9.907197727667879e-09,4.323963950031069e-07,1.1279301638547372e-07,3.021892064034806e-08,0.0,3.341931260330142e-13,1.0270193999289853e-14,9.309669964860981e-15
8,adam,149,8598.681599999996,11598.681599999996,4.7171318752788216e-07,4.43683188922045e-07,8.05308036099189e-09,3.451817294873185e-07,9.04483790737346e-08,2.793918954675533e-08,0.0,2.716296289165579e-13,8.198922788687246e-15,7.465493614519435e-15
8,adam,174,8598.681599999996,11598.681599999996,3.807318996478397e-07,3.585350878385486e-07,6.521804867747631e-09,2.78621713883573e-07,7.339156908722794e-08,2.2106011421348013e-08,0.0,2.199568752093022e-13,6.6179686496971965e-15,6.0580234986502794e-15
8,adam,199,8598.681599999996,11598.681599999996,3.080103978494762e-07,2.8903261172765835e-07,5.2272832670084484e-09,2.2437463158339474e-07,5.9430696877255176e-08,1.8886993416104777e-08,0.0,1.7628092767212476e-13,5.329731805639037e-15,4.905720291402301e-15
8,adam,224,8598.681599999996,11598.681599999996,2.44454105008656e-07,2.2933919455917981e-07,3.950145864084938e-09,1.7801701829533057e-07,4.7372030399764305e-08,1.502412409516781e-08,0.0,1.3320109830081013e-13,4.2290391118216376e-15,3.9101410633526185e-15
8,adam,249,8598.681599999996,11598.681599999996,1.983567267293073e-07,1.8508217931678646e-07,3.1592674380796338e-09,1.4356967406918914e-07,3.835323780951768e-08,1.3183766341987407e-08,0.0,1.0651966794156307e-13,3.4109199736220562e-15,3.1656267931615525e-15
8,adam,274,8598.681599999996,11598.681599999996,1.6170399483781141e-07,1.5080972064974675e-07,2.5112624523952634e-09,1.1684619053362561e-07,3.1452267663725884e-08,1.0803497648540527e-08,0.0,8.466311713128299e-14,2.7761507567811085e-15,2.5961036635272573e-15
8,adam,299,8598.681599999996,11598.681599999996,1.3207392750457977e-07,1.2282320606730174e-07,1.982960362626054e-09,9.503261009291123e-08,2.580763561176446e-08,9.159948727261382e-09,0.0,6.684648908507336e-14,2.257994074890564e-15,2.130219953980578e-15
8,adam,324,8598.681599999996,11598.681599999996,1.0787318104588871e-07,1.0010173127494847e-07,1.5598493851611937e-09,7.732730332564768e-08,2.121457856413958e-08,7.68068018526983e-09,0.0,5.257873622295661e-14,1.837401998249598e-15,1.75112445269412e-15
8,adam,349,8598.681599999996,11598.681599999996,8.803312952479167e-08,8.152318267076266e-08,1.2259089054922648e-09,6.285104253708913e-08,1.744623122818127e-08,6.419179703526721e-09,0.0,4.131935110984324e-14,1.4934960267911087e-15,1.4400913027239859e-15
8,adam,374,8598.681599999996,11598.681599999996,7.179099033225537e-08,6.635991752786831e-08,9.67323028802484e-10,5.1038274851423144e-08,1.4354319647642673e-08,5.340307441597227e-09,0.0,3.260167975310893e-14,1.2128491756984446e-15,1.184885148939316e-15
8,adam,399,8598.681599999996,11598.681599999996,5.855651801212164e-08,5.404166950708364e-08,7.712103281995428e-10,4.144556892918297e-08,1.1824890249701134e-08,4.424084348987666e-09,0.0,2.599086325732869e-14,9.849334378168604e-16,9.76102248447672e-16
8,adam,424,8598.681599999996,11598.681599999996,4.88058578539256e-08,4.512513032220203e-08,6.379330450321855e-10,3.452772491539561e-08,9.959472361774239e-09,3.5899641925837116e-09,0.0,2.14988828688117e-14,8.205404093640156e-16,8.221401459105491e-16
8,adam,449,8598.681599999996,11598.681599999996,3.968622883371817e-08,3.674845104931623e-08,5.32120658702056e-10,2.7987718798999246e-08,8.228611591614929e-09,2.84701482912404e-09,0.0,1.7932860653596275e-14,6.651464095263113e-16,6.792637431101073e-16
8,adam,474,8598.681599999996,11598.681599999996,3.250404129717882e-08,3.003604514124225e-08,4.545971338097693e-10,2.277272861828021e-08,6.808719389152274e-09,2.377233181925297e-09,0.0,1.5320147249495872e-14,5.412257065556064e-16,5.620594732025236e-16
8,adam,499,8598.681599999996,11598.681599999996,2.6865031833355088e-08,2.4808318635632064e-08,4.0289098021989404e-10,1.8718152709481753e-08,5.687274945930417e-09,1.9659499292558507e-09,0.0,1.3577705757267915e-14,4.448763318236805e-16,4.694863629038516e-16
8,adam,524,8598.681599999996,11598.681599999996,2.2435863602515542e-08,2.0716953513594865e-08,3.6887213753058655e-10,1.5553976877815237e-08,4.7941044982490415e-09,1.6281463598653293e-09,0.0,1.2431329458667844e-14,3.696828660288926e-16,3.9575511037802174e-16
8,adam,549,8598.681599999996,11598.681599999996,1.894620843839161e-08,1.7500482836843448e-08,3.465116360240566e-10,1.3074190771235247e-08,4.079780429584145e-09,1.3549613249738777e-09,0.0,1.1677817687607958e-14,3.1075119176778996e-16,3.3678705051981727e-16
8,adam,574,8598.681599999996,11598.681599999996,1.6180724706694734e-08,1.4956667852613352e-08,3.3145187187769367e-10,1.1119590863341182e-08,3.505625117394475e-09,1.1332919983074025e-09,0.0,1.1170308483886689e-14,2.6429908244235753e-16,2.893897853898452e-16
8,adam,599,8598.681599999996,11598.681599999996,1.3971267735595963e-08,1.2926381980149742e-08,3.2048889228820736e-10,9.56536585402027e-09,3.0405272338412637e-09,9.541203257089334e-10,0.0,1.0800834041258765e-14,2.273611720184223e-16,2.5099530044420905e-16
8,adam,624,8598.681599999996,11598.681599999996,1.188384936693478e-08,1.0947099450038886e-08,3.0060418993417977e-10,8.0279622191985e-09,2.6185330409062065e-09,8.459839332800464e-10,0.0,1.0130289685245565e-14,1.908231633388131e-16,2.1615667025140164e-16
8,adam,649,8598.681599999996,11598.681599999996,1.0439580210279982e-08,9.662295398879096e-09,2.951913969086302e-10,7.070243141454414e-09,2.296860860516052e-09,6.86518304314503e-10,0.0,9.947787891874711e-15,1.680590917797583e-16,1.896005332199436e-16
8,adam,674,8598.681599999996,11598.681599999996,9.279085790720937e-09,8.616167313224745e-09,2.891070373465499e-10,6.286949259730538e-09,2.040111016147657e-09,5.721515010789963e-10,0.0,9.742707619022677e-15,1.4944164092590517e-16,1.684055586729227e-16
8,adam,699,8598.681599999996,11598.681599999996,8.326303423572292e-09,7.744711560274785e-09,2.8121631994277857e-10,5.63634205302556e-09,1.8271531873064474e-09,4.908244707071306e-10,0.0,9.476745759564049e-15,1.3397803677257858e-16,1.508260916830554e-16
8,adam,724,8598.681599999996,11598.681599999996,7.532839012162257e-09,7.016361665880713e-09,2.7256750454413924e-10,5.0940978349719875e-09,1.6496963263645865e-09,4.2570958842341873e-10,0.0,9.185270552110016e-15,1.2109020689743365e-16,1.361778828630301e-16
8,adam,749,8598.681599999996,11598.681599999996,6.865516206652401e-09,6.401004331085257e-09,2.6337340514060764e-10,4.637898336270927e-09,1.4997325896737224e-09,3.7374380234924703e-10,0.0,8.87543228112327e-15,1.1024753494155348e-16,1.2379929234632296e-16
8,adam,774,8598.681599999996,11598.681599999996,6.3000457868807185e-09,5.8782722936856975e-09,2.5393710083266447e-10,4.252108853491058e-09,1.372226339361975e-09,3.310051523941282e-10,0.0,8.557443402742331e-15,1.0107838841572127e-16,1.1327457102038643e-16
8,adam,799,8598.681599999996,11598.681599999996,5.8179642043427046e-09,5.4316006608476965e-09,2.444571019355833e-10,3.924033768489658e-09,1.263109790422455e-09,2.9559498001822363e-10,0.0,8.237990243616939e-15,9.328099956607206e-17,1.0426787454646024e-16
8,adam,824,8598.681599999996,11598.681599999996,5.496787450540072e-09,5.104476713301872e-09,2.396942547983154e-10,3.6766565331279943e-09,1.1881259253755622e-09,3.0154199927283787e-10,0.0,8.077807606963707e-15,8.740173808697484e-17,9.807534470641751e-17
8,adam,849,8598.681599999996,11598.681599999996,5.11862109947944e-09,4.787445132187407e-09,2.2913572187524252e-10,3.448960405898807e-09,1.109349004413357e-09,2.404070900053019e-10,0.0,7.721966020126816e-15,8.19901867363891e-17,9.157417450146224e-17
8,adam,874,8598.681599999996,11598.681599999996,4.795623119514471e-09,4.4875575897681355e-09,2.1943264117258584e-10,3.2334140787467307e-09,1.034710869848819e-09,2.172965477062965e-10,0.0,7.394997855839123e-15,7.68672849308653e-17,8.541401282674136e-17
8,adam,899,8598.681599999996,11598.681599999996,4.6510478968101245e-09,4.493951228479674e-09,2.0949511072407786e-10,3.2785608723625997e-09,1.0058952453929966e-09,6.632759539235233e-11,0.0,7.060024856783639e-15,7.794100137815868e-17,8.304490515175095e-17
8,adam,924,8598.681599999996,11598.681599999996,1.7320876686203975e-06,1.1545743178032873e-06,1.2913773821694256e-09,9.204394553142277e-07,2.328434851068902e-07,5.77422617188608e-07,0.0,4.342406758018705e-14,2.1841839819055868e-14,1.9262474498962172e-14
8,adam,949,8598.681599999996,11598.681599999996,4.914419548330925e-07,4.0390496821854597e-07,1.6240418464960469e-09,3.187426217776524e-07,8.353830459439748e-08,8.744633266889031e-08,0.0,5.467238286090865e-14,7.570098606384333e-15,6.905191939221064e-15
8,adam,974,8598.681599999996,11598.681599999996,9.957388067192465e-08,7.265435626455034e-08,5.68783338628906e-10,5.620286724927525e-08,1.5882705676646188e-08,2.6828879962297978e-08,0.0,1.9175501327199933e-14,1.3367460221031089e-15,1.3103018609686163e-15
8,adam,999,8598.681599999996,11598.681599999996,3.538841043676624e-08,3.5024284699486876e-08,2.7864144107441315e-10,2.689693787390059e-08,7.848705384511874e-09,2.7348089205874615e-10,0.0,9.388611932038517e-15,6.393717159593126e-16,6.481813092695116e-16
8,adam,1024,8598.681599999996,11598.681599999996,2.1251993816517376e-08,2.002635783989598e-08,1.7200834713577828e-10,1.5176566143210893e-08,4.677783349549311e-09,1.1349905803356936e-09,0.0,5.796117440759937e-15,3.6082759076609796e-16,3.862418222565781e-16
8,adam,1049,8598.681599999996,11598.681599999996,1.4505616265771353e-08,1.3390919734139145e-08,1.341580018297411e-10,1.0036488142124705e-08,3.2202735901846997e-09,1.0240504984554134e-09,0.0,4.520922426091059e-15,2.3863270412875283e-16,2.6589082022845315e-16
8,adam,1074,8598.681599999996,11598.681599999996,1.0527350487033452e-08,9.650762629025204e-09,1.2381053329694006e-10,7.1551131383803126e-09,2.37183895734795e-09,7.859411888197986e-10,0.0,4.172364806401727e-15,1.7012821446242101e-16,1.9584214170647402e-16
8,adam,1099,8598.681599999996,11598.681599999996,8.024725047780932e-09,7.303035830400071e-09,1.2521521455858486e-10,5.353349442968992e-09,1.8244711728724941e-09,6.310419054811313e-10,0.0,4.219785779554985e-15,1.2729020142072415e-16,1.5064739349606384e-16
8,adam,1124,8598.681599999996,11598.681599999996,6.404887640013648e-09,5.807655561149816e-09,1.3047224355667888e-10,4.214807603826128e-09,1.4623757137670084e-09,5.065841344486784e-10,0.0,4.396976223548829e-15,1.002199591167407e-16,1.2074957731620393e-16
8,adam,1149,8598.681599999996,11598.681599999996,5.3279195927493465e-09,4.831470129738531e-09,1.357912696709752e-10,3.480100772439894e-09,1.2155780876276617e-09,4.058009221552409e-10,0.0,4.5762322145200975e-15,8.275102765342663e-17,1.003716544999167e-16
8,adam,1174,8598.681599999996,11598.681599999996,4.588255138718486e-09,4.164164438555438e-09,1.3954768852429753e-10,2.984264314791573e-09,1.0403524352395677e-09,3.3344161813432573e-10,0.0,4.7028238559299694e-15,7.096152763171638e-17,8.590304019812938e-17
8,adam,1199,8598.681599999996,11598.681599999996,4.060082851792987e-09,3.6906087500508955e-09,1.4128967987393665e-10,2.6374404597953385e-09,9.118786103816206e-10,2.7882454156616933e-10,0.0,4.761531682096291e-15,6.271507949132851e-17,7.52947162744189e-17
8,adam,1224,8598.681599999996,11598.681599999996,3.482868528621402e-09,3.187489326979635e-09,1.4168294249950777e-10,2.2738858357187646e-09,7.719205487613624e-10,2.0472926949859409e-10,0.0,4.77476964071332e-15,5.4069824993683884e-17,6.373872276045823e-17
8,adam,1249,8598.681599999996,11598.681599999996,3.2010309299302743e-09,2.929357646099406e-09,1.3986104703385726e-10,2.0844765180071093e-09,7.050200810584391e-10,1.8102304233487823e-10,0.0,4.7133888710631716e-15,4.956701870209586e-17,5.821489687294725e-17
8,adam,1274,8598.681599999996,11598.681599999996,2.9753774995799636e-09,2.7185321003454215e-09,1.3715815633275448e-10,1.9343040862054757e-09,6.470698578071914e-10,1.6619487720266392e-10,0.0,4.622311423196964e-15,4.599683066866051e-17,5.3430043682655756e-17
8,adam,1299,8598.681599999996,11598.681599999996,2.7884966031725844e-09,2.5488638234379242e-09,1.3388222361514093e-10,1.8152700498719875e-09,5.99711549950796e-10,1.4898201091610563e-10,0.0,4.5119204579446506e-15,4.316694406821667e-17,4.9519915704868535e-17
8,adam,1324,8598.681599999996,11598.681599999996,2.6302707936214706e-09,2.404867710963274e-09,1.302257101679568e-10,1.7150164861144353e-09,5.596255146808816e-10,1.347521020607339e-10,0.0,4.38870315855246e-15,4.078355258065377e-17,4.6210232475494145e-17
8,adam,1349,8598.681599999996,11598.681599999996,2.4940185192855865e-09,2.2799029931591622e-09,1.2636549672491693e-10,1.6282553945607416e-09,5.252821018735036e-10,1.234643658056389e-10,0.0,4.25862049610306e-15,3.872094176896874e-17,4.3374686005283025e-17
8,adam,1374,8598.681599999996,11598.681599999996,2.3750518586749654e-09,2.170386712525879e-09,1.2243016273577024e-10,1.552394822397235e-09,4.955617273928737e-10,1.1401383413162118e-10,0.0,4.1260050309044096e-15,3.691748532597061e-17,4.092085961576458e-17
8,adam,1399,8598.681599999996,11598.681599999996,2.2699480058458345e-09,2.073205065620017e-09,1.185100675946985e-10,1.4851509748707577e-09,4.695440231545608e-10,1.0609150090606428e-10,0.0,3.993901709112153e-15,3.5318882874467826e-17,3.8772756331505894e-17
8,lbfgs,1400,8598.681599999996,11598.681599999996,2.252136947312225e-09,2.0556857492720375e-09,1.1690031751803116e-10,1.4833905632451714e-09,4.553948685088351e-10,1.0579975409020896e-10,0.0,3.9396372404339855e-15,3.5277036798082204e-17,3.760492462221444e-17
8,lbfgs,1409,8598.681599999996,11598.681599999996,2.24872133226102e-09,2.0611198864995964e-09,1.1686111174188663e-10,1.4845392452525639e-09,4.5971952950514604e-10,9.695000187516127e-11,0.0,3.938312263699082e-15,3.530454040376849e-17,3.796189384535335e-17
8,lbfgs,1419,8598.681599999996,11598.681599999996,2.374896222389449e-09,2.026942534885253e-09,1.1696875542435267e-10,1.443919301543124e-09,4.660544779177761e-10,2.5730224378322973e-10,0.0,3.941944006662626e-15,3.433957861238886e-17,3.8481160904326654e-17
8,lbfgs,1429,8598.681599999996,11598.681599999996,2.24545997754174e-09,2.0536800865052273e-09,1.1677201915946826e-10,1.4773507990772258e-09,4.595572682685334e-10,1.0112844729010654e-10,0.0,3.935304273586091e-15,3.5133740683381594e-17,3.7948251593148676e-17
8,lbfgs,1439,8598.681599999996,11598.681599999996,2.244167472006478e-09,2.0589379718774868e-09,1.1670304003406319e-10,1.4822382464726952e-09,4.599966853707282e-10,9.457805646994292e-11,0.0,3.932976442949953e-15,3.524997220705297e-17,3.7984765620245266e-17
8,lbfgs,1449,8598.681599999996,11598.681599999996,2.362107501974374e-09,2.0229298660485204e-09,1.1680269149246284e-10,1.4415022680925106e-09,4.646249064635472e-10,2.485261924323872e-10,0.0,3.936340613790705e-15,3.428216865347929e-17,3.836331840937443e-17
8,lbfgs,1459,8598.681599999996,11598.681599999996,2.2413145781695747e-09,2.050480229165225e-09,1.1662386476353066e-10,1.4753257498164664e-09,4.5853061458522793e-10,1.0018290548887722e-10,0.0,3.930305537050406e-15,3.508568887581306e-17,3.7863561226763313e-17
8,lbfgs,1469,8598.681599999996,11598.681599999996,2.2400483444889524e-09,2.055435461404966e-09,1.1656255066205413e-10,1.4800596937223601e-09,4.5881321702055164e-10,9.396143965695199e-11,0.0,3.928237241948268e-15,3.519826669275829e-17,3.788713339053629e-17
8,lbfgs,1479,8598.681599999996,11598.681599999996,2.3561339400014447e-09,2.019399183833502e-09,1.1666099418595489e-10,1.4394415882522385e-09,4.632966013953084e-10,2.4608331290638185e-10,0.0,3.931561482947627e-15,3.4233254475973996e-17,3.8253774035381406e-17
8,lbfgs,1489,8598.681599999996,11598.681599999996,2.23724091523932e-09,2.0469956030971494e-09,1.164913742466867e-10,1.4731787994906996e-09,4.573254293597629e-10,9.959386885930067e-11,0.0,3.925837070166469e-15,3.5034731426618294e-17,3.776414251771222e-17
8,lbfgs,1499,8598.681599999996,11598.681599999996,2.2359937783014637e-09,2.051885544061651e-09,1.164342942610051e-10,1.4778463262008273e-09,4.5760492359981837e-10,9.345679104554784e-11,0.0,3.923911958875221e-15,3.5145729023309964e-17,3.7787456634367776e-17
8,lbfgs,1509,8598.681599999996,11598.681599999996,2.3503772729318994e-09,2.015880899067879e-09,1.1652983201145295e-10,1.437399547607435e-09,4.619515194489912e-10,2.438449308347159e-10,0.0,3.927138558532337e-15,3.4184781094251066e-17,3.8142843480320216e-17
8,lbfgs,1519,8598.681599999996,11598.681599999996,2.2332275483507857e-09,2.0435327016868362e-09,1.1636699444650043e-10,1.471026177177786e-09,4.561395300625497e-10,9.90434036138446e-11,0.0,3.9216429103451935e-15,3.4983635774607386e-17,3.766631654750313e-17
8,lbfgs,1529,8598.681599999996,11598.681599999996,2.231998288935319e-09,2.0483737447729506e-09,1.1631216823885129e-10,1.4756390572412545e-09,4.5642251929284466e-10,9.297310120084442e-11,0.0,3.919793964546599e-15,3.509333315587522e-17,3.7689916485639056e-17
8,lbfgs,1539,8598.681599999996,11598.681599999996,2.344780292037113e-09,2.0124151288595863e-09,1.1640405943504747e-10,1.435384451338879e-09,4.6062661808565976e-10,2.4171372038036015e-10,0.0,3.92289776872256e-15,3.413694585677997e-17,3.803357546876974e-17
8,lbfgs,1549,8598.681599999996,11598.681599999996,2.2292708117923637e-09,2.040109547772351e-09,1.1624684897237612e-10,1.4688851770646598e-09,4.5497752173531546e-10,9.850982120248448e-11,0.0,3.917591875137643e-15,3.493281343056428e-17,3.7570460931001324e-17
8,lbfgs,1559,8598.681599999996,11598.681599999996,2.2280584036028987e-09,2.0449053019948386e-09,1.1619343483593156e-10,1.4734483403442206e-09,4.552635268146864e-10,9.250165887902588e-11,0.0,3.91579061999125e-15,3.5041327868901995e-17,3.759430681258587e-17
8,lbfgs,1569,8598.681599999996,11598.681599999996,2.339328908762226e-09,2.009002169386266e-09,1.162815147517317e-10,1.4333930480976143e-09,4.5932760653691987e-10,2.3967529681066426e-10,0.0,3.918766004798486e-15,3.4089671536756455e-17,3.792644069720535e-17
8,lbfgs,1579,8598.681599999996,11598.681599999996,2.2253674989116604e-09,2.0367262478945717e-09,1.1612931550309683e-10,1.4667604704069131e-09,4.538364619845616e-10,9.798980843183041e-11,0.0,3.91362907852477e-15,3.488237566016123e-17,3.7476332014163484e-17
8,lbfgs,1589,8598.681599999996,11598.681599999996,2.2241710089653463e-09,2.0414788718073268e-09,1.1607695129846253e-10,1.4712769047641605e-09,4.5412501574470376e-10,9.204069466114397e-11,0.0,3.911863266659409e-15,3.498977825789283e-17,3.7500385261872655e-17
8,lbfgs,1599,8598.681599999996,11598.681599999996,2.334012442792694e-09,2.005638851072119e-09,1.1616127700758024e-10,1.4314225756383926e-09,4.580549984261461e-10,2.3772214938682796e-10,0.0,3.914712127950203e-15,3.4042892596938356e-17,3.782148154713311e-17
8,lbfgs,1609,8598.681599999996,11598.681599999996,2.221514680883908e-09,2.0333809977032468e-09,1.1601369651145263e-10,1.4646529237710698e-09,4.527143774207244e-10,9.748224082732154e-11,0.0,3.909730928802399e-15,3.4832343266333775e-17,3.7383766763440236e-17
8,lbfgs,1619,8598.681599999996,11598.681599999996,2.220333252375607e-09,2.038092270596196e-09,1.1596220867981681e-10,1.4691248486798316e-09,4.530052132365478e-10,9.158953951433337e-11,0.0,3.907994693520025e-15,3.493868685565203e-17,3.740800546314156e-17
8,lbfgs,1629,8598.681599999996,11598.681599999996,2.3288214177948853e-09,2.00232173660572e-09,1.1604291222774506e-10,1.429470918604926e-09,4.5680790577304864e-10,2.3584823908662224e-10,0.0,3.910721471021878e-15,3.3996558892641966e-17,3.771862489749964e-17
8,lbfgs,1639,8598.681599999996,11598.681599999996,2.217709665700548e-09,2.0300717182991322e-09,1.1589965697846186e-10,1.462562092465492e-09,4.5160996885517823e-10,9.698650527962725e-11,0.0,3.9058861005511116e-15,3.478270586479493e-17,3.729265802221644e-17
8,lbfgs,1649,8598.681599999996,11598.681599999996,2.2165425101974804e-09,2.0347432357821398e-09,1.1584894719167191e-10,1.4669913694655613e-09,4.5190291912490685e-10,9.114783238168886e-11,0.0,3.904176120322949e-15,3.48880347632463e-17,3.73170684665066e-17
8,lbfgs,1659,8598.681599999996,11598.681599999996,2.3237471933776742e-09,1.9990475475651828e-09,1.1592618025809723e-10,1.4275363389429009e-09,4.555850283641848e-10,2.3404820394079745e-10,0.0,3.9067859220716754e-15,3.395062924359713e-17,3.7617763655053124e-17
8,lbfgs,1669,8598.681599999996,11598.681599999996,2.2139499753414736e-09,2.0267963715991927e-09,1.15787006722231e-10,1.4604871134496957e-09,4.505222514272661e-10,9.65021618516691e-11,0.0,3.902088168688896e-15,3.4733443108616895e-17,3.720292465084091e-17
8,lbfgs,1679,8598.681599999996,11598.681599999996,2.212796366707422e-09,2.031429607898174e-09,1.1573700835212503e-10,1.4648754045836419e-09,4.508171949624072e-10,9.071531700664491e-11,0.0,3.9004021941536395e-15,3.4837796885123216e-17,3.722749696793327e-17
8,lbfgs,1689,8598.681599999996,11598.681599999996,2.3187818612656473e-09,1.9958132621445303e-09,1.158109221997006e-10,1.425617345504066e-09,4.5438499444076377e-10,2.3231715747991449e-10,0.0,3.902900116651101e-15,3.3905068328070404e-17,3.751878482548015e-17
8,lbfgs,1699,8598.681599999996,11598.681599999996,2.210233327128813e-09,2.023553049304192e-09,1.1567561684482357e-10,1.4584270363416702e-09,4.4945039611769827e-10,9.602883616480929e-11,0.0,3.898332780997182e-15,3.468453255750987e-17,3.711449838709928e-17
8,lbfgs,1709,8598.681599999996,11598.681599999996,2.2090925962469867e-09,2.0281493839292713e-09,1.1562627808999033e-10,1.4627758698288706e-09,4.497472360104104e-10,9.02917707457842e-11,0.0,3.8966690640092195e-15,3.478794759391631e-17,3.713922470386912e-17
8,lbfgs,1719,8598.681599999996,11598.681599999996,2.3139181601023118e-09,1.9926161272409304e-09,1.1569701677902153e-10,1.423712631589518e-09,4.5320647887239097e-10,2.3065059145031e-10,0.0,3.899059961974455e-15,3.385984519690752e-17,3.742157925057893e-17
8,lbfgs,1729,8598.681599999996,11598.681599999996,2.206557617130405e-09,2.020339995100631e-09,1.1556538731732087e-10,1.4563809429775507e-09,4.483936648057592e-10,9.556618060038611e-11,0.0,3.8946165612053495e-15,3.4635952521486644e-17,3.702731846524286e-17
8,lbfgs,1739,8598.681599999996,11598.681599999996,2.2054291469944848e-09,2.0249007248222713e-09,1.1551666449357338e-10,1.46069174153429e-09,4.486923187944079e-10,8.987698083057643e-11,0.0,3.892973627823795e-15,3.473846268633936e-17,3.705219210884311e-17
8,lbfgs,1749,8598.681599999996,11598.681599999996,2.3091494517040143e-09,1.989453653999982e-09,1.1558436304218036e-10,1.421821046192946e-09,4.520482447648555e-10,2.2904435652273087e-10,0.0,3.895262051583447e-15,3.381493259070388e-17,3.732604503729468e-17
8,lbfgs,1759,8598.681599999996,11598.681599999996,2.2029209049917794e-09,2.0171556034898162e-09,1.1545623406105396e-10,1.4543479867150263e-09,4.4735138271373604e-10,9.511386030262228e-11,0.0,3.890936671871361e-15,3.458768299687373e-17,3.6941329335128964e-17
8,lbfgs,1769,8598.681599999996,11598.681599999996,2.2018041264344032e-09,2.0216819508652998e-09,1.1540808878625212e-10,1.458622083228928e-09,4.476517788501196e-10,8.947073445738324e-11,0.0,3.889313227137435e-15,3.46893200186144e-17,3.69663444748738e-17
8,lbfgs,1779,8598.681599999996,11598.681599999996,2.304469606403324e-09,1.986323584929485e-09,1.1547287307688384e-10,1.4199415665755197e-09,4.509091452770814e-10,2.2749458052194635e-10,0.0,3.8915034192420936e-15,3.3770306288623627e-17,3.723208770794715e-17
8,lbfgs,1789,8598.681599999996,11598.681599999996,2.19932140022203e-09,2.0139984106044846e-09,1.153480835065894e-10,1.4523274015549865e-09,4.4632292554290874e-10,9.46715486478754e-11,0.0,3.8872906303328725e-15,3.453970588477012e-17,3.685647959924987e-17
8,lbfgs,1799,8598.681599999996,11598.681599999996,2.198215787717137e-09,2.0184915279894657e-09,1.153004814001098e-10,1.4565660469441424e-09,4.466249996452135e-10,8.907281884549163e-11,0.0,3.885685514302795e-15,3.4640499539102565e-17,3.688163103673348e-17
8,lbfgs,1809,8598.681599999996,11598.681599999996,2.2998730352044263e-09,1.9832238884723813e-09,1.1536246873004772e-10,1.4180732910988834e-09,4.4978812864345e-10,2.259977060091978e-10,0.0,3.8877814279929824e-15,3.372594493965241e-17,3.713962061502445e-17
8,lbfgs,1819,8598.681599999996,11598.681599999996,2.195757449563793e-09,2.010867082842812e-09,1.1524087005913174e-10,1.4503185002949976e-09,4.453077124886827e-10,9.423892598060669e-11,0.0,3.8836762230175664e-15,3.4492004948615564e-17,3.677272143687231e-17
8,lbfgs,1829,8598.681599999996,11598.681599999996,2.194662517756244e-09,2.015328058515481e-09,1.1519378004171234e-10,1.454522871594845e-09,4.4561140687892326e-10,8.868301858774882e-11,0.0,3.882088387110064e-15,3.4591983251236664e-17,3.679800450250089e-17
8,lbfgs,1839,8598.681599999996,11598.681599999996,2.2953545742411194e-09,1.980152723274678e-09,1.1525307979890143e-10,1.4162154187638375e-09,4.486842247119389e-10,2.2455041047227823e-10,0.0,3.884093709059358e-15,3.3681829576908113e-17,3.7048563832378334e-17
8,lbfgs,1849,8598.681599999996,11598.681599999996,2.1922275255696557e-09,2.0077604053860247e-09,1.1513453472499621e-10,1.4483206689718694e-09,4.4430520168915907e-10,9.381567967217917e-11,0.0,3.8800914590418906e-15,3.444456568337243e-17,3.6690010229593156e-17
8,lbfgs,1859,8598.681599999996,11598.681599999996,2.191142825810295e-09,2.0121902665947133e-09,1.1508792857446333e-10,1.4524918739880946e-09,4.446104640321554e-10,8.830111879135779e-11,0.0,3.878519951040937e-15,3.454375500100777e-17,3.6715420687457274e-17
8,lbfgs,1869,8598.681599999996,11598.681599999996,2.2909094886840656e-09,1.9771084277245707e-09,1.1514464294110452e-10,1.4143672426793104e-09,4.475965421041557e-10,2.2314962069365377e-10,0.0,3.880438125057291e-15,3.363794346362122e-17,3.695884392192173e-17
8,lbfgs,1879,8598.681599999996,11598.681599999996,2.188730216081674e-09,2.004677271320601e-09,1.1502902422857211e-10,1.446333360330622e-09,4.433148867614068e-10,9.340150447816913e-11,0.0,3.8765345404017936e-15,3.43973751614018e-17,3.6608304276759523e-17
8,lbfgs,1889,8598.681599999996,11598.681599999996,2.1876553334081665e-09,2.0090769882489028e-09,1.1498287625176704e-10,1.4504724427010584e-09,4.4362166929607727e-10,8.792690496345686e-11,0.0,3.874978493387916e-15,3.449580033251338e-17,3.66338382618969e-17
8,lbfgs,1899,8598.681599999996,11598.681599999996,2.286533431056147e-09,1.9740895011783043e-09,1.1503710085802534e-10,1.4125281396037897e-09,4.4652426071648935e-10,2.2179248983996128e-10,0.0,3.876812742441926e-15,3.3594271845356896e-17,3.6870393316207026e-17
8,lbfgs,1909,8598.681599999996,11598.681599999996,2.1852642146545737e-09,2.0016166716709195e-09,1.1492429035708678e-10,1.4443560873927343e-09,4.4233629392109833e-10,9.299610292892671e-11,0.0,3.873003839865116e-15,3.435042188055545e-17,3.652756455896348e-17
8,lbfgs,1919,8598.681599999996,11598.681599999996,2.1841987649968283e-09,2.005987161224675e-09,1.1487857712449545e-10,1.448464031252899e-09,4.4264455284728066e-10,8.756016380439035e-11,0.0,3.8714624632648345e-15,3.444810632657983e-17,3.655321852740054e-17
8,lbfgs,1929,8598.681599999996,11598.681599999996,2.2822223975813615e-09,1.9710945859388563e-09,1.149304016354963e-10,1.4106975600629424e-09,4.4546662424041754e-10,2.2047637183222233e-10,0.0,3.873215809272599e-15,3.3550801715790614e-17,3.6783149702495996e-17
8,lbfgs,1939,8598.681599999996,11598.681599999996,2.1818283117826617e-09,1.99857768628267e-09,1.1482028942855963e-10,1.4423884174170851e-09,4.4136897943702517e-10,9.259918567306849e-11,0.0,3.869497883025707e-15,3.430369562147534e-17,3.64477545290507e-17
8,lbfgs,1949,8598.681599999996,11598.681599999996,2.1807719393904337e-09,2.0029198150250276e-09,1.1477498954887193e-10,1.446466151147278e-09,4.416786743288775e-10,8.720068462531624e-11,0.0,3.867970455008969e-15,3.440066143618564e-17,3.647352520995197e-17
8,lbfgs,1959,8598.681599999996,11598.681599999996,2.2779726956488693e-09,1.968122452500425e-09,1.1482449818877192e-10,1.408875020238638e-09,4.444229340730154e-10,2.191988035653982e-10,0.0,3.869645736495244e-15,3.350752162453789e-17,3.6697055521340014e-17
8,lbfgs,1969,8598.681599999996,11598.681599999996,2.178421386877137e-09,1.995559475554426e-09,1.1471698183753442e-10,1.4404299663680028e-09,4.40412527348889e-10,9.221047172322173e-11,0.0,3.866015332983187e-15,3.425718731683777e-17,3.636883992472884e-17
8,lbfgs,1979,8598.681599999996,11598.681599999996,2.177373762022825e-09,1.9998740633095607e-09,1.1467207576014966e-10,1.4444783667881836e-09,4.407236207612275e-10,8.68482592004762e-11,0.0,3.864501193803596e-15,3.4353455366315894e-17,3.6394724288439715e-17
8,lbfgs,1989,8598.681599999996,11598.681599999996,2.273780938230164e-09,1.96517199104213e-09,1.1471934779140814e-10,1.4070600971019404e-09,4.4339254614878117e-10,2.17957507831864e-10,0.0,3.86610108205634e-15,3.346442156214919e-17,3.661205770588322e-17
8,lbfgs,1999,8598.681599999996,11598.681599999996,2.1750424009372634e-09,1.992561272937605e-09,1.146143316576691e-10,1.4384803938957075e-09,4.3946654738422874e-10,9.182968862723437e-11,0.0,3.8625549769410005e-15,3.4210888932681696e-17,3.6290788597489657e-17
8,lbfgs,2009,8598.681599999996,11598.681599999996,2.1740032176495225e-09,1.9968490945861363e-09,1.1456980149921828e-10,1.4425002887669864e-09,4.397790043199315e-10,8.65026837775315e-11,0.0,3.861053523086066e-15,3.4306478915000195e-17,3.631678381200037e-17
8,lbfgs,2019,8598.681599999996,11598.681599999996,2.2696440125235435e-09,1.9622421985462023e-09,1.1461491164610415e-10,1.4052524213703917e-09,4.4237486552970646e-10,2.1675037484768652e-10,0.0,3.8625805364314785e-15,3.342149279314877e-17,3.6528107236318436e-17
8,lbfgs,2029,8598.681599999996,11598.681599999996,2.171690389797709e-09,1.9895823781222433e-09,1.1451230628967371e-10,1.436539398780454e-09,4.385306730521154e-10,9.14565725297385e-11,0.0,3.859115714333999e-15,3.41647933606768e-17,3.621357035601247e-17
8,lbfgs,2039,8598.681599999996,11598.681599999996,2.170659364068339e-09,1.9938441678575927e-09,1.1446813567749857e-10,1.4405315713547907e-09,4.3884446082530335e-10,8.616375715145702e-11,0.0,3.8576263932471394e-15,3.425972391424922e-17,3.62396737761305e-17
8,lbfgs,2049,8598.681599999996,11598.681599999996,2.2655590469702602e-09,1.95933216641988e-09,1.1451115450148473e-10,1.403451670788192e-09,4.413693411302033e-10,2.1557544164688162e-10,0.0,3.859082909702976e-15,3.3378727696662556e-17,3.6445158705406083e-17
8,lbfgs,2059,8598.681599999996,11598.681599999996,2.168364458018736e-09,1.9866221508947677e-09,1.1441087614706353e-10,1.434606714848824e-09,4.376045598988803e-10,9.109086820457096e-11,0.0,3.855696546231331e-15,3.41188943215433e-17,3.613715682284695e-17
8,lbfgs,2069,8598.681599999996,11598.681599999996,2.1673413258990122e-09,1.9908586038467007e-09,1.1436705008102184e-10,1.4385719060359536e-09,4.3791964772972517e-10,8.583128321921991e-11,0.0,3.854218851651936e-15,3.4213183076801904e-17,3.6163365957089077e-17
8,lbfgs,2079,8598.681599999996,11598.681599999996,2.261523368162031e-09,1.9564410668083322e-09,1.1440804430441352e-10,1.4016575628075167e-09,4.4037545969640194e-10,2.1443086267599658e-10,0.0,3.855607119835184e-15,3.333611959268117e-17,3.6363169822488334e-17
8,lbfgs,2089,8598.681599999996,11598.681599999996,2.1650637732207795e-09,1.9836800055368454e-09,1.1431001437482017e-10,1.4326821072564323e-09,4.3668788390559286e-10,9.073232899050085e-11,0.0,3.852296565848918e-15,3.407318627711965e-17,3.606152130271112e-17
8,lbfgs,2099,8598.681599999996,11598.681599999996,2.16404828922857e-09,1.9878917807169446e-09,1.1426651910210136e-10,1.436621018869292e-09,4.3700424274555117e-10,8.550506990436665e-11,0.0,3.85083003359095e-15,3.416684993381394e-17,3.608783379922649e-17
8,lbfgs,2109,8598.681599999996,11598.681599999996,2.257534543734544e-09,1.953568156239101e-09,1.1430555192696209e-10,1.3998698560651693e-09,4.3939274824696943e-10,2.133149490431795e-10,0.0,3.852152183469255e-15,3.329366277783741e-17,3.6282101614914475e-17
8,lbfgs,2119,8598.681599999996,11598.681599999996,2.161787560935926e-09,1.9807554057358018e-09,1.1420969659653052e-10,1.4307653691330472e-09,4.357803400062242e-10,9.038071673229046e-11,0.0,3.848914950022333e-15,3.402766435099086e-17,3.5986638660678723e-17
8,lbfgs,2129,8598.681599999996,11598.681599999996,2.1607794964829595e-09,1.9849431276797733e-09,1.1416651949987315e-10,1.4346786659302843e-09,4.3609794224961564e-10,8.518493042139526e-11,0.0,3.8474591542049005e-15,3.412071872686965e-17,3.601305228371685e-17
8,lbfgs,2139,8598.681599999996,11598.681599999996,2.2535903378972057e-09,1.9507127626573294e-09,1.1420365088154556e-10,1.398088343500608e-09,4.3842076827517575e-10,2.122261370126933e-10,0.0,3.8487172063165525e-15,3.325135236193481e-17,3.620191795033892e-17
8,lbfgs,2149,8598.681599999996,11598.681599999996,2.158535099883808e-09,1.9778478600229424e-09,1.141099006865214e-10,1.4288563185964427e-09,4.348816407399781e-10,9.00358016182682e-11,0.0,3.845550951522295e-15,3.3982324257835796e-17,3.591248521137883e-17
9,adam,0,11598.681599999996,14598.681599999996,1.5711285130644913e-10,5.0606521742852737e-11,1.1133274304279189e-11,2.9317109295126165e-11,1.015613814344738e-11,1.686884058095091e-11,0.0,3.7517654075868115e-16,6.9762459848606495e-19,8.390960799184498e-19
9,adam,24,11598.681599999996,14598.681599999996,0.00011309186444619778,8.156541340241877e-05,1.0995298511674644e-07,6.379359167230328e-05,1.7661868744998742e-05,3.152636193911667e-05,0.0,3.7472542779109914e-12,1.5435251432075008e-12,1.4333097545287375e-12
9,adam,49,11598.681599999996,14598.681599999996,7.277205715065967e-06,4.220698331182066e-06,2.4847179548600534e-08,3.3054461974179683e-06,8.904049542154972e-07,3.0564184839970597e-06,0.0,8.386961861235379e-13,7.896374975554804e-14,7.32945902757804e-14
9,adam,74,11598.681599999996,14598.681599999996,2.5559421877075124e-06,2.5237175791877673e-06,1.9407671189409582e-08,1.9786688969570643e-06,5.256410110412934e-07,3.213573615032277e-08,0.0,6.533942432257703e-13,4.705592674515344e-14,4.347425562335549e-14
9,adam,99,11598.681599999996,14598.681599999996,1.1272684164875896e-06,1.0984997134424746e-06,1.4433315896214806e-08,8.565631246994536e-07,2.2750327284680616e-07,2.8679824231394832e-08,0.0,4.863239683874363e-13,2.0387556398066647e-14,1.8800179940160633e-14
9,adam,124,11598.681599999996,14598.681599999996,6.448100903013869e-07,6.159605801437795e-07,1.0009597081317284e-08,4.774642397382637e-07,1.2848674332419847e-07,2.8760611475821132e-08,0.0,3.3725983888020793e-13,1.13613898382062e-14,1.0620946934568726e-14
9,adam,149,11598.681599999996,14598.681599999996,3.983106208774236e-07,3.708136777682938e-07,7.387988539156068e-09,2.8629898874690497e-07,7.712670048223273e-08,2.7408028692969458e-08,0.0,2.489124335143242e-13,6.811748792843455e-15,6.3755040787229624e-15
9,adam,174,11598.681599999996,14598.681599999996,2.799571482294459e-07,2.616637827962657e-07,5.7561077366783216e-09,2.0138908305077278e-07,5.451859200881461e-08,1.8204446867980273e-08,0.0,1.9389440632196538e-13,4.7908106681360464e-15,4.507123924934764e-15
9,adam,199,11598.681599999996,14598.681599999996,2.124377592665811e-07,1.9763832082741133e-07,4.5817947572320285e-09,1.5176780268033685e-07,4.1288723389842475e-08,1.4710525708001778e-08,0.0,1.5431712920659202e-13,3.610249617842286e-15,3.4133673921703533e-15
9,adam,224,11598.681599999996,14598.681599999996,1.7355118206918937e-07,1.6010785734403702e-07,3.737674125019324e-09,1.2259950156161963e-07,3.377068165739808e-08,1.3354421816315238e-08,0.0,1.2585504721725057e-13,2.916360651515499e-15,2.7918933488669866e-15
9,adam,249,11598.681599999996,14598.681599999996,1.3513130476693697e-07,1.2391124013240112e-07,2.964021914604086e-09,9.44835685142546e-08,2.6463649703542434e-08,1.1131171144106311e-08,0.0,9.979699788942054e-14,2.2476049040079632e-15,2.1878333110621248e-15
9,adam,274,11598.681599999996,14598.681599999996,1.0486923130663853e-07,9.560861541841502e-08,2.33267363895154e-09,7.254241106891604e-08,2.073353071054744e-08,9.171729660462407e-09,0.0,7.85342343160488e-14,1.7257183724667803e-15,1.7141167482118317e-15
9,adam,299,11598.681599999996,14598.681599999996,8.12543119600457e-08,7.37184483010821e-08,1.8364286833106646e-09,5.560620750689028e-08,1.6275812110881155e-08,7.446982390359973e-09,0.0,6.182374524958782e-14,1.3228689115119676e-15,1.3455827971598197e-15
9,adam,324,11598.681599999996,14598.681599999996,6.303480735930607e-08,5.694238235320872e-08,1.453129860294623e-09,4.2659723704065175e-08,1.2829528788848925e-08,6.003546791716746e-09,0.0,4.891838105441235e-14,1.0149106419490616e-15,1.060657394800536e-15
9,adam,349,11598.681599999996,14598.681599999996,4.913332956875468e-08,4.423057936229074e-08,1.162466739218278e-09,3.2881996530505326e-08,1.0186116092567134e-08,4.8138736118167204e-09,0.0,3.913318373901816e-14,7.823181335623914e-16,8.42103331843766e-16
9,adam,374,11598.681599999996,14598.681599999996,3.8631163641513716e-08,3.4697739557758236e-08,9.461270023055108e-10,2.5579399151978766e-08,8.172213403473962e-09,3.844548084751643e-09,0.0,3.185090591301344e-14,6.085952140782592e-16,6.755923477196337e-16
9,adam,399,11598.681599999996,14598.681599999996,3.075691126144827e-08,2.7599391986586496e-08,7.875002113383592e-10,2.016868100534589e-08,6.6432107699022465e-09,3.0686431769220655e-09,0.0,2.6511860952031143e-14,4.798710338959488e-16,5.491706303778345e-16
9,adam,424,11598.681599999996,14598.681599999996,2.486780545289491e-08,2.2597955770245765e-08,6.984347709670688e-10,1.6355217146489418e-08,5.544303852789277e-09,2.1809730208706423e-09,0.0,2.35149181142662e-14,3.8912324026318915e-16,4.582549224891527e-16
9,adam,449,11598.681599999996,14598.681599999996,2.051740323664998e-08,1.85950567323798e-08,6.006765566874311e-10,1.3365574519769526e-08,4.62880565592284e-09,1.833469086364224e-09,0.0,2.0224682686842864e-14,3.1798949344025156e-16,3.8256419127738613e-16
9,adam,474,11598.681599999996,14598.681599999996,1.7227568904615324e-08,1.5666735103346042e-08,5.342708309727169e-10,1.118310250511269e-08,3.949361767260637e-09,1.4719555585050204e-09,0.0,1.7989928672949844e-14,2.6605758522360964e-16,3.263913696695796e-16
9,adam,499,11598.681599999996,14598.681599999996,1.4711317237261938e-08,1.3410352047283628e-08,4.832559546965491e-10,9.515185026675478e-09,3.4119110659115995e-09,1.212086074176358e-09,0.0,1.6273058200844496e-14,2.2636752655900897e-16,2.819577610986337e-16
9,adam,524,11598.681599999996,14598.681599999996,1.275968630675341e-08,1.1664858041982955e-08,4.4413017237829344e-10,8.233535681907057e-09,2.9871921876976043e-09,1.0059482709788547e-09,0.0,1.4956260111997462e-14,1.9586783823238703e-16,2.468443677598828e-16
9,adam,549,11598.681599999996,14598.681599999996,1.122179337607447e-08,1.0285338694748867e-08,4.1296057913663684e-10,7.227817352645237e-09,2.6445607629669938e-09,8.475738398637356e-10,0.0,1.3907179688009633e-14,1.7193377653539674e-16,2.1851800662496596e-16
9,adam,574,11598.681599999996,14598.681599999996,9.990679835868105e-09,9.177975715869589e-09,3.872032796968327e-10,6.4257158208631266e-09,2.3650566153096303e-09,7.238224824108016e-10,0.0,1.3040205588130557e-14,1.5284503811339008e-16,1.954108888470846e-16
9,adam,599,11598.681599999996,14598.681599999996,8.991226269819617e-09,8.27604158244029e-09,3.6524776315133956e-10,5.776499815840488e-09,2.1342940034484623e-09,6.263023152029924e-10,0.0,1.2301150340862132e-14,1.3739465336099743e-16,1.7633369271380926e-16
9,adam,624,11598.681599999996,14598.681599999996,8.31762714762271e-09,7.660731135463185e-09,3.3452018066180924e-10,5.362247368182411e-09,1.963963586618965e-09,5.680129305582908e-10,0.0,1.1266066002015239e-14,1.27543177121788e-16,1.6227215666121894e-16
9,adam,649,11598.681599999996,14598.681599999996,7.657719055445216e-09,7.021977574052781e-09,3.1762569387176744e-10,4.905428543753433e-09,1.7989233364275807e-09,5.468578068471477e-10,0.0,1.069743958512206e-14,1.1667081216841569e-16,1.4862581019000487e-16
9,adam,674,11598.681599999996,14598.681599999996,7.1026241443178425e-09,6.5209912553375324e-09,3.045272028954186e-10,4.547624936938184e-09,1.6688391155039303e-09,4.927487012584095e-10,0.0,1.02564662989083e-14,1.0815556837329116e-16,1.378703740281565e-16
9,adam,699,11598.681599999996,14598.681599999996,6.633292299410208e-09,6.09975834779403e-09,2.9203998866537915e-10,4.249520840440139e-09,1.5581975186885115e-09,4.4464930628423995e-10,0.0,9.83608970726799e-15,1.0106112676072185e-16,1.2872308960974024e-16
9,adam,724,11598.681599999996,14598.681599999996,6.235777335398939e-09,5.739413932118219e-09,2.80716346890638e-10,3.997008904157299e-09,1.4616886810702826e-09,4.0747835576394853e-10,0.0,9.454876704237118e-15,9.505174734132216e-17,1.2074420819754764e-16
9,adam,749,11598.681599999996,14598.681599999996,5.898296031443017e-09,5.433247435729447e-09,2.703856108405008e-10,3.784396426617719e-09,1.3784653982712265e-09,3.761632034922452e-10,0.0,9.107093091393737e-15,8.999198501027736e-17,1.1386378065254414e-16
9,adam,774,11598.681599999996,14598.681599999996,5.610820362162291e-09,5.173000827328809e-09,2.609911532604048e-10,3.6053955955664784e-09,1.3066140785019257e-09,3.4893385505685896e-10,0.0,8.790830491251163e-15,8.573219419608192e-17,1.0792360070811284e-16
9,adam,799,11598.681599999996,14598.681599999996,5.364797380744654e-09,4.950350694557613e-09,2.5240383242545163e-10,3.453773545386996e-09,1.244173316745165e-09,3.2556077481510254e-10,0.0,8.501742160363547e-15,8.212403131376297e-17,1.0276149197439347e-16
9,adam,824,11598.681599999996,14598.681599999996,5.032610276772091e-09,4.631538222391653e-09,2.3180305269252256e-10,3.2472710226350034e-09,1.152464147064127e-09,3.121858227395187e-10,0.0,7.808316028736039e-15,7.721041328295135e-17,9.51827936190549e-17
9,adam,849,11598.681599999996,14598.681599999996,5.834825799522882e-09,4.5477653939275795e-09,2.201011107405092e-10,3.176414395744854e-09,1.1512498874422162e-09,1.1981740978049551e-09,0.0,7.41465551729731e-15,7.552380414859237e-17,9.503328269540434e-17
9,adam,874,11598.681599999996,14598.681599999996,2.97058941976569e-06,1.8851668445640007e-06,1.8886421345657367e-09,1.489468752544138e-06,3.938094498852969e-07,1.0853337225064731e-06,0.0,6.378142928877886e-14,3.5511739507997286e-14,3.243418059884404e-14
9,adam,899,11598.681599999996,14598.681599999996,1.9710821964912282e-07,1.7610982324375806e-07,1.133287396539165e-09,1.3797856019591267e-07,3.699797565130622e-08,2.09095760138696e-08,0.0,3.8142006317575295e-14,3.2803642916721137e-15,3.0588007646640456e-15
9,adam,924,11598.681599999996,14598.681599999996,5.032186389397821e-08,3.2748205150860934e-08,4.426903054533084e-10,2.530232929452861e-08,7.003185550879019e-09,1.748482718368808e-08,0.0,1.4914584003188362e-14,6.019098811123424e-16,5.779897706043207e-16
9,adam,949,11598.681599999996,14598.681599999996,1.8332035255466066e-08,1.8171246411249418e-08,3.4422649138061013e-10,1.3714436812246652e-08,4.112583107622157e-09,7.195514286874587e-11,0.0,1.1590564036747323e-14,3.261826906727192e-16,3.3986548960388633e-16
9,adam,974,11598.681599999996,14598.681599999996,1.0988588162439462e-08,1.005594362676027e-08,2.6547923214045984e-10,7.346225366563229e-09,2.4442390280565816e-09,8.438124242551057e-10,0.0,8.940449440440376e-15,1.74739321083249e-16,2.019542510889885e-16
9,adam,999,11598.681599999996,14598.681599999996,8.183972196266802e-09,7.335577293766881e-09,2.2739972760611059e-10,5.243719787638138e-09,1.8644577785226323e-09,7.59562927374151e-10,0.0,7.658642721445703e-15,1.2473356173364725e-16,1.5405240406863405e-16
9,adam,1024,11598.681599999996,14598.681599999996,6.744677653691266e-09,6.021869065123318e-09,2.2253461523873576e-10,4.2006525438243464e-09,1.5986819060602359e-09,6.339757501429672e-10,0.0,7.495344877733429e-15,9.992418904124498e-17,1.3209283906284732e-16
9,adam,1049,11598.681599999996,14598.681599999996,5.627195430246504e-09,4.982446101861469e-09,2.0799604664630732e-10,3.444302900246919e-09,1.3301471549682431e-09,5.559156677836222e-10,0.0,7.006196984105093e-15,8.19280472597707e-17,1.0989448762660565e-16
9,adam,1074,11598.681599999996,14598.681599999996,4.953532090854796e-09,4.431408676646489e-09,1.987789023761641e-10,3.0564334088438166e-09,1.1761963654265081e-09,4.3328917807278325e-10,0.0,6.6960678411129695e-15,7.269750070447045e-17,9.716888709227972e-17
9,adam,1099,11598.681599999996,14598.681599999996,4.518553353518306e-09,4.072705995409897e-09,1.9136706652972792e-10,2.8128199997777703e-09,1.0685189291023985e-09,3.570127073737349e-10,0.0,6.4466348393441374e-15,6.68988184796273e-17,8.826721893753289e-17
9,adam,1124,11598.681599999996,14598.681599999996,4.2151334455975086e-09,3.82146939312506e-09,1.8481936183832744e-10,2.6475732947229442e-09,9.890767365637888e-10,3.048291231200667e-10,0.0,6.226238511025004e-15,6.296505150811877e-17,8.169949245913133e-17
9,adam,1149,11598.681599999996,14598.681599999996,3.988481716180224e-09,3.6323682173741952e-09,1.7875592448592592e-10,2.5258960950823762e-09,9.277161978058929e-10,2.672784064684106e-10,0.0,6.02211003051284e-15,6.006847121969077e-17,7.66266894391715e-17
9,adam,1174,11598.681599999996,14598.681599999996,3.810052397208317e-09,3.481366211951264e-09,1.7307437432197665e-10,2.4300925286377553e-09,8.781993089915319e-10,2.3985102019606197e-10,0.0,5.830816684471706e-15,5.778800065104231e-17,7.253322518734716e-17
9,adam,1199,11598.681599999996,14598.681599999996,3.6642535459982176e-09,3.3562750279454557e-09,1.6777171459779084e-10,2.3513943390926523e-09,8.371089742550126e-10,2.1914334941109475e-10,0.0,5.652267324733753e-15,5.591492635674341e-17,6.913659862284611e-17
9,adam,1224,11598.681599999996,14598.681599999996,3.6264785146051786e-09,3.4354386592925737e-09,1.6901508450055871e-10,2.4375447790816484e-09,8.288787957103663e-10,1.0220507484278788e-10,0.0,5.694311006695966e-15,5.795999817209518e-17,6.845879914672148e-17
9,adam,1249,11598.681599999996,14598.681599999996,1.1413928066342212e-08,7.132638995922843e-09,1.5055955088419955e-10,5.316160562736224e-09,1.6659188823024202e-09,4.192454647146072e-09,0.0,5.073621585225477e-15,1.2641785444167692e-16,1.374662341068803e-16
9,adam,1274,11598.681599999996,14598.681599999996,7.055871834995489e-08,6.928547754908109e-08,4.826257379728571e-10,5.3777879177739704e-08,1.5024972633368527e-08,1.1844511614230538e-09,0.0,1.6261676172386734e-14,1.2793752490769966e-15,1.2413406542519313e-15
9,adam,1299,11598.681599999996,14598.681599999996,7.241981756957136e-08,7.154065052230634e-08,8.010032059472048e-10,5.531850499871783e-08,1.5421142317641314e-08,7.903976110290723e-10,0.0,2.6974075225325022e-14,1.315755989523748e-15,1.2745781508243883e-15
9,adam,1324,11598.681599999996,14598.681599999996,1.707239068930223e-08,1.6209324310627225e-08,2.6390745954275263e-10,1.2248522725519703e-08,3.6968941255647713e-09,7.742880473325252e-10,0.0,8.88821407912919e-15,2.9133364692464097e-16,3.0543697848935054e-16
9,adam,1349,11598.681599999996,14598.681599999996,1.1649313198673872e-08,1.1439812036189024e-08,2.0083051520871164e-10,8.575891288530143e-09,2.663090232450169e-09,1.2072235921302878e-10,0.0,6.7639555028108435e-15,2.0398535478952637e-16,2.200653054991986e-16
9,adam,1374,11598.681599999996,14598.681599999996,7.151903745828775e-09,6.3073734529022945e-09,1.5402188497288476e-10,4.572824899725004e-09,1.5805266682044055e-09,7.55752363752915e-10,0.0,5.188113230434423e-15,1.0877681368914968e-16,1.3058029615533998e-16
9,adam,1399,11598.681599999996,14598.681599999996,5.2209342855646004e-09,4.600089438861427e-09,1.3771438337325368e-10,3.2626680341307476e-09,1.199707021357425e-09,5.320665464011137e-10,0.0,4.6392279217199635e-15,7.761301036690538e-17,9.912193014029904e-17
9,lbfgs,1400,11598.681599999996,14598.681599999996,5.113698098286018e-09,4.6149567471494725e-09,1.38897850971371e-10,3.266443490052248e-09,1.2096154061258533e-09,4.099630199488921e-10,0.0,4.67909075052039e-15,7.770295669104632e-17,9.99430423887474e-17
9,lbfgs,1409,11598.681599999996,14598.681599999996,5.090408511646921e-09,4.578126676014078e-09,1.3810842557088378e-10,3.2465622559404777e-09,1.1934559945027168e-09,4.235035045965762e-10,0.0,4.652507659913423e-15,7.722885829093037e-17,9.860726496038485e-17
9,lbfgs,1419,11598.681599999996,14598.681599999996,7.952018011282426e-09,5.18403165820835e-09,1.3215382608421818e-10,3.707769805118394e-09,1.3441080270057378e-09,2.679208022596547e-09,0.0,4.452031356304091e-15,8.819001696529585e-17,1.1097170110733306e-16
9,lbfgs,1429,11598.681599999996,14598.681599999996,5.043242928731031e-09,4.48159812719857e-09,1.3640359324611378e-10,3.17910561637009e-09,1.1660889175823655e-09,4.728664708079993e-10,0.0,4.595106726063976e-15,7.562225361398021e-17,9.634112368996952e-17
9,lbfgs,1439,11598.681599999996,14598.681599999996,5.021071055691485e-09,4.512718096169299e-09,1.3565765694724326e-10,3.207385530236241e-09,1.169674908985815e-09,4.195746289770812e-10,0.0,4.569993724602213e-15,7.629394006047214e-17,9.663807313351621e-17
9,lbfgs,1449,11598.681599999996,14598.681599999996,7.668541320739211e-09,5.0430628580123405e-09,1.302765941370678e-10,3.600558083164155e-09,1.312228180711118e-09,2.5367001327214516e-09,0.0,4.388837814101937e-15,8.56374493736773e-17,1.0833771139724701e-16
9,lbfgs,1459,11598.681599999996,14598.681599999996,4.977754160772753e-09,4.427067930002695e-09,1.341239147166582e-10,3.1454122494218418e-09,1.1475317658641955e-09,4.619079005295814e-10,0.0,4.518360605186732e-15,7.481809833878488e-17,9.480387365216089e-17
9,lbfgs,1469,11598.681599999996,14598.681599999996,4.95677815451778e-09,4.457295660082169e-09,1.3348359070799656e-10,3.1724927200097634e-09,1.1513193493644088e-09,4.1070416437250646e-10,0.0,4.496806421000693e-15,7.546136675948479e-17,9.511757228225876e-17
9,lbfgs,1479,11598.681599999996,14598.681599999996,7.479726084446429e-09,4.946421833759101e-09,1.2860857674751926e-10,3.5276106450843363e-09,1.290202611927245e-09,2.444525921153524e-09,0.0,4.332695474670624e-15,8.390007074545593e-17,1.0651673519175148e-16
9,lbfgs,1489,11598.681599999996,14598.681599999996,4.915512810090845e-09,4.374833974241414e-09,1.3216450516504093e-10,3.1119796229649017e-09,1.1306898461114712e-09,4.5190050608772543e-10,0.0,4.45240393898866e-15,7.402051829566971e-17,9.340887002717949e-17
9,lbfgs,1499,11598.681599999996,14598.681599999996,4.8954682975658446e-09,4.4041705551000746e-09,1.316408990163004e-10,3.1381982056755054e-09,1.1343314504082686e-09,4.025194128799975e-10,0.0,4.43478072883827e-15,7.464338261194487e-17,9.371061609465087e-17
9,lbfgs,1509,11598.681599999996,14598.681599999996,7.310796357374136e-09,4.858848401500303e-09,1.2721972513746945e-10,3.4620036348606953e-09,1.2696250415021388e-09,2.3631696268082095e-09,0.0,4.285955136881164e-15,8.233760545291206e-17,1.0481563410950577e-16
9,lbfgs,1519,11598.681599999996,14598.681599999996,4.855965030936235e-09,4.3245881354414765e-09,1.305254268059659e-10,3.079273160884607e-09,1.1147895477509033e-09,4.425985662075216e-10,0.0,4.3972352579932015e-15,7.324052667437422e-17,9.209215571042634e-17
9,lbfgs,1529,11598.681599999996,14598.681599999996,4.836748451646337e-09,4.353157174769141e-09,1.3010670572899252e-10,3.104800904360944e-09,1.1182495646792046e-09,3.948129477644995e-10,0.0,4.383143869280467e-15,7.384704234234925e-17,9.237899005598665e-17
9,lbfgs,1539,11598.681599999996,14598.681599999996,7.155358179714128e-09,4.7776972682891975e-09,1.2608160170551742e-10,3.401612060354461e-09,1.2500036062292194e-09,2.288882582823881e-09,0.0,4.247657515676711e-15,8.089948053540569e-17,1.0319381369206121e-16
9,lbfgs,1549,11598.681599999996,14598.681599999996,4.798827959327534e-09,4.276241686434143e-09,1.2916766504385054e-10,3.047453425705682e-09,1.0996205956846103e-09,4.338079440764419e-10,0.0,4.351539409947679e-15,7.248189741333051e-17,9.083628874611586e-17
9,lbfgs,1559,11598.681599999996,14598.681599999996,4.7803593829339165e-09,4.304106525991897e-09,1.2883755368603252e-10,3.0723610474362458e-09,1.1029079248696184e-09,3.8747452829821633e-10,0.0,4.340431527183048e-15,7.30737355629385e-17,9.110892988596367e-17
9,lbfgs,1569,11598.681599999996,14598.681599999996,7.011222166724892e-09,4.70199494435218e-09,1.2515489653783458e-10,3.345605174657155e-09,1.2312348731571903e-09,2.220448894232588e-09,0.0,4.2164782717410726e-15,7.956589622131442e-17,1.0164269283087083e-16
9,lbfgs,1579,11598.681599999996,14598.681599999996,4.743874682149102e-09,4.229651156496818e-09,1.2804683610284972e-10,3.016520705967893e-09,1.0850836144260756e-09,4.2544519730149715e-10,0.0,4.3138212931947905e-15,7.174460004288352e-17,8.963299816210652e-17
9,lbfgs,1589,11598.681599999996,14598.681599999996,4.72608712516641e-09,4.2568550794447485e-09,1.2778997698725168e-10,3.0408493341575607e-09,1.0882157682999362e-09,3.8045371754263494e-10,0.0,4.3051796781780606e-15,7.232272957898467e-17,8.989287865883263e-17
9,lbfgs,1599,11598.681599999996,14598.681599999996,6.876781527162517e-09,4.630978127079638e-09,1.2440310348540625e-10,3.2933386634110364e-09,1.2132363601831952e-09,2.157025072400031e-09,0.0,4.191187883339769e-15,7.832149088937702e-17,1.0015542080176013e-16
9,lbfgs,1609,11598.681599999996,14598.681599999996,4.690914098271801e-09,4.1846738540146386e-09,1.271227174393106e-10,2.986436153393681e-09,1.0711149831816473e-09,4.1746191636848287e-10,0.0,4.282726263775105e-15,7.102767885998392e-17,8.847697648085895e-17
9,lbfgs,1619,11598.681599999996,14598.681599999996,4.673750727845939e-09,4.211252327789569e-09,1.2692594620371173e-10,3.0102167781367245e-09,1.0741096034491326e-09,3.7372007233808244e-10,0.0,4.276107595680112e-15,7.159282882207066e-17,8.872554179753163e-17
9,lbfgs,1629,11598.681599999996,14598.681599999996,6.7507313795997325e-09,4.564017132757771e-09,1.2379512860012864e-10,3.2442878024472427e-09,1.1959342017104e-09,2.097935919612765e-09,0.0,4.1707392383744185e-15,7.715375276022629e-17,9.872586356389262e-17
9,lbfgs,1639,11598.681599999996,14598.681599999996,4.6397836763597855e-09,4.141182327524813e-09,1.2636120251150928e-10,2.957154970383604e-09,1.0576661546296998e-09,4.0982302140443036e-10,0.0,4.2571057608620225e-15,7.033004119861834e-17,8.736416948412789e-17
9,lbfgs,1649,11598.681599999996,14598.681599999996,4.623195923655572e-09,4.167166564318419e-09,1.2621359249134725e-10,2.980413919916817e-09,1.0605390519102546e-09,3.6725103207565526e-10,0.0,4.252142097970892e-15,7.088283082121749e-17,8.76027156237682e-17
9,lbfgs,1659,11598.681599999996,14598.681599999996,6.631998185113912e-09,4.500593916426368e-09,1.233052173853251e-10,3.198024131688987e-09,1.1792645673520563e-09,2.042625941908409e-09,0.0,4.154265090132732e-15,7.605246456592029e-17,9.734872059025862e-17
9,lbfgs,1669,11598.681599999996,14598.681599999996,4.5903442105723854e-09,4.099065684574882e-09,1.2573401515336103e-10,2.9286347473801225e-09,1.0446969220413985e-09,4.0250019902121105e-10,0.0,4.23600761104042e-15,6.965065500082325e-17,8.629121849596238e-17
9,lbfgs,1679,11598.681599999996,14598.681599999996,4.57429028533334e-09,4.1244838738706456e-09,1.2562659326576605e-10,2.951395465880653e-09,1.0474618147242264e-09,3.610280846541183e-10,0.0,4.2323968077906685e-15,7.019163584904382e-17,8.652087011501462e-17
9,lbfgs,1689,11598.681599999996,14598.681599999996,6.519693532295813e-09,4.440281697695194e-09,1.2291222523534517e-10,3.154196166281667e-09,1.1631733061781816e-09,1.9906335082679974e-09,0.0,4.141053452522495e-15,7.500924399073001e-17,9.60194947533291e-17
9,lbfgs,1699,11598.681599999996,14598.681599999996,4.542475660237992e-09,4.058227844886371e-09,1.252178728756061e-10,2.9008372000781864e-09,1.0321727719325781e-09,3.954694888257701e-10,0.0,4.21864782230522e-15,6.898858956854005e-17,8.525524054900348e-17
9,lbfgs,1709,11598.681599999996,14598.681599999996,4.526919361148638e-09,4.0831057241682205e-09,1.2514328771829339e-10,2.9231209809897137e-09,1.034841455460214e-09,3.550353106209772e-10,0.0,4.216142346413686e-15,6.951826285540919e-17,8.547696470957885e-17
9,lbfgs,1719,11598.681599999996,14598.681599999996,6.413078050546069e-09,4.382727334353795e-09,1.225988186301506e-10,3.1125138549136328e-09,1.147614660810012e-09,1.9415723903026563e-09,0.0,4.130520685511986e-15,7.401717331854257e-17,9.473438551089626e-17
9,lbfgs,1729,11598.681599999996,14598.681599999996,4.496073811708668e-09,4.018585351389754e-09,1.247936182285522e-10,2.873728163995839e-09,1.0200635691653633e-09,3.8871013423977167e-10,0.0,4.204381320514718e-15,6.834301496651585e-17,8.425371889082636e-17
9,lbfgs,1739,11598.681599999996,14598.681599999996,4.480983568445442e-09,4.0429465577360864e-09,1.247458411147035e-10,2.8955545466311885e-09,1.0226461699901943e-09,3.4925868479533595e-10,0.0,4.20277818278776e-15,6.886184087893474e-17,8.446834585792566e-17
9,lbfgs,1749,11598.681599999996,14598.681599999996,6.311532993280383e-09,4.327637063754589e-09,1.22350768302687e-10,3.072736442410962e-09,1.1325498530409398e-09,1.895117604075714e-09,0.0,4.122187686317719e-15,7.307051017159665e-17,9.349017160555615e-17
9,lbfgs,1759,11598.681599999996,14598.681599999996,4.451047586915706e-09,3.9800653661737244e-09,1.244454599383126e-10,2.8472771615593962e-09,1.0083427446760159e-09,3.8220389510588394e-10,0.0,4.1926763894415724e-15,6.771319133047388e-17,8.328443518916198e-17
9,lbfgs,1769,11598.681599999996,14598.681599999996,4.436395685850126e-09,4.003931699519233e-09,1.2441953562946696e-10,2.8686641975206076e-09,1.010847966369158e-09,3.436856608586495e-10,0.0,4.1918087485790375e-15,6.822159527309345e-17,8.349267861181124e-17
9,lbfgs,1779,11598.681599999996,14598.681599999996,6.214537655889654e-09,4.274765124016417e-09,1.2215636372766385e-10,3.0346629542558774e-09,1.1179458060328757e-09,1.8509942068592707e-09,0.0,4.1156601695162006e-15,7.216446071846044e-17,9.228410513440095e-17
9,lbfgs,1789,11598.681599999996,14598.681599999996,4.407316864022683e-09,3.942603965281071e-09,1.241603460488564e-10,2.821456906006967e-09,9.969867132252476e-10,3.75934573544961e-10,0.0,4.183093558915306e-15,6.709845673120437e-17,8.234542086354962e-17
9,lbfgs,1799,11598.681599999996,14598.681599999996,4.3930788188794226e-09,3.9659955981780875e-09,1.2415219058809573e-10,2.8424213560951252e-09,9.994220514948664e-10,3.383048956672847e-10,0.0,4.1828239130068345e-15,6.759683392925648e-17,8.254789541019034e-17
9,lbfgs,1809,11598.681599999996,14598.681599999996,6.12165157923907e-09,4.223904793551026e-09,1.2200593929336145e-10,2.9981247569703394e-09,1.1037740972873252e-09,1.808968461106808e-09,0.0,4.11061270953401e-15,7.129500234193495e-17,9.111382473902925e-17
9,lbfgs,1819,11598.681599999996,14598.681599999996,4.364810704923735e-09,3.906144718059114e-09,1.239274564070197e-10,2.7962428410632303e-09,9.85974420588864e-10,3.6988766210387926e-10,0.0,4.17526851303162e-15,6.649821593844993e-17,8.14349192036846e-17
9,lbfgs,1829,11598.681599999996,14598.681599999996,4.350964744029254e-09,3.9290803748084535e-09,1.239336947106517e-10,2.8168003335274456e-09,9.883463465703558e-10,3.3310604462142323e-10,0.0,4.175483230188495e-15,6.698693513168455e-17,8.163215559443141e-17
9,lbfgs,1839,11598.681599999996,14598.681599999996,6.03249982144728e-09,4.174881042842214e-09,1.2189149415602705e-10,2.9629794941434615e-09,1.090010054542725e-09,1.7688404544532168e-09,0.0,4.106775938561236e-15,7.045873909631581e-17,8.997728065723783e-17
9,lbfgs,1849,11598.681599999996,14598.681599999996,4.32346590775327e-09,3.8706375104259364e-09,1.2373779434526577e-10,2.7716127391318002e-09,9.752869769488701e-10,3.6405007299901905e-10,0.0,4.168898339408642e-15,6.591193061807234e-17,8.055135468310316e-17
9,lbfgs,1859,11598.681599999996,14598.681599999996,4.309992553569912e-09,3.893134617802255e-09,1.2375562997265785e-10,2.791777896728566e-09,9.776010911010313e-10,3.2807961159949014e-10,0.0,4.169503272132675e-15,6.639133702215377e-17,8.074381230842099e-17
9,lbfgs,1869,11598.681599999996,14598.681599999996,5.946761758819496e-09,4.1275449321931336e-09,1.2180638709389348e-10,2.929106443959396e-09,1.0766321011398444e-09,1.7304385029005986e-09,0.0,4.103926270438e-15,6.965279102750306e-17,8.88726804055077e-17
9,lbfgs,1879,11598.681599999996,14598.681599999996,4.283225819369795e-09,3.8360375701328e-09,1.2358385832373488e-10,2.747546357841005e-09,9.649073539680604e-10,3.5840992533768525e-10,0.0,4.163730471374626e-15,6.533911095241626e-17,7.969330759459662e-17
9,lbfgs,1889,11598.681599999996,14598.681599999996,4.270107542849233e-09,3.858112387641933e-09,1.236109689076628e-10,2.7673329032626947e-09,9.67168515471576e-10,3.2321683146693537e-10,0.0,4.164647435124666e-15,6.580952871394027e-17,7.988138512285421e-17
9,lbfgs,1899,11598.681599999996,14598.681599999996,5.864161475430182e-09,4.081768867786034e-09,1.217450917013438e-10,2.896402605978994e-09,1.063621170105696e-09,1.693614284341209e-09,0.0,4.1018776566898165e-15,6.887470088377965e-17,8.779844018046523e-17
9,lbfgs,1909,11598.681599999996,14598.681599999996,4.24403935738101e-09,3.802304658265768e-09,1.2345937731606054e-10,2.724025149148171e-09,9.548201318015371e-10,3.5295637564156637e-10,0.0,4.159553776910975e-15,6.477930854085298e-17,7.88594928615937e-17
9,lbfgs,1919,11598.681599999996,14598.681599999996,4.231260292351641e-09,3.8239723912974705e-09,1.2349383035169562e-10,2.743445993490521e-09,9.570325674552537e-10,3.185095777382553e-10,0.0,4.160717714297318e-15,6.52410427960083e-17,7.904353716385252e-17
9,lbfgs,1929,11598.681599999996,14598.681599999996,5.784460307925798e-09,4.0374429189462474e-09,1.2170299899741031e-10,2.8647796471723666e-09,1.0509602727764706e-09,1.6582390660962194e-09,0.0,4.100474939377971e-15,6.812236129812639e-17,8.675314904506831e-17
9,lbfgs,1939,11598.681599999996,14598.681599999996,4.205860201111563e-09,3.769402396924066e-09,1.2335909686468335e-10,2.7010320137142082e-09,9.450112863451746e-10,3.4767948113613773e-10,0.0,4.156191354012184e-15,6.423211040276712e-17,7.8048742216111e-17
9,lbfgs,1949,11598.681599999996,14598.681599999996,4.193405907520217e-09,3.790677296497985e-09,1.2339928164988047e-10,2.72009933229037e-09,9.471786825577346e-10,3.139502881274645e-10,0.0,4.157548042920175e-15,6.46854490411692e-17,7.822905590395527e-17
9,lbfgs,1959,11598.681599999996,14598.681599999996,5.7074506031306445e-09,3.994471761473922e-09,1.2167625790789043e-10,2.8341613690804892e-09,1.0386341344855423e-09,1.6242005191898203e-09,0.0,4.0995884794278316e-15,6.739395439494897e-17,8.573553868110947e-17
9,lbfgs,1969,11598.681599999996,14598.681599999996,4.168646119611354e-09,3.737297708631784e-09,1.2327860544510698e-10,2.6785510937628915e-09,9.354680094237853e-10,3.425700883472606e-10,0.0,4.153494683533776e-15,6.369713391786121e-17,7.725998913384272e-17
9,lbfgs,1979,11598.681599999996,14598.681599999996,4.156503386153602e-09,3.7581931568654055e-09,1.2332317785184552e-10,2.6972763894004705e-09,9.375935896130895e-10,3.09531906811326e-10,0.0,4.154998877359114e-15,6.414234905399855e-17,7.743683689993017e-17
9,lbfgs,1989,11598.681599999996,14598.681599999996,5.632950963145995e-09,3.952772338466305e-09,1.2166164561406503e-10,2.804481752418318e-09,1.026628940433922e-09,1.5914003026260842e-09,0.0,4.099109790779794e-15,6.668790515386225e-17,8.474446225630089e-17
9,lbfgs,1999,11598.681599999996,14598.681599999996,4.1323584114795955e-09,3.7059603478718918e-09,1.232141929780425e-10,2.656567598643e-09,9.261785562508494e-10,3.376197413912274e-10,0.0,4.151338864678299e-15,6.317402256308305e-17,7.649225605266869e-17
9,lbfgs,2009,11598.681599999996,14598.681599999996,4.120515090740716e-09,3.726488935025896e-09,1.232620304602294e-10,2.6749617578519472e-09,9.282651467137194e-10,3.0524783365264704e-10,0.0,4.15295277728666e-15,6.361137184280623e-17,7.666587006606764e-17
9,lbfgs,2019,11598.681599999996,14598.681599999996,5.560801646790572e-09,3.9122716566355e-09,1.2165646220880136e-10,2.775683140101522e-09,1.0149320543251764e-09,1.5597516685116708e-09,0.0,4.098947993114258e-15,6.600283808766252e-17,8.377887107318987e-17
9,lbfgs,2029,11598.681599999996,14598.681599999996,4.0969614358248965e-09,3.6753625085642496e-09,1.231627350655851e-10,2.6350676579638718e-09,9.171321155347928e-10,3.32820605456838e-10,0.0,4.1496187167772926e-15,6.266244232146423e-17,7.574464348792085e-17
9,lbfgs,2039,11598.681599999996,14598.681599999996,4.0854063058598016e-09,3.6955361006200875e-09,1.232128998518497e-10,2.6531409994931084e-09,9.191822012751295e-10,3.010918835890883e-10,0.0,4.151310783102286e-15,6.309217005143745e-17,7.5915227966136e-17
9,lbfgs,2049,11598.681599999996,14598.681599999996,5.4908616752128595e-09,3.872905357132152e-09,1.2165844406764254e-10,2.7477150239701053e-09,1.003531889094404e-09,1.529177996844462e-09,0.0,4.099026894844304e-15,6.533754829261987e-17,8.283780377835799e-17
9,lbfgs,2059,11598.681599999996,14598.681599999996,4.062422218195197e-09,3.645478494281116e-09,1.2312159788876666e-10,2.614038197883859e-09,9.083186985084904e-10,3.2816540251982163e-10,0.0,4.148245576869875e-15,6.216207865542039e-17,7.501632073295391e-17
9,lbfgs,2069,11598.681599999996,14598.681599999996,4.051144865844004e-09,3.6653082925929305e-09,1.2317330674929123e-10,2.6318005151899193e-09,9.1033447065372e-10,2.9705825200889437e-10,0.0,4.149989434895985e-15,6.258441679122548e-17,7.518405582447135e-17
9,lbfgs,2079,11598.681599999996,14598.681599999996,5.423005731223184e-09,3.834616242571812e-09,1.2166569299497133e-10,2.7205328251108157e-09,9.924177244660256e-10,1.4996111678192764e-09,0.0,4.099282607328643e-15,6.46909723624753e-17,8.19203712079191e-17
9,lbfgs,2089,11598.681599999996,14598.681599999996,4.028710118198188e-09,3.616284440662288e-09,1.2308855976713652e-10,2.593466837062886e-09,8.997290438322654e-10,3.236473565481228e-10,0.0,4.147144658389116e-15,6.167263395955904e-17,7.430651788983466e-17
9,lbfgs,2099,11598.681599999996,14598.681599999996,4.0177008406204036e-09,3.635781036208357e-09,1.2314115908417093e-10,2.6109274368891888e-09,9.017124402349969e-10,2.93141483575262e-10,0.0,4.1489183097372e-15,6.208780300427462e-17,7.447156299843839e-17
9,lbfgs,2109,11598.681599999996,14598.681599999996,5.357121819888376e-09,3.797353160382242e-09,1.2167661766063286e-10,2.6940969590403585e-09,9.815795836812503e-10,1.4709903390752286e-09,0.0,4.099661572973022e-15,6.406216608843049e-17,8.102574612697865e-17
9,lbfgs,2119,11598.681599999996,14598.681599999996,3.995796548248898e-09,3.587758081207757e-09,1.2306174620943575e-10,2.5733417991355333e-09,8.91354535862788e-10,3.192601464568265e-10,0.0,4.146252864166589e-15,6.119382541654072e-17,7.361451902023063e-17
9,lbfgs,2129,11598.681599999996,14598.681599999996,3.985046269385896e-09,3.6069315032917877e-09,1.2311469134075943e-10,2.5905095361623907e-09,8.933072757886379e-10,2.89336445659715e-10,0.0,4.148037979243066e-15,6.160203522844371e-17,7.377701564485592e-17
9,lbfgs,2139,11598.681599999996,14598.681599999996,5.29310939820287e-09,3.761070110867903e-09,1.216898850625772e-10,2.668372084680027e-09,9.710081411252993e-10,1.4432609673023324e-09,0.0,4.1001189309550954e-15,6.345028653997488e-17,8.01531555301911e-17
9,lbfgs,2149,11598.681599999996,14598.681599999996,3.963654734670997e-09,3.559878549145175e-09,1.2303957593369014e-10,2.5536518390265868e-09,8.831871341848982e-10,3.1499786534199777e-10,0.0,4.145516968832339e-15,6.072538319085657e-17,7.29396562404309e-17
10,adam,0,14598.681599999996,17598.681599999996,5.238164093159709e-10,3.261703064793476e-10,1.6826175323060153e-10,1.550493593143216e-11,1.4240361731731388e-10,1.0872343549311588e-10,0.0,5.666718484073676e-15,3.6915088585092445e-19,1.1771034234484694e-17
10,adam,24,14598.681599999996,17598.681599999996,1.665518286894802e-05,7.66267698361709e-06,2.5161819169642993e-08,5.578192781928677e-06,2.059322382518769e-06,8.992417536495277e-06,0.0,8.559487553898417e-13,1.3176911284831894e-13,1.7171433239424639e-13
10,adam,49,14598.681599999996,17598.681599999996,2.8955103913181076e-06,2.447990433240899e-06,2.936822620464629e-08,1.8172775341458345e-06,6.013446728904184e-07,4.47431857693208e-07,0.0,9.902675018452151e-13,4.315706465932732e-14,4.9930154159093263e-14
10,adam,74,14598.681599999996,17598.681599999996,6.691431562829033e-07,3.9103816516301334e-07,1.0475322579807877e-08,3.1731399506609574e-07,6.324884751710974e-08,2.780169341252178e-07,0.0,3.5365320245736103e-13,7.569192570772093e-15,5.226404743746261e-15
10,adam,99,14598.681599999996,17598.681599999996,8.204089728270847e-08,7.80783081927124e-08,8.354119270051628e-09,5.5817956382696205e-08,1.3906232539964568e-08,3.874536567996773e-09,0.0,2.812867779695695e-13,1.3291512197116511e-15,1.1506924102514608e-15
10,adam,124,14598.681599999996,17598.681599999996,6.224959594253601e-08,5.8492923330301945e-08,7.535195137862854e-09,4.064731098828415e-08,1.0310417204154946e-08,3.668622637240059e-09,0.0,2.5371991177782367e-13,9.67982330948866e-16,8.530606655330331e-16
10,adam,149,14598.681599999996,17598.681599999996,4.93624775484102e-08,4.454883090224753e-08,6.1766943853228636e-09,3.0908759393782145e-08,7.463377123142522e-09,4.725598592564319e-09,0.0,2.080011868907094e-13,7.361580917823637e-16,6.173845546190792e-16
10,adam,174,14598.681599999996,17598.681599999996,4.1219128593846866e-08,3.6984626123057817e-08,5.235789247719579e-09,2.5680618131633308e-08,6.068218743704931e-09,4.146456047510078e-09,0.0,1.7632362581959442e-13,6.116515985093923e-16,5.019565164394805e-16
10,adam,199,14598.681599999996,17598.681599999996,3.435630551759108e-08,3.070779778676659e-08,4.4099248951415285e-09,2.132278458256608e-08,4.975088309058983e-09,3.560462750303128e-09,0.0,1.485127400593592e-13,5.078632352558367e-16,4.115238153202997e-16
10,adam,224,14598.681599999996,17598.681599999996,3.016904237172168e-08,2.6914642922027946e-08,3.821189301487426e-09,1.8836734088172053e-08,4.2567195323684645e-09,3.1663557813348247e-09,0.0,1.2868517081637739e-13,4.48644975222813e-16,3.521090246656039e-16
10,adam,249,14598.681599999996,17598.681599999996,2.49309705955803e-08,2.2289298859096762e-08,3.220907046504202e-09,1.5547644452665217e-08,3.520747359927341e-09,2.5536292234483702e-09,0.0,1.0847105926050273e-13,3.703073599706268e-16,2.912263889094486e-16
10,adam,274,14598.681599999996,17598.681599999996,2.0683461162896356e-08,1.859934825793247e-08,2.7340612232417333e-09,1.2948536590562152e-08,2.9167504441285835e-09,1.996071412024059e-09,0.0,9.207590575805789e-14,3.0840427503758593e-16,2.4126055986032547e-16
10,adam,299,14598.681599999996,17598.681599999996,1.728478818475738e-08,1.5644434807319705e-08,2.3393366425325713e-09,1.0869048874850738e-08,2.4360492899363936e-09,1.5523128059603552e-09,0.0,7.878303451527207e-14,2.5887670115450635e-16,2.0149530633155742e-16
10,adam,324,14598.681599999996,17598.681599999996,1.4590265842297959e-08,1.3296449424915836e-08,2.0177572893200137e-09,9.216906672872416e-09,2.0617854627234068e-09,1.2057766981261128e-09,0.0,6.795344642678344e-14,2.195270129761524e-16,1.7053526512656274e-16
10,adam,349,14598.681599999996,17598.681599999996,1.2466858453069507e-08,1.1444957714297905e-08,1.7560740132695499e-09,7.917976428225031e-09,1.7709072728033247e-09,9.338618267356961e-10,0.0,5.91409995554777e-14,1.8858953419114195e-16,1.4647320963535711e-16
10,adam,374,14598.681599999996,17598.681599999996,1.0797859753458165e-08,9.985619968167022e-09,1.542252962748925e-09,6.898500984202621e-09,1.5448660212154752e-09,7.242016545093005e-10,0.0,5.194046192284603e-14,1.6430758095379e-16,1.2777464818530223e-16
10,adam,399,14598.681599999996,17598.681599999996,9.484530895412396e-09,8.832323689031606e-09,1.3667053766354394e-09,6.097366931868794e-09,1.3682513805273726e-09,5.641698441958036e-10,0.0,4.60289069080887e-14,1.4522564623650322e-16,1.131647218727147e-16
10,adam,424,14598.681599999996,17598.681599999996,8.278004738449017e-09,7.765770181055888e-09,1.2293285986837337e-09,5.321138324679326e-09,1.2153032576928272e-09,4.241980777280506e-10,0.0,4.14024176943746e-14,1.267359594980988e-16,1.0051397825215784e-16
10,adam,449,14598.681599999996,17598.681599999996,7.466625143777624e-09,7.050060649474241e-09,1.1129115430148738e-09,4.8321150056305805e-09,1.1050341008287867e-09,3.2852893844303917e-10,0.0,3.748240151859569e-14,1.1508792482884193e-16,9.139196938541672e-17
10,adam,474,14598.681599999996,17598.681599999996,6.803757871255475e-09,6.44696445164821e-09,1.0152410924893062e-09,4.420923894049884e-09,1.0107994651090204e-09,2.6875875527375744e-10,0.0,3.419374193791911e-14,1.0529295537676067e-16,8.35964603043428e-17
10,adam,499,14598.681599999996,17598.681599999996,6.255696011673312e-09,5.946065672673614e-09,9.325651904872275e-10,4.0816014235102565e-09,9.318990586761301e-10,2.2159652852603975e-10,0.0,3.1409922711583476e-14,9.72097789953948e-17,7.706937285775789e-17
10,adam,524,14598.681599999996,17598.681599999996,5.79666844855489e-09,5.522217878552763e-09,8.616388282671193e-10,3.795614085443507e-09,8.649649648421371e-10,1.8641758065208978e-10,0.0,2.902172991567377e-14,9.039688794819429e-17,7.153214405513678e-17
10,adam,549,14598.681599999996,17598.681599999996,5.406715452674373e-09,5.158526705585051e-09,8.002941432777766e-10,3.5510959675923245e-09,8.071365947149504e-10,1.601565495800175e-10,0.0,2.695615004527161e-14,8.457170965512586e-17,6.67481426437514e-17
10,adam,574,14598.681599999996,17598.681599999996,5.070534143812369e-09,4.842148766782686e-09,7.46740169521683e-10,3.338909636738429e-09,7.564989605225739e-10,1.4035394465042823e-10,0.0,2.5152874429410753e-14,7.951664269690461e-17,6.255897485947814e-17
10,adam,599,14598.681599999996,17598.681599999996,4.776495730798339e-09,4.5631396024328845e-09,6.995526098143866e-10,3.152001677686792e-09,7.11585314931706e-10,1.2532543634797175e-10,0.0,2.3563945218893795e-14,7.506371188851021e-17,5.884332503744945e-17
10,adam,624,14598.681599999996,17598.681599999996,4.446444654517993e-09,4.243664493853163e-09,6.06769609565538e-10,2.9817434233926925e-09,6.551514608949331e-10,1.1475014683323875e-10,0.0,2.0438833677017596e-14,7.100665219414914e-17,5.41743602717969e-17
10,adam,649,14598.681599999996,17598.681599999996,4.2384832676532434e-09,4.042559535800634e-09,5.70446914374325e-10,2.8469989400034593e-09,6.251136814228496e-10,1.0789435891407034e-10,0.0,1.9215635869296772e-14,6.7796426069752e-17,5.16894944767769e-17
10,adam,674,14598.681599999996,17598.681599999996,4.0473321510670834e-09,3.858098686377047e-09,5.38790608900641e-10,2.722501190210277e-09,5.968068872661289e-10,1.0120472493019523e-10,0.0,1.8149578744494125e-14,6.483024003341207e-17,4.9347762252936005e-17
10,adam,699,14598.681599999996,17598.681599999996,3.86925505312026e-09,3.6863143007557134e-09,5.101190472875196e-10,2.6065190108073677e-09,5.69676242660826e-10,9.491263803981968e-11,0.0,1.718403167963901e-14,6.206704277870804e-17,4.710334784009985e-17
10,adam,724,14598.681599999996,17598.681599999996,3.7021063789595116e-09,3.524594464386981e-09,4.836871001419328e-10,2.496978046324881e-09,5.439293179201668e-10,8.94844161242065e-11,0.0,1.6293896356582337e-14,5.945737892059296e-17,4.4973447308721416e-17
10,adam,749,14598.681599999996,17598.681599999996,3.5444399857234568e-09,3.371681656838725e-09,4.5927915780709464e-10,2.392865727358199e-09,5.195367716734314e-10,8.47314351835244e-11,0.0,1.547191253497919e-14,5.697711282845904e-17,4.2955640353054145e-17
10,adam,774,14598.681599999996,17598.681599999996,3.3951747725190763e-09,3.2266638550858887e-09,4.3664618671631524e-10,2.2936174499498267e-09,4.964002184197465e-10,8.048461611176431e-11,0.0,1.4709693562921846e-14,5.4612791102610496e-17,4.104178649354036e-17
10,adam,799,14598.681599999996,17598.681599999996,3.2534739035400674e-09,3.0888279676134498e-09,4.1557408427551597e-10,2.1988252713576335e-09,4.744286119803004e-10,7.662021377101845e-11,0.0,1.4000029962195643e-14,5.2354692212724434e-17,3.922435048245794e-17
10,adam,824,14598.681599999996,17598.681599999996,3.164057349218109e-09,2.997334766377202e-09,4.189909441752142e-10,2.1170215709766186e-09,4.613222512253692e-10,7.869744440457026e-11,0.0,1.4115222071941489e-14,5.0406253812937676e-17,3.813974912525283e-17
10,adam,849,14598.681599999996,17598.681599999996,3.030418778115671e-09,2.8686689863857783e-09,3.995787199065456e-10,2.0297172039641665e-09,4.3937306251506627e-10,7.372523540682319e-11,0.0,1.346142448214696e-14,4.832665927601326e-17,3.632420297068213e-17
10,adam,874,14598.681599999996,17598.681599999996,2.90427048788365e-09,2.7467795358258315e-09,3.8166759640454216e-10,1.9457503290999057e-09,4.193616103213835e-10,6.946695985720807e-11,0.0,1.2858159156200855e-14,4.63266067551198e-17,3.466905696452687e-17
10,adam,899,14598.681599999996,17598.681599999996,2.784318812413944e-09,2.629902819314576e-09,3.6430813831225066e-10,1.8650856065333852e-09,4.005090744689401e-10,6.639254668185969e-11,0.0,1.22734769737095e-14,4.440528285740591e-17,3.3109841430698723e-17
10,adam,924,14598.681599999996,17598.681599999996,2.6700251542012522e-09,2.5184961311392062e-09,3.480621521293248e-10,1.7878003417193278e-09,3.8263363729055376e-10,6.350610487604847e-11,0.0,1.1726295315910388e-14,4.256450775754225e-17,3.1631485327854234e-17
10,adam,949,14598.681599999996,17598.681599999996,2.5609566655088875e-09,2.4122206615329657e-09,3.3287317855480815e-10,1.7137018989627389e-09,3.656455840154186e-10,6.071359742132272e-11,0.0,1.121471103216527e-14,4.079968904045592e-17,3.022656203171141e-17
10,adam,974,14598.681599999996,17598.681599999996,2.4567479233906767e-09,2.3106636180068595e-09,3.1861786670887386e-10,1.6425785642661041e-09,3.4946718703188114e-10,5.8062394676099664e-11,0.0,1.0734568692127933e-14,3.910578010057923e-17,2.888863867187458e-17
10,adam,999,14598.681599999996,17598.681599999996,2.3570846092023935e-09,2.213515470944143e-09,3.0522063424629235e-10,1.5742540068009703e-09,3.340408298968802e-10,5.554770827321505e-11,0.0,1.0283322048806717e-14,3.747857633058644e-17,2.761294571924931e-17
10,adam,1024,14598.681599999996,17598.681599999996,2.210421164141923e-09,2.070009433998074e-09,2.836935861572965e-10,1.4783431341065944e-09,3.0797271373418316e-10,5.239068914469887e-11,0.0,9.558299492093776e-15,3.519448997749851e-17,2.5457777169131344e-17
10,adam,1049,14598.681599999996,17598.681599999996,2.1184972451664566e-09,1.979617810876127e-09,2.71433954931938e-10,1.4133734949381757e-09,2.948103610060133e-10,5.085874523543069e-11,0.0,9.145320224072303e-15,3.364728869059553e-17,2.4369464905276867e-17
10,adam,1074,14598.681599999996,17598.681599999996,2.032192782214981e-09,1.8955377853261588e-09,2.5980223695179966e-10,1.3534959658911203e-09,2.82239582483239e-10,4.86346763481632e-11,0.0,8.753515954947007e-15,3.222139346458686e-17,2.3329987953321437e-17
10,adam,1099,14598.681599999996,17598.681599999996,1.9503071426635536e-09,1.8156889265348492e-09,2.492793567763602e-10,1.2962612979468182e-09,2.7014827181167075e-10,4.659827566029448e-11,0.0,8.399049652915967e-15,3.085846541455729e-17,2.233018846332903e-17
10,adam,1124,14598.681599999996,17598.681599999996,1.8721193515176553e-09,1.7393361888035046e-09,2.395121407502587e-10,1.2413316918374622e-09,2.5849235621578376e-10,4.476360526767853e-11,0.0,8.070033387651325e-15,2.955046146041684e-17,2.1366415540854763e-17
10,adam,1149,14598.681599999996,17598.681599999996,1.7972790473895139e-09,1.6662552229687113e-09,2.3040215833935425e-10,1.188591203390695e-09,2.47261861238662e-10,4.30046469945089e-11,0.0,7.763152110884826e-15,2.829461736311782e-17,2.0437837572956584e-17
10,adam,1174,14598.681599999996,17598.681599999996,1.7255654497656162e-09,1.5962144525156254e-09,2.2185741376588288e-10,1.137879492642133e-09,2.364775461076095e-10,4.1332193422256316e-11,0.0,7.475307667025997e-15,2.7087110959117216e-17,1.9546171483081413e-17
10,adam,1199,14598.681599999996,17598.681599999996,1.6568125516133496e-09,1.52903816259131e-09,2.1382242892536785e-10,1.0890856695779962e-09,2.261300640879459e-10,3.9755950412995126e-11,0.0,7.204631611540537e-15,2.5925298607620106e-17,1.8690643282570266e-17
10,adam,1224,14598.681599999996,17598.681599999996,1.664749619471014e-09,1.5396013175595027e-09,2.1122004522671083e-10,1.1025962812373417e-09,2.2578499109545017e-10,3.7130397757084773e-11,0.0,7.117057363215867e-15,2.624674201338978e-17,1.8661905751271634e-17
10,adam,1249,14598.681599999996,17598.681599999996,1.583377802256961e-09,1.4588674314407816e-09,2.0581052980935743e-10,1.040710591433247e-09,2.123463101981773e-10,3.6493011866952026e-11,0.0,6.9348484201868415e-15,2.477331044165892e-17,1.7550772605210348e-17
10,adam,1274,14598.681599999996,17598.681599999996,1.5137676513280394e-09,1.3904164026047714e-09,2.001640197465261e-10,9.891751962453614e-10,2.0107718661288392e-10,3.533433563399848e-11,0.0,6.744634830884151e-15,2.3546325033309927e-17,1.66190756250353e-17
10,adam,1299,14598.681599999996,17598.681599999996,1.4499324020357816e-09,1.3278136008705376e-09,1.941182296249427e-10,9.424650356287384e-10,1.912303356168564e-10,3.4102264988130274e-11,0.0,6.540965485560635e-15,2.2434241641199117e-17,1.580500964525465e-17
10,adam,1324,14598.681599999996,17598.681599999996,1.3895842564715956e-09,1.268577080931267e-09,1.880054007280608e-10,8.983905486575435e-10,1.821811315456629e-10,3.299097477348615e-11,0.0,6.335027840021024e-15,2.1384927872037433e-17,1.505692230781547e-17
10,adam,1349,14598.681599999996,17598.681599999996,1.332030155434515e-09,1.2120405545320252e-09,1.8200831473991672e-10,8.563636634172607e-10,1.736685763748478e-10,3.197370972222777e-11,0.0,6.132983639026047e-15,2.0384380769099217e-17,1.4353221612068288e-17
10,adam,1374,14598.681599999996,17598.681599999996,1.2770215988893927e-09,1.1579600367518125e-09,1.762249145363026e-10,8.16140253227054e-10,1.655948689884559e-10,3.104596293439409e-11,0.0,5.938134467053407e-15,1.9426784619548263e-17,1.3685814742227107e-17
10,adam,1399,14598.681599999996,17598.681599999996,1.2244244601068957e-09,1.1061981860756858e-09,1.706876481018945e-10,7.775938683824098e-10,1.5791666959138153e-10,3.021095343176478e-11,0.0,5.751574748090007e-15,1.8509125995406287e-17,1.3051114928473967e-17
10,lbfgs,1400,14598.681599999996,17598.681599999996,1.1814906740150887e-09,1.0632959030214939e-09,1.6104268606751886e-10,7.430657351591727e-10,1.591874817948024e-10,3.017946129538411e-11,0.0,5.426481363217152e-15,1.768695265190582e-17,1.3155868771957904e-17
10,lbfgs,1409,14598.681599999996,17598.681599999996,1.1783886183538049e-09,1.06058169550145e-09,1.6098956332323116e-10,7.434262313730144e-10,1.5616590080520452e-10,2.9791613177349587e-11,0.0,5.4246924485517355e-15,1.7695496013759304e-17,1.290617526496697e-17
10,lbfgs,1419,14598.681599999996,17598.681599999996,1.2969013222716454e-09,1.1171503842450186e-09,1.6004778497343374e-10,7.917486409382848e-10,1.6535395833330015e-10,9.173562841431794e-11,0.0,5.392963153370604e-15,1.8845740903958577e-17,1.3664523310211928e-17
10,lbfgs,1429,14598.681599999996,17598.681599999996,1.1769785190193656e-09,1.058968419954401e-09,1.608142529257153e-10,7.427001321676107e-10,1.5545403486107502e-10,2.999478942749427e-11,0.0,5.418785474310393e-15,1.7678211564092876e-17,1.284728546668944e-17
10,lbfgs,1439,14598.681599999996,17598.681599999996,1.260682429170507e-09,1.096443043191882e-09,1.6001901684094852e-10,7.75226896130519e-10,1.6119713022041448e-10,7.622407639808162e-11,0.0,5.391993461822778e-15,1.845253809313759e-17,1.3321191268132277e-17
10,lbfgs,1449,14598.681599999996,17598.681599999996,1.1761898912909299e-09,1.058215295233688e-09,1.606484791574046e-10,7.423954911512441e-10,1.5517132492503914e-10,2.9959286458342484e-11,0.0,5.413200107393077e-15,1.767093317126115e-17,1.2823889972971472e-17
10,lbfgs,1459,14598.681599999996,17598.681599999996,1.2569267133103253e-09,1.0941220510456894e-09,1.5987087724061438e-10,7.734254310415117e-10,1.6082574276356325e-10,7.478935272230496e-11,0.0,5.387002438450186e-15,1.840963551026769e-17,1.3290486425235893e-17
10,lbfgs,1469,14598.681599999996,17598.681599999996,1.1754406910862439e-09,1.0574833117844259e-09,1.6048152701688556e-10,7.420445379853379e-10,1.5495724678220238e-10,2.9942069741850296e-11,0.0,5.407575366281747e-15,1.7662551418677403e-17,1.2806171915743494e-17
10,lbfgs,1479,14598.681599999996,17598.681599999996,1.2548639590158925e-09,1.0926887097667282e-09,1.5971591815892937e-10,7.723371399661477e-10,1.6063565164165122e-10,7.415993974560569e-11,0.0,5.381781962577451e-15,1.8383704630487335e-17,1.3274755026707929e-17
10,lbfgs,1489,14598.681599999996,17598.681599999996,1.1747042716224708e-09,1.0567537202595067e-09,1.6031542577598778e-10,7.416784440741545e-10,1.547598504093645e-10,2.993524184210854e-11,0.0,5.4019795673954475e-15,1.7653810197255232e-17,1.2789834240611571e-17
10,lbfgs,1499,14598.681599999996,17598.681599999996,1.2530093395082198e-09,1.0913660645233898e-09,1.595620612139755e-10,7.713450206257581e-10,1.6045898268365612e-10,7.362796552022353e-11,0.0,5.376598856038113e-15,1.8360063229646025e-17,1.3260133015629139e-17
10,lbfgs,1509,14598.681599999996,17598.681599999996,1.1739782881862586e-09,1.0560314867249437e-09,1.601519058847077e-10,7.413093273358421e-10,1.545702535043939e-10,2.993149197969212e-11,0.0,5.396470951358072e-15,1.7644998023165975e-17,1.2774142131888826e-17
10,lbfgs,1519,14598.681599999996,17598.681599999996,1.2512586858503093e-09,1.0901075538602219e-09,1.594110674545457e-10,7.704110247951884e-10,1.6028546161048786e-10,7.31358225645476e-11,0.0,5.371512395763317e-15,1.8337806015022206e-17,1.3245771800509815e-17
10,lbfgs,1529,14598.681599999996,17598.681599999996,1.1732618340321366e-09,1.0553177389060864e-09,1.5999214185747367e-10,7.409395772504145e-10,1.543860197981982e-10,2.99287856837415e-11,0.0,5.391089038774143e-15,1.763617170141031e-17,1.2758894072540522e-17
10,lbfgs,1539,14598.681599999996,17598.681599999996,1.2495860694934215e-09,1.0888997032939262e-09,1.5926394042247813e-10,7.69522356698169e-10,1.60113406173279e-10,7.267105681309769e-11,0.0,5.366556348781609e-15,1.8316628447120456e-17,1.3231532414553039e-17
10,lbfgs,1549,14598.681599999996,17598.681599999996,1.1725542637638854e-09,1.0546125061008742e-09,1.5983691759794802e-10,7.405694888053445e-10,1.5420609969758173e-10,2.9926448260068174e-11,0.0,5.385860200946938e-15,1.7627338178521422e-17,1.2744003261382144e-17
10,lbfgs,1559,14598.681599999996,17598.681599999996,1.247977921550284e-09,1.0877341423011008e-09,1.591213212200666e-10,7.686705103679913e-10,1.5994231071304276e-10,7.222846990197666e-11,0.0,5.3617522808849524e-15,1.8296328045225444e-17,1.3217373070597693e-17
10,lbfgs,1569,14598.681599999996,17598.681599999996,1.1718550569663623e-09,1.0539156119936152e-09,1.596867352885764e-10,7.401990222309943e-10,1.5402985447404446e-10,2.992413560919879e-11,0.0,5.380801326610919e-15,1.761849644473251e-17,1.2729416876223586e-17
10,lbfgs,1579,14598.681599999996,17598.681599999996,1.2464258145658717e-09,1.086605319245858e-09,1.5898360223982215e-10,7.678496365632248e-10,1.5977208044281128e-10,7.180518601202513e-11,0.0,5.357113386284356e-15,1.8276765556166106e-17,1.3203285914841695e-17
10,lbfgs,1589,14598.681599999996,17598.681599999996,1.1711637687292198e-09,1.0532268462834729e-09,1.5954189043816035e-10,7.398281310555969e-10,1.5385682478971572e-10,2.992161312160438e-11,0.0,5.3759223484233585e-15,1.760964534211994e-17,1.2715096925627058e-17
10,lbfgs,1599,14598.681599999996,17598.681599999996,1.2449239852407722e-09,1.0855093636379812e-09,1.5885099781448326e-10,7.670555832143621e-10,1.5960278260913582e-10,7.139931233403141e-11,0.0,5.35264686613985e-15,1.8257842123151273e-17,1.3189276475189658e-17
10,lbfgs,1609,14598.681599999996,17598.681599999996,1.1704800045298156e-09,1.0525459881722739e-09,1.5940252688598686e-10,7.39456802506245e-10,1.5368665878004203e-10,2.991870707280259e-11,0.0,5.371228094516654e-15,1.760078452377923e-17,1.2701014301976096e-17
10,lbfgs,1619,14598.681599999996,17598.681599999996,1.2434681590935735e-09,1.084443405899368e-09,1.5872359399582617e-10,7.662852743637957e-10,1.594345375397462e-10,7.100944396467338e-11,0.0,5.348355604282634e-15,1.823948450494176e-17,1.3175354663597025e-17
10,lbfgs,1629,14598.681599999996,17598.681599999996,1.1698034064537273e-09,1.0518728071835945e-09,1.5926867790252298e-10,7.390850495093852e-10,1.5351907977168628e-10,2.991529002478414e-11,0.0,5.366719671978225e-15,1.759191426120118e-17,1.2687146113054642e-17
10,lbfgs,1639,14598.681599999996,17598.681599999996,1.2420549162568434e-09,1.0834051709860693e-09,1.5860138485905627e-10,7.655363194998903e-10,1.592674666271227e-10,7.06344360804582e-11,0.0,5.344239389282167e-15,1.8221635777418948e-17,1.3161530480612782e-17
10,lbfgs,1649,14598.681599999996,17598.681599999996,1.1691336452619177e-09,1.0512070635166546e-09,1.5914029705970767e-10,7.387128995791162e-10,1.5335386687783078e-10,2.991127253928356e-11,0.0,5.362395505942723e-15,1.7583035178107656e-17,1.2673474078352414e-17
10,lbfgs,1659,14598.681599999996,17598.681599999996,1.2406813938053895e-09,1.0823927721191093e-09,1.5848429903548148e-10,7.648067975664319e-10,1.5910167551719583e-10,7.027331253516174e-11,0.0,5.340295807540811e-15,1.820425019232588e-17,1.314781262721463e-17
10,lbfgs,1669,14598.681599999996,17598.681599999996,1.168470415427768e-09,1.05054850991866e-09,1.590172813806433e-10,7.383403870442816e-10,1.5319084149373525e-10,2.990659634247019e-11,0.0,5.35825211879184e-15,1.7574148064216172e-17,1.2659983413017055e-17
10,lbfgs,1679,14598.681599999996,17598.681599999996,1.2393450991852535e-09,1.0814045796542837e-09,1.5837221942466746e-10,7.640951133352935e-10,1.5893724689432276e-10,6.992521041902474e-11,0.0,5.336520906788186e-15,1.8187289758404187e-17,1.3134207909067637e-17
10,lbfgs,1689,14598.681599999996,17598.681599999996,1.1678134317884188e-09,1.0498968943410905e-09,1.5889948866659294e-10,7.379675483091929e-10,1.5302985736530452e-10,2.9901228320000636e-11,0.0,5.354284713352854e-15,1.756525376155502e-17,1.2646662007057648e-17
10,lbfgs,1699,14598.681599999996,17598.681599999996,1.238043814199664e-09,1.0804391503948276e-09,1.5826499774659537e-10,7.633999114670921e-10,1.5877424118114014e-10,6.958935473203683e-11,0.0,5.33290968587639e-15,1.8170722195616988e-17,1.3120721294355212e-17
10,lbfgs,1709,14598.681599999996,17598.681599999996,1.1671624272193056e-09,1.049251963034579e-09,1.5878675043490962e-10,7.375944193772653e-10,1.528707932224039e-10,2.989515509667365e-11,0.0,5.350487608356805e-15,1.755635310487963e-17,1.2633499816482024e-17
10,lbfgs,1719,14598.681599999996,17598.681599999996,1.2367755353716185e-09,1.0794951835799664e-09,1.5816246533640683e-10,7.627200189977703e-10,1.5861269924578935e-10,6.92650427579664e-11,0.0,5.329456458096145e-15,1.8154519566017565e-17,1.310735613735036e-17
10,lbfgs,1729,14598.681599999996,17598.681599999996,1.1665171507255819e-09,1.0486134629489955e-09,1.5867888152807705e-10,7.372210343272348e-10,1.5271354709368352e-10,2.98883787277704e-11,0.0,5.346854561843831e-15,1.7547446884950214e-17,1.2620488393381053e-17
10,lbfgs,1739,14598.681599999996,17598.681599999996,1.2355384327080525e-09,1.0785714912060547e-09,1.5806444111055964e-10,7.620544046741798e-10,1.5845264542131532e-10,6.895163250739176e-11,0.0,5.326155119281043e-15,1.8138657305701453e-17,1.3094114427741016e-17
10,lbfgs,1749,14598.681599999996,17598.681599999996,1.1658773660131673e-09,1.0479811442051466e-09,1.5857568721962517e-10,7.368474248738985e-10,1.5255803211162295e-10,2.9880912798401733e-11,0.0,5.343379010313404e-15,1.753853583773162e-17,1.2607620539166752e-17
10,lbfgs,1759,14598.681599999996,17598.681599999996,1.2343308181729453e-09,1.0776669763274017e-09,1.5797073745166828e-10,7.614021487432857e-10,1.582940901324477e-10,6.86485328899819e-11,0.0,5.322999345855969e-15,1.8123113505618964e-17,1.3080997007524653e-17
10,lbfgs,1769,14598.681599999996,17598.681599999996,1.1652428502894575e-09,1.0473547618372302e-09,1.5847696844642967e-10,7.364736201509957e-10,1.5240417323980487e-10,2.98727794817648e-11,0.0,5.340054244809563e-15,1.7529620638984263e-17,1.259489003402745e-17
10,lbfgs,1779,14598.681599999996,17598.681599999996,1.2331511412614497e-09,1.076780628230876e-09,1.5788116443321649e-10,7.607624292195644e-10,1.581370345780951e-10,6.835520411401945e-11,0.0,5.3199827370049835e-15,1.8107868584586643e-17,1.3068003957652561e-17
10,lbfgs,1789,14598.681599999996,17598.681599999996,1.1646133931009624e-09,1.0467340770137183e-09,1.583825255911949e-10,7.360996466742103e-10,1.5225190474831319e-10,2.9864007155896003e-11,0.0,5.336873538206404e-15,1.752070190319864e-17,1.2582291428209947e-17
10,lbfgs,1799,14598.681599999996,17598.681599999996,1.2319979569564325e-09,1.0759115029102593e-09,1.5779553296856203e-10,7.601344988989961e-10,1.579814710427012e-10,6.807114516858873e-11,0.0,5.317098920636226e-15,1.8092904742131323e-17,1.305513462370324e-17
10,lbfgs,1809,14598.681599999996,17598.681599999996,1.1639887954107782e-09,1.0461188580880812e-09,1.582921612139814e-10,7.357255285538577e-10,1.521011683202421e-10,2.985462843042131e-11,0.0,5.333830237120652e-15,1.7511780188516442e-17,1.256981988546753e-17
10,lbfgs,1819,14598.681599999996,17598.681599999996,1.2308699374439115e-09,1.0750587288464742e-09,1.5771365692158108e-10,7.595176841820715e-10,1.5782738774282154e-10,6.779589975878418e-11,0.0,5.314341624393638e-15,1.807820593036377e-17,1.3042388016066486e-17
10,lbfgs,1829,14598.681599999996,17598.681599999996,1.163368868731683e-09,1.0455088812891134e-09,1.5820568197290223e-10,7.353512877286752e-10,1.5195191158753605e-10,2.9844678589323564e-11,0.0,5.3309178265334366e-15,1.7502856002184765e-17,1.2557471061993574e-17
10,lbfgs,1839,14598.681599999996,17598.681599999996,1.2297658307861111e-09,1.0742214831767367e-09,1.5763535477112962e-10,7.58911361862029e-10,1.57674766543578e-10,6.752903880961463e-11,0.0,5.311704731658519e-15,1.8063757301507678e-17,1.3029762621336924e-17
10,lbfgs,1849,14598.681599999996,17598.681599999996,1.162753434489728e-09,1.044903931291499e-09,1.5812289996670447e-10,7.349769442938463e-10,1.5180408703094823e-10,2.983419438397059e-11,0.0,5.328129974955195e-15,1.7493929808280623e-17,1.2545241015456586e-17
10,lbfgs,1859,14598.681599999996,17598.681599999996,1.2286844665336922e-09,1.0733989945726194e-09,1.5756045061031206e-10,7.583149580700911e-10,1.5752358589221635e-10,6.72701632001675e-11,0.0,5.309182315158079e-15,1.8049545182724493e-17,1.3017256644528844e-17
10,lbfgs,1869,14598.681599999996,17598.681599999996,1.1621423232112697e-09,1.0443038011202176e-09,1.580436336032944e-10,7.346025164991718e-10,1.5165765101775136e-10,2.982321331573845e-11,0.0,5.325460563635255e-15,1.7485002027607677e-17,1.2533126125419018e-17
10,lbfgs,1879,14598.681599999996,17598.681599999996,1.2276247646914374e-09,1.0725905480517834e-09,1.5748877474922256e-10,7.577279495293638e-10,1.5737382377319709e-10,6.701890791756448e-11,0.0,5.306768657228357e-15,1.8035557105884125e-17,1.3004868253062766e-17
10,lbfgs,1889,14598.681599999996,17598.681599999996,1.1615353739671685e-09,1.043708292471948e-09,1.579677081469439e-10,7.34228021138332e-10,1.5151256318667206e-10,2.981177275880954e-11,0.0,5.3229037049578866e-15,1.7476073046896904e-17,1.2521123042461356e-17
10,lbfgs,1899,14598.681599999996,17598.681599999996,1.2265857020530897e-09,1.071795465807166e-09,1.5742016422384684e-10,7.571498464979125e-10,1.5722545508540692e-10,6.677492756261115e-11,0.0,5.30445826692527e-15,1.8021781401602036e-17,1.2992595360150486e-17
10,lbfgs,1909,14598.681599999996,17598.681599999996,1.1609324338132577e-09,1.0431172155833465e-09,1.578949560262289e-10,7.338534736663713e-10,1.5136878589074635e-10,2.97999095323609e-11,0.0,5.32045375278645e-15,1.7467143221563163e-17,1.2509228642096541e-17
10,lbfgs,1919,14598.681599999996,17598.681599999996,1.2255663273021797e-09,1.0710131155892458e-09,1.5735446292301774e-10,7.565801979050849e-10,1.57078454761143e-10,6.653790306836041e-11,0.0,5.3022458842760975e-15,1.8008207321421454e-17,1.2980435882323177e-17
10,lbfgs,1929,14598.681599999996,17598.681599999996,1.1603333572247641e-09,1.0425303890022004e-09,1.578252169489804e-10,7.334788882967012e-10,1.5122628375651885e-10,2.97876595638329e-11,0.0,5.318105306312921e-15,1.7458212877975593e-17,1.2497439988301308e-17
10,lbfgs,1939,14598.681599999996,17598.681599999996,1.2245657396960356e-09,1.0702428984847851e-09,1.5729152169748546e-10,7.560185806151983e-10,1.5693279617210132e-10,6.630753260537778e-11,0.0,5.300126483934032e-15,1.799482478227472e-17,1.2968387607771775e-17
10,lbfgs,1949,14598.681599999996,17598.681599999996,1.159738005695559e-09,1.0419476395347623e-09,1.577583379023251e-10,7.331042782413738e-10,1.5108502339106338e-10,2.9775057540844214e-11,0.0,5.3158532100412724e-15,1.74492823191414e-17,1.2485754309270978e-17
10,lbfgs,1959,14598.681599999996,17598.681599999996,1.2235830909903692e-09,1.0694842498906327e-09,1.5723119829194349e-10,7.55464599349187e-10,1.5678845224950215e-10,6.608353253252668e-11,0.0,5.298095272872797e-15,1.7981624364582237e-17,1.295644828881939e-17
10,lbfgs,1969,14598.681599999996,17598.681599999996,1.1591462472843637e-09,1.0413688019134455e-09,1.5769417305086297e-10,7.327296557648958e-10,1.5094497309768659e-10,2.9762136789702786e-11,0.0,5.313692550343198e-15,1.7440351825960614e-17,1.2474168973892467e-17
10,lbfgs,1979,14598.681599999996,17598.681599999996,1.2226175917320623e-09,1.0687366428541425e-09,1.5717335717648486e-10,7.549178886725741e-10,1.5664539700508361e-10,6.586564034933532e-11,0.0,5.296147684696785e-15,1.7968597359523858e-17,1.2944615767492933e-17
10,lbfgs,1989,14598.681599999996,17598.681599999996,1.1585579561727881e-09,1.0407937184792037e-09,1.5763258356381458e-10,7.323550322597621e-10,1.50806102655627e-10,2.974892915106631e-11,0.0,5.3116186496242336e-15,1.7431421658996662e-17,1.2462681473508018e-17
10,lbfgs,1999,14598.681599999996,17598.681599999996,1.2216684932122733e-09,1.0679995777347667e-09,1.5711786942133044e-10,7.543781043875519e-10,1.565036039258844e-10,6.56536069875101e-11,0.0,5.2942793754112946e-15,1.7955735564163833e-17,1.2932887842945933e-17
10,lbfgs,2009,14598.681599999996,17598.681599999996,1.1579730123185817e-09,1.0402222389002038e-09,1.5757343740856828e-10,7.319804183367102e-10,1.5066838315492538e-10,2.97354649145174e-11,0.0,5.309627059360063e-15,1.742249206060254e-17,1.2451289408242917e-17
10,lbfgs,2019,14598.681599999996,17598.681599999996,1.2207350873768925e-09,1.067272581962458e-09,1.570646124703693e-10,7.538449229932142e-10,1.563630464988746e-10,6.544719696298957e-11,0.0,5.2924862157862656e-15,1.7943031268576723e-17,1.2921262314758456e-17
10,lbfgs,2029,14598.681599999996,17598.681599999996,1.1573913011656806e-09,1.0396542199672494e-09,1.575166091136781e-10,7.316058239696581e-10,1.5053178688391321e-10,2.9721772733188813e-11,0.0,5.307713552105485e-15,1.7413563258347832e-17,1.2439990477683568e-17
10,lbfgs,2039,14598.681599999996,17598.681599999996,1.2198167033956757e-09,1.066555207934655e-09,1.5701346991260577e-10,7.533180397694567e-10,1.562236982525924e-10,6.524618704809093e-11,0.0,5.290764283650642e-15,1.7930477210224858e-17,1.2909736986356528e-17
10,lbfgs,2049,14598.681599999996,17598.681599999996,1.1568127133138373e-09,1.0390895252004522e-09,1.5746197951113514e-10,7.312312584951713e-10,1.5039628719414565e-10,2.970787968672246e-11,0.0,5.305874112806584e-15,1.74046354649901e-17,1.2428782469692314e-17
10,lbfgs,2059,14598.681599999996,17598.681599999996,1.2189127027731525e-09,1.0658470300841342e-09,1.569643312388522e-10,7.527971662890539e-10,1.5608553255622817e-10,6.50503643145676e-11,0.0,5.289109855691122e-15,1.7918066514728044e-17,1.289830964840139e-17
10,lbfgs,2069,14598.681599999996,17598.681599999996,1.1562371442520399e-09,1.0385280245859712e-09,1.5740943547135576e-10,7.308567306963856e-10,1.5026185841822994e-10,2.969381127794708e-11,0.0,5.304104929868648e-15,1.739570888045413e-17,1.2417663253596002e-17
10,lbfgs,2079,14598.681599999996,17598.681599999996,1.2180224948140923e-09,1.065147653400802e-09,1.5691709152358513e-10,7.522820369603422e-10,1.559485249168746e-10,6.485953307728297e-11,0.0,5.2875193967307944e-15,1.7905792851535886e-17,1.2886978268468363e-17
10,lbfgs,2089,14598.681599999996,17598.681599999996,1.155664493999299e-09,1.0379695941496023e-09,1.5735886962511934e-10,7.304822487624311e-10,1.5012847576205173e-10,2.967959150007865e-11,0.0,5.302402385785295e-15,1.73867836908496e-17,1.2406630771257942e-17
10,lbfgs,2099,14598.681599999996,17598.681599999996,1.2171455079322492e-09,1.0644566970666954e-09,1.5687165125960945e-10,7.517723961064438e-10,1.558126497006422e-10,6.467350256795489e-11,0.0,5.2859895541561245e-15,1.789365012643069e-17,1.2875740720271276e-17
10,lbfgs,2109,14598.681599999996,17598.681599999996,1.1550946669360046e-09,1.0374141157853448e-09,1.573101801034705e-10,7.301078204150127e-10,1.4999611526686153e-10,2.966524283950793e-11,0.0,5.3007630483733625e-15,1.737786007146847e-17,1.2395683033928262e-17
10,lbfgs,2119,14598.681599999996,17598.681599999996,1.2162812085841525e-09,1.063773804970686e-09,1.5682791603495366e-10,7.512680061403645e-10,1.5567788279536792e-10,6.449209535424095e-11,0.0,5.284517147029656e-15,1.788163267605029e-17,1.2864595003522781e-17
10,lbfgs,2129,14598.681599999996,17598.681599999996,1.1545275715463514e-09,1.036861476943546e-09,1.5726327027141628e-10,7.297334529236904e-10,1.4986475374843918e-10,2.965078633008303e-11,0.0,5.299183661799285e-15,1.736893818713374e-17,1.2384818117198653e-17
10,lbfgs,2139,14598.681599999996,17598.681599999996,1.2154290782210598e-09,1.0630986325395633e-09,1.5678579636009386e-10,7.507686372182315e-10,1.55544198961238e-10,6.431513746061003e-11,0.0,5.2830991602673556e-15,1.786973502164942e-17,1.2853539025145225e-17
10,lbfgs,2149,14598.681599999996,17598.681599999996,1.1539631202427226e-09,1.0363115704017694e-09,1.5721804847589767e-10,7.293591531681276e-10,1.4973436875774417e-10,2.963624160662394e-11,0.0,5.297661138086633e-15,1.7360018193668986e-17,1.2374034157735264e-17
11,adam,0,17598.681599999996,20000.0,1.485731770182202e-10,4.2738030516888633e-11,1.4302191745482486e-11,5.7131374689598446e-12,2.2722701302446305e-11,1.4246010172296207e-11,0.0,4.818777054431216e-16,1.3592807752685712e-19,1.877036838928638e-18
11,adam,24,17598.681599999996,20000.0,9.565609168393618e-05,7.355636174050182e-05,7.666949552841689e-08,5.7771333307543464e-05,1.570835893742994e-05,2.2099638937561597e-05,0.0,2.567314799779271e-12,1.3504224002794766e-12,1.31889248423825e-12
11,adam,49,17598.681599999996,20000.0,4.988930689543311e-07,4.4301512803920954e-07,2.8973972993616657e-08,3.352061313447053e-07,7.883502370088761e-08,5.5787152286979677e-08,0.0,9.77240846965705e-13,7.976174316382775e-15,6.509016965889349e-15
11,adam,74,17598.681599999996,20000.0,9.930788231143613e-07,7.597860558454548e-07,2.202319340488533e-08,5.959272647463445e-07,1.4183559769422484e-07,2.332020109245438e-07,0.0,7.425461024401007e-13,1.4183778952955671e-14,1.1691152899239561e-14
11,adam,99,17598.681599999996,20000.0,2.979792728479342e-07,2.620878976024341e-07,1.6630605912080447e-08,1.9796251923173174e-07,4.7494772458621936e-08,3.580062229462862e-08,0.0,5.599777337709898e-13,4.71069772097756e-15,3.918914890565237e-15
11,adam,124,17598.681599999996,20000.0,1.8792428864616334e-07,1.793798676432995e-07,1.3549676615694396e-08,1.341270032368335e-07,3.170318779077162e-08,8.453668897641428e-09,0.0,4.561128167609738e-13,3.190742012037293e-15,2.6172703385009327e-15
11,adam,149,17598.681599999996,20000.0,1.4364567341091955e-07,1.3784502010289846e-07,1.1226402873210803e-08,1.0237509769538395e-07,2.42435195343037e-08,5.709901575642801e-09,0.0,3.77964994872456e-13,2.4351754402968e-15,2.0014692306981024e-15
11,adam,174,17598.681599999996,20000.0,1.1075758296001117e-07,1.0599314499396023e-07,9.206095889810206e-09,7.82821498351058e-08,1.8504899269044223e-08,4.6736861059816145e-09,0.0,3.0998780784648243e-13,1.8618970615097578e-15,1.5276841360571847e-15
11,adam,199,17598.681599999996,20000.0,8.629620876031593e-08,8.249277128311842e-08,7.590530964188331e-09,6.059251534659289e-08,1.4309724972337196e-08,3.712685130036627e-09,0.0,2.5561140873885925e-13,1.441020567493558e-15,1.1813131684258356e-15
11,adam,224,17598.681599999996,20000.0,6.872745176929152e-08,6.572816178369068e-08,6.227033453440495e-09,4.818353657914267e-08,1.1317591751107511e-08,2.9085367146099214e-09,0.0,2.0968082586329473e-13,1.1457831487910942e-15,9.342687892434618e-16
11,adam,249,17598.681599999996,20000.0,5.331642310635943e-08,5.099135414790714e-08,5.141840612319914e-09,3.710445849631157e-08,8.745055039275655e-09,2.2343145003230977e-09,0.0,1.731427376869703e-13,8.822439692125735e-16,7.218656142318299e-16
11,adam,274,17598.681599999996,20000.0,4.156581406012691e-08,3.969533727214347e-08,4.272799872352173e-09,2.863837663359828e-08,6.7841607661930156e-09,1.7797210386516133e-09,0.0,1.4388348022791897e-13,6.80891602901408e-16,5.599733634813781e-16
11,adam,299,17598.681599999996,20000.0,3.242508691436747e-08,3.088910170718298e-08,3.575850529873809e-09,2.2044504211428146e-08,5.268746965881021e-09,1.4452280759158163e-09,0.0,1.2041664249508862e-13,5.24089056578568e-16,4.348656926740905e-16
11,adam,324,17598.681599999996,20000.0,2.5248460881875475e-08,2.3966995242979842e-08,3.007935178058702e-09,1.6867698017812675e-08,4.091362047108465e-09,1.190707045504083e-09,0.0,1.0129400020186557e-13,4.0099787680189463e-16,3.3766925398915345e-16
11,adam,349,17598.681599999996,20000.0,1.961922837976347e-08,1.853612707027454e-08,2.5437430223425515e-09,1.2814575348782081e-08,3.1778086991499063e-09,9.923411990265028e-10,0.0,8.566366032491388e-14,3.0463247252530156e-16,2.6225631469176573e-16
11,adam,374,17598.681599999996,20000.0,1.5234428825641835e-08,1.4307186777654932e-08,2.1626536377906616e-09,9.669832775524134e-09,2.474700364340137e-09,8.364804025377531e-10,0.0,7.283154197237209e-14,2.2986855004310872e-16,2.0421771632003848e-16
11,adam,399,17598.681599999996,20000.0,1.1851614704871103e-08,1.1048149897512637e-08,1.849521895352981e-09,7.2594703915848105e-09,1.9391576105748467e-09,7.127016510725347e-10,0.0,6.228774860915778e-14,1.7256640987417118e-16,1.6001257989822816e-16
11,adam,424,17598.681599999996,20000.0,9.27933606139949e-09,8.633625366467813e-09,1.5482578835083406e-09,5.569338828129709e-09,1.5160286548297628e-09,5.549460614964556e-10,0.0,5.2148165598752886e-14,1.3239283878569186e-16,1.2509488867233466e-16
11,adam,449,17598.681599999996,20000.0,7.292407288765633e-09,6.7133946292199305e-09,1.348997705002584e-09,4.154696367072703e-09,1.2097005571446433e-09,4.882466283782789e-10,0.0,4.543823935217674e-14,9.876387818514717e-17,9.981164453921486e-17
11,adam,474,17598.681599999996,20000.0,5.820859651982682e-09,5.297636776790484e-09,1.1849149117486635e-09,3.126403182924434e-09,9.86318682117386e-10,4.324555667920128e-10,0.0,3.9912447381026196e-14,7.431954490691927e-17,8.137441115044605e-17
11,adam,499,17598.681599999996,20000.0,4.735193560286896e-09,4.256861707536006e-09,1.0493080131390718e-09,2.3839669004982103e-09,8.235867938987242e-10,3.8756341440169e-10,0.0,3.534582283234994e-14,5.66705643091439e-17,6.794352190772919e-17
11,adam,524,17598.681599999996,20000.0,3.93430448605362e-09,3.492223355466336e-09,9.375509836529528e-10,1.8501779242995779e-09,7.044944475138053e-10,3.5131171897712263e-10,0.0,3.158239278508636e-14,4.398181630421041e-17,5.811490238909428e-17
11,adam,549,17598.681599999996,20000.0,3.341363250597809e-09,2.9296988295331375e-09,8.454688677703163e-10,1.4679724882978345e-09,6.162574734649865e-10,3.2089419060446473e-10,0.0,2.848154512748268e-14,3.4896674899172734e-17,5.0833454895096364e-17
11,adam,574,17598.681599999996,20000.0,2.8989203988916275e-09,2.51289359842871e-09,7.692717774679763e-10,1.1938766300939143e-09,5.497451908668193e-10,2.9525589588585805e-10,0.0,2.591563526901522e-14,2.838155784917339e-17,4.53453885369625e-17
11,adam,599,17598.681599999996,20000.0,2.564685370924933e-09,2.2005518466543907e-09,7.057510455085066e-10,9.96355511992325e-10,4.984452891535591e-10,2.733620763673864e-10,0.0,2.3776590845117507e-14,2.3686738250168117e-17,4.1113057797815455e-17
11,adam,624,17598.681599999996,20000.0,2.299878576207083e-09,1.9339951663664747e-09,6.618113873030294e-10,8.117029104796256e-10,4.6048086858381964e-10,2.7511159332468103e-10,0.0,2.2297124700508885e-14,1.92979540049153e-17,3.7982147419249497e-17
11,adam,649,17598.681599999996,20000.0,2.09288940957279e-09,1.7530573854080411e-09,6.229148100522152e-10,7.112567126754144e-10,4.188858626804115e-10,2.490599612544898e-10,0.0,2.0987321274135798e-14,1.6910628399043932e-17,3.455115122344583e-17
11,adam,674,17598.681599999996,20000.0,1.92731663221558e-09,1.6037513250764954e-09,5.81136831096798e-10,6.34761456690445e-10,3.8785303728925237e-10,2.3279305580805135e-10,0.0,1.9580614751661097e-14,1.5092540446466532e-17,3.1991870710013635e-17
11,adam,699,17598.681599999996,20000.0,1.7917645994415706e-09,1.4842544810298058e-09,5.451830131882142e-10,5.762911122573189e-10,3.627803555842728e-10,2.1673772881738796e-10,0.0,1.836982214307086e-14,1.3702798743553343e-17,2.992407821167841e-17
11,adam,724,17598.681599999996,20000.0,1.6782820482910405e-09,1.384302774551258e-09,5.128576835811115e-10,5.305481055177158e-10,3.408969854524306e-10,2.0320678822517391e-10,0.0,1.728117849313039e-14,1.2615519466585495e-17,2.811938960312063e-17
11,adam,749,17598.681599999996,20000.0,1.5812167809293459e-09,1.299735619188687e-09,4.841751099087709e-10,4.939437489329201e-10,3.2161676034699613e-10,1.9070861560507674e-10,0.0,1.631515563916472e-14,1.1745405300444404e-17,2.652942374395862e-17
11,adam,774,17598.681599999996,20000.0,1.4965651854748208e-09,1.2264945102549094e-09,4.5832719548875153e-10,4.638578209182517e-10,3.043094938479061e-10,1.7929809720662165e-10,0.0,1.5444554619078666e-14,1.1030188009270046e-17,2.5102192330272416e-17
11,adam,799,17598.681599999996,20000.0,1.421503644610347e-09,1.1619304460264943e-09,4.348254972890761e-10,4.384617213976724e-10,2.886432273397458e-10,1.6880061170659233e-10,0.0,1.4652932482534653e-14,1.0426415047448684e-17,2.3810303100436224e-17
11,adam,824,17598.681599999996,20000.0,1.3881466519069317e-09,1.1430592241816036e-09,4.3221565610003944e-10,4.3879569915210136e-10,2.7204786892946283e-10,1.543148133132864e-10,0.0,1.4565517613760338e-14,1.0433983938030576e-17,2.244070413148115e-17
11,adam,849,17598.681599999996,20000.0,1.3217183020106376e-09,1.0824434994422978e-09,4.0757562777872364e-10,4.1015753839584917e-10,2.647103332677249e-10,1.485021556919001e-10,0.0,1.373537044973776e-14,9.75322584223652e-18,2.1835714481533667e-17
11,adam,874,17598.681599999996,20000.0,1.2619736061802486e-09,1.0306610396275246e-09,3.875831502742584e-10,3.904095373720156e-10,2.526683519812507e-10,1.4053991348712597e-10,0.0,1.3061782654153724e-14,9.283691936779277e-18,2.0842854996969684e-17
11,adam,899,17598.681599999996,20000.0,1.2073375139059923e-09,9.83524375584966e-10,3.691657132944425e-10,3.7336378552686964e-10,2.4099487676365393e-10,1.3304050032478644e-10,0.0,1.2441258205446745e-14,8.878385155015562e-18,1.9880406799266743e-17
11,adam,924,17598.681599999996,20000.0,1.1569821719956196e-09,9.402064716125534e-10,3.519525947280216e-10,3.579701125211467e-10,2.302837643633852e-10,1.260030937150367e-10,0.0,1.1861282124395131e-14,8.512354636069015e-18,1.8997314716006494e-17
11,adam,949,17598.681599999996,20000.0,1.1103356032594766e-09,9.001365696718161e-10,3.358199973827084e-10,3.4409064765720437e-10,2.2022592463190325e-10,1.1942646998733296e-10,0.0,1.1317692775755816e-14,8.182322022502676e-18,1.816809425900672e-17
11,adam,974,17598.681599999996,20000.0,1.0669786918588811e-09,8.629302149064584e-10,3.206761869117058e-10,3.314666741312805e-10,2.1078735386347212e-10,1.1327596438763238e-10,0.0,1.0807405318931526e-14,7.882140399515426e-18,1.7389940601125296e-17
11,adam,999,17598.681599999996,20000.0,1.026587498774665e-09,8.283078283266904e-10,3.064239753455888e-10,3.1995097087109764e-10,2.0193288211000387e-10,1.075072141068646e-10,0.0,1.0327147503204089e-14,7.608311697815116e-18,1.66599519120375e-17
11,adam,1024,17598.681599999996,20000.0,9.857812109352386e-10,7.907830756574814e-10,2.774011335835032e-10,3.1406011256834976e-10,1.993218295056285e-10,1.0422575120493954e-10,0.0,9.34882612817037e-15,7.468261889133071e-18,1.6445465368517005e-17
11,adam,1049,17598.681599999996,20000.0,9.509832706598836e-10,7.62933338122312e-10,2.6738702290901865e-10,3.061966348560007e-10,1.8934968035729265e-10,9.727762183784279e-11,0.0,9.011378960663977e-15,7.281295565450897e-18,1.5623073468719602e-17
11,adam,1074,17598.681599999996,20000.0,9.190369284641358e-10,7.356278678336675e-10,2.5774684733965097e-10,2.971079919292169e-10,1.8077302856479962e-10,9.263682967305236e-11,0.0,8.68651203172366e-15,7.065214662455009e-18,1.491595649691992e-17
11,adam,1099,17598.681599999996,20000.0,8.891900042377747e-10,7.104533193557376e-10,2.4827108406270013e-10,2.8898741600217456e-10,1.7319481929086288e-10,8.796452932468132e-11,0.0,8.36717883665965e-15,6.872141773716786e-18,1.4291188433042297e-17
11,adam,1124,17598.681599999996,20000.0,8.612573409405694e-10,6.868081779605976e-10,2.3930666201394655e-10,2.8139282963799747e-10,1.6610868630865344e-10,8.367707710857261e-11,0.0,8.065079390228692e-15,6.6915832003342264e-18,1.3706985895780236e-17
11,adam,1149,17598.681599999996,20000.0,8.350837121150919e-10,6.646626039220851e-10,2.3066689122059274e-10,2.7447873779990734e-10,1.5951697490158497e-10,7.964908743377976e-11,0.0,7.773915833559298e-15,6.52720786037254e-18,1.3163541582203505e-17
11,adam,1174,17598.681599999996,20000.0,8.105302838867852e-10,6.438610215906618e-10,2.223696301616791e-10,2.681118329179259e-10,1.5337955851105672e-10,7.589730325091441e-11,0.0,7.494290427607598e-15,6.375846229758832e-18,1.2657548720716469e-17
11,adam,1199,17598.681599999996,20000.0,7.874710981279269e-10,6.24303887185851e-10,2.144165546395682e-10,2.622341520099111e-10,1.476531805363716e-10,7.239531092273533e-11,0.0,7.226260223397413e-15,6.236119632998034e-18,1.2185439891761177e-17
11,adam,1224,17598.681599999996,20000.0,7.629528129370106e-10,6.043741573362461e-10,2.1160196384403788e-10,2.505551281237747e-10,1.4221706536843346e-10,6.780677730301787e-11,0.0,7.131596038258238e-15,5.9583238245696706e-18,1.1737214108029095e-17
11,adam,1249,17598.681599999996,20000.0,7.423882555026527e-10,5.858484839683137e-10,2.0160421719359798e-10,2.4526231344858183e-10,1.3898195332613395e-10,6.576791689880574e-11,0.0,6.794641773312712e-15,5.832525538538159e-18,1.1470545224390935e-17
11,adam,1274,17598.681599999996,20000.0,7.232640387569364e-10,5.700195336918699e-10,1.9427157125874357e-10,2.4153065045817864e-10,1.3421731197494765e-10,6.247268491415527e-11,0.0,6.547516162080092e-15,5.743823372708481e-18,1.1077702910581731e-17
11,adam,1299,17598.681599999996,20000.0,7.052146343005929e-10,5.54786914488812e-10,1.8727546504764486e-10,2.376961653755931e-10,1.2981528406557398e-10,5.965594214855873e-11,0.0,6.3117172972252256e-15,5.652686273960647e-18,1.0714750451965219e-17
11,adam,1324,17598.681599999996,20000.0,6.881339992528109e-10,5.40264669587406e-10,1.8054306164530762e-10,2.3401697957144137e-10,1.25704628370657e-10,5.709759883087269e-11,0.0,6.084800240929998e-15,5.5652440666260314e-18,1.0375819135009441e-17
11,adam,1349,17598.681599999996,20000.0,6.719533352187323e-10,5.264623611703986e-10,1.742135412768505e-10,2.3048007785509085e-10,1.2176874203845722e-10,5.471929207459745e-11,0.0,5.871460655827522e-15,5.481186610391187e-18,1.0051289510175438e-17
11,adam,1374,17598.681599999996,20000.0,6.566135235738438e-10,5.13336048616579e-10,1.6822521054225273e-10,2.270822532786398e-10,1.1802858479568645e-10,5.2505842490293826e-11,0.0,5.6696189799236085e-15,5.400437174683823e-18,9.742889480563996e-18
11,adam,1399,17598.681599999996,20000.0,6.420608644537218e-10,5.008404502235969e-10,1.625462870837744e-10,2.2381774933060927e-10,1.1447641380921316e-10,5.0448831166891186e-11,0.0,5.478204204218163e-15,5.322858433596323e-18,9.449980694412492e-18
11,lbfgs,1400,17598.681599999996,20000.0,6.435280936384823e-10,5.023870040177534e-10,1.637260429305122e-10,2.2537858275523236e-10,1.1328237833200878e-10,5.0369508524846044e-11,0.0,5.5177844661794964e-15,5.360021445600073e-18,9.351833769715113e-18
11,lbfgs,1409,17598.681599999996,20000.0,6.430232466584084e-10,5.020476124764014e-10,1.6371599690476485e-10,2.2410728919987596e-10,1.1422432637176048e-10,5.020405311119071e-11,0.0,5.517445595925933e-15,5.329825813630756e-18,9.429551971740372e-18
11,lbfgs,1419,17598.681599999996,20000.0,6.995246393038083e-10,5.290191944203305e-10,1.6353546764200203e-10,2.2649727127543196e-10,1.3898645550289648e-10,7.973386388466274e-11,0.0,5.5113765817583424e-15,5.38692256545287e-18,1.1471729395209494e-17
11,lbfgs,1429,17598.681599999996,20000.0,6.422572632018554e-10,5.010175218052949e-10,1.636209882093629e-10,2.229314786091893e-10,1.1446505498674273e-10,5.0468160375620014e-11,0.0,5.514242382659163e-15,5.301901528924547e-18,9.449411847438592e-18
11,lbfgs,1439,17598.681599999996,20000.0,6.418602767005836e-10,5.009836056099289e-10,1.6356274553596475e-10,2.2370198987110382e-10,1.1371887020286031e-10,5.0105090100246475e-11,0.0,5.512277555936508e-15,5.320216382046665e-18,9.387900937654588e-18
11,lbfgs,1449,17598.681599999996,20000.0,6.967574378317066e-10,5.27021866656421e-10,1.6337240340392563e-10,2.2596227754385427e-10,1.3768718570864112e-10,7.896399025596499e-11,0.0,5.505877171335836e-15,5.3742236394784616e-18,1.1364612189979168e-17
11,lbfgs,1459,17598.681599999996,20000.0,6.411176715920864e-10,4.999747172452508e-10,1.63462797967993e-10,2.2264163378214197e-10,1.138702854951158e-10,5.037137340579161e-11,0.0,5.508907349754104e-15,5.295033627697498e-18,9.400390958278106e-18
11,lbfgs,1469,17598.681599999996,20000.0,6.407311512692234e-10,4.999582470348262e-10,1.6340382155927628e-10,2.2340245448768168e-10,1.1315197098786824e-10,5.000132332367095e-11,0.0,5.506917674134032e-15,5.313117827011628e-18,9.341176775769526e-18
11,lbfgs,1479,17598.681599999996,20000.0,6.942428854825337e-10,5.251934156594964e-10,1.6320728715676434e-10,2.2547085977926448e-10,1.365152687234675e-10,7.827788898274225e-11,0.0,5.500308361615857e-15,5.362559297273766e-18,1.1267995329425785e-17
11,lbfgs,1489,17598.681599999996,20000.0,6.400072954894721e-10,4.989830438782922e-10,1.6330251309854975e-10,2.2237170186650855e-10,1.1330882891323397e-10,5.0252670749586707e-11,0.0,5.503501602728267e-15,5.288637611599006e-18,9.354113993174043e-18
11,lbfgs,1499,17598.681599999996,20000.0,6.396301543163857e-10,4.989781850749097e-10,1.632430019637933e-10,2.2312262104249042e-10,1.1261256206862597e-10,4.988038841013508e-11,0.0,5.501493995251418e-15,5.306486248816023e-18,9.29671651233672e-18
11,lbfgs,1509,17598.681599999996,20000.0,6.918911274164393e-10,5.234874719416613e-10,1.6304092848059533e-10,2.2501769925327395e-10,1.3542884420779206e-10,7.763207471335924e-11,0.0,5.494697916759538e-15,5.351803270244615e-18,1.1178426353545761e-17
11,lbfgs,1519,17598.681599999996,20000.0,6.389232222460249e-10,4.980286273986014e-10,1.631406158585381e-10,2.221175050691994e-10,1.1277050647086389e-10,5.0123014065130494e-11,0.0,5.498041784175311e-15,5.2826144227263124e-18,9.30974194891713e-18
11,lbfgs,1529,17598.681599999996,20000.0,6.385545879483459e-10,4.980321447029663e-10,1.6308073989863334e-10,2.228587714599071e-10,1.1209263334442582e-10,4.9750862493327567e-11,0.0,5.4960220299085996e-15,5.300233450622396e-18,9.253860007318575e-18
11,lbfgs,1539,17598.681599999996,20000.0,6.89676605504523e-10,5.218817198342629e-10,1.628738022870407e-10,2.2459880421506196e-10,1.3440911333216025e-10,7.702330498769306e-11,0.0,5.489061976267096e-15,5.3418608104256356e-18,1.1094355115596867e-17
11,lbfgs,1549,17598.681599999996,20000.0,6.378630658560004e-10,4.971040080847545e-10,1.629775797952273e-10,2.2187639097780453e-10,1.1225003731172278e-10,4.9987477068206035e-11,0.0,5.492543952571237e-15,5.276901156808957e-18,9.26683970389478e-18
11,lbfgs,1559,17598.681599999996,20000.0,6.375022053022759e-10,4.971142358237443e-10,1.6291751187489496e-10,2.226083838787885e-10,1.115883400700608e-10,4.9616388805736984e-11,0.0,5.4905178828505066e-15,5.294299621043333e-18,9.212290535256828e-18
11,lbfgs,1569,17598.681599999996,20000.0,6.875799930031704e-10,5.203609284845643e-10,1.6270633932731825e-10,2.2420990704461486e-10,1.3344468211263127e-10,7.644748391489923e-11,0.0,5.483415065946904e-15,5.332630579255329e-18,1.101484217606521e-17
11,lbfgs,1579,17598.681599999996,20000.0,6.368248110282903e-10,4.962049470097141e-10,1.628138644454198e-10,2.2164658323831113e-10,1.1174449932598315e-10,4.984828339477133e-11,0.0,5.487023593036204e-15,5.271455704964797e-18,9.225166569931975e-18
11,lbfgs,1589,17598.681599999996,20000.0,6.364710994269746e-10,4.962208659352529e-10,1.6275375889637938e-10,2.2236972414610217e-10,1.1109738289277134e-10,4.947865289816832e-11,0.0,5.4849963972867205e-15,5.288643648685332e-18,9.171818740845199e-18
11,lbfgs,1599,17598.681599999996,20000.0,6.855858012384601e-10,5.189136492544755e-10,1.625389088023767e-10,2.2384722440801501e-10,1.3252751604408376e-10,7.590057145914917e-11,0.0,5.4777695971212706e-15,5.32402273267371e-18,1.0939225139859344e-17
11,lbfgs,1609,17598.681599999996,20000.0,6.358067347083493e-10,4.953285956508036e-10,1.6264987085187706e-10,2.214267759699329e-10,1.1125194882899364e-10,4.9706558512960585e-11,0.0,5.481494187802932e-15,5.2662471230875185e-18,9.184562493265452e-18
11,lbfgs,1619,17598.681599999996,20000.0,6.354596343713155e-10,4.953494772546304e-10,1.625898551920147e-10,2.2214146601071333e-10,1.1061815605190236e-10,4.933857660235549e-11,0.0,5.479470147410044e-15,5.283234101363533e-18,9.13231242182149e-18
11,lbfgs,1629,17598.681599999996,20000.0,6.836813800671811e-10,5.17530789348486e-10,1.6237181019531123e-10,2.2350753134119816e-10,1.3165144781197656e-10,7.537901027273476e-11,0.0,5.472135621762799e-15,5.315960686851673e-18,1.086699557865562e-17
11,lbfgs,1639,17598.681599999996,20000.0,6.348073500681682e-10,4.944727847305474e-10,1.6248592747319188e-10,2.2121591913126497e-10,1.1077093812609053e-10,4.956298487223508e-11,0.0,5.475966766031931e-15,5.261250534621283e-18,9.144908287312082e-18
11,lbfgs,1649,17598.681599999996,20000.0,6.344663944267149e-10,4.944980529463122e-10,1.6242610163389122e-10,2.2192252156291576e-10,1.1014942974950519e-10,4.9196761045272945e-11,0.0,5.4739492327485064e-15,5.2780451993976804e-18,9.093670348900306e-18
11,lbfgs,1659,17598.681599999996,20000.0,6.818562710494018e-10,5.162049020413523e-10,1.6220527544651108e-10,2.2318810578171604e-10,1.3081152081312517e-10,7.487978864095744e-11,0.0,5.466520916191293e-15,5.308379802236031e-18,1.079774489043343e-17
11,lbfgs,1669,17598.681599999996,20000.0,6.338253638600413e-10,4.936357373083281e-10,1.6232229155067125e-10,2.2101312644578214e-10,1.103003193118748e-10,4.9418046165499026e-11,0.0,5.47044995822145e-15,5.256444944655413e-18,9.10610946151676e-18
11,lbfgs,1679,17598.681599999996,20000.0,6.334901450910744e-10,4.936649111164069e-10,1.622627302966102e-10,2.2171196587098938e-10,1.096902149488073e-10,4.905365361870624e-11,0.0,5.4684414371029335e-15,5.273055026587486e-18,9.055811123344488e-18
11,lbfgs,1689,17598.681599999996,20000.0,6.801017254955555e-10,5.149297665615813e-10,1.6203947612093442e-10,2.2288664329156268e-10,1.300036471490842e-10,7.440037864573431e-11,0.0,5.460931225806377e-15,5.301225358124248e-18,1.0731136095856423e-17
11,lbfgs,1699,17598.681599999996,20000.0,6.328596432483926e-10,4.928159417642457e-10,1.6215915666192263e-10,2.2081763209607886e-10,1.0983915300624423e-10,4.927212117706923e-11,0.0,5.4649502532509066e-15,5.251812212407001e-18,9.06808870029984e-18
11,lbfgs,1709,17598.681599999996,20000.0,6.325298025440395e-10,4.928486083656637e-10,1.620999130720083e-10,2.2150899832956382e-10,1.0923969696409157e-10,4.890961390154465e-11,0.0,5.462952520268169e-15,5.268244613174005e-18,9.018667704761175e-18
11,lbfgs,1719,17598.681599999996,20000.0,6.784103742027333e-10,5.137001298234105e-10,1.618745321427626e-10,2.2260118658640396e-10,1.2922441109424398e-10,7.393866416991021e-11,0.0,5.455370560105886e-15,5.294450878855469e-18,1.0666887632677396e-17
11,lbfgs,1729,17598.681599999996,20000.0,6.31909189692598e-10,4.920120870949545e-10,1.6199666206427784e-10,2.2062876667596684e-10,1.0938665835470976e-10,4.912552236966091e-11,0.0,5.4594723136835204e-15,5.2473364810217535e-18,9.030781743278987e-18
11,lbfgs,1739,17598.681599999996,20000.0,6.31584409549686e-10,4.920478873127343e-10,1.6193777113204072e-10,2.2131291960196427e-10,1.0879719657872928e-10,4.876494203920621e-11,0.0,5.457486536995459e-15,5.263597389096164e-18,8.982184207767689e-18
11,lbfgs,1749,17598.681599999996,20000.0,6.767759133563768e-10,5.12511488120191e-10,1.6171052060941965e-10,2.2233004897902778e-10,1.2847091853174357e-10,7.349284510556831e-11,0.0,5.449841489516343e-15,5.288016314903091e-18,1.0604760940683838e-17
11,lbfgs,1759,17598.681599999996,20000.0,6.309731181298029e-10,4.912230241553924e-10,1.6183490193513932e-10,2.2044594138038035e-10,1.0894218083987267e-10,4.8978513825475467e-11,0.0,5.4540192869126796e-15,5.243003802912927e-18,8.994134733459881e-18
11,lbfgs,1769,17598.681599999996,20000.0,6.30653116164302e-10,4.912616430867089e-10,1.617763839058865e-10,2.211231154687784e-10,1.0836214371204398e-10,4.861989295888359e-11,0.0,5.4520461391583925e-15,5.2590988011629725e-18,8.946313732811629e-18
11,lbfgs,1779,17598.681599999996,20000.0,6.751929453606926e-10,5.113599706266738e-10,1.615474837301856e-10,2.2207177679122256e-10,1.277407101052657e-10,7.306139468215743e-11,0.0,5.444345412488268e-15,5.281887150349761e-18,1.0544553301560422e-17
11,lbfgs,1789,17598.681599999996,20000.0,6.300506401991196e-10,4.904477389205948e-10,1.61673933774064e-10,2.202686362033046e-10,1.0850516894322619e-10,4.883132120858526e-11,0.0,5.448593087868352e-15,5.2388018601749685e-18,8.95810229475533e-18
11,lbfgs,1799,17598.681599999996,20000.0,6.297351640970745e-10,4.904888990484717e-10,1.616157970885372e-10,2.209390441483943e-10,1.0793405781154016e-10,4.847468500887508e-11,0.0,5.446632845180377e-15,5.254736012573941e-18,8.911016751151463e-18
11,lbfgs,1809,17598.681599999996,20000.0,6.736568087922379e-10,5.102422236875239e-10,1.6138543588351322e-10,2.2182510657417228e-10,1.2703168122983832e-10,7.264300513156472e-11,0.0,5.438882792847023e-15,5.276033386676484e-18,1.0486091243846651e-17
11,lbfgs,1819,17598.681599999996,20000.0,6.291410505670691e-10,4.896853322303617e-10,1.6151378574557082e-10,2.200963904863505e-10,1.0807515599844038e-10,4.868413834570726e-11,0.0,5.443194646007345e-15,5.234719740719703e-18,8.922646037258074e-18
11,lbfgs,1829,17598.681599999996,20000.0,6.288298739802808e-10,4.897287881535964e-10,1.6145602957112045e-10,2.207602265035285e-10,1.075125320789474e-10,4.832950586588052e-11,0.0,5.441247273135364e-15,5.2504976708900554e-18,8.876259805676042e-18
11,lbfgs,1839,17598.681599999996,20000.0,6.721634242596308e-10,5.091553084447645e-10,1.612243697127361e-10,2.2158892567731335e-10,1.2634201305471504e-10,7.223653592037999e-11,0.0,5.4334533647682005e-15,5.270428605985789e-18,1.0429224850750094e-17
11,lbfgs,1849,17598.681599999996,20000.0,6.282437156700577e-10,4.889350035758303e-10,1.6135446295409922e-10,2.1992879505184837e-10,1.0765174556988262e-10,4.8537132182106875e-11,0.0,5.437824116353208e-15,5.230747751952696e-18,8.887733352942543e-18
11,lbfgs,1859,17598.681599999996,20000.0,6.279366347579596e-10,4.889805375195238e-10,1.6129707932169437e-10,2.2058623722711958e-10,1.0709722097070994e-10,4.818451735649457e-11,0.0,5.435889338524671e-15,5.246373699171559e-18,8.84201448148867e-18
11,lbfgs,1869,17598.681599999996,20000.0,6.707092357047945e-10,5.080966553371181e-10,1.6106426116303136e-10,2.2136225859629716e-10,1.2567013557778966e-10,7.184100055180035e-11,0.0,5.428056302134869e-15,5.26504964711806e-18,1.037382471967835e-17
11,lbfgs,1879,17598.681599999996,20000.0,6.273580643376335e-10,4.881960377407623e-10,1.6119595272978523e-10,2.197654855414295e-10,1.0723459946954751e-10,4.839044676356795e-11,0.0,5.432481057251631e-15,5.226877263001653e-18,8.853336428718133e-18
11,lbfgs,1889,17598.681599999996,20000.0,6.270548949120136e-10,4.882434559508374e-10,1.6113892832079274e-10,2.2041669806097574e-10,1.0668782956906891e-10,4.8039859158033844e-11,0.0,5.430558420249841e-15,5.242355135329862e-18,8.80825653055231e-18
11,lbfgs,1899,17598.681599999996,20000.0,6.692911216654192e-10,5.070640037106155e-10,1.6090507375775967e-10,2.211442443926121e-10,1.250146855602438e-10,7.145553821748159e-11,0.0,5.4226903623075015e-15,5.259876069322716e-18,1.031977849248149e-17
11,lbfgs,1909,17598.681599999996,20000.0,6.264835799232475e-10,4.874677936178173e-10,1.6103822903280017e-10,2.1960613671866767e-10,1.0682342786634939e-10,4.8244206550879196e-11,0.0,5.4271645784716084e-15,5.223100569774772e-18,8.81943143184413e-18
11,lbfgs,1919,17598.681599999996,20000.0,6.261841550111549e-10,4.875169232075506e-10,1.6098154665415425e-10,2.202512715040797e-10,1.062841050493167e-10,4.7895652079194874e-11,0.0,5.42525349823185e-15,5.238433983040862e-18,8.774965169017936e-18
11,lbfgs,1929,17598.681599999996,20000.0,6.67906323701785e-10,5.06055352829789e-10,1.607467621322648e-10,2.20934118475255e-10,1.2437447222226912e-10,7.1079391213169e-11,0.0,5.4173540049182594e-15,5.2548897195579274e-18,1.0266988027248668e-17
11,lbfgs,1939,17598.681599999996,20000.0,6.25619793639749e-10,4.867496947563194e-10,1.608812560880057e-10,2.1945045758601688e-10,1.0641798108229678e-10,4.809851920756411e-11,0.0,5.421873463413995e-15,5.219410779302684e-18,8.785997834299431e-18
11,lbfgs,1949,17598.681599999996,20000.0,6.253239614315658e-10,4.868003811380056e-10,1.6082489588194442e-10,2.2008965589758922e-10,1.0588582935847196e-10,4.775200064781575e-11,0.0,5.41997326669105e-15,5.2346030953089704e-18,8.742122474315932e-18
11,lbfgs,1959,17598.681599999996,20000.0,6.665523872708977e-10,5.050689213034993e-10,1.6058927492666133e-10,2.2073119752071985e-10,1.237484488561181e-10,7.071188638700517e-11,0.0,5.412045489105715e-15,5.2500743743362524e-18,1.021536705797426e-17
11,lbfgs,1969,17598.681599999996,20000.0,6.247662788674726e-10,4.860412213154597e-10,1.6072499135763537e-10,2.192981871726437e-10,1.0601804278518067e-10,4.7953477954764185e-11,0.0,5.4166062690514336e-15,5.215801709966913e-18,8.753017852186433e-18
11,lbfgs,1979,17598.681599999996,20000.0,6.244739009580191e-10,4.86093325976725e-10,1.6066893178193234e-10,2.199315809015822e-10,1.054928132932105e-10,4.7608995414145466e-11,0.0,5.414716226367274e-15,5.230856067287474e-18,8.70971289751347e-18
11,lbfgs,1989,17598.681599999996,20000.0,6.652271249754003e-10,5.041031202344848e-10,1.6043255710535482e-10,2.2053487031011497e-10,1.23135692819015e-10,7.035242523889244e-11,0.0,5.406762951468543e-15,5.245415522215982e-18,1.0164839545279024e-17
11,lbfgs,1999,17598.681599999996,20000.0,6.23922646276513e-10,4.85341903183971e-10,1.6056938794962783e-10,2.1914909089578422e-10,1.056234243385589e-10,4.780916357384037e-11,0.0,5.411361406884517e-15,5.2122678053096546e-18,8.720475980463297e-18
11,lbfgs,2009,17598.681599999996,20000.0,6.236335961031862e-10,4.853953016540276e-10,1.60513606562074e-10,2.1977680342919423e-10,1.0510489166275942e-10,4.7466714960535054e-11,0.0,5.4094807588918196e-15,5.227187139922864e-18,8.677722865040317e-18
11,lbfgs,2019,17598.681599999996,20000.0,6.639286008333211e-10,5.031565390717467e-10,1.6027655178215399e-10,2.2034459412369156e-10,1.2253539316590122e-10,7.000048233785666e-11,0.0,5.401504467391031e-15,5.240900278398558e-18,1.0115338657186356e-17
11,lbfgs,2029,17598.681599999996,20000.0,6.230885395927182e-10,4.846513140620937e-10,1.6041439654848697e-10,2.1900295741128502e-10,1.0523396010232165e-10,4.766564609039889e-11,0.0,5.406137207836359e-15,5.208804059428112e-18,8.688358605973983e-18
11,lbfgs,2039,17598.681599999996,20000.0,6.228027011387871e-10,4.847058943308669e-10,1.6035887063111927e-10,2.1962510469724627e-10,1.0472191900250136e-10,4.7325227397750435e-11,0.0,5.4042651862919836e-15,5.2235911300923294e-18,8.646140425751395e-18
11,lbfgs,2049,17598.681599999996,20000.0,6.626550733106168e-10,5.022279090544564e-10,1.6012120174693861e-10,2.2015987961220232e-10,1.2194682769531545e-10,6.96555849106819e-11,0.0,5.396268102330342e-15,5.236517025237725e-18,1.0066804876422704e-17
11,lbfgs,2059,17598.681599999996,20000.0,6.222636319367113e-10,4.839690663662478e-10,1.6025996694554606e-10,2.188595958913904e-10,1.0484950352931133e-10,4.752298620864223e-11,0.0,5.4009319736727246e-15,5.205405952487712e-18,8.65665368604805e-18
11,lbfgs,2069,17598.681599999996,20000.0,6.2198089857725e-10,4.84024727453401e-10,1.6020467399117987e-10,2.1947628723687528e-10,1.0434376622534586e-10,4.718459179206086e-11,0.0,5.3990678177797e-15,5.220063359758922e-18,8.614954975243914e-18
11,lbfgs,2079,17598.681599999996,20000.0,6.614049814971461e-10,5.013160915785627e-10,1.5996645059019013e-10,2.1998028743032783e-10,1.2136935355804465e-10,6.931731065127652e-11,0.0,5.391051949580464e-15,5.232255332426028e-18,1.0019185226413234e-17
11,lbfgs,2089,17598.681599999996,20000.0,6.214476226237628e-10,4.83294806811354e-10,1.6010604923446154e-10,2.1871883364468132e-10,1.0446992393221109e-10,4.738123652891936e-11,0.0,5.3957440171616726e-15,5.2020693943373146e-18,8.62535048230882e-18
11,lbfgs,2099,17598.681599999996,20000.0,6.211678961008734e-10,4.833514574701109e-10,1.6005096731928034e-10,2.1933017230189652e-10,1.03970317848934e-10,4.704485937728317e-11,0.0,5.393886986079433e-15,5.2165995945508635e-18,8.584157027600225e-18
11,lbfgs,2109,17598.681599999996,20000.0,6.601769225906446e-10,5.004200621910316e-10,1.5981224358026055e-10,2.198054223529372e-10,1.2080239625783382e-10,6.898528121040932e-11,0.0,5.385854159720588e-15,5.228105817284655e-18,9.972432364535401e-18
11,lbfgs,2119,17598.681599999996,20000.0,6.20640234362268e-10,4.826282125802606e-10,1.599525947291817e-10,2.185805140620095e-10,1.0409510378906942e-10,4.7240442576777085e-11,0.0,5.390571692899253e-15,5.19879067584684e-18,8.594439338844411e-18
11,lbfgs,2129,17598.681599999996,20000.0,6.20363423913074e-10,4.826857702711844e-10,1.5989770279338937e-10,2.1918659793171247e-10,1.0360146954608264e-10,4.6906074466645714e-11,0.0,5.388721075161866e-15,5.213195997871876e-18,8.553738013738388e-18
11,lbfgs,2139,17598.681599999996,20000.0,6.58969639930959e-10,4.995389009470221e-10,1.5965852830085308e-10,2.196349301983792e-10,1.202454424477898e-10,6.865915987276743e-11,0.0,5.3806729620004e-15,5.2240600717799576e-18,9.92650398840497e-18
11,lbfgs,2149,17598.681599999996,20000.0,6.198412107898771e-10,4.819689879802154e-10,1.5979955665319249e-10,2.1844449480945058e-10,1.0372493651757227e-10,4.7100643682616965e-11,0.0,5.385413420442881e-15,5.195566426094211e-18,8.56391149898702e-18
