window,stage,step,t0,t1,total,physics,res_S,res_E,res_I,endpoint_physics,bound,orig_mse_S,orig_mse_E,orig_mse_I
0,adam,0,0.0,250.0,2.0370207214093337,1.527765540989273,0.10015118908009016,0.42761435190918295,1.0,0.5092551803297577,0.0,1.2978036600143544e-12,4.6250768302497216e-11,8.999999999999995e-12
0,adam,24,0.0,250.0,0.474869483136682,0.2447731308109115,0.008442556430821355,0.12384665425307641,0.11248392012701373,0.23009635223404593,0.0,3.34024172112222e-12,8.07941474936564e-12,1.3879794950709505e-12
0,adam,49,0.0,250.0,0.3625762864224564,0.14937040605282148,0.0051276180085625895,0.0731655772786227,0.0710772107656362,0.21320588027647366,0.0,1.8181291562769112e-12,4.6410751564078514e-12,1.4094898402695071e-12
0,adam,74,0.0,250.0,0.3255492238479778,0.12592132771293785,0.0003725789862271674,0.06280893071046788,0.0627398180162428,0.1996278960411195,0.0,3.4447745968632254e-13,4.25679536196964e-12,1.3634533186241142e-12
0,adam,99,0.0,250.0,0.2600806449413254,0.08867451487043562,0.0028152393580023393,0.045553008640204354,0.04030626687222892,0.17140612997395363,0.0,1.4958751649728283e-12,3.0882494158483164e-12,1.0204087924636374e-12
0,adam,124,0.0,250.0,0.236460863973634,0.07856383437706263,0.0019355663122036634,0.04624252568010539,0.030385742384753583,0.15789702949872003,0.0,9.686325765197694e-13,2.8135570240485515e-12,7.399536684527158e-13
0,adam,149,0.0,250.0,0.19167280088864191,0.06194857886535721,0.0018022305031184268,0.03176295845128853,0.028383389910950258,0.12972422192354524,0.0,6.78721812465459e-13,2.024793545092951e-12,1.0803966420031676e-12
0,adam,174,0.0,250.0,0.18831853677366991,0.06709703474606529,0.0030865583464401874,0.04601866161761406,0.017991814782011048,0.12122150192707416,0.0,1.4329823692936006e-12,2.081113823215017e-12,5.33119136193317e-13
0,adam,199,0.0,250.0,0.23203473025574312,0.07875981625928685,0.0021929643284727667,0.050181677483967894,0.02638517444684619,0.15327491389837736,0.0,8.855672111696141e-13,3.0834362206332985e-12,5.427195604403467e-13
0,adam,224,0.0,250.0,0.19919962996213453,0.06384657935512511,0.0012847992337531378,0.033196496405018226,0.029365283716353743,0.13535305050828567,0.0,1.7894006715548273e-13,2.5493450788108407e-12,9.886910310068037e-13
0,adam,249,0.0,250.0,0.16271778016874844,0.05529596535876308,0.003265611927332835,0.030294443179055434,0.021735910252374806,0.10742181470931489,0.0,9.832205302442102e-13,1.879553123850476e-12,9.053212896918104e-13
0,adam,274,0.0,250.0,0.1433643029212723,0.04786719475393167,0.003998627932016687,0.022351452650394916,0.02151711417152007,0.09549710806542301,0.0,1.1387184410860997e-12,1.53779559988355e-12,8.383800640263381e-13
0,adam,299,0.0,250.0,0.12745033489809665,0.04083029316822351,0.003584082629134212,0.01871331751416701,0.018532893024922285,0.08662004162662297,0.0,8.25570036059545e-13,1.3200081717082332e-12,5.905663502790007e-13
0,adam,324,0.0,250.0,0.18188448778464722,0.07711422902084147,0.0028272662416727375,0.04792754505446596,0.026359417724702777,0.10477025865991817,0.0,5.485089752888192e-13,1.35790630760778e-12,8.281063983690902e-13
0,adam,349,0.0,250.0,0.14323473468489611,0.05715999408668615,0.0023737560132032942,0.04187473139282167,0.012911506680661187,0.08607474049337066,0.0,4.997758471872015e-13,1.2799842244712322e-12,3.098173154638872e-13
0,adam,374,0.0,250.0,0.3059652311639947,0.1684917942094566,0.0019365162352173654,0.11639464891088998,0.05016062906334924,0.137473436848667,0.0,4.2194956546751917e-13,1.7151584811481545e-12,3.0679792055515177e-13
0,adam,399,0.0,250.0,0.19405343465068636,0.08499343452941177,0.002441295529287222,0.06797439062734661,0.014577748372777937,0.10906000001749398,0.0,1.103951159880388e-12,1.8393589088957787e-12,2.0702470664629689e-13
0,adam,424,0.0,250.0,0.12382534789375749,0.03682918279929617,0.0010784671606655653,0.021442921856589237,0.014307793782041372,0.08699616499072903,0.0,1.62677085408521e-13,1.4734844166436704e-12,2.6337125415479335e-13
0,adam,449,0.0,250.0,0.09928674547297499,0.03009283516911163,0.0010983317129954165,0.016183896442800622,0.01281060701331559,0.06919391019849876,0.0,1.9667564205276938e-13,1.1297656475524086e-12,3.2481820869029054e-13
0,adam,474,0.0,250.0,0.1077862026471739,0.03584182992400376,0.0008956767195298525,0.0214166200435269,0.013529533160947006,0.0719443726162885,0.0,1.9086045401801767e-13,9.954432693164145e-13,2.327479613385216e-13
0,adam,499,0.0,250.0,0.1218528799324984,0.04590745816062344,0.0007566764689737196,0.035443176693718464,0.00970760499793126,0.07594542166496623,0.0,1.533899602807108e-13,1.0811690169249419e-12,1.236493027667491e-13
0,adam,524,0.0,250.0,0.11502732552340923,0.03982789165231553,0.0005343117468085254,0.031237590108448742,0.008055989797058268,0.07519943376427213,0.0,9.694396517918115e-14,1.091923466642301e-12,1.3396996247991364e-13
0,adam,549,0.0,250.0,0.08205768831015017,0.023748495823267664,0.0004537025155738971,0.013713104995755692,0.009581688311938076,0.0583091923791067,0.0,7.238341743455548e-14,9.178136707306484e-13,2.089886273946182e-13
0,adam,574,0.0,250.0,0.09008295869206308,0.03167096241029539,0.0004243187848898267,0.01961038827402809,0.011636255351377474,0.05841199617287444,0.0,6.206015471727058e-14,8.214145718246467e-13,1.9080927701075294e-13
0,adam,599,0.0,250.0,0.16763133550848802,0.08289310525195104,0.00048271892018618325,0.060867282301108216,0.021543104030656634,0.08473823014697011,0.0,6.491357937712102e-14,8.147117939510963e-13,1.2008147650785488e-13
0,adam,624,0.0,250.0,0.0768704633818591,0.021170211171548114,0.000518637300756757,0.012358886047319544,0.008292687823471813,0.05570025210077909,0.0,7.882377641699507e-14,7.653249210035209e-13,1.1050017140015218e-13
0,adam,649,0.0,250.0,0.09465177848069178,0.025709401924030928,0.00046946615704018444,0.015678695345854796,0.009561240421135948,0.06894237644753144,0.0,6.336130797064589e-14,8.782053117073715e-13,7.722763720053316e-14
0,adam,674,0.0,250.0,0.14926204283752814,0.06706848256064726,0.00040518127022956486,0.05587772354869,0.0107855777417277,0.08219356016816982,0.0,4.285847759207675e-14,9.978015633997362e-13,6.318602381357339e-14
0,adam,699,0.0,250.0,0.232065655188144,0.12224077639539904,0.0004321941717891052,0.09402823355265348,0.027780348670956446,0.10982487868435246,0.0,4.124686310008878e-14,1.0818500683517125e-12,8.056637538957693e-14
0,adam,724,0.0,250.0,0.09099534930419573,0.02260019436314581,0.0003666547158423241,0.013680749940207305,0.008552789707096182,0.0683951548327824,0.0,3.394307629011805e-14,1.0033221937238104e-12,9.819288047715934e-14
0,adam,749,0.0,250.0,0.08548402362424448,0.02260446370585931,0.00030891752867539315,0.014934944282691499,0.007360601894492418,0.06287955980969868,0.0,2.5625928136601636e-14,9.149781320550706e-13,1.2226230928760673e-13
0,adam,774,0.0,250.0,0.07828065248113376,0.021394252713999584,0.00029346509356876094,0.014643259632055889,0.006457527988374937,0.05688639965768167,0.0,2.646887582219389e-14,8.249705932993937e-13,1.2477659711176288e-13
0,adam,799,0.0,250.0,0.06381072160370431,0.01667096765245198,0.0003333301566500597,0.01019508001152223,0.00614255748427969,0.047139753840387634,0.0,3.229903219603442e-14,6.886731028292597e-13,1.3430264589549616e-13
0,adam,824,0.0,250.0,0.05875058338145726,0.017998919548730744,0.0003653266940799776,0.011069130506833082,0.0065644623478176845,0.04075166372027967,0.0,3.2812756821427157e-14,5.748069695074896e-13,1.313925442121529e-13
0,adam,849,0.0,250.0,0.16252004528240557,0.09230437037324937,0.0004076434899349954,0.0688364060511157,0.023060320832198673,0.07021567479570846,0.0,2.971596691542226e-14,5.581078768990543e-13,8.304099802360001e-14
0,adam,874,0.0,250.0,1.7311773281403793,1.658090416879059,0.0044249733132788694,1.6309376686469659,0.02272777491881419,0.07308691114835394,0.0,8.622333950164849e-13,7.170186230791881e-13,9.654012986080428e-14
0,adam,899,0.0,250.0,0.09012357279517856,0.02656148396901515,0.0013686171942347784,0.02065118319895069,0.004541683575829681,0.06356208871453246,0.0,1.9841461912983385e-13,9.633027398490226e-13,4.4063686529779934e-14
0,adam,924,0.0,250.0,0.06281765162670805,0.01544779169438965,0.0007908952260593579,0.008830267993797724,0.005826628474532568,0.04736985982043921,0.0,3.15152783184794e-14,6.596500097370424e-13,1.6027837163544207e-13
0,adam,949,0.0,250.0,0.05015528847191055,0.011544586792492598,0.0003276711060200407,0.007232634474650804,0.003984281211821753,0.03861070156623224,0.0,2.0001212093202092e-14,5.45753264171126e-13,8.961360120350724e-14
0,adam,974,0.0,250.0,0.06358689587731507,0.024385059632200157,0.0003047849668232999,0.018300208906420336,0.005780065758956521,0.03920183613071037,0.0,2.0606418017312756e-14,4.723977088278047e-13,8.435898589306573e-14
0,adam,999,0.0,250.0,0.04031598928173505,0.010155216819539722,0.0003161581385484316,0.006101218766126047,0.0037378399148652423,0.030160772346885568,0.0,2.0408410257964755e-14,4.250087244547298e-13,8.199954846308448e-14
0,adam,1024,0.0,250.0,0.09595332320805187,0.05036930562537417,0.0003072337615601994,0.03732430883704699,0.012737763026766982,0.04558401746674511,0.0,2.04161529619862e-14,4.516260553344963e-13,7.391675260592496e-14
0,adam,1049,0.0,250.0,0.0866464671329457,0.04093495006166509,0.00029236690767983235,0.03496752294818539,0.005675060205799869,0.04571151695508374,0.0,2.1292651693339615e-14,4.4438904062351617e-13,6.800149699016023e-14
0,adam,1074,0.0,250.0,0.08941390291488521,0.04340649533564502,0.0002756110354853999,0.037161078737878106,0.005969805562281514,0.04600740746298412,0.0,1.9338921059841727e-14,4.5229099462860026e-13,6.559023264761869e-14
0,adam,1099,0.0,250.0,0.07913952073304849,0.03836552814232361,0.0002496316021338976,0.029861538965841452,0.008254357574348259,0.04077399247437915,0.0,1.5083661956233906e-14,4.588735265468321e-13,6.311835340577981e-14
0,adam,1124,0.0,250.0,0.06805814258677208,0.03037451419196492,0.00023052169156597647,0.02350743377208552,0.006636558728313425,0.03768362827831949,0.0,1.4099144794576287e-14,4.526504267429829e-13,6.347101814858875e-14
0,adam,1149,0.0,250.0,0.10876251460114172,0.05564802390838862,0.0002216750845693494,0.048917105807167266,0.006509243016652003,0.053114490576075736,0.0,1.5660611401809574e-14,4.415654999692293e-13,6.809269743218376e-14
0,adam,1174,0.0,250.0,0.0927164231695859,0.045184516104777125,0.00020344852150032004,0.039096013676872876,0.005885053906403929,0.047531906947886844,0.0,1.4153829472583123e-14,4.328015009616838e-13,6.609028716099959e-14
0,adam,1199,0.0,250.0,0.06711711176874055,0.0302885145443016,0.00017938772205152643,0.023375162328212323,0.006733964494037751,0.03682859710722842,0.0,1.0683589910511122e-14,4.2753489299196303e-13,6.002647669649643e-14
0,adam,1224,0.0,250.0,0.060043158156062586,0.02553702370763416,0.00016595630004579827,0.019567332084610936,0.005803735322977422,0.034506134330934204,0.0,9.514713916043906e-15,3.9221788099365313e-13,5.812291122716766e-14
0,adam,1249,0.0,250.0,0.10331752813621978,0.052941434304785866,0.00016387150399339121,0.046926094264814686,0.005851468535977791,0.05037609371365228,0.0,1.1246533975634472e-14,3.7975538747098355e-13,6.117250982153521e-14
0,adam,1274,0.0,250.0,0.08695693055830513,0.042325403132443436,0.00015066142909543427,0.03692633392173055,0.005248407781617445,0.044631527307759565,0.0,1.0179485397165825e-14,3.6981146234252837e-13,5.918798874545265e-14
0,adam,1299,0.0,250.0,0.061800538704968745,0.027795120321279072,0.0001298071875256669,0.02131249720185032,0.0063528159319030855,0.03400541826524247,0.0,7.346141299991656e-15,3.6387625158053537e-13,5.396603776302101e-14
0,adam,1324,0.0,250.0,0.055692872829015666,0.02372980959901797,0.00011996913716496124,0.018067740875653483,0.00554209958619953,0.03196306311120215,0.0,6.756867543750441e-15,3.5349624022390783e-13,5.2661786355779045e-14
0,adam,1349,0.0,250.0,0.09144417021039422,0.04619038681285263,0.00012237876808970585,0.040921531984378694,0.005146476060384233,0.04525378327839505,0.0,8.263112670311044e-15,3.4116227204069364e-13,5.5052304693358146e-14
0,adam,1374,0.0,250.0,0.07886194453106603,0.03815429235793122,0.00011264366142922068,0.033362932098471895,0.004678716598030103,0.04070765205361956,0.0,7.470223280523691e-15,3.3141710493061326e-13,5.331505238519977e-14
0,adam,1399,0.0,250.0,0.05771687737634676,0.026326360516703312,9.529829524624989e-05,0.020089096473646272,0.006141965747810792,0.03139051673974343,0.0,5.22718417072666e-15,3.254396412316466e-13,4.8914041902362466e-14
0,lbfgs,1400,0.0,250.0,0.05275307409782039,0.022717777376698885,0.00010124176628168051,0.017219448973019774,0.005397086637397432,0.03003529660120684,0.0,5.474959632145535e-15,3.3562796961324707e-13,5.3339107259561516e-14
0,lbfgs,1409,0.0,250.0,0.031958429138244406,0.007623397602175702,0.00010427841352940154,0.0045382355802067245,0.0029808836084395758,0.02433503141614952,0.0,5.865350705693497e-15,3.2880488691391115e-13,5.606340099573105e-14
0,lbfgs,1419,0.0,250.0,0.022626962337861038,0.011826774571992691,0.0004107320914976091,0.004717016673867128,0.0066990258066279545,0.010800187645421252,0.0,2.948192394440418e-14,1.5920179885949388e-13,1.5045710903685188e-13
0,lbfgs,1429,0.0,250.0,0.008743400786278428,0.005787573612200265,0.0008005694413652058,0.0011183966900647597,0.0038686074807702995,0.0029558270524609118,0.0,5.917602004702342e-14,2.3186750667204394e-14,3.9830429911468776e-14
0,lbfgs,1439,0.0,250.0,0.0050552215975473444,0.004228115424161002,0.0005620971506807755,0.0009868524944421741,0.0026791657790380522,0.0008271060512989359,0.0,2.676839982579578e-14,1.1519426347464595e-14,2.4803582806254112e-14
0,lbfgs,1449,0.0,250.0,0.0026293200549494244,0.0024631926850640557,0.00033069635783131976,0.000928310557585984,0.001204185769646752,0.00016612724723460935,0.0,2.032640867622736e-14,1.291728319325337e-14,1.8065282981665297e-14
0,lbfgs,1459,0.0,250.0,0.002155537867394363,0.001958662903049202,0.00021629296796673924,0.0003905445747681892,0.001351825360314274,0.0001968748415001982,0.0,1.1427839670052793e-14,5.985074594151418e-15,2.0580838602804388e-14
0,lbfgs,1469,0.0,250.0,0.0019167018970573562,0.0016665623471773146,0.00014700451717159982,0.00035950779409987376,0.001160050035905841,0.00025013942716647106,0.0,8.41693732120037e-15,6.430553380148765e-15,1.7913266859717892e-14
0,lbfgs,1479,0.0,250.0,0.0015391388401108104,0.0012721133645080332,0.00013664499975480645,0.0003228364816751171,0.0008126318830781096,0.0002670253526901641,0.0,8.165983683188653e-15,7.067239189648118e-15,1.2709265822501184e-14
0,lbfgs,1489,0.0,250.0,0.001364822202454437,0.0012337051883264736,0.00010169585864986709,0.0004154611259711253,0.0007165482037054813,0.00013111689138555816,0.0,5.113700410065416e-15,8.879620494482878e-15,1.0934503371742801e-14
0,lbfgs,1499,0.0,250.0,0.0011934925826637074,0.0010386112793950109,0.00012036426122945765,0.0004340182960970623,0.00048422872206849095,0.0001548811801864007,0.0,7.037469284122036e-15,1.0303572995210713e-14,6.6937282570170135e-15
0,lbfgs,1509,0.0,250.0,0.0010915657643413626,0.0009891633371753293,8.101745589909201e-05,0.0004336701156517516,0.00047447576562448555,0.000102402303988538,0.0,4.260623486747947e-15,1.0666374679959058e-14,6.049366419155612e-15
0,lbfgs,1519,0.0,250.0,0.001035193028030229,0.0009367154281742705,7.709816283094992e-05,0.00046129627652871376,0.0003983209888146069,9.847747666624345e-05,0.0,4.9830767921669965e-15,1.138995627648382e-14,4.9374837067006224e-15
0,lbfgs,1529,0.0,250.0,0.0009455995479421749,0.0008771572674492673,3.042554836433388e-05,0.00042576860111968087,0.0004209631179652526,6.844215727822708e-05,0.0,2.286741801356761e-15,1.02058138157565e-14,4.951922019653241e-15
0,lbfgs,1539,0.0,250.0,0.0008686758605792627,0.0007871899071117878,3.372877154788336e-05,0.000458735909544748,0.0002947252260191565,8.148583014014115e-05,0.0,1.8654160124283976e-15,1.1472933757903543e-14,3.701534226647024e-15
0,lbfgs,1549,0.0,250.0,0.0008427605615542799,0.0007547081266176401,4.2261253905512156e-05,0.0004540433880553881,0.0002584034846567398,8.805231155029778e-05,0.0,2.0295158758815697e-15,1.1224182444171491e-14,2.8700874847949787e-15
0,lbfgs,1559,0.0,250.0,0.0008016879659158188,0.000742027410118949,2.3494776670258752e-05,0.0004373779841861695,0.0002811546492625208,5.9660432550334175e-05,0.0,1.283586620596203e-15,1.067477874090094e-14,3.426511665124669e-15
0,lbfgs,1569,0.0,250.0,0.0006091042192235826,0.0005872940992670986,5.3499843230907446e-05,0.0003547559745067163,0.00017903828152947477,2.180999643584618e-05,0.0,2.9727333205459697e-15,8.458648374929456e-15,1.7473690314645203e-15
0,lbfgs,1579,0.0,250.0,0.0005592999862917918,0.0005215901924538154,8.29738139862506e-05,0.0002837327626461075,0.00015488361582145733,3.770967011875205e-05,0.0,4.81367908460517e-15,6.0489568030571785e-15,1.460823531629567e-15
0,lbfgs,1589,0.0,250.0,0.0004788980861099699,0.00045706045846574553,9.135736207824652e-05,0.00022942122485764777,0.00013628187152985125,2.183750389962015e-05,0.0,5.540593580539353e-15,5.408531001186086e-15,1.113624081333906e-15
0,lbfgs,1599,0.0,250.0,0.00043612434208486133,0.0004197316865842499,0.00010337884241077785,0.00015310376860282706,0.00016324907557064503,1.6392531783193088e-05,0.0,6.270542874381666e-15,3.4697270671824316e-15,1.3111590713969158e-15
0,lbfgs,1609,0.0,250.0,0.00037325475530549637,0.0003606765235687351,8.311252544920227e-05,0.00013944945817681857,0.0001381145399427143,1.2578108000061943e-05,0.0,5.535634591483915e-15,3.3351436944275545e-15,1.1453402405313467e-15
0,lbfgs,1619,0.0,250.0,0.00027694940723346697,0.0002645347483237659,5.01987527830461e-05,8.917068066629674e-05,0.00012516531487442303,1.2414534989834709e-05,0.0,3.570668220102345e-15,2.031045030787425e-15,1.0119103153056764e-15
0,lbfgs,1629,0.0,250.0,0.00023385189701818004,0.00022684848513714504,2.148806208638232e-05,7.718932781121556e-05,0.00012817109523954715,7.00328789281952e-06,0.0,1.4470469871051764e-15,1.5424827148416915e-15,1.0236512745528752e-15
0,lbfgs,1639,0.0,250.0,0.0002155951119312799,0.00020395367925498496,1.3308916946538798e-05,6.161821099583374e-05,0.00012902655131261242,1.1641308608479653e-05,0.0,9.153387212887755e-16,1.2670888529834022e-15,1.0225480794767738e-15
0,lbfgs,1649,0.0,250.0,0.00019245243480465985,0.0001788185722793927,8.25655296394966e-06,5.594528882809909e-05,0.00011461673048734396,1.3633738206569003e-05,0.0,4.914528050104081e-16,1.0187952172354685e-15,8.677095054669768e-16
0,lbfgs,1659,0.0,250.0,0.00016356990032099028,0.00015121078048195658,6.604149150162481e-06,5.1361459655344574e-05,9.324517167644952e-05,1.235899545501441e-05,0.0,4.502383878336691e-16,9.998262804639583e-16,7.642930689020051e-16
0,lbfgs,1669,0.0,250.0,0.00016374997497565976,0.00015304968788034895,1.0295692239726494e-05,4.968503095719751e-05,9.306896468342494e-05,1.070016266262612e-05,0.0,7.312443402611741e-16,9.276618287276133e-16,7.584068147361728e-16
0,lbfgs,1679,0.0,250.0,0.00013923028613327084,0.00013404342862965074,1.1688196490689656e-05,4.116439553183895e-05,8.119083660712212e-05,5.186732951646448e-06,0.0,7.405340562099763e-16,1.0500721410870741e-15,7.736267359783737e-16
0,lbfgs,1689,0.0,250.0,0.00012713138086409417,0.00012240687278440877,1.3348962318962458e-05,2.959437730472157e-05,7.946353316072475e-05,4.724383335615253e-06,0.0,8.597512997431776e-16,6.089494564971262e-16,7.679325171250605e-16
0,lbfgs,1699,0.0,250.0,0.00012624552817611535,0.00012232274226503358,1.2649718518894417e-05,2.9291257655958877e-05,8.03817660901803e-05,3.9226611725267096e-06,0.0,8.014243492337317e-16,6.190451156450582e-16,7.646804152354768e-16
0,lbfgs,1709,0.0,250.0,0.00011169986381816342,0.00010620826221495846,8.03788018140078e-06,2.1147401036357073e-05,7.702298099720061e-05,5.491476635824669e-06,0.0,4.464932383094233e-16,3.797366097446551e-16,6.46028105884687e-16
0,lbfgs,1719,0.0,250.0,9.49366515947944e-05,9.26548085757708e-05,5.845457140732646e-06,1.7347606159113133e-05,6.946174527592503e-05,2.281717837733491e-06,0.0,3.1074059262484097e-16,2.9656739262551007e-16,5.876411392418818e-16
0,lbfgs,1729,0.0,250.0,8.293724699043259e-05,7.95432135300291e-05,5.316379514429274e-06,1.2609192127698134e-05,6.16176418879017e-05,3.3939081759895928e-06,0.0,2.55621630243006e-16,1.8822635530821453e-16,5.371048606733351e-16
0,lbfgs,1739,0.0,250.0,8.13709112030046e-05,7.87773664330512e-05,4.6243346570339785e-06,1.270744737304807e-05,6.144558440296915e-05,2.5934194116134177e-06,0.0,2.3780044194528263e-16,1.5775565501793112e-16,5.528204977617113e-16
0,lbfgs,1749,0.0,250.0,8.012914515141264e-05,7.707792198048307e-05,4.347514010844957e-06,1.2587304145643105e-05,6.0143103823995005e-05,3.051097780201802e-06,0.0,2.1767904377097817e-16,1.1335232828794485e-16,5.433048370530121e-16
0,lbfgs,1759,0.0,250.0,7.031289321826936e-05,6.869039004991781e-05,7.246732144420434e-06,1.5461243853313495e-05,4.598241405218389e-05,1.6223778638191113e-06,0.0,4.0657204254712235e-16,1.6869537920356031e-16,4.2298695458587514e-16
0,lbfgs,1769,0.0,250.0,6.134876639975388e-05,5.874072670710267e-05,3.993289063854243e-06,1.7155921329661324e-05,3.75915163135871e-05,2.60791431945488e-06,0.0,1.9037139371348924e-16,7.767457243285862e-17,3.5110619864189203e-16
0,lbfgs,1779,0.0,250.0,5.126754495940663e-05,4.977931355727978e-05,5.04800722424057e-06,1.259169691033281e-05,3.21396094227064e-05,1.4881059715358158e-06,0.0,2.588304655689338e-16,4.003675953013079e-17,3.0718558849820553e-16
0,lbfgs,1789,0.0,250.0,4.672891434912633e-05,4.585907360275454e-05,5.717099997168464e-06,9.476295545670296e-06,3.0665678059915784e-05,8.697152785625019e-07,0.0,3.3186306764591646e-16,2.585235309151023e-17,2.9151403336370797e-16
0,lbfgs,1799,0.0,250.0,4.5734055694127525e-05,4.500484011018479e-05,6.0099957408047595e-06,1.0387243865248295e-05,2.8607600504131734e-05,7.290900737824671e-07,0.0,3.7040260104487377e-16,2.4201217264845587e-17,2.7638836614405794e-16
0,lbfgs,1809,0.0,250.0,4.491534718887658e-05,4.3617909414198704e-05,5.379017742231617e-06,9.322833981068124e-06,2.891605769089896e-05,1.297312298210298e-06,0.0,3.183506118254214e-16,2.99185007723194e-17,2.8060611707078576e-16
0,lbfgs,1819,0.0,250.0,3.9074063767254944e-05,3.8016902622444856e-05,5.007348192876201e-06,9.920298381078673e-06,2.3089256048489986e-05,1.0570356192402244e-06,0.0,3.0290953269504483e-16,3.605359273064258e-17,2.2906418203387906e-16
0,lbfgs,1829,0.0,250.0,3.1031779475705886e-05,2.9924657717221988e-05,2.8610387075813807e-06,7.014792344200006e-06,2.00488266654406e-05,1.1069962958173584e-06,0.0,1.5719279952430513e-16,2.137339982445418e-17,2.2085724457632862e-16
0,lbfgs,1839,0.0,250.0,2.7809274890851717e-05,2.7134827750031412e-05,2.441385404889683e-06,6.3861720582529825e-06,1.8307270286888746e-05,6.74321574434093e-07,0.0,1.2851724089452258e-16,2.7343879331717528e-17,2.0310425292666882e-16
0,lbfgs,1849,0.0,250.0,2.7571772582012834e-05,2.6821435088943822e-05,2.323202094835694e-06,5.8994374935562645e-06,1.8598795500551866e-05,7.502119382916892e-07,0.0,1.2576658682218376e-16,2.545953604163124e-17,2.0772904382256315e-16
0,lbfgs,1859,0.0,250.0,2.712255379587658e-05,2.6527414123019045e-05,2.5804198513463115e-06,5.831111879510452e-06,1.811588239216228e-05,5.950140941663855e-07,0.0,1.400325683713788e-16,2.6105455735284347e-17,1.9933797849558338e-16
0,lbfgs,1869,0.0,250.0,2.656525452885707e-05,2.575753934465719e-05,2.52825405189764e-06,5.564169875489849e-06,1.7665115417269703e-05,8.075895747819172e-07,0.0,1.319072849621236e-16,3.071502195251856e-17,1.9629908103463106e-16
0,lbfgs,1879,0.0,250.0,2.5813382648510207e-05,2.5391082862448824e-05,2.863323877290476e-06,5.980897176900571e-06,1.6546861808257777e-05,4.2217414987963127e-07,0.0,1.5046855232947161e-16,4.565147979103474e-17,1.806370087169766e-16
0,lbfgs,1889,0.0,250.0,2.453471496083891e-05,2.413577268776106e-05,3.186551973033811e-06,5.059442350628929e-06,1.588977836409832e-05,3.988166557104085e-07,0.0,1.7270012985195485e-16,3.4342310719006906e-17,1.88963367519345e-16
0,lbfgs,1899,0.0,250.0,2.235844554490925e-05,2.1668059305043867e-05,2.393005455634073e-06,5.034117348006231e-06,1.4240936501403563e-05,6.902606257264542e-07,0.0,1.0952781569305621e-16,3.549097808523281e-17,1.64037604984152e-16
0,lbfgs,1909,0.0,250.0,2.1882001410701415e-05,2.150837877953926e-05,2.3577845933784594e-06,4.250672967392769e-06,1.4899921218768033e-05,3.734970249675422e-07,0.0,1.103801593805429e-16,3.4445611929547136e-17,1.7105465439293353e-16
0,lbfgs,1919,0.0,250.0,2.1400880084036516e-05,2.0889360246934974e-05,2.220252329667911e-06,3.966657196160181e-06,1.470245072110688e-05,5.113942171086066e-07,0.0,1.0276543093049431e-16,4.341736540100605e-17,1.6515736496422948e-16
0,lbfgs,1929,0.0,250.0,2.1300700229581325e-05,2.089826370619884e-05,2.1882232107379548e-06,3.8024346078542294e-06,1.4907605887606657e-05,4.0231091619168625e-07,0.0,1.0277942229669045e-16,4.181977360505919e-17,1.6726543270729272e-16
0,lbfgs,1939,0.0,250.0,2.1216992134179643e-05,2.0809224837381017e-05,2.148163276013072e-06,3.960220417214334e-06,1.4700841144153612e-05,4.076416795684449e-07,0.0,1.0237965881974219e-16,4.677564428959939e-17,1.6597707518212905e-16
0,lbfgs,1949,0.0,250.0,2.1146530875539543e-05,2.0656395738899204e-05,2.1495490171882643e-06,4.025498559041228e-06,1.448134816266971e-05,4.900095142821802e-07,0.0,1.0218739632260014e-16,4.815665283186739e-17,1.6207434461792503e-16
0,lbfgs,1959,0.0,250.0,2.1007741253647927e-05,2.0542689448393048e-05,2.095468284555035e-06,4.147093507734095e-06,1.4300127656103917e-05,4.64926178006726e-07,0.0,1.0005414063406365e-16,4.8912287351139196e-17,1.6313247372166996e-16
0,lbfgs,1969,0.0,250.0,2.04831372717636e-05,1.9815260230381944e-05,1.937460429122676e-06,4.274016778056379e-06,1.3603783023202889e-05,6.67751399487331e-07,0.0,1.0014673043231303e-16,4.5069619106445117e-17,1.5232963463865814e-16
0,lbfgs,1979,0.0,250.0,1.9832208769647616e-05,1.9543268959987392e-05,2.068116303274668e-06,4.003260101433978e-06,1.3471892555278744e-05,2.8881416624259815e-07,0.0,1.1695622952464245e-16,3.899861602322782e-17,1.533185764950328e-16
0,lbfgs,1989,0.0,250.0,1.9549393872946572e-05,1.9129299815713576e-05,2.1336698358784523e-06,3.507233935910272e-06,1.3488396043924854e-05,4.1996841091439454e-07,0.0,1.1999145541020546e-16,3.636039663216262e-17,1.5474321868274868e-16
0,lbfgs,1999,0.0,250.0,1.94958993419976e-05,1.9088164952792864e-05,2.061731510019025e-06,3.365597308484011e-06,1.366083613428983e-05,4.0760875340633336e-07,0.0,1.1489463781902374e-16,3.328667298472267e-17,1.5596746645140357e-16
0,lbfgs,2009,0.0,250.0,1.941318440522429e-05,1.9022831116143977e-05,2.0819144675431904e-06,3.276804800314892e-06,1.3664111848285896e-05,3.902276524518278e-07,0.0,1.1643136508439133e-16,3.2812785875457163e-17,1.5600144383190768e-16
0,lbfgs,2019,0.0,250.0,1.9176527100073574e-05,1.885623494992795e-05,1.822314940371958e-06,3.4962855146592128e-06,1.3537634494896779e-05,3.201664821270605e-07,0.0,1.0323294485936072e-16,3.911748522576477e-17,1.5277686118886448e-16
1,adam,0,250.0,600.0,0.023547987808039787,0.01766099078833385,0.000177177955615798,0.004345591008287637,0.013138221824430417,0.005886996929444614,0.0,1.3257037896092807e-14,7.402807238109984e-18,6.921420537349372e-17
1,adam,24,250.0,600.0,0.016858209983093776,0.014007101720537523,1.642444815355312e-05,0.001958679108602111,0.012031998163781858,0.002851108170480452,0.0,7.654926311592532e-16,3.047862811841183e-18,5.61691509641076e-17
1,adam,49,250.0,600.0,0.006039149325225955,0.0046444877040702085,1.6604974619674129e-06,0.0004821653100225398,0.004160661896585701,0.001394661524534658,0.0,7.857839342595658e-17,4.1378724774970106e-19,5.817138619777196e-18
1,adam,74,250.0,600.0,0.002787743624987251,0.0021148389918079504,1.0264308644974796e-06,0.0008745633177867963,0.0012392492431566567,0.0006729045319678533,0.0,5.248764557224431e-17,1.7133390850777705e-19,1.465447612596123e-18
1,adam,99,250.0,600.0,0.00042437800800427714,0.00033307517112825486,4.415079102277302e-07,3.125245948561635e-05,0.00030138120373241075,9.13027317896915e-05,0.0,2.87659705125828e-17,1.9239142914506136e-20,2.5541280449773466e-19
1,adam,124,250.0,600.0,0.00016187186372486928,0.00011369921484118836,4.799628375076254e-07,7.053812345871537e-05,4.268112854496536e-05,4.817254234742345e-05,0.0,3.2713021090607854e-17,6.155071339372235e-21,4.945705783900723e-20
1,adam,149,250.0,600.0,0.00020624232136911492,0.00013698299781434516,4.105868753234681e-07,0.00011468370065380143,2.1888710285220273e-05,6.925921648659065e-05,0.0,2.755795167505116e-17,3.3808523459385945e-21,1.6501363626571992e-20
1,adam,174,250.0,600.0,5.414824872966998e-05,3.6015614186238076e-05,8.038087623820895e-07,2.4595072193819398e-05,1.0616733230036588e-05,1.8132527187651747e-05,0.0,4.9007646134383466e-17,1.2436426495537168e-21,9.171827495554916e-21
1,adam,199,250.0,600.0,0.0005237630292109669,0.00035746449722243596,3.8280960607959354e-07,0.00031722264808562545,3.985903953073091e-05,0.00016629842446230284,0.0,2.5161243267351186e-17,1.3730658756694333e-21,1.1574452335435224e-20
1,adam,224,250.0,600.0,3.749772162696233e-05,2.422060972577447e-05,1.1381948617866288e-06,1.6922657474500432e-05,6.159757389487412e-06,1.3277004329088115e-05,0.0,6.485937095737493e-17,7.513102865628934e-22,5.61928978964913e-21
1,adam,249,250.0,600.0,7.013501200820891e-05,4.6311470810552936e-05,3.4024369978658503e-07,3.908701713621068e-05,6.884209974555669e-06,2.3823433624057873e-05,0.0,2.1630681840986188e-17,1.0446257005611955e-21,5.660812990099675e-21
1,adam,274,250.0,600.0,2.9293707230181508e-05,2.0974895808927853e-05,2.4897002166296137e-07,1.612181868983602e-05,4.604107097428873e-06,8.31870371186592e-06,0.0,1.6065215653629947e-17,1.5704112713053818e-22,4.218323303372917e-21
1,adam,299,250.0,600.0,0.00045262720418399387,0.0003038043217688351,1.9725736456864753e-06,0.0002816919321598899,2.013981596325875e-05,0.0001488227749126839,0.0,1.0118818174896266e-16,3.728116596857565e-21,6.6900313958719536e-21
1,adam,324,250.0,600.0,3.8453284616590474e-05,2.532698068089015e-05,1.9840876933651155e-07,2.064705158770282e-05,4.481520323850818e-06,1.3126196402764816e-05,0.0,1.25510957613507e-17,6.287030325727065e-22,4.040462118744359e-21
1,adam,349,250.0,600.0,1.1048548517413205e-05,7.635990941714462e-06,1.396238380899814e-06,3.34921704397063e-06,2.8905355168440186e-06,3.4124498308450457e-06,0.0,7.96805534114748e-17,9.984245104430468e-23,9.850359334801684e-22
1,adam,374,250.0,600.0,0.001215675701598901,0.0008276379547826248,1.1317559817976547e-06,0.0007521772589379683,7.432893986285875e-05,0.000388037639009843,0.0,6.597588678693475e-17,3.613297293835582e-21,6.810296343749348e-21
1,adam,399,250.0,600.0,4.677294061032537e-05,3.302283690102205e-05,4.863457724914294e-07,2.379420997521062e-05,8.742281153320006e-06,1.3749996051285483e-05,0.0,2.882322912779404e-17,1.9443913925124888e-22,5.133603034778704e-21
1,adam,424,250.0,600.0,1.5877806286242373e-05,1.1289122775611436e-05,1.4064475261353153e-07,1.017252244662765e-05,9.759555763702547e-07,4.588575689580302e-06,0.0,8.603935683879221e-18,5.890087911742077e-23,9.22144282335548e-22
1,adam,449,250.0,600.0,0.00017538687573021418,0.00011695038394937327,1.1407513842935005e-06,0.00010716722494460854,8.642407620471237e-06,5.8436384010417216e-05,0.0,6.726575025793609e-17,1.1246586741731243e-21,1.720083551874321e-21
1,adam,474,250.0,600.0,3.867494144589861e-05,2.540096215723709e-05,1.1594382837597897e-07,2.240911975956531e-05,2.875898569295798e-06,1.3273871545973817e-05,0.0,7.111051622061474e-18,3.2598246156836337e-22,1.3548396789686329e-21
1,adam,499,250.0,600.0,0.0007580488838308033,0.0005095585548579239,1.220203301170854e-07,0.0004618738775937295,4.756265693407732e-05,0.00024849022120125786,0.0,7.106840173355503e-18,3.423354115590349e-21,7.413512953427218e-22
1,adam,524,250.0,600.0,7.651024842301073e-05,5.121602209885946e-05,1.9699726571185105e-06,4.4679294431212515e-05,4.566755010528432e-06,2.5294118606519153e-05,0.0,1.125967529035944e-16,4.860710236339534e-22,1.0942936355041214e-21
1,adam,549,250.0,600.0,0.001220010278427712,0.0008226790680412275,2.659482175580411e-07,0.0007363613006643008,8.60518191593687e-05,0.00039733110258910123,0.0,1.5827205672721386e-17,4.883659162187401e-21,9.206725071714163e-22
1,adam,574,250.0,600.0,9.252755467502887e-05,6.18104066008213e-05,2.4721612881587425e-07,5.691071750471071e-05,4.65247296729471e-06,3.0717040419745775e-05,0.0,1.445264066153675e-17,6.329709625344186e-22,1.3340069574586655e-21
1,adam,599,250.0,600.0,7.464577280523184e-05,4.975428794365082e-05,2.2799841301885076e-07,4.337692307081249e-05,6.149366459819484e-06,2.4891377089985552e-05,0.0,1.2510231503702358e-17,2.8908505400236614e-22,2.0470786309251901e-22
1,adam,624,250.0,600.0,0.00010209406548977569,7.155143997881879e-05,6.0144736887839426e-06,5.8595004681516185e-05,6.941961608518673e-06,3.05425181679922e-05,0.0,3.1346406663883563e-16,1.7734261564931433e-21,9.926829763135028e-21
1,adam,649,250.0,600.0,5.718104762291925e-05,3.8336896613022374e-05,8.272642676623803e-07,3.1142608418911526e-05,6.367023926448471e-06,1.884404350679562e-05,0.0,4.4182017154147144e-17,1.965465169151689e-22,1.6201238026924698e-22
1,adam,674,250.0,600.0,5.659303761957882e-06,4.042946993969988e-06,3.9143985628492115e-08,3.352341131226195e-06,6.51461877115301e-07,1.616249153435799e-06,0.0,2.457988948764969e-18,2.3027750316557494e-23,3.5143609808550694e-22
1,adam,699,250.0,600.0,7.945703149037649e-05,5.441112713018507e-05,3.803075677506974e-08,4.9867393336812206e-05,4.505703036597797e-06,2.504579668049453e-05,0.0,2.369759283416774e-18,3.0308129267120823e-22,3.970524741664445e-22
1,adam,724,250.0,600.0,0.00020726437606658475,0.00014238242571924583,7.877988341085595e-07,0.00010556262165326634,3.6032005231870936e-05,6.488184299598361e-05,0.0,4.1600598131992023e-17,4.849977638484683e-22,8.730590897522588e-21
1,adam,749,250.0,600.0,2.122002623604585e-06,1.4239062530691638e-06,5.7333687402990693e-08,6.695748417546324e-07,6.969977239115406e-07,6.979888618662207e-07,0.0,3.222395499838451e-18,8.204008569902505e-24,2.0913757871585498e-22
1,adam,774,250.0,600.0,1.3576755538658504e-05,9.539615305872839e-06,9.05510452290635e-08,8.50894935066164e-06,9.40114909982135e-07,4.037032629028876e-06,0.0,5.297579789539175e-18,6.513935388288364e-23,1.7130587752929825e-22
1,adam,799,250.0,600.0,0.00015559854922881026,0.00010716133244106209,3.385457701971944e-08,7.802823695375584e-05,2.909924091028653e-05,4.843710931940737e-05,0.0,1.9017660419434556e-18,3.5415778551129705e-22,6.054522676882462e-21
1,adam,824,250.0,600.0,0.0001930377432971343,0.0001310121566307712,3.084202095972957e-07,0.00011454305975482853,1.6160676666345346e-05,6.202547911905601e-05,0.0,1.6446242609742902e-17,5.806082597918441e-22,2.0256845651970673e-22
1,adam,849,250.0,600.0,9.872013392036204e-05,6.791615553063822e-05,7.561449060777756e-07,5.718161497713892e-05,9.978395647421518e-06,3.0803870898445566e-05,0.0,4.002472761253002e-17,2.7320313907190294e-22,1.4050563768951371e-21
1,adam,874,250.0,600.0,3.4371751267175125e-05,2.382180369680108e-05,4.6790618819598405e-07,2.1101215606529768e-05,2.252681902075328e-06,1.0549839994669784e-05,0.0,2.6036934770534356e-17,1.487172042378909e-22,1.7871467130456447e-22
1,adam,899,250.0,600.0,0.0002500653510966368,0.00017202368676400007,1.1475893614185466e-06,0.00016360492319883823,7.2711742037432965e-06,7.804155699591656e-05,0.0,6.405498194993577e-17,1.6656475766757922e-21,2.001855569952426e-21
1,adam,924,250.0,600.0,4.171099374814329e-05,2.9003491171880515e-05,9.547049514019601e-07,2.2994029932216452e-05,5.054756288262105e-06,1.2707395162722193e-05,0.0,5.1355067591376185e-17,1.124564823725942e-22,8.610193723605949e-22
1,adam,949,250.0,600.0,0.0003011053889731436,0.00020588855568654484,1.2211905892702583e-08,0.0001856871382004365,2.018920558021564e-05,9.521672579456798e-05,0.0,6.95098888517258e-19,1.0785495308997681e-21,8.268236320616664e-22
1,adam,974,250.0,600.0,0.00015550059785350998,0.00010558341449418777,5.759014450085723e-08,9.462348492520973e-05,1.0902339424477179e-05,4.991707596202564e-05,0.0,2.9930344678828905e-18,5.320608743960545e-22,9.495283741533028e-23
1,adam,999,250.0,600.0,4.0392233903956414e-05,2.7491042504882902e-05,2.214635255188531e-08,2.500439312982227e-05,2.464503022508746e-06,1.2901083951364207e-05,0.0,1.271919018388241e-18,1.238043336811402e-22,2.7432149501739095e-23
1,adam,1024,250.0,600.0,0.0002922727203524655,0.00020093514634447347,3.7398939905440964e-08,0.0001573205704634152,4.3577176941152824e-05,9.133746682053288e-05,0.0,2.0073641459611164e-18,6.157256365122585e-22,7.289084501599479e-21
1,adam,1049,250.0,600.0,7.659355156374491e-06,5.376891961214891e-06,4.4966100532940894e-08,4.6885242856770885e-06,6.43401575004861e-07,2.2823559259895327e-06,0.0,2.4077600478415765e-18,5.992096341828332e-23,4.293139497207504e-22
1,adam,1074,250.0,600.0,4.54378936561124e-06,3.146171527783906e-06,2.9314430679558855e-07,2.3960170339144067e-06,4.5701018707391054e-07,1.3975104857129455e-06,0.0,1.565333798324047e-17,8.482579087601407e-24,9.332033633558002e-24
1,adam,1099,250.0,600.0,0.00025414690734321436,0.00017476146379473173,4.557888563388167e-07,0.0001359577631102503,3.834791182814262e-05,7.93853363115437e-05,0.0,2.4334617009002776e-17,5.39694837104439e-22,5.274287767821077e-21
1,adam,1124,250.0,600.0,1.6660606779353193e-05,1.163058395738922e-05,5.120043578984786e-07,1.0205320036830644e-05,9.13259562660097e-07,5.029915603962663e-06,0.0,2.754315897492773e-17,1.0367058996044268e-22,3.9225346528318316e-22
1,adam,1149,250.0,600.0,8.213825617737161e-05,5.61545458741611e-05,5.597069887237102e-07,4.987200466619877e-05,5.722834219238619e-06,2.598360300992992e-05,0.0,3.1128623491256367e-17,2.2782548684526707e-22,1.0110674903093981e-22
1,adam,1174,250.0,600.0,1.168540573743731e-06,9.798048155032802e-07,7.652380451362227e-08,1.0877163976135868e-07,7.945093712282993e-07,1.886285689693573e-07,0.0,4.37487220329704e-18,4.8642022789856866e-24,2.5637190448476203e-22
1,adam,1199,250.0,600.0,7.3379230933634435e-06,5.794114665396764e-06,9.547273406074336e-07,8.182222966493306e-07,4.02116502814e-06,1.5437012984546028e-06,0.0,5.049418985679534e-17,4.9666989879298214e-23,1.5590284752034835e-21
1,adam,1224,250.0,600.0,1.69274331416971e-06,1.2333810397733208e-06,7.290893871295725e-08,8.993852908161378e-07,2.6108681024422584e-07,4.592550823407043e-07,0.0,3.88923649836657e-18,5.2383089382779765e-24,7.312613365034731e-23
1,adam,1249,250.0,600.0,8.395594292686207e-05,5.7176551496893545e-05,1.969929226452453e-08,5.2297359004806424e-05,4.8594931998225954e-06,2.6779284219093118e-05,0.0,1.0337204103653102e-18,2.712279548737123e-22,5.35065351800222e-23
1,adam,1274,250.0,600.0,0.00014517397971214893,9.835508959197519e-05,2.126733979465936e-07,8.767444149470772e-05,1.0467974699320866e-05,4.6818782929352146e-05,0.0,1.196831253455477e-17,4.412628643495645e-22,1.6772949799559726e-22
1,adam,1299,250.0,600.0,0.00027794851767806814,0.00018946948639847716,7.951268376099654e-06,0.00016630075373035065,1.521746429202685e-05,8.847892419569178e-05,0.0,4.0811918952100954e-16,9.617161516147147e-22,6.487894009562598e-22
1,adam,1324,250.0,600.0,8.473151656183181e-05,5.694062885103923e-05,1.6633273177586088e-06,4.7759055306878124e-05,7.51824622640249e-06,2.77907806075365e-05,0.0,8.820281678981641e-17,2.0468211805827133e-22,2.491235159607831e-22
1,adam,1349,250.0,600.0,3.795842549085835e-05,2.572010823765449e-05,3.830627418268126e-08,2.2827046080846824e-05,2.854755882624987e-06,1.223821017228974e-05,0.0,2.2362800017423845e-18,1.1212708527295038e-22,4.2195163380130627e-23
1,adam,1374,250.0,600.0,0.00014301624235737702,9.752212619437108e-05,1.1918182415570161e-08,8.40578022702102e-05,1.3452405741745321e-05,4.549400909188556e-05,0.0,6.515434664568616e-19,4.275261294476026e-22,9.36363534038141e-22
1,adam,1399,250.0,600.0,4.398170566288249e-06,2.9125223633431394e-06,8.084282403993236e-09,2.3369685209972254e-06,5.67469559941921e-07,1.4855411180938969e-06,0.0,4.2549667990766845e-19,1.6829208560316883e-23,4.838536295019527e-23
1,lbfgs,1400,250.0,600.0,6.283214940270961e-06,4.341006003169727e-06,6.8221668982305946e-09,3.969542168565091e-06,3.6464166770640523e-07,1.9421018512023537e-06,0.0,3.6020291403137775e-19,5.919131726215981e-23,5.476774772688121e-23
1,lbfgs,1409,250.0,600.0,2.895742419398458e-07,2.00880404167522e-07,6.83245272928022e-09,5.831080377416485e-08,1.3573714766407692e-07,8.858675187387945e-08,0.0,3.6075911073773824e-19,1.8096446192282757e-23,4.26666231270754e-23
1,lbfgs,1419,250.0,600.0,2.658534971280204e-07,1.97731397863966e-07,7.440179364191476e-09,6.37772339359849e-08,1.2651398456378964e-07,6.801501339876892e-08,0.0,3.9145622073710946e-19,1.590443367501672e-23,3.824138183325874e-23
1,lbfgs,1429,250.0,600.0,2.2233805788706474e-07,1.927359714527467e-07,8.122477956762917e-09,3.910406409799198e-08,1.455094293979918e-07,2.949500066418811e-08,0.0,4.2638537006299055e-19,8.467292467887593e-24,4.0435907949077934e-23
1,lbfgs,1439,250.0,600.0,2.191123421826129e-07,1.9254664296704008e-07,6.481312230027164e-09,3.7341776558474073e-08,1.4872355417853885e-07,2.64586134523329e-08,0.0,3.436646194752182e-19,7.6798043919293e-24,4.231539275004296e-23
1,lbfgs,1449,250.0,600.0,1.7832547613726713e-07,1.458021363256508e-07,5.7215877646178274e-09,3.6345456945112876e-08,1.037350916159201e-07,3.241625373273889e-08,0.0,3.019697384369462e-19,9.128606168665073e-24,3.2406794053921474e-23
1,lbfgs,1459,250.0,600.0,1.5185306455237263e-07,1.2091740389689992e-07,4.966701449337149e-09,3.139676504846342e-08,8.455393739909935e-08,3.082857357368884e-08,0.0,2.628045733268112e-19,1.1138286923394276e-23,3.520279122479599e-23
1,lbfgs,1469,250.0,600.0,1.4505753590395092e-07,1.165522570002008e-07,4.646735176936307e-09,3.016693315924866e-08,8.173858866401584e-08,2.839819113483837e-08,0.0,2.432958523222997e-19,9.845843137736222e-24,3.5383643401280023e-23
1,lbfgs,1479,250.0,600.0,1.1653093708612165e-07,9.950796382132832e-08,3.4464353151203224e-09,3.508482643212391e-08,6.097670207408409e-08,1.691588239051707e-08,0.0,1.7111323497066179e-19,1.072844296644266e-23,2.451799865762755e-23
1,lbfgs,1489,250.0,600.0,9.348482151529973e-08,8.324718636912553e-08,7.957880970695032e-09,2.1721805546819217e-08,5.3567499851611276e-08,1.0130541029661343e-08,0.0,3.928636483929727e-19,6.751911655501308e-24,1.9159071443747518e-23
1,lbfgs,1499,250.0,600.0,1.0523434626452897e-07,9.507265556242994e-08,1.4627459977795664e-08,2.481064483889557e-08,5.5634550745738716e-08,1.005459549026861e-08,0.0,7.18355954307006e-19,6.251420808279654e-24,2.284516970406776e-23
1,lbfgs,1509,250.0,600.0,6.831137808094121e-07,4.581063386285924e-07,1.481390850428435e-07,1.7536771959371858e-07,1.345995339920303e-07,2.2490034763631775e-07,0.0,8.30158230990307e-18,1.9900976288513027e-23,3.512783687533991e-23
1,lbfgs,1519,250.0,600.0,1.0238075357042388e-07,9.270687160981062e-08,1.3597378193253306e-08,2.3880142251659075e-08,5.5229351164898244e-08,9.5667867049838e-09,0.0,6.676250567081596e-19,6.197197108863853e-24,2.2523071703331738e-23
1,lbfgs,1529,250.0,600.0,5.805951425545422e-07,3.907473568115491e-07,1.2264566040298837e-07,1.4811491778023716e-07,1.1998677862832352e-07,1.8974069109594363e-07,0.0,6.888310340515098e-18,1.7662366217265906e-23,3.1008178565000726e-23
1,lbfgs,1539,250.0,600.0,1.0021997683721624e-07,9.088575879539293e-08,1.2790437263289236e-08,2.3173270035405757e-08,5.492205149669794e-08,9.227122747273154e-09,0.0,6.281133618667249e-19,6.155471691330253e-24,2.2268475435369855e-23
1,lbfgs,1549,250.0,600.0,5.038228216474061e-07,3.404780873334885e-07,1.0365228167500175e-07,1.2774902506906468e-07,1.0907678058942206e-07,1.6323763957984118e-07,0.0,5.83262584848763e-18,1.5971562417369858e-23,2.8029725523913383e-23
1,lbfgs,1559,250.0,600.0,9.85690536467978e-08,8.947264832812494e-08,1.2152216602486804e-08,2.263252779762852e-08,5.4687903928009607e-08,8.989309989418378e-09,0.0,5.970294151113137e-19,6.1227619665113164e-24,2.206771108029084e-23
1,lbfgs,1569,250.0,600.0,4.459677326998669e-07,3.027218718149416e-07,8.940853816816014e-08,1.1243320642167017e-07,1.0088012722511126e-07,1.4313876607693282e-07,0.0,5.03898022246023e-18,1.4686634018002275e-23,2.5862606416422266e-23
1,lbfgs,1579,250.0,600.0,9.729468902253459e-08,8.836635180947961e-08,1.164211047453548e-08,2.2215625532432607e-08,5.450861580251153e-08,8.82124185274637e-09,0.0,5.723042373865217e-19,6.096594174008294e-24,2.1909883415607933e-23
1,lbfgs,1589,250.0,600.0,4.020613477993695e-07,2.7415982197096874e-07,7.864741411109919e-08,1.0083393038152405e-07,9.467847747834552e-08,1.277944309575101e-07,0.0,4.437982155177189e-18,1.370354274151795e-23,2.4273009495269423e-23
1,lbfgs,1599,250.0,600.0,9.629941180553556e-08,8.749152618752206e-08,1.1229629592731969e-08,2.1891322880992487e-08,5.4370573713797607e-08,8.700790229816619e-09,0.0,5.523951920411375e-19,6.075211188788411e-24,2.1786227130441891e-23
1,lbfgs,1609,250.0,600.0,3.6847442111741937e-07,2.523763329053259e-07,7.044864045489426e-08,9.197915552965996e-08,8.994853692077168e-08,1.1599099328751158e-07,0.0,3.9790717913953814e-18,1.2945664189069946e-23,2.3095338236640763e-23
1,lbfgs,1619,250.0,600.0,9.551171272125424e-08,8.679181073547111e-08,1.089176678557371e-08,2.1636454340093064e-08,5.426358960980433e-08,8.612806572448459e-09,0.0,5.361464619349623e-19,6.0573634772115116e-24,2.1689658789343365e-23
1,lbfgs,1629,250.0,600.0,3.4254675792553103e-07,2.3560749865183463e-07,6.41417235623846e-08,8.515782000300106e-08,8.630795508644898e-08,1.0683216430307425e-07,0.0,3.6253022193620025e-18,1.2356338123256506e-23,2.2212389190198726e-23
1,lbfgs,1639,250.0,600.0,9.487897479958977e-08,8.622489482849667e-08,1.0611100449703803e-08,2.14337869401829e-08,5.4180007438609964e-08,8.54698453501314e-09,0.0,5.22688869648002e-19,6.042159448827232e-24,2.1614455909780286e-23
1,lbfgs,1649,250.0,600.0,3.223224689613985e-07,2.2256143050193621e-07,5.9236723083700207e-08,7.98481187899121e-08,8.347658862832393e-08,9.965394344912611e-08,0.0,3.34960077663728e-18,1.1893528648602358e-23,2.1541211559693974e-23
1,lbfgs,1659,250.0,600.0,9.436237821301083e-08,8.575893737290636e-08,1.037441144657738e-08,2.1270466513287246e-08,5.411405941304174e-08,8.496345383361528e-09,0.0,5.113671651337079e-19,6.028958840724641e-24,2.1556015083482062e-23
1,lbfgs,1669,250.0,600.0,3.0635952194225947e-07,2.12289263579898e-07,5.537461001950556e-08,7.566602268847807e-08,8.124863087191436e-08,9.396316331752081e-08,0.0,3.132078205215981e-18,1.1525965890040698e-23,2.1023035390574547e-23
1,lbfgs,1679,250.0,600.0,9.393321084715129e-08,8.53699395088104e-08,1.0171660291413871e-08,2.1136883255300364e-08,5.406139596209616e-08,8.456175862747087e-09,0.0,5.016866322393749e-19,6.0172974224186065e-24,2.1510658615537148e-23
1,lbfgs,1689,250.0,600.0,2.9359203826597364e-07,2.040921666078706e-07,5.229154016655538e-08,7.232814234474008e-08,7.947248409657513e-08,8.939277658303531e-08,0.0,2.9580849863940076e-18,1.1230337369412836e-23,2.061612706087027e-23
1,lbfgs,1699,250.0,600.0,9.357018556659517e-08,8.503979711583838e-08,9.995220916758645e-09,2.102583840487706e-08,5.401873779420266e-08,8.423292957887879e-09,0.0,4.932734442995114e-19,6.006834364899891e-24,2.1475472456189835e-23
1,lbfgs,1709,250.0,600.0,2.832302829360486e-07,1.9745406724592733e-07,4.979306512001572e-08,6.962482324464299e-08,7.803617888126864e-08,8.56691205883323e-08,0.0,2.8168031096569117e-18,1.0989230074656182e-23,2.0290746650224352e-23
1,lbfgs,1719,250.0,600.0,9.325748269422385e-08,8.475484554032535e-08,9.839301043291731e-09,2.0931929168514702e-08,5.3983615328518925e-08,8.395541645123072e-09,0.0,4.858449700695961e-19,5.997315791000802e-24,2.1448167125724775e-23
1,lbfgs,1729,250.0,600.0,2.7468775470030623e-07,1.919928295789905e-07,4.77354661483052e-08,6.740057909694393e-08,7.685678433374137e-08,8.25878299956775e-08,0.0,2.7002230535704644e-18,1.078961461718034e-23,2.0025604831151877e-23
1,lbfgs,1739,250.0,600.0,9.29833172885321e-08,8.450476602450061e-08,9.699501095034707e-09,2.085109306170942e-08,5.395417186775649e-08,8.371455740536273e-09,0.0,4.79187400491273e-19,5.98854968254076e-24,2.1426958093834587e-23
1,lbfgs,1749,250.0,600.0,2.675278649638324e-07,1.8742472305151337e-07,4.6012208518967997e-08,6.553981547920863e-08,7.587269905333675e-08,7.999604676518507e-08,0.0,2.6023987957701018e-18,1.0621724371624172e-23,1.9805380757946546e-23
1,lbfgs,1759,250.0,600.0,9.273888782156072e-08,8.428176143951663e-08,9.572477780931407e-09,2.0780269480551663e-08,5.3929014178033564e-08,8.35003084485631e-09,0.0,4.731388411218438e-19,5.980388626568539e-24,2.1410464056971025e-23
1,lbfgs,1769,250.0,600.0,2.614248327312882e-07,1.8353849256211332e-07,4.4544084595934615e-08,6.395638200770567e-08,7.503802595847303e-08,7.777924500247668e-08,0.0,2.518903943114935e-18,1.0478224354718562e-23,1.9618984671622588e-23
1,lbfgs,1779,250.0,600.0,9.25176030516202e-08,8.407993439198966e-08,9.455687630884517e-09,2.0717147906161402e-08,5.390709885494375e-08,8.330573109637678e-09,0.0,4.675765268858517e-19,5.972717901787412e-24,2.139762194438094e-23
1,lbfgs,1789,250.0,600.0,2.5613494837975267e-07,1.801763933257882e-07,4.327202431258218e-08,6.258590919787349e-08,7.431845981533253e-08,7.585145986929032e-08,0.0,2.4464338911614297e-18,1.0353594085178135e-23,1.9458340584575084e-23
1,lbfgs,1799,250.0,600.0,9.231451237619513e-08,8.389481815563134e-08,9.347191888438221e-09,2.065998031958954e-08,5.388764594760359e-08,8.312598658531212e-09,0.0,4.624071620189798e-19,5.965447173479413e-24,2.138761722678868e-23
1,lbfgs,1809,250.0,600.0,2.5147540058007084e-07,1.7722027759555452e-07,4.215183410865882e-08,6.138017134179023e-08,7.368827214510549e-08,7.414802778317555e-08,0.0,2.3825139640299406e-18,1.0243668503266435e-23,1.9317530486304874e-23
1,lbfgs,1819,250.0,600.0,9.212588529488133e-08,8.372302314029406e-08,9.245508459791655e-09,2.0607441269140747e-08,5.387007341136165e-08,8.295766581173785e-09,0.0,4.575596312380903e-19,5.958504621623917e-24,2.137982775028747e-23
1,lbfgs,1829,250.0,600.0,2.473086567633763e-07,1.745813700765064e-07,4.1150339368942e-08,6.030293367036121e-08,7.312809703720321e-08,7.262019146994525e-08,0.0,2.3252849575303696e-18,1.0145296416767326e-23,1.9192190362657616e-23
1,lbfgs,1839,250.0,600.0,9.194890046059503e-08,8.356197077501905e-08,9.149499900312268e-09,2.055852337097342e-08,5.3853947503733366e-08,8.279834101347737e-09,0.0,4.529795105723788e-19,5.951832716663475e-24,2.1373779167375084e-23
1,lbfgs,1849,250.0,600.0,2.435309178569833e-07,1.7219273560113023e-07,4.024254818363191e-08,5.932688632944064e-08,7.262330108805769e-08,7.123108702424277e-08,0.0,2.273345180622335e-18,1.0056086147189805e-23,1.907908166156292e-23
1,lbfgs,1859,250.0,600.0,9.17814154580373e-08,8.340969346615742e-08,9.058288909301932e-09,2.0512459189225922e-08,5.3838945367629566e-08,8.264626397322651e-09,0.0,4.486249418889197e-19,5.945385121499986e-24,2.1369110039184997e-23
1,lbfgs,1869,250.0,600.0,2.400635659544689e-07,1.7000371545105795e-07,3.940955994167127e-08,5.843137543819802e-08,7.216278007118865e-08,6.995275525786285e-08,0.0,2.225633807705673e-18,9.974215876618238e-24,1.8975785432206514e-23
1,lbfgs,1879,250.0,600.0,9.162179589511265e-08,8.32646841710345e-08,8.971194630108209e-09,2.0468662688514312e-08,5.382482685241197e-08,8.250016119608126e-09,0.0,4.444635327955801e-19,5.939124374499787e-24,2.136554475150225e-23
1,lbfgs,1889,250.0,600.0,2.368468222462802e-07,1.6797581153190826e-07,3.863702042373323e-08,5.760072200133969e-08,7.173806910683533e-08,6.876391545551105e-08,0.0,2.181344608477499e-18,9.898292202931995e-24,1.8880482858494066e-23
1,lbfgs,1899,250.0,600.0,9.146878849553146e-08,8.312578349698576e-08,8.8876847779255e-09,2.042668533410783e-08,5.381141338495243e-08,8.235909384519038e-09,0.0,4.404700330333044e-19,5.9330201238504666e-24,2.136287271741542e-23
1,lbfgs,1909,250.0,600.0,2.3383503463185023e-07,1.6607963439895451e-07,3.791397765430467e-08,5.682297379048809e-08,7.134268295416175e-08,6.764830496124648e-08,0.0,2.139861994302725e-18,9.82724450761814e-24,1.879179685989246e-23
1,lbfgs,1919,250.0,600.0,9.13214265599002e-08,8.299209483159945e-08,8.807339632330023e-09,2.03861830623941e-08,5.3798572136875336e-08,8.22223610502189e-09,0.0,4.366245907562267e-19,5.9270477588685076e-24,2.1360932478712187e-23
1,lbfgs,1929,250.0,600.0,2.309931683345258e-07,1.642926342972816e-07,3.723203222531326e-08,5.608897654845355e-08,7.097162552351477e-08,6.659343875324838e-08,0.0,2.100713486419188e-18,9.76024592921866e-24,1.8708677105046412e-23
1,lbfgs,1939,250.0,600.0,9.117895950815989e-08,8.286292061183796e-08,8.729825001505154e-09,2.03468914042208e-08,5.3786204206112e-08,8.208943264050928e-09,0.0,4.329114460530227e-19,5.921187333185792e-24,2.1359599641167133e-23
1,lbfgs,1949,250.0,600.0,2.2829419176094303e-07,1.6259741340380803e-07,3.658470587213707e-08,5.53916826444724e-08,7.062102488719855e-08,6.558968306116648e-08,0.0,2.063534370033461e-18,9.696654249955975e-24,1.8630316201784788e-23
1,lbfgs,1959,250.0,600.0,9.104080018821926e-08,8.273771435577089e-08,8.654871882910049e-09,2.0308606676883477e-08,5.3774235795977356e-08,8.195990191407236e-09,0.0,4.293179499898451e-19,5.91542270670931e-24,2.1358777737064732e-23
1,lbfgs,1969,250.0,600.0,2.2571711953424212e-07,1.609804638860159e-07,3.596696977088674e-08,5.472563391571491e-08,7.028786019941426e-08,6.46295603406028e-08,0.0,2.028041274683947e-18,9.635967464427629e-24,1.8556088177352278e-23
1,lbfgs,1979,250.0,600.0,9.090648542876916e-08,8.261604455657327e-08,8.582261166069522e-09,2.0271171738577858e-08,5.376261165192589e-08,8.183345222574047e-09,0.0,4.2583382827945077e-19,5.909740854914823e-24,2.135839133710503e-23
1,lbfgs,1989,250.0,600.0,2.232455525586467e-07,1.594312273704805e-07,3.53748932539416e-08,5.408657617371809e-08,6.996975794282082e-08,6.370722986915934e-08,0.0,1.994012489646705e-18,9.577790506579638e-24,1.8485503287914858e-23
1,lbfgs,1999,250.0,600.0,9.077564649130945e-08,8.249756751248886e-08,8.51181213306527e-09,2.0234465183650107e-08,5.3751290195773483e-08,8.170983320779788e-09,0.0,4.224506288897169e-19,5.904131308011711e-24,2.1358380883340574e-23
1,lbfgs,2009,250.0,600.0,2.2086657682512871e-07,1.579413861439667e-07,3.480537928323513e-08,5.347116867758817e-08,6.966483818314338e-08,6.281809535100491e-08,0.0,1.9612731347866534e-18,9.521810052489229e-24,1.8418174463898892e-23
1,lbfgs,2019,250.0,600.0,9.064798682304713e-08,8.238200678900746e-08,8.44337377271513e-09,2.019839310364327e-08,5.374023991264905e-08,8.158884367718008e-09,0.0,4.1916130566421867e-19,5.898585692665842e-24,2.1358698805003553e-23
1,lbfgs,2029,250.0,600.0,2.185699406697361e-07,1.5650433391211213e-07,3.425596707874203e-08,5.287676728430144e-08,6.937159954906866e-08,6.195851141651796e-08,0.0,1.929684091660045e-18,9.467775621119947e-24,1.8353792498676242e-23
1,lbfgs,2039,250.0,600.0,9.052326525187808e-08,8.226913765026267e-08,8.376818198981523e-09,2.016288278157812e-08,5.3729436669703024e-08,8.147031927130962e-09,0.0,4.1595990348953964e-19,5.8930973555436406e-24,2.1359306599148623e-23
1,lbfgs,2049,250.0,600.0,2.1634743142492795e-07,1.551147750667762e-07,3.372468278427265e-08,5.230126032018102e-08,6.908883196232251e-08,6.11255610062718e-08,0.0,1.899133625655423e-18,9.415485194389559e-24,1.829210747265595e-23
1,lbfgs,2059,250.0,600.0,9.040128334978814e-08,8.215877531950037e-08,8.312035690134283e-09,2.0127877880747003e-08,5.371886174861909e-08,8.135412347741631e-09,0.0,4.1284132161300653e-19,5.88766105283166e-24,2.1360172662537686e-23
1,lbfgs,2069,250.0,600.0,2.141924064245052e-07,1.5376842330218645e-07,3.320992723897506e-08,5.1742945238114555e-08,6.881555082509683e-08,6.031688775981792e-08,0.0,1.8695310874772525e-18,9.364774349902127e-24,1.82329148835029e-23
1,lbfgs,2079,250.0,600.0,9.02818757972403e-08,8.205076600348956e-08,8.248930891616387e-09,2.0093334728328037e-08,5.370850038354513e-08,8.124014103229694e-09,0.0,4.098011328964901e-19,5.8822726935633165e-24,2.1361270654832006e-23
1,lbfgs,2089,250.0,600.0,2.120994359748894e-07,1.5246177227392542e-07,3.271039064195681e-08,5.120043483949474e-08,6.855094679247385e-08,5.953056832797703e-08,0.0,1.840802122251402e-18,9.315507947842323e-24,1.8176045182476922e-23
1,lbfgs,2099,250.0,600.0,9.016490315293047e-08,8.194498014479786e-08,8.187419958957676e-09,2.005921948050866e-08,5.3698340705331526e-08,8.112827309711372e-09,0.0,4.0683544829019475e-19,5.876929126699253e-24,2.1362578300490875e-23
1,lbfgs,2109,250.0,600.0,2.1006403316944633e-07,1.5119192207774106e-07,3.222498803815183e-08,5.06725864087766e-08,6.829434763081261e-08,5.876501570835182e-08,0.0,1.81288504615058e-18,9.267573806591095e-24,1.8121355897503456e-23
1,lbfgs,2119,250.0,600.0,9.005024622177765e-08,8.184130715357304e-08,8.127428316727756e-09,2.0025505893486482e-08,5.368837294335881e-08,8.101843361947814e-09,0.0,4.0394081072110844e-19,5.871627964906783e-24,2.1364076461059526e-23
1,lbfgs,2129,250.0,600.0,2.0808244804715944e-07,1.499564470745295e-07,3.17528102168799e-08,5.015844781081967e-08,6.804518904682992e-08,5.8018905579016964e-08,0.0,1.7857280875250433e-18,9.220877856819865e-24,1.8068725663398545e-23
1,lbfgs,2139,250.0,600.0,8.993780181866176e-08,8.173965144047883e-08,8.068888964510726e-09,1.9992173619045662e-08,5.367858885692245e-08,8.09105466414675e-09,0.0,4.011141152188753e-19,5.8663674380176075e-24,2.1365748461074058e-23
1,lbfgs,2149,250.0,600.0,2.06151510546047e-07,1.4875329504925755e-07,3.1293086282657464e-08,4.9657216438184816e-08,6.780299232841527e-08,5.72911200930134e-08,0.0,1.7592872829204255e-18,9.175340420686042e-24,1.8018049683926836e-23
2,adam,0,600.0,1090.0,0.02369161443846514,0.017768710760561107,0.0002773945479075837,0.0043679816353367085,0.013123334577316816,0.005922903586853702,0.0,1.0571702577756007e-14,4.453537204538036e-23,4.135438803543488e-22
2,adam,24,600.0,1090.0,0.01849133799234621,0.015319779412449675,1.354448366510601e-05,0.00200361097970687,0.0133026239490777,0.0031715584874873258,0.0,2.5461498891799483e-16,2.0770417810606608e-23,4.1854590547528877e-22
2,adam,49,600.0,1090.0,0.014924208968940322,0.01068281252407835,1.3338716875251445e-05,0.006224558997123833,0.004444914810079265,0.004241396347804033,0.0,2.546828575694494e-16,7.559313572341302e-24,4.7162035329060477e-23
2,adam,74,600.0,1090.0,0.0058208495123694545,0.004618486954852775,6.597700500534305e-07,0.00035918032278920884,0.004258646862013512,0.001202362456105863,0.0,1.2280426858008484e-17,1.7605458099255558e-24,2.4551830307081808e-23
2,adam,99,600.0,1090.0,0.0027044289071353807,0.002132707338501281,2.801646212991128e-07,0.00022299866364290305,0.0019094285102370786,0.0005717214618248797,0.0,6.85474342456136e-18,5.727075286269582e-25,7.732471467463704e-24
2,adam,124,600.0,1090.0,0.0026507879785013116,0.0021759263698721463,2.0531986239218686e-07,0.00024022848460793691,0.001935492565401817,0.0004748615021797938,0.0,5.641753373749691e-18,6.019109126408577e-25,8.0408452733643e-24
2,adam,149,600.0,1090.0,0.0011894734188684457,0.0009551839864884247,3.4510610459795416e-08,8.980471005922302e-05,0.0008653447658187419,0.00023428932296980289,0.0,8.787304394018393e-19,2.6843230982616324e-25,3.2715631205342343e-24
2,adam,174,600.0,1090.0,0.0004848402852332602,0.0003921668053043432,5.216738990823529e-07,8.155407255212286e-05,0.00031009105885313794,9.267336800482477e-05,0.0,1.2128470540572225e-17,1.3012314562147284e-25,1.2842711546205978e-24
2,adam,199,600.0,1090.0,0.00023766491354030648,0.00019340475111902838,1.7604323650452988e-06,1.7611306360911413e-05,0.00017403301239307165,4.4260048995992044e-05,0.0,4.0932538209156833e-17,5.142324896548275e-26,5.947300339389443e-25
2,adam,224,600.0,1090.0,0.00013947536417064957,0.00011677252917176912,1.7497225608768653e-07,1.1275108922901636e-05,0.0001053224479927798,2.2702721300028143e-05,0.0,3.4589716933956333e-18,3.13801561697744e-26,3.4945857711820084e-25
2,adam,249,600.0,1090.0,0.0001601137693610008,0.00011895888280216759,2.3341458865468518e-08,7.432209375926637e-05,4.461344758403575e-05,4.115477241986127e-05,0.0,4.896438734583595e-19,2.5556259745192648e-26,1.9284093923265072e-25
2,adam,274,600.0,1090.0,4.299947024198386e-05,3.644560515419888e-05,1.3211136009904484e-08,3.748872103701782e-06,3.268352191448719e-05,6.553750352311928e-06,0.0,2.768164254804439e-19,9.934221536420297e-27,1.092612919475655e-25
2,adam,299,600.0,1090.0,4.025987625119673e-05,3.281471956251586e-05,1.0644049965021652e-06,7.36648917662872e-06,2.4383825389384976e-05,7.445041692857373e-06,0.0,2.7003406485177824e-17,5.273912811624771e-27,7.046642947435378e-26
2,adam,324,600.0,1090.0,5.343621565602657e-05,3.8950146503819484e-05,5.971561468185326e-07,2.3734730193094076e-05,1.4618260163906875e-05,1.4485954267417093e-05,0.0,1.318222800199063e-17,7.265108764237208e-27,5.37922575399728e-26
2,adam,349,600.0,1090.0,1.6263508690854647e-05,1.3264550329626171e-05,3.176934922419477e-07,2.4932675610147374e-06,1.0453589276369486e-05,2.9988431941046088e-06,0.0,7.352916981496794e-18,3.4812663362392814e-27,3.44644153409562e-26
2,adam,374,600.0,1090.0,0.000938099427030463,0.0006439240745130561,1.0985148876215878e-06,0.0005672352458952367,7.559031373019777e-05,0.00029417523721935753,0.0,2.4549955347393125e-17,4.033260130214115e-27,4.5853460544914294e-26
2,adam,399,600.0,1090.0,6.19832630287366e-05,4.2765660385978094e-05,5.89608226360187e-08,3.417283111842346e-05,8.53386844491862e-06,1.9217487524691406e-05,0.0,1.031089166125593e-18,4.6109065212018185e-27,2.584434216234123e-26
2,adam,424,600.0,1090.0,1.078251386420701e-05,9.000439392554334e-06,2.2726713134057262e-07,1.8101054316639673e-06,6.963066829549794e-06,1.7819591463771093e-06,0.0,5.102928674625314e-18,1.349552192508542e-27,1.8412313522466306e-26
2,adam,449,600.0,1090.0,0.002614814071361036,0.0017736970579343343,8.34729117416319e-06,0.001604185058982684,0.00016116470777748705,0.0008411168979645698,0.0,1.8431592070150257e-16,1.5208434306357505e-26,4.231670782476542e-26
2,adam,474,600.0,1090.0,3.3697332086435864e-05,2.3937971608068135e-05,5.923129709791483e-08,1.730370739241348e-05,6.5750329185567445e-06,9.759245342340107e-06,0.0,1.202390062792723e-18,3.4547009723725875e-27,2.3411915677809696e-26
2,adam,499,600.0,1090.0,1.0954479064059463e-05,8.165310222999001e-06,5.322113026903695e-08,3.5687122775333836e-06,4.54337681519658e-06,2.789053536344123e-06,0.0,1.3220980814929133e-18,1.6068876510935276e-27,1.374873091868195e-26
2,adam,524,600.0,1090.0,2.572015881624727e-05,1.8787132802964163e-05,8.35997962669259e-09,1.3997929022069026e-05,4.780843801268443e-06,6.932910501719221e-06,0.0,2.1236158885419637e-19,3.313623443639093e-28,8.667917995471263e-27
2,adam,549,600.0,1090.0,0.0008591212081691829,0.0005823260776172075,2.80528454536723e-07,0.0005438876406141064,3.81579085485643e-05,0.00027679501551608606,0.0,5.04243702575006e-18,1.707350499918796e-26,1.8067692861277153e-26
2,adam,574,600.0,1090.0,4.964799620884921e-05,3.451885452377596e-05,3.948062227414585e-08,2.8804624694732243e-05,5.674749206769576e-06,1.5129026732654476e-05,0.0,8.404347950995643e-19,3.7914133570502765e-27,2.1983899810925395e-26
2,adam,599,600.0,1090.0,9.689584537500644e-06,6.775584303452546e-06,1.9649969917414226e-08,3.730144242765642e-06,3.02579009076949e-06,2.9138850478551342e-06,0.0,5.285698841495924e-19,9.601513171436404e-28,7.324897594189904e-27
2,adam,624,600.0,1090.0,8.052832747124054e-06,6.036834250253947e-06,4.0077260701186326e-06,1.65736323230558e-07,1.863371856904757e-06,2.0158831288137452e-06,0.0,1.0231183236230812e-16,2.793361498270934e-28,3.5616030842905634e-27
2,adam,649,600.0,1090.0,0.002693485105350112,0.0018327981110082157,5.310317150750598e-08,0.001629040822124722,0.0002037041857119862,0.0008606868788602675,0.0,1.1906695213355378e-18,2.592127201365206e-26,3.638074485901356e-27
2,adam,674,600.0,1090.0,8.088382567494738e-05,5.9558583732995075e-05,4.0751746835297357e-07,2.1454195911297227e-05,3.7696870353344876e-05,2.132512742493771e-05,0.0,8.277646705253726e-18,4.782168199032991e-27,7.396047322826349e-26
2,adam,699,600.0,1090.0,6.0693616674938175e-06,5.163691764364873e-06,2.1672066562383513e-08,4.585807783046436e-07,4.683438919497846e-06,9.055552720674092e-07,0.0,5.920373432063516e-19,1.1485715117653082e-27,1.363569235554972e-26
2,adam,724,600.0,1090.0,7.1466366634377475e-06,4.681396917081906e-06,1.2807202118919118e-08,2.333036434851619e-06,2.3355532801113684e-06,2.465124880004357e-06,0.0,3.4487667163920006e-19,3.7789014470869283e-28,2.6375337533012873e-27
2,adam,749,600.0,1090.0,2.3174213173172305e-06,1.8492186777443345e-06,6.040858219522315e-09,5.288774940998633e-07,1.3143003254249489e-06,4.6808762152750645e-07,0.0,1.8297922593952955e-19,1.0592104424021716e-28,1.944937048281181e-27
2,adam,774,600.0,1090.0,1.1797748772067508e-05,8.756095459173286e-06,6.982446872170188e-09,7.320034885947964e-06,1.4290781263531512e-06,3.041538178910532e-06,0.0,1.9338615179380485e-19,7.03749517425117e-29,2.0011750276301368e-27
2,adam,799,600.0,1090.0,7.602834514152785e-05,5.2991435554317244e-05,2.858217071036529e-07,4.582387993771949e-05,6.881733909494102e-06,2.3036794893966294e-05,0.0,4.968818500264285e-18,6.145715865797891e-27,3.7434980913390057e-26
2,adam,824,600.0,1090.0,7.487382027067036e-05,5.287728506343429e-05,2.5430877453185025e-08,3.9413674261634905e-05,1.3438179924346203e-05,2.1996420585370958e-05,0.0,5.659684563355253e-19,6.841234197772895e-28,1.6195816175886846e-26
2,adam,849,600.0,1090.0,2.4797973514646494e-06,1.6584113211852295e-06,1.6681148252824197e-08,3.402741995557024e-07,1.3014559733767029e-06,8.212712128233786e-07,0.0,4.418229296012004e-19,1.3653444903042211e-28,1.3709177848172639e-27
2,adam,874,600.0,1090.0,0.00037254763585153894,0.0002509073754277553,1.2205941713041004e-06,0.00022241315565490322,2.7273625601547967e-05,0.00012164014550578596,0.0,2.8587440068598246e-17,3.687015894186103e-27,1.7566475936785315e-28
2,adam,899,600.0,1090.0,0.0001615435138957972,0.00011222941978157632,6.954683375779925e-07,8.45484293263122e-05,2.6985522117686122e-05,4.9313979472447065e-05,0.0,1.554951310109263e-17,1.1130898297738555e-27,2.4620735339063263e-26
2,adam,924,600.0,1090.0,6.341386789781462e-05,4.2219829772525386e-05,2.168010029106898e-08,3.754786644425764e-05,4.650283227976676e-06,2.1193923341031653e-05,0.0,5.198327286525034e-19,1.0453715917774648e-27,1.2391532815465685e-27
2,adam,949,600.0,1090.0,0.0004090627422001968,0.0002777991700337523,7.096163663015334e-08,0.0002637397852492706,1.3988423147851526e-05,0.00013126345756807225,0.0,1.867369418891022e-18,8.158055681866186e-27,1.1294146284805673e-26
2,adam,974,600.0,1090.0,2.5906129170324057e-05,1.7397967388026418e-05,1.8048586485269006e-08,1.537464663279589e-05,2.005272168745256e-06,8.508047161761816e-06,0.0,4.3256870128294537e-19,9.286542873792328e-28,3.648423055513554e-27
2,adam,999,600.0,1090.0,0.0008313901421812362,0.0005672691219726934,8.502230334301002e-08,0.0005059450675666984,6.123903210265197e-05,0.0002641209055753611,0.0,1.7162454446417153e-18,4.6620435597716616e-27,1.5731634015238159e-26
2,adam,1024,600.0,1090.0,5.2677763739194416e-05,3.687521563307148e-05,4.7821914437868734e-08,2.8417816721606604e-05,8.409576997027006e-06,1.5802433554368444e-05,0.0,1.1892390110225083e-18,3.948415395628004e-28,9.634532766484542e-27
2,adam,1049,600.0,1090.0,6.805513329717268e-05,4.7145895556160564e-05,2.28403623376509e-08,4.305450816825323e-05,4.068547025569683e-06,2.0909123046981996e-05,0.0,5.411584016937094e-19,4.0130263883928654e-28,1.8188679766998725e-27
2,adam,1074,600.0,1090.0,4.9185444035481626e-05,3.495707785590862e-05,2.1398100023480679e-07,1.8233281471373722e-05,1.6509815384300095e-05,1.4228251690944428e-05,0.0,4.6239297101694694e-18,1.357322714822454e-27,2.5541136624341742e-26
2,adam,1099,600.0,1090.0,2.2374323820445613e-05,1.4681715870300236e-05,7.305738055521607e-08,1.2372757687584552e-05,2.235900802160467e-06,7.692493354825492e-06,0.0,1.6812586955532727e-18,3.966677352053025e-28,6.185938439294254e-28
2,adam,1124,600.0,1090.0,0.00047588921063079645,0.0003231336330183257,4.531647116390064e-07,0.0003110598348970326,1.1620633409654106e-05,0.000152755463225628,0.0,9.399767563908358e-18,1.2298546487492286e-26,2.36023145155971e-26
2,adam,1149,600.0,1090.0,7.811004598609032e-05,5.2070191675745e-05,5.3153174037080835e-08,4.6446541245734424e-05,5.570497255973496e-06,2.6039739957500813e-05,0.0,1.4446901897717235e-18,1.2606966382990501e-27,1.0591598666900759e-27
2,adam,1174,600.0,1090.0,0.0005417487414617896,0.00036548437634429824,7.057781478576677e-06,0.0003267476212779912,3.1678973587730404e-05,0.00017626425072683305,0.0,1.8433060384753547e-16,6.303596470548596e-27,7.005963822738897e-28
2,adam,1199,600.0,1090.0,5.918596554899631e-05,4.107582818452334e-05,1.728717837287499e-08,3.496613137209728e-05,6.0924096340531915e-06,1.8110022961190594e-05,0.0,3.93160708610763e-19,2.8856507595591074e-28,4.1216330987549826e-27
2,adam,1224,600.0,1090.0,2.0790610256899117e-05,1.4624079559506536e-05,6.940887972686071e-08,1.332056879660456e-05,1.2341018831751172e-06,6.166416177830118e-06,0.0,1.7097793738633901e-18,1.5262511981949652e-28,5.345474131395686e-28
2,adam,1249,600.0,1090.0,0.000469039009859477,0.0003193549759442041,2.3448921302042078e-07,0.00031025811702024863,8.862369710935061e-06,0.00014968391976792077,0.0,5.3283788634799925e-18,1.624951454114378e-26,4.450110189822324e-26
2,adam,1274,600.0,1090.0,1.50767737773283e-05,9.682394929093622e-06,9.554167596843375e-07,6.268400376670511e-06,2.458577792738773e-06,5.39426462382742e-06,0.0,2.344121651188314e-17,1.1215071045139712e-28,8.127388335617614e-29
2,adam,1299,600.0,1090.0,2.8531360814729072e-05,1.923955450433961e-05,1.4508850615909284e-07,1.7666481267794947e-05,1.4279847303855705e-06,9.291692111754328e-06,0.0,3.721883573770975e-18,1.0974934976160933e-27,4.174042820655611e-27
2,adam,1324,600.0,1090.0,0.00010349783502088505,6.857738238466495e-05,5.7923577073527566e-08,6.060218083889045e-05,7.917277968700977e-06,3.492033830570251e-05,0.0,1.4362205126307042e-18,9.382315153643671e-28,8.966896248377683e-29
2,adam,1349,600.0,1090.0,0.00012089463799006177,8.423526080934886e-05,2.399696040850466e-08,7.848580571855155e-05,5.7254581303887975e-06,3.6659263256733e-05,0.0,5.186882723468334e-19,7.29232717182417e-27,3.4826136254406433e-26
2,adam,1374,600.0,1090.0,6.833412323154568e-05,4.680280360737417e-05,1.3124448508187569e-08,4.362546940742435e-05,3.1642097514416303e-06,2.153120560214679e-05,0.0,2.9854111044048364e-19,5.942969384810064e-28,6.910548326635136e-28
2,adam,1399,600.0,1090.0,2.8646521659517862e-05,2.0046459502589713e-05,2.1455093412059862e-08,1.653771041485542e-05,3.487293994322233e-06,8.59994811102632e-06,0.0,5.804796697668919e-19,1.5507197775388655e-28,2.3625028155544613e-27
2,lbfgs,1400,600.0,1090.0,3.1794418232891476e-05,2.1012440984288773e-05,2.3233043096411465e-08,1.9104909205017693e-05,1.88429873617467e-06,1.0781863196593779e-05,0.0,5.068936446707567e-19,5.570109254834982e-28,6.465186667037754e-28
2,lbfgs,1409,600.0,1090.0,9.593370122008051e-07,8.704223513979651e-07,2.256529354980834e-08,5.133769077108175e-08,7.96519367077075e-07,8.880060879322993e-08,0.0,4.917044141976439e-19,8.689043903088387e-29,1.2702993112222993e-27
2,lbfgs,1419,600.0,1090.0,9.005071590483063e-07,7.934815480881258e-07,6.389731290605679e-09,6.561138438653603e-08,7.214804324109841e-07,1.069115589110307e-07,0.0,1.6497268883871603e-19,8.055846407367167e-29,1.1056699180253473e-27
2,lbfgs,1429,600.0,1090.0,5.690156187758102e-07,4.631411662761323e-07,5.813284175280938e-09,4.3090468979442224e-08,4.1423741312140917e-07,1.0576040002882684e-07,0.0,1.3526335318653087e-19,5.597337945923622e-30,1.8489643335095419e-28
2,lbfgs,1439,600.0,1090.0,5.54776233967537e-07,4.498321547762834e-07,6.262496571890297e-09,3.4583515185420364e-08,4.0898614301897274e-07,1.048300267187263e-07,0.0,1.4019471470950515e-19,8.718256598865143e-30,1.9294570491475917e-28
2,lbfgs,1449,600.0,1090.0,5.17901400118729e-07,4.232328290698823e-07,5.869048248306028e-09,6.481957221483469e-08,3.525442086067416e-07,9.455451849240736e-08,0.0,1.3470246648232192e-19,1.2319249484585203e-29,1.5922847795376067e-28
2,lbfgs,1459,600.0,1090.0,5.178928102349179e-07,4.231245581159904e-07,5.864762747687697e-09,6.469227468348577e-08,3.5256752068481697e-07,9.465419956226423e-08,0.0,1.3465937166822872e-19,1.225018106288768e-29,1.5904173501589399e-28
2,lbfgs,1469,600.0,1090.0,5.178868037388894e-07,4.2309072655509245e-07,5.863443543218929e-09,6.462277173682481e-08,3.526045112750487e-07,9.468202462702135e-08,0.0,1.346459087441877e-19,1.2225821829651647e-29,1.5899793433379616e-28
2,lbfgs,1479,600.0,1090.0,5.178796994277248e-07,4.230304375906139e-07,5.860635643340564e-09,6.444220802759859e-08,3.527275939196747e-07,9.47352092802771e-08,0.0,1.3461852974932708e-19,1.2173696088345172e-29,1.5894148694194416e-28
2,lbfgs,1489,600.0,1090.0,5.178737600444125e-07,4.230539407673198e-07,5.861854291813164e-09,6.44983246029356e-08,3.5269376187257105e-07,9.470576672011657e-08,0.0,1.3462916314506894e-19,1.2195154966886315e-29,1.5897738949009317e-28
2,lbfgs,1499,600.0,1090.0,5.178666126729433e-07,4.2309935541734405e-07,5.8646073314908e-09,6.464892122387e-08,3.5258582686198325e-07,9.465320469835784e-08,0.0,1.346540739452081e-19,1.2240667110315645e-29,1.5901975887420737e-28
2,lbfgs,1509,600.0,1090.0,5.178607220211895e-07,4.230692482817538e-07,5.863119298502654e-09,6.460141035430496e-08,3.526047186289462e-07,9.46774211820636e-08,0.0,1.346386811004151e-19,1.2220844110004521e-29,1.5897924746069136e-28
2,lbfgs,1519,600.0,1090.0,5.178535436080847e-07,4.230188279975163e-07,5.859986085387465e-09,6.447485527810624e-08,3.526839866340226e-07,9.472066305309754e-08,0.0,1.3460750378334388e-19,1.218016093209247e-29,1.589352090099856e-28
2,lbfgs,1529,600.0,1090.0,5.178476882829756e-07,4.2303891061481026e-07,5.861314554548792e-09,6.451241739197983e-08,3.5266517866828165e-07,9.469472511056581e-08,0.0,1.346194190264928e-19,1.2197659548048247e-29,1.58966501530619e-28
2,lbfgs,1539,600.0,1090.0,5.178404876491655e-07,4.230748023644387e-07,5.864320879974346e-09,6.461686976179383e-08,3.5259361172267054e-07,9.465163272689203e-08,0.0,1.3464734240110856e-19,1.2233114334863192e-29,1.5899391876476152e-28
2,lbfgs,1549,600.0,1090.0,5.178346578367725e-07,4.230480918429564e-07,5.862743591910225e-09,6.458530295130497e-08,3.526000452997412e-07,9.467251343584064e-08,0.0,1.3463088577606124e-19,1.221678582454032e-29,1.5895888210332552e-28
2,lbfgs,1559,600.0,1090.0,5.178274414918445e-07,4.2300657433721264e-07,5.8593732864992465e-09,6.44979809489303e-08,3.526492201017831e-07,9.470681459653622e-08,0.0,1.3459694588443054e-19,1.2184938036731503e-29,1.5893161359745036e-28
2,lbfgs,1569,600.0,1090.0,5.178216299616969e-07,4.2302355265310884e-07,5.860786975381545e-09,6.452205641140023e-08,3.5264070926632705e-07,9.468402475037081e-08,0.0,1.346098453211999e-19,1.2199372668737197e-29,1.5895681270009132e-28
2,lbfgs,1579,600.0,1090.0,5.178144027564106e-07,4.2305092724911805e-07,5.8640483227989275e-09,6.4593007302777e-08,3.525938716235421e-07,9.464942294885402e-08,0.0,1.3464067344451407e-19,1.222700573439085e-29,1.5896586518090345e-28
2,lbfgs,1589,600.0,1090.0,5.178086041408033e-07,4.2302724898631716e-07,5.862377455480793e-09,6.457300823119076e-08,3.525918632996456e-07,9.466730259590259e-08,0.0,1.3462315164969747e-19,1.2213400950076606e-29,1.5893749869281185e-28
2,lbfgs,1599,600.0,1090.0,5.178013697350872e-07,4.2299383442530746e-07,5.85872019548151e-09,6.45141685601593e-08,3.5262094566966666e-07,9.46934827510686e-08,0.0,1.3458606212589714e-19,1.2188510150100287e-29,1.58930169210692e-28
2,lbfgs,1609,600.0,1090.0,5.17795580002089e-07,4.2300796159611764e-07,5.860238755433102e-09,6.452845067196771e-08,3.5261927216871684e-07,9.467356584714073e-08,0.0,1.3460010133755073e-19,1.2200523330354003e-29,1.5894813548846084e-28
2,lbfgs,1619,600.0,1090.0,5.177883412216318e-07,4.230274310336898e-07,5.863833425473288e-09,6.457511307979832e-08,3.525884845284182e-07,9.464685762889136e-08,0.0,1.3463453321462504e-19,1.2221897518068521e-29,1.5893552885478783e-28
2,lbfgs,1629,600.0,1090.0,5.177825572843574e-07,4.2300657501971844e-07,5.862039569483313e-09,6.456349436128989e-08,3.5258104108894525e-07,9.466192970544331e-08,0.0,1.3461567755335257e-19,1.2210480848989665e-29,1.5891503011441205e-28
2,lbfgs,1639,600.0,1090.0,5.177753163800296e-07,4.229809231873699e-07,5.8580003912847005e-09,6.452528171190199e-08,3.525976410841832e-07,9.46803406333408e-08,0.0,1.3457457118636904e-19,1.2191273239182394e-29,1.5893127715489476e-28
2,lbfgs,1649,600.0,1090.0,5.177695358060327e-07,4.2299229263969824e-07,5.859658298728171e-09,6.453247219663116e-08,3.5260016214433894e-07,9.466319060689419e-08,0.0,1.3459006225265183e-19,1.220129789578946e-29,1.589406791378935e-28
2,lbfgs,1659,600.0,1090.0,5.177622946582232e-07,4.2300396869320135e-07,5.8636952375428735e-09,6.456158489641227e-08,3.525786885592462e-07,9.464427340535191e-08,0.0,1.3462913257875126e-19,1.2217434229526541e-29,1.5890231092219416e-28
2,lbfgs,1669,600.0,1090.0,5.177565154488891e-07,4.2298590728861703e-07,5.861738430312252e-09,6.45560159594758e-08,3.5256815289882897e-07,9.46565556004608e-08,0.0,1.3460855712110476e-19,1.2207858947615368e-29,1.5889118147971966e-28
2,lbfgs,1679,600.0,1090.0,5.177492757216211e-07,4.2296817153133526e-07,5.857198333754381e-09,6.453267127389832e-08,3.525783019236826e-07,9.46670516303664e-08,0.0,1.345623063559924e-19,1.2193543238748473e-29,1.5893566869788694e-28
2,lbfgs,1689,600.0,1090.0,5.17743496141537e-07,4.2297670446838995e-07,5.859038377136682e-09,6.453475279963763e-08,3.5258291329161563e-07,9.465273911310048e-08,0.0,1.3457964962201066e-19,1.2201844785686926e-29,1.5893479739801637e-28
2,lbfgs,1699,600.0,1090.0,5.177362594138361e-07,4.229802047824201e-07,5.863649302747114e-09,6.455126372796716e-08,3.5256529175170585e-07,9.46420020711196e-08,0.0,1.3462464375503711e-19,1.2213331396441716e-29,1.5886537821163246e-28
2,lbfgs,1709,600.0,1090.0,5.177304778524251e-07,4.2296508774313075e-07,5.861481277869776e-09,6.45500333983657e-08,3.525535730668953e-07,9.465133754886422e-08,0.0,1.3460186957051767e-19,1.2205401865261107e-29,1.588655523696352e-28
2,lbfgs,1719,600.0,1090.0,5.177232457258717e-07,4.2295590534636103e-07,5.856298216435293e-09,6.453731633946332e-08,3.5256229079046245e-07,9.465328781899789e-08,0.0,1.3454910339913934e-19,1.2195576627290257e-29,1.5894427235441117e-28
2,lbfgs,1729,600.0,1090.0,5.177174605823438e-07,4.229613522167984e-07,5.858371386722003e-09,6.453575015720046e-08,3.5256723067287593e-07,9.464205580489595e-08,0.0,1.3456878327795068e-19,1.2202284564346121e-29,1.5893093488587912e-28
2,lbfgs,1739,600.0,1090.0,5.177102347845034e-07,4.229558106405735e-07,5.863713869073584e-09,6.454331208509849e-08,3.525487846864014e-07,9.464037158299952e-08,0.0,1.3462126500882882e-19,1.2209354110958393e-29,1.5882371007127887e-28
2,lbfgs,1749,600.0,1090.0,5.177044443626144e-07,4.2294396082857125e-07,5.8612767250612275e-09,6.454515660537398e-08,3.5253752749813603e-07,9.464643097299081e-08,0.0,1.3459570691575778e-19,1.220299921806551e-29,1.5883765405087965e-28
2,lbfgs,1759,600.0,1090.0,5.176972268442628e-07,4.229444555834952e-07,5.855280509336473e-09,6.453992424110316e-08,3.525492508330556e-07,9.463871869966912e-08,0.0,1.3453476575328108e-19,1.2197590640662497e-29,1.5895821417578398e-28
2,lbfgs,1769,600.0,1090.0,5.176914292530652e-07,4.229463931189927e-07,5.857647841808238e-09,6.453579471042429e-08,3.5255295056676015e-07,9.463098357282388e-08,0.0,1.3455736590665722e-19,1.2202719544930916e-29,1.5892962982102807e-28
2,lbfgs,1779,600.0,1090.0,5.176842222944518e-07,4.2293044789265734e-07,5.863912190564358e-09,6.453712746254933e-08,3.5252940823954363e-07,9.463972184022229e-08,0.0,1.3461924583749246e-19,1.2205298108724788e-29,1.5877607240461702e-28
2,lbfgs,1789,600.0,1090.0,5.176784153441091e-07,4.2292236554100845e-07,5.86113575284264e-09,6.454110493305484e-08,3.5252012485511095e-07,9.464199724142195e-08,0.0,1.3459018465037048e-19,1.2200554712586535e-29,1.5880689560767502e-28
2,lbfgs,1799,600.0,1090.0,5.176712216682822e-07,4.229341759976944e-07,5.854120439527656e-09,6.454100261461833e-08,3.5253905294354844e-07,9.462299310891219e-08,0.0,1.34519049762262e-19,1.2199780520258452e-29,1.5897886038301051e-28
2,lbfgs,1809,600.0,1090.0,5.176654027588168e-07,4.2293199516246846e-07,5.856855668996823e-09,6.453512343087503e-08,3.525400160625966e-07,9.461935503450439e-08,0.0,1.3454527586690674e-19,1.2203241921237296e-29,1.5893153501215616e-28
2,lbfgs,1819,600.0,1090.0,5.176582256660675e-07,4.229037491837858e-07,5.864273996959804e-09,6.453228018145723e-08,3.5250719500536877e-07,9.464042392005832e-08,0.0,1.3461890404305647e-19,1.220097392240837e-29,1.5872096517424314e-28
2,lbfgs,1829,600.0,1090.0,5.176523916582291e-07,4.229001262475735e-07,5.861072363611099e-09,6.453767828490303e-08,3.5250137559905936e-07,9.463821284834636e-08,0.0,1.345854490053949e-19,1.2197978693747734e-29,1.587725583469958e-28
2,lbfgs,1839,600.0,1090.0,5.176452351815461e-07,4.229254631416924e-07,5.852786819477598e-09,6.454091145316083e-08,3.52531764869054e-07,9.460571947761088e-08,0.0,1.3450165423062877e-19,1.2202334110860677e-29,1.5900787969348152e-28
2,lbfgs,1849,600.0,1090.0,5.176393822475404e-07,4.2291834658290813e-07,5.855979623238524e-09,6.453390418433661e-08,3.5252846277533296e-07,9.460698310219804e-08,0.0,1.3453236147140978e-19,1.2203940636367891e-29,1.5893744767192591e-28
2,lbfgs,1859,600.0,1090.0,5.17632251343508e-07,4.2287529810701597e-07,5.864837020645867e-09,6.452846858284321e-08,3.524819925035269e-07,9.464290067360674e-08,0.0,1.3462064404642646e-19,1.2196193330724358e-29,1.586565539835043e-28
2,lbfgs,1869,600.0,1090.0,5.176263747860474e-07,4.228770430530835e-07,5.861104265309292e-09,6.453473621483895e-08,3.5248120257293527e-07,9.463527917001891e-08,0.0,1.345816846347481e-19,1.2195181745223513e-29,1.5873376281930333e-28
2,lbfgs,1879,600.0,1090.0,5.176192755633747e-07,4.22918778023518e-07,5.851240773603061e-09,6.453990103656901e-08,3.5252763621334594e-07,9.458644497705868e-08,0.0,1.3448221009661298e-19,1.2205444741213163e-29,1.5904732114998052e-28
2,lbfgs,1889,600.0,1090.0,5.176133695972014e-07,4.2290566603957843e-07,5.855000629483437e-09,6.453225352384364e-08,3.5251841188625136e-07,9.45936509946041e-08,0.0,1.3451843480789638e-19,1.2204907458217355e-29,1.5894834639326992e-28
2,lbfgs,1899,600.0,1090.0,5.176063095994661e-07,4.2284460796325574e-07,5.865648884464082e-09,6.45254870343585e-08,3.5245347204443313e-07,9.464764907265004e-08,0.0,1.3462497999945667e-19,1.2190757199003339e-29,1.5858058599679593e-28
2,lbfgs,1909,600.0,1090.0,5.176003670845159e-07,4.228528814803697e-07,5.861253711182599e-09,6.453218328214447e-08,3.524594444870427e-07,9.463343304055921e-08,0.0,1.345791241057407e-19,1.2192068963511016e-29,1.586894280412095e-28
2,lbfgs,1919,600.0,1090.0,5.175933556394732e-07,4.229146707136461e-07,5.849434220606034e-09,6.453813749686538e-08,3.5252709899617465e-07,9.456463236248832e-08,0.0,1.3446026931876327e-19,1.2209323190751781e-29,1.5909971199962049e-28
2,lbfgs,1929,600.0,1090.0,5.175873677490622e-07,4.22894214036509e-07,5.853894974231826e-09,6.453024839695988e-08,3.525100706653173e-07,9.457910114895658e-08,0.0,1.345032644574382e-19,1.220624255793943e-29,1.5896543764571011e-28
2,lbfgs,1939,600.0,1090.0,5.175804163949643e-07,4.228110984262175e-07,5.866769558810061e-09,6.45232042758763e-08,3.524211245915311e-07,9.465526540449573e-08,0.0,1.346325665096811e-19,1.2184443984585729e-29,1.584902864900002e-28
2,lbfgs,1949,600.0,1090.0,5.175743722129081e-07,4.228273609940383e-07,5.861548579305329e-09,6.452995861343561e-08,3.5243585380129734e-07,9.463295865463315e-08,0.0,1.3457806022322143e-19,1.2188534415655458e-29,1.5863822173270312e-28
2,lbfgs,1959,600.0,1090.0,5.175674952304629e-07,4.229138083034451e-07,5.84730803721011e-09,6.45357227521052e-08,3.5253077751412984e-07,9.453963436315563e-08,0.0,1.3443529298777276e-19,1.2214209723338033e-29,1.5916817496057533e-28
2,lbfgs,1969,600.0,1090.0,5.175613812468809e-07,4.2288430589067313e-07,5.852633310193777e-09,6.452793575836151e-08,3.5250373682211786e-07,9.456302279204185e-08,0.0,1.3448656688396624e-19,1.2208060262203848e-29,1.5899021113938186e-28
2,lbfgs,1979,600.0,1090.0,5.175545963130237e-07,4.2277406910106094e-07,5.86827451689538e-09,6.452154645247678e-08,3.523842481316888e-07,9.466647464700153e-08,0.0,1.3464423936767143e-19,1.2176997629014237e-29,1.5838223442153992e-28
2,lbfgs,1989,600.0,1090.0,5.17548395806391e-07,4.2280014181890127e-07,5.86202373457593e-09,6.452802823518178e-08,3.5241008984914356e-07,9.463420142259429e-08,0.0,1.3457886187096544e-19,1.2184455368797942e-29,1.585784997595796e-28
2,lbfgs,1999,600.0,1090.0,5.175426473669886e-07,4.228153863293681e-07,5.859208040389674e-09,6.452811618669495e-08,3.5242806210228346e-07,9.461320847270406e-08,0.0,1.3454935007800406e-19,1.2189989285520569e-29,1.58682592927973e-28
2,lbfgs,2009,600.0,1090.0,5.175354170750442e-07,4.2287632732066026e-07,5.8511794528631855e-09,6.452533842697508e-08,3.52499809440822e-07,9.454503718965901e-08,0.0,1.3446799658435598e-19,1.2210495119439441e-29,1.5902450925744125e-28
2,lbfgs,2019,600.0,1090.0,5.175296442308574e-07,4.2285025458546253e-07,5.854028605284874e-09,6.452440365463507e-08,3.524718223255426e-07,9.45653370804115e-08,0.0,1.3449531180569529e-19,1.2203581399542496e-29,1.5889999215611443e-28
2,lbfgs,2029,600.0,1090.0,5.175224465185649e-07,4.2277080944409375e-07,5.8627227681106284e-09,6.452638021580815e-08,3.52381706460175e-07,9.463758450890543e-08,0.0,1.345819946948934e-19,1.2179686063782838e-29,1.5850823151097945e-28
2,lbfgs,2039,600.0,1090.0,5.175166433943619e-07,4.2279187480399315e-07,5.859305375385526e-09,6.452618585017851e-08,3.5240638357842914e-07,9.461071602481252e-08,0.0,1.3454626249046476e-19,1.2187190388232334e-29,1.5864097874692593e-28
2,lbfgs,2049,600.0,1090.0,5.175094859522779e-07,4.2287075337355774e-07,5.849488922478561e-09,6.452245863959357e-08,3.524988058114856e-07,9.452468001344884e-08,0.0,1.3444713495923338e-19,1.2213708675837243e-29,1.5907061328655045e-28
2,lbfgs,2059,600.0,1090.0,5.175036452737745e-07,4.228381117103512e-07,5.852980973076535e-09,6.452187747873748e-08,3.524632532585372e-07,9.45514809978596e-08,0.0,1.34480714885037e-19,1.2204601690382701e-29,1.5891408260768036e-28
2,lbfgs,2069,600.0,1090.0,5.17496537624346e-07,4.227388562023079e-07,5.8637002351387705e-09,6.452502258963225e-08,3.523501333775369e-07,9.464362885578793e-08,0.0,1.345880484138949e-19,1.2174050816128147e-29,1.5842490742401121e-28
2,lbfgs,2079,600.0,1090.0,5.174906503842041e-07,4.2276710183079293e-07,5.8595342117099795e-09,6.452439317235969e-08,3.523831744467233e-07,9.460949598720848e-08,0.0,1.345445287921837e-19,1.2183975938747424e-29,1.5859310462848091e-28
2,lbfgs,2089,600.0,1090.0,5.174836043181519e-07,4.228681715310706e-07,5.847507197052471e-09,6.451928036318661e-08,3.525013839708315e-07,9.450138022127936e-08,0.0,1.344234782257478e-19,1.2217897387416984e-29,1.5913134921186322e-28
2,lbfgs,2099,600.0,1090.0,5.174776593638003e-07,4.228273931899692e-07,5.851791665893823e-09,6.451920896227699e-08,3.524563925617984e-07,9.453621360769451e-08,0.0,1.3446472373919184e-19,1.2206088056842383e-29,1.5893516646891484e-28
2,lbfgs,2109,600.0,1090.0,5.174706894810124e-07,4.22703659081103e-07,5.865024509042987e-09,6.452398088177753e-08,3.523146536902825e-07,9.465297783295751e-08,0.0,1.3459777283336768e-19,1.2167335545211661e-29,1.5832542673713947e-28
2,lbfgs,2119,600.0,1090.0,5.174646730024699e-07,4.227407653308508e-07,5.859926272052036e-09,6.452275055469137e-08,3.523580885041074e-07,9.460985510476159e-08,0.0,1.34544483078094e-19,1.2180243108723803e-29,1.585374806014639e-28
2,lbfgs,2129,600.0,1090.0,5.174577973809022e-07,4.228693107002325e-07,5.845167679231115e-09,6.45157701924287e-08,3.525083728285727e-07,9.447443411435656e-08,0.0,1.3439642543937878e-19,1.2223302153690836e-29,1.5921022006521306e-28
2,lbfgs,2139,600.0,1090.0,5.174516922786938e-07,4.2281844312994876e-07,5.850427543474098e-09,6.45163816658164e-08,3.5245163392065827e-07,9.451919658204485e-08,0.0,1.3444701977695116e-19,1.2208155255339168e-29,1.5896491389435867e-28
2,lbfgs,2149,600.0,1090.0,5.174459497244875e-07,4.227909631547795e-07,5.852871058204165e-09,6.451713278562078e-08,3.5242095931095454e-07,9.454093400274948e-08,0.0,1.3447038232151222e-19,1.2200283407307876e-29,1.5884292350260507e-28
3,adam,0,1090.0,1776.0,0.023698515343779078,0.01777388644065167,0.00027777763850258836,0.004382713732350976,0.013113395069798108,0.005924628813550557,0.0,3.97018591698905e-15,2.212588696877992e-30,2.0452838725900208e-29
3,adam,24,1090.0,1776.0,0.01833280697653114,0.015200792137847247,2.9059480798278073e-05,0.0017196427101414905,0.013452089946907478,0.003132014746719852,0.0,1.5229940890558338e-16,7.882437820045893e-31,2.4164591421552292e-29
3,adam,49,1090.0,1776.0,0.005302938398857367,0.003813151960799628,6.036490984738834e-07,0.0009673836031069233,0.002845164708594231,0.0014897863371499936,0.0,6.746692107122969e-18,1.3851654541668618e-31,9.355932202534322e-31
3,adam,74,1090.0,1776.0,0.004302532990625443,0.002989951340576035,3.668533636115746e-07,0.0007043338768859116,0.002285250610326512,0.0013125815410132682,0.0,1.977461866072782e-18,7.149784498523117e-32,6.056198635210726e-31
3,adam,99,1090.0,1776.0,0.002964560895758665,0.0022448121028183364,7.3493957613488e-07,0.0004744737067069346,0.001769603456535267,0.0007197486805218317,0.0,5.779245348809669e-18,6.404448322552507e-32,5.502146106101553e-31
3,adam,124,1090.0,1776.0,0.0010177069372655232,0.000628720889258611,2.00491246719789e-07,0.00015574300878461265,0.00047277738922727857,0.00038898593099191285,0.0,1.4400146374875303e-18,2.708040791367602e-32,1.9768346057106163e-31
3,adam,149,1090.0,1776.0,0.00036944772400817255,0.00022745837750175164,4.3300714849243734e-07,0.00011453101837511394,0.00011249435197814525,0.0001419892269440488,0.0,3.0299035970945354e-18,1.2768970606925284e-32,5.553966579921316e-32
3,adam,174,1090.0,1776.0,0.00012407424869889858,9.300190539318637e-05,9.381986528518217e-08,7.21178473218554e-05,2.0790238206045793e-05,3.107222184018518e-05,0.0,5.422764585589826e-19,7.659892904972755e-33,1.08347129897298e-32
3,adam,199,1090.0,1776.0,5.587593355820795e-05,5.294376384290402e-05,5.0018691618129576e-08,4.442000495012348e-05,8.473740201162413e-06,2.9320469656774375e-06,0.0,3.688766482260813e-19,5.983172322062618e-33,2.476597450037102e-33
3,adam,224,1090.0,1776.0,3.736685385383337e-05,3.709631591293948e-05,1.890421300983986e-08,2.907724503944196e-05,8.000166660487682e-06,2.704146740301204e-07,0.0,1.3535059795434755e-19,5.522437818802745e-33,2.315724700800449e-33
3,adam,249,1090.0,1776.0,3.058017905060441e-05,3.0377635892864292e-05,2.289661281927488e-08,2.2426401113923657e-05,7.92833816612136e-06,2.0241962781465117e-07,0.0,1.774949065619815e-19,5.489306131382306e-33,2.3561846758033126e-33
3,adam,274,1090.0,1776.0,2.4647043829104154e-05,2.4457032635592674e-05,3.939435897085541e-08,1.7414067406290103e-05,7.003570870331717e-06,1.8988742334289406e-07,0.0,3.3182238783436585e-19,5.476208392488033e-33,2.3133192487833918e-33
3,adam,299,1090.0,1776.0,1.939341792586128e-05,1.9205366063579134e-05,4.9433415433567294e-08,1.3230616780095713e-05,5.925315868049854e-06,1.8792782770239156e-07,0.0,4.31151252878211e-19,5.480288150676068e-33,2.2423146797163126e-33
3,adam,324,1090.0,1776.0,1.5130853558989921e-05,1.4937199642925685e-05,5.232358193442657e-08,9.903841926228255e-06,4.981034134763005e-06,1.9352960027667669e-07,0.0,4.683937603520669e-19,5.525063063325415e-33,2.1766445192601957e-33
3,adam,349,1090.0,1776.0,1.1889299879281667e-05,1.1702242259074987e-05,4.971547796623721e-08,7.4698801288656805e-06,4.18264665224307e-06,1.869330286577501e-07,0.0,4.507517862525078e-19,5.595579139055972e-33,2.118232588721941e-33
3,adam,374,1090.0,1776.0,9.515025244278584e-06,9.3540506432626e-06,4.260834983484208e-08,5.808007561646741e-06,3.503434731781016e-06,1.608497502899376e-07,0.0,3.8429911592687175e-19,5.673317686234894e-33,2.0718351657384847e-33
3,adam,399,1090.0,1776.0,7.78928590422718e-06,7.665951470390759e-06,3.517605051492664e-08,4.6989274912948055e-06,2.931847928581026e-06,1.2320934519671206e-07,0.0,3.0971642002800697e-19,5.7429227840406675e-33,2.0383275429130063e-33
3,adam,424,1090.0,1776.0,6.223604541593498e-06,6.138391536285596e-06,2.988917035746054e-08,3.6943391630362668e-06,2.4141632028918683e-06,8.508769509935103e-08,0.0,2.580177643837685e-19,5.781911156723556e-33,1.9343406530485946e-33
3,adam,449,1090.0,1776.0,5.252087804971267e-06,5.201036321030822e-06,2.7080602920281576e-08,3.1357489128238533e-06,2.038206805286687e-06,5.092597949089193e-08,0.0,2.260138474018786e-19,5.826200793462012e-33,1.912042498436798e-33
3,adam,474,1090.0,1776.0,4.520669028968036e-06,4.490003642809939e-06,2.548621983745677e-08,2.728849285226575e-06,1.7356681377459073e-06,3.0539706682275695e-08,0.0,2.0484756519757234e-19,5.85587626131402e-33,1.902088141611635e-33
3,adam,499,1090.0,1776.0,3.941527957044762e-06,3.924326732154407e-06,2.4723641044783643e-08,2.4055491553061586e-06,1.4940539358034653e-06,1.7075388007360925e-08,0.0,1.9199451933136392e-19,5.8720478543192355e-33,1.8976040883084165e-33
3,adam,524,1090.0,1776.0,3.4678770987797608e-06,3.45896124106289e-06,2.434525652369891e-08,2.1330822859425236e-06,1.3015336985966672e-06,8.789878285033539e-09,0.0,1.8392605212104164e-19,5.8850233235172884e-33,1.8950932130059904e-33
3,adam,549,1090.0,1776.0,3.072968872310878e-06,3.0684962149965554e-06,2.40528082285628e-08,1.8963612032436263e-06,1.1480822035243663e-06,4.346547812637116e-09,0.0,1.7809852766622386e-19,5.893186238724342e-33,1.894465261592279e-33
3,adam,574,1090.0,1776.0,2.7402281185996944e-06,2.737413726161355e-06,2.3632459425483278e-08,1.6887241449466738e-06,1.0250571217891977e-06,2.6881638672319315e-09,0.0,1.725492617299846e-19,5.898776643698242e-33,1.8950752819400045e-33
3,adam,599,1090.0,1776.0,2.458344144965498e-06,2.4551753006042763e-06,2.297078441038649e-08,1.5064076874052406e-06,9.257968287886492e-07,3.0425065497520545e-09,0.0,1.6608968005475175e-19,5.9027547564902955e-33,1.896419174157581e-33
3,adam,624,1090.0,1776.0,2.4650170792505167e-06,2.462130581710096e-06,2.3702305104130744e-08,1.3478347681657628e-06,1.0905935084402025e-06,2.760042878343853e-09,0.0,1.7185989129496616e-19,6.620814610502685e-33,1.977587131630356e-33
3,adam,649,1090.0,1776.0,2.2087302279357526e-06,2.204072691958887e-06,2.287668472036574e-08,1.1905748999186991e-06,9.906211073198222e-07,4.530970195253683e-09,0.0,1.6592091937280499e-19,6.632501324533843e-33,1.9812330087760936e-33
3,adam,674,1090.0,1776.0,1.9971297906342834e-06,1.98871391120639e-06,2.1700271006280246e-08,1.0521079871752288e-06,9.149056530248807e-07,8.289217174547466e-09,0.0,1.5717554715309732e-19,6.638926540724208e-33,1.9828045497322766e-33
3,adam,699,1090.0,1776.0,1.8233136479486814e-06,1.8113277457064594e-06,2.0178098276851662e-08,9.369317950075274e-07,8.542178524220802e-07,1.1859152674401953e-08,0.0,1.458846505628379e-19,6.640940874305195e-33,1.9849322916775232e-33
3,adam,724,1090.0,1776.0,1.681456397700103e-06,1.6657791942626204e-06,1.845300768844992e-08,8.421088044414926e-07,8.052173821326779e-07,1.555037544314409e-08,0.0,1.334131146108663e-19,6.642493758241473e-33,1.987056816162221e-33
3,adam,749,1090.0,1776.0,1.5654524309939719e-06,1.5474131488999914e-06,1.6746893936939952e-08,7.663675538760507e-07,7.642987010870007e-07,1.791238191540125e-08,0.0,1.2142108934299934e-19,6.641481665569238e-33,1.98960094200104e-33
3,adam,774,1090.0,1776.0,2.0314468744614336e-06,1.9133296899096392e-06,4.758822326817444e-07,7.049706835570749e-07,7.324767736708199e-07,1.179902208038759e-07,0.0,2.801980738990028e-18,6.6197572041723e-33,1.999720014887778e-33
3,adam,799,1090.0,1776.0,1.610522244181931e-06,1.5430611159893258e-06,1.811507241441767e-07,6.563943595361509e-07,7.055160323089981e-07,6.733411286255753e-08,0.0,1.159313442518656e-18,6.668018727557789e-33,1.985622424232292e-33
3,adam,824,1090.0,1776.0,1.2931644080935557e-06,1.2668873333226567e-06,1.2003295916709518e-08,6.602305865719849e-07,5.946534508339623e-07,2.615000577746844e-08,0.0,8.729423261080535e-20,6.46456031262281e-33,1.9904243831683572e-33
3,adam,849,1090.0,1776.0,1.2426978995759948e-06,1.2107993532204492e-06,1.1547609423227021e-08,6.242705223507357e-07,5.749812214464864e-07,3.177142909433517e-08,0.0,8.494752669387766e-20,6.476287111902878e-33,1.9949357810255925e-33
3,adam,874,1090.0,1776.0,1.2040624164245328e-06,1.1702415350861236e-06,1.0321384165864966e-08,5.983796402962615e-07,5.615405106239971e-07,3.369372143458812e-08,0.0,7.843601310824206e-20,6.475520082975284e-33,1.996685476050675e-33
3,adam,899,1090.0,1776.0,1.1735301528091108e-06,1.1377054199594416e-06,9.544017731709372e-09,5.77992034062645e-07,5.501693681650872e-07,3.569753626628351e-08,0.0,7.434773245636791e-20,6.47480486966526e-33,1.9981679084125052e-33
3,adam,924,1090.0,1776.0,1.1484794407587281e-06,1.1110641050445526e-06,9.051582218381185e-09,5.616483972329353e-07,5.403641255932361e-07,3.728810721587374e-08,0.0,7.176285454923099e-20,6.47471426576357e-33,1.9993813130928442e-33
3,adam,949,1090.0,1776.0,1.131164396586917e-06,1.0914529444727361e-06,1.1567993521799224e-08,5.480387784501704e-07,5.318461725007664e-07,3.9584195738136676e-08,0.0,8.854912444136035e-20,6.477100906899911e-33,1.9994465564941655e-33
3,adam,974,1090.0,1776.0,1.1703596291306002e-06,1.1210871818852902e-06,5.942948524844731e-08,5.382922793615011e-07,5.233654172753419e-07,4.914517117977032e-08,0.0,3.782438562783164e-19,6.464536118458899e-33,2.006780732166398e-33
3,adam,999,1090.0,1776.0,1.107876583329221e-06,1.0640506703908389e-06,2.0792910242487306e-08,5.262825532349224e-07,5.16975206913429e-07,4.369861978690188e-08,0.0,1.473243773034233e-19,6.483160361913084e-33,1.998771897170739e-33
3,adam,1024,1090.0,1776.0,1.0372242886531755e-06,9.958234128868262e-07,1.6133480172466735e-08,4.762177704255467e-07,5.034721622888129e-07,4.127356602641638e-08,0.0,1.188351653254924e-19,6.5082566860445e-33,2.041992859566636e-33
3,adam,1049,1090.0,1776.0,1.0117789152160237e-06,9.719612585128126e-07,8.448335794141722e-09,4.691138896838821e-07,4.943990330347888e-07,3.9690331523602743e-08,0.0,6.959263970526796e-20,6.50279809939156e-33,2.043941515972889e-33
3,adam,1074,1090.0,1776.0,9.966403618153585e-07,9.57149031383281e-07,8.01188449539108e-09,4.6379206994496254e-07,4.853450769429273e-07,3.936399006625288e-08,0.0,6.783535514127907e-20,6.508026356931883e-33,2.0432133321066186e-33
3,adam,1099,1090.0,1776.0,9.826360191531832e-07,9.436565442970514e-07,8.013384929130422e-09,4.5888882196677843e-07,4.7675433740114246e-07,3.88521191650603e-08,0.0,6.835019433475083e-20,6.507001599381727e-33,2.0435093047926694e-33
3,adam,1124,1090.0,1776.0,9.692905628339967e-07,9.30772008693556e-07,8.05216475033139e-09,4.541663414275109e-07,4.685535025157137e-07,3.839118330710744e-08,0.0,6.917159478675739e-20,6.506474151631029e-33,2.0434502078368783e-33
3,adam,1149,1090.0,1776.0,9.565140832784272e-07,9.184685151259439e-07,8.101468142887033e-09,4.4965446905686716e-07,4.607125779261896e-07,3.791818221008805e-08,0.0,7.010919334834923e-20,6.506136356140283e-33,2.0432947871804712e-33
3,adam,1174,1090.0,1776.0,3.3297537876689896e-06,2.876648838476932e-06,1.919488260029566e-06,4.777217175521256e-07,4.794388608952404e-07,4.529775476803042e-07,0.0,1.1441517216545202e-17,6.393565856010841e-33,2.084682880333663e-33
3,adam,1199,1090.0,1776.0,1.5291817439888932e-06,1.388484600964076e-06,4.403211249941142e-07,4.570634161991648e-07,4.911000597707969e-07,1.4056974014229286e-07,0.0,2.9059226539840997e-18,6.623598179156232e-33,2.000228622379047e-33
3,adam,1224,1090.0,1776.0,1.0394806937648162e-06,9.919728903501906e-07,4.60797487334444e-08,5.464908390147e-07,3.9940230260204627e-07,4.7380390258401704e-08,0.0,3.140423385724764e-19,6.223468605657597e-33,1.9448373395470902e-33
3,adam,1249,1090.0,1776.0,9.699587681823285e-07,9.336515025072658e-07,7.778079506449417e-09,5.38386039353895e-07,3.874873836469214e-07,3.617984038870991e-08,0.0,6.854178443502124e-20,6.188908846875409e-33,1.961336345571628e-33
3,adam,1274,1090.0,1776.0,9.598989034594648e-07,9.243771802450202e-07,7.638912560457159e-09,5.328574285658722e-07,3.8388083911869075e-07,3.539428415663706e-08,0.0,6.735421343497224e-20,6.174847504383312e-33,1.9659192016472778e-33
3,adam,1299,1090.0,1776.0,9.503928704831563e-07,9.146570746032369e-07,7.420788751743859e-09,5.262870502639331e-07,3.8094923558755987e-07,3.5608342152371116e-08,0.0,6.638971450805251e-20,6.180142403970775e-33,1.9646941243184588e-33
3,adam,1324,1090.0,1776.0,9.416625270105855e-07,9.058548233258453e-07,7.4219625331376485e-09,5.204852254840589e-07,3.779476353086487e-07,3.5680234649220494e-08,0.0,6.657375553365541e-20,6.179902986803977e-33,1.965286709893942e-33
3,adam,1349,1090.0,1776.0,9.333013008211696e-07,8.974186880628259e-07,7.41982776268294e-09,5.149945923602622e-07,3.750042679398808e-07,3.5755128051697424e-08,0.0,6.670748341158635e-20,6.179471268241784e-33,1.9658668105688724e-33
3,adam,1374,1090.0,1776.0,9.252797395763179e-07,8.892983484501222e-07,7.4114234180426905e-09,5.097515436839651e-07,3.7213538134811447e-07,3.5853890499057244e-08,0.0,6.680768787198595e-20,6.179439548592071e-33,1.9662920216666772e-33
3,adam,1399,1090.0,1776.0,9.176534216481133e-07,8.814898783165723e-07,7.444071038334518e-09,5.04657527427575e-07,3.693882798506628e-07,3.603602658177138e-08,0.0,6.725581289754313e-20,6.181186846766854e-33,1.966073466920174e-33
3,lbfgs,1400,1090.0,1776.0,9.559873860231272e-07,9.199633918008228e-07,7.599187362540826e-09,5.125821040389281e-07,3.997821003993539e-07,3.5896476807996354e-08,0.0,6.750901559223814e-20,6.109955636877189e-33,1.9619107286944804e-33
3,lbfgs,1409,1090.0,1776.0,9.557411687041074e-07,9.196108850956513e-07,7.4317533060069855e-09,5.124672367195765e-07,3.9971189507006785e-07,3.6002766191920196e-08,0.0,6.658235483565182e-20,6.110408886211424e-33,1.9620149566160038e-33
3,lbfgs,1419,1090.0,1776.0,9.556988207674245e-07,9.194807727182246e-07,7.420648039087879e-09,5.123670873228629e-07,3.996930373562738e-07,3.6090530630012595e-08,0.0,6.64529456431738e-20,6.112349261777934e-33,1.9616542928446298e-33
3,lbfgs,1429,1090.0,1776.0,9.556602036557987e-07,9.19550308671082e-07,7.417209392416726e-09,5.124712467244066e-07,3.9966185255425867e-07,3.598237756288425e-08,0.0,6.641606083160616e-20,6.109835527666572e-33,1.9624853064377935e-33
3,lbfgs,1439,1090.0,1776.0,9.556248707753225e-07,9.194820450607588e-07,7.415960084795337e-09,5.12406939009959e-07,3.996591459660045e-07,3.6015308290842124e-08,0.0,6.640271929617348e-20,6.111182088715295e-33,1.9621532180842342e-33
3,lbfgs,1449,1090.0,1776.0,9.555928333009732e-07,9.194229927048051e-07,7.414763587099611e-09,5.123458189413287e-07,3.9966241017637674e-07,3.6042323169731096e-08,0.0,6.639068458618813e-20,6.112648228438497e-33,1.9617951015709552e-33
3,lbfgs,1459,1090.0,1776.0,9.555604282899769e-07,9.195101863865083e-07,7.413967704811152e-09,5.124525735370412e-07,3.9964364514465595e-07,3.592272447448251e-08,0.0,6.63846678925589e-20,6.11021595546527e-33,1.9625435564480843e-33
3,lbfgs,1469,1090.0,1776.0,9.555298062853613e-07,9.19455272808643e-07,7.413400784499452e-09,5.123981918522491e-07,3.9964368017189444e-07,3.5947016045953744e-08,0.0,6.637912656053178e-20,6.111409158940914e-33,1.962234207999091e-33
3,lbfgs,1479,1090.0,1776.0,9.555016064201695e-07,9.194044428005863e-07,7.4126508709043e-09,5.123437955078722e-07,3.996479964218098e-07,3.596964618628911e-08,0.0,6.637194060050833e-20,6.1127444244530976e-33,1.9618974967663128e-33
3,lbfgs,1489,1090.0,1776.0,9.554728213252176e-07,9.194878106717319e-07,7.41207941667488e-09,5.124464235461677e-07,3.9962930770888935e-07,3.585749321782679e-08,0.0,6.636809063174941e-20,6.1104304165021826e-33,1.9626048356200123e-33
3,lbfgs,1499,1090.0,1776.0,9.554454510963265e-07,9.194361806045953e-07,7.4116286465947625e-09,5.123954310735976e-07,3.996291208844029e-07,3.5881753054422715e-08,0.0,6.636364121560978e-20,6.111547295067774e-33,1.96231496512591e-33
3,lbfgs,1509,1090.0,1776.0,9.55420115922186e-07,9.19386884498499e-07,7.411024416798202e-09,5.123435870722458e-07,3.9963227300945503e-07,3.590571398402785e-08,0.0,6.635778821698404e-20,6.112805961192518e-33,1.9619982761378874e-33
3,lbfgs,1519,1090.0,1776.0,9.553941470367117e-07,9.194650571641436e-07,7.410582873092684e-09,5.124415805492926e-07,3.996128937417583e-07,3.580157243070645e-08,0.0,6.635506204855643e-20,6.11060342026389e-33,1.962672323077266e-33
3,lbfgs,1529,1090.0,1776.0,9.553693740602533e-07,9.19415434333942e-07,7.410215030700744e-09,5.123929121468495e-07,3.9961230715639174e-07,3.582642228290838e-08,0.0,6.63513725581477e-20,6.111662600602587e-33,1.9623983593112757e-33
3,lbfgs,1539,1090.0,1776.0,9.553463760338208e-07,9.193671317661624e-07,7.409723522205001e-09,5.123429738719251e-07,3.9961443437203234e-07,3.585172682205408e-08,0.0,6.634655376667364e-20,6.11286008800604e-33,1.9620981854646325e-33
3,lbfgs,1549,1090.0,1776.0,9.55322743719794e-07,9.194408709098462e-07,7.40938509152144e-09,5.124366641331124e-07,3.995948216852124e-07,3.575435536227422e-08,0.0,6.634472497916898e-20,6.110757298861205e-33,1.962742301807926e-33
3,lbfgs,1559,1090.0,1776.0,9.553001534391525e-07,9.193930985019195e-07,7.409083450737131e-09,5.123900326423047e-07,3.995939824088778e-07,3.577953748810796e-08,0.0,6.634165496172985e-20,6.111767074261371e-33,1.9624815905169326e-33
3,lbfgs,1569,1090.0,1776.0,9.55279141360116e-07,9.193459472171012e-07,7.408681856797899e-09,5.123418534938666e-07,3.995954118664366e-07,3.5805676691811624e-08,0.0,6.633767872552937e-20,6.1129109144106295e-33,1.9621952608487963e-33
3,lbfgs,1579,1090.0,1776.0,9.55257512309454e-07,9.194159942333934e-07,7.408425069329036e-09,5.124315947205876e-07,3.995759744434768e-07,3.571400062289919e-08,0.0,6.633656695884084e-20,6.1108982143517606e-33,1.962811745544085e-33
3,lbfgs,1589,1090.0,1776.0,9.552368061343332e-07,9.193700385411759e-07,7.408176162363807e-09,5.123868463025946e-07,3.995750160762175e-07,3.5739250138619655e-08,0.0,6.633400155817916e-20,6.1118638124408447e-33,1.9625624506572645e-33
3,lbfgs,1599,1090.0,1776.0,9.552175183981377e-07,9.193241826104513e-07,7.407846116853723e-09,5.123403405088444e-07,3.995759959847532e-07,3.576581833117497e-08,0.0,6.633071019615279e-20,6.1129591327515954e-33,1.962288070282241e-33
3,lbfgs,1609,1090.0,1776.0,9.551976369673907e-07,9.193910788852609e-07,7.407653716935791e-09,5.124264360021708e-07,3.995569891661543e-07,3.567904062375506e-08,0.0,6.633016774693884e-20,6.111028618611398e-33,1.9628788795812626e-33
3,lbfgs,1619,1090.0,1776.0,9.551785804144918e-07,9.193468884340388e-07,7.407446817780348e-09,5.123834416523654e-07,3.9955599996389295e-07,3.5704174520766393e-08,0.0,6.632801336831608e-20,6.111953979845467e-33,1.962639671259738e-33
3,lbfgs,1629,1090.0,1776.0,9.551608071681576e-07,9.193023892967736e-07,7.407173703683959e-09,5.123385202695408e-07,3.995566953235488e-07,3.573090040981358e-08,0.0,6.632527852680395e-20,6.1130048494116944e-33,1.9623758435697583e-33
3,lbfgs,1639,1090.0,1776.0,9.551424646198344e-07,9.19366524357681e-07,7.407031938817779e-09,5.124212339835652e-07,3.9953825843529793e-07,3.564842279880165e-08,0.0,6.632518578307531e-20,6.111149728922897e-33,1.962942781147767e-33
3,lbfgs,1649,1090.0,1776.0,9.55124863561957e-07,9.19324019240291e-07,7.4068585073961305e-09,5.123798699254742e-07,3.9953729080742056e-07,3.567332685705878e-08,0.0,6.632336620577078e-20,6.112038120848629e-33,1.9627126328488824e-33
3,lbfgs,1659,1090.0,1776.0,9.55108428951316e-07,9.192808733390008e-07,7.40663066727307e-09,5.123364356466161e-07,3.995378070251116e-07,3.570003814590269e-08,0.0,6.632108325143287e-20,6.113048018384529e-33,1.9624582713002656e-33
3,lbfgs,1669,1090.0,1776.0,9.550914486305646e-07,9.193425369519606e-07,7.406528556592673e-09,5.124160047248969e-07,3.995200036704711e-07,3.5621394210482564e-08,0.0,6.632134335814912e-20,6.111262241610842e-33,1.963003039048959e-33
3,lbfgs,1679,1090.0,1776.0,9.550751375227242e-07,9.193016175656609e-07,7.406381757833489e-09,5.123761500752451e-07,3.995190857325823e-07,3.5646002487736316e-08,0.0,6.631979620381566e-20,6.112116522111204e-33,1.9627811130848723e-33
3,lbfgs,1689,1090.0,1776.0,9.550598905962961e-07,9.192597793138568e-07,7.4061898476742175e-09,5.123341010099953e-07,3.9951948845618724e-07,3.567259381137719e-08,0.0,6.631787945241955e-20,6.113088543008573e-33,1.9625353299014035e-33
3,lbfgs,1699,1090.0,1776.0,9.5504412004653e-07,9.193191968113326e-07,7.406118596355904e-09,5.124107431206762e-07,3.9950233509430055e-07,3.5597405762491023e-08,0.0,6.631841385215121e-20,6.111366617255091e-33,1.9630595380023172e-33
3,lbfgs,1709,1090.0,1776.0,9.550289554389148e-07,9.192797533062998e-07,7.40599293280704e-09,5.123722810651779e-07,3.9950147930831477e-07,3.5621684658747567e-08,0.0,6.631708784065408e-20,6.112189360591565e-33,1.962845121570503e-33
3,lbfgs,1719,1090.0,1776.0,9.55014764922375e-07,9.19239152564742e-07,7.4058294309053186e-09,5.123315149184268e-07,3.995018082154098e-07,3.564809488209325e-08,0.0,6.631546686401376e-20,6.113126320289539e-33,1.9626071627031592e-33
3,lbfgs,1729,1090.0,1776.0,9.55000071173371e-07,9.192965071958795e-07,7.405781979404888e-09,5.124054322834535e-07,3.994852929330212e-07,3.557604650036576e-08,0.0,6.631621177764325e-20,6.111463212987789e-33,1.9631123291758673e-33
3,lbfgs,1739,1090.0,1776.0,9.549859276674593e-07,9.192584265560807e-07,7.4056730135999604e-09,5.1236825153079e-07,3.9948450201169085e-07,3.5599983633132093e-08,0.0,6.631506462193563e-20,6.1122567757585826e-33,1.9629047974135643e-33
3,lbfgs,1749,1090.0,1776.0,9.549726785761386e-07,9.192189805416588e-07,7.405531847446434e-09,5.123286686805051e-07,3.994847800137072e-07,3.562618055461804e-08,0.0,6.631368139380242e-20,6.113161266153579e-33,1.962674003671679e-33
3,lbfgs,1759,1090.0,1776.0,9.549589449632237e-07,9.192744274382567e-07,7.4055025233101446e-09,5.124000503551087e-07,3.994688745598377e-07,3.5557000043572326e-08,0.0,6.631458504588639e-20,6.11155234736701e-33,1.9631615529373797e-33
3,lbfgs,1769,1090.0,1776.0,9.54945712391621e-07,9.192375982291726e-07,7.4054066654828455e-09,5.123640461835892e-07,3.994681453801007e-07,3.5580596679969605e-08,0.0,6.631358181355126e-20,6.1123189052545207e-33,1.9629603469747e-33
3,lbfgs,1779,1090.0,1776.0,9.549333035870092e-07,9.191992192830051e-07,7.405282924672305e-09,5.123255516689212e-07,3.994683846894116e-07,3.560656681996207e-08,0.0,6.631238847062659e-20,6.1131933271235375e-33,1.962736130430433e-33
3,lbfgs,1789,1090.0,1776.0,9.549204273898633e-07,9.192528941496504e-07,7.405267170687919e-09,5.123945748744306e-07,3.9945305210453186e-07,3.554001575468585e-08,0.0,6.631340888117934e-20,6.111634331036659e-33,1.963207393168023e-33
3,lbfgs,1799,1090.0,1776.0,9.549080086737272e-07,9.192172094849375e-07,7.405181514072227e-09,5.123596497121584e-07,3.9945237825870683e-07,3.556328170221227e-08,0.0,6.63125206974385e-20,6.112375900609985e-33,1.963012006732423e-33
3,lbfgs,1809,1090.0,1776.0,9.54896350964405e-07,9.191798099532629e-07,7.4050712262729755e-09,5.12322154351164e-07,3.994525843758258e-07,3.558902352304907e-08,0.0,6.631147775469535e-20,6.113222484173021e-33,1.962793835906169e-33
3,lbfgs,1819,1090.0,1776.0,9.548842415370833e-07,9.192318345308202e-07,7.405065386008785e-09,5.123889853727817e-07,3.994377837720297e-07,3.552488951672935e-08,0.0,6.631258096613444e-20,6.111709478396198e-33,1.9632500509589254e-33
3,lbfgs,1829,1090.0,1776.0,9.548725509576312e-07,9.191971937398948e-07,7.404987577291158e-09,5.123550489490838e-07,3.9943715721351974e-07,3.5547839727182987e-08,0.0,6.631178396999777e-20,6.1124279322486546e-33,1.9630600216044717e-33
3,lbfgs,1839,1090.0,1776.0,9.548615655460696e-07,9.19160688936366e-07,7.404887531248866e-09,5.123184698671949e-07,3.994373315379222e-07,3.55733591176782e-08,0.0,6.631085887905842e-20,6.113248751042914e-33,1.9628474119888126e-33
3,lbfgs,1849,1090.0,1776.0,9.548501427696708e-07,9.192111743902244e-07,7.404888678205234e-09,5.123832646514301e-07,3.9942302106058897e-07,3.55114508860211e-08,0.0,6.631201751812276e-20,6.111778111658785e-33,1.9632897293427966e-33
3,lbfgs,1859,1090.0,1776.0,9.548391045284422e-07,9.191774838643797e-07,7.404816814470215e-09,5.123502339044804e-07,3.994224331454292e-07,3.5534103169645706e-08,0.0,6.631129201332659e-20,6.112475189011235e-33,1.963104632707878e-33
3,lbfgs,1869,1090.0,1776.0,9.548287217089662e-07,9.19141793748063e-07,7.404724418647444e-09,5.123144946431429e-07,3.994225746862727e-07,3.555941046505451e-08,0.0,6.631045798492555e-20,6.1132721709792874e-33,1.962897140263178e-33
3,lbfgs,1879,1090.0,1776.0,9.548179146771763e-07,9.19190842815756e-07,7.4047302191408245e-09,5.123773992931147e-07,3.9940871330350047e-07,3.549955436420919e-08,0.0,6.63116500893362e-20,6.111840559751978e-33,1.963326625119908e-33
3,lbfgs,1889,1090.0,1776.0,9.548074616717537e-07,9.191580163077925e-07,7.4046627651090346e-09,5.123451981067617e-07,3.9940815543592167e-07,3.552192786578498e-08,0.0,6.631097984679457e-20,6.112517874911283e-33,1.9631460708895537e-33
3,lbfgs,1899,1090.0,1776.0,9.547976197130053e-07,9.191230663666928e-07,7.404575933866306e-09,5.123102285141684e-07,3.994082619186581e-07,3.554703584674149e-08,0.0,6.631021488167652e-20,6.113292810934031e-33,1.962943287640121e-33
3,lbfgs,1909,1090.0,1776.0,9.547873656106593e-07,9.191707747193496e-07,7.404584536257892e-09,5.123713797112652e-07,3.993948104718265e-07,3.548907339041089e-08,0.0,6.631142293736541e-20,6.11189715481758e-33,1.96336092490549e-33
3,lbfgs,1919,1090.0,1776.0,9.547774383771612e-07,9.191387332805273e-07,7.404520257291601e-09,5.123399385320691e-07,3.993942744911666e-07,3.551118759479375e-08,0.0,6.631079461736422e-20,6.112556204889027e-33,1.9631845536750155e-33
3,lbfgs,1929,1090.0,1776.0,9.54768082559518e-07,9.191044548775438e-07,7.4044373185688326e-09,5.123056744851264e-07,3.993943430738486e-07,3.553611017877349e-08,0.0,6.631008070323392e-20,6.1133107568540114e-33,1.962986104300779e-33
3,lbfgs,1939,1090.0,1776.0,9.54758325685848e-07,9.191509119930936e-07,7.404447263330727e-09,5.123651998787579e-07,3.9938126485100495e-07,3.54798961882579e-08,0.0,6.631129085052613e-20,6.111948229129407e-33,1.9633928032785403e-33
3,lbfgs,1949,1090.0,1776.0,9.54748871483601e-07,9.191195837204932e-07,7.404385170897863e-09,5.123344553024983e-07,3.993807432470971e-07,3.5501770257692425e-08,0.0,6.631069352279664e-20,6.112590400684749e-33,1.9632202841506493e-33
3,lbfgs,1959,1090.0,1776.0,9.547399532565027e-07,9.190859141573515e-07,7.404304791001564e-09,5.123008384023095e-07,3.9938077096404034e-07,3.552652159240704e-08,0.0,6.631001596737203e-20,6.113326107745586e-33,1.963025823635935e-33
3,lbfgs,1969,1090.0,1776.0,9.547306441868825e-07,9.191312039030058e-07,7.404314937425739e-09,5.123588569863753e-07,3.993680319792048e-07,3.547192277586597e-08,0.0,6.631121734519243e-20,6.11199411073058e-33,1.9634224226830126e-33
3,lbfgs,1979,1090.0,1776.0,9.547216161958594e-07,9.191005235293445e-07,7.404254244466428e-09,5.12328751283363e-07,3.993675180015151e-07,3.549357515760594e-08,0.0,6.631064208736262e-20,6.11262068698189e-33,1.963253450986476e-33
3,lbfgs,1989,1090.0,1776.0,9.547130924515901e-07,9.190674058354959e-07,7.404175366406476e-09,5.122957284188358e-07,3.993675020502536e-07,3.5518169105885436e-08,0.0,6.630998895993292e-20,6.1133389737717265e-33,1.9630626620484876e-33
3,lbfgs,1999,1090.0,1776.0,9.547041872820723e-07,9.191116068738642e-07,7.404184832721474e-09,5.123523509220964e-07,3.993550711190464e-07,3.5465062896760306e-08,0.0,6.631117316317117e-20,6.112035122164319e-33,1.963449933302791e-33
3,lbfgs,2009,1090.0,1776.0,9.546955439084237e-07,9.190815153715196e-07,7.4041249170783016e-09,5.123228316466208e-07,3.9935455880782057e-07,3.548651102457704e-08,0.0,6.631061272661061e-20,6.112647288146359e-33,1.9632842290522053e-33
3,lbfgs,2019,1090.0,1776.0,9.546873763386763e-07,9.190488980399691e-07,7.404046710025657e-09,5.12290354623986e-07,3.9935449670595743e-07,3.551096078510748e-08,0.0,6.630997439255383e-20,6.113349470934682e-33,1.9630968203583326e-33
3,lbfgs,2029,1090.0,1776.0,9.546788360438592e-07,9.190920841434413e-07,7.404054824378693e-09,5.123456839053512e-07,3.993423454137115e-07,3.5459234385604386e-08,0.0,6.631113502275556e-20,6.112071576429658e-33,1.9634754742485754e-33
3,lbfgs,2039,1090.0,1776.0,9.546705403046193e-07,9.190625282349227e-07,7.403995198662783e-09,5.123167034431767e-07,3.993418295930832e-07,3.548049455402121e-08,0.0,6.63105835511631e-20,6.112670425602831e-33,1.9633127802934025e-33
3,lbfgs,2049,1090.0,1776.0,9.546626948383266e-07,9.190303648766027e-07,7.403917016351236e-09,5.122847285970435e-07,3.99341719263208e-07,3.5504812444801034e-08,0.0,6.630995228242638e-20,6.1133577188578435e-33,1.963128484686771e-33
3,lbfgs,2059,1090.0,1776.0,9.546544847001824e-07,9.19072605172502e-07,7.4039232766254666e-09,5.123388600374271e-07,3.9932982185844947e-07,3.545436200956718e-08,0.0,6.63110845750704e-20,6.1121037758205405e-33,1.963499174225959e-33
3,lbfgs,2069,1090.0,1776.0,9.546465036860676e-07,9.190435368733786e-07,7.403863563417621e-09,5.123103752103483e-07,3.993292980996127e-07,3.5475449293730247e-08,0.0,6.63105373693912e-20,6.112690315711182e-33,1.9633392547361555e-33
3,lbfgs,2079,1090.0,1776.0,9.54638949996619e-07,9.190117858385072e-07,7.403784909882187e-09,5.122788630234857e-07,3.9932913790513936e-07,3.5499646637928425e-08,0.0,6.630990701798374e-20,6.11336383864314e-33,1.96315782753618e-33
3,lbfgs,2089,1090.0,1776.0,9.54631039104717e-07,9.190531450478892e-07,7.403788950779647e-09,5.123318849475531e-07,3.9931747114955647e-07,3.545037653547531e-08,0.0,6.631100753468179e-20,6.1121320100775266e-33,1.9635211525748603e-33
3,lbfgs,2099,1090.0,1776.0,9.546233435064376e-07,9.190245212043297e-07,7.403728862172153e-09,5.123038566216247e-07,3.993169357205328e-07,3.5471304779925165e-08,0.0,6.631046085567072e-20,6.112707168170492e-33,1.9633637914855046e-33
3,lbfgs,2109,1090.0,1776.0,9.546160545771136e-07,9.189931452032473e-07,7.403649363528169e-09,5.122727713719637e-07,3.9931672446775545e-07,3.549539185048026e-08,0.0,6.630982658068353e-20,6.1133679509063045e-33,1.9631850089314367e-33
3,lbfgs,2119,1090.0,1776.0,9.5460841538752e-07,9.190336838335659e-07,7.403650929553265e-09,5.123247654360963e-07,3.993052674679164e-07,3.544721402941931e-08,0.0,6.63108929537782e-20,6.11215655601055e-33,1.9635415199775017e-33
3,lbfgs,2129,1090.0,1776.0,9.546009790800126e-07,9.190054656992962e-07,7.403590250289217e-09,5.122971581759951e-07,3.993047172730118e-07,3.5467995855364845e-08,0.0,6.631034385690864e-20,6.1127211850072815e-33,1.963386519633984e-33
3,lbfgs,2139,1090.0,1776.0,9.545939308228406e-07,9.18974431425004e-07,7.403509631465477e-09,5.12266467599374e-07,3.9930445419416446e-07,3.549198187130151e-08,0.0,6.630970189589065e-20,6.113370174735855e-33,1.96321017735585e-33
3,lbfgs,2149,1090.0,1776.0,9.545865387700849e-07,9.190142059799746e-07,7.403508554818543e-09,5.123175092038863e-07,3.992931882212698e-07,3.54448152624446e-08,0.0,6.631073261795104e-20,6.11217767661595e-33,1.963560379354014e-33
4,adam,0,1776.0,2736.3999999999996,0.10882983319840898,0.08162237483176624,0.00027777776727625533,0.05880858639376595,0.022536010670724027,0.027207458277255406,0.0,1.0074542910438299e-15,1.9600533259632193e-30,2.499999999999994e-31
4,adam,24,1776.0,2736.3999999999996,0.0258550408146872,0.01234740724938787,6.686563229290542e-05,0.007079901333508036,0.0052006402835869285,0.0135076334741318,0.0,8.522162576312287e-17,2.560255206118639e-31,5.792764848672987e-32
4,adam,49,1776.0,2736.3999999999996,0.019907513379819303,0.007052051617262706,7.468834684070306e-06,0.004106231294903367,0.002938351487675269,0.012855461668752004,0.0,1.0895316132411678e-17,1.5919561900466934e-31,3.13446748147478e-32
4,adam,74,1776.0,2736.3999999999996,0.017589666553903576,0.005283650048638493,4.810535025168246e-06,0.0030664457120976895,0.0022123938015156355,0.012306016408406728,0.0,6.5607752981561995e-18,1.1834476504113222e-31,2.1963768752069688e-32
4,adam,99,1776.0,2736.3999999999996,0.016296886301008638,0.004578728266989069,3.053231861536618e-06,0.0028506119957710874,0.0017250630393564443,0.01171815793418389,0.0,4.11960204251413e-18,9.640391529728948e-32,1.9659398808548525e-32
4,adam,124,1776.0,2736.3999999999996,0.015356099398025295,0.004124842233246953,5.634377457207048e-07,0.002685880306843334,0.0014383984886578982,0.011231257062191018,0.0,1.0031938332901e-18,8.46315612837643e-32,1.7685320879411356e-32
4,adam,149,1776.0,2736.3999999999996,0.01352839047366117,0.0030595087891143575,2.283701436720063e-07,0.001878632358507555,0.0011806480604631307,0.010468881578765228,0.0,4.2396477474850595e-19,7.332976039580197e-32,1.4150680958470654e-32
4,adam,174,1776.0,2736.3999999999996,0.009824842809890268,0.0016580910907548266,2.3607831449500085e-07,0.0009937116358532214,0.0006641433765871103,0.008166751608199711,0.0,3.6587010914058037e-19,5.357082297430122e-32,9.319927552003772e-33
4,adam,199,1776.0,2736.3999999999996,0.0070832378924062895,0.0008920217171322943,3.636975012847032e-07,0.0005932197427607538,0.0002984382768702559,0.006191216059587345,0.0,8.76184378999239e-19,4.312085543028423e-32,6.204868224133442e-33
4,adam,224,1776.0,2736.3999999999996,0.005645160367193016,0.0008227060571334451,2.9102059134089804e-07,0.0006204273582010153,0.00020198767834108886,0.0048224541907608085,0.0,6.163628651387872e-19,3.48940340473816e-32,5.623503314911324e-33
4,adam,249,1776.0,2736.3999999999996,0.004220906345944307,0.0005334237453518877,2.2502775548181283e-07,0.0003536523837808606,0.00017954633381554535,0.003687482478981957,0.0,4.1551286211583287e-19,3.156522305509794e-32,4.6981050673656004e-33
4,adam,274,1776.0,2736.3999999999996,0.003267490265968421,0.00041336972982173887,1.434818014739131e-07,0.0002594758346019351,0.00015375041341832987,0.0028541204120089408,0.0,2.4031198894189733e-19,2.9427015292204115e-32,4.3142883616679e-33
4,adam,299,1776.0,2736.3999999999996,0.00463827385794514,0.001167578488028879,2.5724087471059694e-07,0.0004713603987333563,0.0006959608484208121,0.0034706952433916885,0.0,2.4872530633795353e-19,3.640907292499869e-32,2.4063835503678883e-33
4,adam,324,1776.0,2736.3999999999996,0.003007406628715775,0.0010401854561122232,1.4080671034292685e-07,0.0005847812673514915,0.0004552633820503888,0.0019672210448510715,0.0,2.8581889878771775e-19,2.1038048517180772e-32,4.289857725937896e-33
4,adam,349,1776.0,2736.3999999999996,0.0019063324724173838,0.00035367228159610643,8.545490194571454e-08,0.00017183908773225876,0.00018174773896190198,0.0015526600625765986,0.0,2.2620486159899198e-19,2.50447996702488e-32,3.527610785473751e-33
4,adam,374,1776.0,2736.3999999999996,0.0015321255591008297,0.0002992160715139068,3.6694447271980616e-08,0.00015268207518040784,0.00014649730188622703,0.0012329093581652966,0.0,7.448442671768942e-20,2.4671175813483143e-32,3.677280360255614e-33
4,adam,399,1776.0,2736.3999999999996,0.0012575861313899343,0.00027461867136401496,2.5339237283472274e-08,0.00012502436029133016,0.00014956897183540134,0.0009829673293619086,0.0,5.0076137376921265e-20,2.2916875651201988e-32,3.573821699310741e-33
4,adam,424,1776.0,2736.3999999999996,0.0010526208502935803,0.00025684535537244947,2.2517187857985413e-08,0.00011844261800273707,0.00013838022018185442,0.0007957753630303005,0.0,4.5674504432380816e-20,2.464972922154689e-32,3.603721431280851e-33
4,adam,449,1776.0,2736.3999999999996,0.0008643809973923039,0.0002320924189364638,1.96092511301563e-08,0.00010490121892673788,0.00012717159075859578,0.0006322884453776769,0.0,3.767244016339463e-20,2.3906656787908598e-32,3.4725043655204214e-33
4,adam,474,1776.0,2736.3999999999996,0.000710763196409798,0.00021149422547437507,1.7507099158429388e-08,9.258800012722851e-05,0.00011888871824798813,0.0004992688367403236,0.0,3.142174283574042e-20,2.3174177325217494e-32,3.395740049762145e-33
4,adam,499,1776.0,2736.3999999999996,0.0005854050398178975,0.00019255952085130718,1.6376566968493798e-08,8.270088833819003e-05,0.00010984225594614866,0.0003928453837214986,0.0,2.6934023433902315e-20,2.2566697586594954e-32,3.32195379261367e-33
4,adam,524,1776.0,2736.3999999999996,0.00048291356974578106,0.00017474033808014284,1.6206093739369507e-08,7.405353806970139e-05,0.00010067059391670208,0.0003081730954359447,0.0,2.4145086229959954e-20,2.2051374171803835e-32,3.25617326040391e-33
4,adam,549,1776.0,2736.3999999999996,0.0003987200193722873,0.0001576239696578943,1.703791305686406e-08,6.620786217042984e-05,9.13990695744076e-05,0.00024109591256079774,0.0,2.3296485559162045e-20,2.160110890500368e-32,3.1945017478275736e-33
4,adam,574,1776.0,2736.3999999999996,0.0008524365232109253,0.0005055122701557474,2.8950307473663213e-08,0.00019258832656867932,0.00031289499327959446,0.00034692411503603216,0.0,3.6871102893165417e-20,3.072117231548875e-32,1.5294340463638545e-33
4,adam,599,1776.0,2736.3999999999996,0.0005984844897903065,0.0003987316813308311,1.9782052928210643e-07,0.00020820183702428127,0.00019033202377726768,0.00019975266986585675,0.0,4.476380802367289e-19,1.8085149060617603e-32,2.151320117829448e-33
4,adam,624,1776.0,2736.3999999999996,0.000279355057456265,0.0001389730045549798,4.2439197135946313e-08,4.3987722822729714e-05,9.494284253511412e-05,0.00014038191399416117,0.0,8.327944927507015e-20,2.087567094374258e-32,2.8318917252901686e-33
4,adam,649,1776.0,2736.3999999999996,0.00022115316271980047,0.00011576491224805308,2.5700621307324856e-08,4.8472897939608004e-05,6.726631368713776e-05,0.00010538811090372018,0.0,3.707368482887407e-20,2.00161078929473e-32,2.8938454807728765e-33
4,adam,674,1776.0,2736.3999999999996,0.00018332438374490717,0.00010035925498978266,1.842322179277088e-08,4.166781853985696e-05,5.867301322813293e-05,8.2964988536528e-05,0.0,2.6647859263302293e-20,1.952592181244775e-32,2.9366898366739553e-33
4,adam,699,1776.0,2736.3999999999996,0.0001522364654912158,8.677615238710627e-05,1.8082667952536367e-08,3.651106999777021e-05,5.0246999721383517e-05,6.546017225412001e-05,0.0,2.3991062885207342e-20,1.9339823320937015e-32,2.8672838625758354e-33
4,adam,724,1776.0,2736.3999999999996,0.00018710937519717476,0.00012124928792349058,3.322908628923689e-08,6.8918241830262e-05,5.229781700693934e-05,6.585994581663052e-05,0.0,4.0164358715113066e-20,1.8089423639936727e-32,3.6989677430690765e-33
4,adam,749,1776.0,2736.3999999999996,0.0002083252946333734,0.0001366408578310835,4.5448259895125715e-07,5.078190554343665e-05,8.540446968869558e-05,7.168429477335842e-05,0.0,8.519748221015149e-19,1.892496912007315e-32,1.9861222346128634e-33
4,adam,774,1776.0,2736.3999999999996,0.00013510018631441117,8.717067434979713e-05,1.1215570626035946e-07,4.671095870084296e-05,4.0347559942693813e-05,4.7929369567153994e-05,0.0,2.219687186186051e-19,1.7899010243318435e-32,3.256413588544284e-33
4,adam,799,1776.0,2736.3999999999996,0.00010226736786041493,7.070582091228781e-05,2.6432992747903282e-08,2.6946032498217936e-05,4.373335542132197e-05,3.156140412173716e-05,0.0,5.076792460131786e-20,1.9155483921201152e-32,2.3158648818984245e-33
4,adam,824,1776.0,2736.3999999999996,0.00020337701046554537,0.0001495716225305449,4.141682160604077e-08,9.416172961436245e-05,5.536847609457641e-05,5.3805244712421114e-05,0.0,4.9123635814450506e-20,1.69457814170811e-32,3.8758416536610774e-33
4,adam,849,1776.0,2736.3999999999996,0.0001030619196279139,7.637899713820056e-05,2.3381483459043138e-08,4.160902957408722e-05,3.4746586080654307e-05,2.6682778935766307e-05,0.0,2.9737706545027266e-20,1.690194667629743e-32,3.134725234484153e-33
4,adam,874,1776.0,2736.3999999999996,6.230354445594108e-05,4.971158931731786e-05,1.1762551892967951e-08,2.1194547606472202e-05,2.850527915895269e-05,1.2591811270360876e-05,0.0,1.6980947116282164e-20,1.7608437327306452e-32,2.5630865704300475e-33
4,adam,899,1776.0,2736.3999999999996,0.0022261777660966785,0.001955817696731443,5.500013800110033e-07,0.0014863266030003964,0.0004689410923510352,0.00027035992474665134,0.0,1.371209023991166e-18,1.8348594393201535e-32,3.0442029006373575e-33
4,adam,924,1776.0,2736.3999999999996,0.00014513192913434423,0.00010273534422970805,7.31062202021515e-07,2.9053142367347005e-05,7.295113966033953e-05,4.239644096335279e-05,0.0,8.694206089072617e-19,1.907167064688471e-32,2.1543420883619383e-33
4,adam,949,1776.0,2736.3999999999996,0.00010702476494727528,9.220303925853529e-05,1.0606463952718841e-07,3.983502176362047e-05,5.226195285538763e-05,1.4821581521048918e-05,0.0,9.579475903059119e-20,1.9590346135157503e-32,2.024473313829738e-33
4,adam,974,1776.0,2736.3999999999996,6.415480073006675e-05,5.187621495243392e-05,1.5822432134955583e-07,2.0047671240212857e-05,3.1670319390871505e-05,1.2278441250665233e-05,0.0,2.5024379985278703e-19,1.7950686778330275e-32,2.8064490365565162e-33
4,adam,999,1776.0,2736.3999999999996,5.460873509284565e-05,4.57782227552653e-05,1.4036531228632283e-08,2.2016720065401745e-05,2.3747466158634922e-05,8.830367447053025e-06,0.0,2.759431487095609e-20,1.7819455833924764e-32,2.6536849301063622e-33
4,adam,1024,1776.0,2736.3999999999996,4.974453571048017e-05,4.176267711459888e-05,1.0690729820680532e-08,1.8389235446554888e-05,2.336275093822331e-05,7.981713372430355e-06,0.0,2.1742412879958803e-20,1.7982990188070745e-32,2.630257401032757e-33
4,adam,1049,1776.0,2736.3999999999996,4.462776537098157e-05,3.801414583435999e-05,9.483913315667758e-09,1.6992005592970642e-05,2.1012656328073678e-05,6.613474004663404e-06,0.0,1.9746075792057446e-20,1.797127286469367e-32,2.5859649836510885e-33
4,adam,1074,1776.0,2736.3999999999996,4.040314316254365e-05,3.484185834563388e-05,8.748817189652446e-09,1.548902503627228e-05,1.9344084492171946e-05,5.5611390093373516e-06,0.0,1.8149608517741175e-20,1.7934566436272479e-32,2.565406919563672e-33
4,adam,1099,1776.0,2736.3999999999996,3.67029023264374e-05,3.20013613573807e-05,8.232325881092428e-09,1.4192840811390016e-05,1.780028822010959e-05,4.701394910310896e-06,0.0,1.677582071135258e-20,1.7897090099274444e-32,2.552668563501225e-33
4,adam,1124,1776.0,2736.3999999999996,3.33696850378983e-05,2.9365491453151708e-05,7.754723082762425e-09,1.3026967058813191e-05,1.6330769671255753e-05,4.00404729182619e-06,0.0,1.551084560319843e-20,1.7862514877183288e-32,2.5429381618605877e-33
4,adam,1149,1776.0,2736.3999999999996,3.032169260547114e-05,2.6883149970693897e-05,7.325092575387513e-09,1.1931576853822157e-05,1.4944248024296354e-05,3.438396120133871e-06,0.0,1.4389712914554796e-20,1.7830264508441022e-32,2.5349637537756067e-33
4,adam,1174,1776.0,2736.3999999999996,2.750848868931154e-05,2.4535840417555024e-05,6.9675095683515635e-09,1.0907950721271636e-05,1.3620922186715037e-05,2.9725015448676785e-06,0.0,1.3412458944448187e-20,1.7799860107821048e-32,2.5276586654585228e-33
4,adam,1199,1776.0,2736.3999999999996,2.4898505262950143e-05,2.2312878911922408e-05,6.695640134467659e-09,9.946094575903222e-06,1.2360088695884718e-05,2.5854794194528412e-06,0.0,1.2589168050165687e-20,1.7770450774479535e-32,2.5207738299140267e-33
4,adam,1224,1776.0,2736.3999999999996,2.0528533553566042e-05,1.8386839466180932e-05,6.772213920915176e-09,8.226560397129089e-06,1.015350685513093e-05,2.141546975237182e-06,0.0,1.2121416613817686e-20,1.7411501803141523e-32,2.476142929897813e-33
4,adam,1249,1776.0,2736.3999999999996,1.8623628103997888e-05,1.678925751281878e-05,6.6926659518151545e-09,7.564217084463868e-06,9.218347762403097e-06,1.8342233049280322e-06,0.0,1.1663031401443662e-20,1.7373465337381616e-32,2.4712860791745136e-33
4,adam,1274,1776.0,2736.3999999999996,1.6886266649865105e-05,1.5278192558278606e-05,6.4919603965604185e-09,6.944476292386762e-06,8.327224305495281e-06,1.6079266298172864e-06,0.0,1.1053534999028493e-20,1.7354275270639582e-32,2.4669193191231767e-33
4,adam,1299,1776.0,2736.3999999999996,1.5288381143275635e-05,1.3864262001405619e-05,6.337500834391808e-09,6.341005040035185e-06,7.51691946053604e-06,1.4239715066713403e-06,0.0,1.0548448976173093e-20,1.7338798993437116e-32,2.4616980306800128e-33
4,adam,1324,1776.0,2736.3999999999996,5.219618312714656e-05,4.1147697329330195e-05,8.556549466188954e-08,2.359924281497589e-05,1.7462889019692417e-05,1.1048337987741745e-05,0.0,1.1682163447346907e-19,1.6396722593813982e-32,3.145360153644591e-33
4,adam,1349,1776.0,2736.3999999999996,2.167406783096021e-05,1.7754981998667003e-05,9.323472740710805e-08,7.3803144318185225e-06,1.0281432839441373e-05,3.918937870617539e-06,0.0,1.4902062808551037e-19,1.7920927453857422e-32,2.202933810458022e-33
4,adam,1374,1776.0,2736.3999999999996,2.1320799244438243e-05,1.7039358511143858e-05,1.5064518234529832e-08,6.794550098124766e-06,1.0229743894784562e-05,4.281292614340847e-06,0.0,2.1258580563180698e-20,1.7798174759153486e-32,2.159888483878518e-33
4,adam,1399,1776.0,2736.3999999999996,2.2963405355116762e-05,2.2167096228659538e-05,1.6316364212526763e-06,1.4591686560634773e-05,5.943773246772091e-06,7.961608435829696e-07,0.0,2.6679228599447338e-18,1.6570488108046957e-32,2.3634454784884097e-33
4,lbfgs,1400,1776.0,2736.3999999999996,2.1639680319138132e-05,2.1001169519984304e-05,3.87157475297384e-07,1.4862608829980948e-05,5.75140321470597e-06,6.38362510287393e-07,0.0,7.122169018835174e-19,1.7889250900098123e-32,2.5665726957296177e-33
4,lbfgs,1409,1776.0,2736.3999999999996,1.2318338731464413e-05,1.1487889538751512e-05,6.526036859324604e-09,6.391776533359938e-06,5.089586968532249e-06,8.303009050540506e-07,0.0,1.1534576270662727e-20,1.8705296932121478e-32,2.5592644517107143e-33
4,lbfgs,1419,1776.0,2736.3999999999996,8.501848801563545e-06,7.714909154208814e-06,1.4879490125590349e-08,2.2867515630606637e-06,5.413278101022559e-06,7.867912912495967e-07,0.0,2.517858432397763e-20,1.8563411114789358e-32,2.6267617571563766e-33
4,lbfgs,1429,1776.0,2736.3999999999996,4.307344580140968e-06,4.1622917674840635e-06,6.2410139923575565e-09,1.4861282293639062e-06,2.6699225241278e-06,1.449042551044179e-07,0.0,1.0840190269598097e-20,1.8878382417738774e-32,2.583412291649365e-33
4,lbfgs,1439,1776.0,2736.3999999999996,2.879894304293208e-06,2.831145407198126e-06,8.74141425361062e-09,1.1513677059922592e-06,1.671036286952256e-06,4.860024692221503e-08,0.0,1.6524609487424098e-20,1.864177681392648e-32,2.621653969777337e-33
4,lbfgs,1449,1776.0,2736.3999999999996,1.8489951939560497e-06,1.7960774150121689e-06,7.137760756694763e-09,9.45659792281422e-07,8.432798619740521e-07,5.276903173502287e-08,0.0,1.0523996171166288e-20,1.8745428421025523e-32,2.5669494404777563e-33
4,lbfgs,1459,1776.0,2736.3999999999996,1.6260289809998454e-06,1.579897079870938e-06,4.534488069695096e-09,7.256014081409694e-07,8.497611836602735e-07,4.5983159891352375e-08,0.0,7.22669241530338e-21,1.884737220697383e-32,2.5663762014302066e-33
4,lbfgs,1469,1776.0,2736.3999999999996,1.3912019134328533e-06,1.3546651300963371e-06,8.292029253515183e-08,5.060811711608793e-07,7.656636664003061e-07,3.6387938285353305e-08,0.0,1.4663236836496613e-19,1.889295369024287e-32,2.565063973861832e-33
4,lbfgs,1479,1776.0,2736.3999999999996,1.1634060053915291e-06,1.1586650505224744e-06,1.2649623179842712e-08,5.263337658137863e-07,6.196816615288454e-07,4.592111813788807e-09,0.0,1.6817996371755516e-20,1.9024502341630938e-32,2.5662558988139778e-33
4,lbfgs,1489,1776.0,2736.3999999999996,9.824710693176934e-07,9.740360313894266e-07,1.538417711569121e-08,3.249199474052841e-07,6.337319068684514e-07,8.286153130195022e-09,0.0,3.0163656185719335e-20,1.904583972529151e-32,2.5814918157002135e-33
4,lbfgs,1499,1776.0,2736.3999999999996,9.224293462255698e-07,9.1884885548228e-07,4.6658503900794e-09,2.905855909398127e-07,6.235974141523879e-07,3.431568138050745e-09,0.0,7.306827582160367e-21,1.9052333944903874e-32,2.5666799544298287e-33
4,lbfgs,1509,1776.0,2736.3999999999996,1.0161706299756748e-06,9.73284032669121e-07,4.5309257383319365e-08,3.7291470516758567e-07,5.550600701182161e-07,4.273766158164364e-08,0.0,5.1939673972364656e-20,1.904307918106111e-32,2.603805376960388e-33
4,lbfgs,1519,1776.0,2736.3999999999996,7.443145983505446e-07,7.282541543613335e-07,2.988649893431453e-08,2.980453328104873e-07,4.003223226165317e-07,1.5911442126896482e-08,0.0,5.262592935800473e-20,1.903306918190657e-32,2.569170684151689e-33
4,lbfgs,1529,1776.0,2736.3999999999996,5.476496507000534e-07,5.393856846300975e-07,4.742711326530089e-09,3.00469998571919e-07,2.3417297473164837e-07,8.1148869320071e-09,0.0,1.1638835178720151e-20,1.9054383295032766e-32,2.572784153945101e-33
4,lbfgs,1539,1776.0,2736.3999999999996,4.940226275662221e-07,4.841429988042733e-07,4.4073795255098865e-09,2.971558312635953e-07,1.825797880151681e-07,9.730519993058426e-09,0.0,1.2244341438486708e-20,1.9058594660208148e-32,2.578637594090232e-33
4,lbfgs,1549,1776.0,2736.3999999999996,4.0240951870867976e-07,3.9515069445584075e-07,1.704774481828278e-09,1.6431780202284024e-07,2.291281179511722e-07,7.1096894329798e-09,0.0,3.733324315733732e-21,1.9063376141498155e-32,2.582662535436081e-33
4,lbfgs,1559,1776.0,2736.3999999999996,3.577516258458982e-07,3.4802929314993315e-07,2.2314472232560565e-09,1.3368871215856818e-07,2.1210913376810887e-07,9.573198597932007e-09,0.0,4.336079932619299e-21,1.9009039017715288e-32,2.5781237342707077e-33
4,lbfgs,1569,1776.0,2736.3999999999996,3.179047042124549e-07,3.058512545599817e-07,2.4001235454466413e-09,1.1127335563286446e-07,1.9217777538167058e-07,1.1904289613131403e-08,0.0,4.177147920076976e-21,1.899829987148055e-32,2.574918223454434e-33
4,lbfgs,1579,1776.0,2736.3999999999996,3.0962985382172143e-07,2.9715091649054857e-07,1.5977263117164715e-09,1.1561348245149342e-07,1.7993970772733865e-07,1.2329766044133219e-08,0.0,3.83757885991435e-21,1.901575269170385e-32,2.5709303750869392e-33
4,lbfgs,1589,1776.0,2736.3999999999996,2.928559020300906e-07,2.80730477306441e-07,1.9411007439284323e-09,1.064846960773466e-07,1.7230468048516598e-07,1.1976242824529272e-08,0.0,4.848893670583033e-21,1.899557227067891e-32,2.5699562214680578e-33
4,lbfgs,1599,1776.0,2736.3999999999996,2.398060345930556e-07,2.2281912365476624e-07,1.82960690039586e-08,8.510871159319595e-08,1.1941434305761167e-07,1.6837686239179907e-08,0.0,4.629131115801627e-20,1.9019071485121213e-32,2.573756655888336e-33
4,lbfgs,1609,1776.0,2736.3999999999996,1.99388023181824e-07,1.8378991688313894e-07,2.655540060351012e-09,6.686240361803747e-08,1.1427197320475044e-07,1.544887814950032e-08,0.0,4.8974207169552675e-21,1.9044688346136902e-32,2.5751191894592784e-33
4,lbfgs,1619,1776.0,2736.3999999999996,1.8436599660205141e-07,1.704260537512812e-07,2.6244361645578185e-09,6.705671521430173e-08,1.0074490237242164e-07,1.3790674736999193e-08,0.0,7.238789031801877e-21,1.903179159503537e-32,2.5748858416959483e-33
4,lbfgs,1629,1776.0,2736.3999999999996,1.695640183454356e-07,1.5682962375713413e-07,4.969416954402598e-09,5.961844067001044e-08,9.224176613272107e-08,1.25850989304979e-08,0.0,1.084692079646694e-20,1.9034611922295468e-32,2.5741547220934223e-33
4,lbfgs,1639,1776.0,2736.3999999999996,1.4848275868147304e-07,1.375971965352126e-07,5.258163171273663e-09,4.230190355548923e-08,9.003712980844972e-08,1.0736211634236993e-08,0.0,8.480817460387429e-21,1.9025103705980247e-32,2.578733220276925e-33
4,lbfgs,1649,1776.0,2736.3999999999996,1.3363987592072835e-07,1.247801702054629e-07,4.93770901544672e-09,3.9475562992917665e-08,8.03668981970985e-08,8.710361369282907e-09,0.0,1.3432441580963589e-20,1.902745806834459e-32,2.574617037376754e-33
4,lbfgs,1659,1776.0,2736.3999999999996,1.2458758618184247e-07,1.1968945068481115e-07,6.172971837602635e-09,3.5210556466099944e-08,7.830592238110857e-08,4.748787459493885e-09,0.0,1.5349523633957595e-20,1.902598287220612e-32,2.5785037881918507e-33
4,lbfgs,1669,1776.0,2736.3999999999996,1.1162164597590842e-07,1.0900561207804597e-07,2.0809698080171284e-09,3.490900261100069e-08,7.201563965902815e-08,2.46670942458775e-09,0.0,5.319271091125266e-21,1.9037483274571085e-32,2.5746141081490234e-33
4,lbfgs,1679,1776.0,2736.3999999999996,1.084858545659838e-07,1.0610368907998807e-07,1.4424506049815256e-09,3.3247373227142886e-08,7.141386524786366e-08,2.2328359408849232e-09,0.0,3.700744613854424e-21,1.90304264521208e-32,2.5751586600740225e-33
4,lbfgs,1689,1776.0,2736.3999999999996,1.0012003828233954e-07,9.856768186108376e-08,1.6247109000946693e-09,3.094638848413081e-08,6.599658247685828e-08,1.4030258046895648e-09,0.0,4.264659067579467e-21,1.9026923264721642e-32,2.5711130259669905e-33
4,lbfgs,1699,1776.0,2736.3999999999996,8.801962499027682e-08,8.69237289022029e-08,3.3565264648768432e-09,2.805051588633733e-08,5.551668655098873e-08,9.465442293013793e-10,0.0,7.075163982823893e-21,1.9017441510624917e-32,2.575590318928612e-33
4,lbfgs,1709,1776.0,2736.3999999999996,8.203462837818393e-08,8.073856901002362e-08,3.5436400789268787e-09,2.4726865482535526e-08,5.246806344856121e-08,1.1466806007332683e-09,0.0,8.465705458270066e-21,1.9019422950615677e-32,2.5742402602889934e-33
4,lbfgs,1719,1776.0,2736.3999999999996,7.64312137649086e-08,7.58229208346708e-08,1.6442225446105778e-09,2.632089703308483e-08,4.785780125697539e-08,4.5891993559074316e-10,0.0,4.353521618335672e-21,1.9023204829108432e-32,2.572786843719649e-33
4,lbfgs,1729,1776.0,2736.3999999999996,7.093658440391554e-08,7.033526837823562e-08,1.5158956132786354e-09,2.5044834415876753e-08,4.377453834908023e-08,4.5192970509846157e-10,0.0,3.6489964170752165e-21,1.902877079551824e-32,2.5756719212745214e-33
4,lbfgs,1739,1776.0,2736.3999999999996,6.794926029567073e-08,6.754347824344673e-08,1.4362312545922773e-09,2.7624044396132263e-08,3.848320259272219e-08,2.56415785505931e-10,0.0,3.057146065031558e-21,1.902611476755077e-32,2.572695187495453e-33
4,lbfgs,1749,1776.0,2736.3999999999996,6.771303060056025e-08,6.731396119291639e-08,1.4166368908942027e-09,2.7503613616047475e-08,3.839371068597471e-08,2.4970160891540736e-10,0.0,2.9835296879506504e-21,1.9025496245651198e-32,2.5730050235569217e-33
4,lbfgs,1759,1776.0,2736.3999999999996,6.749285779880839e-08,6.710840791733397e-08,1.334251715393144e-09,2.7331636495595287e-08,3.844251970634554e-08,2.3508122623402165e-10,0.0,2.8326071247227547e-21,1.9025724323200963e-32,2.5734545075516914e-33
4,lbfgs,1769,1776.0,2736.3999999999996,6.73289060541692e-08,6.694261266176531e-08,1.3175360701566304e-09,2.737990234645334e-08,3.824517424515535e-08,2.369246246651084e-10,0.0,2.8190678476286432e-21,1.902583448481943e-32,2.5732134184536015e-33
4,lbfgs,1779,1776.0,2736.3999999999996,6.715042587885786e-08,6.675641059976005e-08,1.3304025532872073e-09,2.749538895324162e-08,3.793061909323122e-08,2.4464662157994647e-10,0.0,2.875650766711233e-21,1.9025794677900533e-32,2.572754135071933e-33
4,lbfgs,1789,1776.0,2736.3999999999996,6.701211548396809e-08,6.662687598048895e-08,1.2989633122258048e-09,2.7431677602175416e-08,3.789623506608772e-08,2.3587039590243635e-10,0.0,2.831456544128565e-21,1.9025740879548463e-32,2.5729469498484813e-33
4,lbfgs,1799,1776.0,2736.3999999999996,6.686224848851906e-08,6.648624760901296e-08,1.2421398226984146e-09,2.731063769173179e-08,3.793347009458275e-08,2.2663090998867762e-10,0.0,2.7341385937755943e-21,1.9025839429133576e-32,2.5733254336446577e-33
4,lbfgs,1809,1776.0,2736.3999999999996,6.674255496136024e-08,6.636678254018133e-08,1.239432608811967e-09,2.7345158359613765e-08,3.77821915717556e-08,2.2640243257293832e-10,0.0,2.7531731399891293e-21,1.9025783538633147e-32,2.5730994557041395e-33
4,lbfgs,1819,1776.0,2736.3999999999996,6.661625985619072e-08,6.623847244131853e-08,1.25921818414511e-09,2.7441315675068684e-08,3.7537938582104734e-08,2.284177799921928e-10,0.0,2.838985033187292e-21,1.9025428393159624e-32,2.5726921080406153e-33
4,lbfgs,1829,1776.0,2736.3999999999996,6.650994392036351e-08,6.613763337417511e-08,1.2413645515621328e-09,2.7380065167140212e-08,3.751620365547276e-08,2.2294040381937093e-10,0.0,2.814451935556128e-21,1.9025501134429428e-32,2.5728622187338764e-33
4,lbfgs,1839,1776.0,2736.3999999999996,6.641727704587297e-08,6.604714200513878e-08,1.229147095319973e-09,2.7351981285867938e-08,3.746601362395088e-08,2.207645744411638e-10,0.0,2.8053871377283192e-21,1.90255372705013e-32,2.5728982271303285e-33
4,lbfgs,1849,1776.0,2736.3999999999996,6.630683151488178e-08,6.593714597573183e-08,1.2082934730544977e-09,2.7298266389046057e-08,3.7430586113631276e-08,2.203144793655563e-10,0.0,2.7730307700355913e-21,1.902576757712332e-32,2.572981271574229e-33
4,lbfgs,1859,1776.0,2736.3999999999996,6.62242734774119e-08,6.585669464818198e-08,1.2081122327100934e-09,2.7304482813884884e-08,3.7344099601587e-08,2.1820773574495434e-10,0.0,2.799048119844136e-21,1.9025614892454118e-32,2.5729090025636645e-33
4,lbfgs,1869,1776.0,2736.3999999999996,6.612774559543322e-08,6.576387828677975e-08,1.216342168898603e-09,2.7333695834552377e-08,3.721384028332876e-08,2.1449642445023235e-10,0.0,2.86390674750982e-21,1.9025141458506114e-32,2.5727882807862403e-33
4,lbfgs,1879,1776.0,2736.3999999999996,6.605244521265898e-08,6.568944349299408e-08,1.2104962969254674e-09,2.7306349901034727e-08,3.717259729503388e-08,2.136304539046026e-10,0.0,2.8593197856737813e-21,1.902530582323984e-32,2.572813518781088e-33
4,lbfgs,1889,1776.0,2736.3999999999996,6.596899101928986e-08,6.560080058073075e-08,1.2017680265857094e-09,2.725381948418956e-08,3.7145213069955476e-08,2.1881834599200715e-10,0.0,2.825648818841553e-21,1.902593318757325e-32,2.5728629204251843e-33
4,lbfgs,1899,1776.0,2736.3999999999996,6.589779286570244e-08,6.553384248243744e-08,1.2019619627895875e-09,2.7260822352084072e-08,3.7071058167563783e-08,2.145784257961895e-10,0.0,2.862032618869927e-21,1.9025592754005382e-32,2.5728091817512705e-33
4,lbfgs,1909,1776.0,2736.3999999999996,6.583402708976741e-08,6.547210989365165e-08,1.2029851507396803e-09,2.7259166150065587e-08,3.700995859284637e-08,2.1254520126549354e-10,0.0,2.8882230908101167e-21,1.9025433102043452e-32,2.572781052716153e-33
4,lbfgs,1919,1776.0,2736.3999999999996,6.575736083873752e-08,6.539931545540935e-08,1.207175828944311e-09,2.7268685627975606e-08,3.6923453998489434e-08,2.0867353490353096e-10,0.0,2.940444151236779e-21,1.9024980234779302e-32,2.5727438895965394e-33
4,lbfgs,1929,1776.0,2736.3999999999996,6.56977060699151e-08,6.53395304296991e-08,1.2067651798449715e-09,2.72523901638049e-08,3.688037508604923e-08,2.088034900644754e-10,0.0,2.9449601733357542e-21,1.9025145647798463e-32,2.5727319951102295e-33
4,lbfgs,1939,1776.0,2736.3999999999996,6.562923508420829e-08,6.526585515254968e-08,1.2077688666351267e-09,2.7220715484232405e-08,3.683737080168214e-08,2.1400712034109698e-10,0.0,2.9317881150472797e-21,1.902572621850033e-32,2.572709624723102e-33
4,lbfgs,1949,1776.0,2736.3999999999996,6.557167998740093e-08,6.52119370903437e-08,1.208459352831807e-09,2.7220848421910764e-08,3.678262931560113e-08,2.1037019233258513e-10,0.0,2.9647676468296925e-21,1.9025404491374228e-32,2.5726956981410897e-33
4,lbfgs,1959,1776.0,2736.3999999999996,6.551892432042135e-08,6.516080881606716e-08,1.210125945385788e-09,2.721720069878701e-08,3.673348217189436e-08,2.0874276714511097e-10,0.0,2.988976771781197e-21,1.9025258638447953e-32,2.5726813376529165e-33
4,lbfgs,1969,1776.0,2736.3999999999996,6.545432377747318e-08,6.509939414864228e-08,1.2128990024522606e-09,2.722046125207997e-08,3.666603389411006e-08,2.055570109602458e-10,0.0,3.0323394596088522e-21,1.9024855284883702e-32,2.572669821677031e-33
4,lbfgs,1979,1776.0,2736.3999999999996,6.540396399128489e-08,6.504870305971247e-08,1.2147716274209354e-09,2.720809649080048e-08,3.662583494149106e-08,2.0588806541775567e-10,0.0,3.0402678234130256e-21,1.902500282716229e-32,2.572649502689122e-33
4,lbfgs,1989,1776.0,2736.3999999999996,6.534465190160078e-08,6.498505109727245e-08,1.2194333126199141e-09,2.7183956843029796e-08,3.6581660941622745e-08,2.1022738785399125e-10,0.0,3.036238789998291e-21,1.902551246198799e-32,2.572609671366307e-33
4,lbfgs,1999,1776.0,2736.3999999999996,6.529536982186035e-08,6.49386715454227e-08,1.2203325899871212e-09,2.7182294368817414e-08,3.653604458661815e-08,2.0732495002006563e-10,0.0,3.0648909933881775e-21,1.9025227961060656e-32,2.5726070699969913e-33
4,lbfgs,2009,1776.0,2736.3999999999996,6.52493897193893e-08,6.489395689691828e-08,1.2222118867585418e-09,2.717811817993424e-08,3.649362683022549e-08,2.0605947001017608e-10,0.0,3.086265358457942e-21,1.9025099727360677e-32,2.572597601267451e-33
4,lbfgs,2019,1776.0,2736.3999999999996,6.519224214913542e-08,6.483932399128636e-08,1.2243064018314906e-09,2.7179013348200192e-08,3.6436004241254674e-08,2.035449105362193e-10,0.0,3.122435304095679e-21,1.9024748040295073e-32,2.5725942571146423e-33
4,lbfgs,2029,1776.0,2736.3999999999996,6.514770678940026e-08,6.479445780670916e-08,1.2269641954324085e-09,2.7168149782364414e-08,3.639934382891234e-08,2.0387552620719198e-10,0.0,3.1310016830419883e-21,1.9024875980863406e-32,2.57257328175908e-33
4,lbfgs,2039,1776.0,2736.3999999999996,6.509408514143409e-08,6.473740908285582e-08,1.2326854083412004e-09,2.714700539476504e-08,3.6357718279749575e-08,2.073021326723889e-10,0.0,3.130832993829387e-21,1.9025317224716854e-32,2.5725316099956837e-33
4,lbfgs,2049,1776.0,2736.3999999999996,6.505010827729619e-08,6.469571538809248e-08,1.2335791938307866e-09,2.7144832124282754e-08,3.631730406997894e-08,2.0501904229709744e-10,0.0,3.1551367196265973e-21,1.9025070773670454e-32,2.5725320833995256e-33
4,lbfgs,2059,1776.0,2736.3999999999996,6.500098244734322e-08,6.464968198630393e-08,1.2342469408920047e-09,2.715491479706266e-08,3.626052024834926e-08,2.0192702023467345e-10,0.0,3.204535048622517e-21,1.902434792258752e-32,2.5725565100152348e-33
4,lbfgs,2069,1776.0,2736.3999999999996,6.495609239247307e-08,6.460467131639436e-08,1.236981340850125e-09,2.713993276300209e-08,3.622775721254214e-08,2.0204730324975748e-10,0.0,3.2034474736642514e-21,1.9024655266839755e-32,2.5725238921808175e-33
4,lbfgs,2079,1776.0,2736.3999999999996,6.491536280864581e-08,6.456366192846354e-08,1.2397250465245437e-09,2.7129713619227344e-08,3.619422326271166e-08,2.0232692855915153e-10,0.0,3.211401615870134e-21,1.9024765718943674e-32,2.5725042717360766e-33
4,lbfgs,2089,1776.0,2736.3999999999996,6.486542084471693e-08,6.451105901084187e-08,1.2453967793441955e-09,2.711005994973179e-08,3.615560228176588e-08,2.0498747676209957e-10,0.0,3.2126371806667776e-21,1.9025146788837722e-32,2.5724651605892866e-33
4,lbfgs,2099,1776.0,2736.3999999999996,6.48249948547354e-08,6.447243744891217e-08,1.2461542933872965e-09,2.7107550280033674e-08,3.61187328754912e-08,2.0318311843256107e-10,0.0,3.2329265250445716e-21,1.902493479793946e-32,2.572466224440064e-33
5,adam,0,2736.3999999999996,4080.959999999999,0.10882851641946724,0.0816213872459758,0.0002777777503414021,0.05880759882491037,0.022536010670724027,0.027207129081991924,0.0,1.476023895710745e-16,1.960020410912225e-30,2.499999999999994e-31
5,adam,24,2736.3999999999996,4080.959999999999,0.025444530149153172,0.01196547500161299,7.48909298676571e-05,0.007683302665508785,0.00420728140623655,0.013479055054168543,0.0,1.268000475601683e-17,2.7133994137951092e-31,4.692394174020911e-32
5,adam,49,2736.3999999999996,4080.959999999999,0.02012272631816876,0.007226851018139418,1.3077513044271998e-06,0.004411846810460773,0.0028136964563742184,0.01289587520375249,0.0,1.4960897816297679e-19,1.6581239371924362e-31,3.053694350912663e-32
5,adam,74,2736.3999999999996,4080.959999999999,0.017508705928086562,0.004996253760636456,2.7457436946070902e-06,0.0031101849945961036,0.0018833230223457452,0.012512452067450677,0.0,3.4029798831404046e-19,1.1929624043150545e-31,1.981856251641694e-32
5,adam,99,2736.3999999999996,4080.959999999999,0.01624621074376904,0.004284963310131137,2.0440992942843903e-06,0.00278248809597148,0.0015004311148653733,0.011961247330070047,0.0,3.248089252578128e-19,9.481844546534534e-32,1.780302426336333e-32
5,adam,124,2736.3999999999996,4080.959999999999,0.015578162343823658,0.003953927127486375,5.936078348243551e-07,0.0026334932590955334,0.0013198402605560174,0.011624235110196321,0.0,9.055820689010012e-20,8.286662103874316e-32,1.5920389532937803e-32
5,adam,149,2736.3999999999996,4080.959999999999,0.014902775648285214,0.0036483479657896953,2.936877449543776e-07,0.0024521025470408864,0.0011959517310038542,0.011254427574222596,0.0,4.601329152751226e-20,7.498852226685283e-32,1.4764982754069063e-32
5,adam,174,2736.3999999999996,4080.959999999999,0.013548113156793093,0.0029562782095656553,3.3794253851106656e-07,0.0019692351032788388,0.0009867051637483053,0.010591834836099103,0.0,5.991206447714113e-20,6.659389763182237e-32,1.2732407049241632e-32
5,adam,199,2736.3999999999996,4080.959999999999,0.01135659287505708,0.0018520766333439047,5.253814060309063e-07,0.0011203846779766148,0.000731166573961259,0.009504516126903681,0.0,1.0644224610317719e-19,5.482132080891457e-32,8.369700867940415e-33
5,adam,224,2736.3999999999996,4080.959999999999,0.009527208899446965,0.0014414935585334288,2.041735348991973e-07,0.0009144138754155106,0.000526875509583019,0.008085715222922943,0.0,4.488378920396287e-20,5.184685108494042e-32,7.55946249275995e-33
5,adam,249,2736.3999999999996,4080.959999999999,0.007884837105116988,0.0010673881709360393,3.7039967544679894e-07,0.0006906740330224185,0.00037634373823817395,0.006817448812164304,0.0,1.1207450870096666e-19,4.501072663586813e-32,6.577790478646648e-33
5,adam,274,2736.3999999999996,4080.959999999999,0.006580056700819113,0.0008370126173664652,3.7275305795878457e-07,0.0005604816057571077,0.0002761582585513987,0.005743043957185184,0.0,1.0726740356076891e-19,4.064830263946367e-32,5.693160534741683e-33
5,adam,299,2736.3999999999996,4080.959999999999,0.005549976375100222,0.0006887940184867755,2.252762140976205e-07,0.00047732912040875065,0.00021123962186392724,0.004861182226488791,0.0,6.042140980603799e-20,3.7321965179052195e-32,5.012193088769545e-33
5,adam,324,2736.3999999999996,4080.959999999999,0.004762769192781127,0.0006084311415474178,1.5618913122748284e-07,0.00043345441040071883,0.0001748205420154715,0.004154337918235978,0.0,4.339784834065363e-20,3.394144104479874e-32,4.878325912232449e-33
5,adam,349,2736.3999999999996,4080.959999999999,0.004137121742495204,0.0005707145594827409,1.4982068681073727e-07,0.0004264489437805006,0.00014411579501542957,0.003566407047454059,0.0,4.468616566533322e-20,3.166196122217836e-32,4.709908068407065e-33
5,adam,374,2736.3999999999996,4080.959999999999,0.0034855060444632783,0.0004557691536839888,9.111053637878366e-08,0.00030830956693600063,0.00014736847621160936,0.0030297367530651843,0.0,3.189300454364321e-20,2.9920987546295995e-32,3.930453536054685e-33
5,adam,399,2736.3999999999996,4080.959999999999,0.0029942733728055585,0.0003951856808808691,6.090528611745752e-08,0.0002596033901634967,0.0001355213854312549,0.0025990875519947463,0.0,1.8794975825845833e-20,2.868869963340068e-32,3.727280357485856e-33
5,adam,424,2736.3999999999996,4080.959999999999,0.0025897066962547806,0.0003499878750310179,4.90279539796976e-08,0.00020674060624388071,0.00014319824083315751,0.0022397186792691287,0.0,1.5392453023958984e-20,2.4101139067133418e-32,3.0669586452357473e-33
5,adam,449,2736.3999999999996,4080.959999999999,0.002233463502296844,0.00030233698923238047,3.652845911299978e-08,0.00017567848630465718,0.0001266219744686103,0.0019311263693379023,0.0,9.337360478507239e-21,2.2983238824693665e-32,3.207132437129025e-33
5,adam,474,2736.3999999999996,4080.959999999999,0.002074123797206233,0.0003824759133576684,5.673255056156291e-08,0.00022293529727740436,0.00015948388352970245,0.0016916477383464139,0.0,1.8562700062460985e-20,2.245291581547596e-32,2.265693544624935e-33
5,adam,499,2736.3999999999996,4080.959999999999,0.0017357381183744321,0.00027787359557752733,2.7176087179741016e-08,0.00012506314628573918,0.0001527832732046084,0.0014578643760905317,0.0,5.907105300303198e-21,2.1646972349562672e-32,2.51802178892992e-33
5,adam,524,2736.3999999999996,4080.959999999999,0.0014791447145709095,0.00022057205778868577,2.104119873682439e-08,0.00011590559366155796,0.00010464542292839098,0.0012585725085898162,0.0,2.4620101334420335e-21,2.1192264537455312e-32,2.780520077354524e-33
5,adam,549,2736.3999999999996,4080.959999999999,0.0012751382971342882,0.00019224439057203348,2.2382081590878826e-08,0.00010031333562676396,9.190867286367865e-05,0.0010828937568423678,0.0,2.283215630035268e-21,2.0335193957274007e-32,2.739157246524321e-33
5,adam,574,2736.3999999999996,4080.959999999999,0.0012512904993250377,0.0002567910194018944,3.109436952875716e-08,0.00012571455735823413,0.0001310453676741315,0.000994499328700951,0.0,3.821256237426913e-21,2.2494219438656583e-32,1.767296031037638e-33
5,adam,599,2736.3999999999996,4080.959999999999,0.0009611639557004359,0.00015958895136675862,1.8656975125020473e-08,7.123475575767542e-05,8.833553863395818e-05,0.0008015748517142133,0.0,1.9935641771465168e-21,1.864499109855252e-32,2.3514905003718127e-33
5,adam,624,2736.3999999999996,4080.959999999999,0.0008348528079958175,0.00014820341894655517,1.4568918355413221e-08,7.469903654080216e-05,7.34898134873976e-05,0.0006866492351040018,0.0,1.5817773059206751e-21,2.1318102175263596e-32,2.1316286464891058e-33
5,adam,649,2736.3999999999996,4080.959999999999,0.0007127664249604179,0.00012767923445120791,1.3442071078670001e-08,5.533287153691821e-05,7.233292084321103e-05,0.000585087035372527,0.0,1.4455320693927502e-21,1.9951256494254482e-32,2.3427562010353668e-33
5,adam,674,2736.3999999999996,4080.959999999999,0.0006244460719904139,0.00012391896897630646,1.2738581205364114e-08,6.582860741203492e-05,5.807762298306618e-05,0.0005005269467167569,0.0,1.5442775628494572e-21,1.8845231125551174e-32,2.5924062560497606e-33
5,adam,699,2736.3999999999996,4080.959999999999,0.0005670774153526066,0.00013414655382664012,1.2294735138845585e-08,8.123042701399938e-05,5.290383207750191e-05,0.00043293070413218414,0.0,1.705993522226415e-21,1.812421345035499e-32,2.915356505997243e-33
5,adam,724,2736.3999999999996,4080.959999999999,0.00047435075472650033,0.00010901640027409848,8.692906425806464e-09,6.922210355570306e-05,3.978560381196963e-05,0.00036533419601547456,0.0,1.5622203654687586e-21,1.838609739607443e-32,2.4880445351051665e-33
5,adam,749,2736.3999999999996,4080.959999999999,0.0005521439561415579,0.00024235903537312504,2.9207497728050343e-07,0.00018765903690320249,5.440792349264207e-05,0.00030978476129325843,0.0,6.438844655382584e-20,1.8118936121327916e-32,2.153937668974778e-33
5,adam,774,2736.3999999999996,4080.959999999999,0.00035566433632470447,8.464532771014564e-05,1.4003237446485133e-08,2.6003275806677456e-05,5.8628048666021694e-05,0.0002710188483560577,0.0,2.176641758213654e-21,1.8155766071031867e-32,2.241031413855978e-33
5,adam,799,2736.3999999999996,4080.959999999999,0.00030118954339838157,7.70021681263899e-05,5.3384227930239e-09,3.485930873739575e-05,4.213752096620114e-05,0.0002241872140786306,0.0,1.3298640844959775e-21,1.7952656491477923e-32,2.1504668159311923e-33
5,adam,824,2736.3999999999996,4080.959999999999,0.0002620258111565245,7.340151352122442e-05,6.4896812739656754e-09,3.672287086648867e-05,3.667215297346179e-05,0.00018862413557822627,0.0,1.5358382767530048e-21,1.576020647554764e-32,2.4944770946165976e-33
5,adam,849,2736.3999999999996,4080.959999999999,0.00022930755002673742,7.111267710056813e-05,6.749322047773176e-09,3.674178344214514e-05,3.436414433637521e-05,0.00015819471006644386,0.0,1.811026756857259e-21,1.5364774676805182e-32,2.435377668202654e-33
5,adam,874,2736.3999999999996,4080.959999999999,0.00020184772592852991,6.770041813940547e-05,8.16979075384146e-09,2.7262103699056592e-05,4.043014464959504e-05,0.00013414714416731658,0.0,2.1146960469077455e-21,1.643133040531004e-32,1.8237575102535282e-33
5,adam,899,2736.3999999999996,4080.959999999999,0.0002021737099558674,8.245663351338076e-05,1.0080086981841499e-08,3.1935576140089364e-05,5.051097728630956e-05,0.00011971691208852727,0.0,2.2997321882247215e-21,1.7139123426853178e-32,1.682166393421625e-33
5,adam,924,2736.3999999999996,4080.959999999999,0.00016776943284583793,6.853789633717267e-05,9.804785087726532e-09,2.557473299376884e-05,4.295335855831611e-05,9.923137144315554e-05,0.0,2.359726176635707e-21,1.6599817430159493e-32,1.7567855297810717e-33
5,adam,949,2736.3999999999996,4080.959999999999,0.00012442244872478762,4.576322690786446e-05,9.473127030537939e-09,2.049956201779603e-05,2.5254191763037892e-05,7.865905606107452e-05,0.0,2.5470699971315108e-21,1.543962854900638e-32,2.048451321264151e-33
5,adam,974,2736.3999999999996,4080.959999999999,0.0007221865226042732,0.0006039022797011107,9.492259792343605e-08,0.0004403148210262029,0.00016349253607698437,0.00011828407645722679,0.0,1.8516722084364065e-20,1.7101367310976815e-32,5.691382209463157e-33
5,adam,999,2736.3999999999996,4080.959999999999,0.00018234101257316265,0.00011044785185835314,1.680482451376627e-08,6.495310227564146e-05,4.5477944758197915e-05,7.189299368786532e-05,0.0,3.7517325239629884e-21,1.3425562901805545e-32,2.3559795588752597e-33
5,adam,1024,2736.3999999999996,4080.959999999999,0.0004797415202076968,0.00036221825178578594,2.754878432167812e-08,0.00034042837448985144,2.176232851161283e-05,0.00011752310070279507,0.0,5.166186481522592e-21,1.495885066230762e-32,3.126380553009076e-33
5,adam,1049,2736.3999999999996,4080.959999999999,0.0002705845831848259,0.0002196735712154751,2.411105441819123e-08,4.278002630985397e-05,0.00017686943385120295,5.091084355573881e-05,0.0,5.197611199700387e-21,1.4965874647120558e-32,1.0323691994961832e-33
5,adam,1074,2736.3999999999996,4080.959999999999,0.00040129891448436244,0.0002888522749227347,1.1685759378044597e-08,0.00015642661294369914,0.0001324139762196575,0.00011244647054405141,0.0,2.8517061153990795e-21,1.4238436054981218e-32,4.717711347079446e-33
5,adam,1099,2736.3999999999996,4080.959999999999,7.796626926724913e-05,4.4543572995300225e-05,1.3782079175872114e-08,2.7524400597951017e-05,1.7005390318173338e-05,3.342252669050107e-05,0.0,4.6557796431539434e-21,1.343711980088417e-32,2.1121019087571828e-33
5,adam,1124,2736.3999999999996,4080.959999999999,5.459561619685729e-05,2.6794199975538544e-05,5.9007242556895e-09,1.2571161499080589e-05,1.4217137752202263e-05,2.7801246138035718e-05,0.0,1.8015351504222855e-21,1.4140974414311782e-32,2.1937169760517854e-33
5,adam,1149,2736.3999999999996,4080.959999999999,4.719017022078065e-05,2.4506122880094716e-05,4.811579019044873e-09,1.1394894170237046e-05,1.3106417130838623e-05,2.268387677353371e-05,0.0,1.521986574389711e-21,1.4029040633408304e-32,2.1086851937529252e-33
5,adam,1174,2736.3999999999996,4080.959999999999,4.197616662391667e-05,2.2882966214680698e-05,4.596852321034299e-09,1.0449987739186365e-05,1.2428381623173299e-05,1.9093029397371112e-05,0.0,1.4760086437183304e-21,1.4096462117621702e-32,2.0722977532852415e-33
5,adam,1199,2736.3999999999996,4080.959999999999,3.7572255215957104e-05,2.1483309635497815e-05,4.342216601674252e-09,9.828863171913855e-06,1.1650104246982288e-05,1.608877414764825e-05,0.0,1.4132186158747315e-21,1.4038761461517625e-32,2.077182157745103e-33
5,adam,1224,2736.3999999999996,4080.959999999999,3.506106538876917e-05,2.172022204550911e-05,4.96802038655992e-09,1.002472175224952e-05,1.1690532272873033e-05,1.3340671492576711e-05,0.0,1.7796712880325036e-21,1.5597773744208375e-32,2.2488246959654068e-33
5,adam,1249,2736.3999999999996,4080.959999999999,3.152771884640561e-05,2.0303356411035954e-05,4.8654538367835695e-09,9.184608766610361e-06,1.111388219058881e-05,1.122419018759949e-05,0.0,1.7601602781413e-21,1.5561550035427409e-32,2.2448685577376424e-33
5,adam,1274,2736.3999999999996,4080.959999999999,2.8448578601751044e-05,1.8957015235887843e-05,4.715908176399618e-09,8.55672600283436e-06,1.0395573324877083e-05,9.491390743412157e-06,0.0,1.7293963072867325e-21,1.5531752848585347e-32,2.2422272713051473e-33
5,adam,1299,2736.3999999999996,4080.959999999999,2.575256866742417e-05,1.77125854123867e-05,1.0824950027572458e-08,7.996416314765352e-06,9.705344147593777e-06,8.03981027399225e-06,0.0,2.8218132099829823e-21,1.5506566817961912e-32,2.2401987339453813e-33
5,adam,1324,2736.3999999999996,4080.959999999999,2.3368863344231853e-05,1.654376691941007e-05,1.365489314520478e-08,7.4654138808341505e-06,9.064698145430713e-06,6.824923099777069e-06,0.0,3.1239704033164228e-21,1.5483164366151198e-32,2.2384929296851213e-33
5,adam,1349,2736.3999999999996,4080.959999999999,2.1240559366606423e-05,1.5431802402884888e-05,5.469585376023181e-09,6.969623392347734e-06,8.456709425161133e-06,5.808583308096168e-06,0.0,1.836940044353455e-21,1.5462878396233767e-32,2.2366223333021232e-33
5,adam,1374,2736.3999999999996,4080.959999999999,1.9350130977642987e-05,1.4389869612818045e-05,6.189113323400678e-09,6.504419541423982e-06,7.879260958070664e-06,4.960087391404588e-06,0.0,1.964675037057128e-21,1.544469290287529e-32,2.2348118576457973e-33
5,adam,1399,2736.3999999999996,4080.959999999999,1.7652625364307637e-05,1.3403038018093827e-05,4.691525288745842e-09,6.068278485440001e-06,7.3300680073650805e-06,4.2494130672972285e-06,0.0,1.7555751903720055e-21,1.54285403257105e-32,2.2329037493844238e-33
5,lbfgs,1400,2736.3999999999996,4080.959999999999,1.7502675241943753e-05,1.3278996844136203e-05,4.626228531070632e-09,5.628389369002016e-06,7.645981246603116e-06,4.223504106918019e-06,0.0,1.762412910667226e-21,1.3888590779153404e-32,2.06509590071843e-33
5,lbfgs,1409,2736.3999999999996,4080.959999999999,1.391504719646525e-05,1.315421261042943e-05,1.1091243157091678e-08,6.006952992743221e-06,7.136168374529116e-06,7.606602124817181e-07,0.0,2.753789792149154e-21,1.328433805437056e-32,1.9690939951308047e-33
5,lbfgs,1419,2736.3999999999996,4080.959999999999,9.407297270673856e-06,9.041544135529998e-06,2.967014923004234e-08,2.6606131788437644e-06,6.351260807456192e-06,3.655785942253921e-07,0.0,5.293287286606667e-21,1.3845181420577136e-32,2.043651559685526e-33
5,lbfgs,1429,2736.3999999999996,4080.959999999999,5.552545007219128e-06,5.4228757577595084e-06,6.383938069132494e-09,1.2903125039509676e-06,4.126179315739408e-06,1.2949407452021943e-07,0.0,2.01345614912733e-21,1.3881533345224768e-32,2.0216877302763333e-33
5,lbfgs,1439,2736.3999999999996,4080.959999999999,3.7583546350070636e-06,3.5966740470950326e-06,4.641702154073023e-09,1.513719316408833e-06,2.0783130285321267e-06,1.6150519829901633e-07,0.0,1.677267622884833e-21,1.3841879305225767e-32,2.003537176627321e-33
5,lbfgs,1449,2736.3999999999996,4080.959999999999,2.778205612086523e-06,2.7186458805881133e-06,4.992167167692504e-09,1.1289505766910486e-06,1.5847031367293722e-06,5.9384089722173974e-08,0.0,1.6911797985012516e-21,1.3870405399716376e-32,1.994293108519376e-33
5,lbfgs,1459,2736.3999999999996,4080.959999999999,1.6192519801289125e-06,1.553203259759598e-06,5.920799854539641e-09,7.012115665860041e-07,8.460708933190544e-07,6.587304230789488e-08,0.0,1.887522018088379e-21,1.4080279503808078e-32,1.977861844444528e-33
5,lbfgs,1469,2736.3999999999996,4080.959999999999,1.3156328381619453e-06,1.2893935439282821e-06,4.312052784544215e-09,6.868150646953748e-07,5.98266426448363e-07,2.606340166240866e-08,0.0,1.6054855477547944e-21,1.405412709659779e-32,1.9793224815632587e-33
5,lbfgs,1479,2736.3999999999996,4080.959999999999,8.968643935496675e-07,8.345082532506025e-07,6.865314556320937e-09,3.81973467625104e-07,4.456694710691776e-07,6.218024827088338e-08,0.0,2.062239085502794e-21,1.4127040694005505e-32,1.978708769455536e-33
5,lbfgs,1489,2736.3999999999996,4080.959999999999,6.229003262175666e-07,6.173201979270815e-07,4.848577569619569e-09,3.615284847407254e-07,2.509431356167366e-07,5.40405225501469e-09,0.0,1.712032147612172e-21,1.4194101753508883e-32,1.9843254592463932e-33
5,lbfgs,1499,2736.3999999999996,4080.959999999999,4.695813786567058e-07,4.658796683520034e-07,5.656959510787364e-09,2.7604157460410535e-07,1.8418113423711068e-07,3.5257147205017766e-09,0.0,2.0697132388563636e-21,1.4231113430222575e-32,1.9893545051342456e-33
5,lbfgs,1509,2736.3999999999996,4080.959999999999,4.154373364394487e-07,4.093301544654156e-07,8.758742483110482e-09,2.7102277991597356e-07,1.2954863206633153e-07,5.931117519089466e-09,0.0,3.164288535348443e-21,1.4224043397836242e-32,1.9831779722272265e-33
5,lbfgs,1519,2736.3999999999996,4080.959999999999,3.7341295056773396e-07,3.7112402480234057e-07,9.799310984243082e-09,2.274675070259197e-07,1.3385720679217776e-07,2.112893256802409e-09,0.0,3.0284594368127667e-21,1.420132365121177e-32,1.982375793818277e-33
5,lbfgs,1529,2736.3999999999996,4080.959999999999,3.2450167350258664e-07,3.1604687676424027e-07,4.351189441740562e-09,1.786012334942049e-07,1.330944538282948e-07,8.27873671736576e-09,0.0,1.8254462650690793e-21,1.417813680141721e-32,1.9831767066353553e-33
5,lbfgs,1539,2736.3999999999996,4080.959999999999,2.6576950698337755e-07,2.561654424289177e-07,3.0099546403736953e-09,1.2940255304403968e-07,1.2375293474450433e-07,9.427996220396256e-09,0.0,9.919598565938082e-22,1.4189749602447414e-32,1.9791981883632766e-33
5,lbfgs,1549,2736.3999999999996,4080.959999999999,2.2450970545747088e-07,2.185667133767608e-07,2.8594198046051907e-09,9.21176286630006e-08,1.23589664909155e-07,5.766989100397635e-09,0.0,1.033317485867508e-21,1.4143040649660953e-32,1.9853993784637356e-33
5,lbfgs,1559,2736.3999999999996,4080.959999999999,1.5319651690331814e-07,1.453127782836916e-07,2.334568340974832e-09,4.680791229823362e-08,9.617029764448316e-08,7.707704143532264e-09,0.0,8.16172337894923e-22,1.4121478133409334e-32,1.9817594179690252e-33
5,lbfgs,1569,2736.3999999999996,4080.959999999999,1.1976576847292906e-07,1.1491496100900961e-07,5.521775408963116e-09,4.328345291982424e-08,6.610973268022226e-08,4.674780793000012e-09,0.0,1.7339864584172428e-21,1.4087833062204459e-32,1.9867526161665615e-33
5,lbfgs,1579,2736.3999999999996,4080.959999999999,1.0322436872742592e-07,9.822685557885686e-08,5.448513299524107e-09,3.850034598651181e-08,5.427799629282094e-08,4.821501216198884e-09,0.0,1.9772010844025866e-21,1.4120119633898506e-32,1.9900925264246444e-33
5,lbfgs,1589,2736.3999999999996,4080.959999999999,9.398929395297223e-08,8.935165814065837e-08,2.1981041692696908e-09,3.535072456847464e-08,5.180282940291404e-08,4.4616238118032376e-09,0.0,7.012577634612604e-22,1.4127316740598066e-32,1.990646110160972e-33
5,lbfgs,1599,2736.3999999999996,4080.959999999999,8.790041400948775e-08,8.351671423276898e-08,2.6845796581445904e-09,3.4708811303324066e-08,4.612332327130032e-08,4.207684447006302e-09,0.0,8.105662494204107e-22,1.4112752524197457e-32,1.990897852230623e-33
5,lbfgs,1609,2736.3999999999996,4080.959999999999,7.839210478902678e-08,7.628364573865398e-08,3.272982803738121e-09,3.568229425227562e-08,3.732836868264024e-08,1.9324384248421288e-09,0.0,1.2472792865808049e-21,1.4126886196768805e-32,1.99028938567697e-33
5,lbfgs,1619,2736.3999999999996,4080.959999999999,7.380273463696947e-08,7.114582232580099e-08,1.8330218091288288e-09,3.4727994698959005e-08,3.458480581771316e-08,2.4808901734551254e-09,0.0,6.027368477957372e-22,1.4124154961344988e-32,1.9887081558466702e-33
5,lbfgs,1629,2736.3999999999996,4080.959999999999,7.273548556616375e-08,7.104662245414804e-08,1.6193760686352503e-09,3.545476266144818e-08,3.3972483724064615e-08,1.5128412890858904e-09,0.0,5.1737792563671e-22,1.4123451520288406e-32,1.9887563788159248e-33
5,lbfgs,1639,2736.3999999999996,4080.959999999999,7.208187327903589e-08,7.046398713335568e-08,1.5569427692539145e-09,3.533863607868826e-08,3.3568408285413506e-08,1.4418677867289116e-09,0.0,4.770618600135117e-22,1.4125941460034405e-32,1.989119033270405e-33
5,lbfgs,1649,2736.3999999999996,4080.959999999999,7.08372503555769e-08,6.956178535941376e-08,1.8298317178730298e-09,3.462574906490792e-08,3.310620457663281e-08,1.0994391374114485e-09,0.0,5.7484735155449945e-22,1.412993604886793e-32,1.9890075587661224e-33
5,lbfgs,1659,2736.3999999999996,4080.959999999999,6.806394409552727e-08,6.661618339244891e-08,1.8822945422077724e-09,3.192612649649016e-08,3.280776235375098e-08,1.2717284819364267e-09,0.0,5.692111077987489e-22,1.4131271148716515e-32,1.9887563361867204e-33
5,lbfgs,1669,2736.3999999999996,4080.959999999999,6.366230034263704e-08,6.298446732961684e-08,1.5016182528601477e-09,2.6047292825395605e-08,3.5435556251361095e-08,5.017855492399789e-10,0.0,4.701145762976377e-22,1.4125013237010816e-32,1.9876598401371962e-33
5,lbfgs,1679,2736.3999999999996,4080.959999999999,6.291439735786269e-08,6.235912663459236e-08,1.411647047476543e-09,2.6054840911774404e-08,3.489263867534142e-08,3.792179447612198e-10,0.0,4.216511908173706e-22,1.413024317548166e-32,1.988666449315627e-33
5,lbfgs,1689,2736.3999999999996,4080.959999999999,6.228402182280276e-08,6.180121618359193e-08,1.4290114001767183e-09,2.5891135063220776e-08,3.448106972019444e-08,3.067489746673116e-10,0.0,4.1577353338132537e-22,1.4131098387713e-32,1.988382991929967e-33
5,lbfgs,1699,2736.3999999999996,4080.959999999999,6.180441812792312e-08,6.133024545881699e-08,1.413137555757246e-09,2.5583096132251306e-08,3.4334011770808434e-08,2.9811605909851114e-10,0.0,4.098547764064273e-22,1.413152509482647e-32,1.9883925274844654e-33
5,lbfgs,1709,2736.3999999999996,4080.959999999999,6.135498939104897e-08,6.088573451923122e-08,1.3950425683152546e-09,2.5332890941892743e-08,3.4157801009023224e-08,2.9319809936520376e-10,0.0,4.0502221016277677e-22,1.413183224387725e-32,1.988402044764231e-33
5,lbfgs,1719,2736.3999999999996,4080.959999999999,6.0922797630659e-08,6.045726421977648e-08,1.377002169985305e-09,2.5109196404200526e-08,3.397106564559065e-08,2.894763251315035e-10,0.0,4.007615391464817e-22,1.4132064129214546e-32,1.988406796250625e-33
5,lbfgs,1729,2736.3999999999996,4080.959999999999,6.050372278489054e-08,6.004132862502663e-08,1.3599885817213577e-09,2.49006073629017e-08,3.378073268040358e-08,2.863366790708201e-10,0.0,3.969235197330993e-22,1.4132252514267946e-32,1.9884082518937664e-33
5,lbfgs,1739,2736.3999999999996,4080.959999999999,6.009597928793895e-08,5.963636910585078e-08,1.3443363444972234e-09,2.470220691893932e-08,3.358982584241423e-08,2.8355226485593903e-10,0.0,3.9343345690574345e-22,1.4132415948688798e-32,1.9884078523681876e-33
5,lbfgs,1749,2736.3999999999996,4080.959999999999,5.96985249774449e-08,5.924145215275642e-08,1.3300726105904508e-09,2.4511536782813767e-08,3.33998427593522e-08,2.810144515572893e-10,0.0,3.9023162343705185e-22,1.4132564682817086e-32,1.9884064820419893e-33
5,lbfgs,1759,2736.3999999999996,4080.959999999999,5.931060396720755e-08,5.885588173062497e-08,1.3170869237665197e-09,2.432723573706073e-08,3.321155906979772e-08,2.7866339979557513e-10,0.0,3.87263758753667e-22,1.413270430974208e-32,1.988404629332631e-33
5,lbfgs,1769,2736.3999999999996,4080.959999999999,5.893160401261771e-08,5.847908198091882e-08,1.3052196177699806e-09,2.4148484045015646e-08,3.3025378318133195e-08,2.7646272969183284e-10,0.0,3.84481605506917e-22,1.4132837896115628e-32,1.9884025534039766e-33
5,lbfgs,1779,2736.3999999999996,4080.959999999999,5.856100491984557e-08,5.8110556822285875e-08,1.2943051586827207e-09,2.3974745499855367e-08,3.2841506163747786e-08,2.7438833202362884e-10,0.0,3.8184407117616067e-22,1.4132967151293828e-32,1.988400388034268e-33
5,lbfgs,1789,2736.3999999999996,4080.959999999999,5.819835479667134e-08,5.77498716386931e-08,1.2841913159639058e-09,2.3805638783294517e-08,3.266004153943467e-08,2.7242293229921903e-10,0.0,3.793174690516372e-22,1.413309305570782e-32,1.9883981997536817e-33
5,lbfgs,1799,2736.3999999999996,4080.959999999999,5.5230942454796495e-08,5.4881231104959675e-08,1.3519998913412707e-09,2.269067976676805e-08,3.0838551446850353e-08,1.7363851512408323e-10,0.0,3.696852220047079e-22,1.413243260628846e-32,1.9876086056860233e-33
5,lbfgs,1809,2736.3999999999996,4080.959999999999,4.019429872311509e-08,3.983234926632414e-08,2.0446754491801625e-09,1.5533877625607476e-08,2.225379619153651e-08,1.8583466352810917e-10,0.0,5.6893328236567835e-22,1.414526528147164e-32,1.9881709929352672e-33
5,lbfgs,1819,2736.3999999999996,4080.959999999999,3.995916623942616e-08,3.9609259062315275e-08,1.9192662888586896e-09,1.538740714021279e-08,2.2302585633243795e-08,1.7379423037525483e-10,0.0,5.327934951574633e-22,1.4145070872435575e-32,1.9883532140703084e-33
5,lbfgs,1829,2736.3999999999996,4080.959999999999,3.9753263255725004e-08,3.9385434937649714e-08,1.800251406975322e-09,1.5358834315167882e-08,2.2226349215506505e-08,1.917161373477474e-10,0.0,4.998366426354496e-22,1.4145018475694264e-32,1.988513450076228e-33
5,lbfgs,1839,2736.3999999999996,4080.959999999999,3.95989404952888e-08,3.924557566298142e-08,1.7363158958354353e-09,1.5334219223608735e-08,2.2175040543537252e-08,1.7725221761474682e-10,0.0,4.792076339568566e-22,1.4145129032493535e-32,1.9884208731081423e-33
5,lbfgs,1849,2736.3999999999996,4080.959999999999,3.942145745682811e-08,3.907811254624126e-08,1.665324508819883e-09,1.5330069303488336e-08,2.208271873393304e-08,1.6723169998813378e-10,0.0,4.547802003048116e-22,1.4145493511354757e-32,1.9882895462336487e-33
5,lbfgs,1859,2736.3999999999996,4080.959999999999,3.928222336914585e-08,3.893540751662588e-08,1.6069192860673015e-09,1.531682261702171e-08,2.201166561353687e-08,1.707026387516243e-10,0.0,4.37485142651587e-22,1.4145410710970034e-32,1.9883530242046172e-33
5,lbfgs,1869,2736.3999999999996,4080.959999999999,3.9120507733874734e-08,3.877646138467349e-08,1.5319438613214399e-09,1.5282205313915473e-08,2.1962312209436578e-08,1.6793313696874297e-10,0.0,4.160703205616339e-22,1.4145083346390054e-32,1.9884376102354093e-33
5,lbfgs,1879,2736.3999999999996,4080.959999999999,3.8991023039983686e-08,3.8649056660635984e-08,1.479849676697074e-09,1.5284261342203998e-08,2.1884945641734914e-08,1.6585293260429787e-10,0.0,3.99263779532458e-22,1.4145287903587838e-32,1.9883816335408123e-33
5,lbfgs,1889,2736.3999999999996,4080.959999999999,3.884376865737257e-08,3.848865972115467e-08,1.4218403918838625e-09,1.532957557649444e-08,2.1737243752776364e-08,1.789952004664837e-10,0.0,3.794617660985567e-22,1.414578654766876e-32,1.9883120368871864e-33
5,lbfgs,1899,2736.3999999999996,4080.959999999999,3.8721204541566435e-08,3.837192690136567e-08,1.3797804727074471e-09,1.529715566842412e-08,2.16949907602341e-08,1.731638342631943e-10,0.0,3.6702950050559204e-22,1.4145633295901958e-32,1.9883500574495902e-33
5,lbfgs,1909,2736.3999999999996,4080.959999999999,3.858886396706761e-08,3.826530849142724e-08,1.3281404040264125e-09,1.52135567237126e-08,2.1723611363688225e-08,1.474415543874288e-10,0.0,3.5220542127091654e-22,1.4145172808507731e-32,1.9883837356406232e-33
5,lbfgs,1919,2736.3999999999996,4080.959999999999,3.847011066798825e-08,3.813865135890456e-08,1.2871624400712124e-09,1.52386665969014e-08,2.1612822321931954e-08,1.5534518181948139e-10,0.0,3.392180703477913e-22,1.4145437228912294e-32,1.988345958483743e-33
5,lbfgs,1929,2736.3999999999996,4080.959999999999,3.836440874970892e-08,3.802826749685451e-08,1.2521764066404614e-09,1.5246170085479982e-08,2.1529921004734063e-08,1.600269843756167e-10,0.0,3.281807347620845e-22,1.4145563753704796e-32,1.988337446456285e-33
5,lbfgs,1939,2736.3999999999996,4080.959999999999,3.8235733081202623e-08,3.78784939844161e-08,1.2121736476186974e-09,1.5284039295875698e-08,2.13822810409217e-08,1.8112469369776059e-10,0.0,3.1508427589248476e-22,1.4145855334542966e-32,1.988346361704263e-33
5,lbfgs,1949,2736.3999999999996,4080.959999999999,3.813501349049938e-08,3.7787799965947584e-08,1.1812777315380397e-09,1.5252884410830157e-08,2.1353637823579386e-08,1.7109900230513117e-10,0.0,3.0584422891870744e-22,1.414578386572285e-32,1.9883428426821612e-33
5,lbfgs,1959,2736.3999999999996,4080.959999999999,3.801677923029076e-08,3.770052902960441e-08,1.1439038369668516e-09,1.5179120738299002e-08,2.1377504454338555e-08,1.401354703489705e-10,0.0,2.9485328028579997e-22,1.414553227412177e-32,1.988308050883248e-33
5,lbfgs,1969,2736.3999999999996,4080.959999999999,3.791903093937797e-08,3.759085555515225e-08,1.1168584606801046e-09,1.5200728146284593e-08,2.127326894818755e-08,1.520605183407661e-10,0.0,2.864241635824772e-22,1.414569961035651e-32,1.98830700400337e-33
5,lbfgs,1979,2736.3999999999996,4080.959999999999,3.7813000408332425e-08,3.7435418823450126e-08,1.088223245206663e-09,1.5284169862579622e-08,2.106302571566384e-08,2.0146661035648437e-10,0.0,2.766692923379826e-22,1.4146118491144765e-32,1.9883488536754195e-33
5,lbfgs,1989,2736.3999999999996,4080.959999999999,3.77151055742532e-08,3.736096756917717e-08,1.063941234057157e-09,1.522750819558873e-08,2.1069518139531285e-08,1.7802293828969532e-10,0.0,2.6970793967572637e-22,1.4145984060132367e-32,1.988337074042979e-33
5,lbfgs,1999,2736.3999999999996,4080.959999999999,3.7627644194445555e-08,3.728327163373676e-08,1.0421196260979104e-09,1.520136107378588e-08,2.1039790933852962e-08,1.6825737067596865e-10,0.0,2.632021096058718e-22,1.414595012003494e-32,1.9883233246628358e-33
5,lbfgs,2009,2736.3999999999996,4080.959999999999,3.7522384911702715e-08,3.7206756274400226e-08,1.016042105875105e-09,1.514413247137018e-08,2.1046581697154943e-08,1.3951322826645974e-10,0.0,2.5554722304478265e-22,1.414579496435277e-32,1.988269646360092e-33
5,lbfgs,2019,2736.3999999999996,4080.959999999999,3.7437165035996865e-08,3.7109977737216504e-08,9.970636702705372e-10,1.515652402241785e-08,2.0956390044528116e-08,1.5107178588907248e-10,0.0,2.4969682938607176e-22,1.4145913879907628e-32,1.9882796483201965e-33
5,lbfgs,2029,2736.3999999999996,4080.959999999999,3.7340762477926906e-08,3.696921065032035e-08,9.762354898389923e-10,1.5210309951077423e-08,2.0782665209403936e-08,1.9543625380110452e-10,0.0,2.427561316137449e-22,1.4146214112600705e-32,1.988342670348363e-33
5,lbfgs,2039,2736.3999999999996,4080.959999999999,3.725556225513817e-08,3.690504024127994e-08,9.59144135235762e-10,1.516687779744647e-08,2.0779018308597707e-08,1.74406335206838e-10,0.0,2.3787487141353174e-22,1.4146132502424614e-32,1.9883181886715794e-33
5,lbfgs,2049,2736.3999999999996,4080.959999999999,3.717758130556264e-08,3.683565711190318e-08,9.43765654598805e-10,1.5144995401011916e-08,2.0746896056292463e-08,1.658083975758846e-10,0.0,2.333236661691133e-22,1.4146116471313186e-32,1.988301088382741e-33
5,lbfgs,2059,2736.3999999999996,4080.959999999999,3.7082284292710365e-08,3.6765626976218e-08,9.256303523720406e-10,1.5100770530021497e-08,2.073922609382446e-08,1.4054131039966266e-10,0.0,2.280448940467426e-22,1.4146010344306884e-32,1.9882418694394517e-33
5,lbfgs,2069,2736.3999999999996,4080.959999999999,3.7005988120589834e-08,3.667899544645557e-08,9.119696061915489e-10,1.510553335044796e-08,2.0661492489816065e-08,1.5087658303062688e-10,0.0,2.2387295505019687e-22,1.4146102817343875e-32,1.9882562157030295e-33
5,lbfgs,2079,2736.3999999999996,4080.959999999999,3.691733171029535e-08,3.655186598212724e-08,8.964743416869847e-10,1.5137616591359857e-08,2.0517775049080398e-08,1.893495979113179e-10,0.0,2.188099193007534e-22,1.4146337666217965e-32,1.9883261839725952e-33
6,adam,0,4080.959999999999,5963.343999999998,0.10882791260820059,0.08162093438693785,0.00027777767251451396,0.05880714604369931,0.022536010670724027,0.027206978128979282,0.0,1.0027688357880976e-17,1.9600053199982438e-30,2.499999999999994e-31
6,adam,24,4080.959999999999,5963.343999999998,0.025723268774728525,0.012029518745364818,0.0001580786214698967,0.007376465864513041,0.004494974259381879,0.013693749935426673,0.0,1.1366742508322638e-18,2.562285442227214e-31,5.006164036957514e-32
6,adam,49,4080.959999999999,5963.343999999998,0.020398129386625555,0.007191629803759585,8.411018002835487e-06,0.0045121941571662945,0.0026710246285904554,0.013206499486426916,0.0,6.569166270639641e-20,1.6322737873411023e-31,2.927464639379584e-32
6,adam,74,4080.959999999999,5963.343999999998,0.01790965877624627,0.004998108610972505,5.409660274790951e-06,0.0032283887635725195,0.001764310187125194,0.012911550065717689,0.0,4.731280020817269e-20,1.2070197292537518e-31,1.872734041599715e-32
6,adam,99,4080.959999999999,5963.343999999998,0.016641481898425067,0.004061501198447728,3.3390358792354594e-06,0.002619525294392033,0.0014386368681764598,0.012579980597050287,0.0,2.757892756339242e-20,9.409800488732966e-32,1.571980300889943e-32
6,adam,124,4080.959999999999,5963.343999999998,0.01591497231204561,0.0036381511592931608,1.2543106553654255e-06,0.002409946241207434,0.0012269506074303613,0.012276821047146442,0.0,6.95787601170221e-21,8.069990576147513e-32,1.4206413240701598e-32
6,adam,149,4080.959999999999,5963.343999999998,0.015447627165383105,0.0034320728125148857,7.926086273728173e-07,0.002342222619897822,0.001089057583989691,0.012015554245188001,0.0,3.7926644526170956e-21,7.153685030219142e-32,1.2953107386904505e-32
6,adam,174,4080.959999999999,5963.343999999998,0.015166410215702529,0.0033656118938085317,5.315926733929241e-07,0.0023289041666563906,0.001036176134478748,0.011800798212757702,0.0,2.5021031388537747e-21,6.569882029868659e-32,1.2466381866805344e-32
6,adam,199,4080.959999999999,5963.343999999998,0.014952251791089537,0.003327612418502009,4.1663998333943463e-07,0.0023288562711715325,0.0009983395073471367,0.011624639262300509,0.0,1.858957110394338e-21,6.14791162851266e-32,1.2071440835259335e-32
6,adam,224,4080.959999999999,5963.343999999998,0.014908641732553822,0.003479129643892525,4.6994299605194583e-07,0.002409526007376778,0.0010691336935196951,0.011429511977320395,0.0,2.598464477851855e-21,6.392542682749575e-32,1.2824957792264962e-32
6,adam,249,4080.959999999999,5963.343999999998,0.01465873143180298,0.0033872420124041337,5.780883575643204e-07,0.0023475304181966787,0.0010391335058498906,0.01127148930693702,0.0,4.146637808089541e-21,6.101672505958687e-32,1.2581631188148542e-32
6,adam,274,4080.959999999999,5963.343999999998,0.014256007415912604,0.0031530407740082604,4.6203159069957035e-07,0.00215529147863611,0.000997287263781451,0.01110296652798494,0.0,3.907129791192923e-21,5.851279821044967e-32,1.2264404876476513e-32
6,adam,299,4080.959999999999,5963.343999999998,0.013200594354499834,0.002457647558360736,8.528621163295922e-07,0.0015270677400570111,0.0009297269561873953,0.010742946679635462,0.0,6.320271478429642e-21,5.448001977686419e-32,1.1467915087133658e-32
6,adam,324,4080.959999999999,5963.343999999998,0.011561577890503896,0.0016874621704771964,1.4214531897874353e-06,0.0009296071328429477,0.0007564335844444614,0.009874115600025225,0.0,1.2289288265638322e-20,4.631214959676184e-32,8.907524321930293e-33
6,adam,349,4080.959999999999,5963.343999999998,0.010053301942473837,0.0012510474024813084,6.693584029364595e-07,0.0007049392132899443,0.0005454388307884276,0.008802254415890647,0.0,8.331040435975079e-21,4.070058308442712e-32,7.092369433735035e-33
6,adam,374,4080.959999999999,5963.343999999998,0.008734078989331585,0.0009837466162390073,2.494514199841807e-07,0.0005765091105203228,0.0004069880542987003,0.0077503322445738486,0.0,3.3680611704945887e-21,3.6551507319602385e-32,6.0723391002682334e-33
6,adam,399,4080.959999999999,5963.343999999998,0.007610286843586269,0.0008075332684340359,1.4879381173367766e-07,0.0004919909316061663,0.000315393543016136,0.006802753442539575,0.0,2.1752138347755372e-21,3.356478823926316e-32,5.318567184822628e-33
6,adam,424,4080.959999999999,5963.343999999998,0.006721790923479341,0.0006948156612071549,1.0334681857993746e-07,0.0004290696001954989,0.00026564271419307606,0.006026975126142615,0.0,1.1981626160307276e-21,3.0880798877138904e-32,4.4751473516840855e-33
6,adam,449,4080.959999999999,5963.343999999998,0.005873225181337214,0.0005943480866668771,6.274179335750799e-08,0.00037248347806409884,0.00022180186680942072,0.005278876955573488,0.0,7.127641553100256e-22,2.801556389424214e-32,4.4269341061426725e-33
6,adam,474,4080.959999999999,5963.343999999998,0.005185180878100916,0.0005291872814958635,4.342126237769002e-08,0.0003285898045893593,0.00020055405564412644,0.0046559934546681735,0.0,4.435335887317022e-22,2.668538009249518e-32,4.051938893368661e-33
6,adam,499,4080.959999999999,5963.343999999998,0.004661143853667389,0.0005007975173225755,4.346753703316616e-08,0.0003044442726591399,0.00019630977712640238,0.004160346191862524,0.0,4.396703036507891e-22,2.564251930873213e-32,3.5194659816648795e-33
6,adam,524,4080.959999999999,5963.343999999998,0.004091512489231403,0.00043985025552189204,3.579402292199052e-08,0.00027109296076101324,0.00016872150073795684,0.0036516620870251436,0.0,4.0590123883551674e-22,2.3989062808278068e-32,3.6326757534291636e-33
6,adam,549,4080.959999999999,5963.343999999998,0.0037335135378207293,0.00043771572661655553,6.252370896933942e-08,0.0002906896735646431,0.0001469635293429431,0.0032957976621501984,0.0,5.043503195989136e-22,2.2662550199841655e-32,3.966002579761911e-33
6,adam,574,4080.959999999999,5963.343999999998,0.0032618784647298798,0.0003839622890783335,7.25392965311917e-08,0.00022860703462077684,0.00015528271516102542,0.0028779160243748506,0.0,9.138887079809213e-22,2.2465350130317249e-32,2.9127893937069514e-33
6,adam,599,4080.959999999999,5963.343999999998,0.0029005640808516934,0.0003377385889267626,7.336611120138485e-08,0.00020569153276552205,0.00013197369005003915,0.0025628253385202083,0.0,8.326041196500831e-22,2.1110909636644502e-32,3.263437829230476e-33
6,adam,624,4080.959999999999,5963.343999999998,0.002806149764858785,0.0003976049365511089,1.102073828819236e-07,0.00020863513019460148,0.00018885959897362546,0.0024085446725884267,0.0,1.0308282416403044e-21,2.3256575844198948e-32,2.4084482100431568e-33
6,adam,649,4080.959999999999,5963.343999999998,0.011904972887657862,0.0076375719743761485,1.95484045085168e-07,0.004396557847446508,0.0032408186428845554,0.004267400747059656,0.0,1.7674094637787653e-21,2.5156465323280595e-32,3.314109422220264e-33
6,adam,674,4080.959999999999,5963.343999999998,0.010278714832557862,0.006424659632279749,1.4092599634956133e-07,0.0045630277323043525,0.001861490973979046,0.003854055031981366,0.0,3.3337713470658124e-21,2.0071747086478456e-32,2.1099439752490663e-33
6,adam,699,4080.959999999999,5963.343999999998,0.008191525103524092,0.00461181429393564,1.4463720239501076e-07,0.004090216811371802,0.0005214528453614433,0.0035797106412620333,0.0,4.36315622726782e-21,2.25665933884571e-32,2.848860673254549e-33
6,adam,724,4080.959999999999,5963.343999999998,0.007042775720972378,0.0036576319814317342,1.8984310092466453e-07,0.003128669776534223,0.0005287723617965863,0.003385143570991233,0.0,5.609008110166753e-21,2.2604705810522858e-32,2.0889039973552374e-33
6,adam,749,4080.959999999999,5963.343999999998,0.006257256128954026,0.0030053712814937642,1.6279495647558057e-07,0.0025782364081071213,0.0004269720784301676,0.0032518846786975405,0.0,4.47331441081174e-21,2.4141087810234413e-32,2.008306241674349e-33
6,adam,774,4080.959999999999,5963.343999999998,0.005681299095985771,0.0025569290281632568,1.155675828180519e-07,0.002192101280694893,0.0003647121798855457,0.00312436989875341,0.0,2.661318284801686e-21,2.4775103230755696e-32,1.9829772960526564e-33
6,adam,799,4080.959999999999,5963.343999999998,0.0052433063331286025,0.002229197037951831,8.148258048868055e-08,0.0019213383500412732,0.000307777205330069,0.003014109125686575,0.0,1.253332378330722e-21,2.4981573127769915e-32,1.9842378422898584e-33
6,adam,824,4080.959999999999,5963.343999999998,0.004954778979868306,0.0020312539221045704,7.987841698484215e-08,0.0017567768733496836,0.00027439717033790216,0.0029235248876892995,0.0,9.738538872122554e-22,2.684840609848341e-32,2.2109280234092943e-33
6,adam,849,4080.959999999999,5963.343999999998,0.004675266756597903,0.0018245747301642587,9.317553863554982e-08,0.001571218959704003,0.00025326259492162024,0.002850691855693158,0.0,1.3357259724275868e-21,2.691308179551018e-32,2.156519542906989e-33
6,adam,874,4080.959999999999,5963.343999999998,0.004430303427226453,0.0016500490624229926,1.0648872531125262e-07,0.0014158043846153384,0.00023413818908234302,0.002780254193299157,0.0,1.8033500186732006e-21,2.655813062978068e-32,2.1568509046415846e-33
6,adam,899,4080.959999999999,5963.343999999998,0.004205936128261045,0.001493724669096815,1.2175463489323551e-07,0.0012764358489361794,0.00021716706552574237,0.0027122112868021644,0.0,2.2655207913268967e-21,2.6070419135779706e-32,2.1703913848681917e-33
6,adam,924,4080.959999999999,5963.343999999998,0.003995158146740575,0.0013507209264542225,1.3573381306726122e-07,0.001145872926132615,0.00020471226650854016,0.0026444370469874464,0.0,2.6541313529090976e-21,2.5561291679808984e-32,2.2030349683819843e-33
6,adam,949,4080.959999999999,5963.343999999998,0.003796919143323832,0.0012207934403749773,1.4251322152909676e-07,0.0010222557024418188,0.0001983952247116294,0.002576125528664259,0.0,2.8766591546363647e-21,2.5147429473032596e-32,2.2664741589596403e-33
6,adam,974,4080.959999999999,5963.343999999998,0.0036141718221739867,0.0011076971384046536,1.3693417757829103e-07,0.0009092073726941754,0.00019835283153289988,0.00250647450849753,0.0,2.7956012258455832e-21,2.495142944659269e-32,2.354955824197226e-33
6,adam,999,4080.959999999999,5963.343999999998,0.0034467811337781443,0.0010127347460079797,1.1515096232486738e-07,0.000814204707897049,0.0001984148871486059,0.002434046211553991,0.0,2.3593009931516573e-21,2.4905461910838564e-32,2.447806044779953e-33
6,adam,1024,4080.959999999999,5963.343999999998,0.0032521990021209045,0.0008987440909198859,8.246277029420154e-08,0.000708506504680962,0.0001901551234686298,0.0023534547340690742,0.0,1.7015075579104066e-21,2.248643871833724e-32,2.4779499141620757e-33
6,adam,1049,4080.959999999999,5963.343999999998,0.003111428904001381,0.0008366429429966289,5.194513798679809e-08,0.0006496207973230283,0.00018697020053561378,0.0022747857830030037,0.0,1.1134552188921702e-21,2.249115979088535e-32,2.545633824159831e-33
6,adam,1074,4080.959999999999,5963.343999999998,0.0029788758158858356,0.0007838455176562592,3.352888419202246e-08,0.0005972524874572219,0.00018655950131484525,0.0021950301193677454,0.0,7.977067773062688e-22,2.2381403339406567e-32,2.613057184296143e-33
6,adam,1099,4080.959999999999,5963.343999999998,0.0028532557416997358,0.0007389084797604479,2.6386237229589284e-08,0.0005526610375168543,0.00018622105600636397,0.0021143470822251723,0.0,7.051036859018539e-22,2.2254611967037615e-32,2.668538340411218e-33
6,adam,1124,4080.959999999999,5963.343999999998,0.0027337158477580437,0.0007003600826694897,2.5995093755522845e-08,0.0005139515503858912,0.00018638253718984292,0.0020333555845276157,0.0,7.342464165755349e-22,2.2109901253405423e-32,2.715221674285037e-33
6,adam,1149,4080.959999999999,5963.343999999998,0.0026194385480314483,0.000667222061232794,2.7424545285900668e-08,0.00048036178508363087,0.00018683285160387724,0.0019522163053972378,0.0,7.790882262064944e-22,2.195232317375204e-32,2.7540267818741595e-33
6,adam,1174,4080.959999999999,5963.343999999998,0.0025095551510150435,0.0006384225284155639,2.7739821201304065e-08,0.00045121893579984406,0.00018717585279451852,0.0018711324403651358,0.0,7.79052710796389e-22,2.1786132587871643e-32,2.7844054880067648e-33
6,adam,1199,4080.959999999999,5963.343999999998,0.0024032493108178277,0.0006128892799819884,2.6312120235580475e-08,0.00042573367892089875,0.0001871292889408541,0.0017903598477761705,0.0,7.227762620686122e-22,2.1610962152482062e-32,2.8063846882198748e-33
6,adam,1224,4080.959999999999,5963.343999999998,0.0022802705191224096,0.0005802443218748364,2.2971529688113758e-08,0.0003991621209396088,0.00018105922940553956,0.0017000260133693025,0.0,5.874411325141156e-22,2.0954819795612488e-32,2.7326240875430752e-33
6,adam,1249,4080.959999999999,5963.343999999998,0.0021790755042402307,0.0005557474275309885,2.008189298741555e-08,0.00037823905865657205,0.00017748828698142902,0.001623327892078692,0.0,4.778852773603589e-22,2.0879813365464836e-32,2.7392847689898446e-33
6,adam,1274,4080.959999999999,5963.343999999998,0.0020806408406033278,0.0005343872445411412,1.74038889194614e-08,0.00035638794155439256,0.00017798189909782916,0.0015462534106638831,0.0,3.789800298706724e-22,2.0675921886452569e-32,2.7511592413563307e-33
6,adam,1299,4080.959999999999,5963.343999999998,0.0019844728633327076,0.0005145089538001934,1.4890177485651699e-08,0.00033711737033354877,0.00017737669328915897,0.0014699637233692425,0.0,2.8940885162674577e-22,2.0445794563256207e-32,2.756824195511009e-33
6,adam,1324,4080.959999999999,5963.343999999998,0.0018903241241104425,0.0004951121333989991,1.2627312502888508e-08,0.0003186915563050574,0.00017640794978143878,0.00139521180378179,0.0,2.1285223132789893e-22,2.0205583453132494e-32,2.7564373277247536e-33
6,adam,1349,4080.959999999999,5963.343999999998,0.001798007067406951,0.000475968061649735,1.065225874961782e-08,0.00030090465622400954,0.00017505275316697584,0.0013220388180581767,0.0,1.5067032665502994e-22,1.9952462284849199e-32,2.752512700271849e-33
6,adam,1374,4080.959999999999,5963.343999999998,0.0017073580319791504,0.0004567067020081583,8.844899707093716e-09,0.0002834873010486556,0.00017321055605979562,0.001250651141496764,0.0,9.910468550428841e-23,1.9688872666513157e-32,2.744291703329161e-33
6,adam,1399,4080.959999999999,5963.343999999998,0.0016186326097734189,0.00043722835945313914,3.7329367119653293e-07,0.0002662795486965876,0.000170575517085355,0.0011814040610621933,0.0,3.6996063075143104e-21,1.9416275775123015e-32,2.7298584650671417e-33
6,lbfgs,1400,4080.959999999999,5963.343999999998,0.0016444237040049692,0.00046574572425175703,2.0866385100369959e-07,0.00027702444137840036,0.000188512619022353,0.00117867779046344,0.0,1.9580201397745734e-21,1.90458014558517e-32,2.8865449373478498e-33
6,lbfgs,1409,4080.959999999999,5963.343999999998,0.00033044516169420914,0.00029092899127118745,8.022271177300392e-07,6.908376123661606e-05,0.00022104300291684136,3.9515978156921126e-05,0.0,9.30541360307788e-21,1.2551955939992736e-32,3.7781095383588616e-33
6,lbfgs,1419,4080.959999999999,5963.343999999998,0.000201864569783607,0.00019333376089082237,5.23125270289742e-08,0.00011555488609215238,7.7726562271641e-05,8.530615178452546e-06,0.0,6.387020904449052e-22,1.6157584924067574e-32,2.421142590479769e-33
6,lbfgs,1429,4080.959999999999,5963.343999999998,4.7198418618049877e-05,4.630586128444449e-05,1.4789828534308346e-07,1.3728674674961921e-05,3.2429288324139484e-05,8.923614552700562e-07,0.0,2.6221857005789408e-21,1.2677242479444505e-32,2.002193241000959e-33
6,lbfgs,1439,4080.959999999999,5963.343999999998,2.105223878593155e-05,2.0725079583281038e-05,1.9433699339769384e-08,9.496050562549753e-06,1.1209595321391515e-05,3.2696335566179405e-07,0.0,2.1519665042550416e-22,1.1961712743386977e-32,1.8104282994264535e-33
6,lbfgs,1449,4080.959999999999,5963.343999999998,7.594586054574162e-06,7.090607044656504e-06,3.486154203916769e-08,4.274557902555679e-06,2.7811876000616577e-06,5.037834471143763e-07,0.0,7.96839258387135e-22,1.1254544141052566e-32,1.651455575831121e-33
6,lbfgs,1459,4080.959999999999,5963.343999999998,5.429612934232393e-06,5.272506731879267e-06,1.2569371761194255e-08,2.753686511847017e-06,2.5062508482710552e-06,1.5691066019866107e-07,0.0,2.7337598431971995e-22,1.1282913626530886e-32,1.6603388428288336e-33
6,lbfgs,1469,4080.959999999999,5963.343999999998,3.831657311567667e-06,3.5377211280324253e-06,2.510903206738252e-08,2.003267726380938e-06,1.509344369584105e-06,2.9374067358418125e-07,0.0,5.91644492354263e-22,1.1445674266301548e-32,1.6371208739367963e-33
6,lbfgs,1479,4080.959999999999,5963.343999999998,2.331850396572829e-06,2.298905790493314e-06,1.8779559896279266e-08,1.2991139021118255e-06,9.810123284852091e-07,3.2749046757647584e-08,0.0,4.582146742377923e-22,1.1522391755334048e-32,1.6230180641156713e-33
6,lbfgs,1489,4080.959999999999,5963.343999999998,1.8320506004783343e-06,1.783218741415096e-06,6.097639660481436e-08,7.789426196192908e-07,9.432997251909908e-07,4.863623502766924e-08,0.0,1.1439078491255278e-21,1.1587771269703573e-32,1.62791701184833e-33
6,lbfgs,1499,4080.959999999999,5963.343999999998,1.4834009288902874e-06,1.4468065346550246e-06,1.849482394920421e-08,5.65384287750461e-07,8.629274229553594e-07,3.639869227121338e-08,0.0,5.501859967373711e-22,1.165835671174161e-32,1.6262874362514352e-33
6,lbfgs,1509,4080.959999999999,5963.343999999998,1.152300200931858e-06,1.1157154311580794e-06,6.947378019349029e-08,3.5523768515200135e-07,6.910039658125877e-07,3.6388884812518385e-08,0.0,1.4312891463233641e-21,1.1698351799945897e-32,1.6215004108723087e-33
6,lbfgs,1519,4080.959999999999,5963.343999999998,9.398109211725547e-07,9.105368892659064e-07,4.8948284653993e-08,3.745240544709523e-07,4.87064550140961e-07,2.907806335343962e-08,0.0,1.341130487088309e-21,1.1711054996744023e-32,1.6254497038448517e-33
6,lbfgs,1529,4080.959999999999,5963.343999999998,6.341200951742882e-07,6.18055521556177e-07,7.73886268943106e-09,2.7461176552488805e-07,3.3570489334185793e-07,1.5868343730097727e-08,0.0,1.3277935797740578e-22,1.1738027198438513e-32,1.619003210649245e-33
6,lbfgs,1539,4080.959999999999,5963.343999999998,5.612952848660236e-07,5.529156896376723e-07,8.251996274191295e-09,2.7734005222192496e-07,2.6732364114155605e-07,8.183307552975738e-09,0.0,9.33718876832823e-23,1.1691364814826784e-32,1.6104546933523923e-33
6,lbfgs,1549,4080.959999999999,5963.343999999998,4.276819283807677e-07,4.2026176184295275e-07,5.015696742669721e-09,2.2103709876710674e-07,1.9420896633317628e-07,7.223781979354392e-09,0.0,1.385153355229974e-22,1.172066186489053e-32,1.6113447224169543e-33
6,lbfgs,1559,4080.959999999999,5963.343999999998,3.3923545247920866e-07,3.34503862370403e-07,6.589209651077835e-09,1.752391599003498e-07,1.526754928189754e-07,4.535112776963277e-09,0.0,1.2398862329908383e-22,1.1743188760230883e-32,1.618709654033235e-33
6,lbfgs,1569,4080.959999999999,5963.343999999998,2.7923496115017004e-07,2.7600468275731196e-07,5.5652899485298696e-09,1.4877946035442906e-07,1.21659932454353e-07,3.0336792611238347e-09,0.0,1.2610760257034774e-22,1.1756402394773787e-32,1.613104873546896e-33
6,lbfgs,1579,4080.959999999999,5963.343999999998,2.434332150105085e-07,2.3830323941665355e-07,2.313784658325046e-09,1.3517707999387232e-07,1.0081237476445618e-07,4.933324596806151e-09,0.0,4.174892876507588e-23,1.1738250449887986e-32,1.6182074567724452e-33
6,lbfgs,1589,4080.959999999999,5963.343999999998,2.0331617863054734e-07,2.0005672482302023e-07,3.3862469337013703e-09,1.0734493096545957e-07,8.932554692385931e-08,3.062661478724802e-09,0.0,7.086647674042168e-23,1.176697296008559e-32,1.6102240585482048e-33
6,lbfgs,1599,4080.959999999999,5963.343999999998,1.7978780420137946e-07,1.7744741682899696e-07,2.636109261304078e-09,9.419640659384304e-08,8.061490097384985e-08,2.143548146575381e-09,0.0,5.460213769370327e-23,1.175526289615307e-32,1.610086815968805e-33
6,lbfgs,1609,4080.959999999999,5963.343999999998,1.5921352606553598e-07,1.5630594915079423e-07,2.5809637084325497e-09,8.644670999019027e-08,6.72782754521714e-08,2.710657836678205e-09,0.0,5.402292837264121e-23,1.176947898306508e-32,1.61846485569236e-33
6,lbfgs,1619,4080.959999999999,5963.343999999998,1.505296290718734e-07,1.4826075433057813e-07,1.7654421038019782e-09,8.081526402632284e-08,6.568004820045333e-08,2.071998923911609e-09,0.0,3.124967733700433e-23,1.1755334651008146e-32,1.617142587205984e-33
6,lbfgs,1629,4080.959999999999,5963.343999999998,1.4359727264780208e-07,1.4104212771029042e-07,1.8739488945507895e-09,7.120314139243578e-08,6.796503742330387e-08,2.358235143936266e-09,0.0,3.1916616248553804e-23,1.1745531650726348e-32,1.6170586386701338e-33
6,lbfgs,1639,4080.959999999999,5963.343999999998,1.285567144127601e-07,1.2704272486830013e-07,1.8580816161196703e-09,5.67538571566175e-08,6.843078609556296e-08,1.3169900489402665e-09,0.0,3.1631751216221923e-23,1.1765368712389058e-32,1.6182735004439096e-33
6,lbfgs,1649,4080.959999999999,5963.343999999998,1.2219306510003976e-07,1.2061643766132994e-07,1.9248161225780023e-09,5.186335858946855e-08,6.682826294928338e-08,1.3795895973358542e-09,0.0,3.1113248380232724e-23,1.1760074174791024e-32,1.6224862981662145e-33
6,lbfgs,1659,4080.959999999999,5963.343999999998,1.1341518233651118e-07,1.1178811526683255e-07,1.9700631336050374e-09,5.0499333785122923e-08,5.931871834810459e-08,1.4300455006592762e-09,0.0,3.646198466516193e-23,1.177234998404754e-32,1.6214879247622573e-33
6,lbfgs,1669,4080.959999999999,5963.343999999998,1.0919567427644207e-07,1.0790730931621258e-07,1.9384201425284006e-09,4.7492817193275685e-08,5.847607198040849e-08,1.0913102572600314e-09,0.0,2.4773779698685577e-23,1.1775312120266025e-32,1.620796563856137e-33
6,lbfgs,1679,4080.959999999999,5963.343999999998,1.012648273447913e-07,9.846341365740304e-08,2.0681632317919236e-09,4.1732169450109666e-08,5.466308097550145e-08,2.6043306036393056e-09,0.0,3.0039346324159926e-23,1.1776546063116166e-32,1.6195433066002518e-33
6,lbfgs,1689,4080.959999999999,5963.343999999998,8.29358179276241e-08,8.106842637471445e-08,1.3081229766782603e-09,3.1586578745126924e-08,4.8173724652909265e-08,1.6701630629740013e-09,0.0,2.206654286847281e-23,1.1782691388069535e-32,1.6195180102761573e-33
6,lbfgs,1699,4080.959999999999,5963.343999999998,7.59315858434315e-08,7.349176935224592e-08,1.3941914531095985e-09,2.6612066483260442e-08,4.548551141587587e-08,2.2425598744486214e-09,0.0,2.0520238345806324e-23,1.1801096207071748e-32,1.6180668943531806e-33
6,lbfgs,1709,4080.959999999999,5963.343999999998,6.927231163507962e-08,6.877927398171634e-08,1.5815300763961858e-09,2.4356556554375638e-08,4.2841187350944513e-08,2.95804363718524e-10,0.0,2.5663784205864132e-23,1.178077256041463e-32,1.622174559400861e-33
6,lbfgs,1719,4080.959999999999,5963.343999999998,6.61231989062633e-08,6.4430636328756e-08,1.488808727569037e-09,2.235584184422271e-08,4.058598575696426e-08,1.495265175960015e-09,0.0,2.752475161215628e-23,1.1791402070353482e-32,1.6203233820017567e-33
6,lbfgs,1729,4080.959999999999,5963.343999999998,6.249495643853517e-08,6.191115987611511e-08,1.4148058945601577e-09,2.1068304944216467e-08,3.942804903733849e-08,3.8648580259002645e-10,0.0,2.222262128619224e-23,1.1782199927462863e-32,1.6194271046208307e-33
6,lbfgs,1739,4080.959999999999,5963.343999999998,5.888288712296958e-08,5.8250760275873125e-08,1.1676445111564264e-09,2.1472457944805486e-08,3.561065781991122e-08,4.3479123034289827e-10,0.0,1.645480054606895e-23,1.1784421774166466e-32,1.6209456321200705e-33
6,lbfgs,1749,4080.959999999999,5963.343999999998,5.7936967041306624e-08,5.7014629325228745e-08,1.1932068849518684e-09,2.0896438107640068e-08,3.492498433263681e-08,7.250126551773682e-10,0.0,1.5662117316814988e-23,1.1788964533465431e-32,1.6219450929697567e-33
6,lbfgs,1759,4080.959999999999,5963.343999999998,5.7548889897004525e-08,5.664782878172238e-08,1.1781862244334231e-09,2.0976235173935388e-08,3.449340738335357e-08,7.037332590034795e-10,0.0,1.5841888035054646e-23,1.1789265502356455e-32,1.6219769746779593e-33
6,lbfgs,1769,4080.959999999999,5963.343999999998,5.739323035050653e-08,5.647116613123103e-08,1.1776959063247974e-09,2.0858094563999278e-08,3.4435375660906954e-08,7.247334310980532e-10,0.0,1.582629271035908e-23,1.179068430517161e-32,1.6216299472496697e-33
6,lbfgs,1779,4080.959999999999,5963.343999999998,5.725934723829092e-08,5.635378433356233e-08,1.1822512398950472e-09,2.0938767294241208e-08,3.4232765799426077e-08,7.082337858992086e-10,0.0,1.60134105032825e-23,1.1789166305845973e-32,1.6220228279485676e-33
6,lbfgs,1789,4080.959999999999,5963.343999999998,5.711928253506813e-08,5.621759846940654e-08,1.1684552512454146e-09,2.084177467389449e-08,3.420736854426663e-08,7.04353342257286e-10,0.0,1.5770302124387e-23,1.1789961842831747e-32,1.621790078394667e-33
6,lbfgs,1799,4080.959999999999,5963.343999999998,5.698631983018976e-08,5.608016426159885e-08,1.1609753195404233e-09,2.0750156184453598e-08,3.416903275760483e-08,7.088231394679989e-10,0.0,1.567743409190186e-23,1.179071835727385e-32,1.6215534573262556e-33
6,lbfgs,1809,4080.959999999999,5963.343999999998,5.686274957253912e-08,5.597326107216747e-08,1.16159759017253e-09,2.083100535191964e-08,3.3980658130075305e-08,6.921579845116859e-10,0.0,1.581626252328886e-23,1.1789083456895026e-32,1.62195365103426e-33
6,lbfgs,1819,4080.959999999999,5963.343999999998,5.6731204752511163e-08,5.584566764849936e-08,1.1499220243932108e-09,2.0736807450304066e-08,3.395893817380209e-08,6.882051024976231e-10,0.0,1.5598612674760377e-23,1.1789808841171728e-32,1.62173418953128e-33
6,lbfgs,1829,4080.959999999999,5963.343999999998,5.660542457863749e-08,5.571504659385759e-08,1.1444765198471355e-09,2.0646294516002485e-08,3.392427555800797e-08,6.930443434898901e-10,0.0,1.5523060494685383e-23,1.1790518609215247e-32,1.621508309009297e-33
6,lbfgs,1839,4080.959999999999,5963.343999999998,5.648806767122081e-08,5.561233172631728e-08,1.1447580723674405e-09,2.0725179876284955e-08,3.374239377766488e-08,6.784041560677075e-10,0.0,1.5643021444914915e-23,1.178891182845287e-32,1.6219022897481184e-33
6,lbfgs,1849,4080.959999999999,5963.343999999998,5.636245178097965e-08,5.549006364569072e-08,1.1348503107181636e-09,2.0632744193887448e-08,3.3722469141085106e-08,6.750548865314824e-10,0.0,1.5445544848820002e-23,1.1789617124410297e-32,1.621689015374705e-33
6,lbfgs,1859,4080.959999999999,5963.343999999998,5.6242058195801705e-08,5.5364456921629066e-08,1.1308996619510424e-09,2.0543710324824005e-08,3.3689846934854015e-08,6.802664101876556e-10,0.0,1.5382226124503364e-23,1.1790307746309226e-32,1.6214696397485253e-33
6,lbfgs,1869,4080.959999999999,5963.343999999998,5.6129602661959166e-08,5.526511115947873e-08,1.131178315999293e-09,2.062144585779347e-08,3.351248698568597e-08,6.671584401028764e-10,0.0,1.5491879424764962e-23,1.1788729635536139e-32,1.6218579254657605e-33
6,lbfgs,1879,4080.959999999999,5963.343999999998,5.600880946721085e-08,5.51473219992154e-08,1.1224263692179212e-09,2.0530907605911377e-08,3.3493988024086095e-08,6.641529700763722e-10,0.0,1.5308139865390786e-23,1.1789421005728885e-32,1.6216492792612315e-33
6,lbfgs,1889,4080.959999999999,5963.343999999998,5.5892950020545664e-08,5.5026130223007345e-08,1.1194169064905867e-09,2.0443704983782866e-08,3.3463008332733894e-08,6.694837129206207e-10,0.0,1.5252682326930295e-23,1.1790097117275508e-32,1.621435102774272e-33
6,lbfgs,1899,4080.959999999999,5963.343999999998,5.578473070035221e-08,5.492985990851681e-08,1.11984513419722e-09,2.052063885097507e-08,3.3289375923344526e-08,6.575364709606647e-10,0.0,1.5357526832245318e-23,1.1788545608359645e-32,1.6218180775384538e-33
6,lbfgs,1909,4080.959999999999,5963.343999999998,5.566817381605209e-08,5.4816104675058934e-08,1.1118663337817283e-09,2.0432045268944672e-08,3.327219307233253e-08,6.547334104872979e-10,0.0,1.5183675014177866e-23,1.1789225592769972e-32,1.6216132853396106e-33
6,lbfgs,1919,4080.959999999999,5963.343999999998,5.5556366835508934e-08,5.469898484901483e-08,1.109455375976001e-09,2.03468086811225e-08,3.324272079191633e-08,6.600447007691035e-10,0.0,1.513346661871483e-23,1.1789889436107178e-32,1.6214035751430334e-33
6,lbfgs,1929,4080.959999999999,5963.343999999998,5.5451982602246765e-08,5.460562662993993e-08,1.1101171232100717e-09,2.0423078356143743e-08,3.3072431150586115e-08,6.490204196681245e-10,0.0,1.5236904053629023e-23,1.1788363222177666e-32,1.621781436651003e-33
6,lbfgs,1939,4080.959999999999,5963.343999999998,5.533929315261107e-08,5.449561369083477e-08,1.1026780014515907e-09,2.033642723372089e-08,3.305650845566229e-08,6.463425257194697e-10,0.0,1.5070563322626458e-23,1.1789033244745628e-32,1.6215800407169557e-33
6,lbfgs,1949,4080.959999999999,5963.343999999998,5.5231216526136966e-08,5.438232167837146e-08,1.1006558743665481e-09,2.025319327981834e-08,3.302847252418657e-08,6.515563885436945e-10,0.0,1.502396935659534e-23,1.1789686191863691e-32,1.621374326155359e-33
6,lbfgs,1959,4080.959999999999,5963.343999999998,5.5130383485477004e-08,5.429174887023846e-08,1.1015896971168093e-09,2.0328852066384284e-08,3.286130710673737e-08,6.412978620801258e-10,0.0,1.512795546139639e-23,1.1788184298546298e-32,1.6217472152247806e-33
6,lbfgs,1969,4080.959999999999,5963.343999999998,5.502129165288862e-08,5.418525573754101e-08,1.0945451534804762e-09,2.0244113983202654e-08,3.284659660085788e-08,6.386978042962367e-10,0.0,1.4967586535410674e-23,1.1788845265057219e-32,1.62154891385841e-33
6,lbfgs,1979,4080.959999999999,5963.343999999998,5.4916698738342696e-08,5.407559153381006e-08,1.0927815013887882e-09,2.0162869622592637e-08,3.281994040982864e-08,6.437676014929127e-10,0.0,1.492354003731729e-23,1.1789488245570077e-32,1.6213468652105746e-33
6,lbfgs,1989,4080.959999999999,5963.343999999998,5.4819190873796704e-08,5.3987686956148505e-08,1.0939972832666608e-09,2.023793434926745e-08,3.26557553236144e-08,6.341659954033383e-10,0.0,1.5029101213713627e-23,1.178800982161172e-32,1.6217149122116008e-33
6,lbfgs,1999,4080.959999999999,5963.343999999998,5.471347724212789e-08,5.3884526009086013e-08,1.0872549411015653e-09,2.0155063425196634e-08,3.264220764278782e-08,6.316119772235499e-10,0.0,1.4873669883054047e-23,1.1788662369771829e-32,1.621519487320183e-33
6,lbfgs,2009,4080.959999999999,5963.343999999998,5.461216170619499e-08,5.377831218501018e-08,1.0856671719990942e-09,2.0075768509028122e-08,3.261687650398296e-08,6.365088029855995e-10,0.0,1.483145765327358e-23,1.1789296066229366e-32,1.6213208563463714e-33
6,lbfgs,2019,4080.959999999999,5963.343999999998,5.451778557248579e-08,5.3692960894972316e-08,1.0871578333743502e-09,2.0150239436023407e-08,3.2455563625574555e-08,6.274856156853944e-10,0.0,1.493904683767328e-23,1.1787840310549444e-32,1.6216841939945247e-33
6,lbfgs,2029,4080.959999999999,5963.343999999998,5.4415260001779005e-08,5.359296469962614e-08,1.0806573046845548e-09,2.0069180226857e-08,3.244312716808458e-08,6.249549296743194e-10,0.0,1.4787837944649392e-23,1.1788484928438528e-32,1.6214914757158553e-33
6,lbfgs,2039,4080.959999999999,5963.343999999998,5.4317040190038924e-08,5.349003755646065e-08,1.079192048716267e-09,1.9991779875326826e-08,3.2419065632417554e-08,6.296608265228251e-10,0.0,1.4746977769906587e-23,1.1789109876310522e-32,1.6212960643188126e-33
6,lbfgs,2049,4080.959999999999,5963.343999999998,5.422562336803136e-08,5.340712570317019e-08,1.0809411371073857e-09,2.006564989955191e-08,3.2260534666510894e-08,6.211574902047766e-10,0.0,1.4856704352030318e-23,1.1787676015896191e-32,1.6216548293502765e-33
6,lbfgs,2059,4080.959999999999,5963.343999999998,5.4126115154483985e-08,5.331014038309631e-08,1.0746417830392462e-09,1.998634205630409e-08,3.224915654375297e-08,6.18633307600924e-10,0.0,1.470921095660794e-23,1.1788313102153383e-32,1.6214646776556632e-33
6,lbfgs,2069,4080.959999999999,5963.343999999998,5.403082658953389e-08,5.321034617379149e-08,1.0732638401369092e-09,1.991077394501526e-08,3.222630838863932e-08,6.231375433870638e-10,0.0,1.4669375775008208e-23,1.1788929744369191e-32,1.6212723203999095e-33
6,lbfgs,2079,4080.959999999999,5963.343999999998,5.394221196023257e-08,5.312976157276346e-08,1.0752502314588662e-09,1.9984033127244588e-08,3.207047821406001e-08,6.151091238612632e-10,0.0,1.4781149814577778e-23,1.1787517029293354e-32,1.621626652142039e-33
6,lbfgs,2089,4080.959999999999,5963.343999999998,5.3845564845433357e-08,5.303564360685296e-08,1.0691238224826056e-09,1.9906414440428134e-08,3.2060105343942216e-08,6.125787060434829e-10,0.0,1.463700412636174e-23,1.1788146925561477e-32,1.621438946677945e-33
6,lbfgs,2099,4080.959999999999,5963.343999999998,5.375305628426723e-08,5.293883683412108e-08,1.0678094773017708e-09,1.983261314986067e-08,3.2038414206958635e-08,6.168755333747939e-10,0.0,1.459797290434889e-23,1.1788755643700773e-32,1.621249500543325e-33
6,lbfgs,2109,4080.959999999999,5963.343999999998,5.3667098902345686e-08,5.286046985396969e-08,1.0700102006561364e-09,1.9905250987286164e-08,3.188520866602739e-08,6.0928671701426e-10,0.0,1.4711594212592715e-23,1.1787363347172841e-32,1.6215995390026936e-33
6,lbfgs,2119,4080.959999999999,5963.343999999998,5.357316828716278e-08,5.2769084394048675e-08,1.0640364522389392e-09,1.982925929328273e-08,3.1875788648527e-08,6.067403118258722e-10,0.0,1.4570523189233875e-23,1.1787986356485873e-32,1.6214141731665616e-33
6,lbfgs,2129,4080.959999999999,5963.343999999998,5.348329943287616e-08,5.267512697787824e-08,1.0627693772114103e-09,1.9757158885516248e-08,3.185519871515058e-08,6.108275122992601e-10,0.0,1.4532148149216977e-23,1.1788587489304472e-32,1.6212275112705848e-33
6,lbfgs,2139,4080.959999999999,5963.343999999998,5.3399864634981026e-08,5.259887131697371e-08,1.0651612668255765e-09,1.982916543212996e-08,3.170454461801817e-08,6.036499377393046e-10,0.0,1.4647360748948114e-23,1.1787214908689066e-32,1.6215733954911394e-33
7,adam,0,5963.343999999998,8598.681599999996,0.10882773141551945,0.08162079849302045,0.0002777770866464495,0.058807010735649985,0.022536010670724027,0.02720693283100682,0.0,2.3261316565762467e-19,1.9600008102657647e-30,2.499999999999994e-31
7,adam,24,5963.343999999998,8598.681599999996,0.026737936796940705,0.01292327394680372,9.877293404783506e-05,0.008242313297729018,0.004582187715026867,0.013814662756941973,0.0,8.826512279706214e-21,2.8254061322275966e-31,5.095953133323063e-32
7,adam,49,5963.343999999998,8598.681599999996,0.02105739996173103,0.007644944780261477,5.92865714382625e-06,0.004827552923932692,0.0028114631991849586,0.013412455085405567,0.0,7.816610084269912e-22,1.7119369349363898e-31,3.0657430448147965e-32
7,adam,74,5963.343999999998,8598.681599999996,0.01843988022872473,0.0053207702363169814,5.616568953455297e-06,0.0035185805402919447,0.0017965731270715812,0.013119109893010135,0.0,4.1271195330731953e-22,1.2886486225438805e-31,1.8730515969311926e-32
7,adam,99,5963.343999999998,8598.681599999996,0.017100487738632247,0.004253508792473703,2.5619573144016556e-06,0.0027902529513143676,0.0014606938838449335,0.012846978843345428,0.0,2.207472494110596e-22,1.010371882051927e-31,1.5356520580972975e-32
7,adam,124,5963.343999999998,8598.681599999996,0.01634285428262919,0.00374772323883971,1.6015465711233332e-06,0.002497836663036679,0.0012482850292319075,0.012595130938397371,0.0,1.0731715783571755e-22,8.665891866576742e-32,1.3929359334345292e-32
7,adam,149,5963.343999999998,8598.681599999996,0.015827415247896385,0.003425212837520057,7.811761934700147e-07,0.0023377889906458674,0.0010866426706807196,0.01240220230305115,0.0,5.696730538891266e-23,7.725471003203897e-32,1.2570315451496159e-32
7,adam,174,5963.343999999998,8598.681599999996,0.015513165465690574,0.0032718481744030223,5.538142326578034e-07,0.0022435899588292337,0.001027704401341131,0.012241317182698075,0.0,3.2356989001408796e-23,7.10034105302844e-32,1.1991017718467728e-32
7,adam,199,5963.343999999998,8598.681599999996,0.015262909010433385,0.0031614545345168945,5.693833532123312e-07,0.0021763389719044687,0.0009845461792592134,0.012101454366311194,0.0,2.606340285977639e-23,6.633107419996223e-32,1.1569003283429063e-32
7,adam,224,5963.343999999998,8598.681599999996,0.014981979549783576,0.00302584665744173,4.310088425790073e-07,0.0020868628374393493,0.0009385528111598017,0.011956132781763674,0.0,1.890015506410101e-23,6.196748216044528e-32,1.111229480277812e-32
7,adam,249,5963.343999999998,8598.681599999996,0.01478047703858961,0.0029487267928627048,5.316971731916933e-07,0.0020374073843301374,0.0009107877113593754,0.011831750134171225,0.0,3.00950374450868e-23,5.882610116567272e-32,1.08752899526563e-32
7,adam,274,5963.343999999998,8598.681599999996,0.01456808387894388,0.0028497111649141227,6.718594427158316e-07,0.0019612229222160144,0.0008878163832553924,0.011718372601396833,0.0,6.411440455627964e-23,5.628232572388148e-32,1.0687481734392048e-32
7,adam,299,5963.343999999998,8598.681599999996,0.014294912454484079,0.002698781597967579,1.5201967178919852e-07,0.0018341266959712836,0.0008645028823245063,0.011596130742495431,0.0,1.7038696650805228e-23,5.411212914998018e-32,1.0542491662375681e-32
7,adam,324,5963.343999999998,8598.681599999996,0.013789017853460917,0.0023719455080857786,2.5370363688327326e-07,0.001547382727405438,0.0008243090770434573,0.011417072229328173,0.0,3.9552579132528227e-23,5.148086871886308e-32,1.0160185990653956e-32
7,adam,349,5963.343999999998,8598.681599999996,0.012876887974236922,0.0018190656635533342,2.05699692064208e-07,0.001088572643032119,0.0007302873208291509,0.011057822191831705,0.0,5.20310546167867e-23,4.5981363309349375e-32,7.846657457384378e-33
7,adam,374,5963.343999999998,8598.681599999996,0.011957871940640142,0.0014841418162392372,4.1670257656452696e-07,0.0008923501322265936,0.000591374981436079,0.010473730002914591,0.0,1.5537046438511928e-22,4.2504640556981864e-32,6.89944727450595e-33
7,adam,399,5963.343999999998,8598.681599999996,0.011118043494569806,0.0012846564544115539,3.6396667583162765e-07,0.000787910864798403,0.0004963816229373194,0.00983338691537036,0.0,9.471240871788272e-23,3.935839415894366e-32,6.264146513879201e-33
7,adam,424,5963.343999999998,8598.681599999996,0.010383697952713291,0.0012094886690329598,2.8260675005258066e-07,0.0007668744630645149,0.00044233159921839237,0.009174209155368327,0.0,6.270136711138782e-23,4.0236348955102316e-32,5.924471691008622e-33
7,adam,449,5963.343999999998,8598.681599999996,0.009609931748120054,0.0010602355376364888,1.8639895465553028e-07,0.0006862187089904626,0.00037383042969137056,0.008549696078766858,0.0,4.408732736534542e-23,3.7434004269220876e-32,5.3529832526935604e-33
7,adam,474,5963.343999999998,8598.681599999996,0.008902473123046999,0.0009356670287444552,1.3430523919871475e-07,0.0006185220248542905,0.00031701069865096597,0.007966805959292216,0.0,2.8140388728183075e-23,3.51041739938811e-32,4.902495542489826e-33
7,adam,499,5963.343999999998,8598.681599999996,0.008253658411201311,0.0008287522374504099,1.0416174155214615e-07,0.0005608306733635016,0.00026781740234535614,0.0074249060355285,0.0,1.671663763140321e-23,3.31435492063069e-32,4.521513045567391e-33
7,adam,524,5963.343999999998,8598.681599999996,0.0077751750722141666,0.0008096517227330616,8.538272171094081e-08,0.0005997262647205872,0.00020984007529076354,0.0069655232084309725,0.0,9.945915495192063e-24,3.1836299621302905e-32,4.19819444941459e-33
7,adam,549,5963.343999999998,8598.681599999996,0.007160892212322812,0.0006881190339456329,6.030244641090351e-08,0.0004796686982619518,0.00020839003323727022,0.006472773035223396,0.0,1.0984026701892316e-23,2.977734413014939e-32,3.961030745960729e-33
7,adam,574,5963.343999999998,8598.681599999996,0.006646948637243643,0.0006081869602098821,4.930408673644517e-08,0.00042795165123298397,0.00018018600489016172,0.006038761531515298,0.0,9.09989125085249e-24,2.858079621260207e-32,3.75534948694132e-33
7,adam,599,5963.343999999998,8598.681599999996,0.00618625388788819,0.0005512923031936336,4.864678931067415e-08,0.00039024809156328646,0.00016099556484103645,0.005634961436616837,0.0,7.072806079309315e-24,2.7242369280392033e-32,3.517210372182448e-33
7,adam,624,5963.343999999998,8598.681599999996,0.005896797252437882,0.0006222472598470339,8.283543572063093e-08,0.0004890252261951749,0.00013313919821613835,0.005274549842124628,0.0,6.947604786997833e-24,2.6462281860240966e-32,3.795024600050268e-33
7,adam,649,5963.343999999998,8598.681599999996,0.005520149046461854,0.0005979380998705182,3.7184933286244184e-08,0.0003848612344699576,0.00021303968046727434,0.004922210794344582,0.0,5.71766504305805e-24,2.530396675773981e-32,2.8177299165803753e-33
7,adam,674,5963.343999999998,8598.681599999996,0.0050698550158240745,0.00046766967286464625,3.742327285765777e-08,0.0003324680341817289,0.00013516421541005967,0.004602185188982046,0.0,1.149196242206549e-23,2.467409083582426e-32,3.075145691088017e-33
7,adam,699,5963.343999999998,8598.681599999996,0.004713625706246746,0.00041618042800742056,3.236771112257893e-08,0.00029995669272287097,0.00011619136757342702,0.004297445121973885,0.0,5.9600885491415186e-24,2.4084673449096262e-32,2.994317924880291e-33
7,adam,724,5963.343999999998,8598.681599999996,0.004392008213118157,0.0003830149549429989,3.10468265154687e-08,0.000274630452467946,0.00010835345564853739,0.004008993099659572,0.0,4.199139750767112e-24,2.298673979357954e-32,2.867997363826817e-33
7,adam,749,5963.343999999998,8598.681599999996,0.004328104932195448,0.0005218726899931538,3.903162533512532e-08,0.000347514927470051,0.00017431873089776773,0.0038062320815438495,0.0,4.4936771083016895e-24,2.2042187163890792e-32,4.0681905653787036e-33
7,adam,774,5963.343999999998,8598.681599999996,0.003821344019450793,0.0003286869969389532,2.639585972594945e-08,0.00023409084223953544,9.456975883969176e-05,0.0034926568599223957,0.0,3.6499680250850115e-24,2.1775935446668623e-32,2.4642869755885475e-33
7,adam,799,5963.343999999998,8598.681599999996,0.00368586307060624,0.00042301627815643345,3.4045425652803427e-08,0.00029479417507634044,0.0001281880576544402,0.003262846627953177,0.0,1.0006650165783768e-23,1.9665816876026508e-32,2.699127052991125e-33
7,adam,824,5963.343999999998,8598.681599999996,0.003346003251317702,0.0003002394172902115,3.388850909978078e-08,0.0002092691128907949,9.093641589031681e-05,0.0030457636678472024,0.0,6.976025149023121e-24,2.2368778196425378e-32,2.4380276507732407e-33
7,adam,849,5963.343999999998,8598.681599999996,0.003237238714936073,0.000385460493214159,2.5209463458359763e-08,0.00022675894423229248,0.00015867633951840814,0.0028517780537066235,0.0,6.3704632843510655e-24,2.1917512903341895e-32,1.794859660242109e-33
7,adam,874,5963.343999999998,8598.681599999996,0.0030423334204664762,0.000350036872605046,4.799087742379819e-08,0.0002302408307000731,0.00011974805102754916,0.0026922963780499853,0.0,9.514556079363254e-24,2.079471670123226e-32,3.273245904055892e-33
7,adam,899,5963.343999999998,8598.681599999996,0.003029532394830015,0.00054591025400864,4.533399599090508e-08,0.0002959314753158562,0.0002499334446967929,0.002483621969347667,0.0,1.4169490811154357e-23,1.984978564942423e-32,1.7077767058007782e-33
7,adam,924,5963.343999999998,8598.681599999996,0.0025940062114482372,0.00026350436083378464,2.9255447846960685e-08,0.0001792420086436707,8.423309674226698e-05,0.002330501677741331,0.0,1.5862840641369262e-23,2.0667708519621403e-32,1.9158610561597267e-33
7,adam,949,5963.343999999998,8598.681599999996,0.002379428502797174,0.00021436660499694587,2.671850624688384e-08,0.0001428728625422678,7.146702394843118e-05,0.0021650617228453086,0.0,1.1113504816723059e-23,1.9956253121230283e-32,2.1688408738175435e-33
7,adam,974,5963.343999999998,8598.681599999996,0.0022092711067491053,0.00019225058829127638,2.0795775959301425e-08,0.00013062840976131243,6.160138275400465e-05,0.0020170203416591563,0.0,1.008355949647875e-23,1.9350530211022548e-32,2.0726419404180922e-33
7,adam,999,5963.343999999998,8598.681599999996,0.0020516295099518166,0.00017447980915711274,1.9192691089325063e-08,0.00011837118886023786,5.608942760578556e-05,0.0018771495222077873,0.0,1.0121559731413607e-23,1.8910816805461896e-32,1.9957720265079325e-33
7,adam,1024,5963.343999999998,8598.681599999996,0.0018892811880122367,0.0001460798110008802,1.7720942591919887e-08,9.613388176487784e-05,4.992820829341043e-05,0.001743201196671272,0.0,9.810147420458812e-24,1.5953355478477935e-32,1.9474734621408145e-33
7,adam,1049,5963.343999999998,8598.681599999996,0.0017544396956154782,0.0001324210524565377,1.7584948001973344e-08,8.680783334647948e-05,4.559563416205624e-05,0.0016220184611779505,0.0,9.477493620913567e-24,1.5456280196653078e-32,1.9550982877901924e-33
7,adam,1074,5963.343999999998,8598.681599999996,0.0017608339348897195,0.0002410484500033439,4.356336747702916e-08,0.0001206867815036935,0.00012031810513217336,0.001519785301513648,0.0,1.1409424163888187e-23,1.5371331837826238e-32,1.2116352535797203e-33
7,adam,1099,5963.343999999998,8598.681599999996,0.0015199516121585687,0.00011206076429033112,3.6654028014795e-08,7.165262355527595e-05,4.037148670704038e-05,0.0014078906629567635,0.0,1.0883743525637856e-23,1.4787063014920374e-32,1.841023896632452e-33
7,adam,1124,5963.343999999998,8598.681599999996,0.0014080301361162257,0.00010385239751975105,1.6947398502575916e-08,6.70235164428417e-05,3.6811933678406776e-05,0.0013041775519107854,0.0,8.020468307493321e-24,1.4355730364769062e-32,1.7037979677161393e-33
7,adam,1149,5963.343999999998,8598.681599999996,0.0013105411386646981,9.862979112652067e-05,2.1753412237781718e-08,6.574549326142288e-05,3.286254445286001e-05,0.0012119111595091576,0.0,7.926185790256966e-24,1.4040776067630593e-32,1.67106228346065e-33
7,adam,1174,5963.343999999998,8598.681599999996,0.0012568247196399866,0.00012535908923326785,1.6394619655720792e-08,8.195007516613941e-05,4.339261944747271e-05,0.0011314654408024817,0.0,6.074398925557999e-24,1.3574152344609668e-32,2.170739031200661e-33
7,adam,1199,5963.343999999998,8598.681599999996,0.00116201239391825,0.00011349288618104969,1.6754235285032236e-08,7.996499694490537e-05,3.351113500085929e-05,0.0010485193169175084,0.0,7.789711537513046e-24,1.3417151408364583e-32,1.5061911864991484e-33
7,adam,1224,5963.343999999998,8598.681599999996,0.001050604510211002,8.233207401066616e-05,2.3763110384958572e-08,5.281737802304966e-05,2.9490932877231552e-05,0.0009682722438210861,0.0,5.5026946086759904e-24,1.233075068471228e-32,1.8739665868636304e-33
7,adam,1249,5963.343999999998,8598.681599999996,0.0009549038517598559,6.183304404777395e-05,1.314397914504909e-08,3.9004235897914065e-05,2.2815664170714832e-05,0.0008930706139128594,0.0,4.12594477912593e-24,1.2470458513173974e-32,1.5030371467412601e-33
7,adam,1274,5963.343999999998,8598.681599999996,0.0008836964081894177,5.7320630977451495e-05,1.0378228399196072e-08,3.466480410205733e-05,2.264544864699497e-05,0.000826375582125827,0.0,3.077659165474223e-24,1.2373279173294658e-32,1.4166428409931759e-33
7,adam,1299,5963.343999999998,8598.681599999996,0.0008187690378884228,5.511120215297518e-05,9.644612832432548e-09,3.434486256537267e-05,2.075669497477008e-05,0.000763657639377895,0.0,2.6615189761676496e-24,1.1886798499003367e-32,1.5561345753024942e-33
7,adam,1324,5963.343999999998,8598.681599999996,0.0011199283109966205,0.0002927074739432627,8.285854670376058e-08,0.0001220389013884409,0.00017058571400811805,0.0008272206394890621,0.0,6.249204648896225e-24,1.6082540630490151e-32,1.209912106523925e-33
7,adam,1349,5963.343999999998,8598.681599999996,0.0007945350360674399,0.00013071556791367745,4.1101402814194745e-08,6.211496661118345e-05,6.855949989967979e-05,0.0006638192696978456,0.0,1.4842084786726733e-23,1.2448917909361403e-32,9.07291491850094e-34
7,adam,1374,5963.343999999998,8598.681599999996,0.0006483755709922412,4.794763952199259e-05,3.9260468662351435e-08,2.762351891734951e-05,2.028486013598073e-05,0.0006004277313780348,0.0,5.991847457843536e-24,1.1501940848111994e-32,1.454624028159191e-33
7,adam,1399,5963.343999999998,8598.681599999996,0.0005923863285814847,3.8158936504301214e-05,1.9837926834838328e-08,2.2124080239745397e-05,1.6015018337720975e-05,0.0005542271906938748,0.0,4.341151958120047e-24,1.1584564259576374e-32,1.3704315143304889e-33
7,lbfgs,1400,5963.343999999998,8598.681599999996,0.000593532478997558,4.118746221237811e-05,1.8765058523674895e-08,2.1726775111281347e-05,1.944192204257309e-05,0.0005523448153574551,0.0,4.613181419786705e-24,1.2038276877706641e-32,1.3584339020874793e-33
7,lbfgs,1409,5963.343999999998,8598.681599999996,0.00026770085433048657,0.00015297713067119565,4.0029817578190625e-08,6.194545757076637e-05,9.099164328285107e-05,0.00011472352033349444,0.0,4.619463236720556e-24,8.75359881515083e-33,1.7227737989382068e-33
7,lbfgs,1419,5963.343999999998,8598.681599999996,4.496204542522794e-05,3.299667854595e-05,1.8272801676668863e-08,2.6779948213637415e-05,6.198457530635911e-06,1.1965161990907077e-05,0.0,3.756382779311179e-24,8.281504027969481e-33,1.4551187804352197e-33
7,lbfgs,1429,5963.343999999998,8598.681599999996,2.1472689614637354e-05,1.918142315413294e-05,2.3047867377284644e-08,1.496705710237078e-05,4.1913181843848756e-06,2.291061197067424e-06,0.0,3.1698204980656396e-24,8.623207044300371e-33,1.2681933657185362e-33
7,lbfgs,1439,5963.343999999998,8598.681599999996,5.756882906569799e-06,5.622474302902874e-06,1.4535587575064954e-08,3.3192945691077873e-06,2.2886441462200213e-06,1.342026168188936e-07,0.0,2.180841925473533e-24,9.692297263225797e-33,1.2582760101628316e-33
7,lbfgs,1449,5963.343999999998,8598.681599999996,4.111013935785201e-06,3.940733213794515e-06,1.101701143013525e-08,2.2183132387231243e-06,1.7114029636412553e-06,1.7007438758584358e-07,0.0,2.2578503301153983e-24,9.822740485303687e-33,1.3326198864308006e-33
7,lbfgs,1459,5963.343999999998,8598.681599999996,3.135031179290114e-06,3.013322391747028e-06,1.009866694301035e-08,1.4330620141982078e-06,1.57016171060581e-06,1.215020248293507e-07,0.0,1.978558828089697e-24,9.958566645911086e-33,1.3302997174446161e-33
7,lbfgs,1469,5963.343999999998,8598.681599999996,2.0140522816539767e-06,1.9764799438437755e-06,8.474864301440498e-09,9.267596551446935e-07,1.0412454243976416e-06,3.7364285822360755e-08,0.0,9.73344874683271e-25,1.0079613146319888e-32,1.3405466042935041e-33
7,lbfgs,1479,5963.343999999998,8598.681599999996,1.6404412303441377e-06,1.5454443898497227e-06,8.807692946494113e-09,9.161707311037584e-07,6.204659657994702e-07,9.478880142183572e-08,0.0,1.0120470564141748e-24,1.0121269362067572e-32,1.3122873600973095e-33
7,lbfgs,1489,5963.343999999998,8598.681599999996,1.1879755085670597e-06,1.1756005531569465e-06,1.2453017966393182e-08,7.532427711249056e-07,4.0990476406564776e-07,1.2166055230757165e-08,0.0,1.6550127980194735e-24,1.0146415464535584e-32,1.3201790358001063e-33
7,lbfgs,1499,5963.343999999998,8598.681599999996,9.689010098320236e-07,9.493411834736058e-07,1.8682134330436216e-08,6.432592662968048e-07,2.873997828463648e-07,1.9349749234225247e-08,0.0,2.572732932624977e-24,1.014039200199774e-32,1.3091195539819525e-33
7,lbfgs,1509,5963.343999999998,8598.681599999996,8.323508211901738e-07,8.157516182881859e-07,1.4087148550891743e-08,4.3286430953339336e-07,3.6880016020390086e-07,1.6389309925324475e-08,0.0,1.5727146815897837e-24,1.0189020772737943e-32,1.317563897101616e-33
7,lbfgs,1519,5963.343999999998,8598.681599999996,6.901049392383565e-07,6.710864897176991e-07,1.2525753563767085e-08,3.2471639253197677e-07,3.338443436219552e-07,1.8807929026054716e-08,0.0,1.5061091328983228e-24,1.0199725500785235e-32,1.3217228943186074e-33
7,lbfgs,1529,5963.343999999998,8598.681599999996,6.456419867721593e-07,6.286393362759524e-07,1.344312506552346e-08,2.870679178681387e-07,3.2812829334229026e-07,1.679153493198576e-08,0.0,1.786576988612336e-24,1.0230357878165527e-32,1.3111610166040158e-33
7,lbfgs,1539,5963.343999999998,8598.681599999996,5.445778999328496e-07,5.376918797593757e-07,1.3095280433363593e-08,2.2697739721866152e-07,2.9761920210735047e-07,6.674895352604988e-09,0.0,5.0324411986381895e-24,1.0237729370213682e-32,1.3120438914216723e-33
7,lbfgs,1549,5963.343999999998,8598.681599999996,4.4498114426650486e-07,4.398893339195353e-07,1.584132956922359e-08,1.2729064785439945e-07,2.9675735649591223e-07,4.880003706729086e-09,0.0,6.568296477526009e-24,1.0254417670147605e-32,1.3081140908124034e-33
7,lbfgs,1559,5963.343999999998,8598.681599999996,3.983083682593256e-07,3.9710327213316024e-07,2.014327473159859e-08,1.0484330882156559e-07,2.7211668857999605e-07,9.93228118660814e-10,0.0,4.778597153822781e-24,1.0264675480670635e-32,1.3032497427036174e-33
7,lbfgs,1569,5963.343999999998,8598.681599999996,3.6570170625019754e-07,3.638285575990856e-07,9.30807767743441e-09,1.0177364683063262e-07,2.5274683309101854e-07,1.6613169183100476e-09,0.0,2.4319121185275252e-24,1.0267379662886647e-32,1.3046093567639557e-33
7,lbfgs,1579,5963.343999999998,8598.681599999996,3.3772879189566355e-07,3.302015298103653e-07,8.420780492824757e-09,7.81920680698562e-08,2.4358868124768435e-07,7.314875803756325e-09,0.0,2.059382490892616e-24,1.0262335711260773e-32,1.295913786193113e-33
7,lbfgs,1589,5963.343999999998,8598.681599999996,3.14718983631637e-07,3.0923357570923394e-07,7.200167800754183e-09,8.072468119879433e-08,2.2130872670968542e-07,5.273263986228663e-09,0.0,8.242725317108378e-25,1.0264072313319009e-32,1.2977884882686579e-33
7,lbfgs,1599,5963.343999999998,8598.681599999996,2.9493159194179524e-07,2.8950789869507227e-07,1.055100260327081e-08,7.175138285985502e-08,2.0720551323194644e-07,5.211305979227884e-09,0.0,3.5076792293436204e-24,1.0269459593045113e-32,1.2930092769335225e-33
7,lbfgs,1609,5963.343999999998,8598.681599999996,2.76679261173981e-07,2.684040411995939e-07,1.19411029292725e-08,7.646158770122696e-08,1.800013505690944e-07,8.063215829153837e-09,0.0,4.9370266747378756e-24,1.0257510927387272e-32,1.2990141006840972e-33
7,lbfgs,1619,5963.343999999998,8598.681599999996,2.201457738429833e-07,2.145297470373962e-07,3.873721103840807e-09,6.602591594523919e-08,1.446301099883162e-07,5.403796668317837e-09,0.0,7.379632943813269e-25,1.0263819458471245e-32,1.2942427222610299e-33
7,lbfgs,1629,5963.343999999998,8598.681599999996,2.1791375061234833e-07,2.1119901057199367e-07,3.8101725524576176e-09,6.252863840504642e-08,1.4486019961448963e-07,6.502468281665009e-09,0.0,7.42607136273143e-25,1.0268045071154246e-32,1.2935269168981526e-33
7,lbfgs,1639,5963.343999999998,8598.681599999996,2.0208789970043794e-07,1.9891254741080047e-07,1.980248209776686e-09,6.674440659014547e-08,1.3018789261087831e-07,2.963132964256959e-09,0.0,8.264473519955584e-25,1.0269898010747997e-32,1.296036220445364e-33
7,lbfgs,1649,5963.343999999998,8598.681599999996,1.9151915281437928e-07,1.8498841734336417e-07,2.2150138555738335e-09,6.781509794512918e-08,1.1495830554266114e-07,6.318524022557232e-09,0.0,9.65936673967711e-25,1.0279080170477161e-32,1.2961276802870679e-33
7,lbfgs,1659,5963.343999999998,8598.681599999996,1.8900311575728457e-07,1.8304890021244938e-07,1.7297198986887623e-09,6.992115095180717e-08,1.1139802936195346e-07,5.7419690789503845e-09,0.0,5.064273139539529e-25,1.0274992902475304e-32,1.2967718337128087e-33
7,lbfgs,1669,5963.343999999998,8598.681599999996,1.8584681573975318e-07,1.7999246185313422e-07,2.0403471415869944e-09,7.149246489624292e-08,1.0645964981530432e-07,5.642107668854974e-09,0.0,6.798485921497453e-25,1.028703399947946e-32,1.296372807022074e-33
7,lbfgs,1679,5963.343999999998,8598.681599999996,1.7221640898972063e-07,1.6601918994758939e-07,1.944705159704984e-09,7.089584719892993e-08,9.317863758895446e-08,5.984801325280465e-09,0.0,5.373420161645909e-25,1.0281915284644394e-32,1.2968577834725419e-33
7,lbfgs,1689,5963.343999999998,8598.681599999996,1.687390263588565e-07,1.62089945746234e-07,1.882162684170753e-09,7.12926667718836e-08,8.891511629017964e-08,6.436655711618748e-09,0.0,5.04822149979569e-25,1.0278782265498031e-32,1.297599069143891e-33
7,lbfgs,1699,5963.343999999998,8598.681599999996,1.5827536699867713e-07,1.5385198305866152e-07,2.2495436342275657e-09,6.675774842815084e-08,8.484469099628312e-08,4.210924092792573e-09,0.0,6.300025385716755e-25,1.0273486720738136e-32,1.297670202499042e-33
7,lbfgs,1709,5963.343999999998,8598.681599999996,1.303152078663116e-07,1.2346266932955227e-07,4.992852326701064e-09,4.706328387182398e-08,7.140653313102722e-08,6.639814962483895e-09,0.0,2.016235255257535e-24,1.026981663788087e-32,1.2932953706239097e-33
7,lbfgs,1719,5963.343999999998,8598.681599999996,1.1181125872781848e-07,1.1064736478918692e-07,8.982608105445902e-09,5.028993028993615e-08,5.137482639380486e-08,9.512072372522503e-10,0.0,2.8641305019504237e-24,1.0254188897945495e-32,1.2953798032794817e-33
7,lbfgs,1729,5963.343999999998,8598.681599999996,1.0705677585309684e-07,1.0609522798526036e-07,8.608853840723431e-09,4.8242996304143124e-08,4.9243377840393814e-08,7.489300630747591e-10,0.0,3.532042389509977e-24,1.0248582764273888e-32,1.2948083525626755e-33
7,lbfgs,1739,5963.343999999998,8598.681599999996,9.790289526499989e-08,9.652481576745385e-08,5.580342662883046e-09,4.3029233068387626e-08,4.791524003618317e-08,1.1653812550116958e-09,0.0,2.3750838382745535e-24,1.024034781354231e-32,1.2961132618979621e-33
7,lbfgs,1749,5963.343999999998,8598.681599999996,8.751260152424045e-08,8.543301618498273e-08,3.952447313857827e-09,3.990480872814309e-08,4.157576014298182e-08,1.8668284663278072e-09,0.0,1.1847475715308089e-24,1.0226511975355342e-32,1.292966106241052e-33
7,lbfgs,1759,5963.343999999998,8598.681599999996,8.318311965524734e-08,8.120203510733561e-08,4.217539885409783e-09,3.981229492505699e-08,3.717220029686884e-08,1.7684721794529617e-09,0.0,1.3903801570736345e-24,1.022388349628492e-32,1.2940980188391395e-33
7,lbfgs,1769,5963.343999999998,8598.681599999996,7.659912576363451e-08,7.511981612291623e-08,4.214828336961046e-09,3.6454190385786375e-08,3.445079740016881e-08,1.2666754279092823e-09,0.0,1.5353186241206517e-24,1.0238430651982675e-32,1.294689175892853e-33
7,lbfgs,1779,5963.343999999998,8598.681599999996,7.419367513479037e-08,7.237101944195937e-08,4.611058271212887e-09,3.6508646758580856e-08,3.125131441216563e-08,1.609962821276599e-09,0.0,1.4454197375164692e-24,1.0235412866936726e-32,1.2948628326526974e-33
7,lbfgs,1789,5963.343999999998,8598.681599999996,7.251575522508001e-08,7.039994063836142e-08,3.8439405449519306e-09,3.406321529830001e-08,3.2492784795109486e-08,1.903015035619737e-09,0.0,1.1271994770033252e-24,1.0231853652193982e-32,1.2951592052678259e-33
7,lbfgs,1799,5963.343999999998,8598.681599999996,6.548103117189529e-08,6.444270121831072e-08,4.734035636309593e-09,2.7538439243785988e-08,3.2170226338215136e-08,8.254741216943493e-10,0.0,1.4256924424838106e-24,1.0237268899831444e-32,1.2971394342849145e-33
7,lbfgs,1809,5963.343999999998,8598.681599999996,5.616841850431041e-08,5.51329820814852e-08,3.425982304430804e-09,2.4665995674111613e-08,2.704100410294278e-08,8.226790486830594e-10,0.0,1.2496527331025393e-24,1.023983948774357e-32,1.2969457281918163e-33
7,lbfgs,1819,5963.343999999998,8598.681599999996,5.250625115934214e-08,5.1625641397815684e-08,3.821047671324386e-09,2.0494743313054844e-08,2.7309850413436454e-08,6.678122724881039e-10,0.0,5.074651869677032e-25,1.0236486560100122e-32,1.296981631284311e-33
7,lbfgs,1829,5963.343999999998,8598.681599999996,5.0946048100973686e-08,4.987396982529119e-08,3.647577576193762e-09,1.9965025532364636e-08,2.6261366716732787e-08,8.592783866416653e-10,0.0,4.417044790268529e-25,1.0233428138232522e-32,1.2973241389179814e-33
7,lbfgs,1839,5963.343999999998,8598.681599999996,4.900409274595981e-08,4.8090191681859915e-08,2.8601517657002086e-09,1.8936687618155333e-08,2.6293352298004375e-08,7.010881409643687e-10,0.0,3.0050618396642783e-25,1.0237427042356426e-32,1.2970367358177102e-33
7,lbfgs,1849,5963.343999999998,8598.681599999996,4.5098428325815507e-08,4.441397262384906e-08,1.965106581302673e-09,1.6608317322111807e-08,2.5840548720434577e-08,4.716140128432317e-10,0.0,6.9887103674986395e-25,1.0236955923091096e-32,1.2970294768773447e-33
7,lbfgs,1859,5963.343999999998,8598.681599999996,4.3670372633128686e-08,4.28349969141591e-08,1.9877650420007934e-09,1.5674061342473154e-08,2.5173170529685156e-08,6.225815501865186e-10,0.0,8.980006032680787e-25,1.023632803942935e-32,1.2979594587540465e-33
7,lbfgs,1869,5963.343999999998,8598.681599999996,4.2606823467315375e-08,4.2073056642481876e-08,2.1154927041633507e-09,1.518312190920966e-08,2.4774442029108866e-08,3.2100856266287814e-10,0.0,9.757887138927582e-25,1.022961172823282e-32,1.2972923211735858e-33
7,lbfgs,1879,5963.343999999998,8598.681599999996,4.2606874671894895e-08,4.185060554164777e-08,2.1875404725578702e-09,1.4746439525511689e-08,2.491662554357821e-08,5.435117432803603e-10,0.0,9.380573265656063e-25,1.0226928382740451e-32,1.2981040133351694e-33
7,lbfgs,1889,5963.343999999998,8598.681599999996,4.221276643505165e-08,4.1620666524442016e-08,2.1483299234065207e-09,1.49981127703928e-08,2.44742238306427e-08,3.793450804234073e-10,0.0,9.5558629869854e-25,1.0227826348492543e-32,1.2974487864863718e-33
7,lbfgs,1899,5963.343999999998,8598.681599999996,4.20903309162182e-08,4.152311442823727e-08,2.1376373683145617e-09,1.50526281264999e-08,2.433284893342281e-08,3.544603552933191e-10,0.0,9.61570370594476e-25,1.0227940544776146e-32,1.2972491330989084e-33
7,lbfgs,1909,5963.343999999998,8598.681599999996,4.2142197802119946e-08,4.144099502423454e-08,2.145281520047581e-09,1.462355258155212e-08,2.4672160922634842e-08,4.8843946728439e-10,0.0,9.35722443672741e-25,1.022667502247098e-32,1.2979123344855563e-33
7,lbfgs,1919,5963.343999999998,8598.681599999996,4.189201296325811e-08,4.130409364958575e-08,2.112669018178453e-09,1.4840863457399755e-08,2.4350561174007547e-08,3.751588355404439e-10,0.0,9.484042317169893e-25,1.0227411208598864e-32,1.2974114621425711e-33
7,lbfgs,1929,5963.343999999998,8598.681599999996,4.1809019288816216e-08,4.12404769819407e-08,2.099280585108836e-09,1.4892123462179704e-08,2.424907293465216e-08,3.557815232781473e-10,0.0,9.512125907130789e-25,1.0227519408998897e-32,1.2972618966137113e-33
7,lbfgs,1939,5963.343999999998,8598.681599999996,4.1847792433778614e-08,4.117634047682419e-08,2.1039561544684444e-09,1.4535951851626502e-08,2.453643247072924e-08,4.586855648880892e-10,0.0,9.288668277736619e-25,1.0226453973628294e-32,1.2978289109027727e-33
7,lbfgs,1949,5963.343999999998,8598.681599999996,4.1668002362089684e-08,4.1083791132865325e-08,2.0769199782147182e-09,1.4729696832668371e-08,2.4277174321982236e-08,3.71447446114686e-10,0.0,9.388034380936257e-25,1.0227081598517452e-32,1.2974051732010649e-33
7,lbfgs,1959,5963.343999999998,8598.681599999996,4.160612721116031e-08,4.103873811408351e-08,2.0640324556839405e-09,1.4779723341552925e-08,2.4194982316846647e-08,3.546253570434396e-10,0.0,9.400795759341302e-25,1.022718191931114e-32,1.2972756099869585e-33
7,lbfgs,1969,5963.343999999998,8598.681599999996,4.1637528900396784e-08,4.098598616561131e-08,2.0677515016116838e-09,1.447134948122742e-08,2.4446885182772207e-08,4.3877430826863105e-10,0.0,9.200213802701447e-25,1.0226245701943734e-32,1.297777075765744e-33
7,lbfgs,1979,5963.343999999998,8598.681599999996,4.1496393168352e-08,4.0917185441510065e-08,2.0441182655846647e-09,1.464775202423385e-08,2.4225315151691552e-08,3.6644175499640367e-10,0.0,9.281965912186374e-25,1.0226805893521278e-32,1.2974013112745873e-33
7,lbfgs,1989,5963.343999999998,8598.681599999996,4.144621521241931e-08,4.088248800242306e-08,2.0317693067652258e-09,1.4696458662838633e-08,2.4154260032819207e-08,3.509615083132819e-10,0.0,9.284826147593337e-25,1.0226904507892412e-32,1.2972834392966026e-33
7,lbfgs,1999,5963.343999999998,8598.681599999996,4.147340434783606e-08,4.083690757367951e-08,2.0351587739817347e-09,1.4418613185025926e-08,2.4383135614671846e-08,4.23726982655738e-10,0.0,9.097768040157328e-25,1.0226052229324353e-32,1.2977436293558425e-33
7,lbfgs,2009,5963.343999999998,8598.681599999996,4.135405931813579e-08,4.078109446431765e-08,2.0134780428386352e-09,1.458292921563434e-08,2.418468720584467e-08,3.6019743310237246e-10,0.0,9.167823986703573e-25,1.0226572243206838e-32,1.297397673835024e-33
7,lbfgs,2019,5963.343999999998,8598.681599999996,4.131056635134638e-08,4.075227493572216e-08,2.00152854351054e-09,1.463042069300071e-08,2.412032569921091e-08,3.4552442745675576e-10,0.0,9.163914010666486e-25,1.022667271697435e-32,1.2972869935143073e-33
7,lbfgs,2029,5963.343999999998,8598.681599999996,4.133528100461114e-08,4.0711221967211286e-08,2.004928106872625e-09,1.4372176032874903e-08,2.433411782746376e-08,4.112883508629341e-10,0.0,8.984904673479703e-25,1.0225875346339659e-32,1.2977214558535677e-33
7,lbfgs,2039,5963.343999999998,8598.681599999996,4.122864849337023e-08,4.066275446635899e-08,1.9843682903707302e-09,1.4528187188039737e-08,2.4150198987948523e-08,3.531256689651202e-10,0.0,9.0472234559878e-25,1.0226371949551654e-32,1.2973939882877309e-33
7,lbfgs,2049,5963.343999999998,8598.681599999996,4.1189134138558234e-08,4.063736410657368e-08,1.972724892512061e-09,1.4574609209596476e-08,2.4090030004465143e-08,3.3900222213889373e-10,0.0,9.038729563742526e-25,1.0226475837649985e-32,1.2972878135441645e-33
7,lbfgs,2059,5963.343999999998,8598.681599999996,4.121233705745084e-08,4.059919790379738e-08,1.9763291094271645e-09,1.4329269375185996e-08,2.4293599419184218e-08,4.003679050120895e-10,0.0,8.864747702329338e-25,1.0225715202973444e-32,1.2977059863482533e-33
7,lbfgs,2069,5963.343999999998,8598.681599999996,4.111346133534719e-08,4.055507972923105e-08,1.9564235194343376e-09,1.4479459484878504e-08,2.4119196724918204e-08,3.4561266452730716e-10,0.0,8.92195513996314e-25,1.0226198200608295e-32,1.2973901678407491e-33
7,lbfgs,2079,5963.343999999998,8598.681599999996,4.107644008858573e-08,4.053176255612809e-08,1.9450298877980683e-09,1.4524926848312006e-08,2.4061805820018014e-08,3.3190921968424855e-10,0.0,8.91041786203997e-25,1.02263058841089e-32,1.2972869060631834e-33
7,lbfgs,2089,5963.343999999998,8598.681599999996,4.109867040045961e-08,4.0495460701188056e-08,1.9489426961876947e-09,1.4288438642243988e-08,2.4258079362756372e-08,3.904381226132205e-10,0.0,8.739829363222757e-25,1.0225570729828119e-32,1.2976943790302384e-33
7,lbfgs,2099,5963.343999999998,8598.681599999996,4.100480166421309e-08,4.045407930074779e-08,1.929430160964734e-09,1.443437520357941e-08,2.4090273936203643e-08,3.379530812155154e-10,0.0,8.793652389725789e-25,1.0226045637897492e-32,1.2973861655915553e-33
8,adam,0,8598.681599999996,11598.681599999996,0.10882768940412195,0.0816207669841309,0.0002777681444629557,0.05880698816894392,0.022536010670724027,0.027206922328043632,0.0,1.1972459075369075e-21,1.9600000581315938e-30,2.499999999999994e-31
8,adam,24,8598.681599999996,11598.681599999996,0.026705732132690813,0.01276025854806847,0.00016969544612392467,0.007739283586964018,0.004851279514980529,0.013945473490870053,0.0,5.943975346768393e-23,2.6478109614471686e-31,5.391640454303528e-32
8,adam,49,8598.681599999996,11598.681599999996,0.021199723580126693,0.007764736066271654,2.9260271160045895e-05,0.0051784995453342635,0.0025569762497773454,0.0134349874174153,0.0,3.935431583802667e-23,1.8191145359836825e-31,2.796883974082347e-32
8,adam,74,8598.681599999996,11598.681599999996,0.018596834362980957,0.005417607465801665,4.614838480529647e-06,0.0036596523522397753,0.00175334027508136,0.013179226796735534,0.0,6.904864830325255e-25,1.31455031435455e-31,1.893812311581791e-32
8,adam,99,8598.681599999996,11598.681599999996,0.017353601964026313,0.004395138310946945,2.5593004978553866e-06,0.002966974926990311,0.0014256040834587783,0.012958463548923523,0.0,5.120460304908933e-25,1.0576962902880425e-31,1.575122489898097e-32
8,adam,124,8598.681599999996,11598.681599999996,0.01659022947305412,0.0038564633956804087,9.681818757691895e-07,0.002633992820121547,0.0012215023936830924,0.012733765970279634,0.0,2.2062141419032593e-25,9.109416952300188e-32,1.400474831245584e-32
8,adam,149,8598.681599999996,11598.681599999996,0.016147259047780596,0.003581905320129968,8.238500717737004e-07,0.002452509722986593,0.0011285717470716009,0.012565353618529729,0.0,2.8450602074310984e-25,8.20200490061262e-32,1.3017844828230197e-32
8,adam,174,8598.681599999996,11598.681599999996,0.01584651851694434,0.003411869447089359,9.196794819411513e-07,0.002338157587011089,0.0010727921805963293,0.012434648959376902,0.0,3.686106906555343e-25,7.599036290910169e-32,1.240057012485017e-32
8,adam,199,8598.681599999996,11598.681599999996,0.015621262757143047,0.003305044801303457,9.284536909946064e-07,0.0022706384399754334,0.0010334779076370283,0.012316217844315325,0.0,3.7406289070010014e-25,7.139275569639952e-32,1.1950988272444733e-32
8,adam,224,8598.681599999996,11598.681599999996,0.015093039479165748,0.002879404140656489,8.732031371760484e-07,0.0020001680375075787,0.0008783629000117342,0.012213635226214145,0.0,3.0922479078331224e-25,5.940073772436192e-32,1.0320315023884277e-32
8,adam,249,8598.681599999996,11598.681599999996,0.014949997463170167,0.002833043692945355,7.544997820651285e-07,0.001975133151188014,0.0008571560419752763,0.012116953657337727,0.0,2.323796291177867e-25,5.685195278372725e-32,1.0082456539407163e-32
8,adam,274,8598.681599999996,11598.681599999996,0.014815543406841684,0.002791534841487305,6.105454754225996e-07,0.0019518828529673873,0.0008390414430444953,0.012024008451952223,0.0,1.3879025313034918e-25,5.469372477743226e-32,9.898126351166966e-33
8,adam,299,8598.681599999996,11598.681599999996,0.01467832703455213,0.002743362943612936,4.2514699765618296e-07,0.001920614941734565,0.0008223228548807148,0.011934963976994133,0.0,5.823397032562596e-26,5.282252249026898e-32,9.745337707888847e-33
8,adam,324,8598.681599999996,11598.681599999996,0.014526983739322548,0.0026793976793086476,2.399834941363568e-07,0.0018735013475322815,0.0008056563482822299,0.01184758594535304,0.0,3.174892457490526e-26,5.117194273521762e-32,9.62327330225703e-33
8,adam,349,8598.681599999996,11598.681599999996,0.01434276744948236,0.0025831682071231713,1.865682236590432e-07,0.0017942545215140515,0.0007887271173854611,0.01175959912664354,0.0,5.325125957744154e-26,4.970117663172763e-32,9.531356660684362e-33
8,adam,374,8598.681599999996,11598.681599999996,0.014054431312445506,0.0023948435969498565,7.671494607601285e-07,0.0016238216389902105,0.0007702548084988858,0.011659587598131143,0.0,4.0114840031288836e-25,4.829894703464459e-32,9.441479029479376e-33
8,adam,399,8598.681599999996,11598.681599999996,0.013486716600064414,0.001996379519302184,1.0969177270853776e-06,0.001238578136068666,0.0007567044655064327,0.011490336960779108,0.0,1.0318538729747302e-24,4.568357711309563e-32,9.084176550296414e-33
8,adam,424,8598.681599999996,11598.681599999996,0.01288249809990427,0.0017654772928198518,1.9690741439505518e-07,0.0010315195017202817,0.0007337608836851751,0.011117020684371579,0.0,2.672694119021557e-25,4.637116237123846e-32,8.114088938607176e-33
8,adam,449,8598.681599999996,11598.681599999996,0.01209476518293913,0.001495389319252828,1.9284802993278493e-07,0.0008867418258351945,0.0006084546453877006,0.010599375738059675,0.0,3.467206642471549e-25,4.2832154699037745e-32,6.96004917752224e-33
8,adam,474,8598.681599999996,11598.681599999996,0.011383209621644283,0.0013257801094349723,1.6754128804399454e-07,0.0008017353913541618,0.0005238771767927666,0.010057429383541308,0.0,3.8915551088419886e-25,4.0111375017749116e-32,6.412181876601698e-33
8,adam,499,8598.681599999996,11598.681599999996,0.01073346405110955,0.001195940098811718,1.7353596690003604e-07,0.0007366918547808443,0.0004590747080639737,0.009537523820635352,0.0,4.815722911782819e-25,3.797529118829773e-32,5.970252257101109e-33
8,adam,524,8598.681599999996,11598.681599999996,0.010127390543363287,0.0010875025095404517,1.5868836396608977e-07,0.0006806216670642633,0.00040672215411222226,0.00903988789920694,0.0,4.304468352013031e-25,3.610836876332081e-32,5.58579449262378e-33
8,adam,549,8598.681599999996,11598.681599999996,0.009558376147892724,0.0009954125590018333,1.7400776003928378e-07,0.0006335118154108951,0.000361726735830899,0.008562963451376894,0.0,4.752853639210064e-25,3.4499192616609305e-32,5.233053469735359e-33
8,adam,574,8598.681599999996,11598.681599999996,0.009022400998757197,0.0009161044353414458,1.932267812483744e-07,0.000591441241736793,0.0003244699668234044,0.008106296423089935,0.0,5.331476510154221e-25,3.3039400723504787e-32,4.930660300028088e-33
8,adam,599,8598.681599999996,11598.681599999996,0.008518100812656571,0.0008474886370187043,1.7378469147940229e-07,0.000553608079759485,0.0002937067725677399,0.007670612032565641,0.0,4.487380644706379e-25,3.1694044881677004e-32,4.661974291164249e-33
8,adam,624,8598.681599999996,11598.681599999996,0.007998221283539877,0.0007276160613970589,1.586746236577703e-07,0.00048164716048408943,0.00024581022628931173,0.007270605076602717,0.0,4.070110605780541e-25,2.7206766061234386e-32,4.374538071925174e-33
8,adam,649,8598.681599999996,11598.681599999996,0.007551137823650724,0.0006722019540308548,1.3596903272971518e-07,0.0004396273408278875,0.00023243864417023756,0.0068789357219971965,0.0,3.2386514572995793e-25,2.658701172346193e-32,3.873572845439522e-33
8,adam,674,8598.681599999996,11598.681599999996,0.007141747084621323,0.0006313467590311625,1.2286496487938342e-07,0.00041496557523744285,0.00021625831882884035,0.006510400175878232,0.0,2.7008722659362274e-25,2.5607518093160664e-32,3.751187725939304e-33
8,adam,699,8598.681599999996,11598.681599999996,0.00675774716825592,0.000596183814028587,1.1682987300810903e-07,0.00039380221124766623,0.0002022647729079126,0.006161563202423093,0.0,2.495457823736206e-25,2.480885908448888e-32,3.603367329363781e-33
8,adam,724,8598.681599999996,11598.681599999996,0.006394899199731752,0.0005645050629585076,1.1199914907337769e-07,0.00037393241182863006,0.00019046065198080424,0.005830393982906321,0.0,2.4116713021475517e-25,2.4089494048770747e-32,3.463600563640466e-33
8,adam,749,8598.681599999996,11598.681599999996,0.006113648220781023,0.0005597442510092477,1.0588826175516188e-07,0.0003978818451208764,0.00016175651762661625,0.005553903813863403,0.0,2.2905104959300486e-25,2.363316582821852e-32,3.3653716646219635e-33
8,adam,774,8598.681599999996,11598.681599999996,0.00573297157112732,0.000510307686089697,9.232536090650166e-08,0.0003441462006788924,0.00016606916004989808,0.005222663727383253,0.0,2.109150561999764e-25,2.274449711586662e-32,3.234336064183803e-33
8,adam,799,8598.681599999996,11598.681599999996,0.005421596181850154,0.0004832193901175471,8.091668849801987e-08,0.00032308894779863766,0.0001600495256304114,0.004938376632227248,0.0,1.8050006382853778e-25,2.2245707690776953e-32,3.099135859058627e-33
8,adam,824,8598.681599999996,11598.681599999996,0.005132900389912027,0.0004647415291012747,6.825581468261002e-08,0.0003097264368043876,0.00015494683648220443,0.004668158699311707,0.0,1.4649342438417503e-25,2.2258445383171073e-32,3.0546348166307325e-33
8,adam,849,8598.681599999996,11598.681599999996,0.004859754754378617,0.0004451819032144453,5.66570135245305e-08,0.0003129439530763135,0.00013218129312460723,0.004414572687702785,0.0,1.3433854884589278e-25,2.180393262578167e-32,2.930877902749851e-33
8,adam,874,8598.681599999996,11598.681599999996,0.004592111932404389,0.0004194737945182174,5.326310401958076e-08,0.0002727512199993283,0.00014666931141486952,0.004172637972686018,0.0,1.3269716941017688e-25,2.1100271842756256e-32,2.8096072403106746e-33
8,adam,899,8598.681599999996,11598.681599999996,0.0043378311328065005,0.00039384499044904794,4.90396989523033e-08,0.00025982276452212735,0.00013397318622796825,0.003943985975231034,0.0,1.2055150107668476e-25,2.060573378727343e-32,2.7428069185828837e-33
8,adam,924,8598.681599999996,11598.681599999996,0.004160015941745612,0.00040635019646768553,4.6256664979997136e-08,0.00025817355387733494,0.00014813038592537063,0.0037536655762104767,0.0,1.1009559201716224e-25,2.003057769246599e-32,2.4017039385939594e-33
8,adam,949,8598.681599999996,11598.681599999996,0.003890285100602245,0.00036534148422666564,4.293552456953573e-08,0.00022811763223250657,0.00013718091646958957,0.0035249434458991067,0.0,1.0647109877549958e-25,1.9529144409161825e-32,2.4246412961762954e-33
8,adam,974,8598.681599999996,11598.681599999996,0.003667724812522553,0.00033586077907146744,3.612253579523633e-08,0.00021815238728810577,0.00011767226924756646,0.003331863861254176,0.0,9.756476431283222e-26,1.9080513405481589e-32,2.4912955556292877e-33
8,adam,999,8598.681599999996,11598.681599999996,0.0034629127416281763,0.0003148682964484896,3.441389211214241e-08,0.00020563712894001743,0.00010919675361636002,0.003148044271200318,0.0,1.0073213402233878e-25,1.86607470977297e-32,2.46144703141568e-33
8,adam,1024,8598.681599999996,11598.681599999996,0.0033073477012450446,0.00033011261848876023,3.1659403242666924e-08,0.00022398250848851156,0.00010609845059700597,0.0029772349069468267,0.0,8.795676589127676e-26,2.1583746049631866e-32,2.3286287958184124e-33
8,adam,1049,8598.681599999996,11598.681599999996,0.019465303423969703,0.006029418101282966,1.6380366506477312e-07,0.002726699564498219,0.0033025547331196827,0.013435885133370016,0.0,5.311682129573453e-26,5.131597270564918e-32,9.491417095677769e-33
8,adam,1074,8598.681599999996,11598.681599999996,0.019658577733851733,0.006381985422153718,3.362825413148931e-08,0.0031376838164268368,0.00324426797747275,0.0132765921186761,0.0,1.2807306088922314e-26,4.660887846198652e-32,8.864442025552078e-33
8,adam,1099,8598.681599999996,11598.681599999996,0.018833093051766992,0.005959574937785235,1.589816059284405e-08,0.0032167123404692587,0.002742846699155384,0.012873517920713715,0.0,1.2900717050020159e-26,4.533987543774494e-32,8.443949588555993e-33
8,adam,1124,8598.681599999996,11598.681599999996,0.018058270951369835,0.005549652590226895,1.036878210707673e-08,0.0032475587450195662,0.0023020834764252212,0.012508618167896056,0.0,8.824574264595624e-27,4.47345597296255e-32,8.185773981006204e-33
8,adam,1149,8598.681599999996,11598.681599999996,0.01740273241006064,0.005208070153230982,7.284555855316556e-09,0.003262229142500203,0.0019458337261749237,0.012194662063613885,0.0,5.6470629293285794e-27,4.4502961763147206e-32,8.071952871656193e-33
8,adam,1174,8598.681599999996,11598.681599999996,0.016862697497609516,0.0049331734459483354,6.288310977891749e-09,0.003267635563618687,0.0016655315940186707,0.011929523858462826,0.0,4.377964666919827e-27,4.457839012267278e-32,8.09415650851405e-33
8,adam,1199,8598.681599999996,11598.681599999996,0.01643394197208324,0.004721380545716226,7.68027738939333e-09,0.003269009071325811,0.0014523637941130266,0.011712561233167973,0.0,4.2229121113734065e-27,4.491679047999465e-32,8.242599005491966e-33
8,adam,1224,8598.681599999996,11598.681599999996,0.016048108780330663,0.004506858328287203,9.711973038008235e-09,0.003244357345667668,0.0012624912706464973,0.011541250258826234,0.0,4.5775104666969464e-27,4.361033678481639e-32,8.142528800891661e-33
8,adam,1249,8598.681599999996,11598.681599999996,0.01581817827341772,0.004406698500570243,1.0045417471767967e-08,0.003248290813190962,0.0011583976419618093,0.011411479579599136,0.0,5.037331142489351e-27,4.4293984026766295e-32,8.473452187087778e-33
8,adam,1274,8598.681599999996,11598.681599999996,0.015656303925777236,0.004337397797257614,9.294288000947452e-09,0.003244441338955932,0.0010929471640136806,0.011318905935230881,0.0,5.2952122875456244e-27,4.5036544493752564e-32,8.82119737768141e-33
8,adam,1299,8598.681599999996,11598.681599999996,0.015537537783337245,0.0042796391540506525,9.702784946141864e-09,0.0032252965555191787,0.0010543328957465274,0.011257898435948844,0.0,5.749046541703047e-27,4.576110490498816e-32,9.129152824874398e-33
8,adam,1324,8598.681599999996,11598.681599999996,0.015439866309149678,0.004219429641015581,1.1690624658767362e-08,0.0031874794641042928,0.0010319384862866295,0.011220436474736887,0.0,6.549639565075392e-27,4.641090835960691e-32,9.359658199333471e-33
8,adam,1349,8598.681599999996,11598.681599999996,0.015346932386743398,0.004150649108402906,1.4549130557327557e-08,0.0031326337086543038,0.0010180008506180441,0.011196283084869627,0.0,7.685070339331028e-27,4.69599051906419e-32,9.504313723152022e-33
8,adam,1374,8598.681599999996,11598.681599999996,0.015246477300837993,0.004072490185322691,1.833811315035188e-08,0.0030647382851467734,0.0010077335620627668,0.011173986921951007,0.0,9.288427814562627e-27,4.7400158907285026e-32,9.574397583459143e-33
8,adam,1399,8598.681599999996,11598.681599999996,0.015124699764922986,0.003984016824181272,2.3743885699963795e-08,0.00298570524128555,0.0009982878390100219,0.011140682747055637,0.0,1.1535260320567261e-26,4.7720451603408827e-32,9.581794419223258e-33
8,lbfgs,1400,8598.681599999996,11598.681599999996,0.01501361487529902,0.003874719103645747,2.337237938548968e-08,0.0029112196529300152,0.0009634760783363461,0.011138895577961556,0.0,1.1267797801978333e-26,4.5160769250052184e-32,9.4681473384341e-33
8,lbfgs,1409,8598.681599999996,11598.681599999996,899327.7284729728,153997.772966976,6.936437125536787,0.5227860215149056,153990.31374382894,745329.9555059966,0.0,1.3099835751259924e-19,9.319708124928932e-12,1.9510572558149036e-12
8,lbfgs,1419,8598.681599999996,11598.681599999996,0.005775656458454068,0.002393749588722569,1.076463033510574e-06,0.0018738430697052878,0.0005188300559837705,0.0033819066755317994,0.0,1.43255072496826e-24,6.312347293747703e-32,7.25981911041453e-33
8,lbfgs,1429,8598.681599999996,11598.681599999996,0.002033062480423443,0.0012136948170475238,2.0983744492824796e-06,0.0007986358418478802,0.0004129606007503611,0.0008193674654591883,0.0,3.362084110400344e-24,1.1082559596146778e-32,3.248529905282569e-33
8,lbfgs,1439,8598.681599999996,11598.681599999996,0.00031590389308617465,0.0002568423944501664,1.1940691710153878e-07,0.0001543399554532167,0.00010238303207984814,5.9061291333466306e-05,0.0,2.217230237418343e-25,1.0394876711605707e-32,2.2905387610914243e-33
8,lbfgs,1449,8598.681599999996,11598.681599999996,0.0001007897779885636,9.697791259395635e-05,9.114210825742042e-08,3.868790525117425e-05,5.819886523452468e-05,3.811651378308405e-06,0.0,2.736282307744216e-25,9.449275010016958e-33,1.6491940048216736e-33
8,lbfgs,1459,8598.681599999996,11598.681599999996,2.712678986107447e-05,2.529353002219797e-05,7.30493273457333e-08,1.3981818160758391e-05,1.1238662534093842e-05,1.833044665160925e-06,0.0,1.8923586133109822e-25,9.643872553440609e-33,1.1944228539799448e-33
8,lbfgs,1469,8598.681599999996,11598.681599999996,1.1860972314376753e-05,1.1641784140880363e-05,2.285951076174759e-08,5.856723968024445e-06,5.76220066209417e-06,2.189722020811199e-07,0.0,4.592176812323959e-26,8.47459040312123e-33,1.2874013300325119e-33
8,lbfgs,1479,8598.681599999996,11598.681599999996,5.142716793899491e-06,4.803866889651644e-06,2.0615375262504917e-08,2.2778605037848262e-06,2.5053910106043122e-06,3.386339619686234e-07,0.0,4.9828742259185393e-26,8.85402007519275e-33,1.1844885804313092e-33
8,lbfgs,1489,8598.681599999996,11598.681599999996,2.420914990885938e-06,2.363716918789129e-06,1.6130447326536733e-08,1.6200609304719105e-06,7.275255409906819e-07,5.698094244034742e-08,0.0,5.728824432230799e-26,8.785149246902355e-33,1.1910338919115873e-33
8,lbfgs,1499,8598.681599999996,11598.681599999996,1.926339302267807e-06,1.8886971321754912e-06,3.833951167802846e-09,1.2449200436476368e-06,6.399431373600516e-07,3.7424869695284064e-08,0.0,1.2948237757756582e-26,8.826801170376591e-33,1.2034027158471016e-33
8,lbfgs,1509,8598.681599999996,11598.681599999996,1.038757729804768e-06,9.956362439971303e-07,1.1585758708991084e-07,6.004367246240713e-07,2.79341932283148e-07,4.2902775743211134e-08,0.0,3.8271666533029004e-25,8.833368648752004e-33,1.1889184418491614e-33
8,lbfgs,1519,8598.681599999996,11598.681599999996,8.161278793931777e-07,7.397254800929621e-07,9.121173731824178e-09,5.204014596519132e-07,2.1020284670922465e-07,7.618283562781779e-08,0.0,2.267835690001417e-26,8.869098511705274e-33,1.196136893871952e-33
8,lbfgs,1529,8598.681599999996,11598.681599999996,5.943261799907895e-07,5.702713147915543e-07,2.530223436897363e-08,3.321110121559575e-07,2.1285806826662315e-07,2.383535453721269e-08,0.0,8.110873256367459e-26,8.904354965831922e-33,1.1975202456147985e-33
8,lbfgs,1539,8598.681599999996,11598.681599999996,4.6206199169803675e-07,4.4666728982246166e-07,2.6021932352557722e-09,2.4350200708672617e-07,2.005630895004797e-07,1.517450664310794e-08,0.0,6.839449586052187e-27,8.945032897061482e-33,1.2067357398875697e-33
8,lbfgs,1549,8598.681599999996,11598.681599999996,4.07933162764147e-07,4.033319487860994e-07,1.4431459843065153e-09,1.6653586951271116e-07,2.3535293328908173e-07,4.381061895291751e-09,0.0,3.235510434221966e-27,8.9776914119714e-33,1.2090510742912614e-33
8,lbfgs,1559,8598.681599999996,11598.681599999996,2.8190440714589354e-07,2.79695854821966e-07,9.39157862488824e-10,1.3780718520853085e-07,1.409495117509463e-07,1.9876542918667855e-09,0.0,2.5791417250064126e-27,8.962432567140771e-33,1.2132301358814096e-33
8,lbfgs,1569,8598.681599999996,11598.681599999996,2.410155143389636e-07,2.3611765434246584e-07,8.022677081545278e-10,1.3010291423873562e-07,1.052124723955757e-07,4.676911563881691e-09,0.0,2.5061838252986915e-27,8.95772505552507e-33,1.2061778328680635e-33
8,lbfgs,1579,8598.681599999996,11598.681599999996,2.055611397008585e-07,2.0126644916068727e-07,1.411702933330953e-09,1.058769156356403e-07,9.397783059171602e-08,4.073496406075472e-09,0.0,4.437227220718563e-27,8.977631001485467e-33,1.2093426612008246e-33
8,lbfgs,1589,8598.681599999996,11598.681599999996,1.723037009270647e-07,1.685559767831035e-07,8.669635693820927e-10,7.558639302286348e-08,9.210262019085794e-08,3.5259097354842626e-09,0.0,2.5482143282620302e-27,8.977937397179744e-33,1.207305723302738e-33
8,lbfgs,1599,8598.681599999996,11598.681599999996,1.569398192269591e-07,1.482327810526038e-07,6.300710388725712e-10,5.828748178750806e-08,8.931522822622316e-08,8.485194251650835e-09,0.0,1.8586821606564348e-27,8.99681851370242e-33,1.2095380559522745e-33
8,lbfgs,1609,8598.681599999996,11598.681599999996,1.2347870379591385e-07,1.2016589666498922e-07,7.536304698224934e-10,5.493532877805741e-08,6.447693741710932e-08,3.0904103531146386e-09,0.0,2.4903419116134646e-27,8.980739132594229e-33,1.2104411690880143e-33
8,lbfgs,1619,8598.681599999996,11598.681599999996,1.231341845288205e-07,1.1986777372774246e-07,7.129371773929542e-10,5.470278065888435e-08,6.445205589146515e-08,3.0439883900981293e-09,0.0,2.3327594934482332e-27,8.98197473419209e-33,1.2104001592567659e-33
8,lbfgs,1629,8598.681599999996,11598.681599999996,1.2296655059478265e-07,1.1967939676581247e-07,7.028188412003718e-10,5.475391069342815e-08,6.422266723118396e-08,3.0647239898581083e-09,0.0,2.291097265725401e-27,8.982064497974203e-33,1.210391285272161e-33
8,lbfgs,1639,8598.681599999996,11598.681599999996,1.2278757113201554e-07,1.195538671151783e-07,6.962847897126717e-10,5.486231217003489e-08,6.399527015543074e-08,3.011263785383442e-09,0.0,2.2596906555251264e-27,8.982291052851191e-33,1.2103762602241021e-33
8,lbfgs,1649,8598.681599999996,11598.681599999996,1.2264508002279246e-07,1.1931742459606395e-07,6.907865787568298e-10,5.4838017941424347e-08,6.378862007588277e-08,3.105217982751974e-09,0.0,2.2399444469113218e-27,8.982140886171925e-33,1.2103630913187038e-33
8,lbfgs,1659,8598.681599999996,11598.681599999996,1.2248337944513648e-07,1.1896731251128071e-07,6.836094541959029e-10,5.472711877579597e-08,6.355658428128883e-08,3.2936365932983315e-09,0.0,2.217520529308872e-27,8.981926534889418e-33,1.21032580309341e-33
8,lbfgs,1669,8598.681599999996,11598.681599999996,1.2234589141572608e-07,1.189106296682967e-07,6.811269805132629e-10,5.478238838623938e-08,6.344711430154406e-08,3.212824658728711e-09,0.0,2.204365800779241e-27,8.982052279490527e-33,1.2103078470845076e-33
8,lbfgs,1679,8598.681599999996,11598.681599999996,1.2219096031758325e-07,1.1894472564839039e-07,6.809445451720427e-10,5.494241486648533e-08,6.332136623673301e-08,3.0237849176866782e-09,0.0,2.1952933417794835e-27,8.982227547213286e-33,1.2103176312435833e-33
8,lbfgs,1689,8598.681599999996,11598.681599999996,1.220538374751539e-07,1.1869520348876423e-07,6.750709777525207e-10,5.480581130696204e-08,6.321432120404967e-08,3.13618894406778e-09,0.0,2.1765618417756457e-27,8.982163813818338e-33,1.2103092679629755e-33
8,lbfgs,1699,8598.681599999996,11598.681599999996,1.2190411659275916e-07,1.1829102645351781e-07,6.646802113361971e-10,5.4515173723976035e-08,6.311117251820558e-08,3.3906562798620733e-09,0.0,2.1463483375115982e-27,8.982124633399992e-33,1.210261763939105e-33
8,lbfgs,1709,8598.681599999996,11598.681599999996,1.2176501486410223e-07,1.1828942885616483e-07,6.652851506534221e-10,5.460836878164904e-08,6.301577492386237e-08,3.253143566994411e-09,0.0,2.1438504708566885e-27,8.982194197766335e-33,1.2102643825379815e-33
8,lbfgs,1719,8598.681599999996,11598.681599999996,1.2163912466924626e-07,1.182068272638279e-07,6.636764278234361e-10,5.461273418858385e-08,6.293041664742062e-08,3.2098515202628492e-09,0.0,2.1359118394361596e-27,8.98222400052901e-33,1.210267556879989e-33
8,lbfgs,1729,8598.681599999996,11598.681599999996,1.2147854327747408e-07,1.1814759755094101e-07,6.636465691666866e-10,5.4673025815560115e-08,6.281092516621421e-08,3.108493359167421e-09,0.0,2.1305440240696267e-27,8.982226881536791e-33,1.2102936948242686e-33
8,lbfgs,1739,8598.681599999996,11598.681599999996,1.213528933825682e-07,1.1797278471215765e-07,6.589830920130668e-10,5.456836400375222e-08,6.274543761639235e-08,3.1576576328587916e-09,0.0,2.1152466051668325e-27,8.982271633799957e-33,1.2102771466444603e-33
8,lbfgs,1749,8598.681599999996,11598.681599999996,1.2119432041005007e-07,1.1769037782379569e-07,6.504504801561113e-10,5.43560344133897e-08,6.268389293024988e-08,3.281495791633823e-09,0.0,2.0891991857827666e-27,8.982398066267604e-33,1.2102289640742342e-33
8,lbfgs,1759,8598.681599999996,11598.681599999996,1.210684456950593e-07,1.1763461476728192e-07,6.506493361074633e-10,5.4391935818837044e-08,6.259202961233741e-08,3.211379656261043e-09,0.0,2.0870323902675445e-27,8.982383415461908e-33,1.2102431947368402e-33
8,lbfgs,1769,8598.681599999996,11598.681599999996,1.2091277326196377e-07,1.1764594464751765e-07,6.556951944955134e-10,5.4546266750202096e-08,6.244398270282004e-08,3.0443682564877307e-09,0.0,2.095227735888844e-27,8.98225579458936e-33,1.2102969317305087e-33
8,lbfgs,1779,8598.681599999996,11598.681599999996,1.20785798321725e-07,1.1743984297369789e-07,6.489001984797815e-10,5.43899171258281e-08,6.240102564939001e-08,3.1234976956479963e-09,0.0,2.0749587379339883e-27,8.982366972931847e-33,1.210267828145735e-33
8,lbfgs,1789,8598.681599999996,11598.681599999996,1.2063486665825867e-07,1.1707478735361087e-07,6.352761446077853e-10,5.404291049378021e-08,6.239660071522287e-08,3.337629456593481e-09,0.0,2.03488724349719e-27,8.982680674990329e-33,1.2101838144073732e-33
8,lbfgs,1799,8598.681599999996,11598.681599999996,1.205050555033818e-07,1.1706210506890118e-07,6.381208630203781e-10,5.4143640103786506e-08,6.22803441020943e-08,3.2204943189846248e-09,0.0,2.041188343212469e-27,8.982574776256597e-33,1.2102167803309912e-33
8,lbfgs,1809,8598.681599999996,11598.681599999996,1.2036255383404695e-07,1.1720781484290931e-07,6.533278975422831e-10,5.448476438233435e-08,6.206972256303267e-08,2.9322690429545503e-09,0.0,2.0725300763490153e-27,8.982186582754426e-33,1.2103215549244295e-33
8,lbfgs,1819,8598.681599999996,11598.681599999996,1.202265042215387e-07,1.1693488705014044e-07,6.413636978763691e-10,5.423403773079386e-08,6.205948562147022e-08,3.069152341332709e-09,0.0,2.0418809168246484e-27,8.982425881673604e-33,1.2102674721529749e-33
8,lbfgs,1829,8598.681599999996,11598.681599999996,1.2010371404865148e-07,1.1676476588425537e-07,6.360001874090423e-10,5.41157853635325e-08,6.201298033331383e-08,3.116484225069251e-09,0.0,2.0262092374642365e-27,8.982537375976807e-33,1.210244043825912e-33
8,lbfgs,1839,8598.681599999996,11598.681599999996,1.1995074185724472e-07,1.1647335798793999e-07,6.253472387952655e-10,5.385817882023681e-08,6.198983192890792e-08,3.2549238200722888e-09,0.0,1.995850981062506e-27,8.982822484953772e-33,1.2101809777350375e-33
8,lbfgs,1849,8598.681599999996,11598.681599999996,1.1982658807665489e-07,1.1642536708075368e-07,6.270901557626954e-10,5.391158308133363e-08,6.188669384365735e-08,3.1787568640649715e-09,0.0,1.9984931405576845e-27,8.982729945128554e-33,1.2102055462249047e-33
8,lbfgs,1859,8598.681599999996,11598.681599999996,1.1967904432523336e-07,1.1647720941014439e-07,6.381307564681663e-10,5.41328384239224e-08,6.170624022975382e-08,2.9793616968160603e-09,0.0,2.018208075870563e-27,8.982405776739198e-33,1.21028196134887e-33
8,lbfgs,1869,8598.681599999996,11598.681599999996,1.195513768529757e-07,1.1625861785106055e-07,6.289618082864604e-10,5.3946907102256484e-08,6.16827489405176e-08,3.070288311870417e-09,0.0,1.995710868191302e-27,8.982614252068356e-33,1.2102403836028423e-33
8,lbfgs,1879,8598.681599999996,11598.681599999996,1.1943107025705229e-07,1.1610658372902987e-07,6.246473571473785e-10,5.3850289257041206e-08,6.163164711484128e-08,3.102015927650326e-09,0.0,1.98325782545547e-27,8.982712099418514e-33,1.2102223401446186e-33
8,lbfgs,1889,8598.681599999996,11598.681599999996,1.1927845929514634e-07,1.1585553514662152e-07,6.161300884027666e-10,5.3646409948252204e-08,6.159299510996655e-08,3.2004555934211023e-09,0.0,1.9597858408628766e-27,8.982951978140073e-33,1.2101751484790272e-33
8,lbfgs,1899,8598.681599999996,11598.681599999996,1.191575344993734e-07,1.15789829371411e-07,6.17209793295349e-10,5.3672775165193346e-08,6.14998444129223e-08,3.1452334877875863e-09,0.0,1.9602037171478706e-27,8.982882228790776e-33,1.2101924723275267e-33
8,lbfgs,1909,8598.681599999996,11598.681599999996,1.1900864400489651e-07,1.1578971245098625e-07,6.252933636759749e-10,5.382190124255128e-08,6.134251784475899e-08,2.9964531812868023e-09,0.0,1.97263013630037e-27,8.982628032833893e-33,1.210248040712941e-33
8,lbfgs,1919,8598.681599999996,11598.681599999996,1.1888573109349273e-07,1.1560121048549281e-07,6.181560020657447e-10,5.367431839993772e-08,6.130873608348936e-08,3.0620435231071103e-09,0.0,1.9554767411873542e-27,8.98280109973522e-33,1.2102162516030084e-33
8,lbfgs,1929,8598.681599999996,11598.681599999996,1.1874360434519523e-07,1.1525553774708237e-07,6.045283410405393e-10,5.332635183716885e-08,6.132465756887298e-08,3.265594982620523e-09,0.0,1.9194072011163977e-27,8.983264188811632e-33,1.2101286089935322e-33
8,lbfgs,1939,8598.681599999996,11598.681599999996,1.1861589876943837e-07,1.1523512291611991e-07,6.077100461740138e-10,5.342267570366111e-08,6.120473716628479e-08,3.1582994939742295e-09,0.0,1.9267017473636637e-27,8.983085360519248e-33,1.2101655961582065e-33
8,lbfgs,1949,8598.681599999996,11598.681599999996,1.1849744604103616e-07,1.1515916256103768e-07,6.083750995155375e-10,5.343217141816667e-08,6.111861604335548e-08,3.1158045674174687e-09,0.0,1.925894294461397e-27,8.98303541498246e-33,1.2101778694293747e-33
8,lbfgs,1959,8598.681599999996,11598.681599999996,1.183485433319433e-07,1.1512604752860222e-07,6.143117018981201e-10,5.353341744953933e-08,6.097831837716477e-08,3.000011506964102e-09,0.0,1.9336126840586065e-27,8.982839350884971e-33,1.2102191592006906e-33
8,lbfgs,1969,8598.681599999996,11598.681599999996,1.1822904160740317e-07,1.149570762974866e-07,6.086850249579642e-10,5.3411102623648416e-08,6.093728864888023e-08,3.0494816107766474e-09,0.0,1.920159649848617e-27,8.982983136879329e-33,1.2101941588053632e-33
8,lbfgs,1979,8598.681599999996,11598.681599999996,1.1808473446272051e-07,1.1465663327285844e-07,5.976442562693578e-10,5.312966432911509e-08,6.092932468747399e-08,3.2056211920596984e-09,0.0,1.8923447281422208e-27,8.98335957404044e-33,1.2101259352597145e-33
8,lbfgs,1989,8598.681599999996,11598.681599999996,1.1796238857609756e-07,1.1461733888740157e-07,6.001108071574334e-10,5.319397707935717e-08,6.082325100088696e-08,3.1225658574469787e-09,0.0,1.8967088814472526e-27,8.983223768675311e-33,1.2101535809895772e-33
8,lbfgs,1999,8598.681599999996,11598.681599999996,1.178267395169758e-07,1.147105267520284e-07,6.159418088644174e-10,5.346360549746931e-08,6.063097944569467e-08,2.893719726429409e-09,0.0,1.920910074802486e-27,8.982774657071312e-33,1.2102404371636558e-33
8,lbfgs,2009,8598.681599999996,11598.681599999996,1.1769780292972026e-07,1.144786515303965e-07,6.048318414221656e-10,5.325893853390364e-08,6.061488115507068e-08,2.9966608263066663e-09,0.0,1.8998042667187394e-27,8.983040420870934e-33,1.210193462013941e-33
8,lbfgs,2019,8598.681599999996,11598.681599999996,1.1758097510902275e-07,1.1432377821188983e-07,6.003538762415469e-10,5.3154680481991836e-08,6.056874385365645e-08,3.034706493817986e-09,0.0,1.8890224441193356e-27,8.983160531850494e-33,1.2101733562083077e-33
8,lbfgs,2029,8598.681599999996,11598.681599999996,1.1743597116811666e-07,1.1405702822007603e-07,5.913447344791185e-10,5.292187413046394e-08,6.054380935513297e-08,3.1564550732566893e-09,0.0,1.8671169234234764e-27,8.983468811210002e-33,1.2101190018961336e-33
8,lbfgs,2039,8598.681599999996,11598.681599999996,1.1731753100242462e-07,1.1400432741719815e-07,5.932691733919155e-10,5.2963360635635796e-08,6.044769760817045e-08,3.090712466551424e-09,0.0,1.869622366876532e-27,8.983366619484737e-33,1.2101399434222077e-33
8,lbfgs,2049,8598.681599999996,11598.681599999996,1.1717832805327846e-07,1.1404780953448085e-07,6.051284350391126e-10,5.316360857641107e-08,6.027907252303067e-08,2.90801984897385e-09,0.0,1.8867129101328436e-27,8.983014091497366e-33,1.2102077497345152e-33
8,lbfgs,2059,8598.681599999996,11598.681599999996,1.1705588354793447e-07,1.1384429865671014e-07,5.966104541268605e-10,5.2994638334132584e-08,6.02530498684507e-08,2.98908787084876e-09,0.0,1.8702866094128085e-27,8.98323191785541e-33,1.2101700201272648e-33
8,lbfgs,2069,8598.681599999996,11598.681599999996,1.1694126053984849e-07,1.1370015713639469e-07,5.930115686801206e-10,5.2903808058747505e-08,6.020333750896707e-08,3.0186062567184584e-09,0.0,1.861494512225674e-27,8.983333759531791e-33,1.2101534339740334e-33
8,lbfgs,2079,8598.681599999996,11598.681599999996,1.1679647044897964e-07,1.1345961192462286e-07,5.856304527410907e-10,5.270787872804078e-08,6.016610274384098e-08,3.114363056565814e-09,0.0,1.8439583928695788e-27,8.983589401418257e-33,1.210109166669093e-33
8,lbfgs,2089,8598.681599999996,11598.681599999996,1.1668101600309188e-07,1.1339695835743906e-07,5.871179662831452e-10,5.2732395535082666e-08,6.007744485607325e-08,3.0615593605211043e-09,0.0,1.8452353389946227e-27,8.983512749027549e-33,1.2101252717305869e-33
8,lbfgs,2099,8598.681599999996,11598.681599999996,1.165401942386473e-07,1.1340313575785418e-07,5.960263006343416e-10,5.2880017075560735e-08,5.99270923816591e-08,2.9145538618724994e-09,0.0,1.8573050024057087e-27,8.983235848328421e-33,1.2101788511281793e-33
8,lbfgs,2109,8598.681599999996,11598.681599999996,1.1642238401962142e-07,1.1322114086330308e-07,5.894348893489662e-10,5.273810394595557e-08,5.989360202799855e-08,2.9787395967097947e-09,0.0,1.8443313183912865e-27,8.98341629913777e-33,1.210147996550355e-33
8,lbfgs,2119,8598.681599999996,11598.681599999996,1.1628894565779974e-07,1.1288270621121574e-07,5.77308928099479e-10,5.239586908080729e-08,5.990952820230897e-08,3.1837410690487436e-09,0.0,1.8163149088967012e-27,8.983908356454866e-33,1.210060848859249e-33
8,lbfgs,2129,8598.681599999996,11598.681599999996,1.1616563881176934e-07,1.1286594047874847e-07,5.80473683680515e-10,5.249070958467341e-08,5.979475721039453e-08,3.077195463749386e-09,0.0,1.8229102716768718e-27,8.983717202051591e-33,1.2100976038161197e-33
8,lbfgs,2139,8598.681599999996,11598.681599999996,1.1605258176994085e-07,1.1279565464008106e-07,5.815962852997445e-10,5.2502061767634566e-08,5.971199658714675e-08,3.034421766336219e-09,0.0,1.8233323645895303e-27,8.983660910644253e-33,1.2101099660191953e-33
9,adam,0,11598.681599999996,14598.681599999996,0.10882744226532522,0.08162058163270204,0.00027758445027978643,0.05880698651169823,0.022536010670724027,0.027206860544234004,0.0,2.9697281371093305e-24,1.9600000028966343e-30,2.499999999999994e-31
9,adam,24,11598.681599999996,14598.681599999996,0.02627199230018299,0.01245007850774829,0.00017657394023351886,0.008115011462963801,0.0041584931045509695,0.013821913702339254,0.0,1.3299680632823743e-25,2.766738888167757e-31,4.636735005866741e-32
9,adam,49,11598.681599999996,14598.681599999996,0.02130185607042664,0.007912132045783251,9.729581280795126e-06,0.005202028897186958,0.0027003735673154974,0.013389723932366896,0.0,2.7250327834968235e-26,1.825806249768319e-31,2.9739345749866567e-32
9,adam,74,11598.681599999996,14598.681599999996,0.018472777800835522,0.005370021618699744,3.5832251338007996e-06,0.0036515300653635575,0.0017149083282023859,0.013102756086272488,0.0,1.1753439303197355e-27,1.3191917597675883e-31,1.868135983675865e-32
9,adam,99,11598.681599999996,14598.681599999996,0.0170810428600098,0.004236560913618608,1.6676888235995385e-06,0.0028576363297814094,0.0013772568950135996,0.012844481846813131,0.0,6.287575202899239e-28,1.0216721358010345e-31,1.5411875704414922e-32
9,adam,124,11598.681599999996,14598.681599999996,0.01634054964404249,0.0037164296986455254,1.2286090433940313e-06,0.0025174207356987665,0.0011977803539033648,0.012624119843026776,0.0,4.315550843436905e-28,8.748875608787651e-32,1.3718956366778423e-32
9,adam,149,11598.681599999996,14598.681599999996,0.01586526721426282,0.003424081366830524,7.950384116349225e-07,0.002328584544518112,0.0010947017839007772,0.012441185743084287,0.0,3.4541041528583646e-28,7.82119634572303e-32,1.2637766138180178e-32
9,adam,174,11598.681599999996,14598.681599999996,0.015546304765699109,0.00325965903825218,6.549229340509551e-07,0.002221817383422362,0.001037186731895767,0.012286645621634668,0.0,2.9465430482193977e-28,7.193502908158102e-32,1.2017765984248943e-32
9,adam,199,11598.681599999996,14598.681599999996,0.015297523066277113,0.0031474423656348526,6.091134402721876e-07,0.002151249442301669,0.0009955838098929112,0.012150080593640374,0.0,2.7896144858844244e-28,6.727165923257294e-32,1.1579826497181686e-32
9,adam,224,11598.681599999996,14598.681599999996,0.01484848532521524,0.0027846211091687935,5.390284462299985e-07,0.0019425510434451054,0.0008415310372774579,0.012063864108071498,0.0,2.920334210285759e-28,5.561137116504404e-32,1.0035877464399654e-32
9,adam,249,11598.681599999996,14598.681599999996,0.014676552354555375,0.002714332612856523,4.236891410170771e-07,0.0018950128867396196,0.0008188960369758863,0.011962219632830154,0.0,2.846038303351528e-28,5.332192731486288e-32,9.807443681550002e-33
9,adam,274,11598.681599999996,14598.681599999996,0.014472338319777185,0.0026215638680698638,2.99788106681955e-07,0.0018224820505626303,0.0007987820294005514,0.011850774341796778,0.0,3.0891919152283174e-28,5.143155523722007e-32,9.71158818996252e-33
9,adam,299,11598.681599999996,14598.681599999996,0.014146044588528018,0.002417403683750509,3.04513468630506e-07,0.0016367797380568644,0.0007803194322250144,0.011728640793357411,0.0,4.867185722494166e-28,4.97922775927087e-32,9.684515612021626e-33
9,adam,324,11598.681599999996,14598.681599999996,0.013455669467523601,0.0019452052467798387,7.288429578378054e-07,0.0011764143467702028,0.0007680620570517981,0.011510464106703762,0.0,1.306580764737415e-27,4.6400836736758406e-32,8.97804934035323e-33
9,adam,349,11598.681599999996,14598.681599999996,0.012589070098690593,0.001576408567849773,3.6392016858113117e-07,0.0009413355135640816,0.0006347091341171102,0.011012661413996282,0.0,6.927626024090218e-28,4.1668127594894844e-32,7.165169713619885e-33
9,adam,374,11598.681599999996,14598.681599999996,0.011784896631803148,0.0013486022104569092,4.0388172197180676e-07,0.0008207772627674383,0.0005274210659674991,0.010436294301124813,0.0,9.981713351199354e-28,3.8349646192494536e-32,6.20493415480112e-33
9,adam,399,11598.681599999996,14598.681599999996,0.011044488850700697,0.0011910250893500097,3.820612071378374e-07,0.0007383361363520623,0.0004523068917908095,0.009853463637731595,0.0,1.1803800444215656e-27,3.581309735236266e-32,5.6012761678044794e-33
9,adam,424,11598.681599999996,14598.681599999996,0.010396698181078344,0.001106552516808307,3.6445550445350744e-07,0.0006946203255446069,0.0004115677357592468,0.009290145537416908,0.0,1.2872068302718966e-27,3.4946846946984894e-32,5.3645166412665714e-33
9,adam,449,11598.681599999996,14598.681599999996,0.009761875920592704,0.001007112290701257,3.2681410043856597e-07,0.0006393176415232454,0.0003674678350775731,0.008754763499977988,0.0,1.1368526111588833e-27,3.312669858309159e-32,5.004235659678942e-33
9,adam,474,11598.681599999996,14598.681599999996,0.009166962751860231,0.0009211658208200186,2.829411012071266e-07,0.0005913478349456919,0.00032953504477311945,0.008245796798113348,0.0,8.609860153575075e-28,3.1570202769480683e-32,4.6920956390028695e-33
9,adam,499,11598.681599999996,14598.681599999996,0.008606604622240742,0.0008465249819434356,2.4685604683711555e-07,0.0005493298045314552,0.00029694832136514327,0.007760079504341669,0.0,6.501254167953714e-28,3.018019923567792e-32,4.416021080201052e-33
9,adam,524,11598.681599999996,14598.681599999996,0.008080835943352233,0.0007824969247918217,2.1886005892324782e-07,0.0005124273068488778,0.0002698507578840207,0.007298338879638373,0.0,5.610209226103793e-28,2.891533535385053e-32,4.177242356119399e-33
9,adam,549,11598.681599999996,14598.681599999996,0.007589138943682466,0.0007272117686129324,1.8946197705249283e-07,0.0004799637026715587,0.0002470586039643212,0.00686192703332687,0.0,4.988484983930843e-28,2.779007711162472e-32,3.964455475576553e-33
9,adam,574,11598.681599999996,14598.681599999996,0.007128723740766892,0.0006784372885293849,1.6020139808884521e-07,0.000450681335071586,0.00022759575205971003,0.006450286307813465,0.0,4.5156873897440175e-28,2.678534508873996e-32,3.773044808010433e-33
9,adam,599,11598.681599999996,14598.681599999996,0.0067070567871784946,0.000636399070929136,1.2330946887148865e-07,0.0004355106410809744,0.00020076512037929013,0.006070657569329524,0.0,3.7810466299867007e-28,2.606752164641304e-32,3.544021044451261e-33
9,adam,624,11598.681599999996,14598.681599999996,0.006303758612450263,0.0005995532889189764,8.708685145555588e-08,0.00039774047044509076,0.00020172573162243002,0.00570420517464356,0.0,4.105026677105949e-28,2.510434757669538e-32,3.324639177636239e-33
9,adam,649,11598.681599999996,14598.681599999996,0.005925330861712201,0.000563475478823874,1.1216848756565835e-07,0.0003755534604587147,0.00018780984987759367,0.005361855231923354,0.0,4.5430172988975e-28,2.4268519744800847e-32,3.265130713197565e-33
9,adam,674,11598.681599999996,14598.681599999996,0.005572058334985907,0.000531277773998631,9.739619291548365e-08,0.0003541990636732213,0.00017698131413249412,0.005040780407847609,0.0,4.368452904171183e-28,2.3632964130153107e-32,3.1394936957895576e-33
9,adam,699,11598.681599999996,14598.681599999996,0.0052436395838350285,0.000506521393903124,9.617523717138616e-08,0.00034218973225969967,0.00016423548640625294,0.004737118034675238,0.0,3.2390934512034234e-28,2.296021398401834e-32,3.0211958243479388e-33
9,adam,724,11598.681599999996,14598.681599999996,0.004931198668110216,0.00047818394939481393,5.335535231002425e-08,0.00031428190625123196,0.00016384868779127193,0.004453014561498909,0.0,2.307639231772583e-28,2.2352065991552673e-32,2.920129894152921e-33
9,adam,749,11598.681599999996,14598.681599999996,0.0046327551139793985,0.00045136604371545874,5.328698865765669e-08,0.00029896575380247085,0.00015234700292433026,0.004181388910911579,0.0,2.295564665280618e-28,2.1763758379661267e-32,2.8463566113639846e-33
9,adam,774,11598.681599999996,14598.681599999996,0.0043540687868834985,0.0004276541900628629,4.564971623545754e-08,0.00028253254216260084,0.00014507599818402655,0.003926414435337355,0.0,2.0077575692400937e-28,2.1221936224811158e-32,2.7590868233679e-33
9,adam,799,11598.681599999996,14598.681599999996,0.004112533257392632,0.00042142336706410695,1.0208809950571035e-07,0.00028305818020383616,0.00013826309876076512,0.0036911097268431062,0.0,2.397089531905407e-28,2.0176183705669375e-32,2.895849336856983e-33
9,adam,824,11598.681599999996,14598.681599999996,0.003844697358226717,0.00038135333157832,3.007851907942039e-08,0.00023830064122882751,0.00014302261183041305,0.003463343861338874,0.0,1.8566397519624207e-28,1.9363120431495702e-32,2.6458046364569433e-33
9,adam,849,11598.681599999996,14598.681599999996,0.0036144973086443305,0.0003608641752479208,3.09258147606848e-08,0.00022660396333957667,0.00013422928609358343,0.003253632966122726,0.0,1.9856564950536064e-28,1.8972408529266474e-32,2.553832971168846e-33
9,adam,874,11598.681599999996,14598.681599999996,0.0033963178863432963,0.0003416081637509739,3.412752145734701e-08,0.00021309110671835081,0.00012848292951116573,0.0030547095533664417,0.0,2.2100183606274686e-28,1.849132013419588e-32,2.502617310393038e-33
9,adam,899,11598.681599999996,14598.681599999996,0.003188685901453724,0.0003211735038957476,4.17644286565431e-08,0.00019932289122771648,0.00012180884823937462,0.0028675122263702147,0.0,2.493940398812089e-28,1.8100151726918354e-32,2.424694929861792e-33
9,adam,924,11598.681599999996,14598.681599999996,0.0031011567871364796,0.0004042750318256747,3.172511977273679e-07,0.0002467557969600093,0.000157201983667938,0.002696881582224001,0.0,2.5836747326661593e-27,1.5443718950591065e-32,3.284966481119716e-33
9,adam,949,11598.681599999996,14598.681599999996,0.0028334636566438353,0.0003039759322436379,2.1182743526760778e-07,0.00018346446441638338,0.00012029964039198695,0.0025294875498100807,0.0,6.626620239429401e-28,1.6624195132940273e-32,2.3051812181179283e-33
9,adam,974,11598.681599999996,14598.681599999996,0.002647214718091184,0.0002728385418640487,8.914511446301157e-08,0.00016770955459301037,0.00010503984215657536,0.002374375999895796,0.0,4.306428637689526e-28,1.6971458002589425e-32,2.1686702524019702e-33
9,adam,999,11598.681599999996,14598.681599999996,0.0024800929810844703,0.000254361730843306,1.2105786078232312e-07,0.00015460535864279888,9.96353143397248e-05,0.0022257310721656752,0.0,3.542291309035442e-28,1.6497373305487178e-32,2.211321411782324e-33
9,adam,1024,11598.681599999996,14598.681599999996,0.0023283440767648926,0.00024375350373461807,1.321791981990434e-07,0.00014650258378968303,9.711874074673599e-05,0.002084590393192394,0.0,3.1521841189573143e-28,1.6132495057155108e-32,2.211889795202689e-33
9,adam,1049,11598.681599999996,14598.681599999996,0.0021821794978327163,0.000229579715113574,1.327891180414796e-07,0.00013660287211189,9.284405388364252e-05,0.001952599601172658,0.0,2.896436844677296e-28,1.5724197476150484e-32,2.12571091700153e-33
9,adam,1074,11598.681599999996,14598.681599999996,0.0020453628228044598,0.00021706840406925194,1.288555187115106e-07,0.00012792151853214747,8.901803001839294e-05,0.001828294235530631,0.0,2.5306082808149293e-28,1.536689380819457e-32,2.0619777439184275e-33
9,adam,1099,11598.681599999996,14598.681599999996,0.0019166511154840333,0.0002055394870370241,1.1729131568686017e-07,0.00011974938627622969,8.567280944510754e-05,0.0017111114436281103,0.0,2.142861291042939e-28,1.5039697106226916e-32,2.010481770948519e-33
9,adam,1124,11598.681599999996,14598.681599999996,0.0017950128832413764,0.00019437474710447234,1.0503488673775403e-07,0.0001120673256944836,8.220238652325097e-05,0.0016006379497308005,0.0,1.8033286484351655e-28,1.4741523128172383e-32,1.9666630410263293e-33
9,adam,1149,11598.681599999996,14598.681599999996,0.0016797195909414614,0.0001833000915024766,9.673477907337892e-08,0.00010470511678621481,7.849823993718841e-05,0.001496419311454801,0.0,1.522748517872694e-28,1.4465034303048963e-32,1.9281883712434373e-33
9,adam,1174,11598.681599999996,14598.681599999996,0.0015936443243339934,0.00018563466220150886,1.5441213454632643e-07,0.00010684463527128634,7.863561479567621e-05,0.0014080094725626173,0.0,1.297659752652044e-28,1.3810897008659946e-32,2.1587324231644324e-33
9,adam,1199,11598.681599999996,14598.681599999996,0.005204557793663001,0.003206654325495558,9.075423678344916e-07,0.0022499553331238997,0.0009557914500038245,0.001997903270805017,0.0,6.759003982782953e-27,1.9504763771786314e-32,2.07853600569182e-33
9,adam,1224,11598.681599999996,14598.681599999996,0.005222647602138341,0.003221911399613954,3.0836189166758475e-07,0.0020359341356001245,0.0011856689021221617,0.002000736003254133,0.0,2.2244976948712925e-27,1.8000438218444605e-32,1.638617552858078e-33
9,adam,1249,11598.681599999996,14598.681599999996,0.004780594536466688,0.002813914478997572,1.2568644279339905e-07,0.0018297375495424605,0.000984051243012318,0.0019666798584879234,0.0,7.807254713802654e-28,1.747232764478437e-32,1.190599042567805e-33
9,adam,1274,11598.681599999996,14598.681599999996,0.004383630694150887,0.0024726282222680505,8.491133468523104e-08,0.001678773449737458,0.0007937698611959075,0.0019110022729065593,0.0,2.9398897980057925e-28,1.5503706672666047e-32,1.0413187118278064e-33
9,adam,1299,11598.681599999996,14598.681599999996,0.004076361420163909,0.0022124622240032627,7.751625708294464e-08,0.0014806258632595753,0.0007317588444866043,0.0018638989970612997,0.0,2.2895009445430976e-28,1.5297812295364843e-32,1.0420838889361187e-33
9,adam,1324,11598.681599999996,14598.681599999996,0.0038039042166327624,0.0019850039789696223,7.247057890998354e-08,0.0013552565742535523,0.00062967493413716,0.0018189000384579177,0.0,2.251967359620545e-28,1.5337563578212564e-32,1.0898562631567892e-33
9,adam,1349,11598.681599999996,14598.681599999996,0.003555313981447962,0.0017815193590569817,7.291337697146832e-08,0.0012299703602882766,0.0005514760853917336,0.0017737944230450874,0.0,2.23538152451188e-28,1.537129732829919e-32,1.1479127963534623e-33
9,adam,1374,11598.681599999996,14598.681599999996,0.0033291173618657708,0.001598321853965354,7.382292643796152e-08,0.001103223090978001,0.000495024940060915,0.0017307953083773363,0.0,2.2822991960554967e-28,1.5418997734501653e-32,1.1876684776980435e-33
9,adam,1399,11598.681599999996,14598.681599999996,0.00312316215097142,0.0014344128436879588,7.583112321095928e-08,0.000986176299307581,0.0004481607132571667,0.0016887491075517843,0.0,2.4407988358295087e-28,1.5429575318919132e-32,1.2293890549578408e-33
9,lbfgs,1400,11598.681599999996,14598.681599999996,0.003116062999565543,0.001428977032358449,7.550452378853038e-08,0.000986034109479724,0.0004428674183549365,0.0016870857674665092,0.0,2.170151253414776e-28,1.4517660151874123e-32,1.1981365294104506e-33
9,lbfgs,1409,11598.681599999996,14598.681599999996,0.0014299432981932907,0.0006505098128612929,1.3090680049850495e-07,0.00039488563329299187,0.00025549327276780257,0.0007794332838948342,0.0,6.688132519898607e-28,1.556501752495904e-32,1.9540218784009702e-33
9,lbfgs,1419,11598.681599999996,14598.681599999996,0.00017214957237841522,0.0001536856987781468,1.659822130530945e-07,8.080135263755654e-05,7.271836392753718e-05,1.846366471130557e-05,0.0,1.1373345082768905e-27,1.167231856234175e-32,1.627613931795747e-33
9,lbfgs,1429,11598.681599999996,14598.681599999996,8.007525564140768e-05,7.141267017794167e-05,1.2397869247829218e-07,4.306727940921195e-05,2.8221412076251417e-05,8.662374512496818e-06,0.0,8.865504633914523e-28,1.0660013186266896e-32,1.6026787987394973e-33
9,lbfgs,1439,11598.681599999996,14598.681599999996,2.257384904530699e-05,2.1859007773505454e-05,7.359450035538988e-08,9.080712214608969e-06,1.2704701058541095e-05,7.146287728808385e-07,0.0,1.8495895216835422e-28,9.749710900904676e-33,1.418741423434497e-33
9,lbfgs,1449,11598.681599999996,14598.681599999996,8.483109681642395e-06,8.459711860678893e-06,5.835385588243678e-08,4.716114884264148e-06,3.685243120532309e-06,2.3184193835105095e-08,0.0,1.540353974081203e-28,9.868508742771708e-33,1.3081735137577602e-33
9,lbfgs,1459,11598.681599999996,14598.681599999996,4.4226423260980596e-06,4.104923581193536e-06,4.418939292641154e-08,2.0562100170107155e-06,2.0045241712564093e-06,3.175044207266873e-07,0.0,1.4233241066189801e-28,9.676410126732981e-33,1.2661955857858433e-33
9,lbfgs,1469,11598.681599999996,14598.681599999996,2.1501416326177117e-06,2.040909329277245e-06,9.097542308269289e-08,1.3845279079917944e-06,5.654059982027578e-07,1.0901690587035107e-07,0.0,1.6209180853156947e-28,9.702533718655407e-33,1.2580997821733847e-33
9,lbfgs,1479,11598.681599999996,14598.681599999996,1.758990510749589e-06,1.7049442538045071e-06,2.4581332114680228e-08,1.176794083900769e-06,5.035688377890578e-07,5.383057430373364e-08,0.0,6.871973056703458e-29,9.779478591077209e-33,1.234050349002752e-33
9,lbfgs,1489,11598.681599999996,14598.681599999996,1.3825667515883526e-06,1.3280579788274464e-06,2.7301464855564852e-08,8.669118201751807e-07,4.33844693796701e-07,5.4292667428973614e-08,0.0,9.630560372608224e-29,9.843269137901859e-33,1.2468741193480575e-33
9,lbfgs,1499,11598.681599999996,14598.681599999996,1.303178770937692e-06,1.2752538956363047e-06,2.1916808622513122e-08,8.094319139179366e-07,4.4390517309585514e-07,2.7708609667009258e-08,0.0,7.442287346056724e-29,9.846470466141319e-33,1.241375439830673e-33
9,lbfgs,1509,11598.681599999996,14598.681599999996,8.395914820181015e-07,8.171281416579647e-07,3.747678161268617e-08,5.306020978815862e-07,2.490492621636924e-07,2.224570062863775e-08,0.0,3.074555577995633e-28,9.940111927428037e-33,1.2604706180196515e-33
9,lbfgs,1519,11598.681599999996,14598.681599999996,5.668379578932323e-07,5.223782413465546e-07,1.8446955375462447e-08,3.232529074818569e-07,1.8067837848923513e-07,4.4240569942097073e-08,0.0,1.3005386929819101e-28,9.980450584310304e-33,1.2527247856790067e-33
9,lbfgs,1529,11598.681599999996,14598.681599999996,4.949079002990845e-07,4.851670613112859e-07,2.4002153058894566e-08,2.944224699466333e-07,1.6674243830575803e-07,9.521218220540952e-09,0.0,1.35778059959657e-28,1.0005054983927073e-32,1.2505510465502802e-33
9,lbfgs,1539,11598.681599999996,14598.681599999996,2.922791510521848e-07,2.75851571418236e-07,2.4718575425723208e-08,1.7599650579752656e-07,7.513649019498629e-08,1.6206194115368004e-08,0.0,1.390051547068533e-28,1.0017559894108709e-32,1.251372931243913e-33
9,lbfgs,1549,11598.681599999996,14598.681599999996,2.3725222467127444e-07,2.2889123635243108e-07,2.2339619499448704e-08,1.3981348693235042e-07,6.673812992063195e-08,8.139718548200347e-09,0.0,1.3322699172767575e-28,1.0047890574638282e-32,1.2530530042097492e-33
9,lbfgs,1559,11598.681599999996,14598.681599999996,1.866172074476708e-07,1.7846287319713325e-07,1.2858552966883842e-08,9.924109024146453e-08,6.636322998878487e-08,7.933015483289154e-09,0.0,5.364757827547441e-29,1.0037853884999065e-32,1.2543937354720968e-33
9,lbfgs,1569,11598.681599999996,14598.681599999996,1.474583672461446e-07,1.4450104199643518e-07,1.745480273785128e-08,6.739448442281417e-08,5.965175483576972e-08,2.735002313750754e-09,0.0,1.0534232263053452e-28,1.0061628874610493e-32,1.2551364201069815e-33
9,lbfgs,1579,11598.681599999996,14598.681599999996,1.362259923776853e-07,1.3334645516424082e-07,1.5006537879492138e-08,5.870403565130244e-08,5.963588163344625e-08,2.6571857173478364e-09,0.0,8.96172669939485e-29,1.0068551823674992e-32,1.2545082032357969e-33
9,lbfgs,1589,11598.681599999996,14598.681599999996,1.245851308140308e-07,1.212993345160515e-07,1.0966686471775503e-08,5.336483042799776e-08,5.696781761627821e-08,3.063271529980415e-09,0.0,6.95416624540936e-29,1.0054487853139731e-32,1.254399144595355e-33
9,lbfgs,1599,11598.681599999996,14598.681599999996,1.0950338868711817e-07,1.0796467156171117e-07,6.360093682295221e-09,4.698375850227691e-08,5.462081937713904e-08,1.3158741304158013e-09,0.0,3.412779975545079e-29,1.0054623355065868e-32,1.2535663585062589e-33
9,lbfgs,1609,11598.681599999996,14598.681599999996,1.0044177602548728e-07,9.903890599627697e-08,5.353012103172668e-09,4.17137513064068e-08,5.197214258669749e-08,1.1801351584342732e-09,0.0,3.7713958617569454e-29,1.0067496993398147e-32,1.2557258338359455e-33
9,lbfgs,1619,11598.681599999996,14598.681599999996,9.919600765133638e-08,9.766765885048686e-08,5.030833759478993e-09,4.0449068352256646e-08,5.218775673875122e-08,1.3055694174168225e-09,0.0,3.5853130176976357e-29,1.0068618097556091e-32,1.2557494166434954e-33
9,lbfgs,1629,11598.681599999996,14598.681599999996,6.701155767265615e-08,6.570028899442041e-08,8.021519069466416e-09,2.9092476762981374e-08,2.8586293161972624e-08,1.088196865017172e-09,0.0,5.102948502363834e-29,1.0059461970803062e-32,1.2548144843399116e-33
9,lbfgs,1639,11598.681599999996,14598.681599999996,6.086970606319163e-08,5.903999036724442e-08,7.549245370080767e-09,2.4804255679733998e-08,2.6686489317429652e-08,1.6067468599724972e-09,0.0,3.7913135372831333e-29,1.0052699333152543e-32,1.2541055637061307e-33
9,lbfgs,1649,11598.681599999996,14598.681599999996,5.5371014351251075e-08,5.360112970378883e-08,5.760670632572783e-09,2.1878960772293735e-08,2.596149829892231e-08,1.5468160760986803e-09,0.0,2.8898153031105353e-29,1.0058304322416694e-32,1.252713028954885e-33
9,lbfgs,1659,11598.681599999996,14598.681599999996,4.9343389246628276e-08,4.7639277493691525e-08,5.97059102761543e-09,2.145848892286926e-08,2.0210197543206835e-08,1.4811812518587872e-09,0.0,3.758536409554269e-29,1.0058519832622297e-32,1.2526377210561188e-33
9,lbfgs,1669,11598.681599999996,14598.681599999996,4.4816754450189506e-08,4.380565271494422e-08,5.991472189231711e-09,1.8440442119983316e-08,1.9373738405729193e-08,7.880170723491917e-10,0.0,3.8698682163861163e-29,1.0053163466004455e-32,1.2530547538546572e-33
9,lbfgs,1679,11598.681599999996,14598.681599999996,4.434683812233457e-08,4.3503523104786916e-08,5.75815058930819e-09,1.8243359470806742e-08,1.9502013044671987e-08,6.202268923658501e-10,0.0,3.743178156949868e-29,1.0053016361116007e-32,1.2527240895551619e-33
9,lbfgs,1689,11598.681599999996,14598.681599999996,4.148239445490754e-08,4.0793020121517054e-08,5.876973594882972e-09,1.6341443005339153e-08,1.8574603521294928e-08,4.661430133125032e-10,0.0,4.1425656190052503e-29,1.0052134080922799e-32,1.251326474526551e-33
9,lbfgs,1699,11598.681599999996,14598.681599999996,3.08732218325826e-08,2.9975747747369084e-08,4.1166673394376766e-09,1.3955389258131275e-08,1.1903691149800132e-08,6.742353260928467e-10,0.0,2.904088307505193e-29,1.0068239688489471e-32,1.252853314612508e-33
9,lbfgs,1709,11598.681599999996,14598.681599999996,2.9292204024247275e-08,2.8491250992506476e-08,3.874584363905012e-09,1.3626742520104763e-08,1.0989924108496702e-08,5.776776368460441e-10,0.0,2.892728709588307e-29,1.006368823689785e-32,1.2521747002935865e-33
9,lbfgs,1719,11598.681599999996,14598.681599999996,2.8597140050700626e-08,2.7977413509577085e-08,3.9192205042005706e-09,1.3233043289474165e-08,1.0825149715902348e-08,3.963951282561411e-10,0.0,3.105258342340438e-29,1.0066133235068124e-32,1.2519412907107926e-33
9,lbfgs,1729,11598.681599999996,14598.681599999996,2.619392174204411e-08,2.5388589200123532e-08,1.7335964895041391e-09,1.323157868135827e-08,1.0423414029261122e-08,5.819462917798104e-10,0.0,1.0551457978376652e-29,1.0070292167582382e-32,1.2518655931501654e-33
9,lbfgs,1739,11598.681599999996,14598.681599999996,2.3103883451265924e-08,2.2630149139990415e-08,9.46204323006388e-10,1.193909058497853e-08,9.744854232005498e-09,2.5008538989021266e-10,0.0,4.8341694473001224e-30,1.0074049625466328e-32,1.251731156982341e-33
9,lbfgs,1749,11598.681599999996,14598.681599999996,2.3041750812915253e-08,2.2630418793333195e-08,9.568638559046106e-10,1.1845498822603142e-08,9.828056114825442e-09,1.8769148218324908e-10,0.0,4.8912188939322444e-30,1.0074330900791808e-32,1.2516277655832058e-33
9,lbfgs,1759,11598.681599999996,14598.681599999996,2.3032055093344836e-08,2.2629708558420027e-08,9.533117079522985e-10,1.1829032986451235e-08,9.847363864016493e-09,1.787046075423598e-10,0.0,4.876618678590903e-30,1.0074397404808185e-32,1.2516138231850893e-33
9,lbfgs,1769,11598.681599999996,14598.681599999996,2.3020939513390238e-08,2.262867299694355e-08,9.456808908252736e-10,1.1815553309160418e-08,9.867438796957859e-09,1.686218350444862e-10,0.0,4.832848469821842e-30,1.00745236020086e-32,1.251606886995094e-33
9,lbfgs,1779,11598.681599999996,14598.681599999996,2.3011910205412186e-08,2.2615452391782744e-08,9.468834966441754e-10,1.1812770110051096e-08,9.855798785087473e-09,1.7281432924481378e-10,0.0,4.847330192303772e-30,1.0074471321875724e-32,1.2516054731699133e-33
9,lbfgs,1789,11598.681599999996,14598.681599999996,2.300083602299884e-08,2.2597152176888705e-08,9.509157319126278e-10,1.1808122204504359e-08,9.838114240471719e-09,1.8004240970625484e-10,0.0,4.887268778017933e-30,1.0074369993037611e-32,1.2516018707148274e-33
9,lbfgs,1799,11598.681599999996,14598.681599999996,2.2991913247134684e-08,2.259148345519641e-08,9.48280964805257e-10,1.1802097291319299e-08,9.841105199071854e-09,1.7678692334834595e-10,0.0,4.873590274554487e-30,1.0074402874695201e-32,1.2516063941253229e-33
9,lbfgs,1809,11598.681599999996,14598.681599999996,2.2980911322669794e-08,2.2586069024748582e-08,9.42950432609121e-10,1.1795489248552163e-08,9.847629343587297e-09,1.7119681819196528e-10,0.0,4.836902403874322e-30,1.0074479278121893e-32,1.2516151302158009e-33
9,lbfgs,1819,11598.681599999996,14598.681599999996,2.2972029112747462e-08,2.257425546416074e-08,9.435751751871247e-10,1.1790521235323606e-08,9.840159053650008e-09,1.7412949265625394e-10,0.0,4.849666529862937e-30,1.0074435392352284e-32,1.2516097166086458e-33
9,lbfgs,1829,11598.681599999996,14598.681599999996,2.2961133671696928e-08,2.2557998389952226e-08,9.46700261883531e-10,1.178275089227315e-08,9.828547235795542e-09,1.794938366112677e-10,0.0,4.887896988935448e-30,1.0074339653843315e-32,1.2515997230517827e-33
9,lbfgs,1839,11598.681599999996,14598.681599999996,2.295225076141139e-08,2.255191940575001e-08,9.443127381973044e-10,1.1778062587169454e-08,9.829544080383253e-09,1.766880757050309e-10,0.0,4.874522010660516e-30,1.0074378956194805e-32,1.2516059255016118e-33
9,lbfgs,1849,11598.681599999996,14598.681599999996,2.294150479825174e-08,2.25462131715472e-08,9.39042064976305e-10,1.1774510829743273e-08,9.832660276827624e-09,1.7164469059727514e-10,0.0,4.83505014017393e-30,1.0074478361131572e-32,1.2516162800172298e-33
9,lbfgs,1859,11598.681599999996,14598.681599999996,2.2932576914188345e-08,2.2534365967798053e-08,9.397919705739854e-10,1.176808740569613e-08,9.826486591527938e-09,1.7456588764753033e-10,0.0,4.8493107911396715e-30,1.0074416382222498e-32,1.2516110161581617e-33
9,lbfgs,1869,11598.681599999996,14598.681599999996,2.292204998871274e-08,2.251797851425598e-08,9.437504463833638e-10,1.1756614166181166e-08,9.81761390169145e-09,1.8043045279505697e-10,0.0,4.89515425631799e-30,1.0074272705944199e-32,1.2516035578851871e-33
9,lbfgs,1879,11598.681599999996,14598.681599999996,2.291301012645405e-08,2.251217407779054e-08,9.409169712685262e-10,1.1753805880855009e-08,9.817451225667005e-09,1.771924927553497e-10,0.0,4.8784103173408194e-30,1.0074341671056659e-32,1.2516080005710858e-33
9,lbfgs,1889,11598.681599999996,14598.681599999996,2.2902825692591207e-08,2.250832660004061e-08,9.34078093728804e-10,1.1756232220064623e-08,9.818016286247184e-09,1.7085025632751312e-10,0.0,4.82678154101741e-30,1.0074515697480185e-32,1.2516111743474708e-33
9,lbfgs,1899,11598.681599999996,14598.681599999996,2.2893559446090922e-08,2.2495440590222856e-08,9.355943318855532e-10,1.1746834076215642e-08,9.813012182121661e-09,1.7447274137921546e-10,0.0,4.846086086901251e-30,1.0074411587065602e-32,1.2516096891262498e-33
9,lbfgs,1909,11598.681599999996,14598.681599999996,2.2885028502457263e-08,2.2485745262350934e-08,9.358606531218745e-10,1.174016067072652e-08,9.80972393850254e-09,1.7563785229924207e-10,0.0,4.8556083279223256e-30,1.0074374094741487e-32,1.2516099834124341e-33
9,lbfgs,1919,11598.681599999996,14598.681599999996,2.2874244384563406e-08,2.247225756319505e-08,9.381751812966387e-10,1.1728421039675532e-08,9.805661342222878e-09,1.7834318306801044e-10,0.0,4.8861289864847895e-30,1.0074288802103891e-32,1.2516134274190351e-33
9,lbfgs,1929,11598.681599999996,14598.681599999996,2.2865678485971834e-08,2.2465043716120855e-08,9.359831124745345e-10,1.1726016594799311e-08,9.803044008847012e-09,1.7698993568219205e-10,0.0,4.874570967094385e-30,1.0074326869935327e-32,1.251612018038542e-33
9,lbfgs,1939,11598.681599999996,14598.681599999996,2.285510843133188e-08,2.2457840971406173e-08,9.307586141415538e-10,1.1727886059885166e-08,9.799196297379452e-09,1.7362002016815577e-10,0.0,4.838369632135145e-30,1.0074427116148888e-32,1.251603802774744e-33
9,lbfgs,1949,11598.681599999996,14598.681599999996,2.2846435027408823e-08,2.2447292285897022e-08,9.317605160568963e-10,1.1718911811842416e-08,9.796619957997707e-09,1.7549648035236e-10,0.0,4.8527954452697115e-30,1.0074363516961794e-32,1.2516082124337654e-33
9,lbfgs,1959,11598.681599999996,14598.681599999996,2.283624387249318e-08,2.243192246355696e-08,9.36528197935619e-10,1.1700590184627279e-08,9.794804080994061e-09,1.8067805697685647e-10,0.0,4.9008277011143664e-30,1.007421037747014e-32,1.2516253934828757e-33
9,lbfgs,1969,11598.681599999996,14598.681599999996,2.2827313065509985e-08,2.242554552961828e-08,9.332165400847675e-10,1.170128296728278e-08,9.791046022250735e-09,1.7812239350631493e-10,0.0,4.8815634583940956e-30,1.007428413092904e-32,1.2516176870553957e-33
9,lbfgs,1979,11598.681599999996,14598.681599999996,2.281892418786834e-08,2.241800305677677e-08,9.313945752922756e-10,1.1698679655495357e-08,9.787928825989138e-09,1.7727531647344072e-10,0.0,4.8731078048701195e-30,1.0074305256180742e-32,1.251614486498435e-33
9,lbfgs,1989,11598.681599999996,14598.681599999996,2.2808346485050733e-08,2.2409961876680964e-08,9.271741222502234e-10,1.1699587788144023e-08,9.783199966286717e-09,1.7473728149553548e-10,0.0,4.8462266656946546e-30,1.007436602151474e-32,1.2516024259162129e-33
9,lbfgs,1999,11598.681599999996,14598.681599999996,2.2799892005917413e-08,2.2400153336312633e-08,9.27814255653395e-10,1.1691251001215897e-08,9.781088079443341e-09,1.7609189918819256e-10,0.0,4.8574830713459944e-30,1.0074324940348432e-32,1.2516085398247368e-33
9,lbfgs,2009,11598.681599999996,14598.681599999996,2.278960743181799e-08,2.2385697737378714e-08,9.313522121170036e-10,1.16745162076506e-08,9.779829317611113e-09,1.8026450569660919e-10,0.0,4.894561924832497e-30,1.0074224496935019e-32,1.2516292883766859e-33
9,lbfgs,2019,11598.681599999996,14598.681599999996,2.2780972681888897e-08,2.237897394421649e-08,9.285914824727914e-10,1.1674507571262381e-08,9.775874890481318e-09,1.7835250442685413e-10,0.0,4.879370851492452e-30,1.0074268762196599e-32,1.2516200645163922e-33
9,lbfgs,2029,11598.681599999996,14598.681599999996,2.2771251735165597e-08,2.2374842237950474e-08,9.215600681265301e-10,1.168415204525775e-08,9.769130124566194e-09,1.7276073691877592e-10,0.0,4.83205457183144e-30,1.0074392602190847e-32,1.2515879576021264e-33
9,lbfgs,2039,11598.681599999996,14598.681599999996,2.2762193677755455e-08,2.2363103714910772e-08,9.234577374704269e-10,1.1671724477955536e-08,9.767921499484809e-09,1.7544225484417634e-10,0.0,4.851951968976398e-30,1.0074320115419125e-32,1.2516030866318854e-33
9,lbfgs,2049,11598.681599999996,14598.681599999996,2.2753882846363896e-08,2.2353634216114175e-08,9.238504593220728e-10,1.1663943627311962e-08,9.765840129480141e-09,1.7660120553751425e-10,0.0,4.861086664996141e-30,1.0074291430798663e-32,1.251609613335831e-33
9,lbfgs,2059,11598.681599999996,14598.681599999996,2.2743614239860535e-08,2.2339642220136735e-08,9.265706070820261e-10,1.1648591582730874e-08,9.764480030323836e-09,1.8032556651369322e-10,0.0,4.890987824406196e-30,1.0074220026226695e-32,1.2516311187727827e-33
9,lbfgs,2069,11598.681599999996,14598.681599999996,2.273516572791992e-08,2.2332828682178836e-08,9.241935078098921e-10,1.1647972050648326e-08,9.760663123720619e-09,1.786898829342481e-10,0.0,4.878587182471692e-30,1.0074248099382609e-32,1.251621714027517e-33
9,lbfgs,2079,11598.681599999996,14598.681599999996,2.2725363065629648e-08,2.2328011200789868e-08,9.182039225985013e-10,1.1655582889636504e-08,9.754224388554864e-09,1.7370293338301697e-10,0.0,4.839469642935968e-30,1.0074333320531435e-32,1.2515896239561046e-33
9,lbfgs,2089,11598.681599999996,14598.681599999996,2.2716577478979524e-08,2.231687653329755e-08,9.196874552948639e-10,1.1644327817624367e-08,9.752861260378317e-09,1.7605265213498932e-10,0.0,4.8563927685440346e-30,1.0074282474477886e-32,1.2516045759642888e-33
9,lbfgs,2099,11598.681599999996,14598.681599999996,2.27083867440143e-08,2.2307636080769905e-08,9.199110831917807e-10,1.1636989566214389e-08,9.750735431363738e-09,1.7710252012708846e-10,0.0,4.86407412614858e-30,1.0074260770782277e-32,1.2516110505193847e-33
10,adam,0,14598.681599999996,17598.681599999996,0.10882254124287673,0.08161690586379919,0.0002739087639437588,0.058806986429131396,0.022536010670724027,0.027205635287933048,0.0,7.268167188601559e-27,1.960000000144733e-30,2.499999999999994e-31
10,adam,24,14598.681599999996,17598.681599999996,0.026531518420674607,0.012770022635341199,0.0001769822945533284,0.008260746232216584,0.004332294108571286,0.01376149569236465,0.0,3.3292991055922775e-28,2.8203900406239094e-31,4.822721141802449e-32
10,adam,49,14598.681599999996,17598.681599999996,0.021194033031403735,0.007736412761158502,1.751561999395281e-05,0.005030098502997566,0.0026887986381669833,0.013457620174508404,0.0,9.52899088462155e-29,1.7682367905693862e-31,2.9673208167668613e-32
10,adam,74,14598.681599999996,17598.681599999996,0.018345947837793447,0.00519971934420586,5.138806401788439e-06,0.003549370134696804,0.0016452104031072674,0.0131462283937229,0.0,4.01977162152643e-30,1.2701321632293036e-31,1.824947166616938e-32
10,adam,99,14598.681599999996,17598.681599999996,0.01709307287107008,0.00419053056897817,9.673322567141944e-07,0.002873021229043607,0.0013165420076778488,0.01290254219841945,0.0,1.855223467689049e-30,1.0056738850459455e-31,1.5014795027238e-32
10,adam,124,14598.681599999996,17598.681599999996,0.01644391200170461,0.0037523563483550736,5.474694320285186e-07,0.002574740821740531,0.0011770680571825142,0.012691555547077078,0.0,1.3554928396263668e-30,8.676626974297457e-32,1.3480391255791142e-32
10,adam,149,14598.681599999996,17598.681599999996,0.016044372485405346,0.003504314321892548,5.575550751268688e-07,0.002405490587130546,0.0010982661796868746,0.012540058055576777,0.0,1.4265399143725365e-30,7.864716590457033e-32,1.2565181072349866e-32
10,adam,174,14598.681599999996,17598.681599999996,0.015750276590009642,0.003345677299509769,6.364506062023903e-07,0.0023022437218693822,0.0010427971270341842,0.012404599181305166,0.0,1.682091789256148e-30,7.288231446200481e-32,1.1994142141253793e-32
10,adam,199,14598.681599999996,17598.681599999996,0.015523757370049737,0.0032466710152292046,6.175601127059072e-07,0.0022429770430229664,0.0010030764120935326,0.01227708624451289,0.0,1.6601085080924986e-30,6.836928331712636e-32,1.1563511027809678e-32
10,adam,224,14598.681599999996,17598.681599999996,0.015234817137664732,0.0030818046822884164,5.821463817491362e-07,0.0021484879082319386,0.000932734627674729,0.01215301234412245,0.0,1.4366320629715384e-30,6.248176626709854e-32,1.0812580432979234e-32
10,adam,249,14598.681599999996,17598.681599999996,0.015081609647584777,0.003039147699219461,6.014772806873294e-07,0.0021283786238179433,0.0009101675981208301,0.012042461836244732,0.0,1.5065182757175846e-30,5.972711957520004e-32,1.0584261960877689e-32
10,adam,274,14598.681599999996,17598.681599999996,0.014946052034615985,0.00300741467600687,5.215505405396317e-07,0.0021156286490791164,0.0008912644763872142,0.011938637245637663,0.0,1.5933208324620646e-30,5.740650020597069e-32,1.0386667100661617e-32
10,adam,299,14598.681599999996,17598.681599999996,0.014817752230685734,0.0029808650014899914,4.4871954244912005e-07,0.0021058610783763194,0.000874555203571223,0.011836887115363815,0.0,1.855990902586712e-30,5.542316685530277e-32,1.0226896483734982e-32
10,adam,324,14598.681599999996,17598.681599999996,0.014679608145772894,0.0029451062711106832,5.488204807604712e-07,0.0020870389718564038,0.0008575184787735189,0.01173450175988165,0.0,2.7146293273281892e-30,5.368696268732879e-32,1.0081771745530092e-32
10,adam,349,14598.681599999996,17598.681599999996,0.014496471243577287,0.0028729086007605567,1.1147061143555114e-06,0.002036054918411654,0.0008357389762345476,0.011623562526800342,0.0,5.0739843479960895e-30,5.209883885997935e-32,9.917402939399835e-33
10,adam,374,14598.681599999996,17598.681599999996,0.014181288638456266,0.0026970492235844825,1.352337469424283e-06,0.0018969641952454644,0.0007987326908695938,0.011484239296941217,0.0,6.288877584682943e-30,5.049464892811672e-32,9.648790008563525e-33
10,adam,399,14598.681599999996,17598.681599999996,0.013609287907311888,0.0023444174967405793,3.284884820913624e-07,0.0016172000082394385,0.0007268890000190495,0.011264870289623467,0.0,8.588615843211165e-31,4.8386203434558496e-32,9.11565124284761e-33
10,adam,424,14598.681599999996,17598.681599999996,0.012698298359408328,0.0018054764613267037,6.239950402243195e-07,0.0011485726174178955,0.0006562798488685838,0.01089282177333809,0.0,1.4305000268568309e-30,4.4684570462165e-32,8.171285502316427e-33
10,adam,449,14598.681599999996,17598.681599999996,0.011790272432901372,0.001409857918355398,2.018469463811812e-07,0.0008462839239234471,0.0005633721474855698,0.01038041438679727,0.0,1.3524537525321356e-30,3.9895081936490394e-32,6.348829812633465e-33
10,adam,474,14598.681599999996,17598.681599999996,0.010997064705470239,0.0012162820226419345,1.6746649686164604e-07,0.0007360800333264133,0.00048003452281865957,0.009780782551918546,0.0,1.4793596748214883e-30,3.687263154954151e-32,5.49662430330983e-33
10,adam,499,14598.681599999996,17598.681599999996,0.01026069253789857,0.0010700261143664713,1.7862909834093708e-07,0.0006582425526433432,0.00041160493262478733,0.009190666289339329,0.0,1.4799052926472595e-30,3.4359292172218567e-32,5.060050134972703e-33
10,adam,524,14598.681599999996,17598.681599999996,0.009589545982801815,0.0009549599170804873,1.5078280839534972e-07,0.000598575324382019,0.000356233809890073,0.008634585928253604,0.0,9.465721899984936e-31,3.234214008216314e-32,4.673121289690108e-33
10,adam,549,14598.681599999996,17598.681599999996,0.008977142519417534,0.0008632954407443408,1.2363805285295878e-07,0.00054953572414715,0.00031363607854433787,0.008113846938092013,0.0,6.029915240600313e-31,3.0663775712450235e-32,4.3581620845749175e-33
10,adam,574,14598.681599999996,17598.681599999996,0.008426446005333503,0.0007905587081905959,1.1089885963397431e-07,0.000509074933853062,0.0002813728754778999,0.007635887153706277,0.0,4.7480178054647066e-31,2.937126329495005e-32,4.021984254724179e-33
10,adam,599,14598.681599999996,17598.681599999996,0.007896497161688856,0.0007245770835204929,1.0116027430389745e-07,0.000472284437816456,0.000252191485429733,0.007171919932131075,0.0,4.557430644942037e-31,2.794416003369751e-32,3.855995564641208e-33
10,adam,624,14598.681599999996,17598.681599999996,0.007482739798355026,0.0007334171991230873,8.836378932512826e-08,0.0004825279229719872,0.00025080091236177486,0.00674932245056059,0.0,4.533769536977314e-31,2.863821684176245e-32,4.0493953686060505e-33
10,adam,649,14598.681599999996,17598.681599999996,0.0070268004001870004,0.000683693546385971,8.27856322657235e-08,0.00045570159399901825,0.00022790916675468698,0.006343106702698421,0.0,3.6800566245639063e-31,2.775521373215864e-32,3.7875218627865854e-33
10,adam,674,14598.681599999996,17598.681599999996,0.006588978669627081,0.0006313761393338104,6.658015742069994e-08,0.0004273225351459705,0.00020398702403041924,0.005957602376790959,0.0,3.321369840639855e-31,2.6714065454738343e-32,3.692930594923789e-33
10,adam,699,14598.681599999996,17598.681599999996,0.006196319812453754,0.0005883957379477162,6.062469557523348e-08,0.00040607229039723284,0.00018226282285490816,0.0056079239185580455,0.0,3.0093605017229e-31,2.578137653440504e-32,3.596156013893466e-33
10,adam,724,14598.681599999996,17598.681599999996,0.00584829247177022,0.0005774403536394613,1.4954287019572836e-07,0.00038792053477066746,0.00018937027599859807,0.005270851960226418,0.0,1.1950714300599927e-30,2.5255444903585823e-32,3.164933741716571e-33
10,adam,749,14598.681599999996,17598.681599999996,0.005471248283408294,0.000517770221488835,8.103457906674768e-08,0.00035154511398100707,0.0001661440729287612,0.004953477902107103,0.0,3.268352021206145e-31,2.390654245777725e-32,3.3941399720063065e-33
10,adam,774,14598.681599999996,17598.681599999996,0.005126095569650563,0.00047075948843130664,1.1573838326430048e-07,0.0003297402597690384,0.00014090349027900398,0.0046553359193028,0.0,2.9974775105264147e-31,2.3567343183277005e-32,3.180040533077732e-33
10,adam,799,14598.681599999996,17598.681599999996,0.0048056984587884375,0.0004303495909016618,1.1462622610929339e-07,0.00030492761455282397,0.00012530735012272856,0.004375348703818365,0.0,5.324385917025225e-31,2.2980938544018017e-32,3.0095147521124554e-33
10,adam,824,14598.681599999996,17598.681599999996,0.004507086672170283,0.0003922539571928775,1.010051719800819e-07,0.0002772065532404526,0.00011494639878044482,0.004114832548688129,0.0,4.908955025988087e-31,2.223991742801579e-32,2.8560723398384068e-33
10,adam,849,14598.681599999996,17598.681599999996,0.004227844058736386,0.00036138299680639935,1.0220418915579996e-07,0.0002583479162951482,0.00010293287632209538,0.0038664608933429608,0.0,5.1620591906801115e-31,2.1588707692584792e-32,2.7144225886874307e-33
10,adam,874,14598.681599999996,17598.681599999996,0.003967160435929643,0.00033517314586298285,9.681307810747829e-08,0.00023990661910977692,9.516971367509849e-05,0.003631987119216499,0.0,5.089731271749347e-31,2.0941146926251355e-32,2.601943463990949e-33
10,adam,899,14598.681599999996,17598.681599999996,0.020556815062259554,0.006848121834049162,1.555102915931305e-05,0.0022784851138181765,0.004554085691071672,0.013708693052805898,0.0,7.470171534448564e-29,9.171392033857797e-32,1.6791130873309232e-32
10,adam,924,14598.681599999996,17598.681599999996,0.020893385727686627,0.006770226979186004,1.3054584472206031e-06,0.0022759520896818495,0.0044929694310569335,0.014123158567527959,0.0,5.3412213822276036e-30,6.056227710042597e-32,1.1785300536453662e-32
10,adam,949,14598.681599999996,17598.681599999996,0.01985251873659742,0.00625949410535609,7.242576312424182e-08,0.0023690571565841492,0.0038903645230088167,0.013593024449515585,0.0,4.710437580907468e-31,5.38389487288552e-32,1.0323230952872593e-32
10,adam,974,14598.681599999996,17598.681599999996,0.018808699624790134,0.005715211107939317,6.671778181696074e-08,0.0023993957737362967,0.0033157486164212026,0.013093488334866538,0.0,3.090674904174034e-31,5.026942109923754e-32,9.44266472011139e-33
10,adam,999,14598.681599999996,17598.681599999996,0.017835162856801902,0.005203807503311033,8.199655504408706e-08,0.002407747703914879,0.00279597780284111,0.012631355171271045,0.0,2.044665583133861e-31,4.772691217910499e-32,8.80670620487996e-33
10,adam,1024,14598.681599999996,17598.681599999996,0.017004118448239437,0.00478984357542501,9.878435261718959e-08,0.0024518613750064274,0.0023378834160659658,0.012214274690340603,0.0,2.3449345847692613e-31,4.642963536671443e-32,8.582724136941371e-33
10,adam,1049,14598.681599999996,17598.681599999996,0.016206844739068773,0.004372042424519612,8.208846675899586e-08,0.00242073212710454,0.0019512282089483126,0.01183480213182926,0.0,2.110672892579847e-31,4.497446705263429e-32,8.260174661939249e-33
10,adam,1074,14598.681599999996,17598.681599999996,0.015418091135736377,0.003991974806071332,4.558530868496209e-08,0.0023486434359504694,0.0016432857848121777,0.01142611614674287,0.0,1.2902532754289984e-31,4.345610734102743e-32,7.988020145261917e-33
10,adam,1099,14598.681599999996,17598.681599999996,0.014398108209505881,0.0035918814162047077,2.5571120832291645e-08,0.002199478112116739,0.0013923777329671362,0.010806226610194099,0.0,8.566806887210071e-32,4.143752008706679e-32,7.684704953256958e-33
10,adam,1124,14598.681599999996,17598.681599999996,0.01202228067225352,0.002973876576242749,3.3271064859810043e-08,0.0018438092279357014,0.001130034077242188,0.009048403912527765,0.0,2.22020354423729e-31,3.661713501680746e-32,6.834365250848919e-33
10,adam,1149,14598.681599999996,17598.681599999996,0.005328907994415184,0.0015177834067402847,6.867682106121865e-07,0.0009929598853996992,0.0005241367531299731,0.003811124402627286,0.0,1.5829706848756283e-29,1.893432278654306e-32,2.5572073916743482e-33
10,adam,1174,14598.681599999996,17598.681599999996,0.00481928767495107,0.001154191808254895,5.886235886896729e-07,0.0005752372798349593,0.0005783659048312462,0.003665095680975466,0.0,1.0102114200070518e-29,1.749803321004e-32,2.163319344324255e-33
10,adam,1199,14598.681599999996,17598.681599999996,0.004584720528757876,0.0009781794372896453,2.4890398927213695e-07,0.00040043481437984006,0.000577495718920533,0.0036065409055343173,0.0,4.4146705329426805e-30,1.8229149012434337e-32,1.8932534894535338e-33
10,adam,1224,14598.681599999996,17598.681599999996,0.004390774603094464,0.000846063392029804,1.466860561619917e-07,0.0003509001170379187,0.0004950165889357232,0.003544711024935103,0.0,2.7936899367872076e-30,1.626191316672092e-32,1.8003835405294273e-33
10,adam,1249,14598.681599999996,17598.681599999996,0.004224619233727667,0.0007432062262172091,1.2161856805669315e-07,0.00031039646142462643,0.00043268814622452595,0.0034814128211660684,0.0,2.1461243992507026e-30,1.5909733854158062e-32,1.83285524350335e-33
10,adam,1274,14598.681599999996,17598.681599999996,0.0040761764973296245,0.0006578060304270101,1.0633645271125766e-07,0.0002710610016750636,0.00038663869229923527,0.0034183702803233305,0.0,1.7672014781300134e-30,1.5638900308250314e-32,1.859183046895313e-33
10,adam,1299,14598.681599999996,17598.681599999996,0.003944304967644665,0.0005888570363955174,9.285684377808813e-08,0.00024128431844983316,0.0003474798611019062,0.0033554477444194294,0.0,1.4650612653713558e-30,1.534605328580751e-32,1.906525046207604e-33
10,adam,1324,14598.681599999996,17598.681599999996,0.0038272010886984623,0.0005344462685623149,8.121743674065408e-08,0.0002181995860677758,0.00031616546505779846,0.0032927546330429112,0.0,1.2204653078530489e-30,1.5089775904828341e-32,1.956920599164928e-33
10,adam,1349,14598.681599999996,17598.681599999996,0.0037216726479434832,0.0004915770666456184,7.106264587877724e-08,0.0002009131427356438,0.0002905928612640958,0.0032300953939305983,0.0,1.0229643754833164e-30,1.4872062752768791e-32,2.0053146446746163e-33
10,adam,1374,14598.681599999996,17598.681599999996,0.003624143576689334,0.00045696444007275387,6.226394594305023e-08,0.00018740125130550485,0.00026950092482130595,0.003167178948967135,0.0,8.627647781844657e-31,1.469579271105525e-32,2.042438324310251e-33
10,adam,1399,14598.681599999996,17598.681599999996,0.0035320468740135317,0.00042811525127403453,5.4710297586676946e-08,0.00017637108224744451,0.00025168945872900333,0.003103931434802131,0.0,7.327671236049381e-31,1.4545278837493977e-32,2.0683344764873764e-33
10,lbfgs,1400,14598.681599999996,17598.681599999996,0.003513728882286229,0.0004123326556945715,6.020613121877974e-08,0.0001671149416646895,0.0002451575078986632,0.003101396038642686,0.0,8.039302354065257e-31,1.291823535622117e-32,1.886886899578403e-33
10,lbfgs,1409,14598.681599999996,17598.681599999996,0.0011183903857124337,0.00033434180989302714,1.5676885235490794e-06,0.00013336192334887734,0.0001994121980206007,0.0007840483841853719,0.0,7.126040907073215e-30,1.1829238193411253e-32,3.201022848037561e-33
10,lbfgs,1419,14598.681599999996,17598.681599999996,0.0004631640656251533,0.00024870045140794724,5.179963161503345e-06,0.00017904050847090193,6.447997977554197e-05,0.00021446341559143195,0.0,3.869921510200015e-29,1.1439335031973402e-32,9.776230342582753e-34
10,lbfgs,1429,14598.681599999996,17598.681599999996,8.634803446508964e-05,8.2145303163885e-05,1.0263595076525237e-06,4.348968747749932e-05,3.762925617873314e-05,4.202530026834656e-06,0.0,5.895923767274404e-30,8.195652345112787e-33,1.5614131729476238e-33
10,lbfgs,1439,14598.681599999996,17598.681599999996,4.389167270584472e-05,4.350991713747803e-05,4.3648038583083796e-07,1.578840413565794e-05,2.728503261598925e-05,3.8154938067085486e-07,0.0,6.985721099949887e-30,9.005346722793517e-33,1.5227830262399519e-33
10,lbfgs,1449,14598.681599999996,17598.681599999996,3.1767068930366815e-05,3.0839841271018215e-05,1.3511965802922005e-07,1.3188704704197247e-05,1.7516016908791746e-05,9.270212203070625e-07,0.0,6.155430943059833e-31,8.99765365151351e-33,1.3368033335943252e-33
10,lbfgs,1459,14598.681599999996,17598.681599999996,1.9300642011593646e-05,1.8853545748103315e-05,1.1127068224966367e-06,7.254996546350305e-06,1.0485842379256372e-05,4.468906411226124e-07,0.0,1.3777421485705003e-29,7.94275827781094e-33,1.2666613758604203e-33
10,lbfgs,1469,14598.681599999996,17598.681599999996,1.4221994772871702e-05,1.399176175201772e-05,2.970928530783767e-07,5.9710543083260435e-06,7.723614590613299e-06,2.3002555374860162e-07,0.0,4.11072498132304e-30,8.196644432300953e-33,1.1854920584472898e-33
10,lbfgs,1479,14598.681599999996,17598.681599999996,1.0213185430822498e-05,9.367923049206804e-06,7.851871500909984e-08,3.5368326361542997e-06,5.752571698043404e-06,8.45052386990245e-07,0.0,3.1213547115848695e-31,8.102466103909947e-33,1.1867188337835281e-33
10,lbfgs,1489,14598.681599999996,17598.681599999996,7.207992884717356e-06,7.0395834306562715e-06,4.663636642489868e-08,3.713005405648891e-06,3.2799416585824824e-06,1.681964901584133e-07,0.0,5.296682193565612e-31,8.10692229341779e-33,1.1355340193098908e-33
10,lbfgs,1499,14598.681599999996,17598.681599999996,4.224457500284083e-06,4.079318367935526e-06,3.265621475211037e-08,2.037127997553355e-06,2.0095341556300607e-06,1.4492104055634224e-07,0.0,2.706112828741453e-31,8.2020600635817e-33,1.1498225053979607e-33
10,lbfgs,1509,14598.681599999996,17598.681599999996,2.8174008548624335e-06,2.7365598217351814e-06,5.006036534533771e-08,1.6812296398829301e-06,1.0052698165069133e-06,8.061824889945658e-08,0.0,4.720781769297115e-31,8.273183810851226e-33,1.15912733321308e-33
10,lbfgs,1519,14598.681599999996,17598.681599999996,2.5157928558002248e-06,2.3646083541205326e-06,1.806498566321513e-08,1.5029181152917686e-06,8.436252531655491e-07,1.5096348201491887e-07,0.0,1.1962156520671458e-31,8.282474879765968e-33,1.1548459082114944e-33
10,lbfgs,1529,14598.681599999996,17598.681599999996,1.774415612314582e-06,1.686540563125011e-06,3.0801804384810394e-08,7.727414728358371e-07,8.829972859043635e-07,8.76480748484573e-08,0.0,4.483407989357177e-31,8.407695424131046e-33,1.1730504476615411e-33
10,lbfgs,1539,14598.681599999996,17598.681599999996,1.668828190737163e-06,1.6005934788397017e-06,1.1267732031148494e-08,7.006625559451969e-07,8.886631908633562e-07,6.80053218418783e-08,0.0,5.819168127595855e-32,8.465647138860739e-33,1.1713260653244488e-33
10,lbfgs,1549,14598.681599999996,17598.681599999996,1.0982192506515696e-06,1.0586392479726603e-06,2.2377999748106927e-08,5.355184602334313e-07,5.007427879911222e-07,3.9342346140050724e-08,0.0,3.6145304581451797e-31,8.499756667158727e-33,1.1593442546678291e-33
10,lbfgs,1559,14598.681599999996,17598.681599999996,8.980279615924359e-07,8.83083715163014e-07,2.2240871314463297e-08,5.272981108323179e-07,3.335447330162328e-07,1.4705721108122642e-08,0.0,2.230039571272251e-31,8.471428791330499e-33,1.15294719581195e-33
10,lbfgs,1569,14598.681599999996,17598.681599999996,5.293751840195572e-07,5.126677597265576e-07,6.151365714466333e-08,2.513669924031688e-07,1.9978711017872545e-07,1.646612546886892e-08,0.0,1.1025395734759423e-30,8.54363623972681e-33,1.1591439219254969e-33
10,lbfgs,1579,14598.681599999996,17598.681599999996,4.432578115114155e-07,4.2272060016203393e-07,2.6261838844942382e-08,2.2081984105945416e-07,1.756389202576374e-07,2.0293575389628158e-08,0.0,1.695201263212727e-31,8.54761098127264e-33,1.1552695642079833e-33
10,lbfgs,1589,14598.681599999996,17598.681599999996,4.044225558167282e-07,3.896608889247538e-07,1.8593320295192775e-08,2.0173873783094925e-07,1.693288307986118e-07,1.451241664717844e-08,0.0,1.4938922805644725e-31,8.552308277919014e-33,1.1524503451219602e-33
10,lbfgs,1599,14598.681599999996,17598.681599999996,3.7493335999279413e-07,3.665717151104856e-07,8.985741639927408e-09,1.9203071682191449e-07,1.6555525664864367e-07,8.107705664107294e-09,0.0,4.075352040778874e-32,8.561876162185212e-33,1.1497859115471683e-33
10,lbfgs,1609,14598.681599999996,17598.681599999996,3.535034991133261e-07,3.440018185506318e-07,5.169220929790322e-09,1.8196000130330233e-07,1.5687259631753912e-07,9.248880077402475e-09,0.0,3.622492370858518e-32,8.578228777068014e-33,1.1469159903176483e-33
10,lbfgs,1619,14598.681599999996,17598.681599999996,2.8600838286748e-07,2.8147621074661123e-07,7.487175668584118e-09,1.2632552959916676e-07,1.4766350547886038e-07,4.279699859079681e-09,0.0,1.308550236181428e-31,8.568168369540979e-33,1.1537857387747231e-33
10,lbfgs,1629,14598.681599999996,17598.681599999996,2.801483755308778e-07,2.7756826563212573e-07,8.687508930201868e-09,1.216955038531685e-07,1.471852528487554e-07,2.3266060093858005e-09,0.0,1.399857872966597e-31,8.557604227094194e-33,1.1520074007717483e-33
10,lbfgs,1639,14598.681599999996,17598.681599999996,2.7752587927057483e-07,2.7332036818786796e-07,7.3148950196906996e-09,1.2166888680677168e-07,1.443365863614056e-07,3.9525963702388856e-09,0.0,1.0546181870098327e-31,8.552970015832286e-33,1.1509509585875968e-33
10,lbfgs,1649,14598.681599999996,17598.681599999996,2.2971257137306883e-07,2.2152807539374226e-07,3.4462517784308858e-09,1.0021211752035515e-07,1.1786970609495622e-07,7.931943983584692e-09,0.0,7.52839394180589e-32,8.549110291683895e-33,1.1509017674091875e-33
10,lbfgs,1659,14598.681599999996,17598.681599999996,1.8379510860132752e-07,1.7786867515916549e-07,5.275254712767139e-09,8.47662474881881e-08,8.782717295821025e-08,5.670566665334565e-09,0.0,7.402556950358075e-32,8.546818717639856e-33,1.1482685710057123e-33
10,lbfgs,1669,14598.681599999996,17598.681599999996,1.6437382115415523e-07,1.5712039797310256e-07,5.925034048525119e-09,7.726024747881228e-08,7.393511644576516e-08,6.993706708013739e-09,0.0,8.157861582727654e-32,8.52807312537978e-33,1.1481480974764869e-33
10,lbfgs,1679,14598.681599999996,17598.681599999996,1.4592248125601044e-07,1.4102419414741359e-07,5.453736494339376e-09,7.033474692828364e-08,6.523571072479058e-08,4.634464467021538e-09,0.0,6.414472371098411e-32,8.541387057085019e-33,1.14834146600477e-33
10,lbfgs,1689,14598.681599999996,17598.681599999996,1.4147164064468191e-07,1.3660078652801153e-07,4.9685175397005324e-09,6.85765255312151e-08,6.305574345709589e-08,4.603824618017361e-09,0.0,7.370329108132085e-32,8.55267154287875e-33,1.1473002399972568e-33
10,lbfgs,1699,14598.681599999996,17598.681599999996,1.3019478287939348e-07,1.2167749315220004e-07,6.168677250496109e-09,6.770849105808426e-08,4.780032484361968e-08,8.247974588253009e-09,0.0,7.624378890243219e-32,8.54317202917626e-33,1.1487675444548908e-33
10,lbfgs,1709,14598.681599999996,17598.681599999996,1.0074356025870133e-07,9.366683124378499e-08,1.1991817444322094e-09,5.056674953374995e-08,4.190089996560282e-08,6.800457058952225e-09,0.0,1.7124387024685665e-32,8.568322627615217e-33,1.144354490233549e-33
10,lbfgs,1719,14598.681599999996,17598.681599999996,8.839557635581663e-08,8.68735701101863e-08,1.5085073488599153e-09,5.058526722916854e-08,3.4779795532157835e-08,1.2462356834820164e-09,0.0,2.5376592918789016e-32,8.564050672138565e-33,1.1482791851705723e-33
10,lbfgs,1729,14598.681599999996,17598.681599999996,8.651321670012622e-08,8.496581291107953e-08,1.0216228357468175e-09,5.040754744500862e-08,3.35366426303241e-08,1.2713194130093178e-09,0.0,1.7076094452019654e-32,8.565910410257275e-33,1.1481279740402428e-33
10,lbfgs,1739,14598.681599999996,17598.681599999996,8.526288504518869e-08,8.422649853323482e-08,1.0911497504610484e-09,5.0143336265571897e-08,3.299201251720187e-08,7.608157966069755e-10,0.0,1.7928564383925872e-32,8.56384864049617e-33,1.1486763312943996e-33
10,lbfgs,1749,14598.681599999996,17598.681599999996,8.40638139549088e-08,8.298449149071478e-08,9.387738303136315e-10,5.0009461073572083e-08,3.2036256586829063e-08,8.041143209001043e-10,0.0,1.5564537621245602e-32,8.563843573125742e-33,1.1473839587225574e-33
10,lbfgs,1759,14598.681599999996,17598.681599999996,7.291436133159896e-08,7.112019570314957e-08,1.1370246328559658e-09,3.925977387843128e-08,3.072339719186233e-08,1.5171495847343466e-09,0.0,8.660867294038303e-33,8.569637029596545e-33,1.1477192171246572e-33
10,lbfgs,1769,14598.681599999996,17598.681599999996,7.152957102733461e-08,6.994264230998087e-08,1.3244819673196015e-09,3.778348278203486e-08,3.08346775606264e-08,1.3089213482072546e-09,0.0,1.1583989367952404e-32,8.570699903369418e-33,1.1483736235892458e-33
10,lbfgs,1779,14598.681599999996,17598.681599999996,7.099030006101146e-08,6.935863304963527e-08,1.3615031593401342e-09,3.712942662944353e-08,3.086770326085161e-08,1.3530951094495652e-09,0.0,1.2344631443624983e-32,8.570726208801241e-33,1.1482995953139284e-33
10,lbfgs,1789,14598.681599999996,17598.681599999996,7.071842989577568e-08,6.903360895851857e-08,1.2958717570899153e-09,3.7031704511588136e-08,3.070603268984051e-08,1.4062016448006238e-09,0.0,1.1105249311444618e-32,8.570348230364003e-33,1.1481918795286652e-33
10,lbfgs,1799,14598.681599999996,17598.681599999996,7.048952969886464e-08,6.879530708258029e-08,1.3029261970565944e-09,3.677187388352626e-08,3.0720507001997435e-08,1.4154570421783893e-09,0.0,1.1261780331990028e-32,8.570230919513226e-33,1.1481757950436865e-33
10,lbfgs,1809,14598.681599999996,17598.681599999996,7.021925608462328e-08,6.851321028450064e-08,1.304897871853159e-09,3.649429009187464e-08,3.071402232077284e-08,1.4271463329899744e-09,0.0,1.1370670151193445e-32,8.570009776093208e-33,1.1481973318546022e-33
10,lbfgs,1819,14598.681599999996,17598.681599999996,7.001091104755359e-08,6.829734212250483e-08,1.2681200144452759e-09,3.6400164679732275e-08,3.0629057428327274e-08,1.434660908308342e-09,0.0,1.0726554392733989e-32,8.569959571001244e-33,1.1481174315983227e-33
10,lbfgs,1829,14598.681599999996,17598.681599999996,6.978282499077237e-08,6.807276406276609e-08,1.2440281669385314e-09,3.6256984196219914e-08,3.057175169960765e-08,1.4311175094471544e-09,0.0,1.0357239257942949e-32,8.569975822971049e-33,1.1480348770984178e-33
10,lbfgs,1839,14598.681599999996,17598.681599999996,6.957943161511631e-08,6.786534633621912e-08,1.2573770634578664e-09,3.602512275023396e-08,3.058284652252729e-08,1.4350509295248467e-09,0.0,1.072422979273635e-32,8.569728794129689e-33,1.1481550095198844e-33
10,lbfgs,1849,14598.681599999996,17598.681599999996,6.93898684235358e-08,6.76829069638109e-08,1.2337735445998126e-09,3.5918433682336477e-08,3.053069973687461e-08,1.4279200304862299e-09,0.0,1.0366348326537023e-32,8.569750708318108e-33,1.1481046838699563e-33
10,lbfgs,1859,14598.681599999996,17598.681599999996,6.91789555971749e-08,6.749236642089778e-08,1.206589400733199e-09,3.5798462460419895e-08,3.0487314559744684e-08,1.4075493492260916e-09,0.0,9.998709189672732e-33,8.569784637155513e-33,1.1480715640875883e-33
10,lbfgs,1869,14598.681599999996,17598.681599999996,6.898482946252198e-08,6.727711825186517e-08,1.2205031908278273e-09,3.558410644021242e-08,3.0472508620824924e-08,1.4285832756710261e-09,0.0,1.0303064782295237e-32,8.569588922894683e-33,1.1481329101224618e-33
10,lbfgs,1879,14598.681599999996,17598.681599999996,6.863017918158491e-08,6.691212873776498e-08,1.169752819407891e-09,3.543870004351183e-08,3.030367587484525e-08,1.4388945030180725e-09,0.0,9.39327368768672e-33,8.570295049707863e-33,1.1476397078153873e-33
10,lbfgs,1889,14598.681599999996,17598.681599999996,5.962925461305976e-08,5.77613445317505e-08,6.322835637404736e-10,2.7425618282827607e-08,2.970344268518242e-08,1.586284521656059e-09,0.0,3.509132483072369e-33,8.567627804719784e-33,1.1483664762718462e-33
10,lbfgs,1899,14598.681599999996,17598.681599999996,5.880514106664981e-08,5.6656887748007724e-08,7.162458127726694e-10,2.5830994352928215e-08,3.010964758230684e-08,1.8664760651764985e-09,0.0,5.2655730852884686e-33,8.567349547359338e-33,1.1489068823720061e-33
10,lbfgs,1909,14598.681599999996,17598.681599999996,4.671380000871836e-08,4.558822278323357e-08,9.558232697599381e-10,1.4247734255075152e-08,3.038466525839848e-08,8.438648598714564e-10,0.0,1.378769057894255e-32,8.579607306674465e-33,1.1491349836584712e-33
10,lbfgs,1919,14598.681599999996,17598.681599999996,4.4429614002571914e-08,4.3352783778524206e-08,7.444165447539056e-10,1.2203813930778937e-08,3.040455330299136e-08,7.98104396692137e-10,0.0,1.0938019191117886e-32,8.580944555119985e-33,1.1494394212626464e-33
10,lbfgs,1929,14598.681599999996,17598.681599999996,4.387691558862273e-08,4.294015171277791e-08,6.959895064044908e-10,1.2183007090735762e-08,3.006115511563766e-08,6.587554740152012e-10,0.0,1.0769233456718551e-32,8.581116984562489e-33,1.1494475600589086e-33
10,lbfgs,1939,14598.681599999996,17598.681599999996,4.3782651221081264e-08,4.285510172640853e-08,6.857699963147246e-10,1.2201070856922411e-08,2.9968260873171396e-08,6.496232507255199e-10,0.0,1.0732850318887873e-32,8.581610649147906e-33,1.1494980396668652e-33
10,lbfgs,1949,14598.681599999996,17598.681599999996,4.3740632554616894e-08,4.280824954256719e-08,6.81053470462687e-10,1.2210598731052837e-08,2.9916597341051665e-08,6.544945406359736e-10,0.0,1.0708672697670257e-32,8.581877125786705e-33,1.1494581628119654e-33
10,lbfgs,1959,14598.681599999996,17598.681599999996,4.369254141192076e-08,4.275331857041728e-08,6.772570654619743e-10,1.2216363252494002e-08,2.98596982524613e-08,6.613558902414069e-10,0.0,1.0687397970391485e-32,8.582083639046154e-33,1.1494132534719965e-33
10,lbfgs,1969,14598.681599999996,17598.681599999996,4.3660388802099676e-08,4.2724574097849594e-08,6.771499941005613e-10,1.222244425922432e-08,2.982497984452471e-08,6.579165886850766e-10,0.0,1.0699331511209983e-32,8.582102711864309e-33,1.1494731493036684e-33
10,lbfgs,1979,14598.681599999996,17598.681599999996,4.361784207816165e-08,4.268589037793791e-08,6.772529917620017e-10,1.2225695823397724e-08,2.9782941562778183e-08,6.540106696484302e-10,0.0,1.0715202292321813e-32,8.582109782545941e-33,1.1495475540116767e-33
10,lbfgs,1989,14598.681599999996,17598.681599999996,4.358569601022908e-08,4.2646463917578505e-08,6.737304148192557e-10,1.2213373089206762e-08,2.9759360413552485e-08,6.61332394208069e-10,0.0,1.0672746414063905e-32,8.582192374474279e-33,1.1494432694197912e-33
10,lbfgs,1999,14598.681599999996,17598.681599999996,4.354532681620487e-08,4.259785886464386e-08,6.700679088390329e-10,1.2198451011570105e-08,2.9729339944234723e-08,6.696039129814775e-10,0.0,1.0629794897809674e-32,8.582274374940909e-33,1.149343282042864e-33
10,lbfgs,2009,14598.681599999996,17598.681599999996,4.3512423792132545e-08,4.257585946226872e-08,6.723696850656952e-10,1.2201075043072638e-08,2.9702414734130387e-08,6.586341494865007e-10,0.0,1.0666869635403437e-32,8.582213566937223e-33,1.1494679821576917e-33
10,lbfgs,2019,14598.681599999996,17598.681599999996,4.3471867017302733e-08,4.2541424452193475e-08,6.733956424807703e-10,1.2197215653646614e-08,2.9670813156066093e-08,6.52462909595129e-10,0.0,1.0687702910325716e-32,8.582182843400267e-33,1.1495476721645055e-33
10,lbfgs,2029,14598.681599999996,17598.681599999996,4.343986226914116e-08,4.250285631197438e-08,6.699799176594499e-10,1.2180629725964231e-08,2.9652246668350697e-08,6.590706182226475e-10,0.0,1.0642786993939452e-32,8.582256104322486e-33,1.1494354645370771e-33
10,lbfgs,2039,14598.681599999996,17598.681599999996,4.3405314054851496e-08,4.2468072985596265e-08,6.68843361649535e-10,1.2169842903400814e-08,2.9629386720545912e-08,6.593043920613151e-10,0.0,1.0630646887827816e-32,8.582275741055109e-33,1.1494167960363979e-33
10,lbfgs,2049,14598.681599999996,17598.681599999996,4.336692615607185e-08,4.242178155076211e-08,6.654884549170498e-10,1.2150410498525448e-08,2.960588259731961e-08,6.672449374328858e-10,0.0,1.0587419728630502e-32,8.582348339620556e-33,1.149310133264736e-33
10,lbfgs,2059,14598.681599999996,17598.681599999996,4.333327789506916e-08,4.2401295092324905e-08,6.683657203517501e-10,1.2152219327427558e-08,2.95807100445456e-08,6.540087395600135e-10,0.0,1.0630892669516655e-32,8.582270613118044e-33,1.1494499691864783e-33
10,lbfgs,2069,14598.681599999996,17598.681599999996,4.3291425062084e-08,4.2363112433788855e-08,6.683838445500958e-10,1.2142299186065787e-08,2.9552429403172976e-08,6.503117767322813e-10,0.0,1.0635001203221896e-32,8.582262300969063e-33,1.1494782218212622e-33
10,lbfgs,2079,14598.681599999996,17598.681599999996,4.325502018605621e-08,4.233464001263598e-08,6.701524278432159e-10,1.214040042788728e-08,2.952408715690548e-08,6.423158733319724e-10,0.0,1.0664209537784329e-32,8.582195032644538e-33,1.149587633571769e-33
11,adam,0,17598.681599999996,20000.0,0.10873206132696563,0.08154904592693356,0.0002060488311877166,0.058806986425021815,0.022536010670724027,0.02718301530897785,0.0,1.3873857693589382e-29,1.9600000000077647e-30,2.499999999999994e-31
11,adam,24,17598.681599999996,20000.0,0.027994276908214464,0.013798730573966859,2.3701815555398e-05,0.008588874562305405,0.005186154196106054,0.014195546241784658,0.0,4.248275674105892e-31,2.9438372683499698e-31,5.75847055135918e-32
11,adam,49,17598.681599999996,20000.0,0.020685910811039654,0.0073802105301094215,2.1784214906577018e-05,0.004748296721069732,0.002610129594133112,0.013305700184832105,0.0,6.468800735422183e-31,1.6931835185657827e-31,2.8424875450924943e-32
11,adam,74,17598.681599999996,20000.0,0.01809690611474831,0.005112155386629466,1.4466586985391582e-06,0.0033568958551675114,0.0017538128727634151,0.012984750627974077,0.0,5.899863315879523e-33,1.2332926077576967e-31,1.8633814803336492e-32
11,adam,99,17598.681599999996,20000.0,0.016840689599844097,0.004157710534940795,2.4656949666822483e-06,0.002720288854651478,0.0014349559853226344,0.012682978961043785,0.0,1.6389921448075173e-32,9.818712498009688e-32,1.5644386986319676e-32
11,adam,124,17598.681599999996,20000.0,0.01606799523909705,0.003645330282875653,1.634838815040872e-06,0.002441400286485997,0.0012022951575746154,0.012422664849523953,0.0,1.3466897296422532e-32,8.433406526689767e-32,1.384750491744661e-32
11,adam,149,17598.681599999996,20000.0,0.015595075704789697,0.003389245145958293,1.0842492181449898e-06,0.0023056191863978616,0.0010825417103422867,0.012205830450111378,0.0,1.0356648783368869e-32,7.491658344986532e-32,1.267233207752103e-32
11,adam,174,17598.681599999996,20000.0,0.015266617494444336,0.003241879756578999,1.0182873693055698e-06,0.002217599155916536,0.0010232623132931575,0.012024737627763881,0.0,1.0223400310448958e-32,6.87196534210728e-32,1.2092258140676994e-32
11,adam,199,17598.681599999996,20000.0,0.015003024385197546,0.003136791772780852,6.818292125096021e-07,0.002158383273984948,0.0009777266695833945,0.011866232501212432,0.0,8.006286234594487e-33,6.403051172950437e-32,1.1629354622645543e-32
11,adam,224,17598.681599999996,20000.0,0.014832420536648705,0.0031215496355957786,3.3835225598397005e-07,0.0021364112385991174,0.0009848000447406776,0.01171087078889197,0.0,4.813385232293305e-33,6.304954335685895e-32,1.1733805809091574e-32
11,adam,249,17598.681599999996,20000.0,0.01451994026362822,0.0029502019007940704,3.119044772571147e-07,0.0019860509736971204,0.0009638390226196927,0.011569738249530524,0.0,4.355148267862484e-33,6.017244684839121e-32,1.1640476115784727e-32
11,adam,274,17598.681599999996,20000.0,0.01409518531793667,0.002677241795887564,3.822303933172762e-07,0.0017217310637753717,0.0009551285017188753,0.011417943407014824,0.0,4.626927676756884e-33,5.761775651282251e-32,1.1645626146980142e-32
11,adam,299,17598.681599999996,20000.0,0.013198184939538397,0.0020413961642892194,8.895010830911847e-07,0.0011659099169339213,0.0008745967462722071,0.011156788657395987,0.0,1.2430318695631085e-32,5.157341072780882e-32,9.361764986560434e-33
11,adam,324,17598.681599999996,20000.0,0.012108012428655179,0.0016479959381442983,5.252597911888353e-07,0.0009416277004630176,0.000705842977890092,0.010460016369314111,0.0,1.3208648529200934e-32,4.580612314456668e-32,8.01052133780154e-33
11,adam,349,17598.681599999996,20000.0,0.011100259762361618,0.0013812811260169103,2.481096229621436e-07,0.0008174111529222582,0.0005636218634716899,0.009718978511653464,0.0,6.736532599650253e-33,4.220211871230313e-32,6.992720687227723e-33
11,adam,374,17598.681599999996,20000.0,0.010215178404286318,0.0012084725020450817,1.1799225801572882e-07,0.000737947902233879,0.00047040660755318694,0.00900670577425156,0.0,2.008226248346941e-33,3.952676389483167e-32,6.360883150575805e-33
11,adam,399,17598.681599999996,20000.0,0.009416428286124105,0.0010736927407669562,8.646414998487231e-08,0.0006670961533003487,0.0004065101233166226,0.008342735414246813,0.0,1.3151421111593612e-33,3.714120535650266e-32,5.882316952496824e-33
11,adam,424,17598.681599999996,20000.0,0.008683340548664016,0.0009684819154436954,8.716025024082742e-08,0.0006181540778336418,0.00035024067735981275,0.007714858498946525,0.0,1.3392936765316212e-33,3.612242249406168e-32,5.4054834742600885e-33
11,adam,449,17598.681599999996,20000.0,0.008002259829480409,0.0008711203675400997,8.991415792638173e-08,0.0005621443769305714,0.0003088860764516018,0.007131139324655099,0.0,1.1601496102452967e-33,3.4085574079730425e-32,4.991983425538213e-33
11,adam,474,17598.681599999996,20000.0,0.007387517671349802,0.0007932222773094111,9.653276517916918e-08,0.0005159126377573403,0.0002772131067868916,0.0065942952539196345,0.0,1.2402422608902813e-33,3.2374846499911765e-32,4.642532876036513e-33
11,adam,499,17598.681599999996,20000.0,0.006829855007052933,0.0007281136633098893,1.0005023471457829e-07,0.000476773267009326,0.00025124034606584873,0.006101741200941133,0.0,1.3856659790522132e-33,3.0966212624310495e-32,4.349110131880429e-33
11,adam,524,17598.681599999996,20000.0,0.006318485091118078,0.0006705158245418354,1.0109191263953129e-07,0.0004426041090930956,0.00022781062353610033,0.005647969121131531,0.0,1.561391681444483e-33,2.9787086626375405e-32,4.093473206932874e-33
11,adam,549,17598.681599999996,20000.0,0.00592729042212039,0.0006528804227704289,1.3050783451910523e-07,0.00042746537608801184,0.00022528453884789796,0.005274409851207145,0.0,2.205598060595315e-33,2.968441210744341e-32,3.5276412819947845e-33
11,adam,574,17598.681599999996,20000.0,0.005431146446172621,0.0005860201317474405,1.3838786894240675e-07,0.000394193847576167,0.00019168789630233098,0.004845126163863164,0.0,2.2499695093382184e-33,2.708797407754159e-32,3.8891617989040084e-33
11,adam,599,17598.681599999996,20000.0,0.005017124322915128,0.0005362950802892709,8.760356896019126e-08,0.0003564331547959603,0.00017977432192435038,0.004480829089683953,0.0,2.059433299594168e-33,2.6885978759129307e-32,3.399567295226431e-33
11,adam,624,17598.681599999996,20000.0,0.004615251872820446,0.0004699557919339856,8.05715156838722e-08,0.000311023765034178,0.00015885145538412372,0.004145295925591732,0.0,1.9114662883939864e-33,2.3097139464875463e-32,3.24108113846155e-33
11,adam,649,17598.681599999996,20000.0,0.004280793852506889,0.0004414595688235917,7.771585085988838e-08,0.000289829326413324,0.00015155252655940779,0.0038393341262342867,0.0,1.8921322911531935e-33,2.2308954948801712e-32,3.211959486721209e-33
11,adam,674,17598.681599999996,20000.0,0.00400381608294962,0.0004350903218065721,1.303091509942074e-07,0.00031124703116056253,0.00012371298149501539,0.0035687256016545994,0.0,2.2024293805778787e-33,2.1764495007995107e-32,2.9647417429548283e-33
11,adam,699,17598.681599999996,20000.0,0.0036997468798411343,0.00039690066304941317,8.196271019633292e-08,0.00025699182925561993,0.00013982687108359692,0.003302846055616827,0.0,1.838172178010071e-33,2.0498517557019156e-32,3.0729923457581734e-33
11,adam,724,17598.681599999996,20000.0,0.0034225441568365047,0.00036152673804035077,6.906075497156423e-08,0.00023207033800930034,0.00012938733927607884,0.003061017255722236,0.0,1.739167455878669e-33,2.0722485977595087e-32,2.771441802192245e-33
11,adam,749,17598.681599999996,20000.0,0.003168128387495442,0.0003313652443288949,6.756237213625816e-08,0.0002142476235483858,0.00011705005840837284,0.0028367629781778712,0.0,1.7317970701404895e-33,2.023314214669411e-32,2.7134789367480526e-33
11,adam,774,17598.681599999996,20000.0,0.004528439110502107,0.0016627970508468423,4.360320769004939e-06,0.0010715075984468175,0.0005869291316310198,0.0028656418917674363,0.0,1.1951584161072812e-31,2.2221727773197017e-32,2.3499103550647996e-33
11,adam,799,17598.681599999996,20000.0,0.0037081796661370984,0.0010059752826407033,3.799316847727379e-07,0.0006230905566192594,0.0003825047943366711,0.00270220421652948,0.0,9.775323548591832e-33,1.770134229575688e-32,1.671023123843953e-33
11,adam,824,17598.681599999996,20000.0,0.00307878835630216,0.0006038437757906617,4.0370942763980024e-07,0.0003200542311469486,0.00028338583521607326,0.002474944412605815,0.0,8.822642001409649e-33,1.7330236482588782e-32,2.1409924063107145e-33
11,adam,849,17598.681599999996,20000.0,0.0027186161992089355,0.0004372977066250727,2.3558473224331443e-07,0.00023694248219089886,0.00020011963970193052,0.002281318323269392,0.0,7.121809243448161e-33,1.8145191643638724e-32,2.278999989938275e-33
11,adam,874,17598.681599999996,20000.0,0.002483782918629327,0.00037195778301442025,1.7743298534772857e-07,0.0002048220847289333,0.00016695826530013923,0.002111824964983421,0.0,5.7398996661777865e-33,1.856925072226245e-32,2.4878677701193083e-33
11,adam,899,17598.681599999996,20000.0,0.0023038260564363063,0.00034666281760683084,1.3904782218982319e-07,0.00018896870165590368,0.00015755506812873736,0.0019571630668327547,0.0,4.5724281632196634e-33,1.8702056455437015e-32,2.6313351130867026e-33
11,adam,924,17598.681599999996,20000.0,0.0021465340098630638,0.0003328780986367153,1.1517660704886852e-07,0.00018023908757619934,0.0001525238344534671,0.001813655737822482,0.0,3.851245791611152e-33,1.8612197860806497e-32,2.6756615247058213e-33
11,adam,949,17598.681599999996,20000.0,0.0020005292907821514,0.0003210125069075242,1.0023954421375484e-07,0.00017172578653089474,0.00014918648083241573,0.0016795166090646178,0.0,3.414766362860747e-33,1.8344249915583167e-32,2.6647082117953192e-33
11,adam,974,17598.681599999996,20000.0,0.0018633824365261557,0.0003094839026307117,9.16382447609189e-08,0.00016340290357561322,0.00014598936081033757,0.0015538983576984168,0.0,3.126244061132008e-33,1.8010118638647458e-32,2.6259546940557258e-33
11,adam,999,17598.681599999996,20000.0,0.00173511721693715,0.0002983919944939303,8.79417845733427e-08,0.0001554092346949835,0.00014289481801437346,0.001436725044882351,0.0,2.9250079151278072e-33,1.7665897324952346e-32,2.5771607774276554e-33
11,adam,1024,17598.681599999996,20000.0,0.0015987981469493763,0.0002711960009209503,7.818659541001974e-08,0.00014131869086863458,0.0001297991234569057,0.00132760196714246,0.0,2.52280788455999e-33,1.6946813734893957e-32,2.4219141707952247e-33
11,adam,1049,17598.681599999996,20000.0,0.0014897671694217678,0.00026272242054866063,7.193061599309362e-08,0.00013470966795438186,0.00012794082197828565,0.0012270445687079163,0.0,2.3339066657119977e-33,1.6695121750539595e-32,2.4029430805509714e-33
11,adam,1074,17598.681599999996,20000.0,0.0013885985639654984,0.00025493436732339285,6.562910840987362e-08,0.0001286912057677927,0.00012617753244719028,0.0011336640152399457,0.0,2.2004128050546193e-33,1.643053162391359e-32,2.3741824399783304e-33
11,adam,1099,17598.681599999996,20000.0,0.001294184003115567,0.0002475491764653802,6.022348285784818e-08,0.00012312058544250348,0.0001243683675400189,0.0010466346440498187,0.0,2.1154435032060704e-33,1.617472823489454e-32,2.34470753838642e-33
11,adam,1124,17598.681599999996,20000.0,0.0012058058682676376,0.0002403542642175428,5.633633481596845e-08,0.00011784940920487672,0.00012244851867785012,0.0009654514202807638,0.0,2.0542371067133597e-33,1.5934824243500033e-32,2.3189508890967218e-33
11,adam,1149,17598.681599999996,20000.0,0.0011229515343871357,0.00023320770301849962,5.447512389407404e-08,0.00011282195621681775,0.00012033127167778781,0.0008897436464497304,0.0,2.0166538341053893e-33,1.5710608857231602e-32,2.296166144372864e-33
11,adam,1174,17598.681599999996,20000.0,0.0010451887222327307,0.00022600472857513477,5.501972165531239e-08,0.00010798121292060028,0.00011796849593287919,0.0008191838076005266,0.0,2.0061830676958552e-33,1.5498974074422533e-32,2.2749621063416112e-33
11,adam,1199,17598.681599999996,20000.0,0.0009721118582623384,0.0002186534657589817,5.8183154565170156e-08,0.00010326603682867302,0.00011532924577574351,0.0007534582053133927,0.0,2.0262374183396e-33,1.5296647057293087e-32,2.2543709811300157e-33
11,adam,1224,17598.681599999996,20000.0,0.0009028817452711039,0.00021202675058028806,6.218412062842065e-08,0.00010000894893441332,0.00011195561752524633,0.0006908548063623152,0.0,1.993143393322177e-33,1.5514766359346151e-32,2.2715293258402658e-33
11,adam,1249,17598.681599999996,20000.0,0.0008381939901380058,0.00020460026663213546,6.845040317036364e-08,9.471610692561416e-05,0.00010981570930335092,0.0006335935340715781,0.0,2.0418811713051732e-33,1.5253250443131062e-32,2.2441258177912484e-33
11,adam,1274,17598.681599999996,20000.0,0.0007772160405338909,0.00019649394558691438,7.510420673638608e-08,8.97515083333581e-05,0.0001066673330468199,0.0005807219044211553,0.0,2.0886732014049293e-33,1.5041156042735622e-32,2.221252835088621e-33
11,adam,1299,17598.681599999996,20000.0,0.000719527612611795,0.0001878254752572021,8.044031572534554e-08,8.495395534964107e-05,0.0001027910795918357,0.0005317019457386507,0.0,2.126261237169218e-33,1.484367248541262e-32,2.1968869384646164e-33
11,adam,1324,17598.681599999996,20000.0,0.0006647438952622156,0.00017845758392866728,8.298233205837537e-08,8.006445121104375e-05,9.831015038556515e-05,0.0004862861186262746,0.0,2.1641311527213457e-33,1.4648256884508218e-32,2.1698702126292203e-33
11,adam,1349,17598.681599999996,20000.0,0.0006125426289158092,0.00016828890447155107,8.250997647396836e-08,7.499969941658275e-05,9.320669507849436e-05,0.000444253530640628,0.0,2.2444735725708425e-33,1.4451114174948447e-32,2.139527334424096e-33
11,adam,1374,17598.681599999996,20000.0,0.0005627589650509524,0.00015736086048785555,8.131285129751931e-08,6.976540112654731e-05,8.751414651001071e-05,0.00040539790965467883,0.0,2.4280589952883773e-33,1.4251044184360335e-32,2.1047507423769238e-33
11,adam,1399,17598.681599999996,20000.0,0.0005155135935266558,0.0001459887163324989,8.183856350055945e-08,6.446220388091379e-05,8.144467388808455e-05,0.0003695246811717163,0.0,2.7155831687252384e-33,1.4047526134810768e-32,2.064590041576669e-33
11,lbfgs,1400,17598.681599999996,20000.0,0.0005208943227845927,0.00015274502648089615,9.000924029431496e-08,6.645111478657908e-05,8.620390245402275e-05,0.000368149100236539,0.0,3.232807846958151e-33,1.544143479725407e-32,2.2078398761313052e-33
11,lbfgs,1409,17598.681599999996,20000.0,0.00011914568737616143,0.0001101840101517564,1.3019424185883832e-07,2.5952285708229663e-05,8.41015302016679e-05,8.96147868283761e-06,0.0,3.606228671594566e-33,1.096557047193072e-32,2.028434682545122e-33
11,lbfgs,1419,17598.681599999996,20000.0,8.05455858800588e-05,7.886047891008151e-05,9.598959643544952e-08,4.088834999473564e-05,3.787613931891043e-05,1.6849079068920867e-06,0.0,4.131367590587661e-33,1.2973007479513942e-32,1.84953887623359e-33
11,lbfgs,1429,17598.681599999996,20000.0,7.174095650813618e-05,7.078500224038444e-05,1.7195575656298227e-07,2.23904946070261e-05,4.822255187679536e-05,9.557546709645854e-07,0.0,3.734414497388233e-33,1.2636544629191302e-32,1.9945818043025032e-33
11,lbfgs,1439,17598.681599999996,20000.0,4.8671099971242515e-05,4.613559469519194e-05,8.505799012725868e-07,2.2681162814639004e-05,2.260385197928035e-05,2.5353038253907146e-06,0.0,1.604837159788262e-32,1.2601741621529774e-32,1.6099454970256183e-33
11,lbfgs,1449,17598.681599999996,20000.0,3.180374765189799e-05,3.172280108892533e-05,1.2190107773383413e-07,9.784267517007722e-06,2.1816632494183776e-05,8.074472576672612e-08,0.0,4.859025721437108e-33,1.1601611063263001e-32,1.7955247799987655e-33
11,lbfgs,1459,17598.681599999996,20000.0,2.6156779309229255e-05,2.5435289003881075e-05,3.4403056321914735e-07,1.0197870415160645e-05,1.4893388025501281e-05,7.212877346853704e-07,0.0,1.134780073495368e-32,1.1494395241274204e-32,1.6264219782732647e-33
11,lbfgs,1469,17598.681599999996,20000.0,1.8524436005908692e-05,1.7760851311652323e-05,1.7862937934874435e-07,8.191896469233985e-06,9.390325463069594e-06,7.633825750158194e-07,0.0,6.814337003811219e-33,1.1518869946150724e-32,1.5768209881574928e-33
11,lbfgs,1479,17598.681599999996,20000.0,9.330503007182375e-06,9.156250254269227e-06,1.7493327661991635e-07,4.227768891827563e-06,4.7535480858217475e-06,1.7405045592002475e-07,0.0,1.601987332876025e-33,1.1645744524806437e-32,1.5268707352619243e-33
11,lbfgs,1489,17598.681599999996,20000.0,5.6257794624480625e-06,5.2849579844129805e-06,1.6364653359011865e-07,2.1518980983251596e-06,2.969413352497702e-06,3.4061954956920513e-07,0.0,4.9204830404977424e-33,1.1757039562620209e-32,1.5127033833286528e-33
11,lbfgs,1499,17598.681599999996,20000.0,3.1343251378497827e-06,3.0425934369213218e-06,7.837254041741622e-08,1.0989141282940735e-06,1.865306768209832e-06,9.152991022776078e-08,0.0,1.5204291307082354e-33,1.1846045172647944e-32,1.5302868922753219e-33
11,lbfgs,1509,17598.681599999996,20000.0,1.7637610555689214e-06,1.7295588845048001e-06,2.2207483199944165e-08,5.465278656506829e-07,1.1608235356541732e-06,3.400035224942399e-08,0.0,6.52823895894026e-34,1.203845394495013e-32,1.5382639193994486e-33
11,lbfgs,1519,17598.681599999996,20000.0,6.926682810538142e-07,6.490876563191918e-07,4.48460443836082e-08,2.755554501031614e-07,3.286861618324222e-07,4.3378939596881835e-08,0.0,1.356672613110732e-33,1.1887431314031635e-32,1.5069158673987945e-33
11,lbfgs,1529,17598.681599999996,20000.0,4.1124118156124696e-07,3.980081289322811e-07,2.6083166663658132e-08,1.7364175576220837e-07,1.9828320650641462e-07,1.303140724514919e-08,0.0,8.27559269435949e-34,1.1921889400753529e-32,1.5079266273757348e-33
11,lbfgs,1539,17598.681599999996,20000.0,3.4364600662809785e-07,3.399045322544055e-07,1.9427369337782122e-08,1.28164198878438e-07,1.9231296403818537e-07,3.5398369537822146e-09,0.0,8.739126199896109e-34,1.1934468089102808e-32,1.5035774223622983e-33
11,lbfgs,1549,17598.681599999996,20000.0,2.955142059990078e-07,2.8720962781252955e-07,8.928126223789833e-09,9.882696829547067e-08,1.7945453329326908e-07,8.102932426450258e-09,0.0,1.7848985994853244e-34,1.1913011260740047e-32,1.503645695042916e-33
11,lbfgs,1559,17598.681599999996,20000.0,2.551077780538195e-07,2.50820969378824e-07,1.6705713468001356e-08,9.041947911177518e-08,1.4369577679904745e-07,4.085132757473537e-09,0.0,7.750288058841707e-34,1.1905271498980439e-32,1.4975343216690846e-33
11,lbfgs,1569,17598.681599999996,20000.0,2.0563146885978945e-07,1.9975423519643193e-07,1.2607238744357031e-08,7.820541536227851e-08,1.0894158108979638e-07,5.67552172887872e-09,0.0,4.8988323454399505e-34,1.1873457867126566e-32,1.4971435142365481e-33
11,lbfgs,1579,17598.681599999996,20000.0,1.988455305451258e-07,1.9274536016207624e-07,9.793096702650316e-09,7.526506011887002e-08,1.0768720334055588e-07,5.898464768491116e-09,0.0,3.402201510455101e-34,1.1866947437763968e-32,1.498037248368525e-33
11,lbfgs,1589,17598.681599999996,20000.0,1.8425722905332712e-07,1.8038530476921397e-07,8.15926369673289e-09,6.361588930952581e-08,1.0861015176295526e-07,3.670188527304566e-09,0.0,2.3528498221281154e-34,1.1874869007745034e-32,1.4989503329278768e-33
11,lbfgs,1599,17598.681599999996,20000.0,1.6740534317639163e-07,1.6538038490211617e-07,8.477139515781862e-09,6.089313934104004e-08,9.601010604529428e-08,1.8231652879437207e-09,0.0,1.4639047795640753e-34,1.1847717776967572e-32,1.4995873600935155e-33
11,lbfgs,1609,17598.681599999996,20000.0,1.5412547262750522e-07,1.5221532522945284e-07,9.70758498292084e-09,6.265196731777355e-08,7.985577292875845e-08,1.7083409825500373e-09,0.0,2.312611155378727e-34,1.1861900309036719e-32,1.4974512126156835e-33
11,lbfgs,1619,17598.681599999996,20000.0,1.4474564667966152e-07,1.427439134254583e-07,8.182760044786315e-09,5.8614906385105993e-08,7.594624699556599e-08,1.7998953837179215e-09,0.0,3.0272313324477286e-34,1.1850246538088898e-32,1.4996455923530255e-33
11,lbfgs,1629,17598.681599999996,20000.0,1.2925194564781375e-07,1.2796683502279112e-07,7.456043121330973e-09,5.0095967693438895e-08,7.041482420802127e-08,1.083216687201441e-09,0.0,1.6156791566313628e-34,1.1853209192192666e-32,1.5014764318776225e-33
11,lbfgs,1639,17598.681599999996,20000.0,1.2503703343159126e-07,1.2400362778323998e-07,7.524077010287144e-09,4.788295125456291e-08,6.859659951838992e-08,8.314988002566109e-10,0.0,1.2368235961697728e-34,1.1851204888118783e-32,1.5016799066666772e-33
11,lbfgs,1649,17598.681599999996,20000.0,1.145691005197773e-07,1.1208144023868056e-07,6.602969651077809e-09,3.932011959454166e-08,6.61583509930611e-08,2.2857269072528445e-09,0.0,2.1045291544093077e-34,1.1857653416618733e-32,1.503040852917029e-33
11,lbfgs,1659,17598.681599999996,20000.0,1.0230398232244985e-07,1.010499593612197e-07,3.726644172319458e-09,3.297129876307808e-08,6.435201642582215e-08,1.0520210008419826e-09,0.0,7.688493426570766e-35,1.1868055631940345e-32,1.5071396767251964e-33
11,lbfgs,1669,17598.681599999996,20000.0,9.792586726339656e-08,9.622563039136989e-08,3.4462255882281584e-09,3.12502003634583e-08,6.152920443968344e-08,1.4982329929612317e-09,0.0,7.079163520376274e-35,1.186961235828848e-32,1.506955736286806e-33
11,lbfgs,1679,17598.681599999996,20000.0,9.671861459723892e-08,9.536233907969851e-08,3.293568537882818e-09,3.068573002664026e-08,6.138304051517543e-08,1.1542499607207746e-09,0.0,5.628939383988156e-35,1.1866491098183424e-32,1.5066966140160293e-33
11,lbfgs,1689,17598.681599999996,20000.0,9.151533998273894e-08,9.017686554529113e-08,2.8893379752012614e-09,3.117570822389529e-08,5.611181934619458e-08,1.1364338764752685e-09,0.0,5.266592598609433e-35,1.1865685458705619e-32,1.5052922732685616e-33
11,lbfgs,1699,17598.681599999996,20000.0,8.746218623031132e-08,8.626853557484714e-08,2.2069947239632026e-09,2.9533237795124826e-08,5.452830305575912e-08,9.915844736687425e-10,0.0,5.580814458489526e-35,1.1868834671872178e-32,1.5047112498113192e-33
11,lbfgs,1709,17598.681599999996,20000.0,8.667380010696724e-08,8.567609895390923e-08,2.0299741987373405e-09,3.001306746958095e-08,5.363305728559093e-08,7.956380538487008e-10,0.0,4.847450322513225e-35,1.1867829040896841e-32,1.504859531382761e-33
11,lbfgs,1719,17598.681599999996,20000.0,8.64055964819954e-08,8.537078126208989e-08,2.0061592818687653e-09,2.9701331735587746e-08,5.366329024463339e-08,8.327505532291257e-10,0.0,4.668049886366067e-35,1.1867973843037223e-32,1.504848993098054e-33
11,lbfgs,1729,17598.681599999996,20000.0,8.476848932603182e-08,8.353768148447952e-08,2.031369770328547e-09,2.790588228165156e-08,5.3600429432499415e-08,1.0287382944706644e-09,0.0,4.3050997588164716e-35,1.1872369536208553e-32,1.5052694804334596e-33
11,lbfgs,1739,17598.681599999996,20000.0,8.02518673294242e-08,7.8843749612004e-08,2.9769968472569853e-09,2.611075605725442e-08,4.97559967074926e-08,1.2060433456549236e-09,0.0,1.0391119864443775e-34,1.1885226353703416e-32,1.5071180429171837e-33
11,lbfgs,1749,17598.681599999996,20000.0,7.258742228417623e-08,7.183075983443709e-08,1.4924966004177116e-09,2.4615982339049955e-08,4.5722280894969434e-08,5.545503964235479e-10,0.0,5.031244772177454e-35,1.18753021284522e-32,1.5045228616709546e-33
11,lbfgs,1759,17598.681599999996,20000.0,6.057750483899028e-08,6.007284867290627e-08,1.0522511533105033e-09,2.0772481635020816e-08,3.824811588457495e-08,3.0249089373843377e-10,0.0,3.1110354315601395e-35,1.1881465464636244e-32,1.5025151036241803e-33
11,lbfgs,1769,17598.681599999996,20000.0,5.564049410583389e-08,5.4394171960316525e-08,9.076782509819294e-10,1.95285280161454e-08,3.3957965693189196e-08,1.0441473491807503e-09,0.0,2.342983482034483e-35,1.1872609966972668e-32,1.5019649152624885e-33
11,lbfgs,1779,17598.681599999996,20000.0,4.939013516893398e-08,4.861971082319346e-08,8.070667176405074e-10,1.8999756544436783e-08,2.881288756111617e-08,5.682090952557504e-10,0.0,2.297947388080526e-35,1.1886743965693304e-32,1.5014884954435565e-33
11,lbfgs,1789,17598.681599999996,20000.0,4.8992923009308825e-08,4.838942677302438e-08,7.123038213539811e-10,1.9070253143883398e-08,2.8606869807787e-08,4.012784983492169e-10,0.0,1.8112575912430586e-35,1.1887616182535754e-32,1.5016349623758407e-33
11,lbfgs,1799,17598.681599999996,20000.0,4.855106327808598e-08,4.8026545560086614e-08,7.116100518917547e-10,1.89828385540839e-08,2.8332096954110964e-08,3.2230049979742406e-10,0.0,1.7780556203723222e-35,1.1889562490463308e-32,1.5023653895992317e-33
11,lbfgs,1809,17598.681599999996,20000.0,4.811723899380543e-08,4.763938704198517e-08,7.31293884989878e-10,1.9091200947659743e-08,2.781689220933555e-08,2.756311937839371e-10,0.0,1.8139367338739103e-35,1.1892357224175464e-32,1.5024502231156515e-33
11,lbfgs,1819,17598.681599999996,20000.0,4.785714479053278e-08,4.737453411771474e-08,7.260078956822808e-10,1.9017252677953318e-08,2.7631273544079145e-08,2.8038838231727516e-10,0.0,1.799987050214616e-35,1.1892272663118609e-32,1.5024148629432811e-33
11,lbfgs,1829,17598.681599999996,20000.0,4.7602469590312076e-08,4.710749117347807e-08,7.303475378802877e-10,1.8932850334582603e-08,2.744429330101518e-08,2.9275406013471876e-10,0.0,1.7937412103100997e-35,1.1892454420602457e-32,1.5023588913182817e-33
11,lbfgs,1839,17598.681599999996,20000.0,4.737376724051625e-08,4.68944359536313e-08,7.20335588735321e-10,1.890496224208313e-08,2.7269138122812847e-08,2.771064906297694e-10,0.0,1.8003387388988848e-35,1.1891958240109984e-32,1.5023675136531631e-33
11,lbfgs,1849,17598.681599999996,20000.0,4.716625243234095e-08,4.668160927742551e-08,7.222827927262685e-10,1.8839870215241425e-08,2.7119456269457816e-08,2.8241687251111055e-10,0.0,1.7962722097153298e-35,1.1892069587926896e-32,1.5023430907513474e-33
11,lbfgs,1859,17598.681599999996,20000.0,4.687391163940153e-08,4.639338375490703e-08,7.184281955213034e-10,1.8776319286645337e-08,2.6898636272740385e-08,2.78300049063784e-10,0.0,1.78985211233839e-35,1.189194463224682e-32,1.5023163541074476e-33
11,lbfgs,1869,17598.681599999996,20000.0,4.669057755671352e-08,4.620609303006642e-08,7.173059895449212e-10,1.871937741889559e-08,2.676940962162591e-08,2.8225541405141705e-10,0.0,1.7831833047601675e-35,1.1892029715821754e-32,1.5022981303330762e-33
11,lbfgs,1879,17598.681599999996,20000.0,4.158511095929749e-08,4.0974840830835914e-08,7.245136648317442e-10,1.8206086667515926e-08,2.204424049848824e-08,4.0798184477616365e-10,0.0,1.5109249559069502e-35,1.1890346215143094e-32,1.501310599493255e-33
11,lbfgs,1889,17598.681599999996,20000.0,4.127304683777208e-08,4.069497982684038e-08,7.471512209267515e-10,1.8032771840400305e-08,2.191505676551332e-08,3.757755666561313e-10,0.0,1.4899214957965865e-35,1.1891003330161157e-32,1.5012624835821687e-33
11,lbfgs,1899,17598.681599999996,20000.0,4.113054961312856e-08,4.057447409331576e-08,7.399102583565746e-10,1.7975590598854428e-08,2.185897323610476e-08,3.5378285718519755e-10,0.0,1.471238767985089e-35,1.1891401582968209e-32,1.5011844113939506e-33
11,lbfgs,1909,17598.681599999996,20000.0,4.103064751056072e-08,4.0487432719266156e-08,7.277461695281432e-10,1.7954152654245706e-08,2.1805533895492308e-08,3.409203909514153e-10,0.0,1.4288208923756116e-35,1.1891574577477113e-32,1.5011756380323097e-33
11,lbfgs,1919,17598.681599999996,20000.0,4.0958941939092036e-08,4.0425890689265694e-08,7.159014359090123e-10,1.793468275953541e-08,2.177530649382127e-08,3.3075608142788115e-10,0.0,1.4001811039747377e-35,1.1891646255621048e-32,1.5011463998928013e-33
11,lbfgs,1929,17598.681599999996,20000.0,4.0876468921833664e-08,4.035938825242092e-08,7.020455619360039e-10,1.7898058434389645e-08,2.1759284256095274e-08,3.1478550158746684e-10,0.0,1.3760383617285617e-35,1.1891726807563401e-32,1.501075835485281e-33
11,lbfgs,1939,17598.681599999996,20000.0,4.0824730194074555e-08,4.031300485035766e-08,6.970595084431509e-10,1.791616044297634e-08,2.1699784898938166e-08,3.094278625474102e-10,0.0,1.343820036165539e-35,1.1891711947652736e-32,1.501116855063696e-33
11,lbfgs,1949,17598.681599999996,20000.0,4.078281952910791e-08,4.027875509748013e-08,6.913195481916119e-10,1.7902938171709336e-08,2.168449737757918e-08,3.017667171894693e-10,0.0,1.3324156490930822e-35,1.1891729663750358e-32,1.50108452902798e-33
11,lbfgs,1959,17598.681599999996,20000.0,4.0737412689662857e-08,4.0240949129190514e-08,6.874235470016811e-10,1.7904768858489898e-08,2.1648756723698934e-08,2.941646993512667e-10,0.0,1.318988080612538e-35,1.1891723879388036e-32,1.5010746535018854e-33
11,lbfgs,1969,17598.681599999996,20000.0,4.070881386244105e-08,4.0218273165449074e-08,6.839602487771416e-10,1.7891943644575877e-08,2.1642369272096054e-08,2.882419507206095e-10,0.0,1.3135088014183596e-35,1.1891736023254154e-32,1.501038183935199e-33
11,lbfgs,1979,17598.681599999996,20000.0,4.068055266749017e-08,4.0196055735595174e-08,6.812558997570047e-10,1.7884192783997812e-08,2.1630607051840353e-08,2.821980548643187e-10,0.0,1.3083159498927346e-35,1.1891736502498304e-32,1.50100920316799e-33
11,lbfgs,1989,17598.681599999996,20000.0,4.064169585057337e-08,4.016365552252346e-08,6.802410908953935e-10,1.7888603986105475e-08,2.159481044552259e-08,2.757403753719968e-10,0.0,1.3032664205447312e-35,1.1891726164390718e-32,1.500988486798019e-33
11,lbfgs,1999,17598.681599999996,20000.0,4.061779695141491e-08,4.0146049626286076e-08,6.777736848791717e-10,1.7878884436377925e-08,2.1589391505028983e-08,2.6944751790160636e-10,0.0,1.299576370186996e-35,1.1891711981402284e-32,1.5009580029548628e-33
11,lbfgs,2009,17598.681599999996,20000.0,4.058165436373214e-08,4.0113957381798527e-08,6.803934587655027e-10,1.7891718272937575e-08,2.1541845650095447e-08,2.653956807296259e-10,0.0,1.3021882620292502e-35,1.1891725574219821e-32,1.5009273530666261e-33
11,lbfgs,2019,17598.681599999996,20000.0,4.056753569862237e-08,4.0104243049100754e-08,6.78714624397302e-10,1.7883423062830698e-08,2.1542105361872753e-08,2.609915956521815e-10,0.0,1.2991487465471925e-35,1.1891703044390716e-32,1.5009104757110102e-33
11,lbfgs,2029,17598.681599999996,20000.0,4.055610967229242e-08,4.009514987914038e-08,6.782793862049959e-10,1.788004681573755e-08,2.1536823677197828e-08,2.586587223423501e-10,0.0,1.2979984835846873e-35,1.1891698634721037e-32,1.5008936307390015e-33
11,lbfgs,2039,17598.681599999996,20000.0,4.054401924332813e-08,4.0085947428954967e-08,6.777070729479716e-10,1.787658179454286e-08,2.1531658561464138e-08,2.557707337781339e-10,0.0,1.2967940292481006e-35,1.189168843845218e-32,1.5008787090559017e-33
11,lbfgs,2049,17598.681599999996,20000.0,4.0533933629900405e-08,4.00766130425857e-08,6.791912202280451e-10,1.7881547506276346e-08,2.151587431608131e-08,2.550189952237641e-10,0.0,1.2992410918827936e-35,1.1891690835612664e-32,1.500871876506283e-33
11,lbfgs,2059,17598.681599999996,20000.0,4.0524503048200454e-08,4.006899107520156e-08,6.789440738454999e-10,1.7879126842253515e-08,2.151092015910254e-08,2.532103426292966e-10,0.0,1.2985256431173644e-35,1.1891687008416838e-32,1.500859454375793e-33
11,lbfgs,2069,17598.681599999996,20000.0,4.051318796754189e-08,4.005996891604179e-08,6.785425641849545e-10,1.7875911071585327e-08,2.150551528027151e-08,2.509173965255261e-10,0.0,1.2974697388869348e-35,1.1891679817824874e-32,1.5008456037379993e-33
11,lbfgs,2079,17598.681599999996,20000.0,4.0504619377533495e-08,4.005211939628614e-08,6.797045029492928e-10,1.7878883379622684e-08,2.149353151371416e-08,2.5019795620155477e-10,0.0,1.299419086758731e-35,1.1891679973028689e-32,1.5008393894496338e-33
11,lbfgs,2089,17598.681599999996,20000.0,4.0495122535004464e-08,4.004329673203957e-08,6.806478915001506e-10,1.7881061027071758e-08,2.1481587813467663e-08,2.495234336402587e-10,0.0,1.3011336827481327e-35,1.1891683604474491e-32,1.500829993204578e-33
11,lbfgs,2099,17598.681599999996,20000.0,4.048695432768494e-08,4.003727117374212e-08,6.794290394950776e-10,1.7875006407394007e-08,2.148283572685304e-08,2.473809956711381e-10,0.0,1.2984893750286876e-35,1.1891673527279156e-32,1.5008198303386567e-33
11,lbfgs,2109,17598.681599999996,20000.0,4.047710499269267e-08,4.002816259826725e-08,6.806700236999718e-10,1.787770032684353e-08,2.1469792247723748e-08,2.4663983821672764e-10,0.0,1.3006940109228596e-35,1.1891673049274041e-32,1.5008133054451362e-33
11,lbfgs,2119,17598.681599999996,20000.0,4.046953102649781e-08,4.002195539683062e-08,6.798866872416731e-10,1.7873093392941083e-08,2.1468975316647866e-08,2.452731915978253e-10,0.0,1.2987811360926191e-35,1.1891669864207678e-32,1.5008034795576738e-33
11,lbfgs,2129,17598.681599999996,20000.0,4.046041054504986e-08,4.001376167139843e-08,6.80450795113741e-10,1.7873284660098138e-08,2.1460026216186555e-08,2.44346206493457e-10,0.0,1.2997278596041818e-35,1.189166721008479e-32,1.5007973732048935e-33
11,lbfgs,2139,17598.681599999996,20000.0,4.045009183115622e-08,4.000468171740917e-08,6.805987518176155e-10,1.7871276592086036e-08,2.145280637350552e-08,2.431073207984968e-10,0.0,1.2996430447288785e-35,1.1891663107861033e-32,1.5007894587436031e-33
11,lbfgs,2149,17598.681599999996,20000.0,4.044169398150193e-08,3.99969246068638e-08,6.804027153736353e-10,1.786818752601649e-08,2.1448334365473675e-08,2.424665574886329e-10,0.0,1.2986936960657487e-35,1.1891666761210813e-32,1.500779598289971e-33
