window,stage,step,t0,t1,total,physics,res_S,res_E,res_I,endpoint_physics,bound,orig_mse_S,orig_mse_E,orig_mse_I
0,adam,0,0.0,250.0,2.037068832062175,1.527801623980123,0.10027777777834793,0.42752384620177514,1.0,0.5092672079933743,0.0,1.2994440526789297e-12,4.6240979205184015e-11,8.999999999999995e-12
0,adam,24,0.0,250.0,0.46843091631127176,0.24012171204036512,0.015915542693864658,0.1067970966941113,0.11740907265238915,0.22830920418039502,0.0,8.70934140141901e-12,7.408728261278523e-12,1.9056062726268142e-12
0,adam,49,0.0,250.0,0.3715850524141633,0.16083930689802733,0.007578575350025921,0.07392293431762818,0.07933779723037325,0.21074574542429977,0.0,2.1608420737309683e-12,4.796487969696118e-12,1.646396013957087e-12
0,adam,74,0.0,250.0,0.3308388461741538,0.13186901318448974,0.0002923725726423272,0.06562905679286696,0.06594758381898046,0.19896983289658443,0.0,2.3800534671544436e-13,4.343993266414013e-12,1.4196637784841994e-12
0,adam,99,0.0,250.0,0.29645948037636516,0.11661350324758174,0.003556825345241706,0.07977798088512339,0.03327869701721664,0.1798459770317922,0.0,8.34652573032706e-13,3.808278538572901e-12,6.275079495201251e-13
0,adam,124,0.0,250.0,0.2123956110238834,0.06905248643738739,0.001576089553916199,0.035225960116408314,0.03225043676706287,0.14334312448819755,0.0,6.67084561663717e-13,2.3294228612183043e-12,1.0180981041696103e-12
0,adam,149,0.0,250.0,0.2653320268254804,0.13101766049112856,0.0018749246881323432,0.08926512056429878,0.039877615238697456,0.13431436623423412,0.0,9.64876597240331e-13,2.385215201452496e-12,2.4762602507407652e-12
0,adam,174,0.0,250.0,0.24607011412107008,0.09099151722764574,0.006155218061999384,0.05355662698282378,0.031279672182822585,0.15507859679614552,0.0,4.340096382597075e-12,3.015447464379214e-12,8.749011832360244e-13
0,adam,199,0.0,250.0,0.18586970768596664,0.058018765963480094,0.0011791280914776048,0.03396624821142301,0.02287338966057948,0.12785094162446828,0.0,2.6839501569011846e-13,2.2107640505457034e-12,6.932514249963863e-13
0,adam,224,0.0,250.0,0.1545184140210027,0.05296156353986,0.0025979713345865674,0.027255606836687124,0.02310798536858631,0.10155685038143193,0.0,8.072218894745924e-13,1.6337709009568785e-12,9.876297841380728e-13
0,adam,249,0.0,250.0,0.1354329656268594,0.04508965093055432,0.0024763658258832614,0.020870309793707194,0.021742975310963863,0.09034331459544681,0.0,8.972700937413005e-13,1.376216815199125e-12,8.718625038279951e-13
0,adam,274,0.0,250.0,0.1932058540240659,0.09987073993870293,0.002236008049406968,0.08598105025221739,0.011653681637078583,0.09333511398372989,0.0,9.209013567660553e-13,2.2093035802817925e-12,3.198018467169527e-13
0,adam,299,0.0,250.0,0.2054688273429373,0.07947151350712435,0.003938388776065255,0.05150657738442832,0.02402654734663078,0.12599731373685735,0.0,2.1591282319969145e-12,2.4588616184884997e-12,6.536320422369062e-13
0,adam,324,0.0,250.0,0.14922517743437333,0.046257729925878247,0.0015734778900853485,0.023765179711447152,0.02091907232434574,0.10296744740911863,0.0,5.702663164438734e-13,1.7291539466651963e-12,6.544792874460227e-13
0,adam,349,0.0,250.0,0.1225434680986037,0.04100049399140265,0.002378190100359659,0.019902482488830656,0.018719821402212337,0.08154297400629672,0.0,7.654029869300259e-13,1.3165904977628075e-12,6.894280543114795e-13
0,adam,374,0.0,250.0,0.10492501374667101,0.033553071069989414,0.0021972825313357467,0.015236525552337682,0.016119262986315986,0.0713719425743121,0.0,8.013909377695911e-13,1.1063046494192509e-12,4.916776876037335e-13
0,adam,399,0.0,250.0,0.13257427506674765,0.05690695770662607,0.0020236978236219615,0.04448232707431734,0.010400932808686775,0.0756673172565172,0.0,6.3831862246623e-13,1.1025501303369413e-12,2.6627948922165074e-13
0,adam,424,0.0,250.0,0.09305649563555897,0.03017843541884649,0.0015611900527711298,0.014051665692421523,0.014565579673653838,0.0628780601124881,0.0,4.4865414905784515e-13,8.967399518607309e-13,3.258296440392327e-13
0,adam,449,0.0,250.0,0.1224090957105491,0.03818379591241251,0.0009547416094071306,0.02862312343194896,0.008605930871056426,0.08422529969505906,0.0,2.2887324557924113e-13,1.2568999914056538e-12,1.0941394581957194e-13
0,adam,474,0.0,250.0,0.13713059728706176,0.06157713708553529,0.0008916033810286993,0.04107736809649947,0.019608165608007117,0.07555346009844867,0.0,1.6000493911042397e-13,1.0981760656307157e-12,3.7680019264685033e-13
0,adam,499,0.0,250.0,0.13300646873779404,0.05988286948108149,0.0009097009524062787,0.04869677655103997,0.010276391977635248,0.07312359915273514,0.0,1.9375752105279805e-13,9.868207821634852e-13,2.1911190575126618e-13
0,adam,524,0.0,250.0,0.17164085506385804,0.0795152803578747,0.0005221056192897688,0.05901613488209318,0.019977039856491748,0.09212557460167453,0.0,9.110474202442041e-14,9.230666918314936e-13,3.20807376424199e-13
0,adam,549,0.0,250.0,0.08336127021667,0.025258148518036996,0.0005069407678629185,0.01362638339935154,0.011124824350822536,0.058103121593900436,0.0,9.631478544658528e-14,8.205303379339584e-13,2.045475332719761e-13
0,adam,574,0.0,250.0,0.07101310222829116,0.020666372011841985,0.00044840259096432764,0.00959109481534105,0.010626874605536607,0.05034673011076438,0.0,6.662163464513352e-14,7.106504287057283e-13,2.1811787532307478e-13
0,adam,599,0.0,250.0,0.06238470607271935,0.019022469740646104,0.0004572989177122364,0.009367162383388616,0.009198008439545251,0.04336223622507643,0.0,6.829572389832047e-14,5.987502607172539e-13,2.070377827293979e-13
0,adam,624,0.0,250.0,0.6455814716633852,0.46717180012091286,0.0016793158541008085,0.17639363386477666,0.28909885040203537,0.17840967143569478,0.0,2.588774288946548e-13,1.082906973880684e-12,1.0663222246070952e-13
0,adam,649,0.0,250.0,0.13849069949030934,0.05834345633030672,0.0012338455403420397,0.0469154698611998,0.010194140928764882,0.08014724305482795,0.0,1.8021903735096341e-13,1.170829836338369e-12,7.766953963746512e-14
0,adam,674,0.0,250.0,0.07861914460495452,0.020523051169700685,0.0009788473289578583,0.010872944693180312,0.008671259147562515,0.05809609332996327,0.0,1.584041475419295e-13,7.495519582971994e-13,1.3531835191834458e-13
0,adam,699,0.0,250.0,0.06575541738656587,0.018452096337415572,0.0004563754035591788,0.011017600238113223,0.0069781206957431705,0.047303320942761136,0.0,5.749632978765501e-14,5.988150795154956e-13,1.6897673801328977e-13
0,adam,724,0.0,250.0,0.056189993748007046,0.01421719138825446,0.0003241923396371106,0.008085636865054476,0.005807362183562873,0.04197280225232477,0.0,3.38439019739528e-14,5.333836885406033e-13,1.263958843457335e-13
0,adam,749,0.0,250.0,0.21417018368593452,0.12613028564205112,0.00032789399635200134,0.08692018664475225,0.03888220500094688,0.08803989793572704,0.0,3.1567251014029255e-14,5.450356914685647e-13,9.791191860689839e-14
0,adam,774,0.0,250.0,0.12689450050526654,0.06058058454541285,0.00041891867525036734,0.051869829501861774,0.008291836368300703,0.06631391585223723,0.0,4.418628911053713e-14,6.449851533644535e-13,4.410409414440529e-14
0,adam,799,0.0,250.0,0.2004807892264737,0.10859518799267055,0.0004699654669213444,0.09229900803911041,0.0158262144866388,0.09188560112666046,0.0,5.967731702226732e-14,6.890634280322129e-13,9.9627342803601e-14
0,adam,824,0.0,250.0,0.28743234049628336,0.1588896869917424,0.000426702528788678,0.13937561596673528,0.019087368496218456,0.12854265339764395,0.0,5.009022001465066e-14,8.061190244498899e-13,1.4064281148000058e-13
0,adam,849,0.0,250.0,0.10270844045534312,0.038650464005779726,0.0004010667467732063,0.02671570235745659,0.01153369490154993,0.06405797634274589,0.0,4.439958804278776e-14,7.80687600628652e-13,1.122194980583271e-13
0,adam,874,0.0,250.0,0.1275841261827013,0.05814945281218961,0.00030519939655839336,0.04904331680708722,0.008800936608543995,0.06943467326364719,0.0,2.365253613583717e-14,8.08092322600714e-13,8.402884401195959e-14
0,adam,899,0.0,250.0,0.17126126336224182,0.0896482785500815,0.0002711855237642927,0.07221179759690083,0.01716529542941639,0.08161298470518125,0.0,1.8812115808202186e-14,8.231754340258559e-13,8.754928396400861e-14
0,adam,924,0.0,250.0,0.10711980681926929,0.044311885870951015,0.0002489909213745101,0.03724902514084604,0.006813869808730462,0.06280792084117913,0.0,1.7339030134803795e-14,7.796086169676034e-13,8.983678887629082e-14
0,adam,949,0.0,250.0,0.10802100267842468,0.04381113031144343,0.00030062839579617486,0.03180219566489118,0.011708306250756067,0.06420987225964385,0.0,3.4561323585041394e-14,7.529095558839453e-13,1.2634843970948175e-13
0,adam,974,0.0,250.0,0.18346952877016165,0.09132971182541907,0.000282697595299099,0.07598437125825395,0.015062642971866026,0.09213981683715455,0.0,3.125368798332387e-14,7.530997682941841e-13,1.41389952430734e-13
0,adam,999,0.0,250.0,0.08553874776479999,0.020849620640769076,0.00041963915980685007,0.012682299026931309,0.007747682454030918,0.06468912701618372,0.0,5.728892028166852e-14,7.29972483162989e-13,9.881235184100318e-14
0,adam,1024,0.0,250.0,0.06366054928636869,0.01851500460307187,0.0002391916312590722,0.012805561389103123,0.005470251582709673,0.04514554457494716,0.0,1.664280172228957e-14,6.830562910797727e-13,1.1698728879250312e-13
0,adam,1049,0.0,250.0,0.05025106228797045,0.01334075183514161,0.00025109410491562013,0.007509749281033433,0.005579908449192556,0.03691031034328099,0.0,2.2972133709712824e-14,5.617883819089267e-13,1.333608570224022e-13
0,adam,1074,0.0,250.0,0.04249955776698195,0.011645702399352257,0.00026674347149781595,0.006516877507285555,0.004862081420568885,0.030853855256720634,0.0,1.943006132568563e-14,4.709359513480799e-13,1.191354420487592e-13
0,adam,1099,0.0,250.0,0.041551944993328004,0.014593603210696752,0.00032081040435971383,0.00897395655080878,0.005298836255528259,0.02695834167041711,0.0,2.6253316336298306e-14,3.955472415516579e-13,1.1493048393439076e-13
0,adam,1124,0.0,250.0,0.03471004635807647,0.010747824906871983,0.0003382172940947425,0.006358920118601875,0.004050687494175366,0.023962221338130595,0.0,2.4436824170153743e-14,3.562968731903361e-13,8.697641551875802e-14
0,adam,1149,0.0,250.0,0.047759760388112464,0.014591339658603264,0.00043614565825195536,0.009542673462168921,0.004612520538182388,0.033168420615964846,0.0,3.727602609815242e-14,3.3722466514493315e-13,7.061531406134076e-14
0,adam,1174,0.0,250.0,0.06631479976594319,0.039346007286143084,0.0003811058954032231,0.03295529911491692,0.006009602275822941,0.026968792366142604,0.0,3.6680418639821416e-14,3.2831672397022096e-13,8.320368190772196e-14
0,adam,1199,0.0,250.0,0.049359040653623606,0.020061492282344707,0.0006435298801149481,0.015033630856243787,0.004384331545985974,0.029297548257803934,0.0,7.638222539021319e-14,3.5418124363973893e-13,5.981734869198354e-14
0,adam,1224,0.0,250.0,0.03950599413297486,0.012299847808192021,0.0003357017309097778,0.008149701244794846,0.0038144448324873965,0.027206146211362265,0.0,2.7179726343431365e-14,2.981509566474936e-13,6.203067296411194e-14
0,adam,1249,0.0,250.0,0.04663285851264068,0.020368962030139392,0.00031173508012218286,0.015037574251283199,0.005019652698734009,0.026263896368619186,0.0,2.6937304447595758e-14,2.62593509526147e-13,8.441018678843569e-14
0,adam,1274,0.0,250.0,0.032234296118805725,0.00922434827209043,0.00024462488517413113,0.005701224174188594,0.003278499212727705,0.023009947732556334,0.0,1.596547247619249e-14,2.618304940551893e-13,6.096145168802637e-14
0,adam,1299,0.0,250.0,0.03584521669958869,0.01062572060636438,0.0002450453004871586,0.006490640832754824,0.003890034473122398,0.025219495978830244,0.0,1.6697300392748873e-14,2.550652052600164e-13,6.398959758953378e-14
0,adam,1324,0.0,250.0,0.09542771931344228,0.04958416655107317,0.00024156737232900477,0.042741677838182335,0.006600921340561828,0.04584355264774643,0.0,1.803973413356224e-14,2.5089271963469103e-13,6.941484185337898e-14
0,adam,1349,0.0,250.0,0.055157231239861264,0.024844015654969576,0.00019829862534616273,0.019680973346859927,0.004964743682763484,0.03031321547006811,0.0,1.1545578039515393e-14,2.453707202822675e-13,6.318252757019623e-14
0,adam,1374,0.0,250.0,0.06105772677249538,0.0312656055218948,0.00017788918270514342,0.0245548232435787,0.00653289309561096,0.02979212113554382,0.0,8.896586107551838e-15,2.450982783453165e-13,5.502332761332918e-14
0,adam,1399,0.0,250.0,0.052503247963388455,0.025284639372408328,0.0001658462186561833,0.019737148283524616,0.005381644870227528,0.027218608475688785,0.0,8.256515338477734e-15,2.380257950839688e-13,5.400838982622958e-14
0,lbfgs,1400,0.0,250.0,0.06761004197065686,0.033996139997074376,0.00021073848497311204,0.02777205935381617,0.006013342158285096,0.0336139018582968,0.0,1.379837916429076e-14,2.4224066512112555e-13,7.860330131438825e-14
0,lbfgs,1409,0.0,250.0,0.02781014600414654,0.007124039487550703,0.00020051203486891875,0.0033538430095894183,0.003569684443092366,0.02068610640130725,0.0,1.214634221176645e-14,2.41242981896332e-13,7.190364793588655e-14
0,lbfgs,1419,0.0,250.0,0.024491387888802996,0.008731723334265789,0.0006943229234203774,0.0031475564103521842,0.004889844000493228,0.01575966443903758,0.0,4.856890116242682e-14,1.7695947960164786e-13,9.959122034490289e-14
0,lbfgs,1429,0.0,250.0,0.015928791287471846,0.008734110077182184,0.0008717957067317708,0.0024430404555411283,0.005419273914909284,0.007194681094188028,0.0,1.0580729082982903e-13,7.410019601871832e-14,1.0680195521294276e-13
0,lbfgs,1439,0.0,250.0,0.006304691463064689,0.004234842751281512,0.00042141905914399024,0.0007009125233462263,0.0031125111687912953,0.0020698485947430114,0.0,2.347789674404716e-14,1.1745163886740795e-14,2.3502328416383427e-14
0,lbfgs,1449,0.0,250.0,0.0032114326265452096,0.002705987595230623,0.0005255127781424512,0.00039876890182498326,0.0017817059152631886,0.0005054449136335566,0.0,2.3727530946304232e-14,3.602841628557087e-15,2.0165981877137894e-14
0,lbfgs,1459,0.0,250.0,0.0023689407644504512,0.0021918410427187963,0.00047979864006408716,0.0003272008870212306,0.0013848415156334783,0.00017709960371877937,0.0,2.7653783933367634e-14,4.9018833343222865e-15,2.0598009213737543e-14
0,lbfgs,1469,0.0,250.0,0.0021288528338451215,0.0018759713380068757,0.0003644284011092732,0.000411481019737586,0.0011000619171600164,0.00025288137775938686,0.0,1.7986428922298548e-14,7.443619849461157e-15,1.7145440583890724e-14
0,lbfgs,1479,0.0,250.0,0.0019891681871061304,0.0017498751573898131,0.0002919513350486376,0.00041452575380276034,0.0010433980685384152,0.0002392929115193251,0.0,1.5194349414983806e-14,7.1851355071927e-15,1.6364888336303707e-14
0,lbfgs,1489,0.0,250.0,0.0016772791869181744,0.0015182564407109048,0.00023686366483920528,0.000458579282252798,0.0008228134936189015,0.00015902262792368273,0.0,1.4546643293601515e-14,8.24712980519553e-15,1.2258255474433802e-14
0,lbfgs,1499,0.0,250.0,0.0015365669946470668,0.0014024118255903037,0.00020372103269874036,0.00041928661313132045,0.0007794041797602429,0.0001341550506470634,0.0,1.2107299587288868e-14,7.489379334331333e-15,1.1197163556405136e-14
0,lbfgs,1509,0.0,250.0,0.0012002059541069987,0.0010849307261619667,0.00014289687129667998,0.0005833891783150296,0.00035864467655025715,0.00011527510926965395,0.0,8.378486988621654e-15,1.1199455752140094e-14,4.9297226841191456e-15
0,lbfgs,1519,0.0,250.0,0.0014664415113784456,0.0013280643340302498,0.00018639230209607327,0.0006593194563119081,0.00048235257562226846,0.00013837705881069597,0.0,9.948591952377637e-15,1.0281826788241478e-14,6.948666771366706e-15
0,lbfgs,1529,0.0,250.0,0.0010982155980308141,0.0010386732382342593,8.419923968377378e-05,0.0005713485955160608,0.0003831254030344248,5.954224113281998e-05,0.0,4.121817872500021e-15,1.0161492022229826e-14,4.246954726099961e-15
0,lbfgs,1539,0.0,250.0,0.0010224514841738648,0.0009926984133803954,8.309332487348183e-05,0.0005612513491974686,0.0003483537393094449,2.9752952105983578e-05,0.0,4.1184363297141205e-15,1.1077110121800712e-14,4.46999656085682e-15
0,lbfgs,1549,0.0,250.0,0.00100702679549203,0.0009577829587256543,8.996174618101338e-05,0.0005870425225081908,0.0002807786900364502,4.924371794172924e-05,0.0,4.277689385017849e-15,1.1666358205820561e-14,3.4674773754796947e-15
0,lbfgs,1559,0.0,250.0,0.0009285684671695404,0.0009063313220278209,8.088894990627666e-05,0.0005489813023455073,0.00027646106977603687,2.2237026323069647e-05,0.0,3.7424902960907806e-15,1.1390235324194198e-14,3.2630993667801414e-15
0,lbfgs,1569,0.0,250.0,0.0008820823297028915,0.0008390209580311156,8.115949759098293e-05,0.0005390366484432046,0.0002188248119969281,4.306125271918491e-05,0.0,3.5232036597270875e-15,1.1063282251151013e-14,2.3880659877676752e-15
0,lbfgs,1579,0.0,250.0,0.0008397463445133736,0.000787890445484934,5.66846726400251e-05,0.000476003201159731,0.00025520257168517793,5.1855780145615485e-05,0.0,2.4128095169772932e-15,1.002636920177649e-14,2.8943144223159235e-15
0,lbfgs,1589,0.0,250.0,0.0007816063281313766,0.0007442525157766768,7.597686161515789e-05,0.00046766793754020753,0.00020060771662131147,3.7353693317247065e-05,0.0,2.2162836198223997e-15,9.438193400573454e-15,2.0365676618911e-15
0,lbfgs,1599,0.0,250.0,0.0007435012710921609,0.0007104407013818115,7.67611912239928e-05,0.00043440234556619357,0.00019927716459162512,3.3060450824085466e-05,0.0,2.7847748949313573e-15,9.39883291109565e-15,2.1502574530630404e-15
0,lbfgs,1609,0.0,250.0,0.0006623440162810452,0.0006312883105210737,9.36656114208039e-05,0.0003331190759789807,0.0002045036231212892,3.10555868819213e-05,0.0,3.580678096783875e-15,6.65701311159271e-15,2.32864987001937e-15
0,lbfgs,1619,0.0,250.0,0.0006483653425234749,0.0006067269358184008,9.37326629307275e-05,0.0003101821941605327,0.00020281207872714055,4.1638287799532134e-05,0.0,3.701511751574471e-15,6.119566952961306e-15,2.2806274753578283e-15
0,lbfgs,1629,0.0,250.0,0.0006290495413229944,0.00058694239225932,8.471046498403048e-05,0.00029629085847413287,0.0002059410688011566,4.210703017993821e-05,0.0,2.772826735089949e-15,5.663958725239613e-15,2.4031792840259306e-15
0,lbfgs,1639,0.0,250.0,0.0006474651850450679,0.0005850589001581228,0.00012589610697622593,0.00026387455327606417,0.00019528823990583262,6.240616591130482e-05,0.0,6.108335827727021e-15,4.60430075654864e-15,2.0240141602266665e-15
0,lbfgs,1649,0.0,250.0,0.0004380800713441481,0.0004121571604231355,8.07303681680072e-05,0.0001637025811448838,0.0001677242111102445,2.592279195701599e-05,0.0,4.130411104347696e-15,2.760781651931133e-15,1.6267081183989079e-15
0,lbfgs,1659,0.0,250.0,0.0003986122462208515,0.00038101429657315297,7.459051090183903e-05,0.00013385383292456043,0.00017256995274675353,1.7597830648715532e-05,0.0,3.8694290959377075e-15,2.097996640751202e-15,1.6679471303651566e-15
0,lbfgs,1669,0.0,250.0,0.0003794352157628418,0.00035716089630041163,7.835876031493293e-05,0.00011379629416710419,0.0001650058418183745,2.2274200493968904e-05,0.0,4.498352790639318e-15,1.991788042316243e-15,1.607436748571843e-15
0,lbfgs,1679,0.0,250.0,0.0003598571083120682,0.0003388538603100118,7.992644609292415e-05,0.00010530741416422859,0.00015362000005285904,2.10031290372565e-05,0.0,4.6743368539531255e-15,1.6233715846838018e-15,1.4613159922535145e-15
0,lbfgs,1689,0.0,250.0,0.0003559460072242465,0.0003369205374458764,7.660411312655744e-05,0.0001058325437803447,0.00015448388053897425,1.902535084428263e-05,0.0,4.435471133134382e-15,1.7112762223787414e-15,1.5284236395970797e-15
0,lbfgs,1699,0.0,250.0,0.0003521190975216313,0.0003255569844810477,7.474626211414492e-05,0.00010969538503933847,0.0001411153373275643,2.656199405171656e-05,0.0,4.2554523064666515e-15,1.8412354274533534e-15,1.3373045683113251e-15
0,lbfgs,1709,0.0,250.0,0.00031072544907110894,0.00028399725040806085,6.441957984699391e-05,9.261701261005923e-05,0.00012696065795100769,2.6728079567033106e-05,0.0,4.030020122196563e-15,1.5430224317445447e-15,1.095231954235219e-15
0,lbfgs,1719,0.0,250.0,0.00023466577650225375,0.00021976811697623335,4.049732147673906e-05,6.713691018171671e-05,0.00011213388531777758,1.4897540170679016e-05,0.0,2.3661027225148636e-15,8.953678506627473e-16,9.87442479851952e-16
0,lbfgs,1729,0.0,250.0,0.00020718766240268008,0.00020104954065850727,3.322482555872302e-05,6.220839926102425e-05,0.00010561631583876,6.138002289882911e-06,0.0,1.884561453881653e-15,8.551967865329452e-16,8.700659975729475e-16
0,lbfgs,1739,0.0,250.0,0.00020454892167242193,0.00019651487713691308,3.371581920238864e-05,6.181302924728762e-05,0.0001009860286872368,8.033925082397632e-06,0.0,1.951793907893774e-15,9.05845342666598e-16,8.217797714950638e-16
0,lbfgs,1749,0.0,250.0,0.0001788771747515056,0.00016453480178074605,2.7103650143897056e-05,4.770183932216498e-05,8.972931231468401e-05,1.4342253230488222e-05,0.0,1.537341953352558e-15,7.981525695662444e-16,7.298448765035043e-16
0,lbfgs,1759,0.0,250.0,0.0001467830695991867,0.0001434502260698791,2.3418421500298184e-05,4.662375573542842e-05,7.340804883415249e-05,3.3327237279980632e-06,0.0,1.2313633454065934e-15,6.394616624686119e-16,6.211596075382913e-16
0,lbfgs,1769,0.0,250.0,0.00014387536316223324,0.00013961295208704568,2.4359480106964355e-05,4.6226427527324104e-05,6.902704445275722e-05,4.262291313763161e-06,0.0,1.2160621123399268e-15,6.70920208025957e-16,5.890973717738656e-16
0,lbfgs,1779,0.0,250.0,0.00013634155707326583,0.00013232573595856135,2.625021895736283e-05,3.679391022537926e-05,6.928160677581926e-05,4.015701287050305e-06,0.0,1.339815797632613e-15,6.543966694904689e-16,5.875716165563977e-16
0,lbfgs,1789,0.0,250.0,0.00012195905903172058,0.00011596895206489452,2.2254877902401126e-05,3.744493148876379e-05,5.626914267372961e-05,5.989987070352849e-06,0.0,1.0611325559274654e-15,7.175305792999119e-16,5.480952204679957e-16
0,lbfgs,1799,0.0,250.0,9.260194970431892e-05,8.930452269212663e-05,1.7404782507054604e-05,2.8695191378064924e-05,4.320454880700709e-05,3.29730672887755e-06,0.0,9.196625607278583e-16,3.22446813456716e-16,4.4032793477267205e-16
0,lbfgs,1809,0.0,250.0,8.026202416293222e-05,7.914850336593121e-05,1.3921203314246247e-05,1.8665777438588755e-05,4.6561522613096215e-05,1.1134002735080453e-06,0.0,8.587094229489362e-16,2.8019000730454016e-16,5.047031868707252e-16
0,lbfgs,1819,0.0,250.0,7.716301435027443e-05,7.616092984955589e-05,1.1975763428962274e-05,2.082793903797252e-05,4.33572273826211e-05,1.0019639782446213e-06,0.0,7.471912520204834e-16,3.4586261738178854e-16,4.625359941160551e-16
0,lbfgs,1829,0.0,250.0,7.62296024530925e-05,7.485200622016243e-05,1.175682818027104e-05,2.086488826113508e-05,4.223028977875631e-05,1.3774756931762823e-06,0.0,7.279087994566596e-16,3.4588916479103976e-16,4.466809729852139e-16
0,lbfgs,1839,0.0,250.0,6.949323358517805e-05,6.879544290098201e-05,1.0915996361408075e-05,2.0027581349069355e-05,3.785186519050458e-05,6.976700576110752e-07,0.0,6.578985866466437e-16,3.510421745249978e-16,3.9299095154103354e-16
0,lbfgs,1849,0.0,250.0,6.378079517556912e-05,6.280949997350933e-05,8.585619738409488e-06,1.9187332026250865e-05,3.5036548208848984e-05,9.711746091969665e-07,0.0,5.253080223761256e-16,3.312728475935596e-16,3.746784241297715e-16
0,lbfgs,1859,0.0,250.0,6.233360774003221e-05,6.161379775154478e-05,8.62783583333407e-06,1.7187189131021316e-05,3.579877278718938e-05,7.196893709310334e-07,0.0,5.218464954747189e-16,2.958652548901417e-16,3.824656985952672e-16
0,lbfgs,1869,0.0,250.0,6.151322206267836e-05,6.0862996811818934e-05,8.271159673259536e-06,1.608177553139489e-05,3.651006160716451e-05,6.5010461573057e-07,0.0,4.947180405042974e-16,2.700250388283433e-16,3.8854173047897453e-16
0,lbfgs,1879,0.0,250.0,6.108366258259484e-05,6.0588336107768336e-05,8.070475463342662e-06,1.578936923892963e-05,3.6728491405496045e-05,4.952057873765823e-07,0.0,4.850947291740404e-16,2.538274062801894e-16,3.873865776236016e-16
0,lbfgs,1889,0.0,250.0,6.052906478723269e-05,6.006754718600267e-05,7.625789606598062e-06,1.539032479045394e-05,3.705143278895067e-05,4.6139690020924633e-07,0.0,4.734106692288957e-16,2.3183935194578883e-16,3.8794571014566776e-16
0,lbfgs,1899,0.0,250.0,6.0321088173781306e-05,5.985699701544369e-05,7.530456957687899e-06,1.5075542360135891e-05,3.7250997697619904e-05,4.639704524778165e-07,0.0,4.654989232612798e-16,2.111690326897052e-16,3.914398533535048e-16
0,lbfgs,1909,0.0,250.0,6.00387321999113e-05,5.920249662855392e-05,7.395780642681361e-06,1.487964619894993e-05,3.692706978692263e-05,8.361148851114267e-07,0.0,4.529929101326664e-16,2.1499862852213971e-16,3.8781861524840245e-16
0,lbfgs,1919,0.0,250.0,5.943669179686547e-05,5.8370061481733386e-05,7.418974687562033e-06,1.4609169265739258e-05,3.6341917528432094e-05,1.0665096281745755e-06,0.0,4.532060711458419e-16,2.1469693489522789e-16,3.866737574697248e-16
0,lbfgs,1929,0.0,250.0,5.7876057654056774e-05,5.684479517267304e-05,6.518799035273727e-06,1.537708076557858e-05,3.494891537182073e-05,1.0311417976107737e-06,0.0,4.073007685212521e-16,2.3374469762360713e-16,3.7589909787617756e-16
0,lbfgs,1939,0.0,250.0,5.6977934925202936e-05,5.5603779285160086e-05,6.516274273976047e-06,1.4058955529106424e-05,3.5028549482077613e-05,1.3740349295785098e-06,0.0,3.9596428425563795e-16,2.0686463281799397e-16,3.801489596740019e-16
0,lbfgs,1949,0.0,250.0,5.6212785179582244e-05,5.505582434601493e-05,6.296045649767746e-06,1.4485715777654481e-05,3.4274062918592703e-05,1.156840156122674e-06,0.0,3.6888501263050276e-16,2.2638572539541224e-16,3.8326471479756195e-16
0,lbfgs,1959,0.0,250.0,5.335598137830334e-05,5.2652905232929845e-05,6.8690868197479485e-06,1.3062700690611584e-05,3.272111772257031e-05,7.029554833546449e-07,0.0,3.7045479887368605e-16,1.7629171668799837e-16,3.609958221418332e-16
0,lbfgs,1969,0.0,250.0,5.1853134932955115e-05,5.1107275168305964e-05,6.069483895018765e-06,1.1842160315483795e-05,3.31956309578034e-05,7.457390876537888e-07,0.0,3.303599477695192e-16,1.7170743075633654e-16,3.547704387148283e-16
0,lbfgs,1979,0.0,250.0,5.0756353167661375e-05,5.007945599846081e-05,5.9494572452673085e-06,1.1398986499709495e-05,3.273101225348401e-05,6.767764688868908e-07,0.0,3.4584446658932546e-16,1.4425316429502886e-16,3.500711809890483e-16
0,lbfgs,1989,0.0,250.0,4.9841428708058636e-05,4.929463638140903e-05,5.567983929298098e-06,1.2006221196160111e-05,3.172043125595082e-05,5.466716231290711e-07,0.0,3.3326645271639474e-16,1.5263725407431332e-16,3.486926541283306e-16
0,lbfgs,1999,0.0,250.0,5.027678691090806e-05,4.952695439787726e-05,5.961876867321208e-06,1.1250893667160675e-05,3.231418386339537e-05,7.4971178358127e-07,0.0,3.63840235571624e-16,1.3484703227075587e-16,3.4965844889183204e-16
0,lbfgs,2009,0.0,250.0,4.8851281785760426e-05,4.834522223130538e-05,5.430662220568947e-06,1.0930998882040442e-05,3.198356112869599e-05,5.059388554004466e-07,0.0,3.3102373815167303e-16,1.396449891091219e-16,3.5180476708043865e-16
0,lbfgs,2019,0.0,250.0,4.8572119746830346e-05,4.816194290146208e-05,4.86785000169068e-06,1.080457352054707e-05,3.248951937922433e-05,4.1005611167480434e-07,0.0,2.950973083866058e-16,1.2585579728063916e-16,3.53176095038563e-16
1,adam,0,250.0,600.0,0.02347440858435433,0.017605806369364856,0.00017730768559169518,0.004225822187075288,0.013202676496697874,0.0058686021231216185,0.0,1.3171910594750972e-14,7.108078510579245e-18,6.885412911246863e-17
1,adam,24,250.0,600.0,0.013301711586486109,0.010660310509674281,4.862780158397192e-06,0.0008088559095481364,0.009846591819967748,0.0026414009830020295,0.0,2.4057404872983227e-16,1.0010428321217852e-18,2.790939931719131e-17
1,adam,49,250.0,600.0,0.005568795522223037,0.004071230928293685,5.316183387096e-07,0.0026268591559248443,0.0014438401540301312,0.0014975644933724287,0.0,3.2601420087935495e-17,3.0071158051440616e-19,1.908336900806755e-18
1,adam,74,250.0,600.0,0.0009008442050812562,0.0007156744054765663,5.108651671377671e-07,0.00011209219333787103,0.0006030713469715576,0.00018516969491418585,0.0,3.0662041346639304e-17,3.8502576073204e-20,4.905741291889969e-19
1,adam,99,250.0,600.0,0.0001967188475240642,0.00015213032098292283,1.1523839384870905e-05,1.3104667911948424e-05,0.0001275018136861035,4.458841915408362e-05,0.0,6.016608303827417e-16,3.983402182693708e-21,8.648553225683144e-20
1,adam,124,250.0,600.0,0.0004190887123788398,0.0002820208380243918,4.777695152688541e-07,0.00024993318087155545,3.1609887637567515e-05,0.000137067766165985,0.0,2.988016216077768e-17,4.139643325616355e-21,2.2216317039014644e-20
1,adam,149,250.0,600.0,1.866901867720927e-05,1.368072222254169e-05,4.1215118322998675e-07,1.521295007084199e-06,1.1747276032227504e-05,4.988187734145362e-06,0.0,2.6600397220425753e-17,1.8025123494293985e-22,8.969258544111595e-21
1,adam,174,250.0,600.0,0.0002506580768107767,0.00017639503869635063,3.620360579714894e-06,0.00012093290627937857,5.1841771837257174e-05,7.426292958605839e-05,0.0,1.8483786227077963e-16,6.466551221387882e-22,2.229273934879721e-20
1,adam,199,250.0,600.0,9.899719031609946e-05,6.529618210505716e-05,6.410043218122078e-07,5.392201727018569e-05,1.0733160513059259e-05,3.3700899590219996e-05,0.0,3.6308732839566544e-17,7.08007634899121e-22,7.615074970590425e-21
1,adam,224,250.0,600.0,1.677579486172516e-05,1.2708735045362863e-05,6.131195377742016e-07,8.33518706460341e-06,3.7604284429852514e-06,4.0669508466552765e-06,0.0,3.762654372053033e-17,7.530663787339632e-23,2.6845521696667737e-21
1,adam,249,250.0,600.0,0.0021925735612734506,0.0014911620862100084,1.2813058250733529e-05,0.0013211398634801362,0.00015720916447913865,0.000701411366027974,0.0,7.267179095943563e-16,8.103569632756842e-21,1.61417794239e-21
1,adam,274,250.0,600.0,0.00016324192556585847,0.00010853994657330039,3.873345203331685e-07,9.94096360814465e-05,8.742975971520716e-06,5.4701870254781375e-05,0.0,2.4008516573117803e-17,9.670355589428115e-22,6.385587433598839e-21
1,adam,299,250.0,600.0,8.267825413992065e-06,5.136800354954439e-06,3.179733589030724e-07,1.8415815852128715e-06,2.977245410838495e-06,3.1309160676749263e-06,0.0,1.9685337803378272e-17,8.851625212195466e-24,1.357445984935238e-21
1,adam,324,250.0,600.0,0.0006271756965031235,0.0004230575433713626,5.896298015904064e-07,0.00038458764922321434,3.78802643465579e-05,0.00020411804415803813,0.0,3.254393040821858e-17,2.3317867333161747e-21,1.735260448824216e-21
1,adam,349,250.0,600.0,9.304914549632839e-05,6.54646062666621e-05,3.777478477537032e-07,5.1896222144620264e-05,1.3190636274288139e-05,2.7584430365497717e-05,0.0,2.1510418283486324e-17,2.7752777734513665e-22,5.411148293575909e-21
1,adam,374,250.0,600.0,0.00037357252491824783,0.00025843423157800166,5.743773544296612e-07,0.00023621326308497723,2.1646591138594783e-05,0.00011513818431640018,0.0,3.2664814986166984e-17,1.569029009626892e-21,2.948521930422096e-21
1,adam,399,250.0,600.0,2.7809621862956794e-05,1.8510212302494426e-05,7.738381960958111e-07,1.4537235892969581e-05,3.1991382134290353e-06,9.299300739564886e-06,0.0,4.372505287681687e-17,1.3992593205970421e-22,4.2236612683972175e-21
1,adam,424,250.0,600.0,0.0004579888378855899,0.0003163141839216336,1.3398623562650842e-07,0.00029068228413506585,2.5497913550941238e-05,0.00014167454497431882,0.0,8.63448268696719e-18,2.0190524240040936e-21,2.762650549469903e-21
1,adam,449,250.0,600.0,0.00014269062086048732,9.988364108192975e-05,2.4865524813756696e-07,7.335505145597138e-05,2.6279934377820796e-05,4.2806871163737776e-05,0.0,1.3143348383675167e-17,3.4570355749810446e-22,9.211439756264823e-21
1,adam,474,250.0,600.0,1.8252163035572026e-05,1.3594330727015978e-05,3.9036207367870803e-07,1.2049647806655189e-05,1.154320846682081e-06,4.6577235158435645e-06,0.0,2.1926988689893473e-17,2.4651488916599202e-22,7.586510923959482e-22
1,adam,499,250.0,600.0,0.00013933239005062796,9.299144062517399e-05,1.562189292851181e-07,8.58062691713147e-05,7.028952524574183e-06,4.634084064519193e-05,0.0,8.663789814127942e-18,4.393261264588609e-22,1.5158004507909833e-21
1,adam,524,250.0,600.0,0.001036929361825013,0.0007040552262475727,6.518875325653676e-07,0.0006392503812132444,6.415295750176297e-05,0.0003328740268060438,0.0,3.6411813971820904e-17,3.604069531469788e-21,9.003414279593253e-22
1,adam,549,250.0,600.0,3.48003381987297e-06,2.2687958130693057e-06,3.226049863101274e-08,9.25528195543561e-07,1.311007118894732e-06,1.2111293345373245e-06,0.0,1.9853121348751243e-18,1.5893229982975095e-23,1.3128191336732407e-21
1,adam,574,250.0,600.0,0.00029918168700807877,0.0002022205793676986,6.580745179172051e-08,0.0001925592898519179,9.595482063988939e-06,9.696099912909109e-05,0.0,3.954310193524528e-18,1.4177763362295252e-21,3.887759130268222e-21
1,adam,599,250.0,600.0,0.00015646583447000267,0.00010917628185935983,7.675796014707183e-07,9.993560623724362e-05,8.473096020645497e-06,4.7289443993790356e-05,0.0,4.273067206998861e-17,9.348450931334684e-22,1.1746456198817136e-21
1,adam,624,250.0,600.0,1.997356986428219e-06,1.2841501781834244e-06,9.273446008804926e-08,5.091626527502191e-07,6.822530653451561e-07,7.130981576238689e-07,0.0,5.2163293059091975e-18,5.297506795957377e-23,7.332093723176616e-22
1,adam,649,250.0,600.0,9.364778197744671e-05,6.291814718309806e-05,2.5261853996087983e-07,5.858617433328661e-05,4.079354309850572e-06,3.072952636409089e-05,0.0,1.443630748908585e-17,6.726803490705393e-22,6.96462457405803e-21
1,adam,674,250.0,600.0,0.00010988941160152469,7.254725910489503e-05,1.142921156539817e-06,6.019972963144714e-05,1.1204608316908076e-05,3.734204408205852e-05,0.0,6.0150821232905e-17,2.0228344411791587e-22,1.619929884978792e-22
1,adam,699,250.0,600.0,1.1910091433217942e-05,7.607802577071204e-06,6.805878318268164e-08,6.41103952802196e-06,1.1287042658665628e-06,4.302180397268561e-06,0.0,3.7528250495260465e-18,4.606457868904103e-23,5.656163882077471e-22
1,adam,724,250.0,600.0,0.001874569319251375,0.0012670003568245492,3.375904781905477e-07,0.0011315775854324802,0.00013508518091387835,0.0006075688539910875,0.0,1.893842512258467e-17,6.541859068914061e-21,9.94766768474414e-21
1,adam,749,250.0,600.0,0.0002380110317358884,0.00015849825559509159,3.7898872297827325e-08,0.00013615890083713876,2.2301455885655004e-05,7.951266800255452e-05,0.0,2.2300966746186592e-18,5.195658255437421e-22,2.302595934685255e-22
1,adam,774,250.0,600.0,2.2223755065683443e-06,1.7229367982812727e-06,6.62849527024318e-09,7.410466610341651e-07,9.752616419768643e-07,4.993305114693574e-07,0.0,3.608894725091389e-19,8.851947925495576e-23,8.605180218558309e-22
1,adam,799,250.0,600.0,4.7640807577406096e-05,3.288476062803998e-05,1.004724043031683e-07,2.9871487221249317e-05,2.9128010024874974e-06,1.4755938642880813e-05,0.0,5.607638893281556e-18,4.56310342333933e-22,5.311599271911373e-22
1,adam,824,250.0,600.0,0.0002052196899046086,0.00013861671726107686,6.102614299388546e-08,0.0001315503287715838,7.005362346499178e-06,6.660286461102894e-05,0.0,3.2714715391657017e-18,8.648945259848966e-22,2.6168542063250632e-21
1,adam,849,250.0,600.0,4.4999986149092284e-05,3.213232863460825e-05,7.737670649118908e-06,1.8788578367538578e-05,5.606079617950766e-06,1.2867549424517738e-05,0.0,4.404322266219659e-16,1.9175600397728576e-22,1.790299796158644e-21
1,adam,874,250.0,600.0,0.0005386842443642927,0.00036687514796943923,6.734490759706632e-07,0.00032359205624558126,4.260964264788728e-05,0.0001718089882498384,0.0,3.628369578922757e-17,2.1052666194895442e-21,3.52444676854178e-21
1,adam,899,250.0,600.0,0.00035571115222880664,0.00023951653539304904,1.4725948097892113e-08,0.00021308973518732098,2.6412074257630183e-05,0.00011619450871522685,0.0,7.356649705853584e-19,9.42903475875263e-22,2.5444505746005116e-22
1,adam,924,250.0,600.0,9.81011172186489e-05,6.760814400326205e-05,2.4847607571823094e-08,6.232285350042853e-05,5.2604428952617e-06,3.049286509514184e-05,0.0,1.2439437960287153e-18,7.353267921485547e-22,5.004771061681713e-22
1,adam,949,250.0,600.0,0.00014609581105876803,9.796934771020206e-05,1.7048816284439176e-08,8.947571136570039e-05,8.476587528217231e-06,4.8126355343918955e-05,0.0,9.09068634156707e-19,3.923265820104141e-22,3.4087047007534873e-22
1,adam,974,250.0,600.0,1.4824155478631139e-05,9.757710816679661e-06,3.34461206086521e-08,8.65210311523262e-06,1.0721615808383899e-06,5.066336613464917e-06,0.0,1.7980940253931116e-18,7.630397336350592e-23,2.0874923425197539e-22
1,adam,999,250.0,600.0,0.00024371998519857004,0.00016597900953528225,1.1330781900753878e-07,0.0001603804378848431,5.4852638314316e-06,7.774086780972568e-05,0.0,5.7795462037699384e-18,1.2754679732417234e-21,3.658592454721257e-21
1,adam,1024,250.0,600.0,4.3378618763603964e-05,3.0213172887496617e-05,6.006768585676556e-08,2.6130137526587536e-05,4.022967675052315e-06,1.3165337954944317e-05,0.0,3.3133893364097396e-18,3.6912291279300213e-22,8.015264320137193e-22
1,adam,1049,250.0,600.0,0.00033896572785699635,0.00022961557268609087,6.106211018260083e-08,0.00020680948177445512,2.2745028801453162e-05,0.00010935004719518983,0.0,3.3645968726877693e-18,1.58868366332583e-21,1.430291894203551e-21
1,adam,1074,250.0,600.0,0.00032744708374238604,0.00021993255984674507,7.163826368671087e-06,0.00018859658112727246,2.417215235080152e-05,0.00010751441607079482,0.0,3.6912998703700175e-16,7.978300369972605e-22,1.7607123479835037e-22
1,adam,1099,250.0,600.0,3.8060628729683765e-05,2.6530796462542076e-05,7.545662961841481e-07,2.412996461486618e-05,1.6462655514917516e-06,1.1529724420437012e-05,0.0,4.189286440400817e-17,4.87794777013657e-22,1.916860906119153e-22
1,adam,1124,250.0,600.0,1.4074585354644141e-05,9.299465439311343e-06,7.672865797460271e-08,7.935053754032895e-06,1.287683027303846e-06,4.775012162112292e-06,0.0,4.3187267868385336e-18,7.136364505391029e-23,3.9899251275476673e-22
1,adam,1149,250.0,600.0,0.00010614305369197218,7.286081587723839e-05,1.0158871371316869e-06,6.266694005014665e-05,9.177988689960047e-06,3.3282130123478626e-05,0.0,5.535707120342344e-17,5.902766827728713e-22,1.3092587042102117e-21
1,adam,1174,250.0,600.0,1.0425883700050237e-05,7.422067021757002e-06,1.0468212103266389e-08,6.259391299675189e-06,1.1522075099785464e-06,3.00370895931882e-06,0.0,6.252274940991778e-19,2.410051048384969e-22,3.4616890403581265e-22
1,adam,1199,250.0,600.0,0.0003790818863719337,0.00025628395715536907,7.328765707197316e-09,0.0002233562057893545,3.292042260030736e-05,0.00012279782149009842,0.0,4.111257368382955e-19,1.4645938742992505e-21,2.76830898804272e-21
1,adam,1224,250.0,600.0,0.00014540778705638283,0.00010053657123236301,5.588742482857986e-08,7.291154442450852e-05,2.7569139383025903e-05,4.4871108277709164e-05,0.0,3.1035095321788224e-18,3.6163418681195774e-22,5.522699226744877e-21
1,adam,1249,250.0,600.0,0.00047166897071373055,0.00032065039873691405,1.6124731254457432e-07,0.00030737106079456607,1.31180906298034e-05,0.0001510184644819958,0.0,9.302201317452354e-18,2.243256645146776e-21,1.8863129142964846e-21
1,adam,1274,250.0,600.0,7.866592783940959e-05,5.3804413232332584e-05,1.7742692798509116e-08,5.118581218627634e-05,2.600858353257736e-06,2.486140717053378e-05,0.0,8.956458147097353e-19,3.311991228417958e-22,1.340452014307775e-21
1,adam,1299,250.0,600.0,2.2357185192298513e-06,1.7683038391923128e-06,2.1871157042652987e-08,2.3883889914544955e-07,1.5075937830042104e-06,4.673071784496978e-07,0.0,1.0973585867757683e-18,4.848375404354165e-23,8.655304840644258e-22
1,adam,1324,250.0,600.0,2.6036636304674318e-05,1.7816305023832313e-05,2.542748342299741e-08,1.6941178738153075e-05,8.496988022562409e-07,8.220223770032225e-06,0.0,1.2943228398693165e-18,1.1239101903060546e-22,5.11367497878386e-22
1,adam,1349,250.0,600.0,0.00028474754921659453,0.00019563689990073554,2.5360411303645983e-07,0.00014285293458207726,5.2530361205621837e-05,8.911054196665662e-05,0.0,1.3867936702603536e-17,6.374001522657681e-22,9.222327761725583e-21
1,adam,1374,250.0,600.0,0.00017461607661847865,0.00012029614584551565,1.362452732722934e-07,9.950458352681233e-05,2.0655317045431034e-05,5.431982351289251e-05,0.0,6.82685716459757e-18,6.642388772695522e-22,3.098034680388046e-21
1,adam,1399,250.0,600.0,2.2146572157127738e-05,1.4705246656235368e-05,3.5742542461202325e-07,1.2752215074375409e-05,1.5956061572479344e-06,7.441218177017277e-06,0.0,1.923529692182897e-17,1.4799214274923782e-22,6.847701623953055e-23
1,lbfgs,1400,250.0,600.0,2.1715686454104186e-05,1.5145534860730025e-05,2.1155419761659492e-08,1.3560629827653987e-05,1.56374961331438e-06,6.570044262328139e-06,0.0,1.3429289072774073e-18,3.6017050181444734e-22,2.608563413742692e-22
1,lbfgs,1409,250.0,600.0,7.781302431233366e-07,5.196740338931357e-07,1.2394691231870664e-08,2.1320033948433036e-07,2.9407900317693473e-07,2.58348878185161e-07,0.0,8.166085857210361e-19,1.9760640384785675e-22,1.2256919881432106e-22
1,lbfgs,1419,250.0,600.0,7.463727137089789e-07,4.955328810804911e-07,1.3643670949239457e-08,1.90237086550754e-07,2.916521235804976e-07,2.507325015994436e-07,0.0,7.403853356113688e-19,1.8453953296635415e-22,1.275419601460748e-22
1,lbfgs,1429,250.0,600.0,7.213200729722515e-07,4.850453854468008e-07,8.140501606442263e-09,1.896353290457167e-07,2.8726955479464176e-07,2.3616735651449937e-07,0.0,4.984560474211042e-19,1.7186750355559318e-22,1.4013938249243885e-22
1,lbfgs,1439,250.0,600.0,7.210828679080381e-07,4.844710104466845e-07,8.06198681172777e-09,1.896837610182209e-07,2.867252626167358e-07,2.3650452644885812e-07,0.0,4.9666526334405285e-19,1.7241429406946547e-22,1.393721183476085e-22
1,lbfgs,1449,250.0,600.0,7.208814350228556e-07,4.843089495607175e-07,8.105910540996828e-09,1.8989770159359944e-07,2.863053374261213e-07,2.3646515444917977e-07,0.0,4.975058605955114e-19,1.7236639126435163e-22,1.3909457852452244e-22
1,lbfgs,1459,250.0,600.0,7.206567776206122e-07,4.842184381124915e-07,8.191347181118822e-09,1.902668876371594e-07,2.857602032942133e-07,2.3633100849477334e-07,0.0,4.995459783392415e-19,1.721666039469284e-22,1.3884461430030743e-22
1,lbfgs,1469,250.0,600.0,7.204668545181149e-07,4.83887640359691e-07,8.136022486343044e-09,1.9039554821172473e-07,2.8535606966162325e-07,2.3647188314420315e-07,0.0,4.980110265855181e-19,1.7239057208881848e-22,1.3843409032244472e-22
1,lbfgs,1479,250.0,600.0,7.202543149695124e-07,4.834119926481058e-07,8.053764682708006e-09,1.9051605335449826e-07,2.8484217461089954e-07,2.367349913058894e-07,0.0,4.960641176898466e-19,1.727906790109221e-22,1.3782489248828978e-22
1,lbfgs,1489,250.0,600.0,7.200747444718599e-07,4.832502559032683e-07,8.099036817436342e-09,1.9069177321989298e-07,2.8445944586593893e-07,2.3671715755257862e-07,0.0,4.969667767966732e-19,1.727832360845967e-22,1.3753094202957078e-22
1,lbfgs,1499,250.0,600.0,7.198737841553622e-07,4.831295106936461e-07,8.188063755455694e-09,1.909747586069091e-07,2.8396668833128123e-07,2.3663694244520155e-07,0.0,4.991640017391481e-19,1.7268372909458635e-22,1.3721690430927558e-22
1,lbfgs,1509,250.0,600.0,7.197036447721307e-07,4.828390398876451e-07,8.131290764836662e-09,1.9111967162339712e-07,2.835880774994113e-07,2.3675727386718592e-07,0.0,4.975643914810603e-19,1.7286432500238413e-22,1.368639496437127e-22
1,lbfgs,1519,250.0,600.0,7.195136750568358e-07,4.824321500665982e-07,8.04613672307769e-09,1.9128329009904965e-07,2.8310272324447077e-07,2.3697419397181009e-07,0.0,4.954990705702046e-19,1.7317013901726725e-22,1.3636184987551673e-22
1,lbfgs,1529,250.0,600.0,7.193522040031628e-07,4.8227659707264e-07,8.092477887935249e-09,1.9143038089349261e-07,2.8275373829121217e-07,2.3696827591159033e-07,0.0,4.964510342676139e-19,1.7318584302549468e-22,1.3606588930892206e-22
1,lbfgs,1539,250.0,600.0,7.191726205227771e-07,4.821459106684132e-07,8.184415640352636e-09,1.9165351252883425e-07,2.823079824992263e-07,2.369193788348743e-07,0.0,4.9877385387487305e-19,1.731462559037706e-22,1.357231712898245e-22
1,lbfgs,1549,250.0,600.0,7.190191665435491e-07,4.818851526645262e-07,8.126441955259604e-09,1.9180575375611113e-07,2.8195295695315546e-07,2.370266828588137e-07,0.0,4.971210662054797e-19,1.7329774778028066e-22,1.3541289889454072e-22
1,lbfgs,1559,250.0,600.0,7.188493707906739e-07,4.815269802479622e-07,8.038866454863191e-09,1.9199345345728738e-07,2.8149466033581164e-07,2.3721505952149325e-07,0.0,4.949598714540717e-19,1.7354212118842456e-22,1.3498569175305016e-22
1,lbfgs,1569,250.0,600.0,7.187033625293219e-07,4.813810450726856e-07,8.086115111368872e-09,1.9211867403657095e-07,2.811762559247458e-07,2.372149864349177e-07,0.0,4.959531063905351e-19,1.7357030983144654e-22,1.3469600987585342e-22
1,lbfgs,1579,250.0,600.0,7.185427732106167e-07,4.812524240285121e-07,8.18060983955751e-09,1.9229925370166133e-07,2.8077256048729325e-07,2.3718301815980796e-07,0.0,4.983835160870494e-19,1.7356561172714766e-22,1.3434566974347755e-22
1,lbfgs,1589,250.0,600.0,7.184037001200504e-07,4.810142944848592e-07,8.121562952308833e-09,1.924533083258175e-07,2.804394232067329e-07,2.3728207461222578e-07,0.0,4.966839799255291e-19,1.7369703620272606e-22,1.3406833906337963e-22
1,lbfgs,1599,250.0,600.0,7.182517605018083e-07,4.806913119394554e-07,8.031797064567009e-09,1.926527315241577e-07,2.8000678335073073e-07,2.374531175384648e-07,0.0,4.944396395389661e-19,1.739006223527017e-22,1.3369539802410556e-22
1,lbfgs,1609,250.0,600.0,7.181191589823218e-07,4.805567790085708e-07,8.079868757520745e-09,1.9276079198724466e-07,2.797161182638054e-07,2.374550489493755e-07,0.0,4.954691548282404e-19,1.7393476821857372e-22,1.334165781775111e-22
1,lbfgs,1619,250.0,600.0,7.179753395269649e-07,4.804371788702247e-07,8.176784923808659e-09,1.9291027836045606e-07,2.7935011558595994e-07,2.3743082963178704e-07,0.0,4.979980911037281e-19,1.739494925361188e-22,1.3307095619083652e-22
1,lbfgs,1629,250.0,600.0,7.178487849065894e-07,4.802167664115844e-07,8.116710982884117e-09,1.9306275197738656e-07,2.790373034513137e-07,2.3752468746942392e-07,0.0,4.962548507201973e-19,1.7406660753592054e-22,1.3282002308887866e-22
1,lbfgs,1639,250.0,600.0,7.177125852642013e-07,4.799196827869964e-07,8.024820635317353e-09,1.9326595224644777e-07,2.786289099052312e-07,2.376855714507664e-07,0.0,4.93933601487235e-19,1.7424243916371099e-22,1.3248788283099679e-22
1,lbfgs,1649,250.0,600.0,7.175916849738426e-07,4.797972854942889e-07,8.07368306469088e-09,1.9336014910818722e-07,2.783634533214108e-07,2.3768706845264534e-07,0.0,4.949964070164674e-19,1.7427858505542032e-22,1.3222228002908147e-22
1,lbfgs,1659,250.0,600.0,7.174626334104291e-07,4.796905995586603e-07,8.17303837309598e-09,1.9348622481634995e-07,2.7803133636921434e-07,2.3766470282429504e-07,0.0,4.97620948636891e-19,1.7430322747564737e-22,1.318884365507847e-22
1,lbfgs,1669,250.0,600.0,7.173470233834428e-07,4.794843662400156e-07,8.111925597751226e-09,1.9363505654388024e-07,2.7773738409838413e-07,2.3775532611535969e-07,0.0,4.958346806323589e-19,1.7440973541832674e-22,1.316593558819032e-22
1,lbfgs,1679,250.0,600.0,7.172246768504303e-07,4.792066353902852e-07,8.017858813855127e-09,1.9383696493297007e-07,2.7735181164346e-07,2.3791071043127175e-07,0.0,4.934382991592302e-19,1.745660814836688e-22,1.3135899188855946e-22
1,lbfgs,1689,250.0,600.0,7.171140175518965e-07,4.790964737131764e-07,8.067516788460512e-09,1.9391964476865695e-07,2.7710931215605896e-07,2.3791021280939638e-07,0.0,4.945327618604586e-19,1.746018662224763e-22,1.3110763796240675e-22
1,lbfgs,1699,250.0,600.0,7.169979600375807e-07,4.790047661088467e-07,8.169444051399597e-09,1.94027556825521e-07,2.7680776523192614e-07,2.378858628988644e-07,0.0,4.972544562941246e-19,1.7463063553360628e-22,1.3078945946478236e-22
1,lbfgs,1709,250.0,600.0,7.168919346709192e-07,4.788100602888977e-07,8.107236295506542e-09,1.941715267831205e-07,2.7653129721027063e-07,2.3797454335158746e-07,0.0,4.954240688711645e-19,1.747289486616958e-22,1.3057894674093256e-22
1,lbfgs,1719,250.0,600.0,7.16781776659464e-07,4.785469110425697e-07,8.010850557101466e-09,1.9436892859315442e-07,2.761671318923139e-07,2.381275345856963e-07,0.0,4.929510893309735e-19,1.748710973290289e-22,1.3030409648206784e-22
1,lbfgs,1729,250.0,600.0,7.166800884136372e-07,4.784487281729564e-07,8.061337167090705e-09,1.9444180993160594e-07,2.759455810742598e-07,2.3812402920905315e-07,0.0,4.94076538009995e-19,1.749051488991428e-22,1.3006725385653062e-22
1,lbfgs,1739,250.0,600.0,7.165754649788838e-07,4.783730023015228e-07,8.16606350984611e-09,1.9453524046262278e-07,2.75671698329054e-07,2.380951316452107e-07,0.0,4.969004502268228e-19,1.7493456320073524e-22,1.2976674399980103e-22
1,lbfgs,1749,250.0,600.0,7.164778360023717e-07,4.781877538359305e-07,8.102667423977049e-09,1.9467365675267642e-07,2.7541142965927703e-07,2.3818275113375212e-07,0.0,4.950234113175992e-19,1.7502628215872047e-22,1.2957231786473399e-22
1,lbfgs,1759,250.0,600.0,7.163784061500707e-07,4.779355606638764e-07,8.003744273366016e-09,1.9486451557749407e-07,2.750673008130163e-07,2.3833551445277655e-07,0.0,4.924698257387795e-19,1.7515765374351331e-22,1.2931844132332885e-22
1,lbfgs,1769,250.0,600.0,7.162845753681596e-07,4.778489205329041e-07,8.05511600976477e-09,1.949289064830598e-07,2.7486489804007953e-07,2.3832832380142864e-07,0.0,4.9362631125813435e-19,1.7518921123843395e-22,1.290959413068447e-22
1,lbfgs,1779,250.0,600.0,7.161900201820368e-07,4.777895997339688e-07,8.162953476734869e-09,1.9501053881875075e-07,2.7461610743848325e-07,2.3829308941374376e-07,0.0,4.965605444569475e-19,1.7521722216721799e-22,1.2881401329166866e-22
1,lbfgs,1789,250.0,600.0,7.160997426141473e-07,4.776121246764755e-07,8.09824140037958e-09,1.9514303670374754e-07,2.7437084657234835e-07,2.3838028690283172e-07,0.0,4.94633029567403e-19,1.7530343521266374e-22,1.2863371011232479e-22
1,lbfgs,1799,250.0,600.0,7.160213929604987e-07,4.774773707159952e-07,8.08064295289536e-09,1.9524810258569364e-07,2.7414862517740617e-07,2.3843669120919403e-07,0.0,4.940938608309659e-19,1.753682206224685e-22,1.2844101756100628e-22
1,lbfgs,1809,250.0,600.0,7.159228095449448e-07,4.772923966497011e-07,8.04882708746083e-09,1.953829935922646e-07,2.738605759699756e-07,2.3852308185931646e-07,0.0,4.931808072834182e-19,1.754549550502024e-22,1.281887921873877e-22
1,lbfgs,1819,250.0,600.0,7.158477171582521e-07,4.771921820471672e-07,8.063524628484501e-09,1.9546942711806642e-07,2.736592303006163e-07,2.385482040747314e-07,0.0,4.935023305728055e-19,1.755031273798652e-22,1.2799823926112204e-22
1,lbfgs,1829,250.0,600.0,7.157532814446307e-07,4.770784983239306e-07,8.093980917629437e-09,1.955812926935293e-07,2.7340322471277187e-07,2.3856745208380615e-07,0.0,4.942532572449361e-19,1.755618721109799e-22,1.2775794971337837e-22
1,lbfgs,1839,250.0,600.0,7.156812401584108e-07,4.769513591365501e-07,8.075803140794588e-09,1.9567982957865615e-07,2.731957264170994e-07,2.3862254998451744e-07,0.0,4.936960366304934e-19,1.7562244454378392e-22,1.275778729061113e-22
1,lbfgs,1849,250.0,600.0,7.155906949422497e-07,4.7677494904015556e-07,8.042444383844676e-09,1.9580597065505097e-07,2.7292653400125993e-07,2.38708414864159e-07,0.0,4.927388307738658e-19,1.7570333458047328e-22,1.2734120324076302e-22
1,lbfgs,1859,250.0,600.0,7.155215112980125e-07,4.766836660912868e-07,8.057703345155784e-09,1.9588602665060902e-07,2.72739936095522e-07,2.387305141683837e-07,0.0,4.930784765137024e-19,1.7574813959878606e-22,1.271634440206473e-22
1,lbfgs,1869,250.0,600.0,7.154346160452467e-07,4.765827523166092e-07,8.089910515787476e-09,1.9599004862484934e-07,2.7250279317597237e-07,2.3874453268978044e-07,0.0,4.938844996269868e-19,1.758028856414807e-22,1.2694035473710045e-22
1,lbfgs,1879,250.0,600.0,7.153681084260134e-07,4.764622071484019e-07,8.071069746777584e-09,1.9608222927670166e-07,2.723089081249227e-07,2.387985702383239e-07,0.0,4.933067225001435e-19,1.7585962633314624e-22,1.2677174413687835e-22
1,lbfgs,1889,250.0,600.0,7.152846382844463e-07,4.762927833556168e-07,8.035940738649122e-09,1.9619960673996308e-07,2.720572358770046e-07,2.3888452388897344e-07,0.0,4.922992132948304e-19,1.7593531289730424e-22,1.2654888143785829e-22
1,lbfgs,1899,250.0,600.0,7.152206361024952e-07,4.7620983542334573e-07,8.051836776506439e-09,1.962738165776401e-07,2.718841820691992e-07,2.3890346963890513e-07,0.0,4.926587430296667e-19,1.759768638019272e-22,1.2638320481788846e-22
1,lbfgs,1909,250.0,600.0,7.151403809914613e-07,4.761212396024848e-07,8.086057883648081e-09,1.9637090114761412e-07,2.716642805712226e-07,2.389118103482414e-07,0.0,4.935272811877766e-19,1.7602763924543748e-22,1.2617666530685886e-22
1,lbfgs,1919,250.0,600.0,7.150787239118538e-07,4.760063660688654e-07,8.06645423299169e-09,1.9645691377644397e-07,2.7148299805942975e-07,2.3896502680183986e-07,0.0,4.929259151910684e-19,1.7608085965432398e-22,1.2601847868532897e-22
1,lbfgs,1929,250.0,600.0,7.150014876757964e-07,4.7584248166718965e-07,8.029286854783814e-09,1.9656555926989016e-07,2.7124763554251565e-07,2.390516749669113e-07,0.0,4.918607768237494e-19,1.7615183623188596e-22,1.258078354683191e-22
1,lbfgs,1939,250.0,600.0,7.149420248837105e-07,4.7576734799212703e-07,8.045909306350221e-09,1.9663441623096615e-07,2.7108702245481066e-07,2.390673458495171e-07,0.0,4.922423272631113e-19,1.7619027648569367e-22,1.2565358005298442e-22
1,lbfgs,1949,250.0,600.0,7.148676245183139e-07,4.7569072721588274e-07,8.082454964077783e-09,1.96725404995603e-07,2.70882867256202e-07,2.390695662598975e-07,0.0,4.931822848465649e-19,1.7623719387695962e-22,1.2546299146571396e-22
1,lbfgs,1959,250.0,600.0,7.148102140136374e-07,4.7558067574278705e-07,8.061970110952503e-09,1.968054363141618e-07,2.7071326931767274e-07,2.391222072279193e-07,0.0,4.925536986112002e-19,1.7628715733075725e-22,1.2531426710071014e-22
1,lbfgs,1969,250.0,600.0,7.147384789535176e-07,4.7542096595365053e-07,8.022450438182623e-09,1.9690538663094457e-07,2.7049312888452337e-07,2.392101819564087e-07,0.0,4.914223049054286e-19,1.7635381936104023e-22,1.2511436062568862e-22
1,lbfgs,1979,250.0,600.0,7.146829868787648e-07,4.753532043107352e-07,8.03990383797242e-09,1.9696935977884505e-07,2.7034394069391774e-07,2.392224515242169e-07,0.0,4.918284158063415e-19,1.7638930701378612e-22,1.2497092502530702e-22
1,lbfgs,1989,250.0,600.0,7.146137583532405e-07,4.7528834563608923e-07,8.079139045235815e-09,1.9705506427601022e-07,2.701541423148432e-07,2.3921808167289374e-07,0.0,4.928503901133348e-19,1.7643252621470818e-22,1.2479577196674222e-22
1,lbfgs,1999,250.0,600.0,7.145600583418253e-07,4.751823188812516e-07,8.057633393870086e-09,1.9712928777016278e-07,2.6999539771721873e-07,2.392704084159336e-07,0.0,4.921902575859565e-19,1.764794616613016e-22,1.2465560901175723e-22
1,lbfgs,2009,250.0,600.0,7.144931887901774e-07,4.7502546315729184e-07,8.01539542063316e-09,1.9722055678115667e-07,2.69789510955502e-07,2.393603945877357e-07,0.0,4.909825191800161e-19,1.765421376389846e-22,1.2446502037387877e-22
1,lbfgs,2019,250.0,600.0,7.144411613373028e-07,4.749647103442039e-07,8.033801356422746e-09,1.972801008462168e-07,2.6965080814156435e-07,2.393691199476106e-07,0.0,4.914161691065209e-19,1.765748358188989e-22,1.243318690897921e-22
1,lbfgs,2029,250.0,600.0,7.143765138910427e-07,4.7491154657587214e-07,8.076153916716409e-09,1.9736132794022376e-07,2.69474064718932e-07,2.39357636269259e-07,0.0,4.925327135531956e-19,1.7661454121338683e-22,1.2417174091342773e-22
1,lbfgs,2039,250.0,600.0,7.143260457362403e-07,4.7480878186948586e-07,8.05346307035627e-09,1.9742989530669073e-07,2.6932542349243887e-07,2.39409932820474e-07,0.0,4.918358922341257e-19,1.766586520311286e-22,1.2403928416305843e-22
1,lbfgs,2049,250.0,600.0,7.142634937614904e-07,4.7465347254630626e-07,8.008081214503882e-09,1.9751245330150506e-07,2.691329380302973e-07,2.3950269016840985e-07,0.0,4.905400595781802e-19,1.7671762317907842e-22,1.2385662663484233e-22
1,lbfgs,2059,250.0,600.0,7.142144772835954e-07,4.7459944387012573e-07,8.027580490531599e-09,1.9756801611589228e-07,2.6900384726370186e-07,2.3950770236637196e-07,0.0,4.910047068442962e-19,1.7674769442167965e-22,1.2373329360880584e-22
1,lbfgs,2069,250.0,600.0,7.141539039905312e-07,4.745580674955661e-07,8.073551165841874e-09,1.976455880773768e-07,2.6883892825234747e-07,2.39488505447465e-07,0.0,4.922306547684526e-19,1.7678408106403404e-22,1.2358790007902843e-22
1,lbfgs,2079,250.0,600.0,7.141062366045249e-07,4.7445782093989614e-07,8.049481629087232e-09,1.9770862246548962e-07,2.686997168453193e-07,2.395410846167722e-07,0.0,4.914910341408224e-19,1.7682555077323377e-22,1.2346232737396996e-22
1,lbfgs,2089,250.0,600.0,7.14047534720165e-07,4.7430273572445e-07,8.000461972049855e-09,1.9778237983707797e-07,2.685198939153222e-07,2.3963746794737916e-07,0.0,4.900934675048119e-19,1.7688106356184262e-22,1.2328621997315298e-22
1,lbfgs,2099,250.0,600.0,7.140011182746536e-07,4.74255224171309e-07,8.02121705627538e-09,1.9783440831144406e-07,2.683995988035896e-07,2.3963856305469945e-07,0.0,4.905930936706801e-19,1.7690866652169516e-22,1.2317231109334586e-22
1,lbfgs,2109,250.0,600.0,7.139441897866549e-07,4.742259016576153e-07,8.071391684796605e-09,1.9790918015537628e-07,2.682453298174424e-07,2.3961095708001247e-07,0.0,4.919459509497866e-19,1.7694193185241789e-22,1.2304149550406063e-22
1,lbfgs,2119,250.0,600.0,7.138989299516992e-07,4.741274328835755e-07,8.04571566163339e-09,1.9796677028231997e-07,2.6811494693962215e-07,2.396641660187516e-07,0.0,4.911562654352223e-19,1.769809278789799e-22,1.2292200663935502e-22
1,lbfgs,2129,250.0,600.0,7.138436859219053e-07,4.739712093719887e-07,7.99248583762325e-09,1.98031563524463e-07,2.6794716000990243e-07,2.397651455000779e-07,0.0,4.896411721232955e-19,1.7703320206026402e-22,1.2275105030866733e-22
1,lbfgs,2139,250.0,600.0,7.137994915638159e-07,4.739300848313533e-07,8.014683568094657e-09,1.9808050880122758e-07,2.678348924620311e-07,2.397620756823284e-07,0.0,4.901803249080196e-19,1.7705848969893036e-22,1.2264624569336745e-22
1,lbfgs,2149,250.0,600.0,7.137458520194926e-07,4.7391327288633236e-07,8.069747461525784e-09,1.9815338464606713e-07,2.6769014077873945e-07,2.3972524808266365e-07,0.0,4.916807432229855e-19,1.770888287247887e-22,1.2252999744476298e-22
2,adam,0,600.0,1090.0,0.02369044767877383,0.01776783569170532,0.0002773925972047046,0.004366126943764391,0.013124316150736226,0.005922611897235107,0.0,1.0502033330833106e-14,4.4673130524321827e-23,4.1504657810650416e-22
2,adam,24,600.0,1090.0,0.01762183281887394,0.014744891634613668,1.0091746965585426e-05,0.0020764859086507353,0.012658313978997348,0.002876941092546131,0.0,1.983375346148231e-16,1.9345167896416445e-23,3.3666649680854205e-22
2,adam,49,600.0,1090.0,0.011201423828559733,0.008222202207262084,4.878543666323536e-06,0.004022206927108151,0.004195116736487608,0.002979221525489934,0.0,8.415954381821299e-17,4.7508670406987636e-24,3.4388096270732106e-23
2,adam,74,600.0,1090.0,0.0051158112420305706,0.003914202028568949,2.3986860356570255e-07,0.00033556198880139965,0.0035784001711639834,0.0012016091129443383,0.0,5.3646423410306054e-18,1.0476119205228749e-24,1.4861736799660327e-23
2,adam,99,600.0,1090.0,0.0019696025371627947,0.0015353231846399913,3.52764985673844e-07,0.00012785294310369079,0.0014071174765506267,0.0004342792480635062,0.0,7.104939069865384e-18,4.313571742564542e-25,5.078534090098494e-24
2,adam,124,600.0,1090.0,0.0008839019862953962,0.0006868832551093877,1.703272407133431e-07,0.00016610511947767626,0.0005206078083909981,0.0001970186244832141,0.0,3.1437268912830138e-18,2.0625013280933606e-25,1.9976769197274676e-24
2,adam,149,600.0,1090.0,0.0008667716839923428,0.0006171285019675636,2.1097666095545354e-07,0.00045629026490715777,0.0001606272603994504,0.00024964307395474746,0.0,4.04530333414476e-18,1.2234700439819524e-25,8.36225091158801e-25
2,adam,174,600.0,1090.0,0.0005621340143437563,0.00040505057311179,7.134306587036142e-07,0.00016720919180037073,0.00023712795065271565,0.00015708333230768018,0.0,1.5773450354658542e-17,3.075220007586039e-26,5.022645345055675e-25
2,adam,199,600.0,1090.0,0.0005276746451695359,0.0003570183969255879,1.2654830859231691e-07,0.00032289285159151743,3.399899702547816e-05,0.00017065613868195602,0.0,3.345269207272372e-18,3.784949411715273e-26,1.9109296751748265e-25
2,adam,224,600.0,1090.0,0.0009056397103078267,0.0006110525632592414,1.1913678211378728e-07,0.0005710274948430741,3.9905931634053545e-05,0.0002945870377304786,0.0,2.476206109625734e-18,3.969385270917728e-26,1.4072780006944943e-25
2,adam,249,600.0,1090.0,0.00011146385660156319,8.389894398060658e-05,3.4472932095387006e-08,3.482739544568046e-05,4.903707560283072e-05,2.7564802952680886e-05,0.0,6.761280376390278e-19,7.353677371580316e-27,1.1464829847345303e-25
2,adam,274,600.0,1090.0,3.255837360744808e-05,2.324885956429434e-05,3.12239692268086e-08,1.1318522382844901e-05,1.189911321222263e-05,9.309403879937093e-06,0.0,6.509672452369733e-19,5.452317059228313e-27,4.730547867874819e-26
2,adam,299,600.0,1090.0,0.001653502412150339,0.0011256382327381755,3.1887069444794816e-07,0.0010043241847055896,0.00012099517733813795,0.0005278640688867097,0.0,8.038920495772902e-18,9.282354623460644e-27,5.170377496665809e-26
2,adam,324,600.0,1090.0,0.0004964444807415524,0.00034668183755124965,2.3362011422971612e-07,0.0002786531000215075,6.779511741551248e-05,0.0001497625333013725,0.0,6.315417829137754e-18,3.695884624347853e-27,7.469136434481477e-26
2,adam,349,600.0,1090.0,6.477315830992218e-05,4.279827537300018e-05,1.542210588157023e-07,3.429638047421902e-05,8.347673839965453e-06,2.197477289661103e-05,0.0,3.6406082100961744e-18,4.702753167344875e-27,2.883825709289836e-26
2,adam,374,600.0,1090.0,7.416780989346507e-06,5.463766101107567e-06,2.182200735143652e-08,5.660564472851977e-07,4.875887646470933e-06,1.9529045384852352e-06,0.0,4.734418846462997e-19,1.4062165174127818e-27,1.5511876882587318e-26
2,adam,399,600.0,1090.0,5.362730513828933e-06,4.150629668315447e-06,2.2998058154074093e-08,1.0062521604805829e-06,3.1213794496807902e-06,1.2119902517203322e-06,0.0,4.429947412730482e-19,6.224894118844538e-28,8.615671135985005e-27
2,adam,424,600.0,1090.0,3.353755192433898e-06,2.4044486277749154e-06,1.6907985042597605e-08,2.366204170944865e-07,2.150920225637831e-06,9.491957880291944e-07,0.0,3.380233076704605e-19,4.393669897879188e-28,5.543848883546399e-27
2,adam,449,600.0,1090.0,0.006707014660618139,0.004509633250734865,2.798813597680812e-06,0.00396748705066378,0.0005393473864734047,0.0021973812990005643,0.0,6.701324639165055e-17,6.975928351101819e-26,1.6033503611067865e-26
2,adam,474,600.0,1090.0,0.0005156730837487,0.0003417685779366153,5.423945409561374e-07,0.0003207655559826851,2.0460627412974043e-05,0.00017390439576971554,0.0,1.0213821742030599e-17,1.4304490403280505e-26,3.237032101736737e-26
2,adam,499,600.0,1090.0,8.496005936515453e-06,6.76073300933611e-06,9.346488765964362e-07,5.697045947627093e-07,5.256379537976964e-06,1.7351627561418837e-06,0.0,2.3847403735683947e-17,1.5867169886208298e-27,1.935656948478218e-26
2,adam,524,600.0,1090.0,6.550175377677216e-06,4.073539386542537e-06,4.2595221932382435e-08,1.5814108956967787e-06,2.449533268913376e-06,2.4765255705757593e-06,0.0,9.308783087554692e-19,7.125996077057646e-28,6.531092359009502e-27
2,adam,549,600.0,1090.0,2.8278976195420587e-06,1.8312179170044878e-06,2.5114258816633294e-08,1.2859268025035755e-07,1.677510977937497e-06,9.965691044681685e-07,0.0,5.31749778338581e-19,3.099800079008538e-28,3.669804636719451e-27
2,adam,574,600.0,1090.0,2.494631781413667e-06,1.5633460942511847e-06,1.489796871820629e-08,1.291042630460676e-07,1.4193438624869107e-06,9.311749595179554e-07,0.0,3.040116272925563e-19,2.2906639402206913e-28,2.6621039842129284e-27
2,adam,599,600.0,1090.0,0.000569790446925632,0.00037766809406963354,1.2510111799491616e-06,0.0003472215481861894,2.9195534703494956e-05,0.00019212224232632383,0.0,3.4428364860600887e-17,9.618442296483047e-27,8.752144502993957e-27
2,adam,624,600.0,1090.0,3.0008928163686593e-05,2.031186216725577e-05,9.699927659691816e-08,1.558925283701561e-05,4.625610053643243e-06,9.696955940107364e-06,0.0,1.9729650890393817e-18,3.064428948323642e-27,2.2407950517089174e-26
2,adam,649,600.0,1090.0,3.903903184441031e-06,2.9797333202030607e-06,2.3561022493025372e-08,7.060813662818146e-07,2.2500909314282206e-06,9.240596283217977e-07,0.0,4.928273748775241e-19,5.214069964887008e-28,7.280384729894566e-27
2,adam,674,600.0,1090.0,1.0827908807011881e-05,8.026487142579424e-06,2.088804736917377e-08,6.501215317233332e-06,1.5043837779769175e-06,2.8013112470060114e-06,0.0,4.43285001581319e-19,1.8591161654522801e-28,3.5489757339190656e-27
2,adam,699,600.0,1090.0,0.0005783757916432188,0.000396830604586201,9.937547669572645e-07,0.00033566814580805076,6.0168704011192995e-05,0.00018154507695427856,0.0,2.7007245643355123e-17,3.117061390208208e-27,3.9740682147273547e-26
2,adam,724,600.0,1090.0,7.667544358241586e-05,5.104444371335837e-05,2.3412380582759613e-07,4.615839681306944e-05,4.651923094461336e-06,2.563088982570328e-05,0.0,5.9438914474764475e-18,2.8212967039959223e-27,1.1447360122808768e-26
2,adam,749,600.0,1090.0,1.9853665538863303e-05,1.4357703524502206e-05,1.8330633682122918e-08,1.2381162480289425e-05,1.958210410530658e-06,5.495851753200175e-06,0.0,4.348012940908771e-19,2.176595867534326e-28,4.021942983855687e-27
2,adam,774,600.0,1090.0,0.0020696647736231375,0.0014040165156352618,2.2071472111879924e-08,0.0012516883497847664,0.00015230609437838358,0.0006656481476481416,0.0,4.977054786085791e-19,2.0272892991788067e-26,3.2109254471430515e-27
2,adam,799,600.0,1090.0,0.00016534012533491629,0.00011133425312884291,1.9025567173676803e-07,0.00010446616006122774,6.677837395878409e-06,5.400576219900473e-05,0.0,4.309685051806329e-18,5.1407908695543336e-27,1.6150676196192927e-26
2,adam,824,600.0,1090.0,1.8292734651806694e-06,1.2313144499505793e-06,2.463825282136349e-08,9.548731380703097e-08,1.111188883322185e-06,5.97848794362603e-07,0.0,6.620892352335478e-19,2.664687054596265e-28,3.3685285955131834e-27
2,adam,849,600.0,1090.0,1.597739611612422e-06,1.1483499188841757e-06,1.4738779040918151e-08,3.6801585437933394e-07,7.655952854639236e-07,4.4927933541246993e-07,0.0,3.1010177955836424e-19,1.0647196230568947e-28,1.6736490652626907e-27
2,adam,874,600.0,1090.0,0.00012933713710706684,8.823993834889466e-05,5.661507801926427e-07,8.068193682286253e-05,6.991850745839487e-06,4.109708831173458e-05,0.0,1.3968912330829152e-17,9.270145542051148e-28,3.8668966429647336e-27
2,adam,899,600.0,1090.0,0.0003428357545191986,0.00022908688768897024,3.4476368448358086e-06,0.00021504058532104183,1.059866552309261e-05,0.00011374875676335758,0.0,8.417360205065831e-17,9.85324341320425e-27,2.3034029426570403e-26
2,adam,924,600.0,1090.0,1.732507860654705e-05,1.101478852455596e-05,4.48903060752889e-07,8.57321481434412e-06,1.9926706494589497e-06,6.310179852776185e-06,0.0,1.1559218801243142e-17,5.583272338492135e-28,2.549081400892007e-27
2,adam,949,600.0,1090.0,0.0005048852713705895,0.00034016124370421155,3.962036245166117e-08,0.0003047322881946948,3.538933514706514e-05,0.00016472391742955545,0.0,1.0558023432596126e-18,3.2787393798881544e-27,1.4051914899764293e-26
2,adam,974,600.0,1090.0,8.118829394060177e-05,5.3213330796169963e-05,7.846152056854795e-09,4.855779885784845e-05,4.647685786264653e-06,2.7974852905291383e-05,0.0,2.0421465886200424e-19,1.8715217803415772e-27,4.072169531082918e-27
2,adam,999,600.0,1090.0,5.088482326757759e-05,3.5226819622212464e-05,5.1230799922519686e-08,2.3995854660326322e-05,1.1179734161963625e-05,1.5657893508471997e-05,0.0,1.5297594138179355e-18,9.567698601427805e-28,1.9792700919906017e-26
2,adam,1024,600.0,1090.0,7.794042937096885e-05,5.1578688052565965e-05,7.445689274624392e-08,4.7183184516559596e-05,4.321046643260123e-06,2.636163120404078e-05,0.0,1.804675809102347e-18,1.9210568002658758e-27,5.069653592464503e-27
2,adam,1049,600.0,1090.0,0.000671326882303846,0.00045361659334685933,7.522667606657439e-08,0.00038460794533563803,6.893342133515471e-05,0.00021771017897383402,0.0,1.9164708232473284e-18,3.6402861338411156e-27,4.187737684477039e-26
2,adam,1074,600.0,1090.0,0.00017538180356513835,0.00011695494652372842,1.0329016897172296e-06,0.00010574078667153927,1.0181258162471909e-05,5.8426747233624876e-05,0.0,2.700017798102682e-17,3.194272407167822e-27,4.601656639406172e-27
2,adam,1099,600.0,1090.0,1.8298474681432266e-06,1.1367597264258127e-06,8.981329890749112e-08,2.0136643242439417e-07,8.455799950939273e-07,6.929778150288979e-07,0.0,2.1284106809669504e-18,1.589818736351883e-28,1.7032257773703125e-27
2,adam,1124,600.0,1090.0,0.00031472129666089687,0.00021010782759099236,2.9136265678059912e-08,0.0001882899672596355,2.178872406567879e-05,0.00010461335905355953,0.0,6.265227860445066e-19,3.525425703762584e-27,9.239170437811713e-28
2,adam,1149,600.0,1090.0,0.00011100291675636904,7.606308929718589e-05,4.277311415496551e-07,5.995698639801434e-05,1.5678371757621894e-05,3.493971758445456e-05,0.0,1.0912360777121361e-17,9.162143604446779e-28,1.8231802981533302e-26
2,adam,1174,600.0,1090.0,0.001182153740430066,0.0007974856831293256,7.604373272933918e-07,0.0007303668361234762,6.635840967855603e-05,0.0003846679472758881,0.0,1.8374528261439827e-17,8.563722819458233e-27,1.030443858254315e-26
2,adam,1199,600.0,1090.0,4.9361731290820004e-05,3.4213213141274994e-05,2.1361036050946282e-07,2.445339266395279e-05,9.546210116812746e-06,1.5148408463450932e-05,0.0,5.4902442739784586e-18,8.184866875441446e-28,1.6550519965049295e-26
2,adam,1224,600.0,1090.0,1.5027856393568675e-05,9.628563991687896e-06,1.0577941539545384e-07,7.258780010675333e-06,2.2640045656171077e-06,5.399182564777533e-06,0.0,2.463300498026767e-18,2.43064892762319e-28,5.804798364316001e-28
2,adam,1249,600.0,1090.0,9.580830050929524e-07,7.203979146196552e-07,1.3090596749637317e-07,1.585039700703081e-07,4.3098797705297385e-07,2.375751691410285e-07,0.0,3.189511482982979e-18,1.1572713388213226e-28,1.6628761619339605e-27
2,adam,1274,600.0,1090.0,0.0018852370822570966,0.0012649507509355723,7.759890633829799e-08,0.0011393043556672472,0.00012556879636198666,0.000620286221355706,0.0,1.610521253616287e-18,2.0770561362080152e-26,3.093875819943668e-27
2,adam,1299,600.0,1090.0,9.640267244894747e-05,6.39738452170261e-05,5.708651438466458e-06,5.3195775125825086e-05,5.0694186527345525e-06,3.2428717489295734e-05,0.0,1.281005706757839e-16,1.8318773024809032e-27,3.272656693109782e-27
2,adam,1324,600.0,1090.0,0.00012821332528975188,8.691546834509815e-05,6.702490644855361e-07,6.784159571736804e-05,1.840362356324457e-05,4.12977472646859e-05,0.0,1.761698384884791e-17,1.0263772937416552e-27,2.0904531788323792e-26
2,adam,1349,600.0,1090.0,8.108430385228906e-05,5.352987944630093e-05,1.4811213501941806e-08,4.606951202499933e-05,7.445556207799651e-06,2.7554314541213267e-05,0.0,2.9479748634497087e-19,7.857639398889049e-28,1.6357435846681935e-28
2,adam,1374,600.0,1090.0,7.097802845759026e-06,5.377073774237249e-06,1.3929743146982276e-08,4.4553104032757274e-07,4.917612990762694e-06,1.7206193435362952e-06,0.0,3.4559092340453528e-19,1.4009456215414886e-27,1.701366562736399e-26
2,adam,1399,600.0,1090.0,5.281005095483625e-06,3.7570392790170356e-06,7.113035227190836e-09,3.574008961479323e-06,1.7591728231052166e-07,1.5238559100777514e-06,0.0,1.6403568544744094e-19,5.67393115942866e-29,2.0372686350583076e-28
2,lbfgs,1400,600.0,1090.0,8.227348133514032e-06,5.293651179031106e-06,8.13610710175906e-09,3.839851851554976e-06,1.445663220374371e-06,2.933587045467198e-06,0.0,1.860240319731001e-19,5.816437842152718e-29,6.113232566722427e-29
2,lbfgs,1409,600.0,1090.0,6.472063639742274e-07,4.409238475453184e-07,8.131575654421524e-09,8.248593143413671e-08,3.5030634045676016e-07,2.0617260741351593e-07,0.0,1.8586753295373427e-19,7.9731813022712e-30,1.1625457091389423e-28
2,lbfgs,1419,600.0,1090.0,5.519366626397971e-07,3.654042559181567e-07,1.0411127658211112e-08,4.164897376392848e-08,3.1334415449601715e-07,1.864224978213591e-07,0.0,2.2746077836383064e-19,2.0153652884086526e-29,3.0199413280290033e-28
2,lbfgs,1429,600.0,1090.0,4.929114883046268e-07,3.3628339737111767e-07,7.981697046714235e-09,4.490825403666779e-08,2.8339344628773567e-07,1.5651818217513674e-07,0.0,1.8033082832163577e-19,4.905333357117964e-29,6.835582088774181e-28
2,lbfgs,1439,600.0,1090.0,4.925925885311488e-07,3.357975942556627e-07,7.981230548051487e-09,4.4483492944108654e-08,2.8333287076350255e-07,1.5668508551498316e-07,0.0,1.8035193410688997e-19,4.8781882092311285e-29,6.792051234103748e-28
2,lbfgs,1449,600.0,1090.0,4.922198496835921e-07,3.3510503032656933e-07,7.980402004979292e-09,4.378860269028879e-08,2.8333602563130125e-07,1.570049105934515e-07,0.0,1.803524982228529e-19,4.836265592261865e-29,6.7247098639318265e-28
2,lbfgs,1459,600.0,1090.0,4.919065234370805e-07,3.351020807731593e-07,7.978745767949167e-09,4.4074985043969726e-08,2.830483499612404e-07,1.566945339004166e-07,0.0,1.8030104522407009e-19,4.862156279116449e-29,6.758735602209175e-28
2,lbfgs,1469,600.0,1090.0,4.915411738766713e-07,3.3521572902486034e-07,7.977042844207491e-09,4.4626047366575654e-08,2.8261263881407717e-07,1.5621553608864026e-07,0.0,1.8027975185698898e-19,4.9014002047123275e-29,6.812679265152857e-28
2,lbfgs,1479,600.0,1090.0,4.912332706704948e-07,3.3474133792300563e-07,7.976383503438475e-09,4.41941153550699e-08,2.8257083906449727e-07,1.5638202398225687e-07,0.0,1.8028139068695076e-19,4.8757522465264874e-29,6.77090058908003e-28
2,lbfgs,1489,600.0,1090.0,4.908752637201929e-07,3.34060994975625e-07,7.97479212345105e-09,4.346545764308887e-08,2.826207452090851e-07,1.5670435997646731e-07,0.0,1.802132322988332e-19,4.8388562705422436e-29,6.709188782269366e-28
2,lbfgs,1499,600.0,1090.0,4.905725992103766e-07,3.3406424275650466e-07,7.973469985760351e-09,4.3771466209316484e-08,2.823193065614278e-07,1.5639844768578405e-07,0.0,1.801896214808504e-19,4.8627981647178833e-29,6.741098179845208e-28
2,lbfgs,1509,600.0,1090.0,4.902219701076372e-07,3.341907199502702e-07,7.972913079618394e-09,4.438464396441611e-08,2.818331629062357e-07,1.5592134138939362e-07,0.0,1.8026378248200135e-19,4.895274355684316e-29,6.7876944421767395e-28
2,lbfgs,1519,600.0,1090.0,4.899242911850986e-07,3.3372541218537564e-07,7.971816734242254e-09,4.393474712612065e-08,2.8181884832501276e-07,1.5608897022980034e-07,0.0,1.8022777723087854e-19,4.872356078380707e-29,6.748995648590476e-28
2,lbfgs,1529,600.0,1090.0,4.895812184616806e-07,3.3305160872847845e-07,7.96890764265065e-09,4.313866442635459e-08,2.819440366594732e-07,1.5641970096075905e-07,0.0,1.8003560296314925e-19,4.844673015692017e-29,6.697409646747292e-28
2,lbfgs,1539,600.0,1090.0,4.892881493940149e-07,3.3306262587239866e-07,7.968082917899264e-09,4.347691965103974e-08,2.816176233034597e-07,1.561156147490728e-07,0.0,1.8006040130985224e-19,4.8650069134066125e-29,6.725420331841101e-28
2,lbfgs,1549,600.0,1090.0,4.889530774792016e-07,3.332100155487251e-07,7.969853151519696e-09,4.4198954408208566e-08,2.8104120798899685e-07,1.5563315315762677e-07,0.0,1.803153471182834e-19,4.885027864757782e-29,6.758559275488076e-28
2,lbfgs,1559,600.0,1090.0,4.88664010247082e-07,3.3274961516050215e-07,7.967730497111784e-09,4.371158800946961e-08,2.8107029665392074e-07,1.558044863119726e-07,0.0,1.8020491675372735e-19,4.867096743572008e-29,6.7253676863047115e-28
2,lbfgs,1569,600.0,1090.0,4.883378636727711e-07,3.320738606761753e-07,7.962764912600437e-09,4.278806341364964e-08,2.813230323499252e-07,1.5615409422008797e-07,0.0,1.79794016883833e-19,4.8563237424951396e-29,6.6921491207077945e-28
2,lbfgs,1579,600.0,1090.0,4.880517686772438e-07,3.3209474010791056e-07,7.962485619094197e-09,4.3181126855892596e-08,2.8095112763292377e-07,1.5584711979250347e-07,0.0,1.798988625644167e-19,4.8699970547344864e-29,6.712994638921582e-28
2,lbfgs,1589,600.0,1090.0,4.877363572534539e-07,3.3227888161641856e-07,7.96928986583798e-09,4.409728832178422e-08,2.802123034287964e-07,1.553475668591096e-07,0.0,1.8050428227187833e-19,4.8671374119126133e-29,6.721500255292364e-28
2,lbfgs,1599,600.0,1090.0,4.714802167628595e-07,3.193720506111718e-07,8.989816824710673e-09,3.933415810550777e-08,2.710480756809534e-07,1.5199825730128251e-07,0.0,1.9727696409832117e-19,5.742784176731367e-29,7.158491078056848e-28
2,lbfgs,1609,600.0,1090.0,4.549241516376713e-07,3.0601647034002914e-07,7.686707354560988e-09,5.119290510784659e-08,2.4713685787762154e-07,1.4879777224523036e-07,0.0,1.7568606536121733e-19,4.905320358040996e-29,5.708602251569714e-28
2,lbfgs,1619,600.0,1090.0,4.546297387682592e-07,3.057496804156524e-07,7.687752888113302e-09,5.094824625690335e-08,2.4711368127063577e-07,1.487701492893574e-07,0.0,1.760687473511423e-19,4.8693303143397796e-29,5.682548022412035e-28
2,lbfgs,1629,600.0,1090.0,4.543986049657545e-07,3.056477819571248e-07,7.671541469760393e-09,5.09712082417696e-08,2.4700503224559484e-07,1.4864091393724165e-07,0.0,1.7558616590082115e-19,4.884782157239577e-29,5.6943228076517e-28
2,lbfgs,1639,600.0,1090.0,4.5410483607289284e-07,3.055401041801965e-07,7.648424090218349e-09,5.109405847072531e-08,2.4679762161925283e-07,1.484548228102443e-07,0.0,1.7484132134901014e-19,4.9136787008246016e-29,5.714377492151273e-28
2,lbfgs,1649,600.0,1090.0,4.5387504761776264e-07,3.053496338562994e-07,7.644168901033749e-09,5.104245352163628e-08,2.466630114336294e-07,1.4841550466983095e-07,0.0,1.7494859083928624e-19,4.895099405528587e-29,5.697491258315003e-28
2,lbfgs,1659,600.0,1090.0,4.535820751749221e-07,3.050891194975122e-07,7.64339267488021e-09,5.0912325576638194e-08,2.465334012459938e-07,1.4838304657402758e-07,0.0,1.752681187034262e-19,4.86302215992538e-29,5.670666252834037e-28
2,lbfgs,1669,600.0,1090.0,4.5335344205253813e-07,3.049869997857957e-07,7.627989824877211e-09,5.089749228326749e-08,2.4646151767765097e-07,1.4825653315557452e-07,0.0,1.7481043601703561e-19,4.8771474276950347e-29,5.682712472350784e-28
2,lbfgs,1679,600.0,1090.0,4.5306136051595494e-07,3.048753954401604e-07,7.606405834921377e-09,5.092968810632138e-08,2.463393014989176e-07,1.4807605595435678e-07,0.0,1.7411631151811443e-19,4.9029395748751645e-29,5.703425372686052e-28
2,lbfgs,1689,600.0,1090.0,4.5283376175214016e-07,3.0468868488152445e-07,7.601905434938726e-09,5.0909918904866654e-08,2.4617686054171906e-07,1.4803516773977e-07,0.0,1.7421228791990423e-19,4.88544621021958e-29,5.686335974476626e-28
2,lbfgs,1699,600.0,1090.0,4.5254262850672804e-07,3.044337196769025e-07,7.600102162197844e-09,5.085149292378414e-08,2.4598212459092053e-07,1.4799899968666756e-07,0.0,1.7449477415865665e-19,4.855835071570178e-29,5.658982383158641e-28
2,lbfgs,1709,600.0,1090.0,4.5231598695347324e-07,3.043312169242011e-07,7.585207146066613e-09,5.0813339240803975e-08,2.459326705373305e-07,1.4787486087856165e-07,0.0,1.7405240614029684e-19,4.8691260873103265e-29,5.671223707421522e-28
2,lbfgs,1719,600.0,1090.0,4.5202583629539796e-07,3.042167797410777e-07,7.564575872939814e-09,5.0789970743807825e-08,2.458622331243301e-07,1.4769914739385527e-07,0.0,1.7338934915066148e-19,4.892998943806854e-29,5.692439384581456e-28
2,lbfgs,1729,600.0,1090.0,4.5180010237912327e-07,3.040332871779307e-07,7.560004877038294e-09,5.0789626218874697e-08,2.456836560820177e-07,1.4765690603118716e-07,0.0,1.7348017247463676e-19,4.87617886596882e-29,5.675188069835309e-28
2,lbfgs,1739,600.0,1090.0,4.5151095396462644e-07,3.0378344757911864e-07,7.557691086442703e-09,5.077476563227432e-08,2.454509908604016e-07,1.4761759720284834e-07,0.0,1.7374274756147835e-19,4.848057096380772e-29,5.647376634158564e-28
2,lbfgs,1749,600.0,1090.0,4.512860954841929e-07,3.036804724694987e-07,7.543107676091901e-09,5.0723041519467215e-08,2.454143232739396e-07,1.4749571382463994e-07,0.0,1.733093585624202e-19,4.8608567118757445e-29,5.659807866839479e-28
2,lbfgs,1759,600.0,1090.0,4.509979603302533e-07,3.0356367315356203e-07,7.523043458358526e-09,5.06674093413209e-08,2.453732203538826e-07,1.473243779772243e-07,0.0,1.7266414209454424e-19,4.8836425378728095e-29,5.681542049984485e-28
2,lbfgs,1769,600.0,1090.0,4.5077395561672787e-07,3.0338321352715584e-07,7.518520650527519e-09,5.067808130054189e-08,2.451866115760864e-07,1.472808328804907e-07,0.0,1.727540757242095e-19,4.8671922299963115e-29,5.664094816778271e-28
2,lbfgs,1779,600.0,1090.0,4.504868396208224e-07,3.0313841677968205e-07,7.516045979523562e-09,5.068751056495911e-08,2.4493486023519936e-07,1.4723851361919841e-07,0.0,1.7300859671226366e-19,4.8398298941991996e-29,5.635715927215052e-28
2,lbfgs,1789,600.0,1090.0,4.502636732259372e-07,3.0303481664575694e-07,7.50163743970123e-09,5.062919691526389e-08,2.4490398229079183e-07,1.4711894735095574e-07,0.0,1.725796369722778e-19,4.8524136413905716e-29,5.6484151653597625e-28
2,lbfgs,1799,600.0,1090.0,4.4997758035426917e-07,3.0291565531802527e-07,7.481869436262794e-09,5.055782552802027e-08,2.448759603537422e-07,1.4695201579784448e-07,0.0,1.7194263965029045e-19,4.8747895157024995e-29,5.670885161648679e-28
2,lbfgs,1809,600.0,1090.0,4.497552396651464e-07,3.027382850782684e-07,7.47748239571817e-09,5.057324507629232e-08,2.446875576062579e-07,1.469070453388244e-07,0.0,1.7203500194628735e-19,4.8584375823419076e-29,5.653110483158456e-28
2,lbfgs,1819,600.0,1090.0,4.494701740539926e-07,3.0249882632369416e-07,7.475107223613269e-09,5.0592428283163456e-08,2.444312908169174e-07,1.4686143846925433e-07,0.0,1.7229071345842673e-19,4.831171960259664e-29,5.623819930561963e-28
2,lbfgs,1829,600.0,1090.0,4.4924864678958044e-07,3.0239430734138726e-07,7.460764314561574e-09,5.0533216353451525e-08,2.4440032667337416e-07,1.4674443017995448e-07,0.0,1.7186233469131772e-19,4.843820450992192e-29,5.636982346061159e-28
2,lbfgs,1839,600.0,1090.0,4.4896461580881845e-07,3.022723470155984e-07,7.441077400932065e-09,5.0459513511893996e-08,2.4437175610277233e-07,1.4658235951599044e-07,0.0,1.712253835878437e-19,4.866482350980343e-29,5.66068979560217e-28
2,lbfgs,1849,600.0,1090.0,4.4874388707702134e-07,3.020983355580104e-07,7.436902403372482e-09,5.047412593423085e-08,2.4418730722040707e-07,1.4653564223210241e-07,0.0,1.713233327064201e-19,4.849914754141358e-29,5.642310387133447e-28
2,lbfgs,1859,600.0,1090.0,4.4846090454466704e-07,3.018649792046865e-07,7.434858362026843e-09,5.049001120877427e-08,2.439401096338854e-07,1.464860160399842e-07,0.0,1.7158903838022423e-19,4.821973517897532e-29,5.611412787372983e-28
2,lbfgs,1869,600.0,1090.0,4.482409534608309e-07,3.0175902217312096e-07,7.420472765343226e-09,5.0435589959097954e-08,2.439029594486798e-07,1.4637202198060004e-07,0.0,1.7115714038607607e-19,4.8350519851609993e-29,5.625416049584642e-28
2,lbfgs,1879,600.0,1090.0,4.479590454274363e-07,3.0163333294905457e-07,7.400658062427553e-09,5.03729736975761e-08,2.438597011890509e-07,1.4621580316245202e-07,0.0,1.7051158825713049e-19,4.858906892139724e-29,5.651306602372977e-28
2,lbfgs,1889,600.0,1090.0,4.477398396953273e-07,3.014631840028307e-07,7.396778663517887e-09,5.03806062762032e-08,2.436857990631096e-07,1.4616674636686156e-07,0.0,1.7061890700875568e-19,4.841675760640193e-29,5.63181123942252e-28
2,lbfgs,1899,600.0,1090.0,4.4745905283622244e-07,3.0123736106902384e-07,7.3953253936871426e-09,5.0378518256538793e-08,2.434635174187979e-07,1.4611178242837083e-07,0.0,1.7090512625051083e-19,4.8119592847669994e-29,5.5980476947838695e-28
2,lbfgs,1909,600.0,1090.0,4.472405405210899e-07,3.0112908223355854e-07,7.380762201742475e-09,5.03359511090794e-08,2.4341236892273667e-07,1.460015489416814e-07,0.0,1.7046431306946917e-19,4.8260244690077363e-29,5.613567511427887e-28
2,lbfgs,1919,600.0,1090.0,4.469609567902043e-07,3.009981093595789e-07,7.360567052048495e-09,5.030119064051783e-08,2.4333635166701256e-07,1.4585293807615553e-07,0.0,1.697989430070368e-19,4.852449904754996e-29,5.643312767523828e-28
2,lbfgs,1929,600.0,1090.0,4.467430524552874e-07,3.00832608145906e-07,7.357094898857746e-09,5.029347518476888e-08,2.431820380622794e-07,1.4580053494515917e-07,0.0,1.69920984976352e-19,4.833841732324741e-29,5.621803223215225e-28
2,lbfgs,1939,600.0,1090.0,4.464648127531863e-07,3.00616806787289e-07,7.356586677025126e-09,5.025341918685578e-08,2.430068009234081e-07,1.457380965883243e-07,0.0,1.7024260332546944e-19,4.8006074314162846e-29,5.582984038009317e-28
2,lbfgs,1949,600.0,1090.0,4.4624737473984497e-07,3.005046920841329e-07,7.341648817512378e-09,5.023293718194797e-08,2.4293010608467257e-07,1.456327732712405e-07,0.0,1.6978478911289307e-19,4.816570321211499e-29,5.601191781954226e-28
2,lbfgs,1959,600.0,1090.0,4.45970718967413e-07,3.0036607826253135e-07,7.320715594661126e-09,5.0250568609785324e-08,2.427947940580849e-07,1.454947313120713e-07,0.0,1.6908308242743908e-19,4.847811335807467e-29,5.637672414603854e-28
2,lbfgs,1969,600.0,1090.0,4.457535112508393e-07,3.002063156940373e-07,7.3178173807219035e-09,5.021468997643556e-08,2.426738083368798e-07,1.4543728615414556e-07,0.0,1.692280787151568e-19,4.82663834316405e-29,5.612602551832025e-28
2,lbfgs,1979,600.0,1090.0,4.4547884493210256e-07,3.0000485270442226e-07,7.318797500568375e-09,5.0106151998502784e-08,2.425799032053511e-07,1.453640828113989e-07,0.0,1.6960817368392145e-19,4.787001765136619e-29,5.564984091868717e-28
2,lbfgs,1989,600.0,1090.0,4.452614735205313e-07,2.998862105140734e-07,7.303171696091655e-09,5.012379967784589e-08,2.4245923914013584e-07,1.4526535358346574e-07,0.0,1.691204579973156e-19,4.8063903485488345e-29,5.587880435281011e-28
2,lbfgs,1999,600.0,1090.0,4.4498947929084314e-07,2.997366967452896e-07,7.280952922335335e-09,5.0232833581786665e-08,2.422229102411676e-07,1.4514287311466267e-07,0.0,1.6835661632066877e-19,4.8462036559957803e-29,5.636005245479087e-28
2,lbfgs,2009,600.0,1090.0,4.4477128582789374e-07,2.995839188264901e-07,7.278887675261657e-09,5.014794986732767e-08,2.4215708128390077e-07,1.4507745756048595e-07,0.0,1.6853760455378624e-19,4.820459889721019e-29,5.604738929936e-28
2,lbfgs,2019,600.0,1090.0,3.879575885990508e-07,2.6589126190098924e-07,5.777993043890256e-09,6.532674897191935e-08,1.9478651988517962e-07,1.2195641415066742e-07,0.0,1.5183703879230964e-19,4.4741951009040195e-29,5.248458599539831e-28
2,lbfgs,2029,600.0,1090.0,3.0773091644725193e-07,2.280849837082639e-07,1.0214180079030954e-08,8.459765357960105e-08,1.332731500496319e-07,7.953601231411196e-08,0.0,2.4780273236196995e-19,2.746998825608553e-29,2.9656230304270105e-28
2,lbfgs,2039,600.0,1090.0,3.077177223706418e-07,2.2801094390544425e-07,1.0173678011855883e-08,8.441087796303002e-08,1.3342638793055833e-07,7.959685806172098e-08,0.0,2.468589840771057e-19,2.7535550108375906e-29,2.9685395886683577e-28
2,lbfgs,2049,600.0,1090.0,3.0770754010661425e-07,2.279804632925701e-07,1.0156588478797914e-08,8.43354630775539e-08,1.3348841173621827e-07,7.961715641999434e-08,0.0,2.464717078266003e-19,2.756534878751492e-29,2.9702973611709606e-28
2,lbfgs,2059,600.0,1090.0,3.076950320735844e-07,2.2792547564360655e-07,1.0128756700998785e-08,8.419667679624893e-08,1.3360004214635882e-07,7.965963605161233e-08,0.0,2.45843845320717e-19,2.760958610462685e-29,2.973046990969663e-28
2,lbfgs,2069,600.0,1090.0,3.076830639891517e-07,2.2802124735454372e-07,1.0163491579023849e-08,8.443703550736609e-08,1.3342072026815377e-07,7.955189623926765e-08,0.0,2.466939891809319e-19,2.758046111016082e-29,2.9735593017984986e-28
2,lbfgs,2079,600.0,1090.0,3.076727118908035e-07,2.2796730449825925e-07,1.0152320000484945e-08,8.433465351039018e-08,1.3348033098738412e-07,7.959548700009686e-08,0.0,2.4638874359930794e-19,2.757869085851974e-29,2.9715757812576906e-28
2,lbfgs,2089,600.0,1090.0,3.0766070959640137e-07,2.2786739478307567e-07,1.0132206710283697e-08,8.413410502485978e-08,1.336010830479322e-07,7.968339442714069e-08,0.0,2.4585330414019995e-19,2.757247249128447e-29,2.9683566032651395e-28
2,lbfgs,2099,600.0,1090.0,3.0765047847016514e-07,2.279036367270615e-07,1.0138242445037437e-08,8.421365448655722e-08,1.3355173979546684e-07,7.963692135619349e-08,0.0,2.460445888888e-19,2.758289955838576e-29,2.9709627306422e-28
2,lbfgs,2109,600.0,1090.0,3.0763847236968693e-07,2.279800214303635e-07,1.0150250541329921e-08,8.437810117219579e-08,1.334516697168378e-07,7.954853054991863e-08,0.0,2.4640126204558455e-19,2.7602575844479973e-29,2.9752103126565087e-28
2,lbfgs,2119,600.0,1090.0,3.07628267513442e-07,2.2793248936216297e-07,1.0146390569569133e-08,8.430026192940758e-08,1.3348583686318626e-07,7.958585776011496e-08,0.0,2.462547975309124e-19,2.7585333793246615e-29,2.9720190714554703e-28
2,lbfgs,2129,600.0,1090.0,3.076162655226975e-07,2.2784544900560934e-07,1.0138198813954287e-08,8.414520170884184e-08,1.335620484828132e-07,7.9660896124579e-08,0.0,2.459778786422456e-19,2.7555783571302096e-29,2.9668871581741015e-28
2,lbfgs,2139,600.0,1090.0,3.0760606420793547e-07,2.2787760465273274e-07,1.014033583457227e-08,8.421010953838229e-08,1.3352715927977818e-07,7.961853916444888e-08,0.0,2.460844685242288e-19,2.7573648874505025e-29,2.9701241639994453e-28
2,lbfgs,2149,600.0,1090.0,3.0759406904695284e-07,2.2794453290931966e-07,1.0145637576469351e-08,8.434463917339881e-08,1.334542561594515e-07,7.953961574863718e-08,0.0,2.462953298076848e-19,2.760451041076342e-29,2.975405660132908e-28
3,adam,0,1090.0,1776.0,0.02370703592039724,0.01778027687029905,0.00027777763934323064,0.004396554741321951,0.013105944489633868,0.005926758956766348,0.0,3.958863494593011e-15,2.1872592687468754e-30,2.0137605495543025e-29
3,adam,24,1090.0,1776.0,0.021127983169294127,0.01622910962684177,3.9025227722277955e-06,0.002086775189264124,0.014138431914805419,0.004898873449149604,0.0,2.812581413670355e-17,9.834297106971584e-31,2.1685773546675063e-29
3,adam,49,1090.0,1776.0,0.012087890346589443,0.0099777428053898,2.7252351602260234e-06,0.002273751644653227,0.007701265925576346,0.002110147443272111,0.0,2.0513283801071838e-17,3.794581395546483e-31,4.1958978543628806e-30
3,adam,74,1090.0,1776.0,0.004418124201102823,0.0031159666094937657,2.5531396818880753e-07,0.0007521005023605827,0.002363610793164994,0.0013021574833095358,0.0,1.581601761198303e-18,6.158059361914838e-32,4.856463165019184e-31
3,adam,99,1090.0,1776.0,0.0030299398408256567,0.0022517566280753874,1.3105954903784835e-06,0.0005626370590045796,0.0016878089735804292,0.0007781831008731079,0.0,6.6684171096970986e-18,7.421987726970136e-32,5.124982783238001e-31
3,adam,124,1090.0,1776.0,0.0011226182252575929,0.0007380014953269969,9.89374416987066e-07,0.0002511382170005346,0.0004858739039094752,0.0003846166138557102,0.0,6.72256162851172e-18,3.660803829790332e-32,2.0220368984206597e-31
3,adam,149,1090.0,1776.0,0.0004974034596356481,0.000306328799590462,3.4981115786291243e-07,0.00015093925025662098,0.00015503973817597815,0.00019107454190158153,0.0,2.299720022542698e-18,1.7071452240799078e-32,6.727338477314224e-32
3,adam,174,1090.0,1776.0,0.0002415656279201481,0.00014056214870467352,1.2763788522991847e-07,9.06599203933783e-05,4.977459042606529e-05,0.00010100335961677743,0.0,8.016118000487063e-19,1.1917938569663401e-32,2.9537709544134105e-32
3,adam,199,1090.0,1776.0,0.0001104040701333251,7.216526950599052e-05,6.656984569670648e-08,5.929102829993781e-05,1.2807671360355998e-05,3.823867955100027e-05,0.0,4.353036002711237e-19,8.819009045918362e-33,1.0385217337775117e-32
3,adam,224,1090.0,1776.0,6.050084605439594e-05,5.172210431992918e-05,5.810735018432968e-08,4.547128920211416e-05,6.192707767630686e-06,8.77861949709104e-06,0.0,3.4230948364291933e-19,7.052849159740794e-33,3.317224656020846e-33
3,adam,249,1090.0,1776.0,4.0914950280702735e-05,3.939536407506339e-05,5.1803327338553615e-08,3.259843260277618e-05,6.745128144948658e-06,1.5194632451414289e-06,0.0,3.1307201611217506e-19,6.476028611048942e-33,2.29866715943558e-33
3,adam,274,1090.0,1776.0,3.2783226093722176e-05,3.246902219941975e-05,5.052531496722218e-08,2.4593040757192438e-05,7.82545612726009e-06,3.140804817340607e-07,0.0,3.2230586842869524e-19,6.325089249630897e-33,2.3566419210808614e-33
3,adam,299,1090.0,1776.0,2.750557590081497e-05,2.7288404632330572e-05,5.5786407035509614e-08,1.915193138138366e-05,8.080686843911406e-06,2.1704753007425876e-07,0.0,3.7766611545790074e-19,6.273002541113097e-33,2.41312700752073e-33
3,adam,324,1090.0,1776.0,2.3057040357307837e-05,2.2810624750750174e-05,6.113822601941989e-08,1.5156564442083356e-05,7.592922082647398e-06,2.462915930978513e-07,0.0,4.3118142712774008e-19,6.252664454964587e-33,2.3785292630499046e-33
3,adam,349,1090.0,1776.0,1.922731105385109e-05,1.8945598033411497e-05,6.158718585628812e-08,1.2129804783940124e-05,6.754206063615086e-06,2.81588749426704e-07,0.0,4.47183736263819e-19,6.250164885985197e-33,2.3107679106189593e-33
3,adam,374,1090.0,1776.0,1.605137235855973e-05,1.573954853345667e-05,5.685375173213418e-08,9.799760822426325e-06,5.882933959298211e-06,3.116993096643901e-07,0.0,4.2209801807781857e-19,6.266583161488034e-33,2.242913361924643e-33
3,adam,399,1090.0,1776.0,1.3480312740711735e-05,1.3152869112214907e-05,5.1859077546543724e-08,8.006875576081374e-06,5.094134458586988e-06,3.2731888626555217e-07,0.0,3.955126243816701e-19,6.300354117441779e-33,2.1831360247985028e-33
3,adam,424,1090.0,1776.0,1.093156223347528e-05,1.0654797096675403e-05,3.996985902551529e-08,6.285578665379325e-06,4.329248572270562e-06,2.766401887591622e-07,0.0,3.089935611294351e-19,6.125982619067643e-33,2.0858812320744573e-33
3,adam,449,1090.0,1776.0,9.21579078174753e-06,8.953471236965215e-06,4.465132428748782e-08,5.2393641002644394e-06,3.6694558124132877e-06,2.6219440594199443e-07,0.0,3.598656869776357e-19,6.1534011283324294e-33,2.040257488687866e-33
3,adam,474,1090.0,1776.0,7.86208536305196e-06,7.646996460014153e-06,4.701610078772361e-08,4.4679891877740146e-06,3.131991171452415e-06,2.149635935071822e-07,0.0,3.720494279882465e-19,6.199664935022907e-33,2.0076780140310825e-33
3,adam,499,1090.0,1776.0,7.020237715264672e-06,6.790541915889874e-06,2.447450668683325e-07,3.871495465772756e-06,2.6743013832487854e-06,2.295703367002834e-07,0.0,1.594213805762827e-18,6.23595416737335e-33,1.9840418467544903e-33
3,adam,524,1090.0,1776.0,5.8612473988813955e-06,5.732508807808773e-06,5.5079829902672996e-08,3.390680530633057e-06,2.2867484472730433e-06,1.2861298524524985e-07,0.0,4.315265593828956e-19,6.261627212109553e-33,1.9649061662493073e-33
3,adam,549,1090.0,1776.0,5.061980630796519e-06,4.982708997510462e-06,3.3751108806009656e-08,2.992688999015733e-06,1.956268889688719e-06,7.914589046062435e-08,0.0,2.7771226650814214e-19,6.280229190937886e-33,1.952393228225341e-33
3,adam,574,1090.0,1776.0,4.416916252373026e-06,4.369037630395747e-06,2.551956479155521e-08,2.655256438856854e-06,1.6882616267473381e-06,4.775274983430589e-08,0.0,2.177996329463027e-19,6.298285502403495e-33,1.9410744386910692e-33
3,adam,599,1090.0,1776.0,3.884819584615625e-06,3.858757773239321e-06,2.036407808576456e-08,2.3748209579051168e-06,1.46357273724844e-06,2.5935816187766395e-08,0.0,1.7552659692489394e-19,6.313273460459342e-33,1.9324111551085577e-33
3,adam,624,1090.0,1776.0,7.795133337491895e-06,7.016858556874995e-06,3.6851953284440374e-06,2.1908608153534024e-06,1.1408024130775542e-06,7.781486558218094e-07,0.0,2.1310778232417208e-17,6.354187015087441e-33,1.9994911269151583e-33
3,adam,649,1090.0,1776.0,3.4237822346016757e-06,3.332891944395541e-06,3.820965106242111e-07,1.9547674460511347e-06,9.96027987720195e-07,9.076405807366504e-08,0.0,2.4262379343492916e-18,6.374010108450206e-33,1.9907693325575814e-33
3,adam,674,1090.0,1776.0,2.6599983228866025e-06,2.6532844165703732e-06,1.441859168265295e-08,1.769355971156893e-06,8.695098537308275e-07,6.5875705883520715e-09,0.0,1.2836347808754797e-19,6.382706362000228e-33,1.9851862359726916e-33
3,adam,699,1090.0,1776.0,2.398874387303616e-06,2.39354264595586e-06,1.2851099658237645e-08,1.61468662950308e-06,7.660049167945426e-07,5.205308240496072e-09,0.0,1.1565500114803454e-19,6.39068770319391e-33,1.982035597175524e-33
3,adam,724,1090.0,1776.0,2.1866298284674467e-06,2.1797736343841436e-06,1.193001263188847e-08,1.4834168680146738e-06,6.844267537375813e-07,6.729671217578097e-09,0.0,1.0730917424097534e-19,6.397526098358573e-33,1.9802345790981773e-33
3,adam,749,1090.0,1776.0,2.013026809581117e-06,2.0029594306863132e-06,1.1268606596060185e-08,1.3723471315229236e-06,6.193436925673295e-07,9.940773610262617e-09,0.0,1.0117804568231999e-19,6.402799763033788e-33,1.979424934604818e-33
3,adam,774,1090.0,1776.0,1.8700611660334646e-06,1.8559070700796039e-06,1.0675803949271583e-08,1.2775315412541234e-06,5.676997248762087e-07,1.4027415118275633e-08,0.0,9.565423889244218e-20,6.406925741352209e-33,1.9793218848591068e-33
3,adam,799,1090.0,1776.0,1.751391570502339e-06,1.7328230590582954e-06,1.0057407743522073e-08,1.1961483785198517e-06,5.266172727949218e-07,1.8441761324049547e-08,0.0,9.004029026525086e-20,6.410034746281722e-33,1.9797497388663596e-33
3,adam,824,1090.0,1776.0,5.852873404063449e-06,5.1361827526007795e-06,3.451041763515595e-06,1.16255197041851e-06,5.225890186666749e-07,7.165638501755341e-07,0.0,2.015304865703739e-17,6.111243625909256e-33,1.9822580340069534e-33
3,adam,849,1090.0,1776.0,1.83978463255015e-06,1.7773838027855333e-06,1.7453651177788798e-07,1.1015663564283061e-06,5.012809345793394e-07,6.227398603556536e-08,0.0,1.1184001080156453e-18,6.1137224851527056e-33,1.9795862920808053e-33
3,adam,874,1090.0,1776.0,1.5826573180548747e-06,1.5454796128305912e-06,1.7019266482552993e-08,1.0477286523165145e-06,4.807316940315236e-07,3.705081170003618e-08,0.0,1.3407667635656457e-19,6.111428024040401e-33,1.984290182158639e-33
3,adam,899,1090.0,1776.0,1.5131841702504572e-06,1.4744810930244316e-06,1.0158788090761166e-08,1.000414009260435e-06,4.6390829567323543e-07,3.857613497444929e-08,0.0,8.404510615982694e-20,6.111063682695093e-33,1.985160907836119e-33
3,adam,924,1090.0,1776.0,1.456823851691616e-06,1.4150708992599455e-06,7.680802276369438e-09,9.580104453452158e-07,4.4937965163836037e-07,4.1625963770190836e-08,0.0,6.790573301377238e-20,6.111282770772249e-33,1.9863555059963095e-33
3,adam,949,1090.0,1776.0,1.4086367412152255e-06,1.3639139235949068e-06,6.8342944042305835e-09,9.202469312307418e-07,4.368326979599344e-07,4.4595784944201366e-08,0.0,6.122017245236569e-20,6.11095663209689e-33,1.987541483080432e-33
3,adam,974,1090.0,1776.0,1.3660981005535672e-06,1.3186646799649982e-06,6.1645993409382205e-09,8.865366536945205e-07,4.259634269295395e-07,4.73063462387026e-08,0.0,5.556797078052834e-20,6.11063495745142e-33,1.988608563863592e-33
3,adam,999,1090.0,1776.0,1.3283617578810078e-06,1.2785195406416447e-06,5.573745071104117e-09,8.564295379238738e-07,4.1651625764666667e-07,4.971510343882305e-08,0.0,5.03810948051538e-20,6.1101968919823564e-33,1.9895799856356912e-33
3,adam,1024,1090.0,1776.0,1.2577815337413326e-06,1.1956716940938994e-06,5.33602154342588e-09,7.862242245585409e-07,4.041114479919326e-07,6.198269612043538e-08,0.0,4.8806225766242074e-20,6.266277970479679e-33,1.9631388540342074e-33
3,adam,1049,1090.0,1776.0,1.2302867968405335e-06,1.1664450465523283e-06,4.7750079139892675e-09,7.66765112036423e-07,3.9490492660191596e-07,6.371457482781277e-08,0.0,4.371192527581087e-20,6.256011796031949e-33,1.965173150045572e-33
3,adam,1074,1090.0,1776.0,1.205790479533679e-06,1.1421908436500984e-06,4.3184347163166965e-09,7.503840989814971e-07,3.874883099522846e-07,6.3472429249107e-08,0.0,3.9597357161451344e-20,6.254140432847621e-33,1.9657746708843292e-33
3,adam,1099,1090.0,1776.0,1.1835926715654453e-06,1.1191708581162163e-06,4.0019500090331736e-09,7.344447012698122e-07,3.8072420683737084e-07,6.429457762767453e-08,0.0,3.627825345848625e-20,6.253039861480168e-33,1.96624359679286e-33
3,adam,1124,1090.0,1776.0,8.792600760915647e-06,7.42535063454713e-06,6.327262166997154e-06,7.211760233402166e-07,3.7691244420975927e-07,1.3671228661029363e-06,0.0,3.697434548779671e-17,6.229971121866508e-33,1.9795909220412297e-33
3,adam,1149,1090.0,1776.0,1.2165120333838294e-06,1.1392807971654937e-06,6.258022643037802e-08,7.074861035276548e-07,3.69214467207461e-07,7.710396879476572e-08,0.0,4.033449086429094e-19,6.250927846107678e-33,1.9649764947269693e-33
3,adam,1174,1090.0,1776.0,1.1363321311257287e-06,1.0696949595326602e-06,1.0086814618065785e-08,6.953657109662184e-07,3.6424243394837596e-07,6.65098823090088e-08,0.0,7.03700232997863e-20,6.250479734229966e-33,1.966918095739487e-33
3,adam,1199,1090.0,1776.0,1.1142531783839014e-06,1.0482755133469796e-06,4.518545963455138e-09,6.846408697091538e-07,3.591160976743707e-07,6.5850351620875e-08,0.0,3.858926823205357e-20,6.249006819341229e-33,1.9677972725071605e-33
3,adam,1224,1090.0,1776.0,1.0447813051275549e-06,9.792987231163605e-07,2.6086351201334685e-09,5.971902325893192e-07,3.7949985540690783e-07,6.53552467639611e-08,0.0,2.3943462718152357e-20,6.342030158195642e-33,1.9974992045531966e-33
3,adam,1249,1090.0,1776.0,1.0313351954288749e-06,9.669743629484833e-07,2.466438119829596e-09,5.896673752833315e-07,3.7484054954532216e-07,6.423347619293416e-08,0.0,2.2336211704150637e-20,6.341214231841126e-33,1.995539861302296e-33
3,adam,1274,1090.0,1776.0,1.019143417775265e-06,9.552640921016115e-07,2.3223113606953428e-09,5.818675895648041e-07,3.7107419117611203e-07,6.375194902991194e-08,0.0,2.1166089272365715e-20,6.341498209849719e-33,1.995519079771374e-33
3,adam,1299,1090.0,1776.0,1.0077407671167682e-06,9.443484272810083e-07,2.215518158787001e-09,5.744980847930438e-07,3.6763482432917743e-07,6.326494314709248e-08,0.0,2.0103826074360217e-20,6.340871453820714e-33,1.99549286815774e-33
3,adam,1324,1090.0,1776.0,9.96979635490771e-07,9.340212315643069e-07,2.1204783650828253e-09,5.674577007620001e-07,3.6444305243722396e-07,6.283098758677272e-08,0.0,1.9146575557906643e-20,6.340303696418826e-33,1.995456477411532e-33
3,adam,1349,1090.0,1776.0,9.86787076985244e-07,9.242616649959342e-07,2.0346918512077783e-09,5.608007393543992e-07,3.6142623379032713e-07,6.239797635564017e-08,0.0,1.829464725243191e-20,6.339754628179089e-33,1.9954657892380055e-33
3,adam,1374,1090.0,1776.0,9.7711720929008e-07,9.150164824474064e-07,1.96002448534024e-09,5.545118315145582e-07,3.58544626447508e-07,6.197327225278562e-08,0.0,1.7642940062275327e-20,6.339249397022471e-33,1.9954911582381352e-33
3,adam,1399,1090.0,1776.0,1.1608247276379983e-05,9.752120071336668e-06,8.824684129674102e-06,5.486463616105002e-07,3.787895800520653e-07,1.8559997329119582e-06,0.0,6.307998603948183e-17,6.368127325473883e-33,1.9729439080452512e-33
3,lbfgs,1400,1090.0,1776.0,1.4839027249027456e-05,1.2406221775275923e-05,1.1502424834902391e-05,5.176912744198998e-07,3.861056659536319e-07,2.4326780019392356e-06,0.0,6.58487961228157e-17,6.276297037235247e-33,2.0170248528295378e-33
3,lbfgs,1409,1090.0,1776.0,9.537694778294799e-07,8.906028605215138e-07,5.2297761498582114e-09,5.140431303828019e-07,3.7132995398885376e-07,6.30391455005965e-08,0.0,4.198733145947662e-20,6.30468398590577e-33,1.9933635948762028e-33
3,lbfgs,1419,1090.0,1776.0,9.459533795805996e-07,8.819782439915656e-07,2.6259526700148104e-09,5.120512536574053e-07,3.6730103766414553e-07,6.384766354870143e-08,0.0,2.1917370940503608e-20,6.305401208313195e-33,1.992763641046252e-33
3,lbfgs,1429,1090.0,1776.0,9.396149405124669e-07,8.815370816466224e-07,2.872882516498492e-09,5.080318973566638e-07,3.7063230177346015e-07,5.7950384567059795e-08,0.0,2.3654737229102935e-20,6.302428482281588e-33,1.994553001888363e-33
3,lbfgs,1439,1090.0,1776.0,9.225826501850419e-07,8.697529678632787e-07,4.154498890909992e-09,5.059309108477622e-07,3.596675581246064e-07,5.270219625843063e-08,0.0,3.056295165922487e-20,6.312839371151193e-33,1.9934804583773648e-33
3,lbfgs,1449,1090.0,1776.0,8.99507695264213e-07,8.401992636805198e-07,2.1892482553965465e-09,4.899755794553098e-07,3.480344359698135e-07,5.918092662667619e-08,0.0,1.6160011418765834e-20,6.308359666596257e-33,1.99067675242217e-33
3,lbfgs,1459,1090.0,1776.0,8.90471640952746e-07,8.355772667044826e-07,1.6932233336522084e-09,4.850686537897719e-07,3.488153895810585e-07,5.4766860103907906e-08,0.0,1.2781610946611478e-20,6.310122050912066e-33,1.9939897277881078e-33
3,lbfgs,1469,1090.0,1776.0,8.884148136051463e-07,8.301976483958637e-07,1.7233067110962376e-09,4.841292624525051e-07,3.4434507923226234e-07,5.808964822284185e-08,0.0,1.385456030059095e-20,6.309602856002811e-33,1.99127799319148e-33
3,lbfgs,1479,1090.0,1776.0,8.850077149926498e-07,8.275122841281233e-07,1.540011721046774e-09,4.815455312173432e-07,3.4442674118973337e-07,5.736790747841193e-08,0.0,1.2159578314342433e-20,6.31425858718394e-33,1.992290082233153e-33
3,lbfgs,1489,1090.0,1776.0,8.8367114288705e-07,8.274683800052052e-07,1.4582194072297922e-09,4.813543097093428e-07,3.446558508886327e-07,5.6075236935246525e-08,0.0,1.2024119390678512e-20,6.318961831165048e-33,1.995544629514005e-33
3,lbfgs,1499,1090.0,1776.0,8.652692239275442e-07,8.048230127197555e-07,2.755871443239098e-09,4.7042933572709513e-07,3.3163780554942125e-07,6.031865262733179e-08,0.0,1.909965214021149e-20,6.3100640339121e-33,1.999475262734416e-33
3,lbfgs,1509,1090.0,1776.0,8.54271514790225e-07,7.854119485924321e-07,2.008306692178299e-09,4.62790655525194e-07,3.2061298637505977e-07,6.873198448261685e-08,0.0,1.6442504339818547e-20,6.294450438611797e-33,1.9970234198625825e-33
3,lbfgs,1519,1090.0,1776.0,8.077484537474026e-07,7.553111488428236e-07,9.871620096121096e-09,4.420806121719174e-07,3.033589165747851e-07,5.2309617726961266e-08,0.0,6.626899943859154e-20,6.309730468439201e-33,2.0054462251243267e-33
3,lbfgs,1529,1090.0,1776.0,7.791105192502154e-07,7.299534262990912e-07,4.80758803507296e-09,4.2366817691444807e-07,3.0147766134957014e-07,4.902935992696026e-08,0.0,3.094482293265214e-20,6.297547842887974e-33,2.0062897637417493e-33
3,lbfgs,1539,1090.0,1776.0,7.513746455753787e-07,7.027902225087622e-07,1.1194732273405028e-09,3.986566535618068e-07,3.0301409571961483e-07,4.845660117686954e-08,0.0,9.63060178927636e-21,6.298350986173704e-33,2.007302002754803e-33
3,lbfgs,1549,1090.0,1776.0,7.500935002051669e-07,7.010009094329946e-07,1.1208289117673058e-09,3.9745254757140814e-07,3.0242753294981916e-07,4.8964760074997844e-08,0.0,9.303911738100077e-21,6.301557792365466e-33,2.0049301438133382e-33
3,lbfgs,1559,1090.0,1776.0,7.493656085293335e-07,7.006576633167565e-07,1.4342256984531857e-09,3.965451032128751e-07,3.026783344054282e-07,4.858010844905092e-08,0.0,1.2210165368633092e-20,6.302634123140084e-33,2.005085949861205e-33
3,lbfgs,1569,1090.0,1776.0,7.472775596062505e-07,6.987720797403422e-07,1.3242370654141694e-09,3.967208172219692e-07,3.0072702545295884e-07,4.8377640779590195e-08,0.0,1.0447934261512571e-20,6.295287140271922e-33,2.005213146694457e-33
3,lbfgs,1579,1090.0,1776.0,7.430836521698369e-07,6.945914586994756e-07,1.0714019022443108e-09,3.9612582084754367e-07,2.973942359496877e-07,4.836433892419492e-08,0.0,9.377047340336646e-21,6.300666603064332e-33,2.0066874794233585e-33
3,lbfgs,1589,1090.0,1776.0,7.407928271545592e-07,6.908213136091298e-07,9.514359705302869e-10,3.9576098323112957e-07,2.9410889440746995e-07,4.984364934423879e-08,0.0,7.798037301289784e-21,6.293197614010568e-33,2.005187127891193e-33
3,lbfgs,1599,1090.0,1776.0,7.379430899024443e-07,6.893920723131542e-07,1.763080697887671e-09,3.9617286181623333e-07,2.9145612979903316e-07,4.842314017390474e-08,0.0,1.5214501334552392e-20,6.287091284094289e-33,2.008899786319582e-33
3,lbfgs,1609,1090.0,1776.0,7.29615640784734e-07,6.819592492749965e-07,7.445462694427303e-10,3.989693726043621e-07,2.822453304011917e-07,4.7528489829002906e-08,0.0,7.433977636200985e-21,6.29882499997326e-33,2.0077331818346398e-33
3,lbfgs,1619,1090.0,1776.0,7.290740773386224e-07,6.80914520566227e-07,6.533726404771023e-10,3.9815907291812705e-07,2.8210207500762285e-07,4.8031649152132617e-08,0.0,6.399937873291948e-21,6.295955407106555e-33,2.0079870424659652e-33
3,lbfgs,1629,1090.0,1776.0,7.285205976976157e-07,6.798909359373458e-07,6.155385567931804e-10,3.9801220120539055e-07,2.812631961751621e-07,4.850175092850236e-08,0.0,6.1523638631583515e-21,6.300004446030708e-33,2.0078744609584556e-33
3,lbfgs,1639,1090.0,1776.0,7.283849121320991e-07,6.798052365100883e-07,6.091661911305892e-10,3.980111056188371e-07,2.8118496470012063e-07,4.8451764239058116e-08,0.0,6.056202426084265e-21,6.300248473408004e-33,2.007915847711852e-33
3,lbfgs,1649,1090.0,1776.0,7.282794046393568e-07,6.796750420284648e-07,6.097742125690793e-10,3.979874040001615e-07,2.810778638157342e-07,4.847645095823677e-08,0.0,6.082089661175217e-21,6.300089541884245e-33,2.0079290692927913e-33
3,lbfgs,1659,1090.0,1776.0,7.281511209835868e-07,6.795003718362549e-07,6.070711083558604e-10,3.979689977729902e-07,2.809243029549087e-07,4.852283691800704e-08,0.0,6.06691403929027e-21,6.299606459838857e-33,2.0082473534353295e-33
3,lbfgs,1669,1090.0,1776.0,7.280436711312198e-07,6.794010686893801e-07,6.079607266820802e-10,3.979477157354688e-07,2.808453922272292e-07,4.851469013187051e-08,0.0,6.0782153570538516e-21,6.299848759423777e-33,2.0080548619417723e-33
3,lbfgs,1679,1090.0,1776.0,7.279413797156242e-07,6.792975175461323e-07,6.080711329078558e-10,3.9792892021560336e-07,2.807605261976211e-07,4.8515949670754945e-08,0.0,6.081464852006283e-21,6.299929942654035e-33,2.007987222964692e-33
3,lbfgs,1689,1090.0,1776.0,7.278402540685422e-07,6.791913259469591e-07,6.07725114158999e-10,3.9791114193556843e-07,2.806724588972316e-07,4.85210153990711e-08,0.0,6.080337868390382e-21,6.299953947138255e-33,2.007965093239529e-33
3,lbfgs,1699,1090.0,1776.0,7.277258971933969e-07,6.790919396862153e-07,6.245206980461215e-10,3.978698115797857e-07,2.805976074083835e-07,4.850604430572492e-08,0.0,6.291728923553071e-21,6.30032720411732e-33,2.0073530469891923e-33
3,lbfgs,1709,1090.0,1776.0,7.276117441531237e-07,6.789566245319277e-07,6.126303674165146e-10,3.978635900763715e-07,2.8048040408813967e-07,4.852720628383563e-08,0.0,6.1505715524998936e-21,6.300097804516695e-33,2.007721178406297e-33
3,lbfgs,1719,1090.0,1776.0,7.275101528739668e-07,6.788421048262569e-07,6.081648679259901e-10,3.9785136564763626e-07,2.8038257431069464e-07,4.854013451329018e-08,0.0,6.098584615666732e-21,6.300001865535965e-33,2.0078685519026955e-33
3,lbfgs,1729,1090.0,1776.0,7.274109493274719e-07,6.787333686394709e-07,6.061309531839675e-10,3.9783635510636016e-07,2.8029088257992677e-07,4.854966693243706e-08,0.0,6.076597716783372e-21,6.299958500297723e-33,2.007929344599697e-33
3,lbfgs,1739,1090.0,1776.0,7.273125364374653e-07,6.786268174038544e-07,6.049818911472498e-10,3.9782019080480084e-07,2.8020164470790637e-07,4.855780504745272e-08,0.0,6.06564587599796e-21,6.299935801129957e-33,2.0079561076735e-33
3,lbfgs,1749,1090.0,1776.0,7.272013359260995e-07,6.784835132114882e-07,5.918256524287042e-10,3.9782229585746994e-07,2.800693917015895e-07,4.858990865876489e-08,0.0,5.895396351075173e-21,6.299585623444157e-33,2.008574117228249e-33
3,lbfgs,1759,1090.0,1776.0,7.270902290273797e-07,6.783785240574053e-07,5.976257388707389e-10,3.9779077989431696e-07,2.799901184242176e-07,4.85837905407919e-08,0.0,5.978447891680982e-21,6.299769950788772e-33,2.008226974105191e-33
3,lbfgs,1769,1090.0,1776.0,7.269911136008003e-07,6.782776021072194e-07,6.002623068901094e-10,3.9776844576075493e-07,2.799088940395744e-07,4.858559677162838e-08,0.0,6.016563015984632e-21,6.299840140480956e-33,2.0080872051756095e-33
3,lbfgs,1779,1090.0,1776.0,7.268944089528403e-07,6.781760129869401e-07,6.0114324279183e-10,3.9774940462128494e-07,2.7982546512286324e-07,4.859048098466501e-08,0.0,6.0313389534535904e-21,6.299864181482394e-33,2.0080316486439324e-33
3,lbfgs,1789,1090.0,1776.0,7.267985032535576e-07,6.780740247107304e-07,6.012237208079849e-10,3.97731654747661e-07,2.797411462422615e-07,4.8596563316748895e-08,0.0,6.0356281601736914e-21,6.299869032959893e-33,2.0080108205914503e-33
3,lbfgs,1799,1090.0,1776.0,7.267031153413222e-07,6.779721064214895e-07,6.009665572200997e-10,3.977144555098199e-07,2.7965668435444945e-07,4.860309345583016e-08,0.0,6.035475850514871e-21,6.29986605747341e-33,2.008004260476269e-33
3,lbfgs,1809,1090.0,1776.0,7.265834313112435e-07,6.778540596599187e-07,6.089173774784331e-10,3.9768209186685983e-07,2.795630504155804e-07,4.860145575218721e-08,0.0,6.139914569570212e-21,6.300029694898152e-33,2.007695944978482e-33
3,lbfgs,1819,1090.0,1776.0,7.264855527124935e-07,6.777436372296427e-07,6.034536720310348e-10,3.9767083146762866e-07,2.79469352089983e-07,4.861399942249038e-08,0.0,6.074016542397946e-21,6.299923653549219e-33,2.007873352238228e-33
3,lbfgs,1829,1090.0,1776.0,7.263910066172701e-07,6.776398227020544e-07,6.009982233342706e-10,3.9765656122181315e-07,2.7938226325690695e-07,4.8623267654135785e-08,0.0,6.0455930109769266e-21,6.299873228284042e-33,2.0079516113148465e-33
3,lbfgs,1839,1090.0,1776.0,7.262974351028319e-07,6.775384377831308e-07,5.997049472264645e-10,3.9764087291337235e-07,2.7929785992253205e-07,4.863108083977712e-08,0.0,6.031805048270027e-21,6.299846538195537e-33,2.0079876420105614e-33
3,lbfgs,1849,1090.0,1776.0,7.262044001276118e-07,6.774382677232021e-07,5.988953525133276e-10,3.9762456243042844e-07,2.7921480994026036e-07,4.8638215698678575e-08,0.0,6.0241048461584015e-21,6.299829920711268e-33,2.008005436910631e-33
3,lbfgs,1859,1090.0,1776.0,7.260929838752094e-07,6.773014253366524e-07,5.884461695180338e-10,3.9762020318380454e-07,2.790927759833299e-07,4.866364171634763e-08,0.0,5.889840825669868e-21,6.299556013826577e-33,2.0084752247354836e-33
3,lbfgs,1869,1090.0,1776.0,7.259933144912069e-07,6.772045969786949e-07,5.928805863872075e-10,3.975936751621944e-07,2.790180412301133e-07,4.866080036427614e-08,0.0,5.952084738979381e-21,6.29968736698508e-33,2.0082285455481042e-33
3,lbfgs,1879,1090.0,1776.0,7.259001810836348e-07,6.771088438749787e-07,5.949696686930582e-10,3.975727022194537e-07,2.78941171986832e-07,4.8663419782290694e-08,0.0,5.981869245898329e-21,6.2997421411835e-33,2.008120832074868e-33
3,lbfgs,1889,1090.0,1776.0,7.258086857816982e-07,6.770126796438803e-07,5.957511380699812e-10,3.9755413174802857e-07,2.7886279675778175e-07,4.866808846072742e-08,0.0,5.994352848931242e-21,6.299761830321248e-33,2.0080743213701042e-33
3,lbfgs,1899,1090.0,1776.0,7.257178519006216e-07,6.769162614159741e-07,5.959018211694468e-10,3.975365756094863e-07,2.7878378398531835e-07,4.867367256898959e-08,0.0,5.9985745153878215e-21,6.299765954345582e-33,2.0080552689672876e-33
3,lbfgs,1909,1090.0,1776.0,7.256274779812145e-07,6.768199335556408e-07,5.957648353070065e-10,3.9751949232413133e-07,2.7870467639620246e-07,4.867962627768559e-08,0.0,5.999014804391215e-21,6.299763236048902e-33,2.0080484427409046e-33
3,lbfgs,1919,1090.0,1776.0,7.255163995493506e-07,6.767134276045347e-07,6.058663132579318e-10,3.974852600493745e-07,2.7862230124190226e-07,4.8675053336111684e-08,0.0,6.1290667922952196e-21,6.29997245665332e-33,2.007670701300596e-33
3,lbfgs,1929,1090.0,1776.0,7.254219107026372e-07,6.766063737812885e-07,5.996885153956371e-10,3.974748004848411e-07,2.785318847810518e-07,4.8687618173118714e-08,0.0,6.053651892016119e-21,6.299849084414596e-33,2.007872319756894e-33
3,lbfgs,1939,1090.0,1776.0,7.253317685660134e-07,6.765069210055841e-07,5.968542485573375e-10,3.9746112337113115e-07,2.7844894338589565e-07,4.8696928624712904e-08,0.0,6.0196261410440854e-21,6.299787350807498e-33,2.007968130931539e-33
3,lbfgs,1949,1090.0,1776.0,7.252428791159519e-07,6.7641035706143e-07,5.953935321498321e-10,3.9744579794574347e-07,2.7836916558353663e-07,4.870460290816966e-08,0.0,6.002836202101783e-21,6.299753860075279e-33,2.0080150501389305e-33
3,lbfgs,1959,1090.0,1776.0,7.251545685951614e-07,6.763152640370489e-07,5.945360594280776e-10,3.974297692005507e-07,2.7829095877707006e-07,4.871138519364249e-08,0.0,5.993659023227034e-21,6.29973329807906e-33,2.0080390461781265e-33
3,lbfgs,1969,1090.0,1776.0,7.250666854344606e-07,6.762210331279099e-07,5.939597480404634e-10,3.974134139068066e-07,2.782136594730628e-07,4.8717732721063253e-08,0.0,5.988014225034603e-21,6.299719067997463e-33,2.0080521892767385e-33
3,lbfgs,1979,1090.0,1776.0,7.249596155280276e-07,6.760915275439125e-07,5.848586189324118e-10,3.974065392137156e-07,2.781001297112645e-07,4.874016826843727e-08,0.0,5.870713279629244e-21,6.299471504086807e-33,2.008462100483204e-33
3,lbfgs,1989,1090.0,1776.0,7.248670911122903e-07,6.760007127163377e-07,5.885318917473482e-10,3.9738221601050746e-07,2.780299648140829e-07,4.8738458378850854e-08,0.0,5.92150008601133e-21,6.29957957672927e-33,2.0082630630625064e-33
3,lbfgs,1999,1090.0,1776.0,7.24779145890173e-07,6.759103045945775e-07,5.904157699701644e-10,3.9736187273753067e-07,2.7795801608707667e-07,4.8740921011596415e-08,0.0,5.94768325908105e-21,6.299628885467739e-33,2.0081682133851656e-33
3,lbfgs,2009,1090.0,1776.0,7.246925688191385e-07,6.758196062051649e-07,5.912473800163136e-10,3.9734346291991446e-07,2.7788489590523403e-07,4.8745042085776165e-08,0.0,5.959939972426534e-21,6.29964859500638e-33,2.0081232965067285e-33
3,lbfgs,2019,1090.0,1776.0,7.24606598425898e-07,6.75728715187539e-07,5.915269873690303e-10,3.9732597183480573e-07,2.778112163653643e-07,4.874996247785472e-08,0.0,5.964968657152169e-21,6.299654088541966e-33,2.008102764494752e-33
3,lbfgs,2029,1090.0,1776.0,7.245210485456001e-07,6.756378690213736e-07,5.915317401894845e-10,3.973088960496075e-07,2.7773744123157656e-07,4.875525853640098e-08,0.0,5.9663858243848694e-21,6.299652630110224e-33,2.0080941694942883e-33
3,lbfgs,2039,1090.0,1776.0,7.244230925143454e-07,6.755506672435406e-07,6.06932880227551e-10,3.9727025001848794e-07,2.776734843448252e-07,4.874450375660678e-08,0.0,6.1608707486202145e-21,6.299968204151038e-33,2.0075490148430126e-33
3,lbfgs,2049,1090.0,1776.0,7.243285179422204e-07,6.754420040530355e-07,5.985301316721172e-10,3.972610560239064e-07,2.7758241789745704e-07,4.8758592265753804e-08,0.0,6.057812949719256e-21,6.299804084282844e-33,2.007814587526182e-33
3,lbfgs,2059,1090.0,1776.0,7.242415866431039e-07,6.753451195503182e-07,5.945602456474609e-10,3.972485824859898e-07,2.7750197681868097e-07,4.87685453054599e-08,0.0,6.008951217074476e-21,6.299715951945701e-33,2.0079511779968838e-33
3,lbfgs,2069,1090.0,1776.0,7.241568966947585e-07,6.752526518395407e-07,5.925302819651485e-10,3.972341964113359e-07,2.7742592514623966e-07,4.877632287801766e-08,0.0,5.984251207587941e-21,6.299666904998726e-33,2.008022339884829e-33
3,lbfgs,2079,1090.0,1776.0,7.240730455923457e-07,6.751620968253513e-07,5.914042845210199e-10,3.9721865763400417e-07,2.7735203490682606e-07,4.87830265831288e-08,0.0,5.9709033902455765e-21,6.299637690874078e-33,2.0080605766130308e-33
3,lbfgs,2089,1090.0,1776.0,7.239896664162828e-07,6.750726747675103e-07,5.907175619254894e-10,3.972025933268529e-07,2.772793638787319e-07,4.878906925244897e-08,0.0,5.963095512443554e-21,6.299618348850222e-33,2.0080819002283922e-33
3,lbfgs,2099,1090.0,1776.0,7.239066596115447e-07,6.749839822541698e-07,5.902556807160081e-10,3.971862675229623e-07,2.7720745905049145e-07,4.8794754746320844e-08,0.0,5.958112706890432e-21,6.299604329841158e-33,2.00809443206121e-33
3,lbfgs,2109,1090.0,1776.0,7.238100148944914e-07,6.748622041616209e-07,5.796251565074564e-10,3.971836085089952e-07,2.7709897049611824e-07,4.881988805138658e-08,0.0,5.818750306125135e-21,6.29928710657941e-33,2.0086060684503543e-33
3,lbfgs,2119,1090.0,1776.0,7.237196714459703e-07,6.747750160384052e-07,5.835992336731358e-10,3.9715777177010653e-07,2.770336450346255e-07,4.88167324099539e-08,0.0,5.873488156757175e-21,6.29941728448072e-33,2.0083787443887975e-33
3,lbfgs,2129,1090.0,1776.0,7.236354519674928e-07,6.746899953203596e-07,5.859553469912678e-10,3.9713657027820984e-07,2.769674696951585e-07,4.881753337984812e-08,0.0,5.905322908945365e-21,6.299482284736503e-33,2.0082594642903028e-33
3,lbfgs,2139,1090.0,1776.0,7.235531968192748e-07,6.746049205270546e-07,5.872302195453019e-10,3.971176138400603e-07,2.76900076467449e-07,4.882035278099513e-08,0.0,5.922650837029234e-21,6.29951380745158e-33,2.0081966537109427e-33
4,adam,0,1776.0,2736.3999999999996,0.10882982992079414,0.08162237237347283,0.00027777776726009557,0.05880858393548872,0.022536010670724027,0.027207457457824272,0.0,1.004360994731699e-15,1.9600532440303796e-30,2.499999999999994e-31
4,adam,24,1776.0,2736.3999999999996,0.025242807060161087,0.011787489899300995,2.962841168962678e-05,0.007004645605960607,0.004753215881650761,0.013455317069683071,0.0,4.3376347118184204e-17,2.5232277352160332e-31,5.319078392673669e-32
4,adam,49,1776.0,2736.3999999999996,0.019818408308593456,0.006945501966592712,4.432563256135974e-06,0.0041672702836808235,0.002773799119655753,0.012872906248275437,0.0,5.854044161182955e-18,1.61091956333771e-31,3.0608502271928256e-32
4,adam,74,1776.0,2736.3999999999996,0.016975793077590864,0.004738887083034318,2.555282866896912e-06,0.0029003485610126674,0.001835983239154753,0.012236905897044237,0.0,2.7745860648069808e-18,1.1217575442460028e-31,2.0182270305231566e-32
4,adam,99,1776.0,2736.3999999999996,0.015436538062147065,0.003951739577339668,5.558876392745742e-07,0.0025292446149993452,0.001421939074701048,0.011484798383664225,0.0,7.302459469320289e-19,8.863535088466942e-32,1.7429875439805827e-32
4,adam,124,1776.0,2736.3999999999996,0.013127004876196113,0.0026644988749484986,7.018474909231069e-07,0.0016238230821373496,0.0010399739453202262,0.010462505896474223,0.0,9.291901470205372e-19,7.177721054331774e-32,1.2507323718001634e-32
4,adam,149,1776.0,2736.3999999999996,0.010106401608097308,0.0016896308444141475,5.956521886607744e-07,0.0010507423847772156,0.0006382928074482709,0.008416770654741798,0.0,1.1765433422190756e-18,5.370067513280443e-32,9.700868939392062e-33
4,adam,174,1776.0,2736.3999999999996,0.0076383399201281335,0.0010006403477638005,7.65202992628596e-07,0.0006635417201243233,0.00033633342464684874,0.006637699459270156,0.0,1.9667792467142714e-18,4.4001510184648796e-32,6.614298386602208e-33
4,adam,199,1776.0,2736.3999999999996,0.006324891407892313,0.0009375453810698577,5.366457339763598e-07,0.0005595683295466606,0.0003774404057892207,0.005387345909381374,0.0,1.4043979241395472e-18,4.2562991846222764e-32,4.37789395573636e-33
4,adam,224,1776.0,2736.3999999999996,0.004683140219982007,0.0006505159099314869,1.883596880836205e-07,0.00043263606414180403,0.00021769148610159927,0.004032624189662124,0.0,4.136667338443127e-19,3.861186489035292e-32,4.8445718317716335e-33
4,adam,249,1776.0,2736.3999999999996,0.0036864388791910604,0.0004890462988567072,9.141442163301806e-08,0.0003348142238708451,0.00015414066056422914,0.003197392457326668,0.0,1.8471216404717365e-19,3.5431824076049334e-32,4.516933143152436e-33
4,adam,274,1776.0,2736.3999999999996,0.0030830069137029103,0.00048286614102205003,1.036736542076305e-07,0.000405090642919191,7.76718244486514e-05,0.0026001406471745808,0.0,1.7827051280969787e-19,3.30369119644797e-32,4.32744696148162e-33
4,adam,299,1776.0,2736.3999999999996,0.0024528708683538777,0.0003973513700474907,5.382110473680002e-08,0.0002489867997993015,0.00014831074914345234,0.002055519371139164,0.0,1.3481707548410334e-19,2.8769995319062735e-32,4.051431262279569e-33
4,adam,324,1776.0,2736.3999999999996,0.0019750778051837647,0.00029943734069743245,6.301439552968107e-08,0.00016174107702949167,0.00013763324927241108,0.0016756403357217418,0.0,1.5807824024829534e-19,2.8775344632223233e-32,3.5434680998736925e-33
4,adam,349,1776.0,2736.3999999999996,0.0017116876042708195,0.00033190723914041287,7.196705840620829e-08,0.00018601019072541275,0.00014582508135659391,0.0013797802347879633,0.0,1.4078307071083294e-19,2.7458150351917304e-32,2.6620025079109984e-33
4,adam,374,1776.0,2736.3999999999996,0.001371692545774426,0.00024675956135476935,4.480742603158968e-08,0.00013683059124878412,0.00010988416267995365,0.0011249328529694992,0.0,1.2178392370882129e-19,2.520280208369794e-32,3.483457241113262e-33
4,adam,399,1776.0,2736.3999999999996,0.0016832505325615698,0.0005958290063098952,5.8487493748571437e-08,0.00016443720253849726,0.00043133331627764936,0.0010874213935423802,0.0,1.5117414854581142e-19,3.345309011606087e-32,1.3893758002282297e-33
4,adam,424,1776.0,2736.3999999999996,0.000981124034518429,0.00025140734878159555,8.069784205956412e-08,0.0001270965108995082,0.00012423014004002775,0.0007297165521791006,0.0,2.2364625140280126e-19,1.977311549340877e-32,3.163492335472865e-33
4,adam,449,1776.0,2736.3999999999996,0.0007645622161566435,0.00015967329275587964,5.881495228725873e-08,7.346657465196192e-05,8.614790315163046e-05,0.000604888788921013,0.0,1.8823188857763085e-19,2.0886461922966873e-32,3.478134778719001e-33
4,adam,474,1776.0,2736.3999999999996,0.0006860499693110191,0.00018702252799114306,6.458861478252529e-08,5.8195311329787364e-05,0.00012876262804657317,0.0004990273057672825,0.0,1.7826800185557037e-19,2.0352145487970217e-32,2.3574182854997674e-33
4,adam,499,1776.0,2736.3999999999996,0.0005427423328901376,0.00013772936313662408,6.031554670786913e-08,7.220018360205772e-05,6.546886398785847e-05,0.0004050128332883556,0.0,1.9371963656750416e-19,1.9565796616586304e-32,3.5341015863461e-33
4,adam,524,1776.0,2736.3999999999996,0.0014649269921223774,0.001106920238772907,2.917759823020687e-07,0.0007412780815377998,0.00036535038125280506,0.00035800661571732865,0.0,5.370924742251102e-19,1.751017312838746e-32,3.347165010852054e-33
4,adam,549,1776.0,2736.3999999999996,0.0004483141161659474,0.00014765809686202234,9.438386141401375e-08,2.7005502157027802e-05,0.00012055821084358052,0.0003006558817276118,0.0,2.0310992240064305e-19,2.0379058144138056e-32,2.6173305351789104e-33
4,adam,574,1776.0,2736.3999999999996,0.0003318782441038081,0.00011333607131645053,5.095752118554582e-08,4.5405467661439e-05,6.787964613382599e-05,0.00021854203449380753,0.0,1.4044682255852628e-19,2.0547819645073883e-32,2.6100997416130954e-33
4,adam,599,1776.0,2736.3999999999996,0.00026876037959638064,9.46459508761681e-05,4.2929799169364655e-08,4.159008331102985e-05,5.301293776596889e-05,0.00017411428968812327,0.0,1.2501730758215547e-19,1.8951196898077895e-32,3.08159355582155e-33
4,adam,624,1776.0,2736.3999999999996,0.00021600489221696958,8.137150439081249e-05,3.860650692133782e-08,3.225626047025464e-05,4.907663741363651e-05,0.00013463324808021202,0.0,1.1288759708986536e-19,1.969140371456828e-32,2.7683734278849598e-33
4,adam,649,1776.0,2736.3999999999996,0.0001777089451273318,7.085499962755923e-05,3.3127250641311365e-08,2.881857693482235e-05,4.200329544209558e-05,0.0001068538050954995,0.0,9.789906398706137e-20,1.9219747633613932e-32,2.8082190103870062e-33
4,adam,674,1776.0,2736.3999999999996,0.0001754046970758326,8.486722977917743e-05,2.8170111201570097e-08,5.230379449887999e-05,3.253526516909586e-05,9.053732626306491e-05,0.0,8.44425168476488e-20,1.8204845936235784e-32,3.0251122910207233e-33
4,adam,699,1776.0,2736.3999999999996,0.00014784404674311776,7.235875423306174e-05,2.185698282022188e-08,4.512163044566246e-05,2.7215266804579057e-05,7.548515092918668e-05,0.0,6.505063587636742e-20,1.8446444235714855e-32,2.9519572222103856e-33
4,adam,724,1776.0,2736.3999999999996,0.00018047941771715052,0.00010184101161314467,2.4898864158994467e-08,3.488919870094208e-05,6.69269140480436e-05,7.863826404776046e-05,0.0,6.212957458964683e-20,2.0680578615323574e-32,1.9825979690813296e-33
4,adam,749,1776.0,2736.3999999999996,0.00015406767448512135,9.111255277677664e-05,2.1538526267138035e-08,2.9770225034242947e-05,6.132078921626656e-05,6.29549791924615e-05,0.0,5.124108108251532e-20,2.0289159119346395e-32,1.9710871296868202e-33
4,adam,774,1776.0,2736.3999999999996,0.00015793780987743974,9.823481214749403e-05,2.65372520460378e-08,3.289192322620759e-05,6.53163516692404e-05,5.970285479397466e-05,0.0,5.776883803785324e-20,2.069958582051546e-32,1.8774287216667745e-33
4,adam,799,1776.0,2736.3999999999996,0.0001136159958901088,7.493818585538347e-05,8.754563030227492e-09,4.717672228028594e-05,2.77527090120673e-05,3.867766670027896e-05,0.0,2.5628934118855514e-20,1.7550996611820362e-32,3.1971119972531234e-33
4,adam,824,1776.0,2736.3999999999996,0.0008889556778101113,0.000699571289527016,2.3345609202169615e-07,0.0001238375232847063,0.000575500310150288,0.00018938424453197075,0.0,3.634510348528076e-19,2.9685100881003393e-32,1.4903768221668923e-33
4,adam,849,1776.0,2736.3999999999996,0.0001777029656048186,0.00015108297083405746,3.058898614543969e-08,0.00012459586396294353,2.6456517884968493e-05,2.6619850787020696e-05,0.0,3.736960194307255e-20,1.6513273490116033e-32,3.258540085370246e-33
4,adam,874,1776.0,2736.3999999999996,7.224816598940505e-05,5.3970942741421075e-05,8.902611814669448e-09,2.0870165231704968e-05,3.309187489790144e-05,1.8277079038536087e-05,0.0,1.724586252472427e-20,1.899449898899763e-32,2.413607863287431e-33
4,adam,899,1776.0,2736.3999999999996,5.406386247405248e-05,3.8878381158438995e-05,1.4051016144317169e-08,1.734997594359384e-05,2.151435419870084e-05,1.5185336744506641e-05,0.0,2.949562690374697e-20,1.867667156942076e-32,2.8490110991045232e-33
4,adam,924,1776.0,2736.3999999999996,4.749831219713451e-05,3.597933512978648e-05,4.282318258352392e-09,1.559790044061592e-05,2.0377152370912208e-05,1.1518832144758808e-05,0.0,9.222376564338554e-21,1.8771464730972912e-32,2.643321461693875e-33
4,adam,949,1776.0,2736.3999999999996,7.171779619902249e-05,5.4438418060736124e-05,1.988036672507213e-08,2.2350602123967623e-05,3.206793557004343e-05,1.7279232911737624e-05,0.0,3.4444579447616945e-20,1.998004726833355e-32,2.2438053027583682e-33
4,adam,974,1776.0,2736.3999999999996,6.487984680747641e-05,5.044871998368643e-05,6.856132992320923e-09,2.0637624029128954e-05,2.980423982156515e-05,1.44309813189245e-05,0.0,1.3457862834930436e-20,1.9823518083565707e-32,2.2586970420623638e-33
4,adam,999,1776.0,2736.3999999999996,3.787276023869589e-05,3.1553385473878567e-05,5.0153228078476305e-09,1.2933823580864073e-05,1.8614546570206644e-05,6.31922900274553e-06,0.0,1.119087231801248e-20,1.8628779687535848e-32,2.5804916787475714e-33
4,adam,1024,1776.0,2736.3999999999996,0.0003064233233300199,0.00025474288946194303,7.571728549140899e-09,0.00020904488007471764,4.5690437658676245e-05,5.16802878361412e-05,0.0,1.4450430564708132e-20,1.7374697579856347e-32,4.393702323046213e-33
4,adam,1049,1776.0,2736.3999999999996,0.0005021004598396958,0.0003877919490499109,8.168992412754829e-08,0.0002413095251521375,0.00014640073397364587,0.00011430836453794797,0.0,1.6501704732327567e-19,1.7547923241062286e-32,6.028651787921545e-33
4,adam,1074,1776.0,2736.3999999999996,0.0005734858558137338,0.000560062062472788,3.471925625561198e-07,7.309521544472177e-05,0.00048661965446551004,1.342364672080432e-05,0.0,8.169804079466222e-19,1.8465312673770526e-32,9.800999357858422e-34
4,adam,1099,1776.0,2736.3999999999996,5.2261689035845944e-05,4.089154392477761e-05,1.2380025608066812e-07,1.8438509737720832e-05,2.2329233930976114e-05,1.1369998520499179e-05,0.0,2.4072267959092023e-19,1.8673576412273765e-32,2.3840892736186148e-33
4,adam,1124,1776.0,2736.3999999999996,3.4034296348349675e-05,2.93252650406724e-05,2.2843252217479804e-08,1.5045937026028859e-05,1.4256484762426063e-05,4.708884409803223e-06,0.0,3.720880113636372e-20,1.8374092991302796e-32,2.7495748007897734e-33
4,adam,1149,1776.0,2736.3999999999996,3.0143652151988444e-05,2.6076206816700066e-05,4.851316627141424e-09,1.2188240705053517e-05,1.3883114795019408e-05,4.067298164236851e-06,0.0,8.218900323984224e-21,1.821579758060085e-32,2.6495952298738692e-33
4,adam,1174,1776.0,2736.3999999999996,2.771224064823854e-05,2.415005837333485e-05,3.5894887845982955e-09,1.1087274781802698e-05,1.3059194102747553e-05,3.5620348764109535e-06,0.0,6.986223108790405e-21,1.821460555249913e-32,2.6877113312031357e-33
4,adam,1199,1776.0,2736.3999999999996,2.5877416085901414e-05,2.2912212322520222e-05,3.559939170678518e-09,1.0328150197234138e-05,1.2580502186115405e-05,2.965056160760336e-06,0.0,6.89700305507395e-21,1.823383365531744e-32,2.661620024183811e-33
4,adam,1224,1776.0,2736.3999999999996,2.2775322498269176e-05,2.0599241038008913e-05,3.988273331232002e-09,9.279675741505798e-06,1.1315577023171882e-05,2.1759336805389234e-06,0.0,7.369975969563525e-21,1.7275951439630327e-32,2.6198498511647805e-33
4,adam,1249,1776.0,2736.3999999999996,2.1526596730436003e-05,1.973882049185441e-05,4.5474725893464235e-09,8.69022070802796e-06,1.1044052311237103e-05,1.7876283011192715e-06,0.0,8.268184493624252e-21,1.7249346631162273e-32,2.620476203421188e-33
4,adam,1274,1776.0,2736.3999999999996,2.03974465749472e-05,1.8873152042427904e-05,5.0407146161029776e-09,8.269037845313776e-06,1.0599073482498025e-05,1.524146445711945e-06,0.0,8.969956706151989e-21,1.7239242562192313e-32,2.6176028226480598e-33
4,adam,1299,1776.0,2736.3999999999996,1.9359393231947715e-05,1.8036781060710068e-05,5.323302190834543e-09,7.861436064635211e-06,1.0170021693884022e-05,1.3224639422072132e-06,0.0,9.349498538216674e-21,1.723013909672604e-32,2.6159517785122874e-33
4,adam,1324,1776.0,2736.3999999999996,1.8398880723334122e-05,1.7241805787583552e-05,5.406734155199851e-09,7.4928340833652285e-06,9.743564970063123e-06,1.1569265704976358e-06,0.0,9.414803267595392e-21,1.7222655002889794e-32,2.613573775220563e-33
4,adam,1349,1776.0,2736.3999999999996,1.7506778504889394e-05,1.648754757759625e-05,5.316180038517937e-09,7.145825324707901e-06,9.336406072849832e-06,1.019082431377787e-06,0.0,9.204522087636101e-21,1.7215561723285383e-32,2.6111262674581566e-33
4,adam,1374,1776.0,2736.3999999999996,1.6676023358742476e-05,1.577312392153776e-05,5.084195815070417e-09,6.81991312212616e-06,8.94812660359653e-06,9.027508157049183e-07,0.0,8.77062130092769e-21,1.7208866516903515e-32,2.6086211841571257e-33
4,adam,1399,1776.0,2736.3999999999996,1.5900786256271126e-05,1.5096804211534608e-05,4.746595070226801e-09,6.512259689049031e-06,8.579797927415351e-06,8.038333023141021e-07,0.0,8.170317131028502e-21,1.7202362619108943e-32,2.6060912587602047e-33
4,lbfgs,1400,1776.0,2736.3999999999996,1.660883141951401e-05,1.5808492433867583e-05,4.72223076251139e-09,6.7872876031028444e-06,9.016482600002226e-06,8.001902384787917e-07,0.0,8.312719086564605e-21,1.8075964504130973e-32,2.5734735675491067e-33
4,lbfgs,1409,1776.0,2736.3999999999996,1.514522501093203e-05,1.4795063453750482e-05,5.15553245565053e-09,6.717703844252548e-06,8.072204077042283e-06,3.500127733106788e-07,0.0,9.155688136453147e-21,1.7675065612928414e-32,2.509016336478197e-33
4,lbfgs,1419,1776.0,2736.3999999999996,1.2782251770573638e-05,1.2080570994936257e-05,4.900916711456449e-09,4.383351209986884e-06,7.692318868237917e-06,7.015319251209717e-07,0.0,1.0496051738304269e-20,1.8239997389434267e-32,2.52287980469134e-33
4,lbfgs,1429,1776.0,2736.3999999999996,1.0292696464016915e-05,1.0069303654864411e-05,6.192666365620454e-09,3.3260489523021656e-06,6.737062036196625e-06,2.2324381581838645e-07,0.0,1.1101515816464932e-20,1.7897451650714713e-32,2.6016931750523097e-33
4,lbfgs,1439,1776.0,2736.3999999999996,8.246899710672326e-06,8.067598759143943e-06,3.962886893053819e-09,3.219265197121222e-06,4.8443706751296665e-06,1.7915183369301066e-07,0.0,6.926765589244223e-21,1.808887745292703e-32,2.539204702932187e-33
4,lbfgs,1449,1776.0,2736.3999999999996,6.705781588935704e-06,6.601635970963038e-06,3.2740078361482246e-09,3.056088819601967e-06,3.5422731435249225e-06,1.039964870743906e-07,0.0,5.671427652855819e-21,1.8125293576830863e-32,2.5101127323487157e-33
4,lbfgs,1459,1776.0,2736.3999999999996,5.5421357191842825e-06,5.512354447514514e-06,2.1803147740438352e-09,2.4181927377721093e-06,3.091981394968361e-06,2.963200132105347e-08,0.0,4.404852613211512e-21,1.810048856468436e-32,2.4794209996428895e-33
4,lbfgs,1469,1776.0,2736.3999999999996,4.211980672717982e-06,4.204423316214939e-06,7.1617533225668435e-09,1.4947119585035467e-06,2.7025496043888257e-06,7.408021165781559e-09,0.0,1.334116759266039e-20,1.8619924402110157e-32,2.4997249509480264e-33
4,lbfgs,1479,1776.0,2736.3999999999996,3.906237375852189e-06,3.868550369743296e-06,2.817067509645527e-09,1.1617220472808427e-06,2.704011254952808e-06,3.75376285678392e-08,0.0,6.014721959616212e-21,1.8501158479006472e-32,2.476095449877787e-33
4,lbfgs,1489,1776.0,2736.3999999999996,3.457307611518722e-06,3.4355934955516946e-06,1.2101310832166875e-09,1.1392681503890023e-06,2.2951152140794756e-06,2.156476015488131e-08,0.0,2.279110937954832e-21,1.8552862922873184e-32,2.4869826815522778e-33
4,lbfgs,1499,1776.0,2736.3999999999996,2.9567361608104368e-06,2.910886424450388e-06,1.0146750829007225e-08,1.5502676564710327e-06,1.3504720171503478e-06,4.570033956407549e-08,0.0,2.822198122853781e-20,1.85652872958901e-32,2.4709431362814233e-33
4,lbfgs,1509,1776.0,2736.3999999999996,2.5874457798554975e-06,2.5723597159544285e-06,1.200282214680537e-09,1.7585434121015975e-06,8.126160216381505e-07,1.49367392025757e-08,0.0,2.6979694914657718e-21,1.8515995140515956e-32,2.4984136411568817e-33
4,lbfgs,1519,1776.0,2736.3999999999996,2.0636382043436333e-06,2.031618536717216e-06,2.2945641726497324e-08,1.4565296725518564e-06,5.521432224388623e-07,3.187027798720137e-08,0.0,5.896804915150721e-20,1.8428051322098664e-32,2.5047059671753775e-33
4,lbfgs,1529,1776.0,2736.3999999999996,1.2819490451318082e-06,1.2679628753159446e-06,3.303870989606619e-08,6.712927328730734e-07,5.636314325468051e-07,1.3836783741374893e-08,0.0,8.765651272429642e-20,1.8342406866731998e-32,2.5019961284829705e-33
4,lbfgs,1539,1776.0,2736.3999999999996,1.1053805404955178e-06,1.1033964943631079e-06,1.5067608952094957e-08,5.009406543583368e-07,5.873882310526761e-07,1.8347235396924198e-09,0.0,4.084870771941471e-20,1.8324673655656267e-32,2.5000230908120013e-33
4,lbfgs,1549,1776.0,2736.3999999999996,7.49950359599295e-07,7.39536175153981e-07,2.729002761049729e-08,4.0492825659729083e-07,3.0731789094619287e-07,1.0264768844886046e-08,0.0,5.151852182632663e-20,1.8184334549014307e-32,2.4782125739551725e-33
4,lbfgs,1559,1776.0,2736.3999999999996,6.818816376762927e-07,6.730209848489515e-07,2.9887910535164526e-09,3.404650479507098e-07,3.2956714584472523e-07,8.711289174447417e-09,0.0,5.872805037874089e-21,1.820262587173308e-32,2.476227807306309e-33
4,lbfgs,1569,1776.0,2736.3999999999996,6.539377927477962e-07,6.458151280204775e-07,4.541124941802573e-09,3.291857416579074e-07,3.120882614207675e-07,7.973289889854757e-09,0.0,6.6673618958263596e-21,1.8204839329664407e-32,2.4762766383204536e-33
4,lbfgs,1579,1776.0,2736.3999999999996,5.48556816019953e-07,5.306709183374378e-07,3.245445499354491e-08,2.5295648616502126e-07,2.452599771788717e-07,1.7736471598836725e-08,0.0,6.042528820168924e-20,1.818427836982257e-32,2.48210319017272e-33
4,lbfgs,1589,1776.0,2736.3999999999996,4.2710662696475407e-07,4.12960925569612e-07,6.77141776350604e-09,1.5774670726829892e-07,2.4844280053780707e-07,1.3996233421932522e-08,0.0,1.267838346340992e-20,1.8281184539669988e-32,2.4857842316206224e-33
4,lbfgs,1599,1776.0,2736.3999999999996,3.9408862105331684e-07,3.79667390984844e-07,2.2724150353349405e-09,1.55002612888809e-07,2.2239236306070007e-07,1.4271762045246304e-08,0.0,5.463020493658404e-21,1.8241384224931572e-32,2.4884590308894725e-33
4,lbfgs,1609,1776.0,2736.3999999999996,3.577628962535145e-07,3.43092862912898e-07,4.083742051303677e-09,1.387240125952897e-07,2.0028510826630464e-07,1.4520568057818447e-08,0.0,8.93897621310857e-21,1.824893893014113e-32,2.490585257881704e-33
4,lbfgs,1619,1776.0,2736.3999999999996,2.775068858919502e-07,2.754500164169087e-07,9.732784216804658e-09,1.0941780158865077e-07,1.562994306114533e-07,1.9073522857514077e-09,0.0,2.7485805179879386e-20,1.8307569203155316e-32,2.495902674617903e-33
4,lbfgs,1629,1776.0,2736.3999999999996,2.3429152358700348e-07,2.2814404884275196e-07,1.3884191540183758e-08,8.177960671810733e-08,1.3248025058446087e-07,5.997885173834974e-09,0.0,3.876585964139096e-20,1.8295865012183866e-32,2.4931230543450673e-33
4,lbfgs,1639,1776.0,2736.3999999999996,1.9499386270777703e-07,1.925614179660644e-07,8.623393316602281e-09,6.4758770806746e-08,1.1917925384271613e-07,2.2827997994076766e-09,0.0,2.4733934133849968e-20,1.8273228652577617e-32,2.497670656907457e-33
4,lbfgs,1649,1776.0,2736.3999999999996,1.6476460422390477e-07,1.5769937009218626e-07,4.4338819329009705e-09,6.421141169895151e-08,8.905407646033378e-08,6.9154991923924395e-09,0.0,1.253815894526764e-20,1.8277326416736336e-32,2.498305672658721e-33
4,lbfgs,1659,1776.0,2736.3999999999996,1.412813898669841e-07,1.400105945044142e-07,7.166782292826415e-09,4.992798299636651e-08,8.291582921522128e-08,1.121054322452715e-09,0.0,2.016482284540965e-20,1.8275071379857347e-32,2.4973436844741212e-33
4,lbfgs,1669,1776.0,2736.3999999999996,1.267834946321244e-07,1.2539103652365423e-07,1.2565015180412444e-08,4.379242011276854e-08,6.903360123047325e-08,1.2427350683522311e-09,0.0,3.8977896460203746e-20,1.8314970279448837e-32,2.4943937563414928e-33
4,lbfgs,1679,1776.0,2736.3999999999996,7.764636048015218e-08,7.657018010623481e-08,2.428004963289881e-09,3.9554310230531806e-08,3.458786491241312e-08,9.263494123028569e-10,0.0,4.922015739375831e-21,1.8308636489854512e-32,2.489531523537931e-33
4,lbfgs,1689,1776.0,2736.3999999999996,6.876862447560458e-08,6.798661534752064e-08,8.178844892195193e-10,3.459928369697703e-08,3.25694471613241e-08,6.321696593158664e-10,0.0,1.967575792148065e-21,1.829789293114349e-32,2.4884165834083727e-33
4,lbfgs,1699,1776.0,2736.3999999999996,6.510942103804467e-08,6.414665323588635e-08,5.08317333509931e-10,3.164317213894335e-08,3.1995163763433064e-08,8.129519086851933e-10,0.0,1.4568814045883234e-21,1.8306808551506644e-32,2.488364244776996e-33
4,lbfgs,1709,1776.0,2736.3999999999996,6.131439517040264e-08,6.057650127363343e-08,1.0776918845622974e-09,2.9497734839916625e-08,3.00010745491545e-08,5.880675161882726e-10,0.0,3.1011677596544276e-21,1.830356851200734e-32,2.4893531113441837e-33
4,lbfgs,1719,1776.0,2736.3999999999996,5.820371041467212e-08,5.761117342062746e-08,6.948952418800313e-10,2.922981423654461e-08,2.768646394220282e-08,4.426923751369218e-10,0.0,1.8069671197438445e-21,1.8314981445037434e-32,2.4908327411361912e-33
4,lbfgs,1729,1776.0,2736.3999999999996,5.08290057139391e-08,4.9879791086308485e-08,1.0840030214821077e-09,2.532397777279989e-08,2.3471810292026486e-08,7.993135002973831e-10,0.0,1.7298048248503025e-21,1.8311491284611958e-32,2.4879767744800427e-33
4,lbfgs,1739,1776.0,2736.3999999999996,4.5153869275882876e-08,4.489720717828136e-08,5.275278338414402e-10,2.4179248997605025e-08,2.0190430346834897e-08,1.067396432154758e-10,0.0,1.0441397791106362e-21,1.8303932671872e-32,2.486180963123912e-33
4,lbfgs,1749,1776.0,2736.3999999999996,4.420138972429417e-08,4.3963617731609524e-08,6.615546901038364e-10,2.2987551624420228e-08,2.031451141708546e-08,8.786818866909821e-11,0.0,1.6316316868634482e-21,1.8310453443473614e-32,2.4877506924252316e-33
4,lbfgs,1759,1776.0,2736.3999999999996,4.317394229247501e-08,4.2895746086862786e-08,4.3584465752787964e-10,2.204220882908621e-08,2.0417692600248693e-08,1.2829563106324073e-10,0.0,1.1805280886775145e-21,1.8308861356356226e-32,2.4867997996865926e-33
4,lbfgs,1769,1776.0,2736.3999999999996,4.2066443602384924e-08,4.180979946261393e-08,1.9497478296421242e-10,2.1614186447481892e-08,2.0000638232167822e-08,1.0676119584166816e-10,0.0,4.713628904179961e-22,1.8304047093276783e-32,2.4870462848425466e-33
4,lbfgs,1779,1776.0,2736.3999999999996,4.07519278182231e-08,4.046548964884894e-08,1.9785311536387496e-10,2.1139853220467094e-08,1.9127783313017973e-08,1.3655170040176104e-10,0.0,5.342811330389686e-22,1.8311230498487115e-32,2.4876118067803208e-33
4,lbfgs,1789,1776.0,2736.3999999999996,3.8273210598911337e-08,3.771911691007645e-08,7.785733030306699e-10,1.921479929176555e-08,1.7725744315280235e-08,4.041923892497335e-10,0.0,1.7325249893295677e-21,1.8311740075076703e-32,2.4889890061780483e-33
4,lbfgs,1799,1776.0,2736.3999999999996,3.572745169392017e-08,3.504364202652651e-08,1.078942869444319e-09,1.814788836578446e-08,1.581681079129773e-08,5.338877021205236e-10,0.0,2.8784255187702367e-21,1.8315201112328888e-32,2.4867171725491848e-33
4,lbfgs,1809,1776.0,2736.3999999999996,3.399872094259686e-08,3.348388883001153e-08,7.426114070551426e-10,1.7408555305554805e-08,1.5332722117401582e-08,3.648917282983666e-10,0.0,1.715704714257495e-21,1.8316343862238978e-32,2.4869130241826477e-33
4,lbfgs,1819,1776.0,2736.3999999999996,3.2966673158268263e-08,3.264684687816031e-08,4.166668557560594e-10,1.7010459428195754e-08,1.52197205942085e-08,1.6987637390773863e-10,0.0,9.229869420526822e-22,1.8311645140150514e-32,2.4866160012837714e-33
4,lbfgs,1829,1776.0,2736.3999999999996,3.151543613966476e-08,3.112368594800782e-08,1.5070483115109096e-10,1.6950170543736625e-08,1.4022810573120104e-08,2.41814881598711e-10,0.0,3.18635527181837e-22,1.8303568533160804e-32,2.4862566885115247e-33
4,lbfgs,1839,1776.0,2736.3999999999996,3.005078437166e-08,2.9657456352890283e-08,3.7304074363162246e-10,1.5082508733393517e-08,1.4201906875865145e-08,2.4338374964185897e-10,0.0,1.005531874065153e-21,1.831020240060289e-32,2.4867632185846213e-33
4,lbfgs,1849,1776.0,2736.3999999999996,2.93333388767067e-08,2.8832804451624515e-08,4.546203452001168e-10,1.4014321089328444e-08,1.4363863017095957e-08,3.5058930862760764e-10,0.0,1.0365498258996084e-21,1.8312679546005003e-32,2.487278002923944e-33
4,lbfgs,1859,1776.0,2736.3999999999996,2.2840743310845948e-08,2.2615417344710505e-08,8.427522031329471e-11,7.280083380802615e-09,1.5251058743594595e-08,7.535168844379818e-11,0.0,2.1510320041132284e-22,1.8304051171546433e-32,2.4850205613164708e-33
4,lbfgs,1869,1776.0,2736.3999999999996,2.2490787608113435e-08,2.2298299349419902e-08,6.920481375902433e-11,6.847156250572956e-09,1.5381938285087922e-08,4.251336185626336e-11,0.0,1.7164257075124205e-22,1.830651749920437e-32,2.4850031190413827e-33
4,lbfgs,1879,1776.0,2736.3999999999996,2.2482983882669087e-08,2.228931039692714e-08,6.822794779733167e-11,6.859778773034819e-09,1.536130367609499e-08,4.3699117572232525e-11,0.0,1.6956954228931282e-22,1.8306820128280133e-32,2.4850332521470862e-33
4,lbfgs,1889,1776.0,2736.3999999999996,2.2481119591999214e-08,2.2287861218974007e-08,6.82751672066013e-11,6.8566024532936095e-09,1.5362983598473797e-08,4.328394708871956e-11,0.0,1.6970907723398298e-22,1.8306814598730734e-32,2.485031359440814e-33
4,lbfgs,1899,1776.0,2736.3999999999996,2.2478841451421883e-08,2.2286446972513528e-08,6.831244811394333e-11,6.851799261695969e-09,1.5366335262703617e-08,4.242005932259532e-11,0.0,1.6972433597031697e-22,1.8306809658379785e-32,2.485026844854431e-33
4,lbfgs,1909,1776.0,2736.3999999999996,2.247700244780036e-08,2.2284276282763234e-08,6.827478793817033e-11,6.852388822950767e-09,1.5363612671874296e-08,4.275174621928441e-11,0.0,1.69648169567822e-22,1.830680870120366e-32,2.4850276190688133e-33
4,lbfgs,1919,1776.0,2736.3999999999996,2.2474743088352622e-08,2.2280919680171735e-08,6.822591896065869e-11,6.855266854107676e-09,1.53574269071034e-08,4.384894571695476e-11,0.0,1.6961430383341576e-22,1.8306803226036128e-32,2.485032314131518e-33
4,lbfgs,1929,1776.0,2736.3999999999996,2.2472890701871885e-08,2.227951954936485e-08,6.820249656161775e-11,6.853214343762443e-09,1.535810270904079e-08,4.3396706381579455e-11,0.0,1.6952674914607831e-22,1.830680662566495e-32,2.4850313019218612e-33
4,lbfgs,1939,1776.0,2736.3999999999996,2.2470657812695472e-08,2.227869148005556e-08,6.820812144340059e-11,6.848261065529123e-09,1.5362222293083035e-08,4.199195737404269e-11,0.0,1.694685494438818e-22,1.8306823452808782e-32,2.4850255920386812e-33
4,lbfgs,1949,1776.0,2736.3999999999996,2.246878359283976e-08,2.227623746915134e-08,6.817903759670536e-11,6.848997837441169e-09,1.5359060594113467e-08,4.257172984821504e-11,0.0,1.694052310192187e-22,1.8306813642461026e-32,2.4850267928117578e-33
4,lbfgs,1959,1776.0,2736.3999999999996,2.2466593811211396e-08,2.2272144676217238e-08,6.816376337825148e-11,6.852559682611148e-09,1.5351421230227838e-08,4.447465756721976e-11,0.0,1.694146837355541e-22,1.8306776277886155e-32,2.4850337143379666e-33
4,lbfgs,1969,1776.0,2736.3999999999996,2.2464682760753947e-08,2.2271052694375814e-08,6.812357806127639e-11,6.850242952358027e-09,1.535268616395651e-08,4.365561806071527e-11,0.0,1.6930299093928062e-22,1.8306793008646457e-32,2.4850320598364007e-33
4,lbfgs,1979,1776.0,2736.3999999999996,2.246287476288745e-08,2.2269593147632614e-08,6.810102427128952e-11,6.8487736825970386e-09,1.5352718440764286e-08,4.330718528195275e-11,0.0,1.6923626818736031e-22,1.8306799874691883e-32,2.4850307128711828e-33
4,lbfgs,1989,1776.0,2736.3999999999996,2.2460591294883182e-08,2.2268379122722057e-08,6.807379225881596e-11,6.845568358397924e-09,1.5354736972065316e-08,4.223780425057934e-11,0.0,1.6915109898054981e-22,1.8306827216406613e-32,2.4850254199563913e-33
4,lbfgs,1999,1776.0,2736.3999999999996,2.2458771325677044e-08,2.2266102952513373e-08,6.805819899514547e-11,6.845696048594538e-09,1.5352348704923688e-08,4.2693987811655716e-11,0.0,1.6910890800321368e-22,1.8306814044196562e-32,2.4850269865005097e-33
4,lbfgs,2009,1776.0,2736.3999999999996,2.245651532419738e-08,2.2262395586106805e-08,6.80614903137104e-11,6.847314480069e-09,1.5347019615724096e-08,4.414528217109187e-11,0.0,1.6910418952035317e-22,1.830676750068774e-32,2.485033396845661e-33
4,lbfgs,2019,1776.0,2736.3999999999996,2.2454673019417757e-08,2.2261187393729895e-08,6.802347681233403e-11,6.845699439615738e-09,1.5347464477301822e-08,4.351119659366984e-11,0.0,1.6901540223519835e-22,1.8306787024601146e-32,2.4850313861358445e-33
4,lbfgs,2029,1776.0,2736.3999999999996,2.2452466888867356e-08,2.226089718874636e-08,6.794957488034105e-11,6.842134564272068e-09,1.535081304959395e-08,4.1595366953933786e-11,0.0,1.688662221892341e-22,1.8306857270022558e-32,2.4850233890433686e-33
4,lbfgs,2039,1776.0,2736.3999999999996,2.245058215052446e-08,2.225817994396667e-08,6.795411957034978e-11,6.8423826186714e-09,1.534784320572492e-08,4.2427845141102316e-11,0.0,1.6885401565767778e-22,1.8306826170104784e-32,2.4850257476337262e-33
4,lbfgs,2049,1776.0,2736.3999999999996,2.2448469743264222e-08,2.225338382626919e-08,6.803190068989261e-11,6.844464934309782e-09,1.5340886991269514e-08,4.51114411037823e-11,0.0,1.6895963294476609e-22,1.8306719134411412e-32,2.485035522832233e-33
4,lbfgs,2059,1776.0,2736.3999999999996,2.2446503331204854e-08,2.2252623332629272e-08,6.796009149335264e-11,6.8426512463313805e-09,1.5342011994804538e-08,4.3905563090893466e-11,0.0,1.6881741998737254e-22,1.830676393709814e-32,2.4850325609403672e-33
4,lbfgs,2069,1776.0,2736.3999999999996,2.2444689803701303e-08,2.2251303559671305e-08,6.792103608513229e-11,6.841443161589973e-09,1.53419393619962e-08,4.341183254463946e-11,0.0,1.68733186966999e-22,1.8306783570812088e-32,2.485030725376136e-33
4,lbfgs,2079,1776.0,2736.3999999999996,2.2442445636990362e-08,2.2250565910884113e-08,6.783413461441885e-11,6.839067297364426e-09,1.534366447890527e-08,4.1905398521933085e-11,0.0,1.6857063502463046e-22,1.8306852553620107e-32,2.4850238842066513e-33
5,adam,0,2736.3999999999996,4080.959999999999,0.10882851517140067,0.08162138630894006,0.00027777775029935985,0.058807597887916674,0.022536010670724027,0.027207128769646687,0.0,1.471510753216835e-16,1.9600203796828114e-30,2.499999999999994e-31
5,adam,24,2736.3999999999996,4080.959999999999,0.025775490158049016,0.012274715139785106,9.54432406006044e-05,0.007935000588074797,0.004244271311109704,0.013500774923882368,0.0,1.7404672088762484e-17,2.7879215553382113e-31,4.750892079618422e-32
5,adam,49,2736.3999999999996,4080.959999999999,0.020310240365115327,0.007373954227364013,2.1984877338012107e-05,0.0047443335047831535,0.0026076358452428476,0.012936286040795858,0.0,1.3599335805472665e-18,1.7577206095542992e-31,2.894357531049518e-32
5,adam,74,2736.3999999999996,4080.959999999999,0.01761611393445437,0.005140095128969919,2.2210986309904713e-06,0.0033149225931201464,0.0018229514372187826,0.01247601870509654,0.0,2.2648127784036617e-19,1.2533913351291143e-31,2.0497272400461182e-32
5,adam,99,2736.3999999999996,4080.959999999999,0.016364344186291378,0.00440266482724431,8.977061031342979e-07,0.002877617511496642,0.001524149609644533,0.011961679255296754,0.0,1.0283258116605453e-19,1.010292680913595e-31,1.815036360108092e-32
5,adam,124,2736.3999999999996,4080.959999999999,0.015483936637248692,0.003946999957423333,4.092877260506201e-07,0.002600677145389392,0.0013459135243078905,0.011536936573391587,0.0,4.340862525465838e-20,8.802496209795554e-32,1.628291424174785e-32
5,adam,149,2736.3999999999996,4080.959999999999,0.014101231773330345,0.0032109759886158047,1.0559899380999605e-06,0.002111882177941754,0.0010980378207359506,0.010890255675321057,0.0,1.808793711527558e-19,7.659031426973899e-32,1.3577144219224893e-32
5,adam,174,2736.3999999999996,4080.959999999999,0.011700370877597866,0.002023325032941873,2.328867816451861e-06,0.0012704410789473421,0.0007505550861780791,0.0096770457312348,0.0,3.77877354173447e-19,6.151761361632555e-32,8.922494958790428e-33
5,adam,199,2736.3999999999996,4080.959999999999,0.009762856634630829,0.0014483189011307213,3.637291782881285e-07,0.0009474152837576917,0.0005005398881947414,0.008314537616885626,0.0,5.634041201174002e-20,5.149794385108999e-32,7.505875961331238e-33
5,adam,224,2736.3999999999996,4080.959999999999,0.008126743398360909,0.0010307648041311956,1.7636438719470215e-07,0.0006864265197888987,0.00034416191995510206,0.007095978474118229,0.0,3.9878904299031216e-20,4.251754774596882e-32,6.35761861367057e-33
5,adam,249,2736.3999999999996,4080.959999999999,0.006908754433632526,0.0008380732511431776,1.915781458441778e-07,0.0005850715650415158,0.00025281010795581753,0.006070681059113767,0.0,4.4438020798274274e-20,3.816258765613784e-32,5.31952692831874e-33
5,adam,274,2736.3999999999996,4080.959999999999,0.005847700316573517,0.0006790913773962879,1.2828452500055e-07,0.0004638515199756988,0.00021511157289558845,0.0051686088131968075,0.0,3.2074412520460245e-20,3.4613632079668854e-32,4.845625118780609e-33
5,adam,299,2736.3999999999996,4080.959999999999,0.005303742575399168,0.0007519942400290693,2.0513079774497484e-07,0.0006055260849859625,0.00014626302424536173,0.004551748206918381,0.0,4.990293234126551e-20,3.4706827766355013e-32,4.172247744362008e-33
5,adam,324,2736.3999999999996,4080.959999999999,0.004458919336535199,0.0006364523287951435,1.7151082325698212e-07,0.00034836560421900366,0.00028791521375288277,0.0038224668775378046,0.0,5.3858954265821634e-20,2.94798197375668e-32,3.6316210770924665e-33
5,adam,349,2736.3999999999996,4080.959999999999,0.0037733115059967437,0.0004900038287704079,1.4237599181601619e-07,0.00028325868380988864,0.00020660276896870323,0.00328330754531516,0.0,4.429807168577471e-20,2.831282996888689e-32,3.778107456423437e-33
5,adam,374,2736.3999999999996,4080.959999999999,0.0032285030067714412,0.0004115248980914502,1.3147748316040788e-07,0.0002529012490550196,0.00015849217155327014,0.0028169779747993697,0.0,4.067295742180361e-20,2.742256616693264e-32,3.633810238005453e-33
5,adam,399,2736.3999999999996,4080.959999999999,0.002772421258450119,0.0003599168226120711,1.3898667774037717e-07,0.0002176236958436219,0.00014215414009070883,0.002412504299958726,0.0,3.795761295370326e-20,2.6011145831609676e-32,3.540528465914406e-33
5,adam,424,2736.3999999999996,4080.959999999999,0.002856977876654311,0.0005508862341255916,1.392658079668536e-07,0.00042820212092852173,0.00012254484738910302,0.0023060915047691433,0.0,3.1085523544259207e-20,2.3324043197956928e-32,4.0003793062893215e-33
5,adam,449,2736.3999999999996,4080.959999999999,0.0021386940235064607,0.0003526386117973882,1.1142092016719757e-07,0.00018576681158859876,0.00016676037928862225,0.0017860552726725052,0.0,2.5248601454530738e-20,1.9916204266350917e-32,3.397562181832176e-33
5,adam,474,2736.3999999999996,4080.959999999999,0.0017986044324847844,0.0002647323978658699,1.2431463655311195e-07,0.00014000926805519254,0.00012459881517412426,0.001533871894253632,0.0,3.3599931868921265e-20,2.061124628842747e-32,3.287585724490995e-33
5,adam,499,2736.3999999999996,4080.959999999999,0.0015491159366386286,0.00022930112644363093,1.1732581619854669e-07,0.00011786529992379215,0.00011131850070364023,0.001319814668379761,0.0,3.073118224150219e-20,2.046199766971515e-32,2.9951788154853747e-33
5,adam,524,2736.3999999999996,4080.959999999999,0.0013392318314357735,0.00020318599377115108,1.0824309794274422e-07,0.00010446252394406305,9.86152267291453e-05,0.0011360456943700034,0.0,2.541894480834081e-20,2.0270818637046255e-32,2.5104441839230076e-33
5,adam,549,2736.3999999999996,4080.959999999999,0.0011523654883315749,0.00018472860154503405,1.0272792592083504e-07,8.2634057082816e-05,0.0001019918165362972,0.0009676367421385837,0.0,2.2919067455874626e-20,1.879049218051365e-32,2.552226383804686e-33
5,adam,574,2736.3999999999996,4080.959999999999,0.001165282307711185,0.0003199202112767128,7.233937772769834e-08,0.00024779156411178644,7.205630778719867e-05,0.0008453619504694394,0.0,1.661973422942239e-20,1.7791934209264296e-32,3.408232053122822e-33
5,adam,599,2736.3999999999996,4080.959999999999,0.0008927384036050858,0.0001817584235575338,8.963712129115294e-08,5.696114666350705e-05,0.00012470763977273557,0.0007109798330261497,0.0,2.0967507950846005e-20,1.8112729653291034e-32,2.131460963076815e-33
5,adam,624,2736.3999999999996,4080.959999999999,0.0007635327588031089,0.00014753902347767198,7.653082182916893e-08,7.361715575327414e-05,7.384533690256866e-05,0.0006159935871162314,0.0,1.981338089819849e-20,2.0766895129696174e-32,2.463155153208288e-33
5,adam,649,2736.3999999999996,4080.959999999999,0.0008262054759483875,0.0002559913531915285,5.763101019617291e-08,0.00015665773467592414,9.927598750540819e-05,0.0005702139733685193,0.0,1.3813811463543553e-20,1.9754519543638773e-32,3.574113879237627e-33
5,adam,674,2736.3999999999996,4080.959999999999,0.0005611785289150191,0.00011905599469288144,5.0460063036344205e-08,4.727388935930644e-05,7.173164527053866e-05,0.00044212238374451255,0.0,1.1022848633682274e-20,1.9842767505894968e-32,2.232490254514863e-33
5,adam,699,2736.3999999999996,4080.959999999999,0.0004844925949394068,0.0001128430617879628,4.3440836400681206e-08,5.143358834026981e-05,6.136603261129231e-05,0.00037164938163260154,0.0,9.557419255692018e-21,1.9110472551961112e-32,2.3445763542952018e-33
5,adam,724,2736.3999999999996,4080.959999999999,0.002057790023180908,0.0010748166674675991,2.762186014899422e-08,0.0008113586321320641,0.00026343041347538597,0.0009829732031779845,0.0,6.054490870828204e-21,2.084042867734181e-32,5.257247901699376e-33
5,adam,749,2736.3999999999996,4080.959999999999,0.0005845161773883781,0.00028271153581668063,1.8733859047877717e-07,0.00019021823496718956,9.23059622590123e-05,0.0003018044883859287,0.0,3.445122162414998e-20,1.8019663859928291e-32,2.0534579838170494e-33
5,adam,774,2736.3999999999996,4080.959999999999,0.00032694657503493953,8.60516895505419e-05,7.23766239053603e-08,3.432614372127735e-05,5.16531692053592e-05,0.00024089473155198063,0.0,2.003128894544736e-20,1.9326325775251936e-32,2.3468096928684575e-33
5,adam,799,2736.3999999999996,4080.959999999999,0.00028066173497249256,8.196360010445491e-05,4.828028712807325e-08,3.540386155295857e-05,4.651145826436827e-05,0.00019869798007265667,0.0,1.2203293051565136e-20,1.8826292206455118e-32,2.3355174467250155e-33
5,adam,824,2736.3999999999996,4080.959999999999,0.00023885170068703657,7.508138850468855e-05,3.615453106637772e-08,3.207954427847704e-05,4.2965689695145124e-05,0.00016377015660430712,0.0,7.986645854901812e-21,1.5497104266405697e-32,2.1737969141055398e-33
5,adam,849,2736.3999999999996,4080.959999999999,0.00020796380605664087,7.10216454120303e-05,2.684910279484456e-08,3.0027553200209703e-05,4.096724310902575e-05,0.00013694200434396893,0.0,6.5869456042853354e-21,1.522802881719578e-32,2.1872555000666748e-33
5,adam,874,2736.3999999999996,4080.959999999999,0.00019061809085320277,7.522086995309418e-05,2.4058669622267372e-08,2.911572796238164e-05,4.608108332109027e-05,0.00011539706392186839,0.0,5.65387387188616e-21,1.5350589019579884e-32,1.8370963242693094e-33
5,adam,899,2736.3999999999996,4080.959999999999,0.00019217554532815586,8.915092493023535e-05,2.1422475873243608e-08,5.309819647037232e-05,3.603130598398979e-05,0.00010302446275082415,0.0,5.6338779574752086e-21,1.441873099720713e-32,2.6285133234640412e-33
5,adam,924,2736.3999999999996,4080.959999999999,0.00017612901866596409,8.750045672746352e-05,1.8662278443057214e-08,4.4664670170099765e-05,4.28171242789207e-05,8.86284036780684e-05,0.0,5.735344329743405e-21,1.426881659178236e-32,2.663371154240815e-33
5,adam,949,2736.3999999999996,4080.959999999999,0.0001289350646480543,6.021295978675543e-05,1.9003681524888563e-08,2.3299408561970193e-05,3.689454754326035e-05,6.872194600635255e-05,0.0,5.9345158216463755e-21,1.5116741729550154e-32,1.9216687882287697e-33
5,adam,974,2736.3999999999996,4080.959999999999,0.00011227508174050765,5.690508489423133e-05,1.9378641302903047e-08,2.6920928080696522e-05,2.996477817223191e-05,5.536983741217968e-05,0.0,6.18281354963957e-21,1.4390035465722705e-32,2.1125676541989413e-33
5,adam,999,2736.3999999999996,4080.959999999999,0.00019850825966512568,0.0001380853149432061,3.436293444664246e-08,0.00010969766961442003,2.835328239433943e-05,6.0422784717016266e-05,0.0,7.634790683168419e-21,1.4268923113861672e-32,2.6926359141575254e-33
5,adam,1024,2736.3999999999996,4080.959999999999,0.00019826344203778304,0.00012532989507808837,2.6439505033690337e-08,4.341753370278419e-05,8.188592187027049e-05,7.293338650943093e-05,0.0,7.253009400973999e-21,1.9425655481307e-32,1.714215638722851e-33
5,adam,1049,2736.3999999999996,4080.959999999999,0.0010624648001991246,0.0010025720248293902,3.6284487087030404e-07,0.0005878000425673642,0.00041440913739115577,5.989261414556151e-05,0.0,6.016561127570467e-20,1.4707924369614974e-32,1.8992503082725104e-33
5,adam,1074,2736.3999999999996,4080.959999999999,0.0001641740437424542,0.00012032195643238189,1.0882246779754763e-07,4.568023391354379e-05,7.453290005104054e-05,4.3851926035599484e-05,0.0,2.4725257259389796e-20,1.8773207139661788e-32,1.9483515203833824e-33
5,adam,1099,2736.3999999999996,4080.959999999999,8.883172042387479e-05,5.709786400997111e-05,4.9047441408336605e-08,2.6734358097603777e-05,3.0314458470958993e-05,3.1733694522712835e-05,0.0,1.4134660628150237e-20,1.7725092998400066e-32,2.2747540800200395e-33
5,adam,1124,2736.3999999999996,4080.959999999999,7.31246361378595e-05,4.590191694038948e-05,2.9555628809299873e-08,2.0063549834126062e-05,2.5808811477454118e-05,2.722255684159328e-05,0.0,6.995715336026183e-21,1.7135631239786837e-32,2.4057957251708967e-33
5,adam,1149,2736.3999999999996,4080.959999999999,6.4964685759786e-05,4.210569950981847e-05,1.8737442270336517e-08,1.8890064520915897e-05,2.319689754663223e-05,2.2858823442078498e-05,0.0,4.619947191520841e-21,1.7100477657399735e-32,2.3130959176140076e-33
5,adam,1174,2736.3999999999996,4080.959999999999,5.860353476588738e-05,3.910560089397195e-05,1.622694691995909e-08,1.735549297801095e-05,2.1733880969041037e-05,1.9497770630590208e-05,0.0,3.885164771434615e-21,1.7041611785232504e-32,2.2871722026162712e-33
5,adam,1199,2736.3999999999996,4080.959999999999,5.309842285909022e-05,3.6417686636516193e-05,1.662896378345466e-08,1.6116638300080417e-05,2.0284419372652322e-05,1.668057256771617e-05,0.0,3.914833028027594e-21,1.7004660900283907e-32,2.277136867241085e-33
5,adam,1224,2736.3999999999996,4080.959999999999,4.521453129010385e-05,3.276626361074065e-05,1.7395579862928216e-08,1.4768230582758416e-05,1.7980637448119304e-05,1.2448103627083485e-05,0.0,3.967921713303404e-21,1.491356923565855e-32,2.1947430626717232e-33
5,adam,1249,2736.3999999999996,4080.959999999999,4.115973845905949e-05,3.085030101029952e-05,1.8449407430326916e-08,1.3453140124810025e-05,1.7378711478059168e-05,1.0309273029390579e-05,0.0,4.14926575706142e-21,1.4834435189074325e-32,2.188604953158776e-33
5,adam,1274,2736.3999999999996,4080.959999999999,3.757830961240051e-05,2.8723849658803556e-05,1.9434705982711456e-08,1.2574836882070557e-05,1.612957807075029e-05,8.854295188459219e-06,0.0,4.3755254476867775e-21,1.4814939861685353e-32,2.178989173849306e-33
5,adam,1299,2736.3999999999996,4080.959999999999,3.58380865672892e-05,2.8039447264731586e-05,1.260687739903028e-06,1.1724295534528027e-05,1.5054463990300532e-05,7.798474207252412e-06,0.0,2.1552942636779997e-19,1.478896770009567e-32,2.1723963186867465e-33
5,adam,1324,2736.3999999999996,4080.959999999999,3.156175317782795e-05,2.5062666476203895e-05,6.482101902798368e-08,1.0935837004615571e-05,1.4062008452560341e-05,6.498921290442386e-06,0.0,1.181035803326036e-20,1.476399061734856e-32,2.1659189653765394e-33
5,adam,1349,2736.3999999999996,4080.959999999999,2.8922439821641244e-05,2.3340072215321563e-05,2.626277603110481e-08,1.0197735985797323e-05,1.3116073453493136e-05,5.582201891954891e-06,0.0,5.4286242308697536e-21,1.47429503919491e-32,2.1599872280392098e-33
5,adam,1374,2736.3999999999996,4080.959999999999,2.6561567149223864e-05,2.174439419725991e-05,2.0836631065914252e-08,9.503659135918625e-06,1.2219898430275374e-05,4.8170069465325595e-06,0.0,4.673659822317994e-21,1.4723918069634023e-32,2.154492181576945e-33
5,adam,1399,2736.3999999999996,4080.959999999999,2.4413683275614817e-05,2.0240694586546915e-05,2.057731528485948e-08,8.85180701095466e-06,1.1368310260307395e-05,4.172822403887411e-06,0.0,4.642295417766797e-21,1.4706593370920357e-32,2.1493334750931225e-33
5,lbfgs,1400,2736.3999999999996,4080.959999999999,2.3898332528481015e-05,1.974885304572318e-05,2.1259293669070418e-08,8.650975798192313e-06,1.1076617953861793e-05,4.149313186610688e-06,0.0,4.807451323061233e-21,1.5257003395016654e-32,2.1854706360598212e-33
5,lbfgs,1409,2736.3999999999996,4080.959999999999,1.7119070162093342e-05,1.577198801023402e-05,2.3541173746530226e-08,6.006774895668848e-06,9.741671940818643e-06,1.346915673742277e-06,0.0,4.961884880044922e-21,1.5116458076379504e-32,2.1182574357992077e-33
5,lbfgs,1419,2736.3999999999996,4080.959999999999,8.782670970794076e-06,8.514734952423466e-06,3.109433540285652e-08,2.1653002474469776e-06,6.318340369573632e-06,2.6776890090990905e-07,0.0,5.5029308026274426e-21,1.550607780051064e-32,2.2686204859142367e-33
5,lbfgs,1429,2736.3999999999996,4080.959999999999,5.985154318971568e-06,5.880788050955345e-06,3.989862990443859e-08,3.0752862721751742e-06,2.765603148875732e-06,1.0419870620648679e-07,0.0,8.545434727622417e-21,1.537562791221686e-32,2.168171610404701e-33
5,lbfgs,1439,2736.3999999999996,4080.959999999999,4.091313863672203e-06,3.7459774312397076e-06,2.1223572300117198e-08,1.8547102212830476e-06,1.8700436376565427e-06,3.4516842718315444e-07,0.0,3.8931664254255365e-21,1.53792572945158e-32,2.137011464632254e-33
5,lbfgs,1449,2736.3999999999996,4080.959999999999,3.310123938271234e-06,3.2610162090167814e-06,1.556803483224129e-08,1.2625689559765518e-06,1.9828792182079884e-06,4.893963685155993e-08,0.0,3.395903117652983e-21,1.5325965831076412e-32,2.1517332556450908e-33
5,lbfgs,1459,2736.3999999999996,4080.959999999999,2.6948400527173853e-06,2.5112628985253094e-06,2.9584129453904532e-08,7.45740486847962e-07,1.7359382822234428e-06,1.834091347730155e-07,0.0,8.15758898869965e-21,1.5492200725832688e-32,2.1486881145793738e-33
5,lbfgs,1469,2736.3999999999996,4080.959999999999,1.64592398900047e-06,1.5511942401719624e-06,1.8786266366580013e-08,8.423622011749493e-07,6.900457726304332e-07,9.456141853461841e-08,0.0,2.4927079878171596e-21,1.545680234624314e-32,2.0933660930165e-33
5,lbfgs,1479,2736.3999999999996,4080.959999999999,9.644971044704416e-07,9.489015218648459e-07,1.8182503967758633e-08,4.7499064351959626e-07,4.557283743774909e-07,1.542728397611523e-08,0.0,2.940912384501972e-21,1.5633510872997697e-32,2.1106275054787107e-33
5,lbfgs,1489,2736.3999999999996,4080.959999999999,7.942915643673674e-07,7.905678024789332e-07,1.7197696570139884e-08,4.173601281422762e-07,3.560099777665171e-07,3.5553753433613073e-09,0.0,2.6491815432600427e-21,1.5631740304554204e-32,2.1099347776411604e-33
5,lbfgs,1499,2736.3999999999996,4080.959999999999,6.704788314018089e-07,6.671715104021024e-07,9.401124680966444e-09,3.04833966493764e-07,3.5293641922737193e-07,3.138938163887339e-09,0.0,1.9842751038346533e-21,1.5619984078642133e-32,2.1015640859845204e-33
5,lbfgs,1509,2736.3999999999996,4080.959999999999,5.79646036663274e-07,5.748679980893052e-07,7.907730787467857e-09,2.575848710404683e-07,3.0937539626136897e-07,4.609642904555005e-09,0.0,1.7177476670303585e-21,1.5650707015751786e-32,2.102470107289964e-33
5,lbfgs,1519,2736.3999999999996,4080.959999999999,5.448363938564351e-07,5.426249971968488e-07,6.2841406166978495e-09,2.29444919504167e-07,3.06895937075984e-07,2.0430213215847564e-09,0.0,1.5550912314512124e-21,1.5651353707792672e-32,2.105746988931789e-33
5,lbfgs,1529,2736.3999999999996,4080.959999999999,4.926731066325892e-07,4.841386197178388e-07,9.099756866963621e-09,2.552968071123767e-07,2.197420557384984e-07,8.366102098200913e-09,0.0,1.8028417718538323e-21,1.5656567040446658e-32,2.0987599620383577e-33
5,lbfgs,1539,2736.3999999999996,4080.959999999999,4.620853922664088e-07,4.5878075494844547e-07,5.1211469890625586e-09,2.4741939001680083e-07,2.0624021794258207e-07,3.1362945504148153e-09,0.0,1.2359305021116853e-21,1.5644928627567579e-32,2.1010326658361513e-33
5,lbfgs,1549,2736.3999999999996,4080.959999999999,4.0089682426533854e-07,3.961752410909521e-07,1.23446814227325e-08,1.8366809888720194e-07,2.0016246078101768e-07,4.553214086916906e-09,0.0,1.9068265314467005e-21,1.562256814629552e-32,2.1005542107893116e-33
5,lbfgs,1559,2736.3999999999996,4080.959999999999,3.434321041499592e-07,3.4257764650048437e-07,6.094947967288917e-09,1.3778035907139756e-07,1.9870233946179788e-07,6.861130158218848e-10,0.0,1.7927677148626975e-21,1.5632081357176403e-32,2.1003576692803896e-33
5,lbfgs,1569,2736.3999999999996,4080.959999999999,3.268283772226279e-07,3.2584979309878507e-07,3.877388361595497e-09,1.2671749531927708e-07,1.952549094179125e-07,8.102569283481779e-10,0.0,1.3839531113830769e-21,1.5648110071698175e-32,2.10156041961781e-33
5,lbfgs,1579,2736.3999999999996,4080.959999999999,3.006047148924262e-07,2.977981384761541e-07,9.33756916249993e-09,1.325048726663089e-07,1.5595569664734525e-07,2.638238947855355e-09,0.0,3.221523915535472e-21,1.564585385441649e-32,2.106234078174011e-33
5,lbfgs,1589,2736.3999999999996,4080.959999999999,2.671024133087368e-07,2.6439467837544807e-07,2.0593992767949277e-09,1.1613490596710768e-07,1.4620037313154546e-07,2.539421936406885e-09,0.0,6.1084300970752905e-22,1.566258980664777e-32,2.1098442218480457e-33
5,lbfgs,1599,2736.3999999999996,4080.959999999999,2.497278475133201e-07,2.464510049033748e-07,3.546603834072221e-09,1.0543139582055653e-07,1.3747300524874607e-07,3.1085401159773816e-09,0.0,9.380159693005876e-22,1.5674170675978246e-32,2.1127683994415996e-33
5,lbfgs,1609,2736.3999999999996,4080.959999999999,2.2578316426849204e-07,2.224649379325036e-07,2.7104676549837534e-09,6.119176710228439e-08,1.5856270317523547e-07,3.1499386433260946e-09,0.0,6.446977633094838e-22,1.5637690358132676e-32,2.115226292297492e-33
5,lbfgs,1619,2736.3999999999996,4080.959999999999,1.9157372998368894e-07,1.8885815901402052e-07,4.604231175398169e-09,4.537545188766206e-08,1.3887847595096027e-07,2.547260705410676e-09,0.0,1.3387512109384351e-21,1.565662639472002e-32,2.1094349685541737e-33
5,lbfgs,1629,2736.3999999999996,4080.959999999999,1.7733102283020565e-07,1.745218108295126e-07,3.6141763445093952e-09,4.243074121675449e-08,1.2847689326824872e-07,2.640875231355553e-09,0.0,1.1389985388294011e-21,1.563695489394056e-32,2.1086407795977663e-33
5,lbfgs,1639,2736.3999999999996,4080.959999999999,1.4968422476416067e-07,1.4548055767335695e-07,2.7645767420495562e-09,4.2967100724637794e-08,9.97488802066696e-08,4.035307448546853e-09,0.0,1.0916891593450912e-21,1.561350738780017e-32,2.1054751813013403e-33
5,lbfgs,1649,2736.3999999999996,4080.959999999999,1.355164165623112e-07,1.3399055601186513e-07,4.056424513385892e-09,4.095408732681713e-08,8.898004417166211e-08,1.3575073412986776e-09,0.0,1.6059433334406761e-21,1.5630313212877388e-32,2.108124854572769e-33
5,lbfgs,1659,2736.3999999999996,4080.959999999999,1.2753882707400415e-07,1.2685838910230246e-07,1.593622169596962e-09,3.925449231687621e-08,8.60102746158293e-08,5.120890011759104e-10,0.0,4.736781646673814e-22,1.5629510759212935e-32,2.1105279846516683e-33
5,lbfgs,1669,2736.3999999999996,4080.959999999999,1.2210789555661985e-07,1.2031453168503495e-07,2.5626078795063636e-09,4.159801296966121e-08,7.615391083586737e-08,1.6250008266730027e-09,0.0,7.208878509735744e-22,1.5628553043994448e-32,2.1085925678992117e-33
5,lbfgs,1679,2736.3999999999996,4080.959999999999,1.173343878726549e-07,1.1606779668437743e-07,2.624704050434568e-09,4.136729372290444e-08,7.207579891103842e-08,1.098219469867816e-09,0.0,7.878191124022494e-22,1.562609735768573e-32,2.109036640053704e-33
5,lbfgs,1689,2736.3999999999996,4080.959999999999,8.507892942681801e-08,8.361518564343154e-08,1.3840123980944617e-09,3.047612182228702e-08,5.175505142305006e-08,1.295346154824151e-09,0.0,5.017045496882661e-22,1.5650771023393845e-32,2.1061693625891412e-33
5,lbfgs,1699,2736.3999999999996,4080.959999999999,7.765133069525571e-08,7.704380323880901e-08,1.0426010690021436e-09,2.7539297958230137e-08,4.846190421157674e-08,4.3908811717539977e-10,0.0,3.8188036051407427e-22,1.5628097787633436e-32,2.1056420948810107e-33
5,lbfgs,1709,2736.3999999999996,4080.959999999999,7.614219247179888e-08,7.55554673117363e-08,1.0661436531005125e-09,2.9095797119809624e-08,4.5393526538826176e-08,4.1828661873565557e-10,0.0,3.8278861904430742e-22,1.563336223182728e-32,2.1051229788451e-33
5,lbfgs,1719,2736.3999999999996,4080.959999999999,7.395663430512202e-08,7.358153344086604e-08,8.384615010682233e-10,2.7101893358320625e-08,4.564117858147719e-08,2.0665766128727802e-10,0.0,3.524945345611327e-22,1.563692373923687e-32,2.1046650697188776e-33
5,lbfgs,1729,2736.3999999999996,4080.959999999999,7.141795724382763e-08,7.08838368482186e-08,6.562305590628175e-10,2.6907203998352835e-08,4.3320402290802944e-08,3.6565890050342023e-10,0.0,2.628818523807704e-22,1.564040324333432e-32,2.1021768008571208e-33
5,lbfgs,1739,2736.3999999999996,4080.959999999999,6.842253516344652e-08,6.69398010423295e-08,7.701331614423928e-10,2.5171170343289605e-08,4.099849753759751e-08,1.314266564367793e-09,0.0,3.045881884207915e-22,1.563769379300752e-32,2.1031696970730526e-33
5,lbfgs,1749,2736.3999999999996,4080.959999999999,6.786733668084149e-08,6.610901078008392e-08,7.731152104777034e-10,2.4563023782465694e-08,4.0772871787140524e-08,1.589855658508853e-09,0.0,3.002780712665621e-22,1.5639885664172193e-32,2.1033881844240166e-33
5,lbfgs,1759,2736.3999999999996,4080.959999999999,6.775616546545476e-08,6.606819197420134e-08,7.720515282435183e-10,2.4595492174681534e-08,4.070064827127628e-08,1.5195031289887368e-09,0.0,3.0393767909154013e-22,1.5640587752464083e-32,2.103320319377079e-33
5,lbfgs,1769,2736.3999999999996,4080.959999999999,6.765870599163268e-08,6.591033637578492e-08,7.616468781673715e-10,2.4480020417342296e-08,4.066866908027526e-08,1.5798989175666334e-09,0.0,2.930611121332193e-22,1.5640080592231936e-32,2.1034230627601087e-33
5,lbfgs,1779,2736.3999999999996,4080.959999999999,6.757044209249109e-08,6.58841107997885e-08,7.589437441069999e-10,2.4513356678482483e-08,4.061181037719902e-08,1.5178605705035636e-09,0.0,2.960326895513119e-22,1.5640592884262726e-32,2.1033625966840903e-33
5,lbfgs,1789,2736.3999999999996,4080.959999999999,6.748893772800098e-08,6.574887381097925e-08,7.505037229090641e-10,2.4414994071887864e-08,4.0583376016182314e-08,1.5715929707429676e-09,0.0,2.8694412192981785e-22,1.5640025157183025e-32,2.1034528527992893e-33
5,lbfgs,1799,2736.3999999999996,4080.959999999999,6.7412739577949e-08,6.573054763646623e-08,7.473586792937645e-10,2.444490076678713e-08,4.0538288190385334e-08,1.513721018162102e-09,0.0,2.8949529993165073e-22,1.5640450514037483e-32,2.1033939698877835e-33
5,lbfgs,1809,2736.3999999999996,4080.959999999999,6.734088180207331e-08,6.56098150033478e-08,7.409530080590422e-10,2.435514424251876e-08,4.051371775277e-08,1.5625957085376496e-09,0.0,2.818058262316496e-22,1.5639874260775375e-32,2.103476576792125e-33
5,lbfgs,1819,2736.3999999999996,4080.959999999999,6.727267883876709e-08,6.559667226630134e-08,7.378910101234582e-10,2.4381341289038497e-08,4.047743996713939e-08,1.5075355271389497e-09,0.0,2.84116870745914e-22,1.564025766266429e-32,2.103419916360755e-33
5,lbfgs,1829,2736.3999999999996,4080.959999999999,6.720761178956082e-08,6.548633548240266e-08,7.333013937829877e-10,2.4297142591963776e-08,4.04558914966559e-08,1.5528051252900852e-09,0.0,2.7755241088465275e-22,1.5639695130570254e-32,2.103498099063202e-33
5,lbfgs,1839,2736.3999999999996,4080.959999999999,6.714527509857893e-08,6.547681817522899e-08,7.303936296389187e-10,2.432015930335001e-08,4.042626524224006e-08,1.499985796250842e-09,0.0,2.7968295526378215e-22,1.56400572808784e-32,2.103443818795662e-33
5,lbfgs,1849,2736.3999999999996,4080.959999999999,6.708534192827167e-08,6.537438880308299e-08,7.272665515656592e-10,2.4240188904649886e-08,4.040693334686745e-08,1.542481878677262e-09,0.0,2.740053193065606e-22,1.5639516466335608e-32,2.103519021382726e-33
5,lbfgs,1859,2736.3999999999996,4080.959999999999,6.702754484711083e-08,6.536752467498994e-08,7.244548447999366e-10,2.426065272953369e-08,4.038241710065632e-08,1.4915489846671032e-09,0.0,2.7597625640459647e-22,1.5639867351807893e-32,2.1034668583130377e-33
5,lbfgs,1869,2736.3999999999996,4080.959999999999,6.697166193279612e-08,6.527135488573456e-08,7.224549994865238e-10,2.4184207005770925e-08,4.0364692880477116e-08,1.531835750687208e-09,0.0,2.7099306880683705e-22,1.5639350031419268e-32,2.1035397069751767e-33
5,lbfgs,1879,2736.3999999999996,4080.959999999999,6.691750701568274e-08,6.526650235001865e-08,7.196690467009797e-10,2.4202652972658154e-08,4.034418033065952e-08,1.4825334300079166e-09,0.0,2.728161818223408e-22,1.5639694624342325e-32,2.103489295936148e-33
5,lbfgs,1889,2736.3999999999996,4080.959999999999,6.68649230931653e-08,6.517543583833952e-08,7.18523104200252e-10,2.4129284561139034e-08,4.032762817300023e-08,1.5210159172534258e-09,0.0,2.6837835638679235e-22,1.5639200033643511e-32,2.1035600947951414e-33
5,lbfgs,1899,2736.3999999999996,4080.959999999999,6.681377613992398e-08,6.517215196243117e-08,7.157114651309759e-10,2.4146126352836567e-08,4.031031414446363e-08,1.4731529010598038e-09,0.0,2.7006477822674445e-22,1.5639540841295073e-32,2.10351110771489e-33
5,lbfgs,1909,2736.3999999999996,4080.959999999999,6.676395187909989e-08,6.508534447516181e-08,7.152088388953302e-10,2.407550967284621e-08,4.029462596342027e-08,1.5101360306555626e-09,0.0,2.6605864657576434e-22,1.563906729543008e-32,2.1035800412047285e-33
5,lbfgs,1919,2736.3999999999996,4080.959999999999,6.67153512890062e-08,6.508331281159991e-08,7.123415495438522e-10,2.409105713151167e-08,4.027991413054439e-08,1.4635671650936538e-09,0.0,2.6762044830803027e-22,1.5639405561496733e-32,2.103532222067763e-33
5,lbfgs,1929,2736.3999999999996,4080.959999999999,6.666788919291828e-08,6.500013040342662e-08,7.123233823582662e-10,2.4022935951885354e-08,4.0264871069183e-08,1.4992873842499913e-09,0.0,2.63959647009863e-22,1.563895114839525e-32,2.1035994292377514e-33
5,lbfgs,1939,2736.3999999999996,4080.959999999999,6.662149071755637e-08,6.499911910270789e-08,7.093871373885525e-10,2.4037420451746256e-08,4.025231151357308e-08,1.4539002701233782e-09,0.0,2.6540949889297236e-22,1.5639287446946446e-32,2.1035525895814038e-33
5,lbfgs,1949,2736.3999999999996,4080.959999999999,6.657609095551771e-08,6.491907556680883e-08,7.097342780699298e-10,2.397158509013986e-08,4.0237756198599045e-08,1.4885439542519207e-09,0.0,2.6202821396148476e-22,1.5638850310246564e-32,2.103618189109232e-33
5,lbfgs,1959,2736.3999999999996,4080.959999999999,6.653163201948823e-08,6.491891148302622e-08,7.067269222849408e-10,2.3985181451115872e-08,4.022700310962541e-08,1.4442491619315102e-09,0.0,2.633787127578955e-22,1.5639184853503945e-32,2.103572193298865e-33
5,lbfgs,1969,2736.3999999999996,4080.959999999999,6.648806336210632e-08,6.484162731230072e-08,7.073498724781615e-10,2.3921456991499693e-08,4.021282044832286e-08,1.4779645882543037e-09,0.0,2.602264730847444e-22,1.563876329635047e-32,2.103636291217502e-33
5,lbfgs,1979,2736.3999999999996,4080.959999999999,6.644533923356057e-08,6.484217908295935e-08,7.042759905660001e-10,2.3934299861849162e-08,4.0203603230544187e-08,1.4346887483205698e-09,0.0,2.6148959029159153e-22,1.5639096101407504e-32,2.1035910419449846e-33
5,lbfgs,1989,2736.3999999999996,4080.959999999999,6.640341940866289e-08,6.476735328058979e-08,7.051072053463303e-10,2.3872538728709667e-08,4.018970734653379e-08,1.467594641136142e-09,0.0,2.5852738017490314e-22,1.5638688613486366e-32,2.1036537339666927e-33
5,lbfgs,1999,2736.3999999999996,4080.959999999999,6.636226693477199e-08,6.476851979597033e-08,7.019750092649973e-10,2.3884734127322677e-08,4.018181065938265e-08,1.4252757104484183e-09,0.0,2.5971411367447676e-22,1.563901959607313e-32,2.1036091607509695e-33
5,lbfgs,2009,2736.3999999999996,4080.959999999999,6.63218491081672e-08,6.469590991144194e-08,7.029632021714941e-10,2.3824810648745293e-08,4.016813606052515e-08,1.4574676858196475e-09,0.0,2.56911505915886e-22,1.5638624849011005e-32,2.103670533220276e-33
5,lbfgs,2019,2736.3999999999996,4080.959999999999,6.628213544177354e-08,6.469761222797588e-08,6.997824830785147e-10,2.3836443896659418e-08,4.0161385848237956e-08,1.4160517607745199e-09,0.0,2.580317078145516e-22,1.563895387760561e-32,2.103626584023279e-33
5,lbfgs,2029,2736.3999999999996,4080.959999999999,6.62430987882594e-08,6.462701994191928e-08,7.008884680250036e-10,2.3778250012634866e-08,4.014788146125941e-08,1.4476073126635285e-09,0.0,2.5536475596982407e-22,1.563857070853434e-32,2.1036867146850534e-33
5,lbfgs,2039,2736.3999999999996,4080.959999999999,6.620471348113189e-08,6.462919550474075e-08,6.976693215016292e-10,2.3789391146863947e-08,4.0142135036375165e-08,1.4070464998895449e-09,0.0,2.564270871401511e-22,1.563889763590147e-32,2.1036433500331288e-33
5,lbfgs,2049,2736.3999999999996,4080.959999999999,6.616695653710855e-08,6.456045608906789e-08,6.988629840322342e-10,2.3732832937914822e-08,4.012876016712083e-08,1.4380288926168676e-09,0.0,2.538767728619721e-22,1.5638525027755886e-32,2.1037023088613946e-33
5,lbfgs,2059,2736.3999999999996,4080.959999999999,6.612980593886919e-08,6.456305455550099e-08,6.956150639188757e-10,2.3743540425808713e-08,4.01238990657734e-08,1.3982798844096326e-09,0.0,2.548887392345349e-22,1.5638849709144554e-32,2.103659497801715e-33
5,lbfgs,2069,2736.3999999999996,4080.959999999999,6.609324187210774e-08,6.449602910028286e-08,6.968731477607487e-10,2.3688535304989885e-08,4.011062064753223e-08,1.4287411955338827e-09,0.0,2.5243982307862113e-22,1.5638486771294362e-32,2.1037173478709674e-33
5,lbfgs,2079,2736.3999999999996,4080.959999999999,6.605724512704537e-08,6.449900929724442e-08,6.936052673598236e-10,2.369885862770472e-08,4.010654540217987e-08,1.389764309265081e-09,0.0,2.534078594699976e-22,1.5638809074539345e-32,2.1036750652176586e-33
5,lbfgs,2089,2736.3999999999996,4080.959999999999,6.602179834086647e-08,6.443357893846761e-08,6.949097462044741e-10,2.3645333087745944e-08,4.009333610451719e-08,1.4197478059980187e-09,0.0,2.510480246889202e-22,1.5638455025136784e-32,2.1037318635566178e-33
5,lbfgs,2099,2736.3999999999996,4080.959999999999,6.598688450130685e-08,6.443690663354379e-08,6.916297001257165e-10,2.3655314573778765e-08,4.00899623596393e-08,1.3815063264080057e-09,0.0,2.51977602281407e-22,1.5638774835783456e-32,2.103690088025419e-33
5,lbfgs,2109,2736.3999999999996,4080.959999999999,6.595248817515669e-08,6.437296824034272e-08,6.929665697934702e-10,2.360320239828009e-08,4.007679927226916e-08,1.4110483189535633e-09,0.0,2.496968119870443e-22,1.5638428986240588e-32,2.1037458864075308e-33
5,lbfgs,2119,2736.3999999999996,4080.959999999999,6.591859410135359e-08,6.437661450177512e-08,6.896810909128591e-10,2.361287855755039e-08,4.0074054853311866e-08,1.3735080380560744e-09,0.0,2.505925537718518e-22,1.5638746209610214e-32,2.103704599357199e-33
5,lbfgs,2129,2736.3999999999996,4080.959999999999,6.58851883932053e-08,6.431407743454768e-08,6.910394648915743e-10,2.356211941442098e-08,4.006091855523513e-08,1.4026393238930659e-09,0.0,2.483825642715458e-22,1.5638407951201153e-32,2.103759445004955e-33
5,lbfgs,2139,2736.3999999999996,4080.959999999999,6.585225721100186e-08,6.431801741973528e-08,6.877542600852166e-10,2.3571521935944276e-08,4.0058741223705784e-08,1.3657682101344814e-09,0.0,2.49248358720839e-22,1.563872251260149e-32,2.1037186295917165e-33
5,lbfgs,2149,2736.3999999999996,4080.959999999999,6.581978793035667e-08,6.425680107728298e-08,6.891256855824497e-10,2.3522060280176777e-08,4.004561511152375e-08,1.3945151998754446e-09,0.0,2.4710234784273945e-22,1.56383913050111e-32,2.1037725657888733e-33
6,adam,0,4080.959999999999,5963.343999999998,0.10882791227072694,0.08162093413404628,0.0002777776723475964,0.058807145790974666,0.022536010670724027,0.027206978044682084,0.0,9.995961821951958e-18,1.960005311575088e-30,2.499999999999994e-31
6,adam,24,4080.959999999999,5963.343999999998,0.027133107553429226,0.013021728890581709,0.00024823505275827607,0.009052283691174568,0.003721210146648864,0.014111378568775224,0.0,1.4691977285267776e-18,3.109773873986545e-31,4.1590387053740834e-32
6,adam,49,4080.959999999999,5963.343999999998,0.021643768919525228,0.00834559505852469,3.0940145535651447e-06,0.005638419243285902,0.0027040818006852214,0.013298173764788812,0.0,2.541043660378433e-20,2.0301780369008587e-31,2.9243597787239285e-32
6,adam,74,4080.959999999999,5963.343999999998,0.01825965050626102,0.005408204950420596,2.906908486880565e-06,0.003529997301784491,0.0018753007401492246,0.012851445455714974,0.0,2.3794821808178344e-20,1.3162304653126777e-31,1.9975143467379097e-32
6,adam,99,4080.959999999999,5963.343999999998,0.016661373343836237,0.004278309222034839,2.391102761047089e-06,0.002826674680246444,0.001449243439027348,0.012383064017589285,0.0,2.262117325736121e-20,9.885848265105469e-32,1.640303310448037e-32
6,adam,124,4080.959999999999,5963.343999999998,0.01589220826055797,0.003849007527705462,7.247450476319376e-07,0.0025935104831317527,0.0012547722995260775,0.012043200625931097,0.0,5.039995360927949e-21,8.395961090400567e-32,1.4692022049375694e-32
6,adam,149,4080.959999999999,5963.343999999998,0.015467819549905183,0.0036632733584376787,4.001233170917131e-07,0.002495251727643987,0.0011676215074766002,0.011804546082760561,0.0,2.7220620038785602e-21,7.521738877045211e-32,1.3732433495854183e-32
6,adam,174,4080.959999999999,5963.343999999998,0.015176110212040565,0.003568764279296124,2.1644363301825318e-07,0.0024518577324740298,0.001116690103189076,0.011607345822703672,0.0,1.854549529612581e-21,6.946452921156631e-32,1.320353549940729e-32
6,adam,199,4080.959999999999,5963.343999999998,0.014902575754454363,0.003461181924416422,2.8165623972873125e-07,0.0023787104822162427,0.0010821897859604507,0.011441393718844959,0.0,2.8177236128252407e-21,6.545020587743141e-32,1.2886015955917485e-32
6,adam,224,4080.959999999999,5963.343999999998,0.014463106793716256,0.003182929694297341,2.5295599233140723e-07,0.002170805700100805,0.0010118710382042047,0.011280176986825924,0.0,2.82694972151578e-21,6.062124715393422e-32,1.230058243304515e-32
6,adam,249,4080.959999999999,5963.343999999998,0.013523465726348442,0.002588911399324898,7.546529919299417e-07,0.0016690232604030712,0.0009191334859298969,0.010934554212014932,0.0,7.323664965856959e-21,5.639144673896405e-32,1.1551549882635334e-32
6,adam,274,4080.959999999999,5963.343999999998,0.011863727092452488,0.0016966117649994178,3.5760816976329544e-07,0.0009797566307350853,0.0007164975260945691,0.010167115209006221,0.0,2.3988119291791793e-21,4.754210988560163e-32,7.637175538581298e-33
6,adam,299,4080.959999999999,5963.343999999998,0.01037445711421187,0.0012935466630850804,3.5410448240627134e-07,0.0007674480988143225,0.0005257444597883517,0.009080910329654138,0.0,4.1206927870770566e-21,4.226356124655706e-32,6.73450367027181e-33
6,adam,324,4080.959999999999,5963.343999999998,0.00913271304372265,0.001059123794635643,3.7572106115747736e-07,0.0006403048255395247,0.00041844324803496085,0.008073589124208205,0.0,4.1074165527235586e-21,3.808485454481748e-32,6.247067913968145e-33
6,adam,349,4080.959999999999,5963.343999999998,0.008077139604519811,0.0008927166331284142,2.81218276973859e-07,0.0005567197726777883,0.00033571564217365203,0.007184422843004019,0.0,2.872460846246305e-21,3.522669628631929e-32,5.584245077092738e-33
6,adam,374,4080.959999999999,5963.343999999998,0.007179147435769359,0.000780953017892041,2.2376591528668614e-07,0.0005125530188465924,0.00026817623313016195,0.006398194286138505,0.0,2.2234972103346855e-21,3.2402875636362374e-32,5.4176057393731174e-33
6,adam,399,4080.959999999999,5963.343999999998,0.00640539984452174,0.0006905685536605905,1.1555997708762298e-07,0.0004509789468533535,0.00023947404683014934,0.005714831156559303,0.0,9.458096074094285e-22,3.037290681048505e-32,4.606512677001189e-33
6,adam,424,4080.959999999999,5963.343999999998,0.005672585154905704,0.0005644572447117569,1.335398272921995e-07,0.0003605068945926659,0.00020381681029179872,0.005108127773553894,0.0,2.6491397530182335e-21,2.6447296893471706e-32,4.092007162306938e-33
6,adam,449,4080.959999999999,5963.343999999998,0.005073640414758298,0.0005064228131205706,1.1957723434441947e-07,0.0003249018840684141,0.00018140135181781209,0.004567217462630437,0.0,2.4325777552252686e-21,2.541695484941329e-32,3.833973685410932e-33
6,adam,474,4080.959999999999,5963.343999999998,0.004756850220375299,0.0005532352364760384,8.176709666213461e-08,0.0003474097362910642,0.00020574373308831207,0.004203614842570091,0.0,1.4657038815576868e-21,2.751151386406936e-32,2.7079019809672254e-33
6,adam,499,4080.959999999999,5963.343999999998,0.004169793602539973,0.0004901053629293988,5.4890211539057685e-08,0.0002811094001767222,0.00020894107254113752,0.0036796880964089385,0.0,1.1239561274920887e-21,2.4088122041025969e-32,2.698281807471362e-33
6,adam,524,4080.959999999999,5963.343999999998,0.0036909715560970325,0.00040236253229824907,4.924830994022615e-08,0.00024115876493570595,0.00016115451905260292,0.0032886088788787386,0.0,1.3985210786926308e-21,2.228459631632914e-32,3.0447406315968803e-33
6,adam,549,4080.959999999999,5963.343999999998,0.0033083181347480545,0.0003586118530146951,4.8840407206574845e-08,0.00022151139509503368,0.00013705161751245487,0.0029497061349621698,0.0,1.0154765780134401e-21,2.1547230229196632e-32,3.1039666417906245e-33
6,adam,574,4080.959999999999,5963.343999999998,0.0029764953231815024,0.0003285312422018257,4.2473096113821624e-08,0.0001976780721232479,0.00013081069698246402,0.0026479639323452263,0.0,6.5652456930368655e-22,2.0977141720088478e-32,2.9365436724382144e-33
6,adam,599,4080.959999999999,5963.343999999998,0.0027871416045354897,0.0003983108487510844,5.993686561226434e-08,0.0002534940534183422,0.00014475685846712994,0.0023888306054838325,0.0,1.3345268677533292e-21,1.827301486484739e-32,3.0642037024826946e-33
6,adam,624,4080.959999999999,5963.343999999998,0.002492898022516345,0.00034227422873216694,3.137827428966651e-08,0.0001981673527483286,0.00014407549770954867,0.00215062364216561,0.0,4.920235646470316e-22,2.3648805380691115e-32,2.6848324584008236e-33
6,adam,649,4080.959999999999,5963.343999999998,0.002218245518256632,0.0002870567175105351,9.65646113884177e-08,0.0001738566845139784,0.00011310346838516825,0.0019311886474589392,0.0,1.2729898787009399e-21,2.2894784806549701e-32,2.912015038112108e-33
6,adam,674,4080.959999999999,5963.343999999998,0.001985975292414892,0.0002547435995949407,1.0293693421822556e-07,0.00015248100664174674,0.00010215965601897572,0.0017312315377966733,0.0,9.794371693069611e-22,2.2177841252131904e-32,2.83555993280223e-33
6,adam,699,4080.959999999999,5963.343999999998,0.0020490090756533526,0.00039771796158509883,1.4591195881549036e-07,0.00019776530655829305,0.0001998067430679903,0.0016512909573313348,0.0,7.7944314479770875e-22,2.5448882428872464e-32,1.914058725668043e-33
6,adam,724,4080.959999999999,5963.343999999998,0.01099157569711072,0.008044474014096654,1.462354261637742e-06,0.0022386360836736787,0.005804375576161338,0.002947101518297263,0.0,3.8530205452131903e-20,2.978224596649973e-32,5.164373083382194e-33
6,adam,749,4080.959999999999,5963.343999999998,0.0073053260288178535,0.0046272659781500846,4.441291759558268e-07,0.002523750633752285,0.0021030712152218436,0.0026780598844814516,0.0,1.429542070806289e-20,1.816712132941357e-32,1.792600284355324e-33
6,adam,774,4080.959999999999,5963.343999999998,0.004896124914368756,0.002701471233502501,1.6775826489460956e-07,0.0019604415867969355,0.000740861888440671,0.0021946535147831397,0.0,4.250830602631783e-21,1.9201068978856293e-32,2.0120669746721414e-33
6,adam,799,4080.959999999999,5963.343999999998,0.003603720685205362,0.0016794827750925122,1.1707303049485983e-07,0.001317541514476257,0.00036182418758576047,0.001924237744069261,0.0,3.3862173812293024e-21,2.0154912358318753e-32,2.035089194011592e-33
6,adam,824,4080.959999999999,5963.343999999998,0.0029589232050793754,0.0012126591671166001,1.1024029484966504e-07,0.0009990452550887742,0.00021350367173297621,0.0017462638717186377,0.0,3.3050098999108026e-21,2.1676571051017624e-32,2.053801269605744e-33
6,adam,849,4080.959999999999,5963.343999999998,0.0025102702813544872,0.0009047081118245696,1.0680586230422385e-07,0.0007420497121657011,0.00016255159379656428,0.0016055620028324101,0.0,2.75344883696132e-21,2.169554148532407e-32,2.2428702778204946e-33
6,adam,874,4080.959999999999,5963.343999999998,0.0021261708798878754,0.0006433852848851722,1.0242671258341526e-07,0.000502979766055842,0.00014030309211674675,0.0014827854275730825,0.0,2.248365617530282e-21,2.031824789306714e-32,2.4258940022514998e-33
6,adam,899,4080.959999999999,5963.343999999998,0.0018343814682403089,0.0004669535111106431,6.714342413532574e-08,0.0003177966516762455,0.0001490897160102623,0.0013674277888199027,0.0,1.4551903908153108e-21,1.9917081399564618e-32,2.607074989975173e-33
6,adam,924,4080.959999999999,5963.343999999998,0.0016606342247406582,0.00039816173688794136,2.73803446770302e-08,0.0002483338527661833,0.00014980050377708107,0.0012624723187730012,0.0,4.915878676453602e-22,2.0066341993937218e-32,2.8902835286440355e-33
6,adam,949,4080.959999999999,5963.343999999998,0.0015290746405734008,0.00036052922318951093,1.753926913830437e-08,0.0002092770381560432,0.00015123464576432944,0.0011685452475570742,0.0,2.2937090163672176e-22,1.991252077096062e-32,3.0211935335197618e-33
6,adam,974,4080.959999999999,5963.343999999998,0.0014170067546817864,0.0003365038726614633,1.5019041770507418e-08,0.00018663744819374315,0.00014985140542594965,0.0010805027114599447,0.0,1.873833620152078e-22,1.970142650230832e-32,3.0478297549715675e-33
6,adam,999,4080.959999999999,5963.343999999998,0.00131704268009218,0.0003185022710608295,1.3868253561499054e-08,0.00017193489426351198,0.00014655350854375605,0.0009985402377628422,0.0,1.8353075195072767e-22,1.944683921327243e-32,3.0296957763757084e-33
6,adam,1024,4080.959999999999,5963.343999999998,0.00122284345279909,0.00029942517940344726,1.3470402166512776e-08,0.00015812354027167509,0.00014128816872960564,0.0009234181014328872,0.0,2.1106832767073882e-22,1.7167154977908154e-32,2.9599391724262277e-33
6,adam,1049,4080.959999999999,5963.343999999998,0.0011364019598331615,0.00028527127014976673,1.2461347923274957e-08,0.00014972623840207682,0.00013553257039976665,0.0008511305170246999,0.0,2.1140464834945635e-22,1.687712687722964e-32,2.879447662571253e-33
6,adam,1074,4080.959999999999,5963.343999999998,0.0010556202617711212,0.0002711072516445082,1.11624723574864e-08,0.0001410457170224236,0.00013005037214972715,0.0007845128367813142,0.0,2.0665801206974857e-22,1.6594481985743953e-32,2.8168806113059297e-33
6,adam,1099,4080.959999999999,5963.343999999998,0.0009798125502207971,0.0002570540155727605,1.0266344846539094e-08,0.00013242900860316187,0.00012461474062475212,0.0007227583606270772,0.0,2.0284361288319892e-22,1.632586418079998e-32,2.7563831975789383e-33
6,adam,1124,4080.959999999999,5963.343999999998,0.0009083892104198671,0.0002428951957996563,9.995735253296634e-09,0.0001238266736571009,0.00011905852640730212,0.0006654938399332662,0.0,2.0147498052232816e-22,1.6062409186225133e-32,2.698034234699346e-33
6,adam,1149,4080.959999999999,5963.343999999998,0.0008408484201096594,0.0002285114050757319,1.054768051337831e-08,0.00011526571887639021,0.0001132351385188283,0.0006123368396889565,0.0,2.0397657803199569e-22,1.5802971070763744e-32,2.6395071896533243e-33
6,adam,1174,4080.959999999999,5963.343999999998,0.0007767659971846512,0.00021377115563041022,1.1936546233223142e-08,0.00010668778615349165,0.00010707143293068535,0.0005629946655567631,0.0,2.1060380796731803e-22,1.5543888075966302e-32,2.5796200407204102e-33
6,adam,1199,4080.959999999999,5963.343999999998,0.0007157875504025052,0.00019859246250302057,1.3976060556729722e-08,9.812479320180011e-05,0.00010045369324066374,0.0005171949112523407,0.0,2.199085063519667e-22,1.5283676507676428e-32,2.516834455176341e-33
6,adam,1224,4080.959999999999,5963.343999999998,0.0006827913820313048,0.0002056780904043104,1.7024800231290854e-08,9.879359526110736e-05,0.00010686747034297176,0.00047711311432763046,0.0,2.5730001335192576e-22,1.7412792316210865e-32,2.6433058658708768e-33
6,adam,1249,4080.959999999999,5963.343999999998,0.0006252050119007498,0.00018797859816892826,1.887293011103313e-08,9.00812531547537e-05,9.787847208406352e-05,0.0004372262357730623,0.0,2.514650661064082e-22,1.7079017117603017e-32,2.5485091278706545e-33
6,adam,1274,4080.959999999999,5963.343999999998,0.0005700731577164979,0.00016958984374266302,2.0021151984265982e-08,8.055469994645346e-05,8.90151226442253e-05,0.0004004831353577973,0.0,2.3841472894367897e-22,1.6752086472717563e-32,2.4666723245776703e-33
6,adam,1299,4080.959999999999,5963.343999999998,0.0005174956446313811,0.00015098831667499234,1.9725846046325074e-08,7.176159149016668e-05,7.920699933877934e-05,0.00036650714868936813,0.0,2.1753766615954392e-22,1.6443493516401832e-32,2.3749188101736505e-33
6,adam,1324,4080.959999999999,5963.343999999998,0.00046818585186432916,0.00013315347671618083,1.8190432742872847e-08,6.399883266457842e-05,6.913645361885954e-05,0.0003350321952415891,0.0,1.8921164511418658e-22,1.6149949806790503e-32,2.2780105714757825e-33
6,adam,1349,4080.959999999999,5963.343999999998,0.00042352236913146033,0.00011744244890176138,1.5983389697407512e-08,5.687484182206287e-05,6.055162369000109e-05,0.00030607973970027413,0.0,1.568995191056343e-22,1.5868110346234758e-32,2.1961915136658152e-33
6,adam,1374,4080.959999999999,5963.343999999998,0.00038409721383871856,0.00010449116264856255,1.3589667228673168e-08,5.020368100053262e-05,5.4273891980801246e-05,0.0002796058700568796,0.0,1.2422094287555766e-22,1.5599598901362306e-32,2.1377714326989325e-33
6,adam,1399,4080.959999999999,5963.343999999998,0.000349185746444241,9.390585588520356e-05,1.1369989427852771e-08,4.4535094422990375e-05,4.935939147278534e-05,0.0002552797088402119,0.0,9.519682319018973e-23,1.5363489632475564e-32,2.091842866966566e-33
6,lbfgs,1400,4080.959999999999,5963.343999999998,0.00033697117322923416,8.262404397009054e-05,1.1454444139897064e-08,3.986504979312608e-05,4.274753973282455e-05,0.000254346947517257,0.0,8.699820140613992e-23,1.4429940864292472e-32,1.9826386092559902e-33
6,lbfgs,1409,4080.959999999999,5963.343999999998,8.373449222211961e-05,6.623318824510292e-05,3.278473117898207e-07,2.16102397658135e-05,4.4295101167499605e-05,1.750112082837744e-05,0.0,2.7633936554877852e-21,1.3266125788368704e-32,1.8021609942448044e-33
6,lbfgs,1419,4080.959999999999,5963.343999999998,4.277242390515617e-05,4.115879783138932e-05,1.874012908731236e-07,2.0218755272013356e-05,2.0752641268502845e-05,1.6134417908417056e-06,0.0,1.5271116815775077e-21,1.272855680114867e-32,1.7556023672498087e-33
6,lbfgs,1429,4080.959999999999,5963.343999999998,2.7489318786032345e-05,2.6565765825929955e-05,1.0593224247910653e-08,7.16942403406734e-06,1.9385748567614702e-05,9.233680427068641e-07,0.0,9.93239471378647e-23,1.3411797027524836e-32,2.020911019911915e-33
6,lbfgs,1439,4080.959999999999,5963.343999999998,1.2674132137949323e-05,1.2566500739248597e-05,1.3149376608903218e-08,4.752114579696146e-06,7.801236782943547e-06,1.0744535754774818e-07,0.0,1.4597713303820885e-22,1.3269119454991635e-32,1.8258178145769546e-33
6,lbfgs,1449,4080.959999999999,5963.343999999998,6.539036600440144e-06,5.974537380970745e-06,1.3109712328732002e-08,2.97945408989491e-06,2.981973578747103e-06,5.643129844178029e-07,0.0,2.0518083400948324e-22,1.2868687861397017e-32,1.7254866979035446e-33
6,lbfgs,1459,4080.959999999999,5963.343999999998,4.473691293163768e-06,4.379015637132217e-06,2.1601781323204906e-08,2.5739138814847242e-06,1.7834999743242885e-06,9.448942817338783e-08,0.0,3.596874595395783e-22,1.286215918900088e-32,1.7215426289794276e-33
6,lbfgs,1469,4080.959999999999,5963.343999999998,3.519948509488212e-06,3.4145165501769073e-06,1.3508875597379803e-07,1.4161534504856703e-06,1.8632743437174392e-06,1.0524551937244432e-07,0.0,3.677107562927237e-21,1.2970380672076762e-32,1.7290911591946918e-33
6,lbfgs,1479,4080.959999999999,5963.343999999998,2.4641569208436313e-06,2.3548357606604833e-06,1.3262269560201635e-07,8.991418082108629e-07,1.3230712568476039e-06,1.0913453247103152e-07,0.0,2.2883222851932663e-21,1.3066044950248619e-32,1.7046955668649783e-33
6,lbfgs,1489,4080.959999999999,5963.343999999998,1.6177427466914525e-06,1.5427626336552216e-06,1.4269147592061284e-08,5.992189828498384e-07,9.292745032133221e-07,7.479340805473811e-08,0.0,2.98660448451317e-22,1.3156608227811765e-32,1.7091123503183272e-33
6,lbfgs,1499,4080.959999999999,5963.343999999998,1.1898548060340857e-06,1.1875111010629595e-06,9.683362624507601e-09,4.0044677350741986e-07,7.77380964931032e-07,2.1570395701723565e-09,0.0,1.370616192321792e-22,1.324036668615845e-32,1.710903308724281e-33
6,lbfgs,1509,4080.959999999999,5963.343999999998,1.1012400273253693e-06,1.091133862356771e-06,7.79437472319956e-09,3.9471724153004413e-07,6.886222461035273e-07,9.919374185856829e-09,0.0,1.2803532997246172e-22,1.324110891693258e-32,1.7033113635115034e-33
6,lbfgs,1519,4080.959999999999,5963.343999999998,8.121451745023491e-07,8.047068521174786e-07,1.315961369288291e-08,3.377699459118299e-07,4.537772925127658e-07,7.251581797515e-09,0.0,1.947570450124545e-22,1.320852580550117e-32,1.697112748223782e-33
6,lbfgs,1529,4080.959999999999,5963.343999999998,7.157757428739849e-07,6.976976053235196e-07,1.014060658604867e-08,3.084336849279245e-07,3.791233138095464e-07,1.7891328722356672e-08,0.0,1.328272326091617e-22,1.31959595065053e-32,1.6928024428154877e-33
6,lbfgs,1539,4080.959999999999,5963.343999999998,4.72558687837258e-07,4.6480833739101767e-07,8.115120027738824e-09,2.267052967668528e-07,2.2998792059642603e-07,7.563429011909719e-09,0.0,2.163624256181543e-22,1.3217488776635982e-32,1.685391829997821e-33
6,lbfgs,1549,4080.959999999999,5963.343999999998,4.3073461845093447e-07,4.0368048955997856e-07,3.0055258174722014e-09,1.8737619526039017e-07,2.132987684821162e-07,2.6867300688897645e-08,0.0,7.626447051555688e-23,1.3252656099124846e-32,1.6805005871991315e-33
6,lbfgs,1559,4080.959999999999,5963.343999999998,3.388448621515299e-07,3.318765090389226e-07,5.043108052501908e-09,1.6928021840160367e-07,1.5755318258481707e-07,6.78142206985967e-09,0.0,1.0475077131400496e-22,1.3239497800436097e-32,1.6920124891068063e-33
6,lbfgs,1569,4080.959999999999,5963.343999999998,3.238028744771188e-07,3.190434466580023e-07,3.1158081004980004e-09,1.6637565674052557e-07,1.4955198181697873e-07,4.57248851760985e-09,0.0,7.238189189246151e-23,1.3256943296914664e-32,1.691096863093882e-33
6,lbfgs,1579,4080.959999999999,5963.343999999998,2.952548248775732e-07,2.886017863051958e-07,3.897057259326804e-09,1.43922520304537e-07,1.4078220874133198e-07,6.466051401789523e-09,0.0,7.986241155538984e-23,1.3289825979161917e-32,1.6928724870438353e-33
6,lbfgs,1589,4080.959999999999,5963.343999999998,2.545396166265121e-07,2.463544796911362e-07,9.529036193393613e-09,1.310431605547163e-07,1.0578228294302626e-07,7.998126139095701e-09,0.0,2.6205830215081276e-22,1.3250558659950777e-32,1.6988351997980256e-33
6,lbfgs,1599,4080.959999999999,5963.343999999998,1.878617824975814e-07,1.8721524624928716e-07,2.233361922548881e-09,9.099905878099548e-08,9.39828255457428e-08,4.5933835336073994e-10,0.0,3.1031357427862475e-23,1.3273928296785913e-32,1.6969594026328146e-33
6,lbfgs,1609,4080.959999999999,5963.343999999998,1.5972442448508326e-07,1.5678149485537e-07,1.6882794388569628e-09,6.871760087123863e-08,8.637561454527438e-08,2.7556834470329242e-09,0.0,3.661806995640866e-23,1.3285435978559383e-32,1.697115290521405e-33
6,lbfgs,1619,4080.959999999999,5963.343999999998,1.4164440429864002e-07,1.3991623601624504e-07,1.0939448145351076e-09,5.989893614038218e-08,7.892335506132775e-08,1.5409107644704834e-09,0.0,2.3124505060110434e-23,1.327159719173537e-32,1.6993368755719324e-33
6,lbfgs,1629,4080.959999999999,5963.343999999998,1.3523508141962887e-07,1.3369647068205038e-07,8.599061103439169e-10,5.559578804564418e-08,7.724077652606228e-08,1.3513264356768836e-09,0.0,1.3366093299272827e-23,1.3262102469371895e-32,1.696396523866638e-33
6,lbfgs,1639,4080.959999999999,5963.343999999998,1.1783247886557619e-07,1.1493138523893793e-07,1.4506306798470474e-09,5.250024321458714e-08,6.098051134450374e-08,2.7138024136324963e-09,0.0,3.2344300632570074e-23,1.325795199133516e-32,1.69566002615942e-33
6,lbfgs,1649,4080.959999999999,5963.343999999998,9.591075505999036e-08,9.290739585793217e-08,2.505474595350126e-09,4.5306183345965596e-08,4.5095737916616454e-08,2.8159775687149945e-09,0.0,8.045407328132785e-23,1.327840358921539e-32,1.6954268558205113e-33
6,lbfgs,1659,4080.959999999999,5963.343999999998,9.024489276009197e-08,8.916992791453475e-08,1.5553189608050635e-09,4.4617106583278464e-08,4.2997502370451215e-08,8.875970389913113e-10,0.0,3.969251179931897e-23,1.3269250821220165e-32,1.696490597884327e-33
6,lbfgs,1669,4080.959999999999,5963.343999999998,8.803205374988282e-08,8.667506365214326e-08,1.0841425620602757e-09,4.338050257869621e-08,4.221041851138678e-08,1.1696287696374216e-09,0.0,2.643120336866641e-23,1.3270910728013068e-32,1.6972614988294992e-33
6,lbfgs,1679,4080.959999999999,5963.343999999998,8.480584744365202e-08,8.273921056032167e-08,4.5404637460220707e-10,4.1505693467666146e-08,4.077947071805331e-08,1.879267526555462e-09,0.0,8.712917758420367e-24,1.3275257038073176e-32,1.6955577693280356e-33
6,lbfgs,1689,4080.959999999999,5963.343999999998,8.09268412489178e-08,7.939667361207023e-08,1.6764808229723483e-09,3.8260558063875045e-08,3.9459634725222826e-08,1.3427738025539301e-09,0.0,4.290264695354296e-23,1.3267981395993024e-32,1.6968763349866837e-33
6,lbfgs,1699,4080.959999999999,5963.343999999998,7.669037080260081e-08,7.49518794024208e-08,1.5401702354254417e-09,3.607027353134935e-08,3.734143563564602e-08,1.551072314854033e-09,0.0,4.0696237560574354e-23,1.3280221840386345e-32,1.6973563219147748e-33
6,lbfgs,1709,4080.959999999999,5963.343999999998,7.068568999575156e-08,6.99398502775874e-08,2.1390560890677898e-09,3.404237051115776e-08,3.375842367736184e-08,5.583889379814004e-10,0.0,3.5864298810833277e-23,1.3278786327190252e-32,1.696258200469644e-33
6,lbfgs,1719,4080.959999999999,5963.343999999998,6.19138355233278e-08,6.143180376645414e-08,7.882078745021559e-10,2.9304882492528763e-08,3.1338713399423215e-08,2.9453759396269513e-10,0.0,1.9270719566794446e-23,1.3284009067469758e-32,1.6935326980146647e-33
6,lbfgs,1729,4080.959999999999,5963.343999999998,5.244769914316356e-08,5.202573750413153e-08,2.3241590127008414e-09,2.6555806595867046e-08,2.3145771895563644e-08,2.343875963975777e-10,0.0,5.14322773611678e-23,1.3281238192282128e-32,1.6936463921185146e-33
6,lbfgs,1739,4080.959999999999,5963.343999999998,5.0433947645473814e-08,5.0007287892192166e-08,2.0350836058845714e-09,2.507883540148231e-08,2.2893368884825284e-08,2.390766002741845e-10,0.0,4.7151955447589866e-23,1.3287102076424474e-32,1.693968204560509e-33
6,lbfgs,1749,4080.959999999999,5963.343999999998,4.2060844244472534e-08,4.176927486571489e-08,4.2053431688475014e-10,2.0579099143366448e-08,2.0769641405463688e-08,1.0394263845540938e-10,0.0,6.897354872204924e-24,1.3281006757623364e-32,1.6914518098394457e-33
6,lbfgs,1759,4080.959999999999,5963.343999999998,4.196955114741044e-08,4.169020529975905e-08,4.206017613321136e-10,2.041606595691186e-08,2.0853537581515075e-08,9.171971465218813e-11,0.0,6.869570158269057e-24,1.3280692203545718e-32,1.691359440067192e-33
6,lbfgs,1769,4080.959999999999,5963.343999999998,4.1901322030862634e-08,4.1623701133500615e-08,4.1476361177228924e-10,2.0373997680264667e-08,2.083493984146366e-08,8.999523122032478e-11,0.0,6.722861408911245e-24,1.3280609771060678e-32,1.691364921030385e-33
6,lbfgs,1779,4080.959999999999,5963.343999999998,4.181687685550874e-08,4.1542652613367274e-08,3.9839166912630056e-10,2.0338131460288032e-08,2.0806129483952945e-08,8.659975783345414e-11,0.0,6.332412552758797e-24,1.3280491308769247e-32,1.6913954306078196e-33
6,lbfgs,1789,4080.959999999999,5963.343999999998,4.174962415296965e-08,4.147471418200407e-08,4.018418448393166e-10,2.0300758783338743e-08,2.077211355382601e-08,8.728489784462761e-11,0.0,6.42269043972084e-24,1.3280621274253002e-32,1.6913895713116706e-33
6,lbfgs,1799,4080.959999999999,5963.343999999998,4.1667089767925335e-08,4.1388001772646524e-08,4.1639443221271215e-10,2.0238251500123215e-08,2.0733355840310598e-08,9.146149041424793e-11,0.0,6.770998406829479e-24,1.3280783315836775e-32,1.6913565991464163e-33
6,lbfgs,1809,4080.959999999999,5963.343999999998,4.160051777755732e-08,4.132401851229641e-08,4.1096400605514373e-10,2.0207063080325746e-08,2.0705991425915523e-08,8.887326216769789e-11,0.0,6.634322663662949e-24,1.3280779525618693e-32,1.6913725219577406e-33
6,lbfgs,1819,4080.959999999999,5963.343999999998,4.152022202274232e-08,4.124954920064819e-08,3.9641469139770113e-10,2.018665414226971e-08,2.0666480366980775e-08,8.304829338159906e-11,0.0,6.281582517808959e-24,1.3280808303074442e-32,1.69142871123231e-33
6,lbfgs,1829,4080.959999999999,5963.343999999998,4.145395881261716e-08,4.1181814118825214e-08,3.9911160134135187e-10,2.0145240934882496e-08,2.063746158260137e-08,8.451942740980238e-11,0.0,6.3564809183775666e-24,1.3280873248599398e-32,1.6914080252031368e-33
6,lbfgs,1839,4080.959999999999,5963.343999999998,4.137651847979492e-08,4.109724110292532e-08,4.110734891719098e-10,2.0072581884183692e-08,2.0613585729569715e-08,9.165009965943611e-11,0.0,6.64697492302842e-24,1.328088272301611e-32,1.6913342469512e-33
6,lbfgs,1849,4080.959999999999,5963.343999999998,4.130994315610581e-08,4.1034496346242566e-08,4.069491009704754e-10,2.004635111460208e-08,2.058119613067001e-08,8.782030532037587e-11,0.0,6.541435396492006e-24,1.3280943897046685e-32,1.691370294024126e-33
6,lbfgs,1859,4080.959999999999,5963.343999999998,4.1236588806019905e-08,4.096873883086783e-08,3.9655883647599736e-10,2.0043211322437422e-08,2.0528968671954415e-08,8.022583630249668e-11,0.0,6.274725139190772e-24,1.3281146701553335e-32,1.6914850724653517e-33
6,lbfgs,1869,4080.959999999999,5963.343999999998,4.116851877448093e-08,4.089885904050402e-08,3.9720153792915734e-10,1.999635353366047e-08,2.05053039689144e-08,8.203445350838001e-11,0.0,6.307841360290485e-24,1.3281131895038767e-32,1.6914351451264876e-33
6,lbfgs,1879,4080.959999999999,5963.343999999998,4.110642106915957e-08,4.083586298765431e-08,3.9802560896756445e-10,1.9956251708638256e-08,2.0481585670048488e-08,8.293229068457273e-11,0.0,6.3306278785843285e-24,1.3281143572097664e-32,1.691416110292999e-33
6,lbfgs,1889,4080.959999999999,5963.343999999998,4.102985728383276e-08,4.075503625358125e-08,4.0213913482037793e-10,1.9889286127833166e-08,2.046361099092771e-08,8.719380261121002e-11,0.0,6.4300869750863966e-24,1.328107524203737e-32,1.6913550373399764e-33
6,lbfgs,1899,4080.959999999999,5963.343999999998,4.0967901960389214e-08,4.069545463954602e-08,4.0042940919027434e-10,1.986517726296901e-08,2.0429847967386733e-08,8.48206187588771e-11,0.0,6.387768140186536e-24,1.328117284765176e-32,1.6913867241726813e-33
6,lbfgs,1909,4080.959999999999,5963.343999999998,4.089435998172589e-08,4.0626625799665316e-08,3.970269932639497e-10,1.9856323329573432e-08,2.0373275476827938e-08,8.010920583029224e-11,0.0,6.297360546902944e-24,1.3281423588310404e-32,1.6914787362181803e-33
6,lbfgs,1919,4080.959999999999,5963.343999999998,4.0831758215723695e-08,4.056310894264327e-08,3.960855200550579e-10,1.981240362704695e-08,2.0354619795541265e-08,8.10234351252676e-11,0.0,6.282555170821903e-24,1.3281379283552045e-32,1.6914380235618595e-33
6,lbfgs,1929,4080.959999999999,5963.343999999998,4.077259601177971e-08,4.050352077799543e-08,3.957850911049534e-10,1.9775041789576873e-08,2.03326938973136e-08,8.144899787942421e-11,0.0,6.277169177574695e-24,1.3281383289197618e-32,1.691423190326766e-33
6,lbfgs,1939,4080.959999999999,5963.343999999998,4.069810059908321e-08,4.0426622847855404e-08,3.9608317500168333e-10,1.9714985894744768e-08,2.0315553778108948e-08,8.385039256456422e-11,0.0,6.286577780429138e-24,1.3281312119110024e-32,1.6913762193898936e-33
6,lbfgs,1949,4080.959999999999,5963.343999999998,4.0639307354661e-08,4.036933861812963e-08,3.9560147582608947e-10,1.9690927493010776e-08,2.028280964929276e-08,8.234177107016149e-11,0.0,6.274102209346519e-24,1.3281409054295423e-32,1.6914012401011326e-33
6,lbfgs,1959,4080.959999999999,5963.343999999998,4.0567212340937726e-08,4.029991361309229e-08,3.956250326029152e-10,1.9676776012619847e-08,2.0227512567869533e-08,7.967311098855257e-11,0.0,6.267658045107543e-24,1.3281644178821896e-32,1.6914726690087934e-33
6,lbfgs,1969,4080.959999999999,5963.343999999998,4.050821964827584e-08,4.0240650919443806e-08,3.9385948490878685e-10,1.963634197780858e-08,2.021044945672644e-08,7.99424146810621e-11,0.0,6.230220682609678e-24,1.3281602756266296e-32,1.6914411982902043e-33
6,lbfgs,1979,4080.959999999999,5963.343999999998,4.0439740877289454e-08,4.016854942892506e-08,3.902169787884674e-10,1.956657548961199e-08,2.0211756960524606e-08,8.356305840223706e-11,0.0,6.149093209300385e-24,1.3281392505814396e-32,1.6913457606524588e-33
6,lbfgs,1989,4080.959999999999,5963.343999999998,4.0379408176339665e-08,4.0110547659669715e-08,3.9162181081565234e-10,1.9546987920046954e-08,2.0171937928807106e-08,8.123295206012918e-11,0.0,6.181032289675744e-24,1.3281550924661282e-32,1.691393870268958e-33
6,lbfgs,1999,4080.959999999999,5963.343999999998,4.032319072304013e-08,4.005526520542746e-08,3.9168616479073416e-10,1.9522924902131313e-08,2.0140654138505412e-08,8.029826241224865e-11,0.0,6.181540209230831e-24,1.3281639523379557e-32,1.6914135691197524e-33
6,lbfgs,2009,4080.959999999999,5963.343999999998,4.0253075350428195e-08,3.998644939414079e-08,3.932037920783561e-10,1.950525842721724e-08,2.008798717484519e-08,7.899979633186942e-11,0.0,6.211966554120618e-24,1.3281846459036618e-32,1.691469310078153e-33
6,lbfgs,2019,4080.959999999999,5963.343999999998,4.01969095518995e-08,3.993043951135173e-08,3.9115156458597437e-10,1.9467764845435602e-08,2.007152310133015e-08,7.884329457202124e-11,0.0,6.166407478993909e-24,1.3281814249775667e-32,1.6914448852407932e-33
6,lbfgs,2029,4080.959999999999,5963.343999999998,4.0129704007366316e-08,3.98615073001067e-08,3.8634835114065147e-10,1.9404443817878416e-08,2.007071513108763e-08,8.056822135122386e-11,0.0,6.057423038452219e-24,1.3281641714727624e-32,1.6913703551497333e-33
6,lbfgs,2039,4080.959999999999,5963.343999999998,4.0072730685062755e-08,3.980593190583804e-08,3.880146188754483e-10,1.9384759617733393e-08,2.0033157669229196e-08,7.917097314704223e-11,0.0,6.09539312379508e-24,1.3281781766254525e-32,1.6914083828800392e-33
6,lbfgs,2049,4080.959999999999,5963.343999999998,4.0018776909591575e-08,3.9752541766951674e-08,3.8829346505829885e-10,1.9360922907583738e-08,2.0003325394309638e-08,7.860758583955968e-11,0.0,6.1010439817453255e-24,1.3281861205279795e-32,1.691423952462356e-33
6,lbfgs,2059,4080.959999999999,5963.343999999998,3.995080246436446e-08,3.968498685388563e-08,3.9035640809234353e-10,1.934116164796052e-08,1.995346879783277e-08,7.818896425096976e-11,0.0,6.145614846135704e-24,1.3282039780151358e-32,1.6914679333810112e-33
6,lbfgs,2069,4080.959999999999,5963.343999999998,3.9897050285066655e-08,3.9631640363812177e-08,3.8828965020834384e-10,1.9306052581320394e-08,1.9937298132283442e-08,7.778277185234614e-11,0.0,6.0989155961705125e-24,1.3282017163612434e-32,1.6914487951512833e-33
6,lbfgs,2079,4080.959999999999,5963.343999999998,3.98314896125284e-08,3.956554611303038e-08,3.83241891014679e-10,1.9247730407476136e-08,1.9934573814539565e-08,7.831486306794646e-11,0.0,5.983476036320056e-24,1.3281880296023906e-32,1.6913899306685033e-33
6,lbfgs,2089,4080.959999999999,5963.343999999998,3.977727738989007e-08,3.9512124238472144e-08,3.848947110451998e-10,1.922812761291799e-08,1.9899101914508953e-08,7.752508448417625e-11,0.0,6.021100054683691e-24,1.3282002652733764e-32,1.6914202710200383e-33
6,lbfgs,2099,4080.959999999999,5963.343999999998,3.9715633600824936e-08,3.944886894149933e-08,3.9187715264551847e-10,1.9224978624920922e-08,1.983201316393289e-08,7.913853006924435e-11,0.0,6.176932237383387e-24,1.3282314547050566e-32,1.6915086719121748e-33
7,adam,0,5963.343999999998,8598.681599999996,0.10882773134485453,0.08162079844146564,0.0002777770852188722,0.058807010685522736,0.022536010670724027,0.02720693281382187,0.0,2.3165517811024783e-19,1.9600008085950526e-30,2.499999999999994e-31
7,adam,24,5963.343999999998,8598.681599999996,0.026848594033285832,0.01308259249959954,0.00019365603612502499,0.008296446936433952,0.004592489527040561,0.013766001442251444,0.0,1.636519167260129e-20,2.8395231988689335e-31,5.12230399144517e-32
7,adam,49,5963.343999999998,8598.681599999996,0.021508242652807444,0.008121553331551774,5.3556611280990265e-06,0.005224716322850619,0.002891481347573056,0.013386689227214643,0.0,6.433532241792333e-22,1.850169560166644e-31,3.172061095618343e-32
7,adam,74,5963.343999999998,8598.681599999996,0.018354031115749504,0.005298858618770262,3.6542168225510787e-06,0.0035477929391601057,0.0017474114627876053,0.013055172398835068,0.0,3.276881958343871e-22,1.2931527755180557e-31,1.884460337952223e-32
7,adam,99,5963.343999999998,8598.681599999996,0.01685397757741102,0.004104609141487249,1.09325325588386e-06,0.002760113103652815,0.0013434027845785506,0.012749368333599824,0.0,7.895472256802386e-23,9.835732111946794e-32,1.5082779934717837e-32
7,adam,124,5963.343999999998,8598.681599999996,0.016022788522083723,0.003539715124370079,9.991956290702955e-07,0.0024138355678917905,0.001124880360849218,0.012483073292416727,0.0,6.992754989385105e-23,8.203864137356621e-32,1.3087882095086894e-32
7,adam,149,5963.343999999998,8598.681599999996,0.015549163305202885,0.0032659877069690273,7.610887511642816e-07,0.002240268184732418,0.0010249584334854453,0.01228317549096751,0.0,4.991717977278903e-23,7.220060313190408e-32,1.198719722918714e-32
7,adam,174,5963.343999999998,8598.681599999996,0.015235654952971094,0.0031174698208392797,6.867754735053353e-07,0.002153156679418575,0.000963626365947199,0.012118185023469443,0.0,4.112343836943037e-23,6.564269749040432e-32,1.1309501397918941e-32
7,adam,199,5963.343999999998,8598.681599999996,0.01500245226855255,0.0030264218046844255,5.557419045037881e-07,0.0021047930143409076,0.0009210730484390143,0.011976030354153544,0.0,3.277843007040513e-23,6.089131469870568e-32,1.0837916096891393e-32
7,adam,224,5963.343999999998,8598.681599999996,0.015040608318542288,0.003168926317851602,3.963797660484979e-07,0.0021971270015778872,0.0009714029365076663,0.011871681890155158,0.0,2.2677165559893024e-23,6.135079599693308e-32,1.1345017544025888e-32
7,adam,249,5963.343999999998,8598.681599999996,0.014879990435110686,0.0031143077452480115,2.34166283355195e-07,0.0021649246329836485,0.000949148945981008,0.011765682578562121,0.0,1.3614280415966005e-23,5.892633076689761e-32,1.1122421732449845e-32
7,adam,274,5963.343999999998,8598.681599999996,0.014699027083725379,0.003039820945710307,1.983954005713496e-07,0.002111431070535469,0.0009281914797742665,0.01165920602584404,0.0,1.4533365616562992e-23,5.687445162187704e-32,1.0974606036906464e-32
7,adam,299,5963.343999999998,8598.681599999996,0.014449303328694922,0.0028939412089842875,3.689005679817788e-07,0.001988270713341465,0.0009053015950748405,0.011555362006354104,0.0,3.8700423185962236e-23,5.510333707748424e-32,1.0837379704452607e-32
7,adam,324,5963.343999999998,8598.681599999996,0.01396108235504968,0.0025477933766994976,3.912992917478665e-07,0.0016838334192987028,0.0008635686581090469,0.011413288862923634,0.0,8.357145090718068e-23,5.317606642525125e-32,1.0512060198261847e-32
7,adam,349,5963.343999999998,8598.681599999996,0.01293941992174154,0.0019014464439633919,4.793777144085058e-07,0.001119694888038297,0.0007812721782106864,0.01103797335858885,0.0,8.139722553261476e-23,4.764889501274545e-32,8.84028700617296e-33
7,adam,374,5963.343999999998,8598.681599999996,0.011850752552961974,0.0014776490186653533,2.871821115924607e-07,0.000858726528785502,0.0006186353077682589,0.010373103411709215,0.0,5.99512896558719e-23,4.244215853989825e-32,7.024596798756007e-33
7,adam,399,5963.343999999998,8598.681599999996,0.010883808571027621,0.0012410311200658514,1.7034796167299187e-07,0.0007436216824774409,0.0004972390896267377,0.009642777324871081,0.0,7.592642678348272e-23,3.895362647826905e-32,6.181010550176508e-33
7,adam,424,5963.343999999998,8598.681599999996,0.010034207573133643,0.0010905599662096367,1.7987115013489463e-07,0.0006680892104865748,0.00042229088457292703,0.008943647477195055,0.0,8.005727889886632e-23,3.744387687492457e-32,5.699115747244688e-33
7,adam,449,5963.343999999998,8598.681599999996,0.009256470999049575,0.0009603853903777876,2.1735305847481006e-07,0.0005987659969695375,0.00036140204034977526,0.008296085475333174,0.0,1.0262490805149153e-22,3.485487223899211e-32,5.221784242700515e-33
7,adam,474,5963.343999999998,8598.681599999996,0.00855893517229948,0.0008601259193374098,2.481539438116157e-07,0.0005445196377784613,0.00031535812761513695,0.007698809116141341,0.0,1.2929193910034377e-22,3.2787408901889605e-32,4.8285872994237586e-33
7,adam,499,5963.343999999998,8598.681599999996,0.00792559004015607,0.0007797195281695769,2.5439580112798855e-07,0.0005002047122006653,0.00027926042016778363,0.007145870371813204,0.0,1.415732912628632e-22,3.107543774958887e-32,4.501877047848711e-33
7,adam,524,5963.343999999998,8598.681599999996,0.0073533572207123196,0.0007158898495110687,2.715938868588551e-07,0.0004730499698572724,0.00024256828576693746,0.006637467227873475,0.0,1.4926649321280086e-22,2.972192993790815e-32,4.201054095369504e-33
7,adam,549,5963.343999999998,8598.681599999996,0.00682448202666462,0.0006609055157527948,2.3618751776371984e-07,0.0004331542747071262,0.00022751505352790492,0.0061635763648403554,0.0,1.4182058614221158e-22,2.826760924168999e-32,3.9999131630289464e-33
7,adam,574,5963.343999999998,8598.681599999996,0.006334425096157379,0.0006107871292299489,2.19208294852075e-07,0.00040299370825905094,0.00020757421267604594,0.005723637818113772,0.0,1.3737631316453434e-22,2.7166240245983015e-32,3.799779316164648e-33
7,adam,599,5963.343999999998,8598.681599999996,0.005884525221646874,0.0005679651383827817,2.1869589821814475e-07,0.00038991556559497034,0.0001778308768895932,0.005316559931703759,0.0,1.3662099917698704e-22,2.655437469083943e-32,3.4805675358683475e-33
7,adam,624,5963.343999999998,8598.681599999996,0.005469326514315315,0.0005345039736252742,1.5578198009593288e-07,0.00036490728102418773,0.00016944091062099056,0.004934822386739454,0.0,9.568620768939146e-23,2.5654594720736907e-32,3.351142453239588e-33
7,adam,649,5963.343999999998,8598.681599999996,0.005074641029636307,0.0004932292166301279,1.2860730244560867e-07,0.0003356843402938575,0.0001574162690338248,0.004581411656737063,0.0,7.926077427181745e-23,2.474566521624396e-32,3.2146763531897934e-33
7,adam,674,5963.343999999998,8598.681599999996,0.004730273025929941,0.00046574320187186435,1.0862502931576559e-07,0.0003256543722611013,0.00013998020458144727,0.0042645296654369134,0.0,6.277746130250195e-23,2.37380624596824e-32,3.1876850740809876e-33
7,adam,699,5963.343999999998,8598.681599999996,0.004383434087339775,0.0004275962982810109,9.121685282508633e-08,0.0002858929798292906,0.0001416121015988952,0.003955837628180594,0.0,4.8258455654572914e-23,2.3191190786961695e-32,2.9064457008251145e-33
7,adam,724,5963.343999999998,8598.681599999996,0.004072113263078885,0.0003981343765226144,7.61818592162798e-08,0.0002658528665285112,0.0001322053281348869,0.0036739787234845197,0.0,4.214069592078496e-23,2.208555038093505e-32,2.8902735162110096e-33
7,adam,749,5963.343999999998,8598.681599999996,0.0037810750769325767,0.00036402068593830805,8.450745296389513e-08,0.00024197944883312474,0.00012195672965221943,0.0034170542257505442,0.0,4.295173548865636e-23,2.1742564586833473e-32,2.643193806898504e-33
7,adam,774,5963.343999999998,8598.681599999996,0.003642189535518754,0.0004331620860654889,8.443349474466738e-08,0.00032656247598872795,0.00010651517658201625,0.0032090272819658952,0.0,4.789734655603077e-23,2.0492882607028416e-32,3.417026572086835e-33
7,adam,799,5963.343999999998,8598.681599999996,0.0032844527110850196,0.0003243211899582429,7.613095994911215e-08,0.00021447489536204685,0.00010977016363624694,0.002960131351763626,0.0,4.467960030590802e-23,1.9723335757034017e-32,2.6312151990197184e-33
7,adam,824,5963.343999999998,8598.681599999996,0.003033698438147005,0.0002801439679826499,9.199918631384448e-08,0.00017940794403985134,0.0001006440247564847,0.002753554298780017,0.0,5.2624769799100014e-23,1.8518952837253552e-32,2.2489708607859257e-33
7,adam,849,5963.343999999998,8598.681599999996,0.0028222774883429036,0.0002599332293747482,9.498810012168016e-08,0.00016467555142983883,9.516268984478772e-05,0.002562344085511414,0.0,5.911375958764566e-23,1.8061718216398397e-32,2.20660141197624e-33
7,adam,874,5963.343999999998,8598.681599999996,7155663.009246902,1076991.1769161972,3.934612338958005e-06,0.31437604522336227,1076990.8625362173,6078671.832330705,0.0,7.52315037242382e-23,5.69148967517031e-23,1.1947110606075731e-23
7,adam,899,5963.343999999998,8598.681599999996,0.01083375075649731,0.006850616535145257,7.944669434203721e-07,0.0016830859122092792,0.005166736155992557,0.003983134034753615,0.0,5.258125423818853e-22,5.601302663229149e-32,9.73590767739028e-33
7,adam,924,5963.343999999998,8598.681599999996,0.0074478183707343435,0.004109266540788311,1.740929270075664e-06,0.0020294410574979538,0.002078084554020282,0.0033385516387500914,0.0,1.2582840521199041e-21,1.5147147800577718e-32,1.706063618851027e-33
7,adam,949,5963.343999999998,8598.681599999996,0.0062514933249014585,0.0032102397488625355,5.286965480662817e-07,0.0022940939633014886,0.0009156170890129807,0.0030412533842666093,0.0,2.6779478792262313e-22,1.4735515377776206e-32,2.152337178204815e-33
7,adam,974,5963.343999999998,8598.681599999996,0.005428286501824271,0.00251468522963352,1.42855742042986e-07,0.0016324448111288716,0.0008820975627626055,0.002913601080282026,0.0,8.135134528219313e-23,1.5306999256121814e-32,1.6249306045415112e-33
7,adam,999,5963.343999999998,8598.681599999996,0.004887934340573137,0.0020440700477983784,1.0983781672854479e-07,0.001305584720894408,0.0007383754890872419,0.0028438641007376077,0.0,6.672465937718989e-23,1.609279751692831e-32,1.5482014588420725e-33
7,adam,1024,5963.343999999998,8598.681599999996,0.004561820378433934,0.0017680991458467292,1.1749498879749085e-07,0.0010874634849409586,0.0006805181659169732,0.002793721040478822,0.0,7.255391254713655e-23,1.6580980722623914e-32,1.6313896283628924e-33
7,adam,1049,5963.343999999998,8598.681599999996,0.004270499679919802,0.001525517962528664,1.1282947667954059e-07,0.000933089956793258,0.0005923151762587266,0.002744981525262313,0.0,6.590988860897952e-23,1.6675474715701996e-32,1.612912888523429e-33
7,adam,1074,5963.343999999998,8598.681599999996,0.004016812117064391,0.0013208974876199242,1.1133641962001697e-07,0.0008144817899182462,0.0005063043612820579,0.002695914437303437,0.0,6.153511443808274e-23,1.636213049543388e-32,1.6274584224205688e-33
7,adam,1099,5963.343999999998,8598.681599999996,0.0037927724089010287,0.00114528149279118,1.119050760898535e-07,0.000711573281657819,0.0004335963060572713,0.0026474907239278354,0.0,5.961675145204225e-23,1.600896041238288e-32,1.6705853180821353e-33
7,adam,1124,5963.343999999998,8598.681599999996,0.0035975738700103834,0.0010001852970980367,1.0447961330495816e-07,0.0006224476422307084,0.0003776331752540234,0.0025973883806425816,0.0,5.416596064103081e-23,1.5860278396501127e-32,1.721305821445147e-33
7,adam,1149,5963.343999999998,8598.681599999996,0.003427204919437108,0.0008809941094510133,9.659640815098574e-08,0.0005495381741735056,0.00033135933886935677,0.0025462106176063963,0.0,4.826003548670647e-23,1.578474627417981e-32,1.782626380485565e-33
7,adam,1174,5963.343999999998,8598.681599999996,0.0032755829499024735,0.0007814549829119821,1.0056268789092855e-07,0.000489315495270286,0.00029203892495380517,0.002494127774487469,0.0,4.7929697807612757e-23,1.570647175910809e-32,1.8465234941776928e-33
7,adam,1199,5963.343999999998,8598.681599999996,0.0031360282287101852,0.0006950166891901092,1.3471464441722871e-07,0.0004360895813231881,0.0002587923932225038,0.002441011346873609,0.0,6.075451132568888e-23,1.557985371724569e-32,1.9018471918814284e-33
7,adam,1224,5963.343999999998,8598.681599999996,0.003017367519733843,0.0006255229557126513,1.947628439368857e-07,0.00038783029314539915,0.00023749789972331517,0.0023918443712142453,0.0,7.80413615945608e-23,1.4530869593497492e-32,1.8221007955741992e-33
7,adam,1249,5963.343999999998,8598.681599999996,0.0028884681074700315,0.0005478267057080041,2.3426582704227618e-07,0.0003331714592074634,0.0002144209806734985,0.0023406412087475592,0.0,9.54256334204999e-23,1.4521978429490163e-32,1.8309134616387825e-33
7,adam,1274,5963.343999999998,8598.681599999996,0.0027731257419170096,0.000486106305880291,2.0681141484473535e-07,0.0002862698073574797,0.00019962968710796655,0.002287019242789313,0.0,9.01419664639702e-23,1.4418916751739013e-32,1.8863599372237494e-33
7,adam,1299,5963.343999999998,8598.681599999996,0.00266895315387463,0.00043551845931244683,1.669042965135538e-07,0.00024674408196357077,0.0001886074730523625,0.0022334345010721047,0.0,7.620785210792648e-23,1.42811959946159e-32,1.9595603729417556e-33
7,adam,1324,5963.343999999998,8598.681599999996,0.0025747517888909015,0.0003946390279096298,1.3047813563224583e-07,0.0002148780455478026,0.000179630504226195,0.002180112567242135,0.0,6.096923292555857e-23,1.417403560064011e-32,2.0235046495065807e-33
7,adam,1349,5963.343999999998,8598.681599999996,0.002489146185117001,0.00036239240988976764,9.810265704411407e-08,0.0001901986702831714,0.00017209563694955217,0.00212675358123728,0.0,4.682473088357588e-23,1.407705206042218e-32,2.0797651096098873e-33
7,adam,1374,5963.343999999998,8598.681599999996,0.0024104446914936066,0.0003369943591650104,7.10409221136952e-08,0.00017175180147702477,0.00016517151676587196,0.0020734501380900946,0.0,3.5011253510303575e-23,1.3983686451946345e-32,2.127136176970323e-33
7,adam,1399,5963.343999999998,8598.681599999996,0.0023369632771043356,0.00031663549641518853,5.095704220689612e-08,0.00015819939779713392,0.0001583851415758477,0.002020327586205419,0.0,2.6169235959122534e-23,1.3892725477359465e-32,2.1636830210021574e-33
7,lbfgs,1400,5963.343999999998,8598.681599999996,0.002351694339096049,0.00033348686148212665,6.073301732840884e-08,0.0001692665307207356,0.00016415959774406265,0.0020182072831204318,0.0,3.372416852949221e-23,1.6199229771729945e-32,2.3420720700911456e-33
7,lbfgs,1409,5963.343999999998,8598.681599999996,0.0013063461004555112,0.0004715481303780018,9.213230702347226e-08,0.000134842246436905,0.0003366137516340733,0.0008347977739039896,0.0,4.2366468500873347e-23,1.3874265176433932e-32,5.16308705343258e-33
7,lbfgs,1419,5963.343999999998,8598.681599999996,0.0005677087494158122,0.0002601261246835887,6.181495503897223e-08,0.00010823901873407068,0.00015182529099447907,0.0003075824241209541,0.0,3.1908218961502777e-23,1.4713309785454216e-32,1.5902834292461046e-33
7,lbfgs,1429,5963.343999999998,8598.681599999996,0.00015603331507342837,0.00014784883650062112,9.572967171651113e-08,9.06698103380401e-05,5.7083296490864495e-05,8.184273891777896e-06,0.0,2.465254707176214e-23,1.2517676224938357e-32,1.7228422124995516e-33
7,lbfgs,1439,5963.343999999998,8598.681599999996,8.68186110842389e-05,8.419863444446095e-05,7.146651753344347e-08,3.611170515390793e-05,4.801546277301957e-05,2.6197695512190432e-06,0.0,2.4580087170855848e-23,1.2141795367640966e-32,2.001328309081708e-33
7,lbfgs,1449,5963.343999999998,8598.681599999996,5.548435605078452e-05,5.410362065845968e-05,3.450849821237941e-08,1.9358304684522597e-05,3.4710807475724703e-05,1.3805280041685038e-06,0.0,2.0214085100322617e-23,1.0949115941325944e-32,1.6911339612000858e-33
7,lbfgs,1459,5963.343999999998,8598.681599999996,2.8806431681230382e-05,2.849747734980441e-05,5.259060873527538e-08,1.458321448173271e-05,1.3861672259336425e-05,3.087473967125046e-07,0.0,2.1507956981980357e-23,1.0798371574745445e-32,1.4543891334152908e-33
7,lbfgs,1469,5963.343999999998,8598.681599999996,1.543540984261833e-05,1.5306262497827652e-05,5.307646526917959e-08,6.24946436019208e-06,9.00372167236639e-06,1.2893967305512797e-07,0.0,1.535263589609546e-23,1.0485549390976807e-32,1.4140560617138068e-33
7,lbfgs,1479,5963.343999999998,8598.681599999996,1.1130070092518365e-05,1.0799600531932436e-05,4.647885085098823e-08,4.483002983644354e-06,6.270118697437093e-06,3.302597778155158e-07,0.0,1.1909430770244749e-23,1.0442213758716099e-32,1.373310863328133e-33
7,lbfgs,1489,5963.343999999998,8598.681599999996,6.963019912780054e-06,6.5262889176644e-06,1.1111490876896065e-07,2.913667108918761e-06,3.501506899976679e-06,4.3651810163369726e-07,0.0,3.699508991007619e-23,1.0581653588963954e-32,1.4102133632939356e-33
7,lbfgs,1499,5963.343999999998,8598.681599999996,4.534669951589666e-06,4.37151863142605e-06,1.4746631452689191e-08,2.6908062003071555e-06,1.6659657996662057e-06,1.6293702635573808e-07,0.0,4.935845237097483e-24,1.0550477637901915e-32,1.3416111190353513e-33
7,lbfgs,1509,5963.343999999998,8598.681599999996,3.977005747604882e-06,3.875674757187934e-06,4.87319708640799e-08,2.556600820240296e-06,1.2703419660835584e-06,1.01115540688664e-07,0.0,1.636546166905521e-23,1.0634132223639509e-32,1.3567099422182956e-33
7,lbfgs,1519,5963.343999999998,8598.681599999996,3.324029268667089e-06,3.2739225384842753e-06,1.0919887765116806e-08,1.8170425526612355e-06,1.4459600980579228e-06,4.98898151207774e-08,0.0,3.2813293344040446e-24,1.0673658555690281e-32,1.357021664490531e-33
7,lbfgs,1529,5963.343999999998,8598.681599999996,2.775109521784077e-06,2.7250516294625987e-06,5.727790504236676e-09,1.6392027992873856e-06,1.0801210396709765e-06,4.984019101215807e-08,0.0,1.3201504485501432e-24,1.0846050699024532e-32,1.3585661359179956e-33
7,lbfgs,1539,5963.343999999998,8598.681599999996,1.7301173079086516e-06,1.6953112219935957e-06,4.001765924463397e-09,9.046832861776682e-07,7.866261698914641e-07,3.4583496173257696e-08,0.0,2.4809578100666202e-24,1.0841090146822223e-32,1.3479939070612655e-33
7,lbfgs,1549,5963.343999999998,8598.681599999996,1.531083536148651e-06,1.5159411303172952e-06,6.955281941676083e-09,7.800092778311494e-07,7.289765705444698e-07,1.4917767845237423e-08,0.0,4.193797596137512e-24,1.0953944274209134e-32,1.355099684553362e-33
7,lbfgs,1559,5963.343999999998,8598.681599999996,9.898668626840813e-07,9.680966491133609e-07,3.989265630440386e-08,5.532744984208675e-07,3.7492949438808964e-07,2.1540562577798913e-08,0.0,2.1077406510330478e-23,1.0916577536287084e-32,1.3424992238556515e-33
7,lbfgs,1569,5963.343999999998,8598.681599999996,7.701295455655433e-07,7.500328448102111e-07,1.349819346494812e-08,4.704865626105249e-07,2.6604808873473806e-07,1.9867000013145348e-08,0.0,5.994506769497934e-24,1.0874570513305352e-32,1.3447464221687685e-33
7,lbfgs,1579,5963.343999999998,8598.681599999996,5.671415804322472e-07,5.495239180742508e-07,6.548751859168127e-09,3.095047788625123e-07,2.3347038735257038e-07,1.738639372400461e-08,0.0,2.669606157119809e-24,1.0858901243888536e-32,1.3515723084696738e-33
7,lbfgs,1589,5963.343999999998,8598.681599999996,4.524743700148444e-07,4.3794359485254933e-07,9.373691334888709e-09,2.3029945061801632e-07,1.9827045289964432e-07,1.4298526004703575e-08,0.0,5.2163804985507214e-24,1.0950568626618457e-32,1.3557806239377329e-33
7,lbfgs,1599,5963.343999999998,8598.681599999996,3.480805918533663e-07,3.4474751915349197e-07,6.89862431973054e-09,2.0313169160641647e-07,1.3471720322734494e-07,3.0992118143945886e-09,0.0,3.684894962017802e-24,1.09225466028537e-32,1.3582846881441936e-33
7,lbfgs,1609,5963.343999999998,8598.681599999996,2.9811621509219536e-07,2.883429339122601e-07,5.010148284786699e-09,1.6429867612481242e-07,1.1903410950266099e-07,9.538716864790712e-09,0.0,1.7455772839818538e-24,1.0975451078091339e-32,1.3576631823274912e-33
7,lbfgs,1619,5963.343999999998,8598.681599999996,2.3462647296421868e-07,2.2376896482727495e-07,3.509848684700281e-09,1.1988647364132728e-07,1.0037264250124738e-07,1.0620643466166086e-08,0.0,1.1385723213140077e-24,1.0963268511737057e-32,1.3669695928844456e-33
7,lbfgs,1629,5963.343999999998,8598.681599999996,1.4557504864912721e-07,1.417973078834266e-07,4.368808052245736e-09,6.985786381251287e-08,6.7570636018668e-08,3.537664784110129e-09,0.0,1.392428140896104e-24,1.094121576213923e-32,1.3614353410287041e-33
7,lbfgs,1639,5963.343999999998,8598.681599999996,1.3409633053652403e-07,1.3057213480457955e-07,3.510080222094885e-09,6.219583537009095e-08,6.486621921239373e-08,3.2837348834741057e-09,0.0,1.2220632757266336e-24,1.0953782840649595e-32,1.3643337813882493e-33
7,lbfgs,1649,5963.343999999998,8598.681599999996,1.1404571700112825e-07,1.1052261332592387e-07,2.294841759770142e-09,4.829270280943915e-08,5.993506875671457e-08,3.2844550132090546e-09,0.0,1.1363222988898195e-24,1.0958883533627399e-32,1.3672863750590116e-33
7,lbfgs,1659,5963.343999999998,8598.681599999996,1.114586120846818e-07,1.0841489900036597e-07,2.4306895010320963e-09,4.778515592235259e-08,5.819905357698128e-08,2.805007732486655e-09,0.0,1.2756732069142075e-24,1.095949463291816e-32,1.3679012131937335e-33
7,lbfgs,1669,5963.343999999998,8598.681599999996,1.1046813380591304e-07,1.0693871710882452e-07,2.201126903101678e-09,4.709819766849532e-08,5.7639392537227533e-08,3.2908022586470472e-09,0.0,1.1504737374976611e-24,1.0958442473597526e-32,1.3685923459190397e-33
7,lbfgs,1679,5963.343999999998,8598.681599999996,1.0556018285117438e-07,1.0256917128963685e-07,1.793864343232853e-09,4.491163812323167e-08,5.586366882317233e-08,2.752324847553212e-09,0.0,7.63837522553743e-25,1.0960718196597192e-32,1.3670618878157262e-33
7,lbfgs,1689,5963.343999999998,8598.681599999996,9.249913519253054e-08,9.05446662551501e-08,1.88112392649627e-09,3.440034994542764e-08,5.426319238322618e-08,1.714209653408087e-09,0.0,7.636218905060078e-25,1.0960574677572598e-32,1.3677168106320185e-33
7,lbfgs,1699,5963.343999999998,8598.681599999996,8.613120927806659e-08,8.395094147023082e-08,1.4566431608187556e-09,3.122380477959842e-08,5.127049352981365e-08,1.9394782741014927e-09,0.0,7.296841314593283e-25,1.0967901122137473e-32,1.3672398666754082e-33
7,lbfgs,1709,5963.343999999998,8598.681599999996,8.545065464487594e-08,8.400604826554716e-08,1.7339991351727823e-09,3.0541879647120454e-08,5.173016948325393e-08,1.2035684363437214e-09,0.0,9.468839100037423e-25,1.096887755031568e-32,1.3680210053451799e-33
7,lbfgs,1719,5963.343999999998,8598.681599999996,8.053896249801722e-08,7.924205317703719e-08,1.2320928624704323e-09,2.8853048865198263e-08,4.91569114493685e-08,1.0557357030243938e-09,0.0,5.5428978510896695e-25,1.0971887820976093e-32,1.3686187807059203e-33
7,lbfgs,1729,5963.343999999998,8598.681599999996,6.718029042812559e-08,6.554465289315765e-08,2.388142571490516e-09,2.3344052178818698e-08,3.981245814284844e-08,1.3926127429231244e-09,0.0,1.3698650998896181e-24,1.0976228640668001e-32,1.3670576684625524e-33
7,lbfgs,1739,5963.343999999998,8598.681599999996,6.299715729053409e-08,6.141138830060672e-08,2.9750256841307237e-09,2.153615167358096e-08,3.6900210942895034e-08,1.3420635964287684e-09,0.0,1.7676283788881486e-24,1.0979242453020057e-32,1.366291529261045e-33
7,lbfgs,1749,5963.343999999998,8598.681599999996,6.132712362167147e-08,5.990959500569847e-08,2.5965554736982685e-09,1.8655640785683687e-08,3.8657398746316516e-08,1.172890317689098e-09,0.0,1.6303053989890799e-24,1.098168132676089e-32,1.365990108521264e-33
7,lbfgs,1759,5963.343999999998,8598.681599999996,5.7285826139923575e-08,5.553094318277407e-08,1.3453708324114179e-09,1.9301318139712447e-08,3.4884254210650203e-08,1.5086944814539449e-09,0.0,5.6068011337918705e-25,1.0983458414816466e-32,1.3640775789406471e-33
7,lbfgs,1769,5963.343999999998,8598.681599999996,5.552730489113928e-08,5.40912383314785e-08,1.2924164296170609e-09,1.9899210740438502e-08,3.289961116142294e-08,1.1902692698489228e-09,0.0,4.308123806819515e-25,1.0976416229078267e-32,1.3645091276299749e-33
7,lbfgs,1779,5963.343999999998,8598.681599999996,5.4799762126629213e-08,5.350876394000927e-08,1.7656555469236242e-09,1.943044146160953e-08,3.2312666931476116e-08,1.045450534736605e-09,0.0,4.69555456564814e-25,1.0978776491857264e-32,1.3646264526952079e-33
7,lbfgs,1789,5963.343999999998,8598.681599999996,5.3674148361018514e-08,5.1713513932829566e-08,1.670157796518879e-09,1.8969503375888275e-08,3.1073852760422416e-08,1.715619806106162e-09,0.0,3.292466822506381e-25,1.097823355195278e-32,1.3652319258578614e-33
7,lbfgs,1799,5963.343999999998,8598.681599999996,4.870759371525087e-08,4.777196023747242e-08,7.904557513025248e-10,2.098683193555061e-08,2.599467255061929e-08,6.902680248210982e-10,0.0,1.9909872385258708e-25,1.0974652914936914e-32,1.3640835986112293e-33
7,lbfgs,1809,5963.343999999998,8598.681599999996,4.073441240517756e-08,3.998741222035423e-08,6.350444998638706e-10,2.0901324595614928e-08,1.845104312487543e-08,5.014727000881951e-10,0.0,2.3689667020400794e-25,1.0982855603157131e-32,1.3639238821120427e-33
7,lbfgs,1819,5963.343999999998,8598.681599999996,3.9184221234888036e-08,3.87016771094347e-08,7.22904662210656e-10,1.928676241511107e-08,1.869201003211297e-08,2.3656873728340234e-10,0.0,2.5586827712364954e-25,1.0984674250153732e-32,1.364844422980742e-33
7,lbfgs,1829,5963.343999999998,8598.681599999996,3.9042430094722574e-08,3.849473108213817e-08,7.129738733073948e-10,1.9224446507013356e-08,1.8557310701817422e-08,3.01736791372357e-10,0.0,2.459831494965125e-25,1.0984825676456466e-32,1.3647843892844494e-33
7,lbfgs,1839,5963.343999999998,8598.681599999996,3.8910519690761436e-08,3.830895805206744e-08,7.190845884661258e-10,1.9183159295210856e-08,1.8406714168390463e-08,3.5560601651684633e-10,0.0,2.431288190883025e-25,1.098494510257372e-32,1.364745381759859e-33
7,lbfgs,1849,5963.343999999998,8598.681599999996,3.882348626404106e-08,3.820644602331431e-08,7.205486277318719e-10,1.908685920289113e-08,1.8399038192691314e-08,3.710881400976513e-10,0.0,2.4358806068006826e-25,1.0984675564200204e-32,1.3647129317957921e-33
7,lbfgs,1859,5963.343999999998,8598.681599999996,3.8731385485826915e-08,3.809699796514197e-08,7.166315663177822e-10,1.8953941901588665e-08,1.8426424497235523e-08,3.884512831231893e-10,0.0,2.413665630743407e-25,1.0984256496872457e-32,1.364673062774952e-33
7,lbfgs,1869,5963.343999999998,8598.681599999996,3.866654565572489e-08,3.801439996380545e-08,7.206223288221381e-10,1.8937417101031423e-08,1.8356360533951886e-08,4.062121784768044e-10,0.0,2.41936456475695e-25,1.0984255585692821e-32,1.3646372819104407e-33
7,lbfgs,1879,5963.343999999998,8598.681599999996,3.859700736771331e-08,3.7924999468802395e-08,7.303325697426141e-10,1.8961579945349818e-08,1.8233086953709964e-08,4.260592292155432e-10,0.0,2.4576189693553567e-25,1.098443264518317e-32,1.3645997351652874e-33
7,lbfgs,1889,5963.343999999998,8598.681599999996,3.854405324872665e-08,3.7861887410284084e-08,7.309336395910126e-10,1.8889818113645885e-08,1.8241135657047184e-08,4.3622542022882e-10,0.0,2.448165018150791e-25,1.0984244898731403e-32,1.3645957515754018e-33
7,lbfgs,1899,5963.343999999998,8598.681599999996,3.8488986202520214e-08,3.7791266178919944e-08,7.282363156222052e-10,1.8757391700460824e-08,1.830563816283691e-08,4.5181441074479023e-10,0.0,2.403866247318178e-25,1.0983812400439523e-32,1.3645964248227385e-33
7,lbfgs,1909,5963.343999999998,8598.681599999996,3.8441709936134776e-08,3.7736391259147345e-08,7.302460721592468e-10,1.8771586060103636e-08,1.8234559126884463e-08,4.5940310401738524e-10,0.0,2.418285797381659e-25,1.0983941165600035e-32,1.36456731244941e-33
7,lbfgs,1919,5963.343999999998,8598.681599999996,3.840039335994711e-08,3.768811969038086e-08,7.324194942067672e-10,1.8762495774638413e-08,1.8193204421535682e-08,4.663523592813234e-10,0.0,2.42769797709965e-25,1.0983973482860016e-32,1.3645533075266111e-33
7,lbfgs,1929,5963.343999999998,8598.681599999996,3.835156125240251e-08,3.763395512890024e-08,7.365884370804335e-10,1.8782369166211453e-08,1.8114997525608352e-08,4.716604845174576e-10,0.0,2.4597310473959134e-25,1.0984123240582237e-32,1.3645355570089176e-33
7,lbfgs,1939,5963.343999999998,8598.681599999996,3.8313093661712025e-08,3.758875867739675e-08,7.369222313889556e-10,1.873806324600871e-08,1.811377319999908e-08,4.78398979311537e-10,0.0,2.4480600108089434e-25,1.0984013827510521e-32,1.3645303182144135e-33
7,lbfgs,1949,5963.343999999998,8598.681599999996,3.826926900339385e-08,3.753234761880087e-08,7.364704769965974e-10,1.8645971167911385e-08,1.8149905973892883e-08,4.91020102676118e-10,0.0,2.4091475271180925e-25,1.0983738944623038e-32,1.3645317231648922e-33
7,lbfgs,1959,5963.343999999998,8598.681599999996,3.8231633577008055e-08,3.749298433026815e-08,7.368831520351884e-10,1.865481849990751e-08,1.8101282678325456e-08,4.927329839262829e-10,0.0,2.4232580009996717e-25,1.0983849321290955e-32,1.3645184026911077e-33
7,lbfgs,1969,5963.343999999998,8598.681599999996,3.819685668259308e-08,3.7455657627702945e-08,7.375512837959468e-10,1.864833991527332e-08,1.8069766428633678e-08,4.952750068005068e-10,0.0,2.4300106032472518e-25,1.0983884459650047e-32,1.3645108358787467e-33
7,lbfgs,1979,5963.343999999998,8598.681599999996,3.81539642880246e-08,3.7412890361100095e-08,7.387063300342464e-10,1.866474675065549e-08,1.8009437280410356e-08,4.951250684396307e-10,0.0,2.4535565870863866e-25,1.098400341699208e-32,1.3644983804109638e-33
7,lbfgs,1989,5963.343999999998,8598.681599999996,3.811977943627357e-08,3.7374614570036794e-08,7.388858089937226e-10,1.8630332333516343e-08,1.8005396427526723e-08,4.992238877899463e-10,0.0,2.442921929349834e-25,1.0983936801871007e-32,1.36449552118493e-33
7,lbfgs,1999,5963.343999999998,8598.681599999996,3.807908129266807e-08,3.7324540809714446e-08,7.392557558043894e-10,1.8555612487231774e-08,1.802967256667828e-08,5.086293892394787e-10,0.0,2.4107574387305843e-25,1.0983751881987514e-32,1.364500958552098e-33
7,lbfgs,2009,5963.343999999998,8598.681599999996,3.804464290488572e-08,3.7290696491612584e-08,7.387266609262165e-10,1.856208428082046e-08,1.7989885549865904e-08,5.080201827099756e-10,0.0,2.4219822454367136e-25,1.0983840458055438e-32,1.3644918215587828e-33
7,lbfgs,2019,5963.343999999998,8598.681599999996,3.8012009887581304e-08,3.725759637643861e-08,7.386359644842228e-10,1.8556191074251357e-08,1.7962769337703032e-08,5.084791754846012e-10,0.0,2.42662692078286e-25,1.0983873573747332e-32,1.3644864236051707e-33
7,lbfgs,2029,5963.343999999998,8598.681599999996,3.797095108572733e-08,3.721882685798023e-08,7.383980211243426e-10,1.8569036005736968e-08,1.7911392831118915e-08,5.061667148174041e-10,0.0,2.4440650294604556e-25,1.0983968674152986e-32,1.3644758477788809e-33
7,lbfgs,2039,5963.343999999998,8598.681599999996,3.793836903524136e-08,3.718381702744033e-08,7.384330336061489e-10,1.8539520566776862e-08,1.790586342705732e-08,5.086005484454687e-10,0.0,2.4348182367993575e-25,1.0983926257132694e-32,1.3644749721717103e-33
7,lbfgs,2049,5963.343999999998,8598.681599999996,3.7898558190216044e-08,3.7137124313316505e-08,7.3899477458256e-10,1.8475124608376843e-08,1.7923004930357103e-08,5.155073899793625e-10,0.0,2.408340810320358e-25,1.0983796461135559e-32,1.3644830073358271e-33
7,lbfgs,2059,5963.343999999998,8598.681599999996,3.7865575953183166e-08,3.710567113338314e-08,7.380483756847866e-10,1.8479611483813436e-08,1.788801127388492e-08,5.139642282311035e-10,0.0,2.4169980481129634e-25,1.0983868342088371e-32,1.3644751829503128e-33
7,lbfgs,2069,5963.343999999998,8598.681599999996,3.78276633231861e-08,3.7073372092798604e-08,7.363657748384798e-10,1.8525967079487355e-08,1.7811039238472768e-08,5.083081477294352e-10,0.0,2.449657178270787e-25,1.098405634620069e-32,1.3644596544047669e-33
7,lbfgs,2079,5963.343999999998,8598.681599999996,3.7793542472824585e-08,3.703715381830556e-08,7.367696091974012e-10,1.84828178177548e-08,1.7817566391353357e-08,5.104191814852842e-10,0.0,2.4331996769903927e-25,1.0983974959181734e-32,1.3644611060385701e-33
8,adam,0,8598.681599999996,11598.681599999996,0.1088276893525139,0.08162076694541845,0.0002777681116808645,0.05880698816301356,0.022536010670724027,0.027206922315139496,0.0,1.1891386669354768e-21,1.960000057933941e-30,2.499999999999994e-31
8,adam,24,8598.681599999996,11598.681599999996,0.02727350826689777,0.01323108726756279,0.0001388832002251098,0.008471466009630274,0.004620738057707406,0.0140424209057741,0.0,5.5628479535215e-23,2.889774720747384e-31,5.13911253667841e-32
8,adam,49,8598.681599999996,11598.681599999996,0.02136997659143521,0.007896007290358217,2.564522061403822e-05,0.005168912493397098,0.002701449576347082,0.013473969204618465,0.0,2.5063626752808822e-23,1.814751914294477e-31,2.9703229719653764e-32
8,adam,74,8598.681599999996,11598.681599999996,0.018700775652847227,0.005511021750922849,5.168412085629734e-06,0.003752202161688571,0.001753651177148648,0.013189753801807,0.0,1.1316218803366583e-24,1.3448698519699077e-31,1.9133134719503856e-32
8,adam,99,8598.681599999996,11598.681599999996,0.017398001955101515,0.004442139893788782,4.109583710118213e-06,0.0030260020810271167,0.0014120282290515465,0.012955861957585977,0.0,2.0145730461099237e-24,1.0704874957602787e-31,1.5743887541247653e-32
8,adam,124,8598.681599999996,11598.681599999996,0.016648142047788424,0.003909232093334245,1.880958046294879e-06,0.002676752838187806,0.0012305982971001442,0.012738909848047174,0.0,8.1126541378363635e-25,9.191155255962561e-32,1.4040525473735078e-32
8,adam,149,8598.681599999996,11598.681599999996,0.016191401875907386,0.0036183547753766347,8.195596438580599e-07,0.0024764580724974204,0.0011410771432353562,0.0125730469922483,0.0,2.2929053903756324e-25,8.272658062752381e-32,1.3075041452272384e-32
8,adam,174,8598.681599999996,11598.681599999996,0.01586204826558643,0.003424299260838793,8.066447144510975e-07,0.0023413792802063184,0.0010821133359180232,0.01243774889502587,0.0,1.561712630902911e-25,7.648813750417159e-32,1.245790828564327e-32
8,adam,199,8598.681599999996,11598.681599999996,0.015607904221632177,0.003297278851888956,8.491032478008956e-07,0.0022576138583245454,0.0010388158903166097,0.012310625258751068,0.0,1.4866236935218276e-25,7.163072667295177e-32,1.1989976236544504e-32
8,adam,224,8598.681599999996,11598.681599999996,0.015392898345366772,0.0031818587710846355,8.042123640357753e-07,0.00218869720615919,0.0009923573525614099,0.0122110394621967,0.0,1.3579057106613776e-25,6.673833276355807e-32,1.152580783989752e-32
8,adam,249,8598.681599999996,11598.681599999996,0.015230108245784095,0.003118886589748226,7.148410366676825e-07,0.0021505998983041663,0.0009675718504073922,0.012111221543015567,0.0,1.2648263095631442e-25,6.379551664206562e-32,1.1244266135901438e-32
8,adam,274,8598.681599999996,11598.681599999996,0.01507823366710115,0.003065181490804083,5.049107796786284e-07,0.0021177232922416937,0.0009469532877827105,0.01201305206244357,0.0,7.810909771652434e-26,6.134739845700543e-32,1.1047540785363772e-32
8,adam,299,8598.681599999996,11598.681599999996,0.01491683775061342,0.002996917304930603,3.045658509973132e-07,0.0020694691986384403,0.0009271435404411654,0.01191992033096808,0.0,4.132417503116606e-26,5.925647411943818e-32,1.0877455064867318e-32
8,adam,324,8598.681599999996,11598.681599999996,0.014706327402056091,0.002880808461993312,2.581255498880616e-07,0.0019762503686199502,0.0009042999678234736,0.011825518824263614,0.0,7.042235932013049e-26,5.74270714719372e-32,1.0721981071664351e-32
8,adam,349,8598.681599999996,11598.681599999996,0.014314415722903626,0.0026146865016657772,3.6252315910478043e-07,0.0017410904660732595,0.0008732335124334129,0.011699729103699335,0.0,1.0790553070147654e-25,5.56040975632656e-32,1.0550217287078665e-32
8,adam,374,8598.681599999996,11598.681599999996,0.013489295273153009,0.0020461797218526284,1.34477390053846e-06,0.0012245173479845989,0.0008203175999674911,0.011443115430695068,0.0,3.8162453391728446e-25,5.100561341372283e-32,9.151232950854464e-33
8,adam,399,8598.681599999996,11598.681599999996,0.012594372483104473,0.0016766350833614593,3.546774674313188e-07,0.001002816360832974,0.0006734640450610541,0.010917737276203798,0.0,3.363175455785095e-25,4.6479352673855775e-32,7.519252687830564e-33
8,adam,424,8598.681599999996,11598.681599999996,0.011814502321876573,0.0014818328350522133,2.2726588323336604e-07,0.0009096139286338282,0.0005719916405351518,0.010332669360304135,0.0,2.1003867216421527e-25,4.37538362748336e-32,6.852878559211041e-33
8,adam,449,8598.681599999996,11598.681599999996,0.011104845661662258,0.001330316790897369,2.0802385850187173e-07,0.0008359572747135511,0.000494151492325316,0.009774528741296107,0.0,2.0661077207276602e-25,4.127984986261143e-32,6.341529927606256e-33
8,adam,474,8598.681599999996,11598.681599999996,0.010446773839849285,0.0012034105680247293,1.6819876139644137e-07,0.0007684001237376593,0.0004348422455256736,0.009243363139329143,0.0,1.947507795841559e-25,3.907828216578486e-32,5.918365867762178e-33
8,adam,499,8598.681599999996,11598.681599999996,0.009832501798989519,0.0010952414043705425,1.3339272155068405e-07,0.0007099917509081235,0.0003851162607408683,0.008737260259041932,0.0,1.8001385042740909e-25,3.713173228308741e-32,5.528346197124195e-33
8,adam,524,8598.681599999996,11598.681599999996,0.009260556748736118,0.0010038818946295136,1.0627288766726385e-07,0.0006595087111785779,0.0003442669105632683,0.008256674715546163,0.0,1.6532529121295498e-25,3.540388329747937e-32,5.181508640056143e-33
8,adam,549,8598.681599999996,11598.681599999996,0.008744384594163572,0.0009312861011778301,8.153953678361233e-08,0.0006239480505780371,0.0003072565110630094,0.007813098351845441,0.0,1.2048988298924216e-25,3.415855392390296e-32,4.752532556162381e-33
8,adam,574,8598.681599999996,11598.681599999996,0.008245672855058658,0.0008659341806356753,5.685793663372205e-08,0.0005784598148884791,0.00028741750781056247,0.007379738531178533,0.0,1.070983314955379e-25,3.2594124647535056e-32,4.564267203254921e-33
8,adam,599,8598.681599999996,11598.681599999996,0.007781640503553184,0.0008058997840777165,4.528681251110376e-08,0.0005451314629824404,0.0002607230342827651,0.006975740574128842,0.0,8.070249893585026e-26,3.136416421163316e-32,4.362434508770365e-33
8,adam,624,8598.681599999996,11598.681599999996,0.007275420557722355,0.0006812872230227323,4.041923199280295e-08,0.0004642227009072541,0.00021702410288348536,0.006594133187122882,0.0,7.514213786095628e-26,2.907858207301203e-32,3.815426738066568e-33
8,adam,649,8598.681599999996,11598.681599999996,0.006874333869651954,0.00064051997988149,2.568191342776298e-08,0.00043230352596952535,0.00020819077199853684,0.0062338137401443195,0.0,6.527126651247514e-26,2.7788524659314286e-32,3.628915520865879e-33
8,adam,674,8598.681599999996,11598.681599999996,0.0064912270292730775,0.0005967679242732477,1.0554771476004998e-08,0.00040613791203319516,0.0001906194574685765,0.005894458953387068,0.0,3.149029465451092e-26,2.673841524976604e-32,3.4762569840752135e-33
8,adam,699,8598.681599999996,11598.681599999996,0.006131780132324949,0.0005573537785775319,1.8528817614479643e-08,0.0003804958553981615,0.00017683939436175596,0.005574426200084883,0.0,5.709718682335414e-26,2.5955177982188086e-32,3.2854115619824685e-33
8,adam,724,8598.681599999996,11598.681599999996,0.005823814416311947,0.0005455194100832933,2.4079533154457803e-08,0.0003733801639819545,0.00017211516656818432,0.005278294850693859,0.0,3.0529512512916535e-26,2.4332244432112464e-32,3.533764493075602e-33
8,adam,749,8598.681599999996,11598.681599999996,0.005484582376800621,0.0004958302997488749,1.604227863813144e-08,0.00033390966259061564,0.0001619045948796211,0.004988751919672842,0.0,2.7880211804394007e-26,2.4088874854613184e-32,3.043764395632444e-33
8,adam,774,8598.681599999996,11598.681599999996,0.00517752900192674,0.0004608425029640679,2.5760199118616973e-08,0.0003145624519742051,0.0001462542907907442,0.004716686339645958,0.0,5.061938200232124e-26,2.3504126485443514e-32,2.917695579980775e-33
8,adam,799,8598.681599999996,11598.681599999996,0.00789559763484662,0.002110184986334807,4.1200919742349365e-07,0.0018562976608741779,0.0002534753162632058,0.005785412486709172,0.0,8.27620509778225e-25,3.0013755025341324e-32,3.558354348803358e-33
8,adam,824,8598.681599999996,11598.681599999996,0.022255553261299403,0.00761264113932373,4.48070614743385e-08,0.002339992948409763,0.005272603383852493,0.014642911953331601,0.0,6.727955449478977e-26,7.966834713015859e-32,1.5594810468864248e-32
8,adam,849,8598.681599999996,11598.681599999996,0.020750737011540545,0.006707014479868895,4.1662772684867105e-09,0.002252766845685424,0.004454243467906203,0.014043722361565663,0.0,1.9019558001059808e-27,6.291945198270819e-32,1.206567877080129e-32
8,adam,874,8598.681599999996,11598.681599999996,0.019197991204321325,0.005981351578828534,4.2012231911187205e-09,0.0022588039682969563,0.0037225434093083867,0.013216639454925039,0.0,3.1377648092186802e-27,5.576486254848109e-32,1.0355051134277284e-32
8,adam,899,8598.681599999996,11598.681599999996,0.01722050396053046,0.005294426558362915,2.378438854755091e-09,0.002202599299403152,0.0030918248805209075,0.011926077231090485,0.0,2.2454953669157545e-27,5.010786211898873e-32,8.975041178945773e-33
8,adam,924,8598.681599999996,11598.681599999996,0.009793785010843188,0.0038660646260247674,4.798188174834106e-07,0.0017089775247676462,0.0021566072824396377,0.005927720211947515,0.0,1.7519736951176954e-24,3.372129087223999e-32,4.763443468943765e-33
8,adam,949,8598.681599999996,11598.681599999996,0.008063497678529033,0.0029043091429639054,9.483738096451558e-08,0.0013069160001698912,0.0015972983054130497,0.0051591883609471015,0.0,2.999068743549864e-25,2.185846919306427e-32,2.2529405750270664e-33
8,adam,974,8598.681599999996,11598.681599999996,0.0075080648938358596,0.0024507813679910707,5.152230181830267e-08,0.0011124409101017382,0.0013382889355875143,0.0050572833511123095,0.0,1.3307065724546828e-25,1.9881361874499976e-32,2.134070315457418e-33
8,adam,999,8598.681599999996,11598.681599999996,0.006957793331988838,0.002021599636690516,3.469221230576849e-08,0.0009686799832034438,0.0010528849612747666,0.0049361935206909185,0.0,7.606611562189892e-26,1.9184681102430246e-32,2.2675562802397956e-33
8,adam,1024,8598.681599999996,11598.681599999996,0.006401328351948131,0.001603370167708922,3.389451005599492e-08,0.0008493570844834491,0.0007539791887154171,0.004797958009696936,0.0,9.182818175409851e-26,1.9714971467022768e-32,2.4445013399966078e-33
8,adam,1049,8598.681599999996,11598.681599999996,0.005991398014698464,0.0012885855822613065,4.138594293015106e-08,0.0006084105695473584,0.000680133626771018,0.00470281225783649,0.0,1.0369573356285814e-25,2.0329789337228981e-32,2.271528451131686e-33
8,adam,1074,8598.681599999996,11598.681599999996,0.005724469748597809,0.0011137633311197686,4.4344384312712533e-08,0.000482978446023958,0.0006307405407114978,0.004610706242741171,0.0,1.0562792533481988e-25,2.0450213841268529e-32,2.1930093218852917e-33
8,adam,1099,8598.681599999996,11598.681599999996,0.005501263535909627,0.0009823408562597757,3.961872717721798e-08,0.0004229305864564421,0.0005593706510761564,0.0045189225047484365,0.0,9.379377477117619e-26,1.966320735273788e-32,2.2166695369336385e-33
8,adam,1124,8598.681599999996,11598.681599999996,0.005301448838582704,0.00087130415319267,3.174724136621588e-08,0.00037090016981070886,0.0005003722361405949,0.004430144510327636,0.0,7.810864786095955e-26,1.896641017710704e-32,2.2455788886593313e-33
8,adam,1149,8598.681599999996,11598.681599999996,0.005122459055084807,0.000777773479975668,2.514607668338704e-08,0.0003244858821225972,0.00045326245177638736,0.004344685399875125,0.0,6.521829913981875e-26,1.840716522263352e-32,2.272428992875843e-33
8,adam,1174,8598.681599999996,11598.681599999996,0.004962844352297895,0.0007015343117167036,2.0334867072676367e-08,0.00028763818349417347,0.00041387579335545746,0.004261309865155939,0.0,5.466783186846511e-26,1.7905016851007855e-32,2.318382037108237e-33
8,adam,1199,8598.681599999996,11598.681599999996,0.004819984730998637,0.0006406637519141262,1.702045668750179e-08,0.0002582916169677514,0.0003823551144896873,0.004179320803447431,0.0,4.646270314955611e-26,1.7475802943216993e-32,2.375095108409289e-33
8,adam,1224,8598.681599999996,11598.681599999996,0.004690875680784271,0.0005940184706761762,1.4426239004213272e-08,0.00022982666357298964,0.0003641773808641823,0.004096857034227312,0.0,3.726674780424561e-26,1.6316855458657124e-32,2.3398260158482537e-33
8,adam,1249,8598.681599999996,11598.681599999996,0.004569898515803599,0.0005551658851631458,1.2946005106214843e-08,0.000214409743097282,0.0003407431960607576,0.0040147324545038235,0.0,3.320515143745166e-26,1.6027471610105481e-32,2.3911266344054654e-33
8,adam,1274,8598.681599999996,11598.681599999996,0.004455474105387541,0.0005216255008788249,1.1773247642449756e-08,0.00020137321593840062,0.0003202405116927819,0.0039338484281146715,0.0,2.962839629362897e-26,1.5786043503692297e-32,2.427168650853722e-33
8,adam,1299,8598.681599999996,11598.681599999996,0.004346299651338321,0.0004924690575035922,1.0849008843330203e-08,0.0001904381695243889,0.00030202003897035994,0.0038538304171793127,0.0,2.663840541294391e-26,1.5573349036417407e-32,2.4540691148080988e-33
8,adam,1324,8598.681599999996,11598.681599999996,0.0042414724644053116,0.0004670175125432673,1.0161683727123383e-08,0.00018122096022626867,0.0002857863906332715,0.0037744547749393666,0.0,2.4364397926152767e-26,1.5379372273223623e-32,2.475459109527693e-33
8,adam,1349,8598.681599999996,11598.681599999996,0.004140328648405879,0.00044468361358909194,9.649493722726878e-09,0.00017337681695458386,0.00027129714714078533,0.0036956448576204465,0.0,2.266187223398977e-26,1.519988862175091e-32,2.492826177552542e-33
8,adam,1374,8598.681599999996,11598.681599999996,0.004042351586475476,0.0004249615909062987,9.242682250313482e-09,0.0001666453836229373,0.0002583069646011111,0.0036173898180930334,0.0,2.1310655119687085e-26,1.5032756025541848e-32,2.5068634918516794e-33
8,adam,1399,8598.681599999996,11598.681599999996,0.003947125686552861,0.00040742463347006767,8.883985804738472e-09,0.0001608073724973041,0.00024660837698695884,0.003539700875321184,0.0,2.0115414871215393e-26,1.4876565462607145e-32,2.517865622865044e-33
8,lbfgs,1400,8598.681599999996,11598.681599999996,0.0039528921812285595,0.0004162867167697263,8.454630771330522e-09,0.00016628420365914952,0.00024999405847980544,0.0035366052866856942,0.0,1.9007050958035147e-26,1.5074965377810788e-32,2.5848670325709556e-33
8,lbfgs,1409,8598.681599999996,11598.681599999996,0.002364025300921899,0.000598097234307995,1.4139759962143312e-08,0.00021672822103227713,0.0003813548735157557,0.0017659278873349143,0.0,1.6463500505622525e-26,1.6848133208796073e-32,5.585150385084641e-33
8,lbfgs,1419,8598.681599999996,11598.681599999996,0.0005399477571113286,0.00033797057763999,2.100150907165027e-06,0.0002456749479065796,9.019547882624538e-05,0.0002019769922646936,0.0,1.415175976799003e-24,1.3916191159213416e-32,1.445298996144641e-33
8,lbfgs,1429,8598.681599999996,11598.681599999996,0.00017181183313280944,0.0001662847876180501,1.3978271579913262e-08,6.0788300521898214e-05,0.00010548250882457196,5.52685442458255e-06,0.0,4.813847152329621e-27,9.897467424953164e-33,1.9812928775828904e-33
8,lbfgs,1439,8598.681599999996,11598.681599999996,0.00013841829041937108,0.00013653630194310846,5.7343113425083975e-09,6.063804455888936e-05,7.589252307287661e-05,1.8817922879733694e-06,0.0,1.1259607390908423e-26,1.1401468290837806e-32,1.9458165710389835e-33
8,lbfgs,1449,8598.681599999996,11598.681599999996,9.852595866720764e-05,9.438863584818033e-05,1.0615581657293654e-08,2.3920339719189043e-05,7.0457680547334e-05,4.137122665863365e-06,0.0,3.145501168399744e-26,1.0682676114208256e-32,1.9604389920313134e-33
8,lbfgs,1459,8598.681599999996,11598.681599999996,5.673774555046145e-05,5.555247764505971e-05,2.6131350129034974e-08,1.876122021070887e-05,3.67651260842218e-05,1.1850678974245598e-06,0.0,6.107862920957546e-26,1.0607271607748062e-32,1.628243713051554e-33
8,lbfgs,1469,8598.681599999996,11598.681599999996,4.6288196396882686e-05,4.568635258274261e-05,3.213637062125589e-08,1.2176028834254554e-05,3.34781873778668e-05,6.016485740118026e-07,0.0,7.835801153657923e-26,9.399462851443467e-33,1.446365229856072e-33
8,lbfgs,1479,8598.681599999996,11598.681599999996,3.780688344846108e-05,3.7074753281969e-05,2.645499832153276e-08,1.4728085389181388e-05,2.232021289446608e-05,7.319354869832489e-07,0.0,6.087565831956312e-26,9.147662964619037e-33,1.4040808375874931e-33
8,lbfgs,1489,8598.681599999996,11598.681599999996,2.6626331200126304e-05,2.5752394723642606e-05,2.2037400273079424e-07,9.925267572500773e-06,1.560675314841104e-05,8.737390553546974e-07,0.0,3.61188286143728e-25,8.961815301946569e-33,1.2867021514500953e-33
8,lbfgs,1499,8598.681599999996,11598.681599999996,1.8578018527252195e-05,1.807146487298738e-05,4.1350778418661376e-07,1.0014995269965902e-05,7.642961818834866e-06,5.063534935553567e-07,0.0,7.74935421084873e-25,9.211801476948668e-33,1.2759381822485847e-33
8,lbfgs,1509,8598.681599999996,11598.681599999996,1.3525538463048215e-05,1.2726156741272986e-05,9.375990957333308e-07,8.85576862340487e-06,2.9327890221347857e-06,7.991738379158118e-07,0.0,2.5497838748327465e-24,8.670891735287566e-33,1.1647321026508768e-33
8,lbfgs,1519,8598.681599999996,11598.681599999996,9.485795833100171e-06,8.793690960859758e-06,2.533046241290054e-07,4.835678872658897e-06,3.7047074640718566e-06,6.918978821176708e-07,0.0,6.128184152917785e-25,9.070843178049813e-33,1.2014031297828365e-33
8,lbfgs,1529,8598.681599999996,11598.681599999996,7.28930188036224e-06,7.201974073878744e-06,9.637016916881098e-08,3.6311129943937536e-06,3.4744909103161802e-06,8.711838467035469e-08,0.0,2.7114144896046638e-25,9.134406074939031e-33,1.2186336917442221e-33
8,lbfgs,1539,8598.681599999996,11598.681599999996,5.910013811245834e-06,5.723678993455249e-06,1.51419242935967e-07,3.0365526322789775e-06,2.535707118240305e-06,1.861220872827561e-07,0.0,3.921434029296149e-25,9.048910529249535e-33,1.2105732934899549e-33
8,lbfgs,1549,8598.681599999996,11598.681599999996,4.6757221636934566e-06,4.553920326841613e-06,9.513017965879437e-08,1.9880588227621984e-06,2.47073132442062e-06,1.2158796708489332e-07,0.0,3.1417284121195902e-25,9.255630739777474e-33,1.227838058580306e-33
8,lbfgs,1559,8598.681599999996,11598.681599999996,3.6205934788443347e-06,3.323322905974031e-06,1.33639601792193e-07,1.94001430526965e-06,1.249668998912188e-06,2.9705468315323834e-07,0.0,4.537950374360924e-25,9.208015206066035e-33,1.2134097248549616e-33
8,lbfgs,1569,8598.681599999996,11598.681599999996,2.3502454698244706e-06,2.2625233289140573e-06,1.514059475428953e-08,1.1079819840047386e-06,1.139400750155029e-06,8.750124394997117e-08,0.0,4.039498054392818e-26,9.437574858081129e-33,1.2152759998702517e-33
8,lbfgs,1579,8598.681599999996,11598.681599999996,1.7896404568059235e-06,1.6686817383237163e-06,1.2108953164741781e-08,7.886998124503102e-07,8.678729727086645e-07,1.2073472589779194e-07,0.0,2.4164727562022363e-26,9.404945535183958e-33,1.2157323091732395e-33
8,lbfgs,1589,8598.681599999996,11598.681599999996,1.2888008205653372e-06,1.267286986379277e-06,1.5540679280368875e-08,7.243816725718042e-07,5.273646345271039e-07,2.1286087628245456e-08,0.0,4.7441616529212575e-26,9.456880998962706e-33,1.2021979781015199e-33
8,lbfgs,1599,8598.681599999996,11598.681599999996,7.320377876027104e-07,6.96662362983502e-07,5.179680202946472e-09,3.118996162584359e-07,3.7958306652211965e-07,3.514324268925953e-08,0.0,1.4274391922418004e-26,9.465253445195092e-33,1.2014766842293685e-33
8,lbfgs,1609,8598.681599999996,11598.681599999996,7.178993105063211e-07,6.966143176811801e-07,4.929069784102295e-09,3.259387110631188e-07,3.65746536833959e-07,2.105286598005538e-08,0.0,1.3333027762933018e-26,9.476545366625785e-33,1.204268746877193e-33
8,lbfgs,1619,8598.681599999996,11598.681599999996,6.983618802206769e-07,6.781002375613473e-07,7.739703348848272e-09,2.8325066046536134e-07,3.871098737471377e-07,2.0029652829932086e-08,0.0,2.5700809389777742e-26,9.466670963248014e-33,1.2037321280339652e-33
8,lbfgs,1629,8598.681599999996,11598.681599999996,6.040631672718653e-07,5.862485129027317e-07,6.00023343895347e-09,2.5415224093279377e-07,3.2609603853098443e-07,1.7583206117001312e-08,0.0,1.9653103968289892e-26,9.444889673472896e-33,1.2021584420543088e-33
8,lbfgs,1639,8598.681599999996,11598.681599999996,5.219783122797256e-07,5.033057612416807e-07,5.316704933609524e-09,2.6087801109309234e-07,2.3711104521497878e-07,1.8439097301864492e-08,0.0,1.2476043788344349e-26,9.470663406270917e-33,1.2016471681627731e-33
8,lbfgs,1649,8598.681599999996,11598.681599999996,4.673790974012919e-07,4.5497072107689087e-07,3.573177401035271e-09,2.908320471685969e-07,1.6056549650725869e-07,1.2173384262900582e-08,0.0,9.006878983241878e-27,9.44311058423053e-33,1.1977859321997392e-33
8,lbfgs,1659,8598.681599999996,11598.681599999996,4.562088043608859e-07,4.4425650059187633e-07,3.6926419189384374e-09,2.9180827262816625e-07,1.4875558604477167e-07,1.1716874304181862e-08,0.0,8.70699961077346e-27,9.438470582126921e-33,1.196856444633314e-33
8,lbfgs,1669,8598.681599999996,11598.681599999996,3.8884219096504283e-07,3.7838363648958063e-07,8.949092656319825e-09,2.814799228741112e-07,8.795462095914964e-08,1.0223381487698065e-08,0.0,2.946230985137789e-26,9.407111058942956e-33,1.1900205941318843e-33
8,lbfgs,1679,8598.681599999996,11598.681599999996,2.764815146666549e-07,2.705520207044888e-07,1.6773064692987397e-09,1.8595429098956254e-07,8.292042324562754e-08,5.694706882165805e-09,0.0,3.230211081593512e-27,9.438244520766517e-33,1.1958222927741783e-33
8,lbfgs,1689,8598.681599999996,11598.681599999996,2.3401533542872905e-07,2.3001750272334463e-07,1.5528586760029184e-09,1.6673734614211445e-07,6.172729790522726e-08,3.761917848154997e-09,0.0,3.2392423486796954e-27,9.441619744691878e-33,1.1927327112727237e-33
8,lbfgs,1699,8598.681599999996,11598.681599999996,2.3167937565590237e-07,2.2850023381896382e-07,1.5356750433374242e-09,1.6470484111164685e-07,6.225971766397954e-08,2.9427933676600076e-09,0.0,3.110103773415227e-27,9.437658585696894e-33,1.1938235175966591e-33
8,lbfgs,1709,8598.681599999996,11598.681599999996,2.1540891094088956e-07,2.120624129424174e-07,1.3510683941030473e-09,1.553315497726615e-07,5.537979477565285e-08,3.109494820038634e-09,0.0,3.0320329411691372e-27,9.45062250266634e-33,1.1891552312534153e-33
8,lbfgs,1719,8598.681599999996,11598.681599999996,1.8463974824365448e-07,1.81753862235965e-07,1.2064180790644426e-09,1.1491625784991944e-07,6.563118630698114e-08,2.649267092380199e-09,0.0,2.5834551016070203e-27,9.46719893343838e-33,1.1971391586433127e-33
8,lbfgs,1729,8598.681599999996,11598.681599999996,1.8374408706098783e-07,1.7973054190880747e-07,1.2512230042661121e-09,1.1311030547645604e-07,6.536901342808533e-08,3.777053871501734e-09,0.0,2.6568263854944452e-27,9.464520749719462e-33,1.1962631427896488e-33
8,lbfgs,1739,8598.681599999996,11598.681599999996,1.7915753976616292e-07,1.7677448317753914e-07,1.4155653351010396e-09,1.1087396276704856e-07,6.448495507538954e-08,2.1463334706041052e-09,0.0,3.509774077867394e-27,9.458170716534543e-33,1.1959726499578722e-33
8,lbfgs,1749,8598.681599999996,11598.681599999996,1.7301774766759622e-07,1.6975054237875184e-07,1.7100400958584693e-09,1.0990927956512413e-07,5.813122271776925e-08,3.030351618655425e-09,0.0,4.023307648968722e-27,9.477210608392665e-33,1.1970160113299171e-33
8,lbfgs,1759,8598.681599999996,11598.681599999996,1.610289832889944e-07,1.5651674873338115e-07,4.18818832520416e-09,1.0404402474571016e-07,4.828453566246682e-08,4.274109925147927e-09,0.0,1.125522509301083e-26,9.471087739161968e-33,1.1981005836515096e-33
8,lbfgs,1769,8598.681599999996,11598.681599999996,1.1797163632794317e-07,1.1702456230603825e-07,2.3458190769352608e-09,7.499331272133264e-08,3.968543050777034e-08,7.058996817771674e-10,0.0,2.9453767277256272e-27,9.470321478322484e-33,1.1990721932193744e-33
8,lbfgs,1779,8598.681599999996,11598.681599999996,1.0581911048978586e-07,1.0409791190365901e-07,2.7169015024970565e-09,6.547932047245895e-08,3.5901689928703007e-08,1.480309501258836e-09,0.0,7.008627401476099e-27,9.472769282561057e-33,1.1995059246781458e-33
8,lbfgs,1789,8598.681599999996,11598.681599999996,1.0405614269686723e-07,1.0253575438712562e-07,2.2658298444339324e-09,6.411353231596998e-08,3.61563922267217e-08,1.279336860364108e-09,0.0,4.12434147187163e-27,9.469939739021221e-33,1.1997464023705684e-33
8,lbfgs,1799,8598.681599999996,11598.681599999996,1.0335175659349747e-07,1.0184093194069775e-07,2.3153344160813257e-09,6.638001312175488e-08,3.3145584402861546e-08,1.2698175108880133e-09,0.0,4.399638574305957e-27,9.467132147101074e-33,1.19917965690932e-33
8,lbfgs,1809,8598.681599999996,11598.681599999996,1.0239896963636366e-07,1.00742178228119e-07,2.1165257049494325e-09,6.563301438492949e-08,3.2992638138240065e-08,1.416181882243319e-09,0.0,3.684922067304443e-27,9.464961011765775e-33,1.1989709412663648e-33
8,lbfgs,1819,8598.681599999996,11598.681599999996,1.0217461936219365e-07,1.0044082026070322e-07,2.0308353828137017e-09,6.55782272987324e-08,3.2831757579157114e-08,1.4932393098787774e-09,0.0,3.548448695256088e-27,9.464373100231595e-33,1.199118148855989e-33
8,lbfgs,1829,8598.681599999996,11598.681599999996,1.0012667379453501e-07,9.823739076509292e-08,1.4557492384758794e-09,6.350012416796532e-08,3.3281517358651724e-08,1.6487008069882155e-09,0.0,2.5257539994930417e-27,9.466650100702055e-33,1.1992001866030675e-33
8,lbfgs,1839,8598.681599999996,11598.681599999996,8.636783244896813e-08,8.349920509193465e-08,4.740278276829979e-09,4.7179155148745995e-08,3.157977166635869e-08,2.626945931310801e-09,0.0,1.5691107144331656e-26,9.467140999744382e-33,1.1999505775615906e-33
8,lbfgs,1849,8598.681599999996,11598.681599999996,8.470270857170061e-08,8.254915155845631e-08,5.253635587507962e-09,4.7006390271972707e-08,3.028912569897564e-08,1.9115260807480982e-09,0.0,1.777013108213849e-26,9.470888481699595e-33,1.1994079984453623e-33
8,lbfgs,1859,8598.681599999996,11598.681599999996,8.393778138492528e-08,8.166515424785677e-08,5.27773745927535e-09,4.714321560565901e-08,2.9244201182922414e-08,2.030561311558559e-09,0.0,1.7978220411485865e-26,9.471562560886741e-33,1.1991581405000296e-33
8,lbfgs,1869,8598.681599999996,11598.681599999996,7.809547410673286e-08,7.543038376582646e-08,4.5290117205348455e-09,4.678277518532694e-08,2.4118596859964688e-08,2.4232060984513983e-09,0.0,1.427558490706356e-26,9.468056998441278e-33,1.1990967493130782e-33
8,lbfgs,1879,8598.681599999996,11598.681599999996,4.605964339418666e-08,4.480990698223033e-08,1.1684849128246446e-09,2.6871159159314434e-08,1.6770262910091246e-08,1.005729501266543e-09,0.0,1.3379123533480792e-27,9.487587535817649e-33,1.1994551835775932e-33
8,lbfgs,1889,8598.681599999996,11598.681599999996,4.374552582629906e-08,4.174631670226029e-08,1.5668713892995066e-09,2.4810307002175098e-08,1.5369138310785687e-08,1.755224138666194e-09,0.0,1.2967676756191192e-27,9.491614974531243e-33,1.2006745935615232e-33
8,lbfgs,1899,8598.681599999996,11598.681599999996,4.354366283484737e-08,4.165682715843547e-08,1.5652761434839387e-09,2.501051893127238e-08,1.508103208367915e-08,1.6427644248033709e-09,0.0,1.3418768374382418e-27,9.491439375323692e-33,1.2005596551067497e-33
8,lbfgs,1909,8598.681599999996,11598.681599999996,4.349493649013971e-08,4.15766125430914e-08,1.5809114610744234e-09,2.4866821908027005e-08,1.5128879173989965e-08,1.674183373764273e-09,0.0,1.3429496629321646e-27,9.491885419151746e-33,1.2005541890105704e-33
8,lbfgs,1919,8598.681599999996,11598.681599999996,4.346630110285474e-08,4.156095715072656e-08,1.5989286674302905e-09,2.485506097471245e-08,1.510696750858382e-08,1.6611920607398829e-09,0.0,1.3509954161061348e-27,9.491913175449838e-33,1.2005276836659141e-33
8,lbfgs,1929,8598.681599999996,11598.681599999996,4.3441913208444996e-08,4.1542508372981805e-08,1.6054554112055558e-09,2.4842732252830597e-08,1.5094320708945655e-08,1.6552437727730556e-09,0.0,1.3541307654138998e-27,9.491889466133163e-33,1.2005204347529874e-33
8,lbfgs,1939,8598.681599999996,11598.681599999996,4.341965384552593e-08,4.152627400620431e-08,1.609607739287409e-09,2.482957839593859e-08,1.5087087870978313e-08,1.6492103763257801e-09,0.0,1.3543356809439301e-27,9.49184188200777e-33,1.2005440622484102e-33
8,lbfgs,1949,8598.681599999996,11598.681599999996,4.340295284198051e-08,4.1504091163099104e-08,1.6049691218280145e-09,2.4823250786841e-08,1.5075871254430086e-08,1.6546913765765014e-09,0.0,1.357913377603628e-27,9.491906112415794e-33,1.2004620111649934e-33
8,lbfgs,1959,8598.681599999996,11598.681599999996,4.3380760556888216e-08,4.1481818375394205e-08,1.6033613671122439e-09,2.480737943748358e-08,1.5071077570798385e-08,1.6547671229036346e-09,0.0,1.3576124524378922e-27,9.49192167156116e-33,1.2004475069325637e-33
8,lbfgs,1969,8598.681599999996,11598.681599999996,4.3358971265071356e-08,4.1459006823842703e-08,1.600389644607405e-09,2.4793117612185724e-08,1.5065499567049578e-08,1.6557861615634892e-09,0.0,1.3577850322499213e-27,9.491952705338336e-33,1.2004206824050658e-33
8,lbfgs,1979,8598.681599999996,11598.681599999996,4.333949240434799e-08,4.1432494999802945e-08,1.5933059802658883e-09,2.478070110687361e-08,1.5058487912663447e-08,1.6628187229640865e-09,0.0,1.359806509335904e-27,9.492043802137372e-33,1.200339533700271e-33
8,lbfgs,1989,8598.681599999996,11598.681599999996,4.332188651209435e-08,4.142881189421713e-08,1.5999363680309376e-09,2.4771641539095042e-08,1.505723398709115e-08,1.6488897852553987e-09,0.0,1.355739510062217e-27,9.491926945377935e-33,1.2004521039378377e-33
8,lbfgs,1999,8598.681599999996,11598.681599999996,4.3300372885072505e-08,4.1411648002153814e-08,1.5993684192057528e-09,2.476014622716949e-08,1.505213335577857e-08,1.6445368542679354e-09,0.0,1.35458222736126e-27,9.49191272786782e-33,1.2004709255789145e-33
8,lbfgs,2009,8598.681599999996,11598.681599999996,4.328156785069293e-08,4.140404102405393e-08,1.6033305619993628e-09,2.4751476346256726e-08,1.504923411579784e-08,1.6333335968990768e-09,0.0,1.3514861109216079e-27,9.491825620408254e-33,1.2005565658138473e-33
8,lbfgs,2019,8598.681599999996,11598.681599999996,4.326363056256104e-08,4.1374579431471926e-08,1.592918183958308e-09,2.4740662741435753e-08,1.5040998506077865e-08,1.644861129525457e-09,0.0,1.354935932763496e-27,9.49197048280126e-33,1.2004292956396714e-33
8,lbfgs,2029,8598.681599999996,11598.681599999996,4.324245615489618e-08,4.135225170251432e-08,1.5883231419595812e-09,2.472956277032709e-08,1.503436579022765e-08,1.6460138943402108e-09,0.0,1.3554601086934165e-27,9.492016444041637e-33,1.2003950803163276e-33
8,lbfgs,2039,8598.681599999996,11598.681599999996,4.322716012982432e-08,4.1343606731379945e-08,1.5898998243490765e-09,2.4722618430790352e-08,1.503108847624051e-08,1.6393601020847183e-09,0.0,1.3536722436972805e-27,9.491972373060488e-33,1.2004406820477863e-33
8,lbfgs,2049,8598.681599999996,11598.681599999996,4.320573697284927e-08,4.132621625915746e-08,1.5884596821239264e-09,2.471238154518444e-08,1.502537503184909e-08,1.6353254456446389e-09,0.0,1.3527383216352517e-27,9.491966632712225e-33,1.200453836087775e-33
9,adam,0,11598.681599999996,14598.681599999996,0.10882744187370838,0.08162058133742249,0.0002775841551478763,0.058806986511550585,0.022536010670724027,0.027206860445807505,0.0,2.960677018956382e-24,1.9600000028917147e-30,2.499999999999994e-31
9,adam,24,11598.681599999996,14598.681599999996,0.026205938532493738,0.012400986562630318,0.00020701065762249147,0.007668413905922406,0.004525561999085421,0.013804951877446174,0.0,1.734417621052378e-25,2.6210255852663006e-31,5.035418112561128e-32
9,adam,49,11598.681599999996,14598.681599999996,0.02140615232525754,0.007891153604000741,4.275059591661018e-05,0.0050770249524417985,0.002771378055642333,0.01351499862665649,0.0,1.2603366939700212e-25,1.783623212844545e-31,3.028228427394212e-32
9,adam,74,11598.681599999996,14598.681599999996,0.01870088415540439,0.005491470266505507,4.398135128107209e-06,0.0036914065241407876,0.0017956656072366118,0.013209413790952765,0.0,4.415108887136971e-27,1.3277634768003664e-31,1.9151916088919697e-32
9,adam,99,11598.681599999996,14598.681599999996,0.017436982911770527,0.004439620557733263,4.183931594619655e-06,0.002960681156453217,0.0014747554696854265,0.012997362252708852,0.0,3.588236366521373e-27,1.0616375332042074e-31,1.5700429146806334e-32
9,adam,124,11598.681599999996,14598.681599999996,0.016739744547072836,0.0039511628585462725,1.8525622904100248e-06,0.002647521300674428,0.0013017889955814347,0.012788581584541036,0.0,1.4668597418271426e-27,9.22161070503116e-32,1.433753041262129e-32
9,adam,149,11598.681599999996,14598.681599999996,0.01623137336700263,0.0036189466900618124,1.1050531708186997e-06,0.002472000119862868,0.0011458415170281255,0.012612426570892584,0.0,7.992967318775311e-28,8.315801809883761e-32,1.3129295937883716e-32
9,adam,174,11598.681599999996,14598.681599999996,0.01593402032586748,0.0034680571768110277,7.958997090458688e-07,0.0023778986001433988,0.001089362676958583,0.012465963041550072,0.0,5.744738216994563e-28,7.697646131162663e-32,1.2567099101290097e-32
9,adam,199,11598.681599999996,14598.681599999996,0.015711024327270947,0.003363916377126537,7.601812080827593e-07,0.0023126776491041515,0.0010504785468143027,0.012347107841552943,0.0,5.287798368113956e-28,7.249808751032688e-32,1.2144834926193285e-32
9,adam,224,11598.681599999996,14598.681599999996,0.015151917906508156,0.0029135573297225745,8.406570307677956e-07,0.0020258937134796456,0.0008868229592121615,0.012238360467350594,0.0,5.795888258135533e-28,6.012139918836907e-32,1.0420696682762268e-32
9,adam,249,11598.681599999996,14598.681599999996,0.015012053092942877,0.002872483233969163,8.318472326746565e-07,0.002005608002303259,0.0008660433844332292,0.012139569748833429,0.0,5.1414332585134735e-28,5.757539950852791e-32,1.0207142075769072e-32
9,adam,274,11598.681599999996,14598.681599999996,0.014886615192890555,0.0028393644155342247,7.935097475337307e-07,0.0019902908731664498,0.0008482800326202409,0.012047250666574543,0.0,4.614299162498022e-28,5.541348231019838e-32,1.0022415642889592e-32
9,adam,299,11598.681599999996,14598.681599999996,0.014769429337261686,0.002810657684586941,7.09785088163773e-07,0.0019772960651952597,0.0008326518343035178,0.011958771541285261,0.0,3.931874275855499e-28,5.354509399908795e-32,9.870481433648892e-33
9,adam,324,11598.681599999996,14598.681599999996,0.014656228810839165,0.002782948799776841,5.690309387864575e-07,0.001963802370293091,0.0008185773985449634,0.011873279899066268,0.0,2.9171343914824833e-28,5.190099906606402e-32,9.742972415305718e-33
9,adam,349,11598.681599999996,14598.681599999996,0.014543285230893262,0.0027531817340493195,4.045006409614661e-07,0.0019468858224539487,0.0008058914109544094,0.011790103384216781,0.0,1.5332874751536239e-28,5.043721832511687e-32,9.636347611991114e-33
9,adam,374,11598.681599999996,14598.681599999996,0.014420021890797758,0.002710894305524406,3.0739059022508246e-07,0.0019161344077238739,0.000794452507210307,0.011709127471961858,0.0,5.086002269879836e-29,4.913893142375708e-32,9.55334371673651e-33
9,adam,399,11598.681599999996,14598.681599999996,0.014251581508759418,0.002621382700473492,3.8386214281516676e-07,0.0018374898081921355,0.0007835090301385415,0.011630198694121388,0.0,1.8601496078526009e-28,4.802843860632165e-32,9.510267826350094e-33
9,adam,424,11598.681599999996,14598.681599999996,0.013951611986271952,0.002420974073481269,2.9191612219167455e-07,0.001643309893164153,0.0007773722641949241,0.011530637797185314,0.0,2.0197256958385497e-28,4.779336367895423e-32,9.59134209607065e-33
9,adam,449,11598.681599999996,14598.681599999996,0.01331074656725684,0.0019480202568716255,6.774969628002312e-07,0.0011638248796509607,0.0007835178802578645,0.011362726192024412,0.0,7.387741510108571e-28,4.502208960493336e-32,9.292974542099642e-33
9,adam,474,11598.681599999996,14598.681599999996,0.012425910750251424,0.0014855053098038252,6.970687617591102e-07,0.0008451997654265028,0.0006396084756155633,0.010940405318996314,0.0,1.5856427815723774e-27,3.9979811831541936e-32,7.006207073010668e-33
9,adam,499,11598.681599999996,14598.681599999996,0.011577024374891824,0.001249889355727416,5.780972925211657e-07,0.0007308708248707955,0.0005184404335640993,0.01032713489409517,0.0,1.863371580062774e-27,3.668695656978907e-32,6.030757745961712e-33
9,adam,524,11598.681599999996,14598.681599999996,0.010820097203464524,0.0010993162675657058,3.7668324122880616e-07,0.0006632746082850973,0.0004356649760393798,0.009720780807481403,0.0,1.1177130091145147e-27,3.441477344693298e-32,5.4888044631225525e-33
9,adam,549,11598.681599999996,14598.681599999996,0.010136081363908827,0.0009853755370832905,2.641407012267255e-07,0.0006071124309194172,0.0003779989654626467,0.00915070569532157,0.0,5.938444678865002e-28,3.2488515194982296e-32,5.088769378042398e-33
9,adam,574,11598.681599999996,14598.681599999996,0.009506913864634248,0.0008923411029520765,1.8121394941069462e-07,0.0005597181797523079,0.0003324417092503578,0.00861457262715297,0.0,3.7895016486546515e-28,3.0817030998383903e-32,4.7457965097933976e-33
9,adam,599,11598.681599999996,14598.681599999996,0.008923560687790108,0.0008136140612757701,1.288166161257282e-07,0.000519217953750268,0.0002942672909093764,0.008109946488976276,0.0,2.661446190327264e-28,2.936268086408372e-32,4.429516679019326e-33
9,adam,624,11598.681599999996,14598.681599999996,0.00841721031840472,0.0007818635027461557,9.502786085952024e-08,0.0005063591910251051,0.00027540928386019105,0.007635346675185852,0.0,1.8552563907324638e-28,2.882680395450893e-32,4.3335724858788894e-33
9,adam,649,11598.681599999996,14598.681599999996,0.00791527390315539,0.0007259466349427891,6.117218984458284e-08,0.000474626507892402,0.00025125895486054255,0.00718932712512732,0.0,7.81974062955974e-29,2.769854448131474e-32,4.0767843697396154e-33
9,adam,674,11598.681599999996,14598.681599999996,0.007445287593627319,0.0006742918732310674,6.097046152537302e-08,0.00044697722062156446,0.00022725368214797744,0.006770995574811479,0.0,1.0468262808005917e-28,2.6638465095298095e-32,3.888291871485628e-33
9,adam,699,11598.681599999996,14598.681599999996,0.007014753070055133,0.0006349095052234577,5.387605716814716e-08,0.0004253909249804798,0.00020946470418580981,0.006379843416930713,0.0,6.726839390564902e-29,2.548439337478541e-32,3.797963822358441e-33
9,adam,724,11598.681599999996,14598.681599999996,0.006606845061245271,0.000593638870265552,5.895255869595652e-08,0.0003991076871876266,0.0001944722305192294,0.006013206040912918,0.0,8.340369494551846e-29,2.482774742669525e-32,3.531074408349215e-33
9,adam,749,11598.681599999996,14598.681599999996,0.0062559024041020615,0.00057549916508593,8.487343629603967e-08,0.00041289600374243355,0.0001625182879072004,0.005680403086957085,0.0,2.650377672954192e-28,2.4565809591725047e-32,3.18626981938189e-33
9,adam,774,11598.681599999996,14598.681599999996,0.0058941558068005126,0.0005413197522968948,6.249451743591195e-08,0.00036014602412498905,0.00018111123365446984,0.005352835900650458,0.0,9.132924213973481e-29,2.3823790711920993e-32,3.0244763074064716e-33
9,adam,799,11598.681599999996,14598.681599999996,0.005551930158821099,0.0005043215313911958,5.173580859125645e-08,0.00034149153916480625,0.00016277825641779824,0.005047608471636992,0.0,7.877872361428579e-29,2.2757499426209952e-32,3.1476581571669965e-33
9,adam,824,11598.681599999996,14598.681599999996,0.005272488865393099,0.000510740890480608,5.49590520961979e-08,0.0003443207461030273,0.00016636518532548445,0.004761747816980877,0.0,1.0391395963107673e-28,2.3318419124287647e-32,3.3166816539754785e-33
9,adam,849,11598.681599999996,14598.681599999996,0.010808893579335361,0.0029086476113170316,5.48858151761423e-07,0.0018984793060127943,0.0010096194471524759,0.00790024580634091,0.0,1.0368166411931297e-27,5.037809153631524e-32,6.164622863942452e-33
9,adam,874,11598.681599999996,14598.681599999996,0.018495446236042067,0.005544094305716129,4.9729432923386006e-08,0.0023181218249943144,0.0032259227512888905,0.012951351760670476,0.0,5.06391497675968e-29,6.226038256328001e-32,1.0774078495016963e-32
9,adam,899,11598.681599999996,14598.681599999996,0.010880862475348418,0.004029409827447162,6.596853421218214e-08,0.001959141481997138,0.0020702023769158116,0.0068514524759546004,0.0,3.9402269467512287e-28,3.984523788953286e-32,5.3473992161671085e-33
9,adam,924,11598.681599999996,14598.681599999996,0.00885894089957062,0.0030306266822015594,4.887243624627338e-07,0.0016745301036036307,0.001355607854235466,0.005828314043646837,0.0,4.022141249777685e-27,2.530190666450429e-32,2.5334846732224105e-33
9,adam,949,11598.681599999996,14598.681599999996,0.008352339835251358,0.0026733590820374646,3.654626521507052e-07,0.0015388119125473556,0.0011341817068379581,0.005678980578830684,0.0,2.3596660839696352e-27,2.328563793018157e-32,2.4230796410871744e-33
9,adam,974,11598.681599999996,14598.681599999996,0.007965177830998328,0.0024272228690680117,1.0218542017444935e-07,0.001422427810849436,0.0010046928727984012,0.005537954787054367,0.0,7.478116830473234e-28,2.2932464385281397e-32,2.471704074274347e-33
9,adam,999,11598.681599999996,14598.681599999996,0.007602510820914838,0.0022054950894343102,7.513169241334565e-08,0.0013175976849908058,0.000887822272751091,0.005397015556031957,0.0,3.352209784522413e-28,2.2747901957380968e-32,2.5234861063712993e-33
9,adam,1024,11598.681599999996,14598.681599999996,0.007235427313137785,0.0019840090286533394,9.284008194711866e-08,0.0012169023314445664,0.0007670138571268259,0.005251418108308364,0.0,3.0506769672809788e-28,2.3222881795518236e-32,2.4695962476507937e-33
9,adam,1049,11598.681599999996,14598.681599999996,0.006913775857177584,0.0017990621102400004,1.1584974166429233e-07,0.0011385917296930744,0.0006603545308052618,0.005114713569932742,0.0,2.9739556659374244e-28,2.2976904633361354e-32,2.510708854127725e-33
9,adam,1074,11598.681599999996,14598.681599999996,0.006631918408478118,0.001630510797696911,1.237970209355907e-07,0.0010708717163614603,0.0005595152843145152,0.0050014074329665726,0.0,2.627658410427614e-28,2.2665595980537204e-32,2.579999033276694e-33
9,adam,1099,11598.681599999996,14598.681599999996,0.006377017630134094,0.0014652086926071374,1.0275092751535105e-07,0.0009726297857941651,0.0004924761558854569,0.004911808758996899,0.0,1.9259285374367476e-28,2.2458432444056695e-32,2.587703187369956e-33
9,adam,1124,11598.681599999996,14598.681599999996,0.0061281939491340314,0.001305415102051624,6.082471975936885e-08,0.0008733146725175096,0.00043203960481435507,0.004822778667818337,0.0,1.175878411624084e-28,2.2101319017167796e-32,2.5661176398230088e-33
9,adam,1149,11598.681599999996,14598.681599999996,0.005892955700934819,0.0011617893971322191,3.024284457715384e-08,0.0007827311809963974,0.00037902797329124457,0.0047311661237240685,0.0,6.424496797302549e-29,2.1714759035797672e-32,2.544412897807857e-33
9,adam,1174,11598.681599999996,14598.681599999996,0.0056769396415600306,0.0010406004474843604,2.7795368001149357e-08,0.0007004162616707446,0.00034015639044561463,0.004636339013158648,0.0,9.915729251780288e-29,2.1257639273568169e-32,2.5361113104432752e-33
9,adam,1199,11598.681599999996,14598.681599999996,0.005478602703579787,0.0009380996732629653,3.75206759962991e-08,0.000629183070886058,0.00030887908170091103,0.004540502848590357,0.0,1.5872393483638974e-28,2.082844022521638e-32,2.547260345070195e-33
9,adam,1224,11598.681599999996,14598.681599999996,0.005246113627715133,0.0008024552809491737,3.730053715289591e-08,0.000534751230569885,0.00026766674984213577,0.004443658164286122,0.0,1.373335957645926e-28,1.7636947103618254e-32,2.3039144182350194e-33
9,adam,1249,11598.681599999996,14598.681599999996,0.0050812250444137175,0.0007350123319100283,3.046792525919466e-08,0.0004889211114360754,0.0002460607525486936,0.0043462125293609955,0.0,9.200607472221706e-29,1.7340909285057535e-32,2.364719332826233e-33
9,adam,1274,11598.681599999996,14598.681599999996,0.00492667312512609,0.0006771409599069955,2.3457782592093686e-08,0.00044821087862237645,0.00022890662350202697,0.004249531981481479,0.0,6.045678096167778e-29,1.7098033439604947e-32,2.4179973012755887e-33
9,adam,1299,11598.681599999996,14598.681599999996,0.004779259192225638,0.0006265496855499828,1.82466486008942e-08,0.00041253099053483946,0.00021400044836654238,0.0041527093223977275,0.0,4.359327750154097e-29,1.6901186407513603e-32,2.4661521162858318e-33
9,adam,1324,11598.681599999996,14598.681599999996,0.004636682714711756,0.000581418346013365,1.4487242027290045e-08,0.0003811727161360133,0.00020023114263532436,0.004055264183916091,0.0,3.353884577087956e-29,1.6745002636769755e-32,2.51345935685307e-33
9,adam,1349,11598.681599999996,14598.681599999996,0.004497365919649945,0.0005405418222112231,1.1836625450363151e-08,0.0003534375322011078,0.00018709245338466497,0.003956823912166889,0.0,2.659671304015524e-29,1.6637223453053866e-32,2.5610464713628054e-33
9,adam,1374,11598.681599999996,14598.681599999996,0.004363089774486359,0.0005053661827524249,1.1410474978735013e-08,0.0003268338598265805,0.00017852091245086564,0.0038577234059763567,0.0,2.2363817917392944e-29,1.6540929865890945e-32,2.596697788012956e-33
9,adam,1399,11598.681599999996,14598.681599999996,0.004235099786697226,0.00047743854884365017,1.1967969796145514e-08,0.00030187398801620973,0.00017555259285764431,0.003757661051628895,0.0,2.013350858669069e-29,1.635272593105867e-32,2.6238930955542772e-33
9,lbfgs,1400,11598.681599999996,14598.681599999996,0.004274369054208157,0.0005207206610943442,1.1951859625389703e-08,0.0003238603583824,0.0001968483508523188,0.0037536482068707172,0.0,2.376881689371668e-29,1.836285213324931e-32,3.0364764735776126e-33
9,lbfgs,1409,11598.681599999996,14598.681599999996,0.0020135056852315573,0.000536482877986177,4.552373580252494e-08,0.00021613502188327756,0.0003203023323670969,0.0014770226182248389,0.0,1.1219568728125178e-28,1.8576180918554326e-32,4.623958123478436e-33
9,lbfgs,1419,11598.681599999996,14598.681599999996,0.0005169364284997102,0.00035813207593304283,5.765183977589988e-08,0.00020505975022388234,0.0001530146738693846,0.0001588041531269073,0.0,5.948014231149185e-29,1.3762077499720682e-32,1.4175358656476387e-33
9,lbfgs,1429,11598.681599999996,14598.681599999996,0.00020213950673689433,0.0001993090394387573,1.291347128942294e-07,9.444090819422677e-05,0.0001047389965316363,2.8302659232082447e-06,0.0,2.4386792131500843e-28,1.1624564110661558e-32,2.1806478592032783e-33
9,lbfgs,1439,11598.681599999996,14598.681599999996,0.00016755083000828658,0.0001639101429415065,3.89781697273389e-08,5.8699077958437816e-05,0.00010517208681334135,3.6404794202159583e-06,0.0,1.1305876008578408e-28,1.1991778886944453e-32,2.061706671876175e-33
9,lbfgs,1449,11598.681599999996,14598.681599999996,0.000114428706865804,0.00010419622367171994,7.627166653954507e-08,4.698788531193116e-05,5.713206669324924e-05,1.0232272234066193e-05,0.0,5.233768356375745e-28,1.1897142702598223e-32,1.9655429465784975e-33
9,lbfgs,1459,11598.681599999996,14598.681599999996,7.556648379528099e-05,7.38306149499539e-05,4.851899095819828e-08,2.7595257473026846e-05,4.6186838485968864e-05,1.7356543445946152e-06,0.0,3.7146745261475324e-28,1.1603879562903067e-32,1.7763340360945613e-33
9,lbfgs,1469,11598.681599999996,14598.681599999996,3.906885203398755e-05,3.837477172961347e-05,3.5230788487757674e-08,1.2871731365197509e-05,2.5467809575928202e-05,6.9386847961224e-07,0.0,2.891505476879428e-28,9.79300543082014e-33,1.5350525584727466e-33
9,lbfgs,1479,11598.681599999996,14598.681599999996,2.4366544260668093e-05,2.349091060939801e-05,7.692593507115343e-08,1.3761754945875062e-05,9.652229728451794e-06,8.754258765242235e-07,0.0,5.457775214134556e-28,9.550212820845089e-33,1.341926585472724e-33
9,lbfgs,1489,11598.681599999996,14598.681599999996,1.6403455841481514e-05,1.5951373869559952e-05,6.139721959280295e-08,8.230838677398955e-06,7.659137972568194e-06,4.5187590940810956e-07,0.0,4.502825149477291e-28,8.999237151008798e-33,1.2579264979200297e-33
9,lbfgs,1499,11598.681599999996,14598.681599999996,9.2524235819546e-06,8.898968332353295e-06,3.3851075484245405e-08,3.7160454988995835e-06,5.149071757969467e-06,3.5324625573904354e-07,0.0,2.87468033446602e-28,9.413369152393867e-33,1.248210089031304e-33
9,lbfgs,1509,11598.681599999996,14598.681599999996,7.926061549437918e-06,7.751326927751463e-06,4.807320367203447e-08,2.5034296512136176e-06,5.19982407286581e-06,1.7452328794733866e-07,0.0,3.6175951815846903e-28,9.594766042394015e-33,1.2950124418494316e-33
9,lbfgs,1519,11598.681599999996,14598.681599999996,5.733833765332641e-06,5.357853809202887e-06,1.914397661188639e-08,2.1189822785617864e-06,3.219727554029214e-06,3.757653379317273e-07,0.0,6.409892512356818e-29,9.642237315685972e-33,1.2661811393694125e-33
9,lbfgs,1529,11598.681599999996,14598.681599999996,3.4275166458023074e-06,3.1368333728910517e-06,2.9768040287286704e-08,1.4748855087994447e-06,1.6321798238043202e-06,2.90466583375205e-07,0.0,1.8469969454857937e-28,9.653039199522579e-33,1.2372753339019924e-33
9,lbfgs,1539,11598.681599999996,14598.681599999996,2.914447491431516e-06,2.743293186825592e-06,7.334266745755033e-09,1.2430540236619545e-06,1.4929048964178825e-06,1.7093764593565443e-07,0.0,6.122244216020831e-29,9.592679999893954e-33,1.2230077718780247e-33
9,lbfgs,1549,11598.681599999996,14598.681599999996,2.227647341243823e-06,2.1578752053111024e-06,3.2207418793294146e-08,9.914033614472744e-07,1.134264425070534e-06,6.955204535477825e-08,0.0,2.4678131576509725e-28,9.839627617988294e-33,1.240267932612029e-33
9,lbfgs,1559,11598.681599999996,14598.681599999996,1.8055766176910134e-06,1.7491824667526373e-06,3.501046462595489e-08,7.956728793709101e-07,9.184991227557723e-07,5.6171755665601553e-08,0.0,2.6175438650027345e-28,9.74215919617756e-33,1.2477094456246766e-33
9,lbfgs,1569,11598.681599999996,14598.681599999996,1.2875749901457874e-06,1.267378095281407e-06,5.706001712670425e-08,6.350070332473284e-07,5.753110449073745e-07,1.997252845695081e-08,0.0,4.598728537386983e-28,9.762471697391928e-33,1.2418123063362612e-33
9,lbfgs,1579,11598.681599999996,14598.681599999996,1.1513767016652239e-06,1.1083645010264462e-06,2.4577283532109836e-08,5.094518218434973e-07,5.74335395650839e-07,4.2788319140766015e-08,0.0,1.2906348757839617e-28,9.731568758320368e-33,1.2470349037166947e-33
9,lbfgs,1589,11598.681599999996,14598.681599999996,9.440336980660054e-07,9.3141214248164e-07,6.689418613813225e-09,4.456482842393735e-07,4.790744396284533e-07,1.2395461344065072e-08,0.0,4.4576490095028396e-29,9.757060103152618e-33,1.2412544544170497e-33
9,lbfgs,1599,11598.681599999996,14598.681599999996,9.069199453553664e-07,8.875147696844223e-07,7.509400095064527e-09,4.183871038783553e-07,4.616182657110025e-07,1.917936865258605e-08,0.0,5.26341633236699e-29,9.718868706068578e-33,1.243660494023682e-33
9,lbfgs,1609,11598.681599999996,14598.681599999996,8.237497638887674e-07,8.114247367227743e-07,3.648459703881335e-09,3.64037503121037e-07,4.4373877389785595e-07,1.2098459124768526e-08,0.0,1.6801855460294823e-29,9.746540036732515e-33,1.2482499564164077e-33
9,lbfgs,1619,11598.681599999996,14598.681599999996,7.203356308971506e-07,7.038765775374553e-07,9.040175751174912e-09,3.80364651677941e-07,3.1447175010833936e-07,1.623059757743582e-08,0.0,7.207077878852667e-29,9.741618384221436e-33,1.2478097574630694e-33
9,lbfgs,1629,11598.681599999996,14598.681599999996,6.465304975429248e-07,6.314762684257702e-07,2.2762928809092654e-08,3.402826291765487e-07,2.6843071044012886e-07,1.4823939116318288e-08,0.0,1.8151822386756442e-28,9.789982992168724e-33,1.242962991098323e-33
9,lbfgs,1639,11598.681599999996,14598.681599999996,5.29149930249774e-07,5.197393891763546e-07,7.230613661724201e-09,3.217641760353564e-07,1.9074459947927396e-07,9.177369872606065e-09,0.0,1.2504067980811022e-29,9.77465489464463e-33,1.2564360843638957e-33
9,lbfgs,1649,11598.681599999996,14598.681599999996,4.6975504415788854e-07,4.558682777831857e-07,6.717218661416684e-09,2.795104284097734e-07,1.6964063071199563e-07,1.365396714061921e-08,0.0,1.6033562486626917e-29,9.78372968954344e-33,1.2536695944724161e-33
9,lbfgs,1659,11598.681599999996,14598.681599999996,4.3934729237681457e-07,4.3103641774007196e-07,4.641577046042121e-09,2.4612933677054245e-07,1.8026550392348736e-07,8.078690548748589e-09,0.0,1.3491297874645762e-29,9.762932582655384e-33,1.2478581918828079e-33
9,lbfgs,1669,11598.681599999996,14598.681599999996,3.791322133561662e-07,3.715664102626769e-07,3.0276818888807303e-09,2.0423657643931015e-07,1.6430215193448603e-07,7.331958432616312e-09,0.0,1.8070226979272153e-29,9.798157302747899e-33,1.250917460960527e-33
9,lbfgs,1679,11598.681599999996,14598.681599999996,3.131715910682789e-07,3.0118401376104343e-07,1.9945105649970163e-09,1.6539629393219077e-07,1.3379320926385564e-07,1.1752126456642358e-08,0.0,1.165912765569812e-29,9.830071663690234e-33,1.2522711745320368e-33
9,lbfgs,1689,11598.681599999996,14598.681599999996,2.903055356575804e-07,2.760210668495757e-07,2.2339465628362647e-09,1.6382391185742826e-07,1.0996320842931114e-07,1.4047407476237884e-08,0.0,1.5080840261598767e-29,9.823135483863812e-33,1.2567852890944518e-33
9,lbfgs,1699,11598.681599999996,14598.681599999996,2.752334195082483e-07,2.660330715572286e-07,2.541745905467665e-09,1.5744688057746146e-07,1.0604444507429947e-07,8.962801152175718e-09,0.0,1.8974705719201457e-29,9.826692310729608e-33,1.2550000148355206e-33
9,lbfgs,1709,11598.681599999996,14598.681599999996,2.555889171718571e-07,2.4915775159521305e-07,1.7536309062824578e-09,1.4826745384200212e-07,9.913666684692845e-08,6.192308183448658e-09,0.0,1.2340146879333072e-29,9.837592548381638e-33,1.2540348879343388e-33
9,lbfgs,1719,11598.681599999996,14598.681599999996,2.641082064670568e-07,2.408592382643183e-07,1.4615143593205713e-09,1.398532368306612e-07,9.954448707433655e-08,2.3010522352166458e-08,0.0,1.020571145685094e-29,9.838918608996698e-33,1.2581375275932081e-33
9,lbfgs,1729,11598.681599999996,14598.681599999996,2.3012173156501135e-07,2.2173109218738336e-07,1.5804294920292055e-09,1.2423979113853686e-07,9.59108715568173e-08,8.151977486871641e-09,0.0,1.0399997773344206e-29,9.822695429902302e-33,1.2539742970396114e-33
9,lbfgs,1739,11598.681599999996,14598.681599999996,2.015550110121461e-07,1.875517288755899e-07,3.224885525419741e-09,1.0726216809181173e-07,7.706467525835842e-08,1.3763765895079296e-08,0.0,1.772527810324295e-29,9.81550539823096e-33,1.2544376816627739e-33
9,lbfgs,1749,11598.681599999996,14598.681599999996,1.641542132016432e-07,1.6048764593846778e-07,7.392362549018803e-09,9.052147656299989e-08,6.257380682644908e-08,3.4265159595989775e-09,0.0,5.343137939037681e-29,9.815527889199524e-33,1.2509801804330165e-33
9,lbfgs,1759,11598.681599999996,14598.681599999996,1.5784947844696207e-07,1.52523113598838e-07,8.073505167762101e-09,8.893026753165556e-08,5.551934089942035e-08,5.085451233399475e-09,0.0,6.287155744500385e-29,9.81809962864956e-33,1.2504130532746269e-33
9,lbfgs,1769,11598.681599999996,14598.681599999996,1.5439397836490595e-07,1.505192483629382e-07,6.409248350641717e-09,8.417214284439967e-08,5.993785716789682e-08,3.63293513253547e-09,0.0,4.4994694631246136e-29,9.825444389143014e-33,1.2528885040680704e-33
9,lbfgs,1779,11598.681599999996,14598.681599999996,1.3957856737612937e-07,1.3754910334628857e-07,3.1296557874905447e-09,7.719751830850424e-08,5.72219292502938e-08,1.7870480021425102e-09,0.0,2.811175116947357e-29,9.824587438503874e-33,1.2508921504994896e-33
9,lbfgs,1789,11598.681599999996,14598.681599999996,1.2626136858870463e-07,1.2315359840923954e-07,1.908422240436067e-09,5.8377708723351514e-08,6.286746744545194e-08,2.864045387912682e-09,0.0,1.2829175509300112e-29,9.843070194876561e-33,1.2529557434767261e-33
9,lbfgs,1799,11598.681599999996,14598.681599999996,1.1664905442326353e-07,1.1405414255092453e-07,2.4436320684619686e-09,5.232739150030027e-08,5.92831189821623e-08,2.352194458999829e-09,0.0,1.297445335306032e-29,9.845540799469057e-33,1.249953233605129e-33
9,lbfgs,1809,11598.681599999996,14598.681599999996,1.1524524494353396e-07,1.1193163861794959e-07,2.6265796247470222e-09,5.153188563758684e-08,5.777317335561573e-08,3.07069013169621e-09,0.0,1.531902311775035e-29,9.841733806738792e-33,1.2506898590925149e-33
9,lbfgs,1819,11598.681599999996,14598.681599999996,1.1431865181464798e-07,1.1115712742985234e-07,2.868013320842324e-09,5.228599506188595e-08,5.6003119047124066e-08,2.918505405904864e-09,0.0,1.5757401656002503e-29,9.841955419956947e-33,1.2502663254038965e-33
9,lbfgs,1829,11598.681599999996,14598.681599999996,1.0310053811307929e-07,1.004529271633613e-07,8.99792585153584e-10,4.336291510096198e-08,5.619021947724573e-08,2.4054305929814323e-09,0.0,6.2365843191732474e-30,9.848342411384266e-33,1.2505279861511418e-33
9,lbfgs,1839,11598.681599999996,14598.681599999996,9.618004525815123e-08,9.482642385180532e-08,9.012363096548403e-10,4.2841964229556956e-08,5.108322331259352e-08,1.1113325175365908e-09,0.0,5.4949961063248825e-30,9.865107278879562e-33,1.2531420295151771e-33
9,lbfgs,1849,11598.681599999996,14598.681599999996,9.373510193576704e-08,9.2129779689747e-08,9.431511012127222e-10,4.058424991939517e-08,5.060237866913911e-08,1.3629854231157755e-09,0.0,5.498897317633139e-30,9.864547263848496e-33,1.2528124732214566e-33
9,lbfgs,1859,11598.681599999996,14598.681599999996,8.550282228042154e-08,8.296754326026202e-08,2.499122268956419e-09,3.94381202669777e-08,4.10303007243279e-08,2.2922693648448333e-09,0.0,1.211942677580278e-29,9.860952444849609e-33,1.2517670287576117e-33
9,lbfgs,1869,11598.681599999996,14598.681599999996,8.35622300474653e-08,8.149583702298253e-08,2.808496945152105e-09,3.868209994891667e-08,4.000524012891375e-08,1.822775787486814e-09,0.0,1.519716791833717e-29,9.863733223273249e-33,1.2505816515554869e-33
9,lbfgs,1879,11598.681599999996,14598.681599999996,8.214159655165724e-08,8.066263487162322e-08,1.986346752941697e-09,4.090610453980933e-08,3.77701835788722e-08,1.2346940429613806e-09,0.0,1.0545662003032976e-29,9.865164513019354e-33,1.2502771937139403e-33
9,lbfgs,1889,11598.681599999996,14598.681599999996,6.11906129971471e-08,5.884588165180731e-08,2.2623777654859513e-09,3.724147634704901e-08,1.9342027539272358e-08,2.0993010877219658e-09,0.0,9.722903115601289e-30,9.85155759403849e-33,1.2446891275207646e-33
9,lbfgs,1899,11598.681599999996,14598.681599999996,5.553895247272361e-08,5.390295925320671e-08,2.766576363821183e-09,3.350206353214344e-08,1.7634319357242085e-08,1.3906804824487328e-09,0.0,1.9022748895836414e-29,9.851489992508985e-33,1.2482397557980676e-33
9,lbfgs,1909,11598.681599999996,14598.681599999996,5.403878813835852e-08,5.201616457850134e-08,2.7178192164229032e-09,3.163793788206271e-08,1.7660407480015733e-08,1.7773629164147036e-09,0.0,1.921715867150234e-29,9.85387210165703e-33,1.24814652087963e-33
9,lbfgs,1919,11598.681599999996,14598.681599999996,5.19176951286915e-08,5.002899453982693e-08,2.6558514333271798e-09,2.914125531941705e-08,1.82318877870827e-08,1.644183587218775e-09,0.0,1.9338222388813366e-29,9.851435805388409e-33,1.2492084170427797e-33
9,lbfgs,1929,11598.681599999996,14598.681599999996,4.74771783144215e-08,4.613592463136626e-08,1.9161889150148516e-09,2.6819530673055282e-08,1.7400205043296125e-08,1.0967280173523924e-09,0.0,1.0652415925739035e-29,9.857448372951133e-33,1.2485879299401923e-33
9,lbfgs,1939,11598.681599999996,14598.681599999996,4.207758160397707e-08,4.064008138023372e-08,1.0179202986193276e-09,2.4043652450771233e-08,1.557850863084316e-08,1.193194514322165e-09,0.0,6.604602518445817e-30,9.85906220179096e-33,1.24785432911229e-33
9,lbfgs,1949,11598.681599999996,14598.681599999996,3.524440286865494e-08,3.4594623433217306e-08,6.823789781459097e-10,2.0267726994562064e-08,1.3644517460509335e-08,4.042120569896555e-10,0.0,3.075858934474521e-30,9.86489905514805e-33,1.2474909323615777e-33
9,lbfgs,1959,11598.681599999996,14598.681599999996,3.3603412185274996e-08,3.2925488906193807e-08,4.872916249313211e-10,1.9667725094966445e-08,1.2770472186296044e-08,4.317851668962453e-10,0.0,2.7347927017220355e-30,9.86629886151008e-33,1.2459530326495305e-33
9,lbfgs,1969,11598.681599999996,14598.681599999996,3.337553190372657e-08,3.2629534993465216e-08,4.679226979803877e-10,1.9476773959661658e-08,1.2684838335823173e-08,4.997212241621273e-10,0.0,2.6239189582925785e-30,9.868152038507881e-33,1.245685745814246e-33
9,lbfgs,1979,11598.681599999996,14598.681599999996,3.335692838847964e-08,3.260079146753637e-08,4.701149959786288e-10,1.9452492919165256e-08,1.2678183552392485e-08,5.098486869187865e-10,0.0,2.6347915745205254e-30,9.867760969225723e-33,1.2457575439302067e-33
9,lbfgs,1989,11598.681599999996,14598.681599999996,3.334825723654127e-08,3.258442768490361e-08,4.706362815950373e-10,1.9439653218307584e-08,1.267413818500099e-08,5.175299584443343e-10,0.0,2.629083575681865e-30,9.867660424798094e-33,1.2457570357835402e-33
9,lbfgs,1999,11598.681599999996,14598.681599999996,3.334218224153254e-08,3.257293234385794e-08,4.709575710500956e-10,1.9430203832152767e-08,1.2671770940655082e-08,5.229419259961636e-10,0.0,2.62285368025919e-30,9.86761260994667e-33,1.2457442449833238e-33
9,lbfgs,2009,11598.681599999996,14598.681599999996,3.333588228319192e-08,3.254977786291964e-08,4.71707774287324e-10,1.9411237216547388e-08,1.266683287208493e-08,5.39778425807199e-10,0.0,2.614455090181561e-30,9.867454317129179e-33,1.2458313901070863e-33
9,lbfgs,2019,11598.681599999996,14598.681599999996,3.333079058126133e-08,3.2552206745198575e-08,4.714707143828929e-10,1.9412979221940784e-08,1.2667756808874898e-08,5.322618118218215e-10,0.0,2.6084963178502928e-30,9.867561382267215e-33,1.2457107357892564e-33
9,lbfgs,2029,11598.681599999996,14598.681599999996,3.332733922197644e-08,3.25465085208679e-08,4.71544998843087e-10,1.9408272126012607e-08,1.2666691396012205e-08,5.345050370592006e-10,0.0,2.604701002373727e-30,9.867557340883879e-33,1.2457012871420086e-33
10,adam,0,14598.681599999996,17598.681599999996,0.10882253481095974,0.0816169010415835,0.0002739039417486211,0.05880698642911086,0.022536010670724027,0.02720563368052782,0.0,7.24989222365387e-27,1.960000000144049e-30,2.499999999999994e-31
10,adam,24,14598.681599999996,17598.681599999996,0.0259775496958635,0.012062429430726943,0.0002670101622639868,0.0071852267147833205,0.004610192553679636,0.013915120174170853,0.0,5.768231593520319e-28,2.4543459765430537e-31,5.136495429901142e-32
10,adam,49,14598.681599999996,17598.681599999996,0.021263565411834197,0.007809651596103769,2.5390024368623096e-05,0.0051282802368952446,0.0026559813348399014,0.01345391372308926,0.0,1.0441990932535489e-28,1.797572919497496e-31,2.919250248762913e-32
10,adam,74,14598.681599999996,17598.681599999996,0.01839276441775079,0.005232276916879536,4.121492699433795e-06,0.0035411391888029824,0.0016870162353771197,0.013160487404407428,0.0,1.4629745264024046e-29,1.2709734277034784e-31,1.8369093143092942e-32
10,adam,99,14598.681599999996,17598.681599999996,0.017060913712153052,0.004156835546380551,2.543791458954101e-06,0.0028206384264060926,0.001333653328515504,0.012904078065180192,0.0,8.963034309483429e-30,9.924504953858443e-32,1.4868103844194784e-32
10,adam,124,14598.681599999996,17598.681599999996,0.016341300512912937,0.0036703391330050253,1.871930401442833e-06,0.0025086219564172184,0.001159845246186364,0.012670961276365281,0.0,5.747664233442804e-30,8.536732129612511e-32,1.3289469612567422e-32
10,adam,149,14598.681599999996,17598.681599999996,0.015924539749553268,0.003428503118272182,1.3037684930181607e-06,0.002347956015827267,0.0010792433339518966,0.012496036525740087,0.0,2.8269088264993196e-30,7.705190550086728e-32,1.2425044914615988e-32
10,adam,174,14598.681599999996,17598.681599999996,0.01564324826051004,0.0032885992834286695,1.1434031513647684e-06,0.002258314010814956,0.0010291418694623488,0.01235464887011511,0.0,2.004912714113198e-30,7.140871658040095e-32,1.1865176515837752e-32
10,adam,199,14598.681599999996,17598.681599999996,0.015423869515045003,0.003195890275035761,9.89509266917789e-07,0.002201842955146675,0.0009930578106221678,0.012227979131945886,0.0,1.5675051294596657e-30,6.714297301844584e-32,1.1458261428561386e-32
10,adam,224,14598.681599999996,17598.681599999996,0.015077011759596777,0.0030128949465498406,8.921611791445398e-07,0.00207617768052023,0.0009358251048504665,0.012064116704040522,0.0,1.1292132544693604e-30,6.286228273497503e-32,1.0789404926369868e-32
10,adam,249,14598.681599999996,17598.681599999996,0.014862055519913986,0.0029312583054165956,8.010882879044385e-07,0.002022188207348822,0.0009082690097798694,0.011930797104553963,0.0,8.250274694656514e-31,5.961418594645829e-32,1.0580845007743628e-32
10,adam,274,14598.681599999996,17598.681599999996,0.014636414541666153,0.0028190938916987218,9.005013814293489e-07,0.0019366324309604064,0.0008815609593568859,0.011817320538944583,0.0,1.0764014895667542e-30,5.689074765530506e-32,1.0348837609865607e-32
10,adam,299,14598.681599999996,17598.681599999996,0.014356943673023398,0.0026560419458787994,1.2004312768066338e-06,0.001795300451017453,0.0008595410635845397,0.011700901614648186,0.0,1.9140353571683795e-30,5.465725014535048e-32,1.0267207953186541e-32
10,adam,324,14598.681599999996,17598.681599999996,0.013906610634474108,0.0023381284795607237,8.809282333742127e-07,0.001477087211874648,0.0008601603394527012,0.01156848204009956,0.0,1.552796473603901e-30,5.26523082409659e-32,1.0385168696016521e-32
10,adam,349,14598.681599999996,17598.681599999996,0.013102105695716057,0.0018292738373274502,1.0262186459112692e-06,0.0010898323690739164,0.0007384152496076226,0.011272831740530264,0.0,6.597604851136626e-30,4.6866159321427603e-32,7.971176982698367e-33
10,adam,374,14598.681599999996,17598.681599999996,0.012217532216187479,0.001492493112250966,8.822352714259248e-07,0.0008907485286213535,0.0006008623483581866,0.0107250389832567,0.0,7.240485427813626e-30,4.264559918823717e-32,6.835602376621136e-33
10,adam,399,14598.681599999996,17598.681599999996,0.011429036321603178,0.0013057776833709672,4.921620980906207e-07,0.0008036915453884015,0.0005015939758844751,0.01012325851434656,0.0,3.960054332387095e-30,3.9701445506674226e-32,6.198179816428842e-33
10,adam,424,14598.681599999996,17598.681599999996,0.010694572563252297,0.0011473192908549752,3.56372129688958e-07,0.0007207511179953059,0.00042621180072998033,0.009547253145503741,0.0,3.605810750637834e-30,3.691128152656216e-32,5.6281097395379435e-33
10,adam,449,14598.681599999996,17598.681599999996,0.010038535890704883,0.0010305132499061865,3.611013929734393e-07,0.0006575330051598015,0.0003726191433534116,0.009008022510894212,0.0,3.6137171302368795e-30,3.473277555048016e-32,5.234580926131086e-33
10,adam,474,14598.681599999996,17598.681599999996,0.009456997648207779,0.0009439139490204487,5.012812916362189e-07,0.0006165913222732664,0.00032682134545554604,0.008513083566158023,0.0,3.0330850253861343e-30,3.282027203591897e-32,4.915775185465624e-33
10,adam,499,14598.681599999996,17598.681599999996,0.008873304497278038,0.0008561352212788243,2.7392287862658507e-07,0.0005599075957699086,0.00029595370263028924,0.008017169140129921,0.0,2.3010161945580574e-30,3.130287539951276e-32,4.539307465970116e-33
10,adam,524,14598.681599999996,17598.681599999996,0.008349750355345768,0.0007875680203092447,2.6646334324415235e-07,0.0005232383883808712,0.00026406316858512935,0.007562182196452491,0.0,2.2966937050335468e-30,2.9910464375889476e-32,4.2870611041323685e-33
10,adam,549,14598.681599999996,17598.681599999996,0.007900899918058537,0.0007401852040093541,2.4082205947680084e-07,0.0004977516357389584,0.0002421927462109189,0.0071607145730175755,0.0,1.937012629480559e-30,2.9125660639839775e-32,3.864994553224068e-33
10,adam,574,14598.681599999996,17598.681599999996,0.007408264585755687,0.0006825669141958418,2.2539186881624468e-07,0.0004639881860303763,0.00021835333629664926,0.006725697528367785,0.0,2.0306638782058467e-30,2.7619646853005126e-32,3.80905379109192e-33
10,adam,599,14598.681599999996,17598.681599999996,0.006980205110608286,0.0006360580584562355,3.095858688428024e-07,0.00044513330037940934,0.00019061517220798338,0.006344146906783004,0.0,1.796829485980732e-30,2.6873527614102896e-32,3.566203194873065e-33
10,adam,624,14598.681599999996,17598.681599999996,0.006568467151669913,0.0005888889159614331,1.6898838145278642e-07,0.0004032920551652138,0.00018542787241476648,0.0059795780884451056,0.0,1.4655995702931995e-30,2.594458888201729e-32,3.5100606908264446e-33
10,adam,649,14598.681599999996,17598.681599999996,0.006263333596737996,0.000565504403278778,1.881734559025995e-07,0.0003860716969889627,0.00017924453283391271,0.005697829044251468,0.0,1.8088558009533235e-30,2.5359284292507577e-32,3.19766384860761e-33
10,adam,674,14598.681599999996,17598.681599999996,0.018278912862171957,0.005010330238133494,5.097101512725816e-06,0.002187658433497401,0.002817574703123368,0.01326858246911429,0.0,2.02734049070705e-29,6.855701052034567e-32,1.1378441712832962e-32
10,adam,699,14598.681599999996,17598.681599999996,0.017898603070179264,0.00475739816757972,6.609283761016377e-08,0.0022162611087328784,0.0025410709660092317,0.013141204745626198,0.0,2.40026109318029e-31,5.913674291721476e-32,9.929149585614436e-33
10,adam,724,14598.681599999996,17598.681599999996,0.016871601514432323,0.004261810792501944,3.1635774583059246e-08,0.002231747175060031,0.0020300319816673293,0.012609790564608397,0.0,2.2684969392121893e-31,5.376445739455363e-32,8.884872374639861e-33
10,adam,749,14598.681599999996,17598.681599999996,0.01599777671813698,0.003853855245084141,1.6429432884513523e-08,0.0021980554614157957,0.0016557833542354607,0.012143921315538972,0.0,1.4093544315161742e-31,5.104245556533572e-32,8.40197086222649e-33
10,adam,774,14598.681599999996,17598.681599999996,0.015220010565797382,0.003495430733806636,1.8039119578247303e-08,0.0020993225124281622,0.0013960901822588957,0.011724579674271767,0.0,1.689615202351608e-31,4.951074477661441e-32,8.208417738177175e-33
10,adam,799,14598.681599999996,17598.681599999996,0.014449710241762875,0.003137822134271947,2.8539409232388167e-08,0.0019197773041850024,0.0012180162906777123,0.01131188794950288,0.0,1.8335115776224266e-31,4.840517511867742e-32,8.108015721065194e-33
10,adam,824,14598.681599999996,17598.681599999996,0.013371339806310055,0.002532093579130586,4.624535850922386e-08,0.0015348860270078834,0.0009971613067641934,0.010839246068813304,0.0,2.8530159134007284e-31,4.2012085968350574e-32,7.053588643791977e-33
10,adam,849,14598.681599999996,17598.681599999996,0.011816264246368875,0.002051115952671326,9.334022761932489e-08,0.0011766073542808365,0.00087441525816287,0.00976514813468586,0.0,2.0040934168948535e-30,3.9373943062507877e-32,6.34066308309456e-33
10,adam,874,14598.681599999996,17598.681599999996,0.007663674120200479,0.0011788635218639072,4.212644356575894e-07,0.0006122060149428647,0.000566236242485385,0.006484810437569555,0.0,9.746267127071247e-30,2.875428934511238e-32,3.669023240843267e-33
10,adam,899,14598.681599999996,17598.681599999996,0.006904823788424154,0.0008249137817077328,2.281084797588952e-07,0.00036802839928632715,0.0004566572739416467,0.006079909844645299,0.0,3.730957932538065e-30,2.291580814983034e-32,2.5961170991808125e-33
10,adam,924,14598.681599999996,17598.681599999996,0.006602068494837772,0.0007060339033006951,1.910983724090473e-07,0.0002963286441832905,0.00040951416074499553,0.005896034428786931,0.0,2.7527800372739105e-30,2.0044337477501482e-32,2.60559489752989e-33
10,adam,949,14598.681599999996,17598.681599999996,0.006405792003718408,0.0006578060366777841,1.463330359762249e-07,0.00026357382488889245,0.00039408587875291545,0.005747985803855011,0.0,1.8888313589716335e-30,1.8615796947642405e-32,2.7460732221111497e-33
10,adam,974,14598.681599999996,17598.681599999996,0.006248370638546399,0.0006333253846849344,1.0678589546604235e-07,0.00024857446421806047,0.00038464413457140785,0.005615045090391343,0.0,1.1138333522581765e-30,1.7807588124849703e-32,2.880130923913761e-33
10,adam,999,14598.681599999996,17598.681599999996,0.006103040937160212,0.0006134055187476863,8.657410035647638e-08,0.000238836141066782,0.0003744828035805479,0.0054896352547391504,0.0,7.898442069282715e-31,1.7301060152668203e-32,2.954013313262153e-33
10,adam,1024,14598.681599999996,17598.681599999996,0.00595184410273032,0.0005852536129989523,8.121677871364582e-08,0.00022513191740530415,0.0003600404788149345,0.005366590325873736,0.0,7.212886636178039e-31,1.6677075135605998e-32,2.90198412829842e-33
10,adam,1049,14598.681599999996,17598.681599999996,0.005811774223327663,0.0005661309591657207,7.642437526269435e-08,0.00021814287016026792,0.00034791166463019003,0.0052456431001300955,0.0,6.760717500841769e-31,1.6332674626308885e-32,2.93493991996222e-33
10,adam,1074,14598.681599999996,17598.681599999996,0.005674335561911569,0.0005474388707791902,7.330839011654179e-08,0.00021174109583317743,0.0003356244665558962,0.005126896526935732,0.0,6.640896736518177e-31,1.6051076267452435e-32,2.9513131707614446e-33
10,adam,1099,14598.681599999996,17598.681599999996,0.005539001689210224,0.0005293263960281713,7.034205308666521e-08,0.0002057221596587413,0.00032353389431634335,0.005009675128821669,0.0,6.532168875715136e-31,1.5810280339286323e-32,2.9562692280234486e-33
10,adam,1124,14598.681599999996,17598.681599999996,0.005405597053749924,0.0005120383054560506,6.750950037978441e-08,0.00020004502050274096,0.00031192577545292985,0.004893558583765329,0.0,6.396129410048393e-31,1.559522213595293e-32,2.9550041406966785e-33
10,adam,1149,14598.681599999996,17598.681599999996,0.005274038971926003,0.0004956905566787122,6.462181581846099e-08,0.0001947005678321161,0.0003009253670307776,0.004778348250543873,0.0,6.199910839221087e-31,1.539812764976879e-32,2.9499929541543922e-33
10,adam,1174,14598.681599999996,17598.681599999996,0.0051442581317376265,0.0004802880112711607,6.163060334423582e-08,0.00018964619090037146,0.000290580189767445,0.004663969955580544,0.0,5.94151618126294e-31,1.5214429039326152e-32,2.9424022126711084e-33
10,adam,1199,14598.681599999996,17598.681599999996,0.005016220504292797,0.000465827932351525,5.857736703192634e-08,0.00018483076019910162,0.00028093859478539146,0.0045503924068644635,0.0,5.643042454999524e-31,1.5040172858431645e-32,2.933155400164525e-33
10,adam,1224,14598.681599999996,17598.681599999996,0.004917664649454065,0.00047852210543463997,5.387102396250859e-08,0.00019441047984436515,0.0002840577545663123,0.004439142378759776,0.0,5.156796947699052e-31,1.7046487143719287e-32,3.0647760643554374e-33
10,adam,1249,14598.681599999996,17598.681599999996,0.004790034374737631,0.0004617163979468461,5.145524312257106e-08,0.00018770039241228825,0.00027396455029143527,0.004328317811336724,0.0,5.030379673944032e-31,1.6860763865056447e-32,3.0236005084247396e-33
10,adam,1274,14598.681599999996,17598.681599999996,0.0046639292062970765,0.0004467328459657199,4.918570982348638e-08,0.00018156482343403295,0.0002651188368218635,0.004217196194662983,0.0,4.869196557403037e-31,1.6652196335808724e-32,2.993243897110119e-33
10,adam,1299,14598.681599999996,17598.681599999996,0.004539121685751259,0.00043271375254782857,4.6974175880632257e-08,0.000175752228952046,0.0002569145494199019,0.004106407767305885,0.0,4.704679838183103e-31,1.6434245883988393e-32,2.9678052011939324e-33
10,adam,1324,14598.681599999996,17598.681599999996,0.004415677410491141,0.00041938709718092174,4.480562815266942e-08,0.0001702040835389545,0.00024913820801381455,0.00399629014717034,0.0,4.547075554678682e-31,1.6215076223796265e-32,2.9441546359801885e-33
10,adam,1349,14598.681599999996,17598.681599999996,0.004293847329948805,0.00040689605894453677,4.2647828933990624e-08,0.00016498944583915394,0.00024186396527644887,0.0038869511046082383,0.0,4.386575163392709e-31,1.5994679344595825e-32,2.922612233206143e-33
10,adam,1374,14598.681599999996,17598.681599999996,0.004173971269762391,0.0003954933592680393,4.0402799404480725e-08,0.00016025617267215392,0.00023519678379648091,0.0037784777438277916,0.0,4.195367824957356e-31,1.5772097151501623e-32,2.9039462741508942e-33
10,adam,1399,14598.681599999996,17598.681599999996,0.0040563603435282885,0.00038530697388446073,3.803964688614109e-08,0.00015612269473213268,0.0002291462395054419,0.0036710532026930243,0.0,3.962639330190728e-31,1.5548721129064598e-32,2.888113402932446e-33
10,lbfgs,1400,14598.681599999996,17598.681599999996,0.004052470431282083,0.00038568848560566844,3.6558435178623445e-08,0.00015673135649846268,0.00022892057067202715,0.00366678177871398,0.0,3.707437846956105e-31,1.430404596270434e-32,2.807822004914068e-33
10,lbfgs,1409,14598.681599999996,17598.681599999996,0.0026269651302371967,0.0005616039084267616,3.1500422987686884e-08,0.0002375011502045279,0.000324071257799246,0.0020653610536537303,0.0,2.8946704650614067e-31,1.7463539961588646e-32,4.4665151642132414e-33
10,lbfgs,1419,14598.681599999996,17598.681599999996,0.0011150386989930705,0.0003611464385665499,3.1276206648974053e-08,0.0001717231573304209,0.00018939200502948004,0.0007538920877277476,0.0,2.9529437786518664e-31,1.2528457862272723e-32,2.112377982747715e-33
10,lbfgs,1429,14598.681599999996,17598.681599999996,0.0003014227033215381,0.00023683475089249332,4.1455487252972864e-08,0.0001610033627563209,7.578993264891945e-05,6.458777323760422e-05,0.0,6.759289101969934e-31,1.1422246122102047e-32,1.9075633520914097e-33
10,lbfgs,1439,14598.681599999996,17598.681599999996,0.00019949302842559618,0.00018224462228293097,3.839868009015497e-08,9.377619985987968e-05,8.843002374296113e-05,1.7248221712124257e-05,0.0,4.2287579802868375e-31,1.063901665609708e-32,1.9818216288795556e-33
10,lbfgs,1449,14598.681599999996,17598.681599999996,0.000164998409479263,0.0001622233962672357,1.2661279661333707e-08,6.787163175071515e-05,9.433910323685923e-05,2.7748207801677723e-06,0.0,1.5721240221875713e-31,1.200687596646034e-32,2.100750341717185e-33
10,lbfgs,1459,14598.681599999996,17598.681599999996,0.00012622094320387627,0.00012152647544977073,3.47182670821107e-08,4.963327530883241e-05,7.185848187385621e-05,4.694272110892334e-06,0.0,2.983340945957314e-31,1.0711445837783883e-32,1.8510154410421448e-33
10,lbfgs,1469,14598.681599999996,17598.681599999996,7.930324744290554e-05,7.268180334393123e-05,6.92119120098643e-08,5.05635492795145e-05,2.204904215240687e-05,6.621254868502433e-06,0.0,8.385229882650402e-31,1.017260053691059e-32,1.4733429553650693e-33
10,lbfgs,1479,14598.681599999996,17598.681599999996,4.1303245922928046e-05,4.096434981184859e-05,4.20121198542646e-08,9.48239563814756e-06,3.1439942053846764e-05,3.3870744837277894e-07,0.0,5.551088084831754e-31,9.17605493359598e-33,1.4247615054570389e-33
10,lbfgs,1489,14598.681599999996,17598.681599999996,2.290253157837947e-05,2.1582145060564747e-05,6.574209532474491e-08,8.64942859093706e-06,1.2866974374302942e-05,1.3201976633447504e-06,0.0,4.558529131754222e-31,9.152322639745095e-33,1.2236486961235238e-33
10,lbfgs,1499,14598.681599999996,17598.681599999996,1.4000340239199389e-05,1.370020428839655e-05,3.509868903925599e-08,5.66064775591765e-06,8.004457843439644e-06,2.999472804331998e-07,0.0,3.319094344332455e-31,8.536486235878444e-33,1.1864063966560969e-33
10,lbfgs,1509,14598.681599999996,17598.681599999996,8.611130322941557e-06,8.240697350824197e-06,3.6465471352790987e-08,3.513246578710267e-06,4.690985300761138e-06,3.7023551575169176e-07,0.0,1.5308346012244489e-31,8.807690894310597e-33,1.214852887928848e-33
10,lbfgs,1519,14598.681599999996,17598.681599999996,6.3814224786749455e-06,6.070070545126093e-06,2.1892872917033105e-08,2.595814391153048e-06,3.452363281056012e-06,3.111420725678644e-07,0.0,1.6656187432679027e-31,8.81587416911908e-33,1.183076522814126e-33
10,lbfgs,1529,14598.681599999996,17598.681599999996,5.027191299289107e-06,4.708953458215915e-06,1.9887507692019536e-08,2.15758620290226e-06,2.531479747621636e-06,3.1801625053250737e-07,0.0,2.387477296355114e-31,8.881066030579235e-33,1.1684106257747916e-33
10,lbfgs,1539,14598.681599999996,17598.681599999996,3.451475100936895e-06,3.360038424029164e-06,2.2054317324460975e-08,2.2864755620695182e-06,1.0515085446351848e-06,9.121303712097864e-08,0.0,2.793507962965664e-31,8.812724227174908e-33,1.1568616809743699e-33
10,lbfgs,1549,14598.681599999996,17598.681599999996,3.0472523080048724e-06,2.8770683517471847e-06,6.183203028300105e-08,1.7844081078629691e-06,1.0308282136012144e-06,1.699635764266082e-07,0.0,4.23995332429928e-31,8.966438412360705e-33,1.1612868141201597e-33
10,lbfgs,1559,14598.681599999996,17598.681599999996,2.5226674979280713e-06,2.48400329620366e-06,1.502318531978521e-08,1.5002936604273577e-06,9.686864504565172e-07,3.844284687140312e-08,0.0,1.8295012941334156e-31,8.987415006664122e-33,1.1857346023018072e-33
10,lbfgs,1569,14598.681599999996,17598.681599999996,1.687213305019578e-06,1.6576774114846483e-06,1.75759741845744e-08,1.072706587744371e-06,5.673948495557029e-07,2.9301349545592054e-08,0.0,2.6915603632653235e-31,9.05303360357691e-33,1.166751385262886e-33
10,lbfgs,1579,14598.681599999996,17598.681599999996,1.5696445477826594e-06,1.5509069270390324e-06,1.900875994959647e-08,1.0808227278853773e-06,4.5107543920405867e-07,1.8496725363441497e-08,0.0,2.7314676699679747e-31,9.066889390328204e-33,1.1653735938222856e-33
10,lbfgs,1589,14598.681599999996,17598.681599999996,1.3479544010636612e-06,1.3161339430429185e-06,2.3516451981477397e-08,8.448325536574767e-07,4.4778493740396443e-07,3.157383283066282e-08,0.0,2.858848921957681e-31,9.058359930284092e-33,1.1755393854753257e-33
10,lbfgs,1599,14598.681599999996,17598.681599999996,9.77933809004169e-07,9.657484615452036e-07,3.473484198242746e-08,4.921886094732274e-07,4.388250100895489e-07,1.1944996366810671e-08,0.0,6.173418845835794e-31,9.124797042670768e-33,1.1859196650430295e-33
10,lbfgs,1609,14598.681599999996,17598.681599999996,8.58737802573224e-07,8.440083226388829e-07,1.8832179471002312e-08,3.4969058874734804e-07,4.754855544205326e-07,1.4485993839181108e-08,0.0,3.3259313051351213e-31,9.189929487101632e-33,1.1815408884162513e-33
10,lbfgs,1619,14598.681599999996,17598.681599999996,6.946049214767801e-07,6.855836959932256e-07,3.0191856506840736e-08,3.641830769008031e-07,2.912087625855818e-07,8.780897700300304e-09,0.0,5.6951412026836264e-31,9.160416172253045e-33,1.1818662164539233e-33
10,lbfgs,1629,14598.681599999996,17598.681599999996,4.763180700185978e-07,4.7019836297173663e-07,1.3258591573691602e-08,2.042868077324669e-07,2.5265296366557814e-07,5.878534324174295e-09,0.0,2.445000405661012e-31,9.19201484446096e-33,1.177234174414687e-33
10,lbfgs,1639,14598.681599999996,17598.681599999996,4.3249284453531685e-07,4.285389170243548e-07,1.2406771141220403e-08,1.9103467391953542e-07,2.2509747196359896e-07,3.7111613639043588e-09,0.0,2.097862397809292e-31,9.162487120761077e-33,1.1778970574106286e-33
10,lbfgs,1649,14598.681599999996,17598.681599999996,3.9182598012232554e-07,3.869081179555816e-07,5.581088676778191e-09,1.5983756148800898e-07,2.2148946779079444e-07,4.672593688409878e-09,0.0,9.576211359631827e-32,9.14642634062669e-33,1.1789764063669775e-33
10,lbfgs,1659,14598.681599999996,17598.681599999996,3.6429908246581693e-07,3.590974326141716e-07,4.668593576327511e-09,1.4256064884229446e-07,2.1186819019554966e-07,4.956208997566214e-09,0.0,7.37615403486261e-32,9.15097991488214e-33,1.1767900490131854e-33
10,lbfgs,1669,14598.681599999996,17598.681599999996,2.3848935199613646e-07,2.2459522902699112e-07,4.135533319088897e-09,1.1886473660800848e-07,1.0159495909989375e-07,1.3643008824104395e-08,0.0,6.574166358516204e-32,9.152022996279969e-33,1.1731340351924697e-33
10,lbfgs,1679,14598.681599999996,17598.681599999996,2.2032501871335214e-07,2.178358623559324e-07,3.9408223524327315e-09,1.1924316515757782e-07,9.465187484592184e-08,2.235250075934558e-09,0.0,5.035070816345573e-32,9.150798081360484e-33,1.1707159249222064e-33
10,lbfgs,1689,14598.681599999996,17598.681599999996,2.1517457783265636e-07,2.1407047546576906e-07,3.6253791213225732e-09,1.1188592558487922e-07,9.855917075956726e-08,8.491981038454357e-10,0.0,5.209561749480113e-32,9.154844950920035e-33,1.1707739756338256e-33
10,lbfgs,1699,14598.681599999996,17598.681599999996,2.0871435364251412e-07,2.0689391097276452e-07,2.782001677043762e-09,1.0977904497995678e-07,9.4332864315764e-08,1.562543540700497e-09,0.0,2.872912980112681e-32,9.152960809705516e-33,1.171141973855717e-33
10,lbfgs,1709,14598.681599999996,17598.681599999996,1.879284391181751e-07,1.8428298118858852e-07,2.011769303960085e-09,1.0317363086180727e-07,7.909758102282116e-08,3.3883753212015353e-09,0.0,1.6911660546071382e-32,9.148396632421352e-33,1.171258048453284e-33
10,lbfgs,1719,14598.681599999996,17598.681599999996,1.7818946073012468e-07,1.7534107306848966e-07,2.5050889151633557e-09,1.0093652145489217e-07,7.189946269843415e-08,2.5912985107625585e-09,0.0,3.4092096757465017e-32,9.148026624542001e-33,1.1711047613780242e-33
10,lbfgs,1729,14598.681599999996,17598.681599999996,1.6022540889054907e-07,1.585767092515914e-07,7.305425452422659e-09,8.471793403645671e-08,6.655334976271204e-08,1.3916076305497534e-09,0.0,1.5511210072151437e-31,9.145935840194579e-33,1.1713195156714121e-33
10,lbfgs,1739,14598.681599999996,17598.681599999996,1.292748789597254e-07,1.2696600485067732e-07,1.1412619308748713e-08,5.508797847383213e-08,6.046540706809647e-08,2.049363893853317e-09,0.0,2.3434109933436695e-31,9.142399305970278e-33,1.1691020676787203e-33
10,lbfgs,1749,14598.681599999996,17598.681599999996,1.2548784652945757e-07,1.2282143924518278e-07,1.1809190348979867e-08,5.681571741141733e-08,5.419653148478558e-08,2.406452391044409e-09,0.0,2.468024296724004e-31,9.141806995843656e-33,1.1703926212536233e-33
10,lbfgs,1759,14598.681599999996,17598.681599999996,1.1946288392477613e-07,1.173641688307725e-07,9.297594756005633e-09,5.825957979228568e-08,4.980699428248118e-08,1.8379173993429311e-09,0.0,1.9023448043418446e-31,9.149064818216305e-33,1.1707979839608536e-33
10,lbfgs,1769,14598.681599999996,17598.681599999996,1.1326130484282863e-07,1.1046495983153706e-07,6.912562783453557e-09,5.849408836044925e-08,4.505830868763426e-08,2.535376149165219e-09,0.0,1.464843215421397e-31,9.149276168801504e-33,1.1711338114067712e-33
10,lbfgs,1779,14598.681599999996,17598.681599999996,9.307232475538597e-08,9.182278801034713e-08,2.2223390844247992e-09,5.229924540960857e-08,3.7301203516313757e-08,9.881857459545659e-10,0.0,4.019503415155386e-32,9.15136700092984e-33,1.169839156896205e-33
10,lbfgs,1789,14598.681599999996,17598.681599999996,8.93049680338345e-08,8.805410830367171e-08,4.065634934644728e-09,4.692085476807858e-08,3.70676186009484e-08,9.893782753458118e-10,0.0,7.216252129087687e-32,9.148385469728024e-33,1.1705430403957068e-33
10,lbfgs,1799,14598.681599999996,17598.681599999996,8.834348288581438e-08,8.637257176225393e-08,3.935578000521069e-09,4.2715588729191505e-08,3.972140503254135e-08,1.7090420414610569e-09,0.0,6.748126307076641e-32,9.15528900709846e-33,1.1702566473783367e-33
10,lbfgs,1809,14598.681599999996,17598.681599999996,8.439016920088058e-08,8.225816395795737e-08,3.2427477570546937e-09,4.2299540241087885e-08,3.671587595981479e-08,1.8691435814249843e-09,0.0,5.507635322443508e-32,9.155334395234758e-33,1.1687027994430798e-33
10,lbfgs,1819,14598.681599999996,17598.681599999996,7.034449903312416e-08,6.738997184653083e-08,4.378202815294173e-09,4.635034270613194e-08,1.6661426325104718e-08,2.690965946707987e-09,0.0,6.558593421945858e-32,9.147645752874511e-33,1.1651775508563304e-33
10,lbfgs,1829,14598.681599999996,17598.681599999996,5.790723535152697e-08,5.687961423874789e-08,5.355464909620886e-09,3.4557199328073685e-08,1.6966950001053318e-08,7.627170400302596e-10,0.0,8.438471484291213e-32,9.162512101838455e-33,1.1668168033646328e-33
10,lbfgs,1839,14598.681599999996,17598.681599999996,4.732556738551081e-08,4.556175652991702e-08,2.102982486294519e-09,3.1263009182256046e-08,1.2195764861366462e-08,1.4988807337741733e-09,0.0,3.68831091788325e-32,9.177421335687494e-33,1.1677583742089576e-33
10,lbfgs,1849,14598.681599999996,17598.681599999996,4.2214131979069894e-08,4.117551578646636e-08,1.5073950920197305e-09,3.049483952588672e-08,9.173281168559905e-09,7.741692615805522e-10,0.0,2.1551951808642226e-32,9.172747176054023e-33,1.1678352799835363e-33
10,lbfgs,1859,14598.681599999996,17598.681599999996,4.0504733102101314e-08,3.916217866336662e-08,1.1333972104030504e-09,2.8350867695238887e-08,9.677913757724683e-09,1.0787032882094586e-09,0.0,1.6412765399239894e-32,9.176421668822862e-33,1.167729902020893e-33
10,lbfgs,1869,14598.681599999996,17598.681599999996,4.035161564512389e-08,3.915582388624629e-08,1.1305772512612128e-09,2.8338726651674534e-08,9.686519983310538e-09,9.319335522377703e-10,0.0,1.657071321367127e-32,9.176014277277029e-33,1.1678597024064288e-33
10,lbfgs,1879,14598.681599999996,17598.681599999996,4.025671296460609e-08,3.8996467907419124e-08,1.103601477235615e-09,2.8144415494458292e-08,9.748450935725218e-09,9.964559280003924e-10,0.0,1.654728972187707e-32,9.175963651721451e-33,1.1679602579544357e-33
10,lbfgs,1889,14598.681599999996,17598.681599999996,4.019510505055557e-08,3.9006216255403894e-08,1.105324920341841e-09,2.821631013942759e-08,9.68458119563446e-09,9.250840187878916e-10,0.0,1.657759626554048e-32,9.175813807142614e-33,1.1679255662184116e-33
10,lbfgs,1899,14598.681599999996,17598.681599999996,4.0127031570432015e-08,3.896512979098436e-08,1.0975092425354542e-09,2.8209547769452502e-08,9.6580727789964e-09,8.981099718025122e-10,0.0,1.6544095158203695e-32,9.175704826336171e-33,1.1679201254377836e-33
10,lbfgs,1909,14598.681599999996,17598.681599999996,4.007020971067552e-08,3.889484421600781e-08,1.0847481262446322e-09,2.8141102798511346e-08,9.668993291251834e-09,9.116032699335063e-10,0.0,1.6456873864407363e-32,9.175676048014201e-33,1.1679362026010495e-33
10,lbfgs,1919,14598.681599999996,17598.681599999996,4.002584888309063e-08,3.886909780455016e-08,1.078277120555007e-09,2.8136353632607637e-08,9.654467051387514e-09,8.929975220408218e-10,0.0,1.6396136980280067e-32,9.175610980968161e-33,1.1679294534522155e-33
10,lbfgs,1929,14598.681599999996,17598.681599999996,3.998126115674482e-08,3.884094084820232e-08,1.0702971197378145e-09,2.8125099204319316e-08,9.645544524145187e-09,8.765763975833463e-10,0.0,1.6311435559489437e-32,9.175545438092911e-33,1.1679255733008984e-33
10,lbfgs,1939,14598.681599999996,17598.681599999996,3.9941510268598354e-08,3.8790603579927773e-08,1.0599663433973512e-09,2.807119084071863e-08,9.65944639581179e-09,8.871835385819529e-10,0.0,1.6211305898542147e-32,9.17553882989374e-33,1.1679368090765678e-33
10,lbfgs,1949,14598.681599999996,17598.681599999996,3.990591507833673e-08,3.8783325442661534e-08,1.0543960174869838e-09,2.808541209927294e-08,9.64351732590161e-09,8.588658336761843e-10,0.0,1.6129269497774228e-32,9.175459206489024e-33,1.167926188027322e-33
10,lbfgs,1959,14598.681599999996,17598.681599999996,3.987525748615496e-08,3.873213372545739e-08,1.0447099969087684e-09,2.8020815228483796e-08,9.666608500064825e-09,8.794205990367223e-10,0.0,1.6031620018191248e-32,9.175481577832945e-33,1.1679419353641082e-33
10,lbfgs,1969,14598.681599999996,17598.681599999996,3.983953078803947e-08,3.8744541979632656e-08,1.0406061936219482e-09,2.806730429525946e-08,9.63663149075125e-09,8.312751781751123e-10,0.0,1.5942943869042893e-32,9.175363913979774e-33,1.1679226350645607e-33
10,lbfgs,1979,14598.681599999996,17598.681599999996,3.981298274995218e-08,3.869053599316626e-08,1.0312811833359144e-09,2.7993689580444245e-08,9.665565229386101e-09,8.58753745714265e-10,0.0,1.584792517592639e-32,9.175406242207757e-33,1.1679411344669743e-33
10,lbfgs,1989,14598.681599999996,17598.681599999996,3.97814474294219e-08,3.8691772716040235e-08,1.0269228281015061e-09,2.8018349605807624e-08,9.6465002821311e-09,8.25976648246738e-10,0.0,1.5762387387988955e-32,9.175327951660489e-33,1.1679303137979803e-33
10,lbfgs,1999,14598.681599999996,17598.681599999996,3.975335219459605e-08,3.863904873382486e-08,1.0172195672454431e-09,2.7946293488102833e-08,9.675535678476583e-09,8.506236679812357e-10,0.0,1.565594742840438e-32,9.175362564881591e-33,1.1679474683687657e-33
10,lbfgs,2009,14598.681599999996,17598.681599999996,3.9729404644016283e-08,3.8607935178164314e-08,1.0109095264631078e-09,2.7909719730420002e-08,9.687305921281204e-09,8.577993908117404e-10,0.0,1.5576153778588517e-32,9.17537370932738e-33,1.1679537302671524e-33
10,lbfgs,2019,14598.681599999996,17598.681599999996,3.9699944072529976e-08,3.8589342878704395e-08,1.0046232684624775e-09,2.789724640001855e-08,9.687473210223365e-09,8.4693329222626e-10,0.0,1.5479923449500848e-32,9.17533710851847e-33,1.1679548330748619e-33
10,lbfgs,2029,14598.681599999996,17598.681599999996,3.9676183697782836e-08,3.855911046547025e-08,9.984522391934617e-10,2.786150976403915e-08,9.699148462237636e-09,8.534138413456976e-10,0.0,1.5398932374570364e-32,9.175348092363206e-33,1.167960479654724e-33
10,lbfgs,2039,14598.681599999996,17598.681599999996,3.964736704191967e-08,3.854081743138685e-08,9.925417270647008e-10,2.784919843242007e-08,9.699077271902077e-09,8.428917812287559e-10,0.0,1.530582658732188e-32,9.17531442678986e-33,1.1679620054854216e-33
10,lbfgs,2049,14598.681599999996,17598.681599999996,3.961868386705252e-08,3.8500089358991204e-08,9.848363520617298e-10,2.7798465498675376e-08,9.716787508254097e-09,8.549480059980525e-10,0.0,1.520563201907996e-32,9.175341033493895e-33,1.1679694121951856e-33
10,lbfgs,2059,14598.681599999996,17598.681599999996,3.959575032878536e-08,3.849373359589287e-08,9.81080399917355e-10,2.780290489432077e-08,9.709748301654748e-09,8.383673120890505e-10,0.0,1.5136514847550912e-32,9.175293345093402e-33,1.1679689252861462e-33
10,lbfgs,2069,14598.681599999996,17598.681599999996,3.9571913528608176e-08,3.846070621522356e-08,9.748349314250306e-10,2.7761968887066597e-08,9.723902396731937e-09,8.475662876995881e-10,0.0,1.5053341742644492e-32,9.175314552801277e-33,1.1679745640634592e-33
11,adam,0,17598.681599999996,20000.0,0.10873212944219494,0.08154909701440761,0.00020609991867667776,0.05880698642500691,0.022536010670724027,0.027183032338135862,0.0,1.3898680691276158e-29,1.9600000000072655e-30,2.499999999999994e-31
11,adam,24,17598.681599999996,20000.0,0.026672573542955477,0.012914211138155038,9.17933857515745e-05,0.007601006536701173,0.005221411215702291,0.013758362313288468,0.0,1.343736537287295e-30,2.614895400316837e-31,5.802979578082557e-32
11,adam,49,17598.681599999996,20000.0,0.021184618776599315,0.007794497827538006,1.3020401992695698e-05,0.005055499977564956,0.0027259774479803547,0.013390120854624767,0.0,1.7099949669609496e-31,1.8003757580768933e-31,2.9343866837556094e-32
11,adam,74,17598.681599999996,20000.0,0.018374882162982692,0.005356624449994719,4.946561458896968e-06,0.003445078660603668,0.0019065992279321546,0.013018257614014067,0.0,4.652486573608439e-32,1.2657794065153073e-31,1.941037793909563e-32
11,adam,99,17598.681599999996,20000.0,0.017065732534634233,0.004388016971677551,4.907453907483084e-06,0.002802760332708934,0.0015803491850611335,0.012677715459927687,0.0,4.643261526204898e-32,1.000170509253639e-31,1.6065100150212128e-32
11,adam,124,17598.681599999996,20000.0,0.01619019861176569,0.003790106913560518,2.967662658255943e-06,0.002539373201508768,0.001247766049393494,0.012400091592174445,0.0,1.9751795012807798e-32,8.666842991870113e-32,1.405144509881405e-32
11,adam,149,17598.681599999996,20000.0,0.01573171227244886,0.003574925729235236,1.6398375122321356e-06,0.0024422519936826985,0.0011310338980403056,0.01215678643511671,0.0,1.2752955206018886e-32,7.741893187682093e-32,1.3038064666549848e-32
11,adam,174,17598.681599999996,20000.0,0.015436733718975047,0.0034506492920527414,1.7467359609914054e-06,0.0023678866857683887,0.0010810158703233614,0.011986084317598325,0.0,1.3835822949929873e-32,7.165866310328737e-32,1.2540947789584433e-32
11,adam,199,17598.681599999996,20000.0,0.015211953824418858,0.0033726864296555314,1.4912388475475835e-06,0.002328509381773481,0.001042685809034503,0.011839267284426247,0.0,1.2733969747198796e-32,6.724240218009028e-32,1.2118034707243096e-32
11,adam,224,17598.681599999996,20000.0,0.01482007959856304,0.00305052104633087,1.0726051466565464e-06,0.002168762108603393,0.0008806863325808202,0.011769558441201346,0.0,9.686726930146869e-33,5.504158780038157e-32,1.0512286951241488e-32
11,adam,249,17598.681599999996,20000.0,0.014667510852310765,0.0029899238603895064,6.958188375524698e-07,0.002126252329715078,0.0008629757118368757,0.011677586880329575,0.0,6.645377993516183e-33,5.3192716546643e-32,1.0338098728533146e-32
11,adam,274,17598.681599999996,20000.0,0.014446174227224275,0.0028670357750627245,5.379569700312586e-07,0.0020175895001499004,0.000848908317942793,0.011579138339746269,0.0,4.943925342850783e-33,5.177231705283949e-32,1.0346493158146526e-32
11,adam,299,17598.681599999996,20000.0,0.013986720004502913,0.002504387045210695,4.999545065841316e-07,0.0016401193284929349,0.0008637677622111759,0.011482332845015276,0.0,4.963192764079384e-33,5.086304236005036e-32,1.0715241162879967e-32
11,adam,324,17598.681599999996,20000.0,0.012985178590441036,0.0018071849045374817,8.212604166811183e-07,0.0010465936438983808,0.0007597700002224197,0.011177993568112943,0.0,1.8902420054818633e-32,4.446258174140641e-32,8.263844347896285e-33
11,adam,349,17598.681599999996,20000.0,0.011919534627471667,0.0014421364714480155,3.534425951277009e-07,0.0008138419771791702,0.0006279410516737176,0.010477398034993887,0.0,6.19076888999484e-33,4.050530240892561e-32,7.278793131138201e-33
11,adam,374,17598.681599999996,20000.0,0.010960548835951121,0.0012294544049175418,3.9358065762270417e-07,0.00072095390976678,0.0005081069144931391,0.00973109430624811,0.0,6.131979517642561e-33,3.749049575443995e-32,6.513378303446735e-33
11,adam,399,17598.681599999996,20000.0,0.010091334424593694,0.0010710850959007121,3.872089813086283e-07,0.0006454822078414342,0.00042521567907796915,0.009020249200170399,0.0,6.17086370382304e-33,3.499691217278364e-32,5.893042784394352e-33
11,adam,424,17598.681599999996,20000.0,0.00935766504544814,0.0010214365164942056,3.8558066914565667e-07,0.0006365791495754492,0.00038447178624961066,0.008336228396617733,0.0,6.452775663970139e-33,3.751579747425263e-32,5.741557845829774e-33
11,adam,449,17598.681599999996,20000.0,0.008667720059239058,0.0009208552106619029,4.002658540462401e-07,0.0005946072662974391,0.00032584767851041754,0.007746864712706822,0.0,8.452726483227202e-33,3.595772750819513e-32,4.797740258903911e-33
11,adam,474,17598.681599999996,20000.0,0.007907250002552779,0.000794253045826723,3.446149917364732e-07,0.0005103324424820885,0.00028357598835289805,0.00711299681799562,0.0,6.741082172677571e-33,3.2863035239714895e-32,4.6161021324839976e-33
11,adam,499,17598.681599999996,20000.0,0.007274364858104763,0.0007075173809873175,2.7406443292566534e-07,0.0004640366348959841,0.00024320668165840771,0.006566847335673531,0.0,5.554278486472024e-33,3.081957669726143e-32,4.3807256190385404e-33
11,adam,524,17598.681599999996,20000.0,0.006724566950706383,0.0006407375633105819,2.845287891305819e-07,0.000430403931666137,0.00021004910285531432,0.006083829243228464,0.0,6.05932676330108e-33,2.9442136152167514e-32,4.0143829819402056e-33
11,adam,549,17598.681599999996,20000.0,0.006189080303826583,0.0005814110780865945,2.5290398490831546e-07,0.00038532209267362844,0.0001958360814280577,0.005607669079172091,0.0,6.165538977135233e-33,2.789347378342766e-32,3.687203300991813e-33
11,adam,574,17598.681599999996,20000.0,0.005723420088933329,0.0005313393608603641,2.554361061345065e-07,0.00036265935128210024,0.00016842457347212932,0.005192080579136923,0.0,7.364636381144657e-33,2.6715793103957043e-32,3.477606336055686e-33
11,adam,599,17598.681599999996,20000.0,0.005282502205169043,0.00048689001956633046,2.160590009267101e-07,0.00032353055503585586,0.00016314340552954794,0.004795612034431802,0.0,6.266140181530902e-33,2.526017109680808e-32,3.380504576877597e-33
11,adam,624,17598.681599999996,20000.0,0.01895436295477202,0.00637761926122578,4.633433957485583e-05,0.002525105400155569,0.0038061795214953545,0.01257674353722688,0.0,7.13149172069206e-31,7.559090829322742e-32,1.3342048545447155e-32
11,adam,649,17598.681599999996,20000.0,0.021841776763692256,0.007641248851036012,5.602864093289504e-07,0.002756077268276453,0.00488461129635023,0.014200527751833272,0.0,2.780641154687415e-32,6.862806910406455e-32,1.344348315168132e-32
11,adam,674,17598.681599999996,20000.0,0.01925369102838892,0.006193611422618501,6.107925819395242e-07,0.002935072982034849,0.0032579276480017125,0.01306007944452156,0.0,1.6799237936043105e-32,5.814312452503278e-32,1.0607948927749496e-32
11,adam,699,17598.681599999996,20000.0,0.01737380825933104,0.005246865480676991,6.922082302050366e-07,0.0031175878257369356,0.002128585446709851,0.012126942617235499,0.0,1.6914212826394382e-32,5.311097669193332e-32,9.301524160776279e-33
11,adam,724,17598.681599999996,20000.0,0.016027852486930637,0.0047064155580923,6.205889943101496e-07,0.0031784192728100884,0.0015273756962879018,0.011321436767084586,0.0,1.6532729283240144e-32,5.125126916952523e-32,9.043050404845387e-33
11,adam,749,17598.681599999996,20000.0,0.012325434450152573,0.0040116167160654925,6.270220023639242e-07,0.002909093131173261,0.0011018965628898677,0.008313817571063127,0.0,2.078952196552302e-32,4.6265683155583606e-32,8.080925908732574e-33
11,adam,774,17598.681599999996,20000.0,0.008693515267003548,0.0027280042307111503,1.2201816491669403e-06,0.002093989778727014,0.0006327942703349695,0.005965510870625312,0.0,5.513526257607954e-32,3.100455327872539e-32,4.496298525560862e-33
11,adam,799,17598.681599999996,20000.0,0.008005196064901184,0.0022674297357073844,1.0398490061096925e-06,0.0016324877482125938,0.000633902138488681,0.005737766162740292,0.0,4.309557960884499e-32,2.92912316672954e-32,3.781741094783398e-33
11,adam,824,17598.681599999996,20000.0,0.00753384757516009,0.001974697052941051,8.876327931999712e-07,0.001362911969049751,0.0006108974510981001,0.00555915035543715,0.0,3.431708955133967e-32,3.17872035664921e-32,3.6769807465284374e-33
11,adam,849,17598.681599999996,20000.0,0.007190928823489215,0.0018028368140489983,7.00334843654109e-07,0.0012505341969447543,0.0005516022822605899,0.005388091842422913,0.0,2.7784686702080965e-32,3.133305484922469e-32,3.6531027975778994e-33
11,adam,874,17598.681599999996,20000.0,0.006892710262091382,0.001668223589173968,6.108202063580102e-07,0.001178449588992902,0.000489163179974708,0.0052244865057077495,0.0,2.632693162148833e-32,3.062665262776621e-32,3.696611727499029e-33
11,adam,899,17598.681599999996,20000.0,0.006628302571789645,0.0015589756577961086,5.881480886151394e-07,0.0011158267329663223,0.0004425607767411713,0.005069326746620867,0.0,2.625677961514167e-32,3.0078188640937756e-32,3.728639094061476e-33
11,adam,924,17598.681599999996,20000.0,0.006386418243964566,0.0014655312397507435,5.759527622488352e-07,0.001060295611786297,0.0004046596752021977,0.004920886836698369,0.0,2.579151580446558e-32,2.959405393006992e-32,3.7351317539531966e-33
11,adam,949,17598.681599999996,20000.0,0.00615736466643845,0.0013800445647288075,5.625963256854126e-07,0.0010083881427993705,0.0003710938256037518,0.004777319934060529,0.0,2.5077720644484296e-32,2.908429047613905e-32,3.7106171039573286e-33
11,adam,974,17598.681599999996,20000.0,0.005934317520908253,0.0012969639150615347,5.483797257601075e-07,0.000955928205423739,0.0003404873299120355,0.004637353438060247,0.0,2.4257887017213347e-32,2.85117102733452e-32,3.65072725298801e-33
11,adam,999,17598.681599999996,20000.0,0.005713101459532926,0.00121286900685268,5.337277539864717e-07,0.0009005021744440241,0.0003118331046546694,0.004500232284739736,0.0,2.331449599977302e-32,2.7843702245646323e-32,3.561815557821539e-33
11,adam,1024,17598.681599999996,20000.0,0.005471966478616124,0.0011000005112636563,4.90079339708118e-07,0.0008173992102627864,0.0002821112216611618,0.004371965799258699,0.0,2.1263724823114203e-32,2.381920188230847e-32,3.1817539499012435e-33
11,adam,1049,17598.681599999996,20000.0,0.005247514420670575,0.0010069653359121573,4.714006789347945e-07,0.0007590933634153289,0.00024740057181789365,0.004240548916442571,0.0,1.9628456742966644e-32,2.3119023318118098e-32,3.0812418820382362e-33
11,adam,1074,17598.681599999996,20000.0,0.005027015787603651,0.0009198734194334155,4.5230409339234706e-07,0.0006924796234220255,0.00022694149191799772,0.004107142199552696,0.0,1.8014423019693107e-32,2.2369134230399037e-32,2.9941614017341643e-33
11,adam,1099,17598.681599999996,20000.0,0.0048114551126356995,0.0008366333634482191,4.295699909395784e-07,0.0006246375618933173,0.00021156623156396231,0.00397482158021548,0.0,1.647101524681035e-32,2.1522583292521435e-32,2.9590779709874605e-33
11,adam,1124,17598.681599999996,20000.0,0.00460326213902679,0.0007582035756710799,3.9993903939777e-07,0.0005565933169503099,0.00020121031968137215,0.0038450583939914737,0.0,1.4788671513328587e-32,2.0732492350907024e-32,2.9590378322785726e-33
11,adam,1149,17598.681599999996,20000.0,0.004404622185758649,0.0006869297923512297,3.668735304594936e-07,0.000491310079429473,0.00019525283939129725,0.003717692223623741,0.0,1.3048364119045096e-32,2.0049486089322963e-32,2.992154999914131e-33
11,adam,1174,17598.681599999996,20000.0,0.004216300043482425,0.000624075350811834,3.372740289015881e-07,0.0004315939724747896,0.00019214410430814277,0.003592224522450716,0.0,1.1438812018571255e-32,1.9502351364680913e-32,3.045375693101403e-33
11,adam,1199,17598.681599999996,20000.0,0.004037365464325961,0.0005692979905801624,3.1602753538221225e-07,0.00037896851934057503,0.00019001344370420508,0.0034680673030792583,0.0,1.0082825136185568e-32,1.9083988586423968e-32,3.098888794294385e-33
11,adam,1224,17598.681599999996,20000.0,0.00385343232973409,0.0005125788130080444,3.1514355489704556e-07,0.0003259748654582507,0.00018628880399489662,0.0033408533455787834,0.0,9.436453613792754e-33,1.8708447736277167e-32,3.142932562544342e-33
11,adam,1249,17598.681599999996,20000.0,0.0036929869429005737,0.0004744513062898138,3.034329986306757e-07,0.0002849924608397014,0.00018915541245148173,0.003218535465002146,0.0,8.453736744698584e-33,1.8329914943097292e-32,3.1838791088746424e-33
11,adam,1274,17598.681599999996,20000.0,0.003540064804570573,0.00043974100204897265,2.899093046364255e-07,0.0002509348193171623,0.00018851627342717392,0.003100323630457621,0.0,7.313631435643892e-33,1.8075837249008583e-32,3.1854186977516383e-33
11,adam,1299,17598.681599999996,20000.0,0.0033949931007460714,0.00041086327243807777,2.7181357330181196e-07,0.00022222526224006858,0.00018836619662470735,0.0029841296557781617,0.0,6.264214198762804e-33,1.781564613889805e-32,3.1885581624854935e-33
11,adam,1324,17598.681599999996,20000.0,0.0032578102957491126,0.00038759241073574416,2.4984506501847757e-07,0.00019913309467615986,0.00018820947099456583,0.0028702177120162545,0.0,5.3184356227493484e-33,1.7560083910104405e-32,3.19084624929598e-33
11,adam,1349,17598.681599999996,20000.0,0.00312778389786569,0.00036914193807255753,2.2785856546669812e-07,0.0001817380532310351,0.0001871760262760557,0.002758641786335756,0.0,4.569781141154203e-33,1.7322762458359028e-32,3.18781318743649e-33
11,adam,1374,17598.681599999996,20000.0,0.003003512992408064,0.00035432501920987876,2.093179452865469e-07,0.0001692782143091629,0.00018483748695542935,0.0026491877992902515,0.0,4.028476069218017e-33,1.7102374142695906e-32,3.177614043136747e-33
11,adam,1399,17598.681599999996,20000.0,0.0028836192298032854,0.0003418401480255129,1.9546097621946422e-07,0.0001603685265695173,0.00018127616047977613,0.002541778907426628,0.0,3.660816288601792e-33,1.6893932914070341e-32,3.1591325911049916e-33
11,lbfgs,1400,17598.681599999996,20000.0,0.0028556130336181975,0.0003180866881686493,1.835195539068205e-07,0.00014970067857552358,0.00016820249003921892,0.002537526171080754,0.0,3.470092789252645e-33,1.6377466478522422e-32,3.0686767268022208e-33
11,lbfgs,1409,17598.681599999996,20000.0,0.001333011041261409,0.0006142129435064323,2.6308032618429335e-06,0.00015196106564614208,0.00045962107459844733,0.0007187979214325597,0.0,3.4914948457208214e-32,1.3707102995330885e-32,5.9714519278691845e-33
11,lbfgs,1419,17598.681599999996,20000.0,0.00023011963478412276,0.00020469011233997575,2.5685486714803473e-07,0.00010996301363437216,9.447024383845554e-05,2.5429339747712917e-05,0.0,7.949461767534984e-33,9.814413250944182e-33,2.118443707702582e-33
11,lbfgs,1429,17598.681599999996,20000.0,0.00011238154131874423,0.00011046120795754631,1.6596730585228089e-07,4.4398711950727536e-05,6.589652870096649e-05,1.9201491651471673e-06,0.0,4.640086280346737e-33,1.1247443733408338e-32,2.016132342678748e-33
11,lbfgs,1439,17598.681599999996,20000.0,5.1170059007732355e-05,4.8198845164610784e-05,1.669907083381887e-07,1.0854375165968497e-05,3.71774792903041e-05,2.9710263874581446e-06,0.0,7.737813746378049e-33,1.1463773199152525e-32,1.7761174326994736e-33
11,lbfgs,1449,17598.681599999996,20000.0,3.018958826329742e-05,2.9703685446954245e-05,9.458436135570208e-08,1.2473428522232102e-05,1.713567256336644e-05,4.857166915489897e-07,0.0,3.182047349194145e-33,1.0478000936530657e-32,1.6529771400179267e-33
11,lbfgs,1459,17598.681599999996,20000.0,1.899889571907868e-05,1.8022613009169526e-05,3.035482344020298e-08,8.897904616119686e-06,9.094353569609639e-06,9.760968820720382e-07,0.0,9.809103399954528e-34,1.0035278774097512e-32,1.3913034308073436e-33
11,lbfgs,1469,17598.681599999996,20000.0,1.4429951539203666e-05,1.3808983091072626e-05,1.7393881378897415e-07,7.14031186407799e-06,6.494732413205662e-06,6.207818620492626e-07,0.0,3.300076815701078e-33,9.8909764265133e-33,1.4369240809868327e-33
11,lbfgs,1479,17598.681599999996,20000.0,8.643939088228479e-06,8.085347383553058e-06,4.968106172302372e-08,3.7272062770153337e-06,4.308460044814701e-06,5.584024043605027e-07,0.0,7.606394793934892e-34,1.0231779195966581e-32,1.3929019715714398e-33
11,lbfgs,1489,17598.681599999996,20000.0,3.073972808587506e-06,2.99307868862242e-06,5.173264771145864e-08,1.8801277536603365e-06,1.0612182872506248e-06,8.070216129565917e-08,0.0,1.7610839514261247e-33,1.0320485889628792e-32,1.4371242447970348e-33
11,lbfgs,1499,17598.681599999996,20000.0,2.2937887293930005e-06,2.1628835023323827e-06,2.862286708512515e-08,1.2225321349488773e-06,9.117285002983801e-07,1.3071165551347228e-07,0.0,8.435557957606552e-34,1.0532389152553774e-32,1.429854877358915e-33
11,lbfgs,1509,17598.681599999996,20000.0,1.5949878783542114e-06,1.5618907411071162e-06,5.968575574077133e-08,8.845061528837125e-07,6.176988324826323e-07,3.290258633763117e-08,0.0,2.6329765790065108e-33,1.0586707476789864e-32,1.4173729516721704e-33
11,lbfgs,1519,17598.681599999996,20000.0,1.3464663912427225e-06,1.2376825219214326e-06,1.9205515998718285e-08,7.397642834740976e-07,4.787127224486168e-07,1.0858926975865025e-07,0.0,4.994661674696227e-34,1.0549645958845864e-32,1.4151724958924757e-33
11,lbfgs,1529,17598.681599999996,20000.0,1.2025051799692341e-06,1.1523739632282257e-06,2.6812808849593195e-08,5.908725455241933e-07,5.346886088544391e-07,4.99360674746134e-08,0.0,1.0444904121967765e-33,1.0600563932751104e-32,1.4210225268996627e-33
11,lbfgs,1539,17598.681599999996,20000.0,9.051173113039368e-07,8.636048898080689e-07,1.0989565530507415e-08,4.792413875587565e-07,3.73373936718805e-07,4.1316657687954646e-08,0.0,3.494867916484286e-34,1.0630678619954862e-32,1.4267990749621114e-33
11,lbfgs,1549,17598.681599999996,20000.0,5.976933827681574e-07,5.748457024783639e-07,1.9767363890888e-08,2.638812449304462e-07,2.911970936570297e-07,2.26512145177398e-08,0.0,6.432966678665663e-34,1.070534917800987e-32,1.430704259343027e-33
11,lbfgs,1559,17598.681599999996,20000.0,3.8164883028357787e-07,3.7745209084894517e-07,7.741786514977624e-09,1.3286559837426086e-07,2.368447059597067e-07,3.999128751966265e-09,0.0,2.5293453083180376e-34,1.0771544179433294e-32,1.420297324092915e-33
11,lbfgs,1569,17598.681599999996,20000.0,3.6443004987574404e-07,3.5143471552385904e-07,5.862961483293708e-09,1.4780501886974153e-07,1.977667351708238e-07,1.279811886822592e-08,0.0,2.104176031254269e-34,1.0769514605993942e-32,1.417851869509337e-33
11,lbfgs,1579,17598.681599999996,20000.0,3.2483488593044173e-07,3.216182642454325e-07,4.008934083469918e-09,1.624959562133882e-07,1.5511337394857438e-07,3.0187106525930652e-09,0.0,1.079148410924738e-34,1.0752756267130335e-32,1.414494962951312e-33
11,lbfgs,1589,17598.681599999996,20000.0,2.943552734005834e-07,2.8540398681662294e-07,6.1566045058339235e-09,1.2849652200601113e-07,1.5075086030477788e-07,8.753164211787023e-09,0.0,1.8824005318274551e-34,1.0734378653629665e-32,1.411257126841356e-33
11,lbfgs,1599,17598.681599999996,20000.0,1.9850847934073177e-07,1.8972422720243935e-07,1.880135120086701e-08,1.0595173648696537e-07,6.497113951460696e-08,8.58460178262994e-09,0.0,7.29324497392821e-34,1.0774948899663705e-32,1.4118167256013077e-33
11,lbfgs,1609,17598.681599999996,20000.0,1.893513202450324e-07,1.8096160724462945e-07,1.4841667825691904e-08,1.0487981812855112e-07,6.124012129038643e-08,8.190386858988478e-09,0.0,5.129849124078299e-34,1.0766150232909641e-32,1.4145703643547187e-33
11,lbfgs,1619,17598.681599999996,20000.0,1.481487764633545e-07,1.4330327719675352e-07,5.186706283722484e-09,9.275470086466691e-08,4.536187004836412e-08,4.644266866955891e-09,0.0,1.2299330239390366e-34,1.0804291204607712e-32,1.4116865051223901e-33
11,lbfgs,1629,17598.681599999996,20000.0,1.275448752315718e-07,1.2614102765098517e-07,6.46233969240699e-09,7.476783977764674e-08,4.491084818093143e-08,1.202796001866011e-09,0.0,2.6733385005861454e-34,1.0789493681396466e-32,1.4141032282321793e-33
11,lbfgs,1639,17598.681599999996,20000.0,1.232797811388388e-07,1.2178271716200964e-07,6.481728657029752e-09,7.4075070907709e-08,4.12259175972709e-08,1.2962724178661879e-09,0.0,2.446300662064624e-34,1.0787063518128932e-32,1.4133987751055372e-33
11,lbfgs,1649,17598.681599999996,20000.0,1.0898264123718336e-07,1.0669813359562409e-07,4.579081420080292e-09,5.69600339274905e-08,4.515901824805331e-08,2.0834257870001354e-09,0.0,8.869987007588188e-35,1.0788561002504426e-32,1.414332159790975e-33
11,lbfgs,1659,17598.681599999996,20000.0,1.0386754987658724e-07,1.0290784286469374e-07,5.016860354743042e-09,4.92649195873181e-08,4.8626062922632585e-08,7.582673202891353e-10,0.0,5.489923538324536e-35,1.0800627761694676e-32,1.414991858726491e-33
11,lbfgs,1669,17598.681599999996,20000.0,9.634975306144029e-08,9.534576573818618e-08,4.501137724907804e-09,4.837508951302954e-08,4.2469538500248825e-08,8.019524248269217e-10,0.0,7.889735149546114e-35,1.0793057858446864e-32,1.4117100111253126e-33
11,lbfgs,1679,17598.681599999996,20000.0,8.570806648814526e-08,8.332522542120408e-08,5.791495199109919e-09,3.938789684714523e-08,3.814583337494893e-08,2.1800124837797523e-09,0.0,1.505222547652036e-34,1.082055224968883e-32,1.4143979791836633e-33
11,lbfgs,1689,17598.681599999996,20000.0,7.047779188195114e-08,6.753261781314694e-08,8.40660001770332e-09,2.538067641341932e-08,3.37453413820243e-08,2.741856144108335e-09,0.0,2.250055456208812e-34,1.0815280272895081e-32,1.4145105396064873e-33
11,lbfgs,1699,17598.681599999996,20000.0,6.709826481122589e-08,6.377371733800083e-08,7.692160672120425e-09,2.409324486949705e-08,3.198831179638336e-08,3.121229435357622e-09,0.0,1.959285156378585e-34,1.0815290588100642e-32,1.4150807265222799e-33
11,lbfgs,1709,17598.681599999996,20000.0,6.667552071270689e-08,6.356679940229312e-08,7.86601045503496e-09,2.4045268204387873e-08,3.1655520742870296e-08,2.905401060824959e-09,0.0,2.09253317111865e-34,1.0814819742870722e-32,1.4149762329045794e-33
11,lbfgs,1719,17598.681599999996,20000.0,6.640534675559678e-08,6.334658907005534e-08,7.809744361997767e-09,2.4062480718425428e-08,3.147436398963214e-08,2.8554318780890097e-09,0.0,2.0927726927296933e-34,1.0815004941608285e-32,1.4151147305082854e-33
11,lbfgs,1729,17598.681599999996,20000.0,6.620697939425287e-08,6.316906621369171e-08,7.868882767657676e-09,2.395820217291352e-08,3.1341981273120514e-08,2.834572393274945e-09,0.0,2.1233567627998845e-34,1.0814755842619105e-32,1.414938970862587e-33
11,lbfgs,1739,17598.681599999996,20000.0,6.597501124640411e-08,6.296878602131322e-08,7.844619283248796e-09,2.389475628538337e-08,3.122941045268105e-08,2.802875442568566e-09,0.0,2.1240503316889297e-34,1.081466518548029e-32,1.4148885963178892e-33
11,lbfgs,1749,17598.681599999996,20000.0,6.578760950712701e-08,6.279462695460425e-08,7.738119849423146e-09,2.3877665862600208e-08,3.117884124258088e-08,2.7896317762845885e-09,0.0,2.088745162513939e-34,1.0814816539914328e-32,1.4149780870909843e-33
11,lbfgs,1759,17598.681599999996,20000.0,6.569285273066774e-08,6.270445034918444e-08,7.700349206480143e-09,2.3856262266904472e-08,3.114783887579983e-08,2.7850493281103887e-09,0.0,2.076745314528011e-34,1.0814861036387061e-32,1.414989719664109e-33
11,lbfgs,1769,17598.681599999996,20000.0,6.568933709314025e-08,6.27032313530586e-08,7.705408007168117e-09,2.3854320130938127e-08,3.114350321495236e-08,2.782752340567701e-09,0.0,2.0791163980294715e-34,1.081484133014303e-32,1.4149826242185828e-33
11,lbfgs,1779,17598.681599999996,20000.0,6.568922346386779e-08,6.2703196063478e-08,7.705585942171411e-09,2.3854254386980136e-08,3.1143355734326446e-08,2.7826739890523716e-09,0.0,2.0791985709318365e-34,1.0814840656849682e-32,1.4149823820569932e-33
11,lbfgs,1789,17598.681599999996,20000.0,6.568922288968837e-08,6.270319588529437e-08,7.705586841663223e-09,2.3854254054729546e-08,3.114335498890161e-08,2.7826735929968157e-09,0.0,2.0791989863302828e-34,1.0814840653446142e-32,1.4149823808328866e-33
11,lbfgs,1799,17598.681599999996,20000.0,6.568922226088087e-08,6.270319569016758e-08,7.705587826759049e-09,2.3854253690872452e-08,3.1143354172536075e-08,2.782673159250663e-09,0.0,2.079199441261897e-34,1.0814840649718648e-32,1.414982379492276e-33
11,lbfgs,1809,17598.681599999996,20000.0,6.571160098765616e-08,6.270325990836238e-08,7.705765915323285e-09,2.38542131986899e-08,3.114328079434919e-08,2.8049876613571877e-09,0.0,2.0792286332928225e-34,1.0814840379763662e-32,1.4149822645199712e-33
